<?xml version="1.0" encoding="UTF-8" standalone="yes"?><gpx version="1.1" creator="VeloViewer" xmlns="http://www.topografix.com/GPX/1/1" xmlns:xsi="http://www.w3.org/2001/XMLSchema-instance"><metadata><link href="veloviewer.com"><text>VeloViewer</text></link><time>2026-08-03T06:50:21.000Z</time></metadata><wpt lat="53.18211" lon="-3.160835"><ele>129.8</ele><name>km 0</name><cmt><![CDATA[-0.02|start|||]]></cmt><type>Generic</type></wpt><wpt lat="53.21518004602" lon="-3.1793"><ele>249.3</ele><name>Cattle grid</name><cmt><![CDATA[4.59|grid|H3||]]></cmt><type>Danger</type></wpt><wpt lat="53.22928006439" lon="-3.1876"><ele>237.4</ele><name>Cattle grid</name><cmt><![CDATA[6.45|grid|H3||]]></cmt><type>Danger</type></wpt><wpt lat="53.24061008601" lon="-3.20386"><ele>251.9</ele><name>Cattle grid</name><cmt><![CDATA[8.61|grid|H3||]]></cmt><type>Danger</type></wpt><wpt lat="53.24420509951" lon="-3.222505"><ele>250.2</ele><name>Cattle grid</name><cmt><![CDATA[9.94|grid|H3||]]></cmt><type>Danger</type></wpt><wpt lat="53.247970014092" lon="-3.27756"><ele>186.9</ele><name>Bad road</name><cmt><![CDATA[14.08|badroad|H3||]]></cmt><type>Danger</type></wpt><wpt lat="53.246930014584" lon="-3.28363"><ele>186.3</ele><name>Left #gmnn</name><cmt><![CDATA[14.59|left|H2|#gmnn|]]></cmt><type>Left</type></wpt><wpt lat="53.243425015137" lon="-3.288135"><ele>183.3</ele><name>Bad road</name><cmt><![CDATA[15.13|badroad|H3||]]></cmt><type>Danger</type></wpt><wpt lat="53.236670016095" lon="-3.29431"><ele>168.7</ele><name>Bad road</name><cmt><![CDATA[16.11|badroad|H3||]]></cmt><type>Danger</type></wpt><wpt lat="53.23439001679" lon="-3.30253"><ele>94.1</ele><name>Right #sbnn</name><cmt><![CDATA[16.79|right|H3|#sbnn|]]></cmt><type>Right</type></wpt><wpt lat="53.214180023602" lon="-3.38447"><ele>43.0</ele><name>Central island</name><cmt><![CDATA[23.60|split|H3||]]></cmt><type>Danger</type></wpt><wpt lat="53.219102527576" lon="-3.43426"><ele>93.2</ele><name>Central island</name><cmt><![CDATA[27.58|split|H3||]]></cmt><type>Danger</type></wpt><wpt lat="53.20085003092" lon="-3.46463"><ele>116.0</ele><name>Right #gmnn</name><cmt><![CDATA[30.92|right|H3|#gmnn|]]></cmt><type>Right</type></wpt><wpt lat="53.200155031264" lon="-3.469235"><ele>97.0</ele><name>4.0km @ 4.6%</name><cmt><![CDATA[31.26|komstart|E||]]></cmt><type>Generic</type></wpt><wpt lat="53.192690035277" lon="-3.52486"><ele>280.6</ele><name>KOM 2nd</name><cmt><![CDATA[35.28|kom2|E||]]></cmt><type>2nd Category</type></wpt><wpt lat="53.190220035723" lon="-3.52968"><ele>250.2</ele><name>Narrow bridge</name><cmt><![CDATA[35.72|bridge|H3||]]></cmt><type>Danger</type></wpt><wpt lat="53.16834004468" lon="-3.6367"><ele>232.8</ele><name>Left #gmnn</name><cmt><![CDATA[44.68|left|H3|#gmnn|]]></cmt><type>Left</type></wpt><wpt lat="53.158080046269" lon="-3.65174"><ele>235.9</ele><name>Narrow bridge</name><cmt><![CDATA[46.27|bridge|H3||]]></cmt><type>Danger</type></wpt><wpt lat="53.151940047162" lon="-3.65857"><ele>256.3</ele><name>Right #gmnn</name><cmt><![CDATA[47.15|right|H3|#gmnn|]]></cmt><type>Right</type></wpt><wpt lat="53.140330049114" lon="-3.67829"><ele>224.1</ele><name>Narrow pinch</name><cmt><![CDATA[49.11|pinch|H3||]]></cmt><type>Danger</type></wpt><wpt lat="53.14839005049" lon="-3.686465"><ele>289.1</ele><name>Feed</name><cmt><![CDATA[50.50|feed|Info||]]></cmt><type>Food</type></wpt><wpt lat="53.156640051494" lon="-3.68682"><ele>304.5</ele><name>Feed end</name><cmt><![CDATA[51.51|feedend|Info||]]></cmt><type>Generic</type></wpt><wpt lat="53.161353352089" lon="-3.68363"><ele>286.8</ele><name>Left #gxnn</name><cmt><![CDATA[52.08|left|H3|#gxnn|]]></cmt><type>Left</type></wpt><wpt lat="53.162910052982" lon="-3.69428"><ele>207.1</ele><name>Narrow bridge</name><cmt><![CDATA[52.99|bridge|H2||Narrow Bridge after descent]]></cmt><type>Danger</type></wpt><wpt lat="53.163540053972" lon="-3.70829"><ele>204.3</ele><name>Narrow bridge</name><cmt><![CDATA[53.98|bridge|H2||]]></cmt><type>Danger</type></wpt><wpt lat="53.159120057326" lon="-3.75123"><ele>256.4</ele><name>4.5km @ 3.0%</name><cmt><![CDATA[57.32|komstart|E||]]></cmt><type>Generic</type></wpt><wpt lat="53.141930059509" lon="-3.7433"><ele>317.9</ele><name>Left #gmnn</name><cmt><![CDATA[59.51|left|H3|#gmnn|]]></cmt><type>Left</type></wpt><wpt lat="53.122613361829" lon="-3.73859"><ele>390.9</ele><name>KOM 2nd</name><cmt><![CDATA[61.84|kom2|E||]]></cmt><type>2nd Category</type></wpt><wpt lat="53.102180064774" lon="-3.75325"><ele>308.5</ele><name>Left</name><cmt><![CDATA[64.78|left|H3||]]></cmt><type>Left</type></wpt><wpt lat="53.097005065477" lon="-3.74863"><ele>292.3</ele><name>Right #smnn</name><cmt><![CDATA[65.47|right|H2|#smnn|]]></cmt><type>Right</type></wpt><wpt lat="53.184402578941" lon="-3.83984"><ele>17.0</ele><name>Sprint</name><cmt><![CDATA[78.94|sprint|E||]]></cmt><type>Sprint</type></wpt><wpt lat="53.208300081718" lon="-3.8461"><ele>17.7</ele><name>Feed</name><cmt><![CDATA[81.73|feed|Info||]]></cmt><type>Food</type></wpt><wpt lat="53.224780083744" lon="-3.83842"><ele>47.1</ele><name>Feed end</name><cmt><![CDATA[83.75|feedend|Info||]]></cmt><type>Generic</type></wpt><wpt lat="53.274780089647" lon="-3.83505"><ele>11.5</ele><name>Right #gxnn</name><cmt><![CDATA[89.65|right|H3|#gxnn|]]></cmt><type>Right</type></wpt><wpt lat="53.279700090584" lon="-3.8265"><ele>9.3</ele><name>Narrow pinch</name><cmt><![CDATA[90.58|pinch|H3||]]></cmt><type>Danger</type></wpt><wpt lat="53.28573009191" lon="-3.81709"><ele>6.7</ele><name>Central island</name><cmt><![CDATA[91.92|split|H3||]]></cmt><type>Danger</type></wpt><wpt lat="53.289633392525" lon="-3.8224133"><ele>6.3</ele><name>Central island</name><cmt><![CDATA[92.51|split|H3||]]></cmt><type>Danger</type></wpt><wpt lat="53.310600095395" lon="-3.83153"><ele>15.2</ele><name>Central island</name><cmt><![CDATA[95.38|split|H3||]]></cmt><type>Danger</type></wpt><wpt lat="53.31147009549" lon="-3.83184"><ele>11.6</ele><name>Central island</name><cmt><![CDATA[95.48|split|H3||]]></cmt><type>Danger</type></wpt><wpt lat="53.323430097467" lon="-3.85144"><ele>12.6</ele><name>Cattle grid</name><cmt><![CDATA[97.47|grid|H3||]]></cmt><type>Danger</type></wpt><wpt lat="53.3381600102161" lon="-3.84694"><ele>50.5</ele><name>2.5km @ 5.9%</name><cmt><![CDATA[102.16|komstart|E||]]></cmt><type>Generic</type></wpt><wpt lat="53.3381300102181" lon="-3.84713"><ele>51.0</ele><name>U-Turn #r</name><cmt><![CDATA[102.18|uturn|H2|#r|Very Tight Right Turn!]]></cmt><type>Danger</type></wpt><wpt lat="53.3310200103902" lon="-3.84598"><ele>151.9</ele><name>Deviation left</name><cmt><![CDATA[103.89|devleft|Info||]]></cmt><type>Generic</type></wpt><wpt lat="53.3323470104653" lon="-3.855339"><ele>198.2</ele><name>End VeloViewer</name><cmt><![CDATA[104.65|end|||]]></cmt><type>Sprint</type></wpt><trk><name>Lloyds Tour of Britain Women 2026 - Stage 3</name><type>cycling</type><trkseg><trkpt lon="-3.14182" lat="53.1672"><ele>114.8</ele><time>2026-08-03T06:50:21.000Z</time></trkpt><trkpt lon="-3.14186" lat="53.16724"><ele>114.9</ele><time>2026-08-03T06:50:21.500Z</time></trkpt><trkpt lon="-3.14199" lat="53.1673967"><ele>115.0</ele><time>2026-08-03T06:50:23.300Z</time></trkpt><trkpt lon="-3.14225" lat="53.16771"><ele>115.4</ele><time>2026-08-03T06:50:26.800Z</time></trkpt><trkpt lon="-3.14241" lat="53.16784"><ele>115.7</ele><time>2026-08-03T06:50:28.500Z</time></trkpt><trkpt lon="-3.1425767" lat="53.1679933"><ele>116.4</ele><time>2026-08-03T06:50:31.000Z</time></trkpt><trkpt lon="-3.1427433" lat="53.1681467"><ele>117.6</ele><time>2026-08-03T06:50:33.900Z</time></trkpt><trkpt lon="-3.14291" lat="53.1683"><ele>118.7</ele><time>2026-08-03T06:50:36.900Z</time></trkpt><trkpt lon="-3.1430767" lat="53.16845"><ele>119.9</ele><time>2026-08-03T06:50:39.900Z</time></trkpt><trkpt lon="-3.14341" lat="53.16875"><ele>121.1</ele><time>2026-08-03T06:50:44.300Z</time></trkpt><trkpt lon="-3.14362" lat="53.168935"><ele>121.8</ele><time>2026-08-03T06:50:46.900Z</time></trkpt><trkpt lon="-3.14383" lat="53.16912"><ele>122.1</ele><time>2026-08-03T06:50:49.200Z</time></trkpt><trkpt lon="-3.14406" lat="53.16927"><ele>122.3</ele><time>2026-08-03T06:50:51.300Z</time></trkpt><trkpt lon="-3.14419" lat="53.16934"><ele>122.4</ele><time>2026-08-03T06:50:52.400Z</time></trkpt><trkpt lon="-3.14432" lat="53.16939"><ele>122.6</ele><time>2026-08-03T06:50:53.400Z</time></trkpt><trkpt lon="-3.14459" lat="53.16949"><ele>123.3</ele><time>2026-08-03T06:50:55.700Z</time></trkpt><trkpt lon="-3.14469" lat="53.16955"><ele>123.7</ele><time>2026-08-03T06:50:56.900Z</time></trkpt><trkpt lon="-3.14476" lat="53.16962"><ele>124.0</ele><time>2026-08-03T06:50:57.900Z</time></trkpt><trkpt lon="-3.14478" lat="53.16966"><ele>124.2</ele><time>2026-08-03T06:50:58.500Z</time></trkpt><trkpt lon="-3.144795" lat="53.16985"><ele>125.0</ele><time>2026-08-03T06:51:00.900Z</time></trkpt><trkpt lon="-3.14481" lat="53.17004"><ele>125.3</ele><time>2026-08-03T06:51:03.000Z</time></trkpt><trkpt lon="-3.1448" lat="53.17013"><ele>125.3</ele><time>2026-08-03T06:51:03.800Z</time></trkpt><trkpt lon="-3.14474" lat="53.17028"><ele>125.2</ele><time>2026-08-03T06:51:05.200Z</time></trkpt><trkpt lon="-3.14459" lat="53.170525"><ele>124.5</ele><time>2026-08-03T06:51:07.300Z</time></trkpt><trkpt lon="-3.14444" lat="53.17077"><ele>123.5</ele><time>2026-08-03T06:51:09.200Z</time></trkpt><trkpt lon="-3.1444" lat="53.17091"><ele>122.8</ele><time>2026-08-03T06:51:10.200Z</time></trkpt><trkpt lon="-3.14442" lat="53.17101"><ele>122.1</ele><time>2026-08-03T06:51:10.900Z</time></trkpt><trkpt lon="-3.14452" lat="53.171215"><ele>120.6</ele><time>2026-08-03T06:51:12.300Z</time></trkpt><trkpt lon="-3.14462" lat="53.17142"><ele>119.0</ele><time>2026-08-03T06:51:13.800Z</time></trkpt><trkpt lon="-3.14472" lat="53.17157"><ele>118.1</ele><time>2026-08-03T06:51:14.900Z</time></trkpt><trkpt lon="-3.1448" lat="53.17167"><ele>117.6</ele><time>2026-08-03T06:51:15.700Z</time></trkpt><trkpt lon="-3.14493" lat="53.17179"><ele>116.9</ele><time>2026-08-03T06:51:16.700Z</time></trkpt><trkpt lon="-3.14512" lat="53.17192"><ele>116.3</ele><time>2026-08-03T06:51:18.000Z</time></trkpt><trkpt lon="-3.14528" lat="53.17208"><ele>115.7</ele><time>2026-08-03T06:51:19.400Z</time></trkpt><trkpt lon="-3.14553" lat="53.17224"><ele>115.4</ele><time>2026-08-03T06:51:21.300Z</time></trkpt><trkpt lon="-3.14596" lat="53.17251"><ele>114.4</ele><time>2026-08-03T06:51:24.300Z</time></trkpt><trkpt lon="-3.14626" lat="53.1727"><ele>114.0</ele><time>2026-08-03T06:51:26.500Z</time></trkpt><trkpt lon="-3.1464667" lat="53.1728333"><ele>113.9</ele><time>2026-08-03T06:51:28.200Z</time></trkpt><trkpt lon="-3.14688" lat="53.1731"><ele>113.6</ele><time>2026-08-03T06:51:31.400Z</time></trkpt><trkpt lon="-3.14729" lat="53.17339"><ele>113.3</ele><time>2026-08-03T06:51:34.800Z</time></trkpt><trkpt lon="-3.1475125" lat="53.173555"><ele>113.1</ele><time>2026-08-03T06:51:36.600Z</time></trkpt><trkpt lon="-3.147735" lat="53.17372"><ele>112.8</ele><time>2026-08-03T06:51:38.500Z</time></trkpt><trkpt lon="-3.1479575" lat="53.173885"><ele>112.7</ele><time>2026-08-03T06:51:40.300Z</time></trkpt><trkpt lon="-3.14818" lat="53.17405"><ele>112.5</ele><time>2026-08-03T06:51:42.200Z</time></trkpt><trkpt lon="-3.148405" lat="53.1742275"><ele>112.2</ele><time>2026-08-03T06:51:44.200Z</time></trkpt><trkpt lon="-3.14863" lat="53.174405"><ele>111.8</ele><time>2026-08-03T06:51:46.000Z</time></trkpt><trkpt lon="-3.148855" lat="53.1745825"><ele>111.4</ele><time>2026-08-03T06:51:47.900Z</time></trkpt><trkpt lon="-3.14908" lat="53.17476"><ele>110.9</ele><time>2026-08-03T06:51:49.700Z</time></trkpt><trkpt lon="-3.14939" lat="53.175"><ele>110.6</ele><time>2026-08-03T06:51:52.400Z</time></trkpt><trkpt lon="-3.14969" lat="53.1752"><ele>110.5</ele><time>2026-08-03T06:51:54.800Z</time></trkpt><trkpt lon="-3.1499433" lat="53.1753533"><ele>110.6</ele><time>2026-08-03T06:51:56.900Z</time></trkpt><trkpt lon="-3.1501967" lat="53.1755067"><ele>110.7</ele><time>2026-08-03T06:51:59.000Z</time></trkpt><trkpt lon="-3.15045" lat="53.17566"><ele>111.1</ele><time>2026-08-03T06:52:01.300Z</time></trkpt><trkpt lon="-3.1507033" lat="53.1758133"><ele>111.8</ele><time>2026-08-03T06:52:03.900Z</time></trkpt><trkpt lon="-3.1509567" lat="53.1759667"><ele>112.5</ele><time>2026-08-03T06:52:06.400Z</time></trkpt><trkpt lon="-3.15121" lat="53.17612"><ele>113.0</ele><time>2026-08-03T06:52:08.800Z</time></trkpt><trkpt lon="-3.15153" lat="53.176275"><ele>113.3</ele><time>2026-08-03T06:52:11.400Z</time></trkpt><trkpt lon="-3.15185" lat="53.17643"><ele>113.2</ele><time>2026-08-03T06:52:13.600Z</time></trkpt><trkpt lon="-3.15217" lat="53.17658"><ele>113.1</ele><time>2026-08-03T06:52:15.800Z</time></trkpt><trkpt lon="-3.15249" lat="53.17673"><ele>112.6</ele><time>2026-08-03T06:52:17.900Z</time></trkpt><trkpt lon="-3.152765" lat="53.176855"><ele>112.5</ele><time>2026-08-03T06:52:19.700Z</time></trkpt><trkpt lon="-3.15304" lat="53.17698"><ele>112.3</ele><time>2026-08-03T06:52:21.500Z</time></trkpt><trkpt lon="-3.15352" lat="53.17723"><ele>112.1</ele><time>2026-08-03T06:52:24.900Z</time></trkpt><trkpt lon="-3.15382" lat="53.17746"><ele>111.8</ele><time>2026-08-03T06:52:27.500Z</time></trkpt><trkpt lon="-3.15401" lat="53.17762"><ele>111.7</ele><time>2026-08-03T06:52:29.300Z</time></trkpt><trkpt lon="-3.15419" lat="53.17779"><ele>111.6</ele><time>2026-08-03T06:52:31.100Z</time></trkpt><trkpt lon="-3.15434" lat="53.17797"><ele>111.6</ele><time>2026-08-03T06:52:32.900Z</time></trkpt><trkpt lon="-3.154525" lat="53.1782"><ele>111.5</ele><time>2026-08-03T06:52:35.300Z</time></trkpt><trkpt lon="-3.15471" lat="53.17843"><ele>111.6</ele><time>2026-08-03T06:52:37.700Z</time></trkpt><trkpt lon="-3.1548333" lat="53.1785833"><ele>111.8</ele><time>2026-08-03T06:52:39.500Z</time></trkpt><trkpt lon="-3.15508" lat="53.17889"><ele>112.4</ele><time>2026-08-03T06:52:43.000Z</time></trkpt><trkpt lon="-3.155225" lat="53.1790525"><ele>113.0</ele><time>2026-08-03T06:52:45.300Z</time></trkpt><trkpt lon="-3.15537" lat="53.179215"><ele>113.7</ele><time>2026-08-03T06:52:47.700Z</time></trkpt><trkpt lon="-3.155515" lat="53.1793775"><ele>114.8</ele><time>2026-08-03T06:52:50.600Z</time></trkpt><trkpt lon="-3.15566" lat="53.17954"><ele>115.9</ele><time>2026-08-03T06:52:53.600Z</time></trkpt><trkpt lon="-3.155815" lat="53.1796775"><ele>117.0</ele><time>2026-08-03T06:52:56.300Z</time></trkpt><trkpt lon="-3.15597" lat="53.179815"><ele>118.2</ele><time>2026-08-03T06:52:59.200Z</time></trkpt><trkpt lon="-3.156125" lat="53.1799525"><ele>119.3</ele><time>2026-08-03T06:53:02.000Z</time></trkpt><trkpt lon="-3.15628" lat="53.18009"><ele>120.4</ele><time>2026-08-03T06:53:04.800Z</time></trkpt><trkpt lon="-3.1565067" lat="53.1802367"><ele>121.5</ele><time>2026-08-03T06:53:07.800Z</time></trkpt><trkpt lon="-3.1567333" lat="53.1803833"><ele>122.4</ele><time>2026-08-03T06:53:10.600Z</time></trkpt><trkpt lon="-3.15696" lat="53.18053"><ele>123.3</ele><time>2026-08-03T06:53:13.300Z</time></trkpt><trkpt lon="-3.1571667" lat="53.1806333"><ele>124.0</ele><time>2026-08-03T06:53:15.500Z</time></trkpt><trkpt lon="-3.15758" lat="53.18084"><ele>125.1</ele><time>2026-08-03T06:53:19.500Z</time></trkpt><trkpt lon="-3.15777" lat="53.18092"><ele>125.3</ele><time>2026-08-03T06:53:20.900Z</time></trkpt><trkpt lon="-3.158075" lat="53.18104"><ele>125.9</ele><time>2026-08-03T06:53:23.400Z</time></trkpt><trkpt lon="-3.15838" lat="53.18116"><ele>126.4</ele><time>2026-08-03T06:53:25.800Z</time></trkpt><trkpt lon="-3.158685" lat="53.18128"><ele>126.9</ele><time>2026-08-03T06:53:28.200Z</time></trkpt><trkpt lon="-3.15899" lat="53.1814"><ele>127.4</ele><time>2026-08-03T06:53:30.700Z</time></trkpt><trkpt lon="-3.1592975" lat="53.1815175"><ele>127.9</ele><time>2026-08-03T06:53:33.100Z</time></trkpt><trkpt lon="-3.159605" lat="53.181635"><ele>128.3</ele><time>2026-08-03T06:53:35.400Z</time></trkpt><trkpt lon="-3.1599125" lat="53.1817525"><ele>128.6</ele><time>2026-08-03T06:53:37.700Z</time></trkpt><trkpt lon="-3.16022" lat="53.18187"><ele>129.0</ele><time>2026-08-03T06:53:40.000Z</time></trkpt><trkpt lon="-3.1605275" lat="53.18199"><ele>129.3</ele><time>2026-08-03T06:53:42.300Z</time></trkpt><trkpt lon="-3.160835" lat="53.18211"><ele>129.8</ele><time>2026-08-03T06:53:44.700Z</time></trkpt><trkpt lon="-3.1611425" lat="53.18223"><ele>130.1</ele><time>2026-08-03T06:53:47.000Z</time></trkpt><trkpt lon="-3.16145" lat="53.18235"><ele>130.4</ele><time>2026-08-03T06:53:49.300Z</time></trkpt><trkpt lon="-3.1617575" lat="53.1824675"><ele>130.7</ele><time>2026-08-03T06:53:51.500Z</time></trkpt><trkpt lon="-3.162065" lat="53.182585"><ele>131.0</ele><time>2026-08-03T06:53:53.800Z</time></trkpt><trkpt lon="-3.1623725" lat="53.1827025"><ele>131.3</ele><time>2026-08-03T06:53:56.100Z</time></trkpt><trkpt lon="-3.16268" lat="53.18282"><ele>131.7</ele><time>2026-08-03T06:53:58.400Z</time></trkpt><trkpt lon="-3.1629575" lat="53.18291"><ele>131.9</ele><time>2026-08-03T06:54:00.300Z</time></trkpt><trkpt lon="-3.163235" lat="53.183"><ele>132.2</ele><time>2026-08-03T06:54:02.300Z</time></trkpt><trkpt lon="-3.16379" lat="53.18318"><ele>132.8</ele><time>2026-08-03T06:54:06.300Z</time></trkpt><trkpt lon="-3.16407" lat="53.1832675"><ele>133.4</ele><time>2026-08-03T06:54:08.600Z</time></trkpt><trkpt lon="-3.16435" lat="53.183355"><ele>134.0</ele><time>2026-08-03T06:54:10.800Z</time></trkpt><trkpt lon="-3.16463" lat="53.1834425"><ele>134.9</ele><time>2026-08-03T06:54:13.400Z</time></trkpt><trkpt lon="-3.16491" lat="53.18353"><ele>135.7</ele><time>2026-08-03T06:54:16.000Z</time></trkpt><trkpt lon="-3.16522" lat="53.1836467"><ele>136.8</ele><time>2026-08-03T06:54:19.100Z</time></trkpt><trkpt lon="-3.16553" lat="53.1837633"><ele>137.9</ele><time>2026-08-03T06:54:22.300Z</time></trkpt><trkpt lon="-3.16584" lat="53.18388"><ele>139.1</ele><time>2026-08-03T06:54:25.700Z</time></trkpt><trkpt lon="-3.1660833" lat="53.1839833"><ele>140.1</ele><time>2026-08-03T06:54:28.400Z</time></trkpt><trkpt lon="-3.1663266" lat="53.1840867"><ele>141.1</ele><time>2026-08-03T06:54:31.200Z</time></trkpt><trkpt lon="-3.16657" lat="53.18419"><ele>142.1</ele><time>2026-08-03T06:54:34.000Z</time></trkpt><trkpt lon="-3.1668167" lat="53.1842933"><ele>143.1</ele><time>2026-08-03T06:54:36.700Z</time></trkpt><trkpt lon="-3.1670633" lat="53.1843967"><ele>144.0</ele><time>2026-08-03T06:54:39.400Z</time></trkpt><trkpt lon="-3.16731" lat="53.1845"><ele>144.9</ele><time>2026-08-03T06:54:41.900Z</time></trkpt><trkpt lon="-3.1675833" lat="53.1846267"><ele>145.4</ele><time>2026-08-03T06:54:44.300Z</time></trkpt><trkpt lon="-3.1678566" lat="53.1847534"><ele>145.6</ele><time>2026-08-03T06:54:46.300Z</time></trkpt><trkpt lon="-3.16813" lat="53.18488"><ele>145.7</ele><time>2026-08-03T06:54:48.300Z</time></trkpt><trkpt lon="-3.16852" lat="53.185015"><ele>145.6</ele><time>2026-08-03T06:54:50.800Z</time></trkpt><trkpt lon="-3.16891" lat="53.18515"><ele>145.4</ele><time>2026-08-03T06:54:53.200Z</time></trkpt><trkpt lon="-3.1691733" lat="53.18524"><ele>145.2</ele><time>2026-08-03T06:54:54.800Z</time></trkpt><trkpt lon="-3.1697" lat="53.18542"><ele>145.0</ele><time>2026-08-03T06:54:58.000Z</time></trkpt><trkpt lon="-3.1700467" lat="53.1855033"><ele>144.8</ele><time>2026-08-03T06:55:00.000Z</time></trkpt><trkpt lon="-3.1703933" lat="53.1855867"><ele>144.7</ele><time>2026-08-03T06:55:02.000Z</time></trkpt><trkpt lon="-3.17074" lat="53.18567"><ele>144.6</ele><time>2026-08-03T06:55:04.100Z</time></trkpt><trkpt lon="-3.1710833" lat="53.1857567"><ele>144.4</ele><time>2026-08-03T06:55:06.000Z</time></trkpt><trkpt lon="-3.1714267" lat="53.1858433"><ele>144.3</ele><time>2026-08-03T06:55:08.000Z</time></trkpt><trkpt lon="-3.17177" lat="53.18593"><ele>144.2</ele><time>2026-08-03T06:55:10.100Z</time></trkpt><trkpt lon="-3.1721167" lat="53.1860167"><ele>144.0</ele><time>2026-08-03T06:55:12.100Z</time></trkpt><trkpt lon="-3.1724633" lat="53.1861033"><ele>143.9</ele><time>2026-08-03T06:55:14.100Z</time></trkpt><trkpt lon="-3.17281" lat="53.18619"><ele>143.8</ele><time>2026-08-03T06:55:16.100Z</time></trkpt><trkpt lon="-3.1731567" lat="53.1862767"><ele>143.7</ele><time>2026-08-03T06:55:18.200Z</time></trkpt><trkpt lon="-3.1735033" lat="53.1863633"><ele>143.6</ele><time>2026-08-03T06:55:20.200Z</time></trkpt><trkpt lon="-3.17385" lat="53.18645"><ele>143.5</ele><time>2026-08-03T06:55:22.200Z</time></trkpt><trkpt lon="-3.1741767" lat="53.1865"><ele>143.3</ele><time>2026-08-03T06:55:24.000Z</time></trkpt><trkpt lon="-3.17483" lat="53.1866"><ele>142.7</ele><time>2026-08-03T06:55:27.500Z</time></trkpt><trkpt lon="-3.1751567" lat="53.18665"><ele>142.5</ele><time>2026-08-03T06:55:29.200Z</time></trkpt><trkpt lon="-3.17581" lat="53.18675"><ele>142.1</ele><time>2026-08-03T06:55:32.800Z</time></trkpt><trkpt lon="-3.17616" lat="53.186825"><ele>141.9</ele><time>2026-08-03T06:55:34.700Z</time></trkpt><trkpt lon="-3.17651" lat="53.1869"><ele>141.8</ele><time>2026-08-03T06:55:36.800Z</time></trkpt><trkpt lon="-3.1768" lat="53.186995"><ele>141.7</ele><time>2026-08-03T06:55:38.500Z</time></trkpt><trkpt lon="-3.17709" lat="53.18709"><ele>141.6</ele><time>2026-08-03T06:55:40.300Z</time></trkpt><trkpt lon="-3.1773733" lat="53.18721"><ele>141.4</ele><time>2026-08-03T06:55:42.100Z</time></trkpt><trkpt lon="-3.1776566" lat="53.18733"><ele>141.0</ele><time>2026-08-03T06:55:43.900Z</time></trkpt><trkpt lon="-3.17794" lat="53.18745"><ele>140.6</ele><time>2026-08-03T06:55:45.600Z</time></trkpt><trkpt lon="-3.1782" lat="53.1876"><ele>140.1</ele><time>2026-08-03T06:55:47.400Z</time></trkpt><trkpt lon="-3.17846" lat="53.18775"><ele>139.6</ele><time>2026-08-03T06:55:49.100Z</time></trkpt><trkpt lon="-3.17872" lat="53.1879"><ele>139.2</ele><time>2026-08-03T06:55:51.000Z</time></trkpt><trkpt lon="-3.1789325" lat="53.188055"><ele>139.0</ele><time>2026-08-03T06:55:52.700Z</time></trkpt><trkpt lon="-3.179145" lat="53.18821"><ele>138.9</ele><time>2026-08-03T06:55:54.500Z</time></trkpt><trkpt lon="-3.1793575" lat="53.188365"><ele>139.1</ele><time>2026-08-03T06:55:56.500Z</time></trkpt><trkpt lon="-3.17957" lat="53.18852"><ele>139.3</ele><time>2026-08-03T06:55:58.500Z</time></trkpt><trkpt lon="-3.17959" lat="53.18878"><ele>139.6</ele><time>2026-08-03T06:56:01.200Z</time></trkpt><trkpt lon="-3.1795033" lat="53.1889633"><ele>141.0</ele><time>2026-08-03T06:56:04.700Z</time></trkpt><trkpt lon="-3.1794455" lat="53.1890855"><ele>142.3</ele><time>2026-08-03T06:56:07.500Z</time></trkpt><trkpt lon="-3.17933" lat="53.18933"><ele>144.9</ele><time>2026-08-03T06:56:13.100Z</time></trkpt><trkpt lon="-3.1792433" lat="53.18951"><ele>146.8</ele><time>2026-08-03T06:56:17.300Z</time></trkpt><trkpt lon="-3.1791567" lat="53.18969"><ele>148.8</ele><time>2026-08-03T06:56:21.600Z</time></trkpt><trkpt lon="-3.17907" lat="53.18987"><ele>150.9</ele><time>2026-08-03T06:56:26.000Z</time></trkpt><trkpt lon="-3.178975" lat="53.19"><ele>152.4</ele><time>2026-08-03T06:56:29.200Z</time></trkpt><trkpt lon="-3.17888" lat="53.19013"><ele>153.9</ele><time>2026-08-03T06:56:32.400Z</time></trkpt><trkpt lon="-3.17883" lat="53.1902"><ele>154.7</ele><time>2026-08-03T06:56:34.200Z</time></trkpt><trkpt lon="-3.1786" lat="53.19041"><ele>157.5</ele><time>2026-08-03T06:56:40.000Z</time></trkpt><trkpt lon="-3.1784267" lat="53.1905367"><ele>159.2</ele><time>2026-08-03T06:56:43.700Z</time></trkpt><trkpt lon="-3.1782534" lat="53.1906634"><ele>160.7</ele><time>2026-08-03T06:56:47.200Z</time></trkpt><trkpt lon="-3.17808" lat="53.19079"><ele>162.3</ele><time>2026-08-03T06:56:50.600Z</time></trkpt><trkpt lon="-3.177915" lat="53.19093"><ele>163.8</ele><time>2026-08-03T06:56:54.100Z</time></trkpt><trkpt lon="-3.17775" lat="53.19107"><ele>165.3</ele><time>2026-08-03T06:56:57.500Z</time></trkpt><trkpt lon="-3.177645" lat="53.19121"><ele>166.5</ele><time>2026-08-03T06:57:00.400Z</time></trkpt><trkpt lon="-3.17754" lat="53.19135"><ele>167.8</ele><time>2026-08-03T06:57:03.400Z</time></trkpt><trkpt lon="-3.177475" lat="53.1915"><ele>169.2</ele><time>2026-08-03T06:57:06.500Z</time></trkpt><trkpt lon="-3.17741" lat="53.19165"><ele>170.4</ele><time>2026-08-03T06:57:09.400Z</time></trkpt><trkpt lon="-3.17741" lat="53.19192"><ele>172.4</ele><time>2026-08-03T06:57:14.300Z</time></trkpt><trkpt lon="-3.17749" lat="53.19216"><ele>174.3</ele><time>2026-08-03T06:57:18.800Z</time></trkpt><trkpt lon="-3.1776" lat="53.19237"><ele>176.0</ele><time>2026-08-03T06:57:22.800Z</time></trkpt><trkpt lon="-3.1777467" lat="53.1925733"><ele>177.3</ele><time>2026-08-03T06:57:26.400Z</time></trkpt><trkpt lon="-3.1778933" lat="53.1927767"><ele>178.2</ele><time>2026-08-03T06:57:29.300Z</time></trkpt><trkpt lon="-3.17804" lat="53.19298"><ele>179.0</ele><time>2026-08-03T06:57:32.100Z</time></trkpt><trkpt lon="-3.17826" lat="53.19331"><ele>179.2</ele><time>2026-08-03T06:57:35.500Z</time></trkpt><trkpt lon="-3.178345" lat="53.19352"><ele>178.9</ele><time>2026-08-03T06:57:37.300Z</time></trkpt><trkpt lon="-3.17843" lat="53.19373"><ele>178.2</ele><time>2026-08-03T06:57:39.000Z</time></trkpt><trkpt lon="-3.178465" lat="53.1939325"><ele>177.3</ele><time>2026-08-03T06:57:40.500Z</time></trkpt><trkpt lon="-3.1785" lat="53.194135"><ele>176.3</ele><time>2026-08-03T06:57:42.000Z</time></trkpt><trkpt lon="-3.17857" lat="53.19454"><ele>175.1</ele><time>2026-08-03T06:57:45.200Z</time></trkpt><trkpt lon="-3.178605" lat="53.1947425"><ele>174.8</ele><time>2026-08-03T06:57:46.900Z</time></trkpt><trkpt lon="-3.17864" lat="53.194945"><ele>174.5</ele><time>2026-08-03T06:57:48.600Z</time></trkpt><trkpt lon="-3.178675" lat="53.1951475"><ele>174.3</ele><time>2026-08-03T06:57:50.400Z</time></trkpt><trkpt lon="-3.17871" lat="53.19535"><ele>174.1</ele><time>2026-08-03T06:57:52.200Z</time></trkpt><trkpt lon="-3.17876" lat="53.1956167"><ele>173.9</ele><time>2026-08-03T06:57:54.600Z</time></trkpt><trkpt lon="-3.17881" lat="53.1958833"><ele>173.7</ele><time>2026-08-03T06:57:57.000Z</time></trkpt><trkpt lon="-3.17886" lat="53.19615"><ele>173.6</ele><time>2026-08-03T06:57:59.400Z</time></trkpt><trkpt lon="-3.1789167" lat="53.19633"><ele>173.7</ele><time>2026-08-03T06:58:01.200Z</time></trkpt><trkpt lon="-3.17903" lat="53.19669"><ele>173.8</ele><time>2026-08-03T06:58:04.700Z</time></trkpt><trkpt lon="-3.179115" lat="53.196835"><ele>173.9</ele><time>2026-08-03T06:58:06.200Z</time></trkpt><trkpt lon="-3.1792" lat="53.19698"><ele>174.2</ele><time>2026-08-03T06:58:07.800Z</time></trkpt><trkpt lon="-3.17937" lat="53.19727"><ele>175.1</ele><time>2026-08-03T06:58:11.400Z</time></trkpt><trkpt lon="-3.17946" lat="53.19741"><ele>175.9</ele><time>2026-08-03T06:58:13.700Z</time></trkpt><trkpt lon="-3.17964" lat="53.19769"><ele>178.0</ele><time>2026-08-03T06:58:18.900Z</time></trkpt><trkpt lon="-3.1797333" lat="53.19783"><ele>179.1</ele><time>2026-08-03T06:58:21.600Z</time></trkpt><trkpt lon="-3.1798266" lat="53.19797"><ele>180.5</ele><time>2026-08-03T06:58:24.600Z</time></trkpt><trkpt lon="-3.17992" lat="53.19811"><ele>181.8</ele><time>2026-08-03T06:58:27.700Z</time></trkpt><trkpt lon="-3.1801" lat="53.19832"><ele>184.3</ele><time>2026-08-03T06:58:33.100Z</time></trkpt><trkpt lon="-3.180255" lat="53.198485"><ele>186.3</ele><time>2026-08-03T06:58:37.300Z</time></trkpt><trkpt lon="-3.18041" lat="53.19865"><ele>188.2</ele><time>2026-08-03T06:58:41.500Z</time></trkpt><trkpt lon="-3.180528" lat="53.198804"><ele>189.8</ele><time>2026-08-03T06:58:45.100Z</time></trkpt><trkpt lon="-3.180646" lat="53.198958"><ele>191.5</ele><time>2026-08-03T06:58:48.900Z</time></trkpt><trkpt lon="-3.180764" lat="53.199112"><ele>193.4</ele><time>2026-08-03T06:58:52.800Z</time></trkpt><trkpt lon="-3.180882" lat="53.199266"><ele>195.5</ele><time>2026-08-03T06:58:57.100Z</time></trkpt><trkpt lon="-3.181" lat="53.19942"><ele>197.7</ele><time>2026-08-03T06:59:01.500Z</time></trkpt><trkpt lon="-3.181118" lat="53.199576"><ele>199.8</ele><time>2026-08-03T06:59:05.700Z</time></trkpt><trkpt lon="-3.181236" lat="53.199732"><ele>201.8</ele><time>2026-08-03T06:59:09.800Z</time></trkpt><trkpt lon="-3.181354" lat="53.199888"><ele>203.7</ele><time>2026-08-03T06:59:13.800Z</time></trkpt><trkpt lon="-3.181472" lat="53.200044"><ele>205.6</ele><time>2026-08-03T06:59:17.800Z</time></trkpt><trkpt lon="-3.18159" lat="53.2002"><ele>207.5</ele><time>2026-08-03T06:59:21.800Z</time></trkpt><trkpt lon="-3.18171" lat="53.20032"><ele>209.0</ele><time>2026-08-03T06:59:25.000Z</time></trkpt><trkpt lon="-3.18174" lat="53.20047"><ele>210.4</ele><time>2026-08-03T06:59:28.200Z</time></trkpt><trkpt lon="-3.181645" lat="53.200655"><ele>211.7</ele><time>2026-08-03T06:59:31.500Z</time></trkpt><trkpt lon="-3.18155" lat="53.20084"><ele>212.6</ele><time>2026-08-03T06:59:34.200Z</time></trkpt><trkpt lon="-3.1815267" lat="53.201"><ele>213.3</ele><time>2026-08-03T06:59:36.400Z</time></trkpt><trkpt lon="-3.18148" lat="53.20132"><ele>215.0</ele><time>2026-08-03T06:59:41.100Z</time></trkpt><trkpt lon="-3.1814533" lat="53.20148"><ele>215.8</ele><time>2026-08-03T06:59:43.500Z</time></trkpt><trkpt lon="-3.1814" lat="53.2018"><ele>217.5</ele><time>2026-08-03T06:59:48.200Z</time></trkpt><trkpt lon="-3.181305" lat="53.201975"><ele>218.2</ele><time>2026-08-03T06:59:50.600Z</time></trkpt><trkpt lon="-3.18121" lat="53.20215"><ele>219.0</ele><time>2026-08-03T06:59:53.000Z</time></trkpt><trkpt lon="-3.181115" lat="53.202325"><ele>219.8</ele><time>2026-08-03T06:59:55.500Z</time></trkpt><trkpt lon="-3.18102" lat="53.2025"><ele>220.5</ele><time>2026-08-03T06:59:57.900Z</time></trkpt><trkpt lon="-3.180902" lat="53.202664"><ele>221.3</ele><time>2026-08-03T07:00:00.300Z</time></trkpt><trkpt lon="-3.180784" lat="53.202828"><ele>222.1</ele><time>2026-08-03T07:00:02.800Z</time></trkpt><trkpt lon="-3.180666" lat="53.202992"><ele>223.0</ele><time>2026-08-03T07:00:05.400Z</time></trkpt><trkpt lon="-3.180548" lat="53.203156"><ele>224.3</ele><time>2026-08-03T07:00:08.400Z</time></trkpt><trkpt lon="-3.18043" lat="53.20332"><ele>225.5</ele><time>2026-08-03T07:00:11.600Z</time></trkpt><trkpt lon="-3.180265" lat="53.2034625"><ele>227.0</ele><time>2026-08-03T07:00:15.000Z</time></trkpt><trkpt lon="-3.1801" lat="53.203605"><ele>228.6</ele><time>2026-08-03T07:00:18.600Z</time></trkpt><trkpt lon="-3.179935" lat="53.2037475"><ele>230.1</ele><time>2026-08-03T07:00:22.100Z</time></trkpt><trkpt lon="-3.17977" lat="53.20389"><ele>231.6</ele><time>2026-08-03T07:00:25.500Z</time></trkpt><trkpt lon="-3.17969" lat="53.20413"><ele>232.7</ele><time>2026-08-03T07:00:28.900Z</time></trkpt><trkpt lon="-3.17961" lat="53.20437"><ele>232.9</ele><time>2026-08-03T07:00:31.300Z</time></trkpt><trkpt lon="-3.1795033" lat="53.20462"><ele>232.4</ele><time>2026-08-03T07:00:33.500Z</time></trkpt><trkpt lon="-3.1793967" lat="53.20487"><ele>231.3</ele><time>2026-08-03T07:00:35.300Z</time></trkpt><trkpt lon="-3.17929" lat="53.20512"><ele>230.1</ele><time>2026-08-03T07:00:37.200Z</time></trkpt><trkpt lon="-3.1791833" lat="53.20537"><ele>229.4</ele><time>2026-08-03T07:00:39.200Z</time></trkpt><trkpt lon="-3.1790767" lat="53.20562"><ele>229.1</ele><time>2026-08-03T07:00:41.500Z</time></trkpt><trkpt lon="-3.17897" lat="53.20587"><ele>228.8</ele><time>2026-08-03T07:00:43.700Z</time></trkpt><trkpt lon="-3.1788667" lat="53.20612"><ele>228.5</ele><time>2026-08-03T07:00:46.000Z</time></trkpt><trkpt lon="-3.1787633" lat="53.20637"><ele>228.4</ele><time>2026-08-03T07:00:48.300Z</time></trkpt><trkpt lon="-3.17866" lat="53.20662"><ele>228.5</ele><time>2026-08-03T07:00:50.800Z</time></trkpt><trkpt lon="-3.1785667" lat="53.20681"><ele>228.6</ele><time>2026-08-03T07:00:52.700Z</time></trkpt><trkpt lon="-3.17838" lat="53.20719"><ele>228.8</ele><time>2026-08-03T07:00:56.500Z</time></trkpt><trkpt lon="-3.1782867" lat="53.20738"><ele>229.0</ele><time>2026-08-03T07:00:58.500Z</time></trkpt><trkpt lon="-3.1781934" lat="53.20757"><ele>229.4</ele><time>2026-08-03T07:01:00.600Z</time></trkpt><trkpt lon="-3.1781" lat="53.20776"><ele>229.8</ele><time>2026-08-03T07:01:02.800Z</time></trkpt><trkpt lon="-3.1780233" lat="53.2079633"><ele>230.4</ele><time>2026-08-03T07:01:05.200Z</time></trkpt><trkpt lon="-3.1779467" lat="53.2081667"><ele>231.0</ele><time>2026-08-03T07:01:07.600Z</time></trkpt><trkpt lon="-3.17787" lat="53.20837"><ele>231.6</ele><time>2026-08-03T07:01:10.000Z</time></trkpt><trkpt lon="-3.1777967" lat="53.20857"><ele>232.2</ele><time>2026-08-03T07:01:12.400Z</time></trkpt><trkpt lon="-3.1777233" lat="53.20877"><ele>232.8</ele><time>2026-08-03T07:01:14.800Z</time></trkpt><trkpt lon="-3.17765" lat="53.20897"><ele>233.5</ele><time>2026-08-03T07:01:17.300Z</time></trkpt><trkpt lon="-3.1775733" lat="53.2091733"><ele>234.0</ele><time>2026-08-03T07:01:19.600Z</time></trkpt><trkpt lon="-3.1774967" lat="53.2093767"><ele>234.4</ele><time>2026-08-03T07:01:21.900Z</time></trkpt><trkpt lon="-3.17742" lat="53.20958"><ele>234.9</ele><time>2026-08-03T07:01:24.200Z</time></trkpt><trkpt lon="-3.1773475" lat="53.2097825"><ele>235.1</ele><time>2026-08-03T07:01:26.300Z</time></trkpt><trkpt lon="-3.177275" lat="53.209985"><ele>235.2</ele><time>2026-08-03T07:01:28.300Z</time></trkpt><trkpt lon="-3.1772025" lat="53.2101875"><ele>235.3</ele><time>2026-08-03T07:01:30.300Z</time></trkpt><trkpt lon="-3.17713" lat="53.21039"><ele>235.4</ele><time>2026-08-03T07:01:32.300Z</time></trkpt><trkpt lon="-3.17711" lat="53.21055"><ele>235.8</ele><time>2026-08-03T07:01:34.100Z</time></trkpt><trkpt lon="-3.17712" lat="53.21071"><ele>236.4</ele><time>2026-08-03T07:01:36.100Z</time></trkpt><trkpt lon="-3.1771367" lat="53.2108767"><ele>237.2</ele><time>2026-08-03T07:01:38.500Z</time></trkpt><trkpt lon="-3.1771533" lat="53.2110434"><ele>238.4</ele><time>2026-08-03T07:01:41.300Z</time></trkpt><trkpt lon="-3.17717" lat="53.21121"><ele>239.5</ele><time>2026-08-03T07:01:44.200Z</time></trkpt><trkpt lon="-3.17715" lat="53.2114175"><ele>241.3</ele><time>2026-08-03T07:01:48.300Z</time></trkpt><trkpt lon="-3.17713" lat="53.211625"><ele>242.9</ele><time>2026-08-03T07:01:52.100Z</time></trkpt><trkpt lon="-3.17711" lat="53.2118325"><ele>243.7</ele><time>2026-08-03T07:01:54.800Z</time></trkpt><trkpt lon="-3.17709" lat="53.21204"><ele>243.5</ele><time>2026-08-03T07:01:56.600Z</time></trkpt><trkpt lon="-3.17703" lat="53.21223"><ele>243.3</ele><time>2026-08-03T07:01:58.300Z</time></trkpt><trkpt lon="-3.17698" lat="53.21247"><ele>242.7</ele><time>2026-08-03T07:02:00.300Z</time></trkpt><trkpt lon="-3.176955" lat="53.21271"><ele>242.3</ele><time>2026-08-03T07:02:02.300Z</time></trkpt><trkpt lon="-3.17693" lat="53.21295"><ele>242.0</ele><time>2026-08-03T07:02:04.400Z</time></trkpt><trkpt lon="-3.17702" lat="53.21332"><ele>241.8</ele><time>2026-08-03T07:02:07.700Z</time></trkpt><trkpt lon="-3.17717" lat="53.21365"><ele>242.0</ele><time>2026-08-03T07:02:11.100Z</time></trkpt><trkpt lon="-3.17738" lat="53.21389"><ele>242.5</ele><time>2026-08-03T07:02:14.000Z</time></trkpt><trkpt lon="-3.1777" lat="53.21414"><ele>243.2</ele><time>2026-08-03T07:02:17.400Z</time></trkpt><trkpt lon="-3.1779567" lat="53.2143067"><ele>244.0</ele><time>2026-08-03T07:02:20.200Z</time></trkpt><trkpt lon="-3.1782133" lat="53.2144733"><ele>245.0</ele><time>2026-08-03T07:02:23.300Z</time></trkpt><trkpt lon="-3.17847" lat="53.21464"><ele>246.1</ele><time>2026-08-03T07:02:26.500Z</time></trkpt><trkpt lon="-3.1787267" lat="53.2148033"><ele>247.2</ele><time>2026-08-03T07:02:29.700Z</time></trkpt><trkpt lon="-3.1789833" lat="53.2149667"><ele>248.3</ele><time>2026-08-03T07:02:32.900Z</time></trkpt><trkpt lon="-3.17924" lat="53.21513"><ele>249.2</ele><time>2026-08-03T07:02:35.900Z</time></trkpt><trkpt lon="-3.1793" lat="53.21518004602"><ele>249.3</ele><time>2026-08-03T07:02:36.500Z</time></trkpt><trkpt lon="-3.179555" lat="53.2152825"><ele>250.0</ele><time>2026-08-03T07:02:38.900Z</time></trkpt><trkpt lon="-3.17981" lat="53.215385"><ele>251.0</ele><time>2026-08-03T07:02:41.600Z</time></trkpt><trkpt lon="-3.180065" lat="53.2154875"><ele>252.0</ele><time>2026-08-03T07:02:44.400Z</time></trkpt><trkpt lon="-3.18032" lat="53.21559"><ele>253.0</ele><time>2026-08-03T07:02:47.200Z</time></trkpt><trkpt lon="-3.1806633" lat="53.2157233"><ele>254.4</ele><time>2026-08-03T07:02:51.100Z</time></trkpt><trkpt lon="-3.1810067" lat="53.2158567"><ele>256.1</ele><time>2026-08-03T07:02:55.200Z</time></trkpt><trkpt lon="-3.18135" lat="53.21599"><ele>257.5</ele><time>2026-08-03T07:02:59.000Z</time></trkpt><trkpt lon="-3.1816" lat="53.21612"><ele>258.2</ele><time>2026-08-03T07:03:01.500Z</time></trkpt><trkpt lon="-3.18185" lat="53.21625"><ele>258.6</ele><time>2026-08-03T07:03:03.700Z</time></trkpt><trkpt lon="-3.1821" lat="53.21638"><ele>259.0</ele><time>2026-08-03T07:03:05.800Z</time></trkpt><trkpt lon="-3.182395" lat="53.21653"><ele>259.7</ele><time>2026-08-03T07:03:08.500Z</time></trkpt><trkpt lon="-3.18269" lat="53.21668"><ele>260.3</ele><time>2026-08-03T07:03:11.200Z</time></trkpt><trkpt lon="-3.18292" lat="53.21681"><ele>260.8</ele><time>2026-08-03T07:03:13.400Z</time></trkpt><trkpt lon="-3.18315" lat="53.21694"><ele>261.6</ele><time>2026-08-03T07:03:15.800Z</time></trkpt><trkpt lon="-3.18338" lat="53.21707"><ele>262.3</ele><time>2026-08-03T07:03:18.200Z</time></trkpt><trkpt lon="-3.18366" lat="53.21734"><ele>263.3</ele><time>2026-08-03T07:03:22.000Z</time></trkpt><trkpt lon="-3.18383" lat="53.2174767"><ele>263.8</ele><time>2026-08-03T07:03:24.000Z</time></trkpt><trkpt lon="-3.18417" lat="53.21775"><ele>264.9</ele><time>2026-08-03T07:03:28.000Z</time></trkpt><trkpt lon="-3.18434" lat="53.21789"><ele>265.4</ele><time>2026-08-03T07:03:30.000Z</time></trkpt><trkpt lon="-3.18468" lat="53.21817"><ele>266.4</ele><time>2026-08-03T07:03:34.100Z</time></trkpt><trkpt lon="-3.18492" lat="53.21846"><ele>267.3</ele><time>2026-08-03T07:03:37.800Z</time></trkpt><trkpt lon="-3.18515" lat="53.21878"><ele>267.9</ele><time>2026-08-03T07:03:41.500Z</time></trkpt><trkpt lon="-3.185325" lat="53.219005"><ele>268.6</ele><time>2026-08-03T07:03:44.300Z</time></trkpt><trkpt lon="-3.1855" lat="53.21923"><ele>269.1</ele><time>2026-08-03T07:03:47.000Z</time></trkpt><trkpt lon="-3.18567" lat="53.219455"><ele>269.2</ele><time>2026-08-03T07:03:49.400Z</time></trkpt><trkpt lon="-3.18584" lat="53.21968"><ele>269.1</ele><time>2026-08-03T07:03:51.600Z</time></trkpt><trkpt lon="-3.1859733" lat="53.2198567"><ele>269.0</ele><time>2026-08-03T07:03:53.400Z</time></trkpt><trkpt lon="-3.18624" lat="53.22021"><ele>269.0</ele><time>2026-08-03T07:03:57.000Z</time></trkpt><trkpt lon="-3.18637" lat="53.22039"><ele>268.9</ele><time>2026-08-03T07:03:58.700Z</time></trkpt><trkpt lon="-3.18663" lat="53.22075"><ele>268.2</ele><time>2026-08-03T07:04:02.000Z</time></trkpt><trkpt lon="-3.18672" lat="53.22099"><ele>267.8</ele><time>2026-08-03T07:04:04.100Z</time></trkpt><trkpt lon="-3.18683" lat="53.22114"><ele>267.6</ele><time>2026-08-03T07:04:05.500Z</time></trkpt><trkpt lon="-3.1870233" lat="53.2213167"><ele>267.5</ele><time>2026-08-03T07:04:07.400Z</time></trkpt><trkpt lon="-3.1872166" lat="53.2214934"><ele>267.4</ele><time>2026-08-03T07:04:09.400Z</time></trkpt><trkpt lon="-3.18741" lat="53.22167"><ele>267.3</ele><time>2026-08-03T07:04:11.300Z</time></trkpt><trkpt lon="-3.18745" lat="53.22176"><ele>267.4</ele><time>2026-08-03T07:04:12.200Z</time></trkpt><trkpt lon="-3.18746" lat="53.22183"><ele>267.4</ele><time>2026-08-03T07:04:12.900Z</time></trkpt><trkpt lon="-3.18742" lat="53.222"><ele>267.5</ele><time>2026-08-03T07:04:14.500Z</time></trkpt><trkpt lon="-3.18734" lat="53.22209"><ele>267.7</ele><time>2026-08-03T07:04:15.600Z</time></trkpt><trkpt lon="-3.1871" lat="53.22228"><ele>268.0</ele><time>2026-08-03T07:04:18.100Z</time></trkpt><trkpt lon="-3.1869" lat="53.2224433"><ele>267.8</ele><time>2026-08-03T07:04:19.800Z</time></trkpt><trkpt lon="-3.1865" lat="53.22277"><ele>266.8</ele><time>2026-08-03T07:04:23.100Z</time></trkpt><trkpt lon="-3.1863033" lat="53.2229367"><ele>266.2</ele><time>2026-08-03T07:04:24.700Z</time></trkpt><trkpt lon="-3.18591" lat="53.22327"><ele>264.4</ele><time>2026-08-03T07:04:27.700Z</time></trkpt><trkpt lon="-3.1858" lat="53.2234"><ele>263.6</ele><time>2026-08-03T07:04:28.700Z</time></trkpt><trkpt lon="-3.185655" lat="53.22364"><ele>261.9</ele><time>2026-08-03T07:04:30.400Z</time></trkpt><trkpt lon="-3.18551" lat="53.22388"><ele>260.2</ele><time>2026-08-03T07:04:32.100Z</time></trkpt><trkpt lon="-3.18542" lat="53.22407"><ele>259.1</ele><time>2026-08-03T07:04:33.500Z</time></trkpt><trkpt lon="-3.1854" lat="53.22416"><ele>258.7</ele><time>2026-08-03T07:04:34.200Z</time></trkpt><trkpt lon="-3.18541" lat="53.22428"><ele>258.1</ele><time>2026-08-03T07:04:35.000Z</time></trkpt><trkpt lon="-3.18548" lat="53.22443"><ele>256.9</ele><time>2026-08-03T07:04:36.000Z</time></trkpt><trkpt lon="-3.185625" lat="53.2246375"><ele>255.1</ele><time>2026-08-03T07:04:37.500Z</time></trkpt><trkpt lon="-3.18577" lat="53.224845"><ele>253.7</ele><time>2026-08-03T07:04:39.000Z</time></trkpt><trkpt lon="-3.185915" lat="53.2250525"><ele>253.0</ele><time>2026-08-03T07:04:40.800Z</time></trkpt><trkpt lon="-3.18606" lat="53.22526"><ele>252.4</ele><time>2026-08-03T07:04:42.600Z</time></trkpt><trkpt lon="-3.18612" lat="53.22544"><ele>252.1</ele><time>2026-08-03T07:04:44.200Z</time></trkpt><trkpt lon="-3.1861" lat="53.22553"><ele>252.0</ele><time>2026-08-03T07:04:44.900Z</time></trkpt><trkpt lon="-3.1860267" lat="53.2257233"><ele>251.4</ele><time>2026-08-03T07:04:46.500Z</time></trkpt><trkpt lon="-3.18588" lat="53.22611"><ele>249.5</ele><time>2026-08-03T07:04:49.300Z</time></trkpt><trkpt lon="-3.185885" lat="53.226355"><ele>247.8</ele><time>2026-08-03T07:04:51.000Z</time></trkpt><trkpt lon="-3.18589" lat="53.2266"><ele>246.7</ele><time>2026-08-03T07:04:52.700Z</time></trkpt><trkpt lon="-3.18596" lat="53.22684"><ele>246.1</ele><time>2026-08-03T07:04:54.700Z</time></trkpt><trkpt lon="-3.18614" lat="53.22709"><ele>245.8</ele><time>2026-08-03T07:04:57.100Z</time></trkpt><trkpt lon="-3.186355" lat="53.227245"><ele>245.8</ele><time>2026-08-03T07:04:58.900Z</time></trkpt><trkpt lon="-3.18657" lat="53.2274"><ele>245.8</ele><time>2026-08-03T07:05:00.800Z</time></trkpt><trkpt lon="-3.18687" lat="53.22756"><ele>245.7</ele><time>2026-08-03T07:05:03.000Z</time></trkpt><trkpt lon="-3.18717" lat="53.22772"><ele>245.7</ele><time>2026-08-03T07:05:05.200Z</time></trkpt><trkpt lon="-3.18726" lat="53.2278"><ele>245.5</ele><time>2026-08-03T07:05:06.000Z</time></trkpt><trkpt lon="-3.18747" lat="53.22815"><ele>244.3</ele><time>2026-08-03T07:05:08.900Z</time></trkpt><trkpt lon="-3.18757" lat="53.2285"><ele>242.6</ele><time>2026-08-03T07:05:11.400Z</time></trkpt><trkpt lon="-3.18758" lat="53.22876"><ele>241.0</ele><time>2026-08-03T07:05:13.200Z</time></trkpt><trkpt lon="-3.18759" lat="53.22902"><ele>239.2</ele><time>2026-08-03T07:05:14.900Z</time></trkpt><trkpt lon="-3.1876" lat="53.22928006439"><ele>237.4</ele><time>2026-08-03T07:05:16.700Z</time></trkpt><trkpt lon="-3.18757" lat="53.2294867"><ele>236.4</ele><time>2026-08-03T07:05:18.100Z</time></trkpt><trkpt lon="-3.18751" lat="53.2299"><ele>232.2</ele><time>2026-08-03T07:05:20.900Z</time></trkpt><trkpt lon="-3.18741" lat="53.23011"><ele>230.0</ele><time>2026-08-03T07:05:22.300Z</time></trkpt><trkpt lon="-3.18731" lat="53.23032"><ele>227.4</ele><time>2026-08-03T07:05:24.000Z</time></trkpt><trkpt lon="-3.18721" lat="53.23053"><ele>224.8</ele><time>2026-08-03T07:05:25.600Z</time></trkpt><trkpt lon="-3.18711" lat="53.2307433"><ele>222.2</ele><time>2026-08-03T07:05:27.200Z</time></trkpt><trkpt lon="-3.18701" lat="53.2309567"><ele>220.0</ele><time>2026-08-03T07:05:28.700Z</time></trkpt><trkpt lon="-3.18691" lat="53.23117"><ele>217.9</ele><time>2026-08-03T07:05:30.100Z</time></trkpt><trkpt lon="-3.18682" lat="53.23141"><ele>215.8</ele><time>2026-08-03T07:05:31.800Z</time></trkpt><trkpt lon="-3.18673" lat="53.23165"><ele>214.0</ele><time>2026-08-03T07:05:33.400Z</time></trkpt><trkpt lon="-3.18664" lat="53.231875"><ele>212.1</ele><time>2026-08-03T07:05:34.900Z</time></trkpt><trkpt lon="-3.18655" lat="53.2321"><ele>210.1</ele><time>2026-08-03T07:05:36.400Z</time></trkpt><trkpt lon="-3.18646" lat="53.232325"><ele>207.7</ele><time>2026-08-03T07:05:38.000Z</time></trkpt><trkpt lon="-3.18637" lat="53.23255"><ele>205.2</ele><time>2026-08-03T07:05:39.600Z</time></trkpt><trkpt lon="-3.18627" lat="53.23293"><ele>201.6</ele><time>2026-08-03T07:05:42.100Z</time></trkpt><trkpt lon="-3.18623" lat="53.23324"><ele>200.0</ele><time>2026-08-03T07:05:44.300Z</time></trkpt><trkpt lon="-3.18623" lat="53.23336"><ele>199.8</ele><time>2026-08-03T07:05:45.300Z</time></trkpt><trkpt lon="-3.18627" lat="53.23342"><ele>199.8</ele><time>2026-08-03T07:05:45.900Z</time></trkpt><trkpt lon="-3.18635" lat="53.23348"><ele>199.8</ele><time>2026-08-03T07:05:46.700Z</time></trkpt><trkpt lon="-3.18647" lat="53.23354"><ele>199.9</ele><time>2026-08-03T07:05:47.600Z</time></trkpt><trkpt lon="-3.1866733" lat="53.23365"><ele>200.1</ele><time>2026-08-03T07:05:49.300Z</time></trkpt><trkpt lon="-3.18708" lat="53.23387"><ele>201.0</ele><time>2026-08-03T07:05:53.000Z</time></trkpt><trkpt lon="-3.1872867" lat="53.2339833"><ele>201.6</ele><time>2026-08-03T07:05:55.100Z</time></trkpt><trkpt lon="-3.1877" lat="53.23421"><ele>202.6</ele><time>2026-08-03T07:05:59.000Z</time></trkpt><trkpt lon="-3.187945" lat="53.23435"><ele>203.0</ele><time>2026-08-03T07:06:01.200Z</time></trkpt><trkpt lon="-3.18819" lat="53.23449"><ele>203.3</ele><time>2026-08-03T07:06:03.300Z</time></trkpt><trkpt lon="-3.188435" lat="53.23463"><ele>203.6</ele><time>2026-08-03T07:06:05.500Z</time></trkpt><trkpt lon="-3.18868" lat="53.23477"><ele>203.9</ele><time>2026-08-03T07:06:07.600Z</time></trkpt><trkpt lon="-3.188925" lat="53.2349125"><ele>204.2</ele><time>2026-08-03T07:06:09.700Z</time></trkpt><trkpt lon="-3.18917" lat="53.235055"><ele>204.7</ele><time>2026-08-03T07:06:12.000Z</time></trkpt><trkpt lon="-3.189415" lat="53.2351975"><ele>205.2</ele><time>2026-08-03T07:06:14.300Z</time></trkpt><trkpt lon="-3.18966" lat="53.23534"><ele>205.8</ele><time>2026-08-03T07:06:16.600Z</time></trkpt><trkpt lon="-3.19003" lat="53.2356"><ele>206.1</ele><time>2026-08-03T07:06:20.100Z</time></trkpt><trkpt lon="-3.19011" lat="53.23572"><ele>206.3</ele><time>2026-08-03T07:06:21.400Z</time></trkpt><trkpt lon="-3.1902333" lat="53.2359633"><ele>206.4</ele><time>2026-08-03T07:06:23.900Z</time></trkpt><trkpt lon="-3.1903567" lat="53.2362067"><ele>206.4</ele><time>2026-08-03T07:06:26.300Z</time></trkpt><trkpt lon="-3.19048" lat="53.23645"><ele>206.5</ele><time>2026-08-03T07:06:28.600Z</time></trkpt><trkpt lon="-3.1907033" lat="53.2366433"><ele>206.4</ele><time>2026-08-03T07:06:30.800Z</time></trkpt><trkpt lon="-3.1909267" lat="53.2368367"><ele>206.4</ele><time>2026-08-03T07:06:32.900Z</time></trkpt><trkpt lon="-3.19115" lat="53.23703"><ele>206.3</ele><time>2026-08-03T07:06:35.100Z</time></trkpt><trkpt lon="-3.1913733" lat="53.23722"><ele>206.3</ele><time>2026-08-03T07:06:37.300Z</time></trkpt><trkpt lon="-3.1915967" lat="53.23741"><ele>206.4</ele><time>2026-08-03T07:06:39.400Z</time></trkpt><trkpt lon="-3.19182" lat="53.2376"><ele>206.4</ele><time>2026-08-03T07:06:41.600Z</time></trkpt><trkpt lon="-3.1920433" lat="53.23779"><ele>206.6</ele><time>2026-08-03T07:06:43.900Z</time></trkpt><trkpt lon="-3.1922667" lat="53.23798"><ele>206.8</ele><time>2026-08-03T07:06:46.300Z</time></trkpt><trkpt lon="-3.19249" lat="53.23817"><ele>207.2</ele><time>2026-08-03T07:06:48.700Z</time></trkpt><trkpt lon="-3.1926567" lat="53.2383233"><ele>207.5</ele><time>2026-08-03T07:06:50.600Z</time></trkpt><trkpt lon="-3.19299" lat="53.23863"><ele>207.4</ele><time>2026-08-03T07:06:54.000Z</time></trkpt><trkpt lon="-3.193185" lat="53.23883"><ele>207.1</ele><time>2026-08-03T07:06:56.000Z</time></trkpt><trkpt lon="-3.19338" lat="53.23903"><ele>206.7</ele><time>2026-08-03T07:06:57.900Z</time></trkpt><trkpt lon="-3.19368" lat="53.23929"><ele>206.2</ele><time>2026-08-03T07:07:00.600Z</time></trkpt><trkpt lon="-3.19391" lat="53.23948"><ele>206.3</ele><time>2026-08-03T07:07:02.900Z</time></trkpt><trkpt lon="-3.19413" lat="53.239635"><ele>206.8</ele><time>2026-08-03T07:07:05.100Z</time></trkpt><trkpt lon="-3.19435" lat="53.23979"><ele>207.4</ele><time>2026-08-03T07:07:07.500Z</time></trkpt><trkpt lon="-3.194585" lat="53.23992"><ele>207.8</ele><time>2026-08-03T07:07:09.600Z</time></trkpt><trkpt lon="-3.19482" lat="53.24005"><ele>208.3</ele><time>2026-08-03T07:07:11.800Z</time></trkpt><trkpt lon="-3.195055" lat="53.24019"><ele>208.8</ele><time>2026-08-03T07:07:14.000Z</time></trkpt><trkpt lon="-3.19529" lat="53.24033"><ele>209.3</ele><time>2026-08-03T07:07:16.200Z</time></trkpt><trkpt lon="-3.195525" lat="53.24047"><ele>209.8</ele><time>2026-08-03T07:07:18.500Z</time></trkpt><trkpt lon="-3.19576" lat="53.24061"><ele>210.4</ele><time>2026-08-03T07:07:20.800Z</time></trkpt><trkpt lon="-3.19603" lat="53.2408"><ele>210.7</ele><time>2026-08-03T07:07:23.300Z</time></trkpt><trkpt lon="-3.19623" lat="53.24092"><ele>210.6</ele><time>2026-08-03T07:07:24.800Z</time></trkpt><trkpt lon="-3.19653" lat="53.24106"><ele>210.3</ele><time>2026-08-03T07:07:26.800Z</time></trkpt><trkpt lon="-3.19656" lat="53.24108"><ele>210.3</ele><time>2026-08-03T07:07:27.100Z</time></trkpt><trkpt lon="-3.19656" lat="53.24112"><ele>210.2</ele><time>2026-08-03T07:07:27.400Z</time></trkpt><trkpt lon="-3.19664" lat="53.24111"><ele>210.2</ele><time>2026-08-03T07:07:27.900Z</time></trkpt><trkpt lon="-3.19672" lat="53.24111"><ele>210.3</ele><time>2026-08-03T07:07:28.300Z</time></trkpt><trkpt lon="-3.1968" lat="53.24112"><ele>210.3</ele><time>2026-08-03T07:07:28.800Z</time></trkpt><trkpt lon="-3.19691" lat="53.24114"><ele>210.3</ele><time>2026-08-03T07:07:29.400Z</time></trkpt><trkpt lon="-3.19703" lat="53.24119"><ele>210.2</ele><time>2026-08-03T07:07:30.200Z</time></trkpt><trkpt lon="-3.197335" lat="53.241355"><ele>210.1</ele><time>2026-08-03T07:07:32.400Z</time></trkpt><trkpt lon="-3.19764" lat="53.24152"><ele>209.8</ele><time>2026-08-03T07:07:34.600Z</time></trkpt><trkpt lon="-3.19794" lat="53.24169"><ele>210.1</ele><time>2026-08-03T07:07:37.100Z</time></trkpt><trkpt lon="-3.19824" lat="53.24186"><ele>211.2</ele><time>2026-08-03T07:07:40.400Z</time></trkpt><trkpt lon="-3.19831" lat="53.24191"><ele>211.6</ele><time>2026-08-03T07:07:41.500Z</time></trkpt><trkpt lon="-3.19836" lat="53.24196"><ele>212.0</ele><time>2026-08-03T07:07:42.400Z</time></trkpt><trkpt lon="-3.19842" lat="53.2421"><ele>212.8</ele><time>2026-08-03T07:07:44.700Z</time></trkpt><trkpt lon="-3.19877" lat="53.24202"><ele>214.4</ele><time>2026-08-03T07:07:48.700Z</time></trkpt><trkpt lon="-3.19898" lat="53.24195"><ele>215.5</ele><time>2026-08-03T07:07:51.400Z</time></trkpt><trkpt lon="-3.19938" lat="53.24182"><ele>218.1</ele><time>2026-08-03T07:07:57.100Z</time></trkpt><trkpt lon="-3.1995733" lat="53.2417433"><ele>219.6</ele><time>2026-08-03T07:08:00.300Z</time></trkpt><trkpt lon="-3.1997667" lat="53.2416667"><ele>221.1</ele><time>2026-08-03T07:08:03.500Z</time></trkpt><trkpt lon="-3.19996" lat="53.24159"><ele>222.4</ele><time>2026-08-03T07:08:06.500Z</time></trkpt><trkpt lon="-3.2001733" lat="53.2415233"><ele>223.3</ele><time>2026-08-03T07:08:08.800Z</time></trkpt><trkpt lon="-3.2003867" lat="53.2414567"><ele>224.9</ele><time>2026-08-03T07:08:12.200Z</time></trkpt><trkpt lon="-3.2006" lat="53.24139"><ele>226.8</ele><time>2026-08-03T07:08:15.900Z</time></trkpt><trkpt lon="-3.20077" lat="53.24134"><ele>228.3</ele><time>2026-08-03T07:08:18.900Z</time></trkpt><trkpt lon="-3.20093" lat="53.24131"><ele>229.4</ele><time>2026-08-03T07:08:21.200Z</time></trkpt><trkpt lon="-3.2011433" lat="53.24129"><ele>230.2</ele><time>2026-08-03T07:08:23.300Z</time></trkpt><trkpt lon="-3.20157" lat="53.24125"><ele>232.7</ele><time>2026-08-03T07:08:28.900Z</time></trkpt><trkpt lon="-3.20176" lat="53.24122"><ele>234.0</ele><time>2026-08-03T07:08:31.600Z</time></trkpt><trkpt lon="-3.20214" lat="53.24116"><ele>236.7</ele><time>2026-08-03T07:08:37.200Z</time></trkpt><trkpt lon="-3.20246" lat="53.2411"><ele>239.1</ele><time>2026-08-03T07:08:42.200Z</time></trkpt><trkpt lon="-3.2028" lat="53.24102"><ele>242.0</ele><time>2026-08-03T07:08:47.900Z</time></trkpt><trkpt lon="-3.20299" lat="53.2409633"><ele>243.8</ele><time>2026-08-03T07:08:51.400Z</time></trkpt><trkpt lon="-3.20318" lat="53.2409067"><ele>245.6</ele><time>2026-08-03T07:08:54.800Z</time></trkpt><trkpt lon="-3.20337" lat="53.24085"><ele>247.4</ele><time>2026-08-03T07:08:58.300Z</time></trkpt><trkpt lon="-3.2035333" lat="53.24077"><ele>249.0</ele><time>2026-08-03T07:09:01.600Z</time></trkpt><trkpt lon="-3.20386" lat="53.24061008601"><ele>251.9</ele><time>2026-08-03T07:09:07.500Z</time></trkpt><trkpt lon="-3.20397" lat="53.24057"><ele>252.7</ele><time>2026-08-03T07:09:09.300Z</time></trkpt><trkpt lon="-3.20415" lat="53.24055"><ele>253.9</ele><time>2026-08-03T07:09:11.800Z</time></trkpt><trkpt lon="-3.20425" lat="53.24057"><ele>254.5</ele><time>2026-08-03T07:09:13.200Z</time></trkpt><trkpt lon="-3.20444" lat="53.24065"><ele>255.7</ele><time>2026-08-03T07:09:15.900Z</time></trkpt><trkpt lon="-3.20455" lat="53.2407"><ele>256.2</ele><time>2026-08-03T07:09:17.200Z</time></trkpt><trkpt lon="-3.20467" lat="53.24073"><ele>256.6</ele><time>2026-08-03T07:09:18.400Z</time></trkpt><trkpt lon="-3.20496" lat="53.240775"><ele>257.4</ele><time>2026-08-03T07:09:20.800Z</time></trkpt><trkpt lon="-3.20525" lat="53.24082"><ele>258.1</ele><time>2026-08-03T07:09:23.200Z</time></trkpt><trkpt lon="-3.20558" lat="53.24086"><ele>258.7</ele><time>2026-08-03T07:09:25.500Z</time></trkpt><trkpt lon="-3.20594" lat="53.24093"><ele>259.8</ele><time>2026-08-03T07:09:28.700Z</time></trkpt><trkpt lon="-3.20629" lat="53.241"><ele>261.4</ele><time>2026-08-03T07:09:32.600Z</time></trkpt><trkpt lon="-3.20664" lat="53.24108"><ele>263.5</ele><time>2026-08-03T07:09:37.400Z</time></trkpt><trkpt lon="-3.20699" lat="53.24119"><ele>266.2</ele><time>2026-08-03T07:09:43.000Z</time></trkpt><trkpt lon="-3.20723" lat="53.24127"><ele>268.0</ele><time>2026-08-03T07:09:46.800Z</time></trkpt><trkpt lon="-3.2074333" lat="53.2413567"><ele>269.6</ele><time>2026-08-03T07:09:50.200Z</time></trkpt><trkpt lon="-3.2076366" lat="53.2414434"><ele>270.9</ele><time>2026-08-03T07:09:53.200Z</time></trkpt><trkpt lon="-3.20784" lat="53.24153"><ele>272.1</ele><time>2026-08-03T07:09:56.200Z</time></trkpt><trkpt lon="-3.20798" lat="53.24157"><ele>272.8</ele><time>2026-08-03T07:09:57.800Z</time></trkpt><trkpt lon="-3.2082867" lat="53.24164"><ele>274.0</ele><time>2026-08-03T07:10:01.000Z</time></trkpt><trkpt lon="-3.2085933" lat="53.24171"><ele>274.9</ele><time>2026-08-03T07:10:03.600Z</time></trkpt><trkpt lon="-3.2089" lat="53.24178"><ele>275.5</ele><time>2026-08-03T07:10:05.900Z</time></trkpt><trkpt lon="-3.20921" lat="53.24185"><ele>274.4</ele><time>2026-08-03T07:10:07.300Z</time></trkpt><trkpt lon="-3.20983" lat="53.24199"><ele>271.6</ele><time>2026-08-03T07:10:09.900Z</time></trkpt><trkpt lon="-3.2102433" lat="53.24204"><ele>269.7</ele><time>2026-08-03T07:10:11.600Z</time></trkpt><trkpt lon="-3.2106567" lat="53.24209"><ele>267.6</ele><time>2026-08-03T07:10:13.300Z</time></trkpt><trkpt lon="-3.21107" lat="53.24214"><ele>265.7</ele><time>2026-08-03T07:10:14.900Z</time></trkpt><trkpt lon="-3.21151" lat="53.24219"><ele>264.2</ele><time>2026-08-03T07:10:16.800Z</time></trkpt><trkpt lon="-3.21203" lat="53.2422"><ele>261.9</ele><time>2026-08-03T07:10:18.800Z</time></trkpt><trkpt lon="-3.21245" lat="53.24218"><ele>260.4</ele><time>2026-08-03T07:10:20.600Z</time></trkpt><trkpt lon="-3.21287" lat="53.24216"><ele>259.7</ele><time>2026-08-03T07:10:22.600Z</time></trkpt><trkpt lon="-3.21331" lat="53.24216"><ele>260.9</ele><time>2026-08-03T07:10:26.300Z</time></trkpt><trkpt lon="-3.21365" lat="53.2421925"><ele>263.1</ele><time>2026-08-03T07:10:30.900Z</time></trkpt><trkpt lon="-3.21399" lat="53.242225"><ele>265.4</ele><time>2026-08-03T07:10:35.700Z</time></trkpt><trkpt lon="-3.21433" lat="53.2422575"><ele>267.5</ele><time>2026-08-03T07:10:40.300Z</time></trkpt><trkpt lon="-3.21467" lat="53.24229"><ele>269.2</ele><time>2026-08-03T07:10:44.300Z</time></trkpt><trkpt lon="-3.21501" lat="53.2423225"><ele>270.5</ele><time>2026-08-03T07:10:47.700Z</time></trkpt><trkpt lon="-3.21535" lat="53.242355"><ele>271.6</ele><time>2026-08-03T07:10:50.700Z</time></trkpt><trkpt lon="-3.21569" lat="53.2423875"><ele>272.2</ele><time>2026-08-03T07:10:53.200Z</time></trkpt><trkpt lon="-3.21603" lat="53.24242"><ele>272.1</ele><time>2026-08-03T07:10:55.000Z</time></trkpt><trkpt lon="-3.2163133" lat="53.2424667"><ele>271.7</ele><time>2026-08-03T07:10:56.400Z</time></trkpt><trkpt lon="-3.21688" lat="53.24256"><ele>270.3</ele><time>2026-08-03T07:10:59.100Z</time></trkpt><trkpt lon="-3.217305" lat="53.24263"><ele>268.8</ele><time>2026-08-03T07:11:00.900Z</time></trkpt><trkpt lon="-3.21773" lat="53.2427"><ele>267.6</ele><time>2026-08-03T07:11:02.800Z</time></trkpt><trkpt lon="-3.21814" lat="53.2428"><ele>266.6</ele><time>2026-08-03T07:11:04.800Z</time></trkpt><trkpt lon="-3.21841" lat="53.2429"><ele>265.9</ele><time>2026-08-03T07:11:06.200Z</time></trkpt><trkpt lon="-3.21895" lat="53.2431"><ele>263.8</ele><time>2026-08-03T07:11:08.800Z</time></trkpt><trkpt lon="-3.21924" lat="53.2431967"><ele>262.5</ele><time>2026-08-03T07:11:10.200Z</time></trkpt><trkpt lon="-3.21982" lat="53.24339"><ele>259.8</ele><time>2026-08-03T07:11:12.800Z</time></trkpt><trkpt lon="-3.2201133" lat="53.24349"><ele>258.4</ele><time>2026-08-03T07:11:14.200Z</time></trkpt><trkpt lon="-3.2207" lat="53.24369"><ele>255.8</ele><time>2026-08-03T07:11:16.900Z</time></trkpt><trkpt lon="-3.2210667" lat="53.2438167"><ele>254.4</ele><time>2026-08-03T07:11:18.700Z</time></trkpt><trkpt lon="-3.2214333" lat="53.2439433"><ele>252.7</ele><time>2026-08-03T07:11:20.400Z</time></trkpt><trkpt lon="-3.2218" lat="53.24407"><ele>250.8</ele><time>2026-08-03T07:11:22.100Z</time></trkpt><trkpt lon="-3.22212" lat="53.24414"><ele>250.3</ele><time>2026-08-03T07:11:23.700Z</time></trkpt><trkpt lon="-3.222505" lat="53.24420509951"><ele>250.2</ele><time>2026-08-03T07:11:25.900Z</time></trkpt><trkpt lon="-3.22289" lat="53.24427"><ele>251.1</ele><time>2026-08-03T07:11:28.900Z</time></trkpt><trkpt lon="-3.22331" lat="53.24438"><ele>252.4</ele><time>2026-08-03T07:11:32.700Z</time></trkpt><trkpt lon="-3.2236033" lat="53.2444667"><ele>253.2</ele><time>2026-08-03T07:11:35.200Z</time></trkpt><trkpt lon="-3.2238966" lat="53.2445534"><ele>254.4</ele><time>2026-08-03T07:11:38.400Z</time></trkpt><trkpt lon="-3.22419" lat="53.24464"><ele>255.7</ele><time>2026-08-03T07:11:41.700Z</time></trkpt><trkpt lon="-3.2244833" lat="53.2447267"><ele>256.9</ele><time>2026-08-03T07:11:44.800Z</time></trkpt><trkpt lon="-3.2247766" lat="53.2448134"><ele>257.8</ele><time>2026-08-03T07:11:47.700Z</time></trkpt><trkpt lon="-3.22507" lat="53.2449"><ele>258.7</ele><time>2026-08-03T07:11:50.300Z</time></trkpt><trkpt lon="-3.2254067" lat="53.2449867"><ele>258.7</ele><time>2026-08-03T07:11:52.300Z</time></trkpt><trkpt lon="-3.2257433" lat="53.2450734"><ele>258.4</ele><time>2026-08-03T07:11:54.200Z</time></trkpt><trkpt lon="-3.22608" lat="53.24516"><ele>258.0</ele><time>2026-08-03T07:11:56.100Z</time></trkpt><trkpt lon="-3.226385" lat="53.245255"><ele>258.1</ele><time>2026-08-03T07:11:58.000Z</time></trkpt><trkpt lon="-3.22669" lat="53.24535"><ele>258.6</ele><time>2026-08-03T07:12:00.300Z</time></trkpt><trkpt lon="-3.2270333" lat="53.24546"><ele>259.1</ele><time>2026-08-03T07:12:02.900Z</time></trkpt><trkpt lon="-3.2273767" lat="53.24557"><ele>259.1</ele><time>2026-08-03T07:12:05.000Z</time></trkpt><trkpt lon="-3.22772" lat="53.24568"><ele>258.6</ele><time>2026-08-03T07:12:06.900Z</time></trkpt><trkpt lon="-3.2280033" lat="53.2457833"><ele>258.1</ele><time>2026-08-03T07:12:08.500Z</time></trkpt><trkpt lon="-3.22857" lat="53.24599"><ele>256.9</ele><time>2026-08-03T07:12:11.600Z</time></trkpt><trkpt lon="-3.2288733" lat="53.2461033"><ele>255.8</ele><time>2026-08-03T07:12:13.200Z</time></trkpt><trkpt lon="-3.2291766" lat="53.2462167"><ele>254.2</ele><time>2026-08-03T07:12:14.600Z</time></trkpt><trkpt lon="-3.22948" lat="53.24633"><ele>252.6</ele><time>2026-08-03T07:12:16.000Z</time></trkpt><trkpt lon="-3.2297833" lat="53.24645"><ele>251.2</ele><time>2026-08-03T07:12:17.500Z</time></trkpt><trkpt lon="-3.2300866" lat="53.24657"><ele>248.9</ele><time>2026-08-03T07:12:19.000Z</time></trkpt><trkpt lon="-3.23039" lat="53.24669"><ele>246.6</ele><time>2026-08-03T07:12:20.500Z</time></trkpt><trkpt lon="-3.2306933" lat="53.2468067"><ele>244.9</ele><time>2026-08-03T07:12:21.900Z</time></trkpt><trkpt lon="-3.2309966" lat="53.2469234"><ele>243.3</ele><time>2026-08-03T07:12:23.300Z</time></trkpt><trkpt lon="-3.2313" lat="53.24704"><ele>241.7</ele><time>2026-08-03T07:12:24.800Z</time></trkpt><trkpt lon="-3.231685" lat="53.24715"><ele>240.3</ele><time>2026-08-03T07:12:26.500Z</time></trkpt><trkpt lon="-3.23207" lat="53.24726"><ele>239.3</ele><time>2026-08-03T07:12:28.400Z</time></trkpt><trkpt lon="-3.23217" lat="53.24728"><ele>239.2</ele><time>2026-08-03T07:12:28.900Z</time></trkpt><trkpt lon="-3.2324867" lat="53.2473367"><ele>238.0</ele><time>2026-08-03T07:12:30.300Z</time></trkpt><trkpt lon="-3.23312" lat="53.24745"><ele>234.7</ele><time>2026-08-03T07:12:32.900Z</time></trkpt><trkpt lon="-3.23341" lat="53.24749"><ele>233.5</ele><time>2026-08-03T07:12:34.100Z</time></trkpt><trkpt lon="-3.23363" lat="53.24751"><ele>232.5</ele><time>2026-08-03T07:12:35.000Z</time></trkpt><trkpt lon="-3.23434" lat="53.24753"><ele>228.6</ele><time>2026-08-03T07:12:37.800Z</time></trkpt><trkpt lon="-3.23478" lat="53.24752"><ele>226.2</ele><time>2026-08-03T07:12:39.500Z</time></trkpt><trkpt lon="-3.23522" lat="53.24751"><ele>224.0</ele><time>2026-08-03T07:12:41.200Z</time></trkpt><trkpt lon="-3.23566" lat="53.2475"><ele>222.3</ele><time>2026-08-03T07:12:43.000Z</time></trkpt><trkpt lon="-3.2361" lat="53.24749"><ele>220.6</ele><time>2026-08-03T07:12:44.800Z</time></trkpt><trkpt lon="-3.2364367" lat="53.2475067"><ele>219.4</ele><time>2026-08-03T07:12:46.200Z</time></trkpt><trkpt lon="-3.23711" lat="53.24754"><ele>216.8</ele><time>2026-08-03T07:12:48.900Z</time></trkpt><trkpt lon="-3.23753" lat="53.24763"><ele>215.4</ele><time>2026-08-03T07:12:50.800Z</time></trkpt><trkpt lon="-3.23782" lat="53.24779"><ele>214.4</ele><time>2026-08-03T07:12:52.500Z</time></trkpt><trkpt lon="-3.23811" lat="53.24795"><ele>213.7</ele><time>2026-08-03T07:12:54.300Z</time></trkpt><trkpt lon="-3.238455" lat="53.248095"><ele>213.0</ele><time>2026-08-03T07:12:56.300Z</time></trkpt><trkpt lon="-3.2388" lat="53.24824"><ele>212.4</ele><time>2026-08-03T07:12:58.400Z</time></trkpt><trkpt lon="-3.23936" lat="53.24843"><ele>211.6</ele><time>2026-08-03T07:13:01.600Z</time></trkpt><trkpt lon="-3.2397133" lat="53.2485367"><ele>211.1</ele><time>2026-08-03T07:13:03.500Z</time></trkpt><trkpt lon="-3.2400667" lat="53.2486433"><ele>210.2</ele><time>2026-08-03T07:13:05.300Z</time></trkpt><trkpt lon="-3.24042" lat="53.24875"><ele>209.3</ele><time>2026-08-03T07:13:07.100Z</time></trkpt><trkpt lon="-3.24076" lat="53.24886"><ele>208.8</ele><time>2026-08-03T07:13:09.000Z</time></trkpt><trkpt lon="-3.2410933" lat="53.2489433"><ele>207.3</ele><time>2026-08-03T07:13:10.400Z</time></trkpt><trkpt lon="-3.2414266" lat="53.2490267"><ele>206.1</ele><time>2026-08-03T07:13:11.900Z</time></trkpt><trkpt lon="-3.24176" lat="53.24911"><ele>205.0</ele><time>2026-08-03T07:13:13.400Z</time></trkpt><trkpt lon="-3.2420967" lat="53.24919"><ele>203.6</ele><time>2026-08-03T07:13:14.900Z</time></trkpt><trkpt lon="-3.2424333" lat="53.24927"><ele>201.2</ele><time>2026-08-03T07:13:16.400Z</time></trkpt><trkpt lon="-3.24277" lat="53.24935"><ele>198.8</ele><time>2026-08-03T07:13:18.000Z</time></trkpt><trkpt lon="-3.2431133" lat="53.2494333"><ele>196.9</ele><time>2026-08-03T07:13:19.400Z</time></trkpt><trkpt lon="-3.2434566" lat="53.2495167"><ele>196.6</ele><time>2026-08-03T07:13:21.300Z</time></trkpt><trkpt lon="-3.2438" lat="53.2496"><ele>196.6</ele><time>2026-08-03T07:13:23.400Z</time></trkpt><trkpt lon="-3.2441433" lat="53.2496833"><ele>197.8</ele><time>2026-08-03T07:13:26.800Z</time></trkpt><trkpt lon="-3.2444867" lat="53.2497667"><ele>199.4</ele><time>2026-08-03T07:13:30.600Z</time></trkpt><trkpt lon="-3.24483" lat="53.24985"><ele>200.8</ele><time>2026-08-03T07:13:34.200Z</time></trkpt><trkpt lon="-3.2451767" lat="53.2499267"><ele>202.0</ele><time>2026-08-03T07:13:37.600Z</time></trkpt><trkpt lon="-3.2455233" lat="53.2500033"><ele>203.1</ele><time>2026-08-03T07:13:40.800Z</time></trkpt><trkpt lon="-3.24587" lat="53.25008"><ele>204.1</ele><time>2026-08-03T07:13:43.800Z</time></trkpt><trkpt lon="-3.2462467" lat="53.25019"><ele>205.1</ele><time>2026-08-03T07:13:47.100Z</time></trkpt><trkpt lon="-3.2466233" lat="53.2503"><ele>205.9</ele><time>2026-08-03T07:13:50.000Z</time></trkpt><trkpt lon="-3.247" lat="53.25041"><ele>206.3</ele><time>2026-08-03T07:13:52.700Z</time></trkpt><trkpt lon="-3.247375" lat="53.2505"><ele>206.5</ele><time>2026-08-03T07:13:55.100Z</time></trkpt><trkpt lon="-3.24775" lat="53.25059"><ele>206.6</ele><time>2026-08-03T07:13:57.400Z</time></trkpt><trkpt lon="-3.24839" lat="53.25066"><ele>206.3</ele><time>2026-08-03T07:14:00.900Z</time></trkpt><trkpt lon="-3.248835" lat="53.250735"><ele>205.6</ele><time>2026-08-03T07:14:03.100Z</time></trkpt><trkpt lon="-3.24928" lat="53.25081"><ele>204.4</ele><time>2026-08-03T07:14:05.100Z</time></trkpt><trkpt lon="-3.2495767" lat="53.25086"><ele>203.3</ele><time>2026-08-03T07:14:06.400Z</time></trkpt><trkpt lon="-3.25017" lat="53.25096"><ele>200.9</ele><time>2026-08-03T07:14:08.900Z</time></trkpt><trkpt lon="-3.2505" lat="53.251055"><ele>199.5</ele><time>2026-08-03T07:14:10.300Z</time></trkpt><trkpt lon="-3.25083" lat="53.25115"><ele>198.7</ele><time>2026-08-03T07:14:12.000Z</time></trkpt><trkpt lon="-3.251165" lat="53.251255"><ele>197.9</ele><time>2026-08-03T07:14:13.700Z</time></trkpt><trkpt lon="-3.2515" lat="53.25136"><ele>197.5</ele><time>2026-08-03T07:14:15.600Z</time></trkpt><trkpt lon="-3.2517975" lat="53.25147"><ele>197.2</ele><time>2026-08-03T07:14:17.400Z</time></trkpt><trkpt lon="-3.252095" lat="53.25158"><ele>196.8</ele><time>2026-08-03T07:14:19.200Z</time></trkpt><trkpt lon="-3.2523925" lat="53.25169"><ele>196.3</ele><time>2026-08-03T07:14:20.900Z</time></trkpt><trkpt lon="-3.25269" lat="53.2518"><ele>195.8</ele><time>2026-08-03T07:14:22.600Z</time></trkpt><trkpt lon="-3.25299" lat="53.2519075"><ele>195.1</ele><time>2026-08-03T07:14:24.200Z</time></trkpt><trkpt lon="-3.25329" lat="53.252015"><ele>194.5</ele><time>2026-08-03T07:14:25.800Z</time></trkpt><trkpt lon="-3.25359" lat="53.2521225"><ele>193.7</ele><time>2026-08-03T07:14:27.400Z</time></trkpt><trkpt lon="-3.25389" lat="53.25223"><ele>193.0</ele><time>2026-08-03T07:14:29.000Z</time></trkpt><trkpt lon="-3.2542167" lat="53.2523333"><ele>191.9</ele><time>2026-08-03T07:14:30.600Z</time></trkpt><trkpt lon="-3.2545433" lat="53.2524367"><ele>190.6</ele><time>2026-08-03T07:14:32.100Z</time></trkpt><trkpt lon="-3.25487" lat="53.25254"><ele>189.2</ele><time>2026-08-03T07:14:33.600Z</time></trkpt><trkpt lon="-3.25545" lat="53.25261"><ele>187.6</ele><time>2026-08-03T07:14:36.100Z</time></trkpt><trkpt lon="-3.25574" lat="53.2526767"><ele>186.9</ele><time>2026-08-03T07:14:37.500Z</time></trkpt><trkpt lon="-3.25632" lat="53.25281"><ele>185.8</ele><time>2026-08-03T07:14:40.400Z</time></trkpt><trkpt lon="-3.25677" lat="53.253"><ele>185.0</ele><time>2026-08-03T07:14:43.100Z</time></trkpt><trkpt lon="-3.25726" lat="53.25315"><ele>183.9</ele><time>2026-08-03T07:14:45.600Z</time></trkpt><trkpt lon="-3.25768" lat="53.25319"><ele>183.1</ele><time>2026-08-03T07:14:47.600Z</time></trkpt><trkpt lon="-3.25824" lat="53.25319"><ele>182.0</ele><time>2026-08-03T07:14:50.200Z</time></trkpt><trkpt lon="-3.25877" lat="53.25323"><ele>180.3</ele><time>2026-08-03T07:14:52.400Z</time></trkpt><trkpt lon="-3.2591033" lat="53.25333"><ele>179.1</ele><time>2026-08-03T07:14:54.000Z</time></trkpt><trkpt lon="-3.2594366" lat="53.25343"><ele>177.9</ele><time>2026-08-03T07:14:55.500Z</time></trkpt><trkpt lon="-3.25977" lat="53.25353"><ele>176.8</ele><time>2026-08-03T07:14:57.100Z</time></trkpt><trkpt lon="-3.26001" lat="53.25358"><ele>177.0</ele><time>2026-08-03T07:14:58.700Z</time></trkpt><trkpt lon="-3.26023" lat="53.2536"><ele>177.5</ele><time>2026-08-03T07:15:00.400Z</time></trkpt><trkpt lon="-3.26051" lat="53.25356"><ele>178.8</ele><time>2026-08-03T07:15:03.500Z</time></trkpt><trkpt lon="-3.2608" lat="53.25349"><ele>180.3</ele><time>2026-08-03T07:15:07.000Z</time></trkpt><trkpt lon="-3.2612" lat="53.25336"><ele>181.7</ele><time>2026-08-03T07:15:11.000Z</time></trkpt><trkpt lon="-3.26159" lat="53.25318"><ele>182.8</ele><time>2026-08-03T07:15:14.800Z</time></trkpt><trkpt lon="-3.2618933" lat="53.2530633"><ele>183.9</ele><time>2026-08-03T07:15:17.900Z</time></trkpt><trkpt lon="-3.2621967" lat="53.2529467"><ele>185.3</ele><time>2026-08-03T07:15:21.400Z</time></trkpt><trkpt lon="-3.2625" lat="53.25283"><ele>186.3</ele><time>2026-08-03T07:15:24.500Z</time></trkpt><trkpt lon="-3.2627867" lat="53.25276"><ele>186.9</ele><time>2026-08-03T07:15:26.700Z</time></trkpt><trkpt lon="-3.26336" lat="53.25262"><ele>187.1</ele><time>2026-08-03T07:15:30.300Z</time></trkpt><trkpt lon="-3.2636433" lat="53.2525533"><ele>187.3</ele><time>2026-08-03T07:15:32.200Z</time></trkpt><trkpt lon="-3.26421" lat="53.25242"><ele>188.3</ele><time>2026-08-03T07:15:36.300Z</time></trkpt><trkpt lon="-3.2646" lat="53.252425"><ele>189.4</ele><time>2026-08-03T07:15:39.600Z</time></trkpt><trkpt lon="-3.26499" lat="53.25243"><ele>190.8</ele><time>2026-08-03T07:15:43.400Z</time></trkpt><trkpt lon="-3.26542" lat="53.25243"><ele>192.5</ele><time>2026-08-03T07:15:47.600Z</time></trkpt><trkpt lon="-3.2657233" lat="53.25243"><ele>193.5</ele><time>2026-08-03T07:15:50.400Z</time></trkpt><trkpt lon="-3.2660267" lat="53.25243"><ele>194.4</ele><time>2026-08-03T07:15:53.100Z</time></trkpt><trkpt lon="-3.26633" lat="53.25243"><ele>195.4</ele><time>2026-08-03T07:15:55.800Z</time></trkpt><trkpt lon="-3.2667" lat="53.25242"><ele>196.5</ele><time>2026-08-03T07:15:59.100Z</time></trkpt><trkpt lon="-3.2669867" lat="53.2523933"><ele>197.0</ele><time>2026-08-03T07:16:01.000Z</time></trkpt><trkpt lon="-3.26756" lat="53.25234"><ele>198.3</ele><time>2026-08-03T07:16:05.500Z</time></trkpt><trkpt lon="-3.2678467" lat="53.25231"><ele>199.1</ele><time>2026-08-03T07:16:07.900Z</time></trkpt><trkpt lon="-3.2681334" lat="53.25228"><ele>199.9</ele><time>2026-08-03T07:16:10.300Z</time></trkpt><trkpt lon="-3.26842" lat="53.25225"><ele>200.8</ele><time>2026-08-03T07:16:12.800Z</time></trkpt><trkpt lon="-3.2688" lat="53.25221"><ele>201.6</ele><time>2026-08-03T07:16:15.600Z</time></trkpt><trkpt lon="-3.26918" lat="53.25217"><ele>202.0</ele><time>2026-08-03T07:16:18.100Z</time></trkpt><trkpt lon="-3.26956" lat="53.25213"><ele>202.3</ele><time>2026-08-03T07:16:20.500Z</time></trkpt><trkpt lon="-3.26994" lat="53.25209"><ele>202.6</ele><time>2026-08-03T07:16:22.900Z</time></trkpt><trkpt lon="-3.27032" lat="53.25205"><ele>203.0</ele><time>2026-08-03T07:16:25.300Z</time></trkpt><trkpt lon="-3.2707" lat="53.25201"><ele>203.1</ele><time>2026-08-03T07:16:27.500Z</time></trkpt><trkpt lon="-3.27092" lat="53.25197"><ele>203.0</ele><time>2026-08-03T07:16:28.700Z</time></trkpt><trkpt lon="-3.27128" lat="53.25184"><ele>202.3</ele><time>2026-08-03T07:16:30.700Z</time></trkpt><trkpt lon="-3.2715967" lat="53.2516533"><ele>201.2</ele><time>2026-08-03T07:16:32.700Z</time></trkpt><trkpt lon="-3.2719133" lat="53.2514667"><ele>200.1</ele><time>2026-08-03T07:16:34.700Z</time></trkpt><trkpt lon="-3.27223" lat="53.25128"><ele>199.2</ele><time>2026-08-03T07:16:36.700Z</time></trkpt><trkpt lon="-3.2725467" lat="53.25109"><ele>198.3</ele><time>2026-08-03T07:16:38.800Z</time></trkpt><trkpt lon="-3.2728633" lat="53.2509"><ele>197.7</ele><time>2026-08-03T07:16:41.000Z</time></trkpt><trkpt lon="-3.27318" lat="53.25071"><ele>196.8</ele><time>2026-08-03T07:16:43.100Z</time></trkpt><trkpt lon="-3.2734967" lat="53.2505233"><ele>195.5</ele><time>2026-08-03T07:16:44.900Z</time></trkpt><trkpt lon="-3.2738133" lat="53.2503367"><ele>193.6</ele><time>2026-08-03T07:16:46.700Z</time></trkpt><trkpt lon="-3.27413" lat="53.25015"><ele>191.7</ele><time>2026-08-03T07:16:48.500Z</time></trkpt><trkpt lon="-3.2744133" lat="53.24997"><ele>190.4</ele><time>2026-08-03T07:16:50.200Z</time></trkpt><trkpt lon="-3.2746967" lat="53.24979"><ele>189.0</ele><time>2026-08-03T07:16:51.900Z</time></trkpt><trkpt lon="-3.27498" lat="53.24961"><ele>188.0</ele><time>2026-08-03T07:16:53.700Z</time></trkpt><trkpt lon="-3.2752667" lat="53.2494267"><ele>187.2</ele><time>2026-08-03T07:16:55.700Z</time></trkpt><trkpt lon="-3.2755533" lat="53.2492433"><ele>186.6</ele><time>2026-08-03T07:16:57.700Z</time></trkpt><trkpt lon="-3.27584" lat="53.24906"><ele>186.3</ele><time>2026-08-03T07:16:59.900Z</time></trkpt><trkpt lon="-3.2761267" lat="53.2488767"><ele>186.1</ele><time>2026-08-03T07:17:02.100Z</time></trkpt><trkpt lon="-3.2764133" lat="53.2486933"><ele>186.2</ele><time>2026-08-03T07:17:04.500Z</time></trkpt><trkpt lon="-3.2767" lat="53.24851"><ele>186.2</ele><time>2026-08-03T07:17:06.900Z</time></trkpt><trkpt lon="-3.2769867" lat="53.24833"><ele>186.3</ele><time>2026-08-03T07:17:09.200Z</time></trkpt><trkpt lon="-3.2772733" lat="53.24815"><ele>186.5</ele><time>2026-08-03T07:17:11.700Z</time></trkpt><trkpt lon="-3.27756" lat="53.247970014092"><ele>186.9</ele><time>2026-08-03T07:17:14.300Z</time></trkpt><trkpt lon="-3.277805" lat="53.2478"><ele>187.6</ele><time>2026-08-03T07:17:17.000Z</time></trkpt><trkpt lon="-3.27805" lat="53.24763"><ele>188.3</ele><time>2026-08-03T07:17:19.600Z</time></trkpt><trkpt lon="-3.2782533" lat="53.2475033"><ele>188.7</ele><time>2026-08-03T07:17:21.500Z</time></trkpt><trkpt lon="-3.27866" lat="53.24725"><ele>188.9</ele><time>2026-08-03T07:17:25.000Z</time></trkpt><trkpt lon="-3.278965" lat="53.247065"><ele>189.0</ele><time>2026-08-03T07:17:27.500Z</time></trkpt><trkpt lon="-3.27927" lat="53.24688"><ele>189.4</ele><time>2026-08-03T07:17:30.200Z</time></trkpt><trkpt lon="-3.2797" lat="53.24663"><ele>190.4</ele><time>2026-08-03T07:17:34.300Z</time></trkpt><trkpt lon="-3.27991" lat="53.24652"><ele>190.8</ele><time>2026-08-03T07:17:36.100Z</time></trkpt><trkpt lon="-3.2803" lat="53.24636"><ele>190.9</ele><time>2026-08-03T07:17:38.900Z</time></trkpt><trkpt lon="-3.28069" lat="53.24622"><ele>190.6</ele><time>2026-08-03T07:17:41.200Z</time></trkpt><trkpt lon="-3.28083" lat="53.24619"><ele>190.5</ele><time>2026-08-03T07:17:42.000Z</time></trkpt><trkpt lon="-3.28107" lat="53.24616"><ele>190.2</ele><time>2026-08-03T07:17:43.200Z</time></trkpt><trkpt lon="-3.28119" lat="53.24617"><ele>190.1</ele><time>2026-08-03T07:17:43.900Z</time></trkpt><trkpt lon="-3.28132" lat="53.24618"><ele>189.9</ele><time>2026-08-03T07:17:44.500Z</time></trkpt><trkpt lon="-3.28152" lat="53.24623"><ele>189.7</ele><time>2026-08-03T07:17:45.600Z</time></trkpt><trkpt lon="-3.2817833" lat="53.24632"><ele>189.3</ele><time>2026-08-03T07:17:47.100Z</time></trkpt><trkpt lon="-3.28231" lat="53.2465"><ele>188.5</ele><time>2026-08-03T07:17:50.000Z</time></trkpt><trkpt lon="-3.2825733" lat="53.2465933"><ele>187.9</ele><time>2026-08-03T07:17:51.500Z</time></trkpt><trkpt lon="-3.2831" lat="53.24678"><ele>187.0</ele><time>2026-08-03T07:17:54.400Z</time></trkpt><trkpt lon="-3.2833" lat="53.24684"><ele>186.7</ele><time>2026-08-03T07:17:55.500Z</time></trkpt><trkpt lon="-3.28363" lat="53.246930014584"><ele>186.3</ele><time>2026-08-03T07:17:57.400Z</time></trkpt><trkpt lon="-3.2838" lat="53.24691"><ele>186.2</ele><time>2026-08-03T07:17:58.300Z</time></trkpt><trkpt lon="-3.28392" lat="53.24688"><ele>186.1</ele><time>2026-08-03T07:17:58.900Z</time></trkpt><trkpt lon="-3.28412" lat="53.24682"><ele>185.8</ele><time>2026-08-03T07:18:00.000Z</time></trkpt><trkpt lon="-3.2844867" lat="53.2466633"><ele>185.5</ele><time>2026-08-03T07:18:02.400Z</time></trkpt><trkpt lon="-3.2848533" lat="53.2465067"><ele>185.0</ele><time>2026-08-03T07:18:04.600Z</time></trkpt><trkpt lon="-3.28522" lat="53.24635"><ele>184.4</ele><time>2026-08-03T07:18:06.800Z</time></trkpt><trkpt lon="-3.2855867" lat="53.2461967"><ele>183.7</ele><time>2026-08-03T07:18:09.000Z</time></trkpt><trkpt lon="-3.2859533" lat="53.2460433"><ele>183.1</ele><time>2026-08-03T07:18:11.200Z</time></trkpt><trkpt lon="-3.28632" lat="53.24589"><ele>182.6</ele><time>2026-08-03T07:18:13.400Z</time></trkpt><trkpt lon="-3.2866867" lat="53.2457333"><ele>182.3</ele><time>2026-08-03T07:18:15.800Z</time></trkpt><trkpt lon="-3.2870533" lat="53.2455767"><ele>182.1</ele><time>2026-08-03T07:18:18.200Z</time></trkpt><trkpt lon="-3.28742" lat="53.24542"><ele>182.2</ele><time>2026-08-03T07:18:20.700Z</time></trkpt><trkpt lon="-3.28766" lat="53.24529"><ele>182.5</ele><time>2026-08-03T07:18:22.800Z</time></trkpt><trkpt lon="-3.28774" lat="53.24522"><ele>182.8</ele><time>2026-08-03T07:18:23.800Z</time></trkpt><trkpt lon="-3.28779" lat="53.24513"><ele>183.2</ele><time>2026-08-03T07:18:25.100Z</time></trkpt><trkpt lon="-3.28784" lat="53.24496"><ele>184.2</ele><time>2026-08-03T07:18:27.700Z</time></trkpt><trkpt lon="-3.28787" lat="53.24476"><ele>185.0</ele><time>2026-08-03T07:18:30.400Z</time></trkpt><trkpt lon="-3.287855" lat="53.244525"><ele>185.1</ele><time>2026-08-03T07:18:32.600Z</time></trkpt><trkpt lon="-3.28784" lat="53.24429"><ele>184.3</ele><time>2026-08-03T07:18:34.400Z</time></trkpt><trkpt lon="-3.28785" lat="53.24418"><ele>183.8</ele><time>2026-08-03T07:18:35.300Z</time></trkpt><trkpt lon="-3.28789" lat="53.24406"><ele>183.4</ele><time>2026-08-03T07:18:36.200Z</time></trkpt><trkpt lon="-3.287985" lat="53.24385"><ele>183.1</ele><time>2026-08-03T07:18:38.000Z</time></trkpt><trkpt lon="-3.28808" lat="53.24364"><ele>183.2</ele><time>2026-08-03T07:18:40.100Z</time></trkpt><trkpt lon="-3.288135" lat="53.243425015137"><ele>183.3</ele><time>2026-08-03T07:18:42.200Z</time></trkpt><trkpt lon="-3.28819" lat="53.24321"><ele>183.0</ele><time>2026-08-03T07:18:44.100Z</time></trkpt><trkpt lon="-3.28826" lat="53.24302"><ele>182.5</ele><time>2026-08-03T07:18:45.700Z</time></trkpt><trkpt lon="-3.28846" lat="53.24271"><ele>181.5</ele><time>2026-08-03T07:18:48.300Z</time></trkpt><trkpt lon="-3.28871" lat="53.24235"><ele>181.1</ele><time>2026-08-03T07:18:51.700Z</time></trkpt><trkpt lon="-3.2888067" lat="53.2421367"><ele>181.3</ele><time>2026-08-03T07:18:53.900Z</time></trkpt><trkpt lon="-3.2889033" lat="53.2419233"><ele>181.7</ele><time>2026-08-03T07:18:56.300Z</time></trkpt><trkpt lon="-3.289" lat="53.24171"><ele>181.9</ele><time>2026-08-03T07:18:58.500Z</time></trkpt><trkpt lon="-3.2890933" lat="53.2414933"><ele>182.1</ele><time>2026-08-03T07:19:00.800Z</time></trkpt><trkpt lon="-3.2891867" lat="53.2412767"><ele>182.2</ele><time>2026-08-03T07:19:03.000Z</time></trkpt><trkpt lon="-3.28928" lat="53.24106"><ele>182.4</ele><time>2026-08-03T07:19:05.100Z</time></trkpt><trkpt lon="-3.28939" lat="53.24082"><ele>182.2</ele><time>2026-08-03T07:19:07.400Z</time></trkpt><trkpt lon="-3.28947" lat="53.2406"><ele>182.3</ele><time>2026-08-03T07:19:09.500Z</time></trkpt><trkpt lon="-3.28951" lat="53.24037"><ele>182.5</ele><time>2026-08-03T07:19:11.800Z</time></trkpt><trkpt lon="-3.28952" lat="53.24015"><ele>182.9</ele><time>2026-08-03T07:19:14.200Z</time></trkpt><trkpt lon="-3.28953" lat="53.23993"><ele>183.3</ele><time>2026-08-03T07:19:16.500Z</time></trkpt><trkpt lon="-3.28954" lat="53.23971"><ele>183.3</ele><time>2026-08-03T07:19:18.600Z</time></trkpt><trkpt lon="-3.28955" lat="53.23949"><ele>183.2</ele><time>2026-08-03T07:19:20.500Z</time></trkpt><trkpt lon="-3.2895625" lat="53.23927"><ele>182.7</ele><time>2026-08-03T07:19:22.300Z</time></trkpt><trkpt lon="-3.289575" lat="53.23905"><ele>182.1</ele><time>2026-08-03T07:19:24.100Z</time></trkpt><trkpt lon="-3.2895875" lat="53.23883"><ele>181.8</ele><time>2026-08-03T07:19:26.000Z</time></trkpt><trkpt lon="-3.2896" lat="53.23861"><ele>181.6</ele><time>2026-08-03T07:19:27.900Z</time></trkpt><trkpt lon="-3.28967" lat="53.23839"><ele>181.7</ele><time>2026-08-03T07:19:30.100Z</time></trkpt><trkpt lon="-3.2898" lat="53.23812"><ele>181.8</ele><time>2026-08-03T07:19:32.800Z</time></trkpt><trkpt lon="-3.289945" lat="53.23787"><ele>181.8</ele><time>2026-08-03T07:19:35.200Z</time></trkpt><trkpt lon="-3.29009" lat="53.23762"><ele>181.2</ele><time>2026-08-03T07:19:37.400Z</time></trkpt><trkpt lon="-3.29017" lat="53.2375"><ele>180.7</ele><time>2026-08-03T07:19:38.400Z</time></trkpt><trkpt lon="-3.2903" lat="53.2374"><ele>179.9</ele><time>2026-08-03T07:19:39.200Z</time></trkpt><trkpt lon="-3.2907" lat="53.23721"><ele>178.0</ele><time>2026-08-03T07:19:41.300Z</time></trkpt><trkpt lon="-3.29121" lat="53.23698"><ele>177.4</ele><time>2026-08-03T07:19:44.500Z</time></trkpt><trkpt lon="-3.29134" lat="53.23694"><ele>177.7</ele><time>2026-08-03T07:19:45.600Z</time></trkpt><trkpt lon="-3.29149" lat="53.23693"><ele>178.2</ele><time>2026-08-03T07:19:47.000Z</time></trkpt><trkpt lon="-3.291905" lat="53.23692"><ele>179.5</ele><time>2026-08-03T07:19:50.700Z</time></trkpt><trkpt lon="-3.29232" lat="53.23691"><ele>179.8</ele><time>2026-08-03T07:19:53.200Z</time></trkpt><trkpt lon="-3.2928" lat="53.23687"><ele>178.4</ele><time>2026-08-03T07:19:55.300Z</time></trkpt><trkpt lon="-3.293175" lat="53.23682"><ele>176.2</ele><time>2026-08-03T07:19:56.800Z</time></trkpt><trkpt lon="-3.29355" lat="53.23677"><ele>173.5</ele><time>2026-08-03T07:19:58.500Z</time></trkpt><trkpt lon="-3.29393" lat="53.23672"><ele>171.5</ele><time>2026-08-03T07:20:00.000Z</time></trkpt><trkpt lon="-3.29431" lat="53.236670016095"><ele>168.7</ele><time>2026-08-03T07:20:01.700Z</time></trkpt><trkpt lon="-3.29477" lat="53.236665"><ele>166.2</ele><time>2026-08-03T07:20:03.500Z</time></trkpt><trkpt lon="-3.29523" lat="53.23666"><ele>163.4</ele><time>2026-08-03T07:20:05.400Z</time></trkpt><trkpt lon="-3.295625" lat="53.236675"><ele>161.3</ele><time>2026-08-03T07:20:06.900Z</time></trkpt><trkpt lon="-3.29602" lat="53.23669"><ele>157.5</ele><time>2026-08-03T07:20:08.700Z</time></trkpt><trkpt lon="-3.296455" lat="53.23667"><ele>154.1</ele><time>2026-08-03T07:20:10.700Z</time></trkpt><trkpt lon="-3.29689" lat="53.23665"><ele>151.3</ele><time>2026-08-03T07:20:12.600Z</time></trkpt><trkpt lon="-3.297325" lat="53.236635"><ele>148.9</ele><time>2026-08-03T07:20:14.300Z</time></trkpt><trkpt lon="-3.29776" lat="53.23662"><ele>146.6</ele><time>2026-08-03T07:20:16.000Z</time></trkpt><trkpt lon="-3.298135" lat="53.23663"><ele>144.6</ele><time>2026-08-03T07:20:17.400Z</time></trkpt><trkpt lon="-3.29851" lat="53.23664"><ele>142.9</ele><time>2026-08-03T07:20:18.900Z</time></trkpt><trkpt lon="-3.29889" lat="53.236645"><ele>140.1</ele><time>2026-08-03T07:20:20.600Z</time></trkpt><trkpt lon="-3.29927" lat="53.23665"><ele>136.9</ele><time>2026-08-03T07:20:22.400Z</time></trkpt><trkpt lon="-3.29952" lat="53.23661"><ele>134.2</ele><time>2026-08-03T07:20:23.500Z</time></trkpt><trkpt lon="-3.3" lat="53.23639"><ele>127.1</ele><time>2026-08-03T07:20:26.200Z</time></trkpt><trkpt lon="-3.30055" lat="53.23624"><ele>121.1</ele><time>2026-08-03T07:20:28.900Z</time></trkpt><trkpt lon="-3.30103" lat="53.23603"><ele>116.9</ele><time>2026-08-03T07:20:31.500Z</time></trkpt><trkpt lon="-3.30155" lat="53.23575"><ele>112.0</ele><time>2026-08-03T07:20:34.600Z</time></trkpt><trkpt lon="-3.3017" lat="53.23558"><ele>109.4</ele><time>2026-08-03T07:20:36.100Z</time></trkpt><trkpt lon="-3.30183" lat="53.23534"><ele>106.0</ele><time>2026-08-03T07:20:38.000Z</time></trkpt><trkpt lon="-3.30196" lat="53.2351"><ele>102.9</ele><time>2026-08-03T07:20:39.900Z</time></trkpt><trkpt lon="-3.302085" lat="53.23486"><ele>99.9</ele><time>2026-08-03T07:20:41.700Z</time></trkpt><trkpt lon="-3.30221" lat="53.23462"><ele>97.2</ele><time>2026-08-03T07:20:43.500Z</time></trkpt><trkpt lon="-3.30231" lat="53.23452"><ele>96.1</ele><time>2026-08-03T07:20:44.300Z</time></trkpt><trkpt lon="-3.30242" lat="53.23442"><ele>94.9</ele><time>2026-08-03T07:20:45.100Z</time></trkpt><trkpt lon="-3.30246" lat="53.2344"><ele>94.6</ele><time>2026-08-03T07:20:45.300Z</time></trkpt><trkpt lon="-3.30253" lat="53.23439001679"><ele>94.1</ele><time>2026-08-03T07:20:45.600Z</time></trkpt><trkpt lon="-3.30264" lat="53.2344"><ele>93.6</ele><time>2026-08-03T07:20:46.000Z</time></trkpt><trkpt lon="-3.30289" lat="53.23447"><ele>92.8</ele><time>2026-08-03T07:20:47.200Z</time></trkpt><trkpt lon="-3.30311" lat="53.2345"><ele>92.5</ele><time>2026-08-03T07:20:48.300Z</time></trkpt><trkpt lon="-3.30327" lat="53.23449"><ele>92.4</ele><time>2026-08-03T07:20:49.100Z</time></trkpt><trkpt lon="-3.30347" lat="53.23446"><ele>92.3</ele><time>2026-08-03T07:20:50.200Z</time></trkpt><trkpt lon="-3.30381" lat="53.23432"><ele>91.9</ele><time>2026-08-03T07:20:52.300Z</time></trkpt><trkpt lon="-3.30415" lat="53.23418"><ele>91.4</ele><time>2026-08-03T07:20:54.400Z</time></trkpt><trkpt lon="-3.30418" lat="53.2341"><ele>91.3</ele><time>2026-08-03T07:20:55.100Z</time></trkpt><trkpt lon="-3.3045033" lat="53.2341467"><ele>91.1</ele><time>2026-08-03T07:20:56.800Z</time></trkpt><trkpt lon="-3.30515" lat="53.23424"><ele>90.8</ele><time>2026-08-03T07:21:00.300Z</time></trkpt><trkpt lon="-3.30566" lat="53.23432"><ele>90.4</ele><time>2026-08-03T07:21:03.100Z</time></trkpt><trkpt lon="-3.3062" lat="53.23443"><ele>89.8</ele><time>2026-08-03T07:21:05.900Z</time></trkpt><trkpt lon="-3.3065233" lat="53.23448"><ele>89.5</ele><time>2026-08-03T07:21:07.700Z</time></trkpt><trkpt lon="-3.30717" lat="53.23458"><ele>89.1</ele><time>2026-08-03T07:21:11.200Z</time></trkpt><trkpt lon="-3.30779" lat="53.23463"><ele>88.8</ele><time>2026-08-03T07:21:14.500Z</time></trkpt><trkpt lon="-3.308175" lat="53.23467"><ele>88.8</ele><time>2026-08-03T07:21:16.700Z</time></trkpt><trkpt lon="-3.30856" lat="53.23471"><ele>88.8</ele><time>2026-08-03T07:21:18.800Z</time></trkpt><trkpt lon="-3.3089467" lat="53.23477"><ele>88.9</ele><time>2026-08-03T07:21:21.100Z</time></trkpt><trkpt lon="-3.3093333" lat="53.23483"><ele>88.9</ele><time>2026-08-03T07:21:23.300Z</time></trkpt><trkpt lon="-3.30972" lat="53.23489"><ele>88.8</ele><time>2026-08-03T07:21:25.500Z</time></trkpt><trkpt lon="-3.31006" lat="53.23496"><ele>88.8</ele><time>2026-08-03T07:21:27.500Z</time></trkpt><trkpt lon="-3.3104367" lat="53.2350333"><ele>88.6</ele><time>2026-08-03T07:21:29.600Z</time></trkpt><trkpt lon="-3.3108133" lat="53.2351067"><ele>88.5</ele><time>2026-08-03T07:21:31.700Z</time></trkpt><trkpt lon="-3.31119" lat="53.23518"><ele>88.2</ele><time>2026-08-03T07:21:33.700Z</time></trkpt><trkpt lon="-3.3115633" lat="53.2352533"><ele>87.6</ele><time>2026-08-03T07:21:35.600Z</time></trkpt><trkpt lon="-3.3119367" lat="53.2353267"><ele>86.6</ele><time>2026-08-03T07:21:37.400Z</time></trkpt><trkpt lon="-3.31231" lat="53.2354"><ele>85.4</ele><time>2026-08-03T07:21:39.000Z</time></trkpt><trkpt lon="-3.312755" lat="53.235455"><ele>84.2</ele><time>2026-08-03T07:21:41.000Z</time></trkpt><trkpt lon="-3.3132" lat="53.23551"><ele>83.2</ele><time>2026-08-03T07:21:43.000Z</time></trkpt><trkpt lon="-3.313645" lat="53.235565"><ele>82.3</ele><time>2026-08-03T07:21:45.100Z</time></trkpt><trkpt lon="-3.31409" lat="53.23562"><ele>81.4</ele><time>2026-08-03T07:21:47.200Z</time></trkpt><trkpt lon="-3.3144325" lat="53.23566"><ele>80.6</ele><time>2026-08-03T07:21:48.800Z</time></trkpt><trkpt lon="-3.314775" lat="53.2357"><ele>80.0</ele><time>2026-08-03T07:21:50.500Z</time></trkpt><trkpt lon="-3.3151175" lat="53.23574"><ele>79.6</ele><time>2026-08-03T07:21:52.200Z</time></trkpt><trkpt lon="-3.31546" lat="53.23578"><ele>79.2</ele><time>2026-08-03T07:21:54.000Z</time></trkpt><trkpt lon="-3.3158025" lat="53.23582"><ele>79.0</ele><time>2026-08-03T07:21:55.800Z</time></trkpt><trkpt lon="-3.316145" lat="53.23586"><ele>78.7</ele><time>2026-08-03T07:21:57.600Z</time></trkpt><trkpt lon="-3.3164875" lat="53.2359"><ele>78.4</ele><time>2026-08-03T07:21:59.400Z</time></trkpt><trkpt lon="-3.31683" lat="53.23594"><ele>78.1</ele><time>2026-08-03T07:22:01.200Z</time></trkpt><trkpt lon="-3.31717" lat="53.2359825"><ele>77.9</ele><time>2026-08-03T07:22:03.000Z</time></trkpt><trkpt lon="-3.31751" lat="53.236025"><ele>77.7</ele><time>2026-08-03T07:22:04.800Z</time></trkpt><trkpt lon="-3.31785" lat="53.2360675"><ele>77.5</ele><time>2026-08-03T07:22:06.600Z</time></trkpt><trkpt lon="-3.31819" lat="53.23611"><ele>77.3</ele><time>2026-08-03T07:22:08.500Z</time></trkpt><trkpt lon="-3.3186333" lat="53.2361467"><ele>77.1</ele><time>2026-08-03T07:22:10.800Z</time></trkpt><trkpt lon="-3.3190767" lat="53.2361833"><ele>76.8</ele><time>2026-08-03T07:22:13.200Z</time></trkpt><trkpt lon="-3.31952" lat="53.23622"><ele>76.5</ele><time>2026-08-03T07:22:15.500Z</time></trkpt><trkpt lon="-3.3198467" lat="53.2362367"><ele>76.2</ele><time>2026-08-03T07:22:17.200Z</time></trkpt><trkpt lon="-3.3205" lat="53.23627"><ele>75.6</ele><time>2026-08-03T07:22:20.500Z</time></trkpt><trkpt lon="-3.3208267" lat="53.2362833"><ele>75.4</ele><time>2026-08-03T07:22:22.200Z</time></trkpt><trkpt lon="-3.32148" lat="53.23631"><ele>75.0</ele><time>2026-08-03T07:22:25.700Z</time></trkpt><trkpt lon="-3.32201" lat="53.23635"><ele>74.8</ele><time>2026-08-03T07:22:28.500Z</time></trkpt><trkpt lon="-3.32265" lat="53.23639"><ele>74.5</ele><time>2026-08-03T07:22:32.000Z</time></trkpt><trkpt lon="-3.322995" lat="53.236425"><ele>74.4</ele><time>2026-08-03T07:22:33.800Z</time></trkpt><trkpt lon="-3.32334" lat="53.23646"><ele>74.2</ele><time>2026-08-03T07:22:35.700Z</time></trkpt><trkpt lon="-3.32386" lat="53.23655"><ele>73.7</ele><time>2026-08-03T07:22:38.400Z</time></trkpt><trkpt lon="-3.324265" lat="53.23663"><ele>73.2</ele><time>2026-08-03T07:22:40.600Z</time></trkpt><trkpt lon="-3.32467" lat="53.23671"><ele>72.8</ele><time>2026-08-03T07:22:42.700Z</time></trkpt><trkpt lon="-3.32503" lat="53.236785"><ele>72.3</ele><time>2026-08-03T07:22:44.600Z</time></trkpt><trkpt lon="-3.32539" lat="53.23686"><ele>71.7</ele><time>2026-08-03T07:22:46.400Z</time></trkpt><trkpt lon="-3.32586" lat="53.23692"><ele>71.2</ele><time>2026-08-03T07:22:48.800Z</time></trkpt><trkpt lon="-3.32649" lat="53.23699"><ele>70.2</ele><time>2026-08-03T07:22:51.900Z</time></trkpt><trkpt lon="-3.3268367" lat="53.2370067"><ele>69.7</ele><time>2026-08-03T07:22:53.600Z</time></trkpt><trkpt lon="-3.3271833" lat="53.2370234"><ele>69.4</ele><time>2026-08-03T07:22:55.400Z</time></trkpt><trkpt lon="-3.32753" lat="53.23704"><ele>69.0</ele><time>2026-08-03T07:22:57.100Z</time></trkpt><trkpt lon="-3.3278767" lat="53.2370567"><ele>68.8</ele><time>2026-08-03T07:22:59.000Z</time></trkpt><trkpt lon="-3.3282233" lat="53.2370734"><ele>68.7</ele><time>2026-08-03T07:23:00.800Z</time></trkpt><trkpt lon="-3.32857" lat="53.23709"><ele>68.5</ele><time>2026-08-03T07:23:02.700Z</time></trkpt><trkpt lon="-3.3289167" lat="53.2371067"><ele>68.3</ele><time>2026-08-03T07:23:04.500Z</time></trkpt><trkpt lon="-3.3292633" lat="53.2371234"><ele>68.2</ele><time>2026-08-03T07:23:06.400Z</time></trkpt><trkpt lon="-3.32961" lat="53.23714"><ele>68.1</ele><time>2026-08-03T07:23:08.300Z</time></trkpt><trkpt lon="-3.33009" lat="53.23714"><ele>67.9</ele><time>2026-08-03T07:23:10.800Z</time></trkpt><trkpt lon="-3.330475" lat="53.23711"><ele>67.8</ele><time>2026-08-03T07:23:12.900Z</time></trkpt><trkpt lon="-3.33086" lat="53.23708"><ele>67.6</ele><time>2026-08-03T07:23:15.000Z</time></trkpt><trkpt lon="-3.33147" lat="53.23701"><ele>67.4</ele><time>2026-08-03T07:23:18.300Z</time></trkpt><trkpt lon="-3.33182" lat="53.2369833"><ele>67.2</ele><time>2026-08-03T07:23:20.200Z</time></trkpt><trkpt lon="-3.33217" lat="53.2369567"><ele>67.1</ele><time>2026-08-03T07:23:22.100Z</time></trkpt><trkpt lon="-3.33252" lat="53.23693"><ele>67.0</ele><time>2026-08-03T07:23:24.000Z</time></trkpt><trkpt lon="-3.33286" lat="53.23689"><ele>66.8</ele><time>2026-08-03T07:23:25.800Z</time></trkpt><trkpt lon="-3.33344" lat="53.23679"><ele>66.5</ele><time>2026-08-03T07:23:29.000Z</time></trkpt><trkpt lon="-3.33391" lat="53.23669"><ele>66.1</ele><time>2026-08-03T07:23:31.600Z</time></trkpt><trkpt lon="-3.33409" lat="53.23662"><ele>65.8</ele><time>2026-08-03T07:23:32.600Z</time></trkpt><trkpt lon="-3.33427" lat="53.23654"><ele>65.5</ele><time>2026-08-03T07:23:33.700Z</time></trkpt><trkpt lon="-3.33457" lat="53.23635"><ele>64.9</ele><time>2026-08-03T07:23:35.900Z</time></trkpt><trkpt lon="-3.33492" lat="53.2361"><ele>64.4</ele><time>2026-08-03T07:23:38.600Z</time></trkpt><trkpt lon="-3.33528" lat="53.23589"><ele>64.0</ele><time>2026-08-03T07:23:41.200Z</time></trkpt><trkpt lon="-3.33563" lat="53.23575"><ele>63.8</ele><time>2026-08-03T07:23:43.500Z</time></trkpt><trkpt lon="-3.33596" lat="53.23565"><ele>63.7</ele><time>2026-08-03T07:23:45.500Z</time></trkpt><trkpt lon="-3.33629" lat="53.23555"><ele>63.6</ele><time>2026-08-03T07:23:47.500Z</time></trkpt><trkpt lon="-3.33659" lat="53.23547"><ele>63.5</ele><time>2026-08-03T07:23:49.200Z</time></trkpt><trkpt lon="-3.33703" lat="53.23539"><ele>63.3</ele><time>2026-08-03T07:23:51.700Z</time></trkpt><trkpt lon="-3.33747" lat="53.23531"><ele>63.2</ele><time>2026-08-03T07:23:54.200Z</time></trkpt><trkpt lon="-3.33792" lat="53.23522"><ele>63.0</ele><time>2026-08-03T07:23:56.700Z</time></trkpt><trkpt lon="-3.3382833" lat="53.2351067"><ele>62.9</ele><time>2026-08-03T07:23:58.900Z</time></trkpt><trkpt lon="-3.3386467" lat="53.2349933"><ele>62.7</ele><time>2026-08-03T07:24:01.100Z</time></trkpt><trkpt lon="-3.33901" lat="53.23488"><ele>62.5</ele><time>2026-08-03T07:24:03.300Z</time></trkpt><trkpt lon="-3.33942" lat="53.23477"><ele>62.4</ele><time>2026-08-03T07:24:05.700Z</time></trkpt><trkpt lon="-3.33985" lat="53.23471"><ele>62.2</ele><time>2026-08-03T07:24:08.100Z</time></trkpt><trkpt lon="-3.34018" lat="53.23468"><ele>62.1</ele><time>2026-08-03T07:24:09.900Z</time></trkpt><trkpt lon="-3.34036" lat="53.23464"><ele>62.0</ele><time>2026-08-03T07:24:10.900Z</time></trkpt><trkpt lon="-3.34056" lat="53.23459"><ele>61.9</ele><time>2026-08-03T07:24:12.000Z</time></trkpt><trkpt lon="-3.34077" lat="53.23451"><ele>61.8</ele><time>2026-08-03T07:24:13.400Z</time></trkpt><trkpt lon="-3.34096" lat="53.23441"><ele>61.8</ele><time>2026-08-03T07:24:14.800Z</time></trkpt><trkpt lon="-3.34113" lat="53.23427"><ele>61.9</ele><time>2026-08-03T07:24:16.400Z</time></trkpt><trkpt lon="-3.34125" lat="53.23412"><ele>61.9</ele><time>2026-08-03T07:24:18.000Z</time></trkpt><trkpt lon="-3.3413633" lat="53.2339067"><ele>62.3</ele><time>2026-08-03T07:24:20.400Z</time></trkpt><trkpt lon="-3.3414767" lat="53.2336934"><ele>62.4</ele><time>2026-08-03T07:24:22.500Z</time></trkpt><trkpt lon="-3.34159" lat="53.23348"><ele>62.4</ele><time>2026-08-03T07:24:24.600Z</time></trkpt><trkpt lon="-3.34169" lat="53.23327"><ele>62.0</ele><time>2026-08-03T07:24:26.500Z</time></trkpt><trkpt lon="-3.34179" lat="53.23306"><ele>61.6</ele><time>2026-08-03T07:24:28.300Z</time></trkpt><trkpt lon="-3.34194" lat="53.23284"><ele>61.4</ele><time>2026-08-03T07:24:30.400Z</time></trkpt><trkpt lon="-3.34217" lat="53.23261"><ele>61.5</ele><time>2026-08-03T07:24:32.900Z</time></trkpt><trkpt lon="-3.34234" lat="53.2324567"><ele>61.5</ele><time>2026-08-03T07:24:34.700Z</time></trkpt><trkpt lon="-3.34268" lat="53.23215"><ele>61.6</ele><time>2026-08-03T07:24:38.100Z</time></trkpt><trkpt lon="-3.34297" lat="53.23193"><ele>61.9</ele><time>2026-08-03T07:24:41.000Z</time></trkpt><trkpt lon="-3.34337" lat="53.23168"><ele>62.9</ele><time>2026-08-03T07:24:45.000Z</time></trkpt><trkpt lon="-3.3437" lat="53.23152"><ele>63.5</ele><time>2026-08-03T07:24:47.900Z</time></trkpt><trkpt lon="-3.34404" lat="53.23139"><ele>63.7</ele><time>2026-08-03T07:24:50.200Z</time></trkpt><trkpt lon="-3.34445" lat="53.23125"><ele>63.5</ele><time>2026-08-03T07:24:52.800Z</time></trkpt><trkpt lon="-3.34484" lat="53.23112"><ele>62.9</ele><time>2026-08-03T07:24:54.900Z</time></trkpt><trkpt lon="-3.34505" lat="53.23104"><ele>62.5</ele><time>2026-08-03T07:24:56.100Z</time></trkpt><trkpt lon="-3.34534" lat="53.23086"><ele>62.3</ele><time>2026-08-03T07:24:58.300Z</time></trkpt><trkpt lon="-3.3455767" lat="53.2306867"><ele>62.5</ele><time>2026-08-03T07:25:00.500Z</time></trkpt><trkpt lon="-3.3458134" lat="53.2305134"><ele>62.5</ele><time>2026-08-03T07:25:02.700Z</time></trkpt><trkpt lon="-3.34605" lat="53.23034"><ele>62.6</ele><time>2026-08-03T07:25:04.800Z</time></trkpt><trkpt lon="-3.3462775" lat="53.2301825"><ele>62.4</ele><time>2026-08-03T07:25:06.600Z</time></trkpt><trkpt lon="-3.346505" lat="53.230025"><ele>62.1</ele><time>2026-08-03T07:25:08.400Z</time></trkpt><trkpt lon="-3.3467325" lat="53.2298675"><ele>61.7</ele><time>2026-08-03T07:25:10.100Z</time></trkpt><trkpt lon="-3.34696" lat="53.22971"><ele>61.3</ele><time>2026-08-03T07:25:11.900Z</time></trkpt><trkpt lon="-3.34718" lat="53.22951"><ele>61.0</ele><time>2026-08-03T07:25:13.900Z</time></trkpt><trkpt lon="-3.34734" lat="53.22935"><ele>60.9</ele><time>2026-08-03T07:25:15.600Z</time></trkpt><trkpt lon="-3.3475" lat="53.2291667"><ele>60.7</ele><time>2026-08-03T07:25:17.400Z</time></trkpt><trkpt lon="-3.34766" lat="53.2289834"><ele>60.5</ele><time>2026-08-03T07:25:19.300Z</time></trkpt><trkpt lon="-3.34782" lat="53.2288"><ele>60.4</ele><time>2026-08-03T07:25:21.100Z</time></trkpt><trkpt lon="-3.3479767" lat="53.22862"><ele>60.0</ele><time>2026-08-03T07:25:22.800Z</time></trkpt><trkpt lon="-3.34829" lat="53.22826"><ele>58.9</ele><time>2026-08-03T07:25:26.000Z</time></trkpt><trkpt lon="-3.3484467" lat="53.2280767"><ele>58.4</ele><time>2026-08-03T07:25:27.700Z</time></trkpt><trkpt lon="-3.3486033" lat="53.2278933"><ele>58.0</ele><time>2026-08-03T07:25:29.400Z</time></trkpt><trkpt lon="-3.34876" lat="53.22771"><ele>57.6</ele><time>2026-08-03T07:25:31.100Z</time></trkpt><trkpt lon="-3.3489067" lat="53.2275833"><ele>57.2</ele><time>2026-08-03T07:25:32.400Z</time></trkpt><trkpt lon="-3.3490533" lat="53.2274567"><ele>56.8</ele><time>2026-08-03T07:25:33.600Z</time></trkpt><trkpt lon="-3.3492" lat="53.22733"><ele>56.4</ele><time>2026-08-03T07:25:34.800Z</time></trkpt><trkpt lon="-3.34937" lat="53.22716"><ele>55.7</ele><time>2026-08-03T07:25:36.300Z</time></trkpt><trkpt lon="-3.34948" lat="53.22701"><ele>55.0</ele><time>2026-08-03T07:25:37.500Z</time></trkpt><trkpt lon="-3.34956" lat="53.22681"><ele>54.1</ele><time>2026-08-03T07:25:39.000Z</time></trkpt><trkpt lon="-3.34963" lat="53.2265633"><ele>53.1</ele><time>2026-08-03T07:25:40.900Z</time></trkpt><trkpt lon="-3.3497" lat="53.2263167"><ele>52.7</ele><time>2026-08-03T07:25:43.000Z</time></trkpt><trkpt lon="-3.34977" lat="53.22607"><ele>52.7</ele><time>2026-08-03T07:25:45.300Z</time></trkpt><trkpt lon="-3.3497967" lat="53.2258733"><ele>52.8</ele><time>2026-08-03T07:25:47.300Z</time></trkpt><trkpt lon="-3.3498234" lat="53.2256767"><ele>53.2</ele><time>2026-08-03T07:25:49.300Z</time></trkpt><trkpt lon="-3.34985" lat="53.22548"><ele>53.5</ele><time>2026-08-03T07:25:51.500Z</time></trkpt><trkpt lon="-3.34992" lat="53.22525"><ele>54.0</ele><time>2026-08-03T07:25:54.000Z</time></trkpt><trkpt lon="-3.3500033" lat="53.22506"><ele>54.2</ele><time>2026-08-03T07:25:56.000Z</time></trkpt><trkpt lon="-3.35017" lat="53.22468"><ele>53.9</ele><time>2026-08-03T07:25:59.500Z</time></trkpt><trkpt lon="-3.35034" lat="53.22444"><ele>53.5</ele><time>2026-08-03T07:26:01.700Z</time></trkpt><trkpt lon="-3.3505067" lat="53.2242433"><ele>53.1</ele><time>2026-08-03T07:26:03.500Z</time></trkpt><trkpt lon="-3.3506734" lat="53.2240467"><ele>52.7</ele><time>2026-08-03T07:26:05.400Z</time></trkpt><trkpt lon="-3.35084" lat="53.22385"><ele>52.3</ele><time>2026-08-03T07:26:07.200Z</time></trkpt><trkpt lon="-3.35105" lat="53.22359"><ele>51.4</ele><time>2026-08-03T07:26:09.500Z</time></trkpt><trkpt lon="-3.35114" lat="53.2234033"><ele>50.9</ele><time>2026-08-03T07:26:11.100Z</time></trkpt><trkpt lon="-3.35132" lat="53.22303"><ele>50.2</ele><time>2026-08-03T07:26:14.300Z</time></trkpt><trkpt lon="-3.35141" lat="53.2228433"><ele>49.9</ele><time>2026-08-03T07:26:15.900Z</time></trkpt><trkpt lon="-3.35159" lat="53.22247"><ele>48.9</ele><time>2026-08-03T07:26:19.100Z</time></trkpt><trkpt lon="-3.3516867" lat="53.2222933"><ele>48.4</ele><time>2026-08-03T07:26:20.600Z</time></trkpt><trkpt lon="-3.35188" lat="53.22194"><ele>47.9</ele><time>2026-08-03T07:26:23.800Z</time></trkpt><trkpt lon="-3.35198" lat="53.2217633"><ele>47.7</ele><time>2026-08-03T07:26:25.400Z</time></trkpt><trkpt lon="-3.35218" lat="53.22141"><ele>47.3</ele><time>2026-08-03T07:26:28.700Z</time></trkpt><trkpt lon="-3.35229" lat="53.22125"><ele>47.2</ele><time>2026-08-03T07:26:30.200Z</time></trkpt><trkpt lon="-3.35239" lat="53.22115"><ele>47.1</ele><time>2026-08-03T07:26:31.200Z</time></trkpt><trkpt lon="-3.35262" lat="53.220965"><ele>46.5</ele><time>2026-08-03T07:26:33.100Z</time></trkpt><trkpt lon="-3.35285" lat="53.22078"><ele>45.9</ele><time>2026-08-03T07:26:34.900Z</time></trkpt><trkpt lon="-3.35304" lat="53.22066"><ele>45.4</ele><time>2026-08-03T07:26:36.200Z</time></trkpt><trkpt lon="-3.35336" lat="53.22048"><ele>44.8</ele><time>2026-08-03T07:26:38.400Z</time></trkpt><trkpt lon="-3.35369" lat="53.22032"><ele>44.6</ele><time>2026-08-03T07:26:40.600Z</time></trkpt><trkpt lon="-3.35402" lat="53.22016"><ele>44.2</ele><time>2026-08-03T07:26:42.800Z</time></trkpt><trkpt lon="-3.3543233" lat="53.22003"><ele>43.9</ele><time>2026-08-03T07:26:44.700Z</time></trkpt><trkpt lon="-3.3546267" lat="53.2199"><ele>43.9</ele><time>2026-08-03T07:26:46.800Z</time></trkpt><trkpt lon="-3.35493" lat="53.21977"><ele>43.8</ele><time>2026-08-03T07:26:48.800Z</time></trkpt><trkpt lon="-3.35527" lat="53.21963"><ele>44.0</ele><time>2026-08-03T07:26:51.200Z</time></trkpt><trkpt lon="-3.35561" lat="53.21949"><ele>44.0</ele><time>2026-08-03T07:26:53.600Z</time></trkpt><trkpt lon="-3.3559" lat="53.2193633"><ele>44.1</ele><time>2026-08-03T07:26:55.600Z</time></trkpt><trkpt lon="-3.35619" lat="53.2192367"><ele>44.1</ele><time>2026-08-03T07:26:57.600Z</time></trkpt><trkpt lon="-3.35648" lat="53.21911"><ele>44.1</ele><time>2026-08-03T07:26:59.600Z</time></trkpt><trkpt lon="-3.35696" lat="53.21885"><ele>43.8</ele><time>2026-08-03T07:27:03.000Z</time></trkpt><trkpt lon="-3.35731" lat="53.21865"><ele>43.7</ele><time>2026-08-03T07:27:05.600Z</time></trkpt><trkpt lon="-3.35757" lat="53.21848"><ele>43.4</ele><time>2026-08-03T07:27:07.700Z</time></trkpt><trkpt lon="-3.35783" lat="53.21831"><ele>43.2</ele><time>2026-08-03T07:27:09.700Z</time></trkpt><trkpt lon="-3.35809" lat="53.218145"><ele>42.7</ele><time>2026-08-03T07:27:11.500Z</time></trkpt><trkpt lon="-3.35835" lat="53.21798"><ele>42.2</ele><time>2026-08-03T07:27:13.400Z</time></trkpt><trkpt lon="-3.35874" lat="53.21775"><ele>41.2</ele><time>2026-08-03T07:27:16.000Z</time></trkpt><trkpt lon="-3.35901" lat="53.2176"><ele>40.4</ele><time>2026-08-03T07:27:17.600Z</time></trkpt><trkpt lon="-3.35928" lat="53.21745"><ele>39.5</ele><time>2026-08-03T07:27:19.300Z</time></trkpt><trkpt lon="-3.35954" lat="53.21735"><ele>38.8</ele><time>2026-08-03T07:27:20.700Z</time></trkpt><trkpt lon="-3.36006" lat="53.21715"><ele>37.6</ele><time>2026-08-03T07:27:23.500Z</time></trkpt><trkpt lon="-3.360445" lat="53.21702"><ele>37.2</ele><time>2026-08-03T07:27:25.800Z</time></trkpt><trkpt lon="-3.36083" lat="53.21689"><ele>37.0</ele><time>2026-08-03T07:27:28.100Z</time></trkpt><trkpt lon="-3.36122" lat="53.21676"><ele>36.7</ele><time>2026-08-03T07:27:30.500Z</time></trkpt><trkpt lon="-3.36161" lat="53.21663"><ele>36.5</ele><time>2026-08-03T07:27:32.900Z</time></trkpt><trkpt lon="-3.36222" lat="53.21646"><ele>36.1</ele><time>2026-08-03T07:27:36.400Z</time></trkpt><trkpt lon="-3.36279" lat="53.21632"><ele>35.9</ele><time>2026-08-03T07:27:39.700Z</time></trkpt><trkpt lon="-3.36313" lat="53.21626"><ele>35.8</ele><time>2026-08-03T07:27:41.600Z</time></trkpt><trkpt lon="-3.36347" lat="53.2162"><ele>35.6</ele><time>2026-08-03T07:27:43.500Z</time></trkpt><trkpt lon="-3.363805" lat="53.216155"><ele>35.5</ele><time>2026-08-03T07:27:45.300Z</time></trkpt><trkpt lon="-3.36414" lat="53.21611"><ele>35.4</ele><time>2026-08-03T07:27:47.200Z</time></trkpt><trkpt lon="-3.36479" lat="53.21605"><ele>35.0</ele><time>2026-08-03T07:27:50.700Z</time></trkpt><trkpt lon="-3.36538" lat="53.21602"><ele>34.6</ele><time>2026-08-03T07:27:53.700Z</time></trkpt><trkpt lon="-3.365765" lat="53.21601"><ele>34.4</ele><time>2026-08-03T07:27:55.800Z</time></trkpt><trkpt lon="-3.36615" lat="53.216"><ele>34.2</ele><time>2026-08-03T07:27:57.800Z</time></trkpt><trkpt lon="-3.36654" lat="53.216005"><ele>34.1</ele><time>2026-08-03T07:27:59.900Z</time></trkpt><trkpt lon="-3.36693" lat="53.21601"><ele>33.9</ele><time>2026-08-03T07:28:02.000Z</time></trkpt><trkpt lon="-3.367325" lat="53.216015"><ele>33.9</ele><time>2026-08-03T07:28:04.200Z</time></trkpt><trkpt lon="-3.36772" lat="53.21602"><ele>33.8</ele><time>2026-08-03T07:28:06.300Z</time></trkpt><trkpt lon="-3.36821" lat="53.21604"><ele>33.7</ele><time>2026-08-03T07:28:09.000Z</time></trkpt><trkpt lon="-3.368615" lat="53.21606"><ele>33.7</ele><time>2026-08-03T07:28:11.300Z</time></trkpt><trkpt lon="-3.36902" lat="53.21608"><ele>33.8</ele><time>2026-08-03T07:28:13.600Z</time></trkpt><trkpt lon="-3.36941" lat="53.2161067"><ele>33.9</ele><time>2026-08-03T07:28:15.800Z</time></trkpt><trkpt lon="-3.3698" lat="53.2161333"><ele>34.0</ele><time>2026-08-03T07:28:18.100Z</time></trkpt><trkpt lon="-3.37019" lat="53.21616"><ele>34.2</ele><time>2026-08-03T07:28:20.400Z</time></trkpt><trkpt lon="-3.37058" lat="53.21619"><ele>34.4</ele><time>2026-08-03T07:28:22.800Z</time></trkpt><trkpt lon="-3.37097" lat="53.21622"><ele>34.6</ele><time>2026-08-03T07:28:25.100Z</time></trkpt><trkpt lon="-3.37136" lat="53.21625"><ele>34.9</ele><time>2026-08-03T07:28:27.600Z</time></trkpt><trkpt lon="-3.3717967" lat="53.2162967"><ele>35.2</ele><time>2026-08-03T07:28:30.300Z</time></trkpt><trkpt lon="-3.3722333" lat="53.2163433"><ele>35.4</ele><time>2026-08-03T07:28:32.900Z</time></trkpt><trkpt lon="-3.37267" lat="53.21639"><ele>35.3</ele><time>2026-08-03T07:28:35.300Z</time></trkpt><trkpt lon="-3.373" lat="53.216425"><ele>35.2</ele><time>2026-08-03T07:28:37.100Z</time></trkpt><trkpt lon="-3.37333" lat="53.21646"><ele>34.9</ele><time>2026-08-03T07:28:38.800Z</time></trkpt><trkpt lon="-3.37399" lat="53.21653"><ele>34.1</ele><time>2026-08-03T07:28:42.100Z</time></trkpt><trkpt lon="-3.3745" lat="53.21656"><ele>33.1</ele><time>2026-08-03T07:28:44.500Z</time></trkpt><trkpt lon="-3.37495" lat="53.21655"><ele>32.0</ele><time>2026-08-03T07:28:46.500Z</time></trkpt><trkpt lon="-3.37527" lat="53.21653"><ele>31.2</ele><time>2026-08-03T07:28:48.000Z</time></trkpt><trkpt lon="-3.37568" lat="53.21648"><ele>29.6</ele><time>2026-08-03T07:28:49.600Z</time></trkpt><trkpt lon="-3.37618" lat="53.21636"><ele>27.8</ele><time>2026-08-03T07:28:51.900Z</time></trkpt><trkpt lon="-3.37673" lat="53.21621"><ele>26.9</ele><time>2026-08-03T07:28:54.800Z</time></trkpt><trkpt lon="-3.377105" lat="53.21612"><ele>26.4</ele><time>2026-08-03T07:28:56.800Z</time></trkpt><trkpt lon="-3.37748" lat="53.21603"><ele>25.9</ele><time>2026-08-03T07:28:58.800Z</time></trkpt><trkpt lon="-3.37786" lat="53.21594"><ele>25.6</ele><time>2026-08-03T07:29:00.900Z</time></trkpt><trkpt lon="-3.37824" lat="53.21585"><ele>25.7</ele><time>2026-08-03T07:29:03.200Z</time></trkpt><trkpt lon="-3.3786133" lat="53.2157967"><ele>25.8</ele><time>2026-08-03T07:29:05.400Z</time></trkpt><trkpt lon="-3.3789867" lat="53.2157433"><ele>25.9</ele><time>2026-08-03T07:29:07.700Z</time></trkpt><trkpt lon="-3.37936" lat="53.21569"><ele>26.1</ele><time>2026-08-03T07:29:10.000Z</time></trkpt><trkpt lon="-3.37973" lat="53.21564"><ele>27.3</ele><time>2026-08-03T07:29:13.300Z</time></trkpt><trkpt lon="-3.3800867" lat="53.2156"><ele>28.5</ele><time>2026-08-03T07:29:16.700Z</time></trkpt><trkpt lon="-3.3804433" lat="53.21556"><ele>29.1</ele><time>2026-08-03T07:29:19.200Z</time></trkpt><trkpt lon="-3.3808" lat="53.21552"><ele>29.5</ele><time>2026-08-03T07:29:21.500Z</time></trkpt><trkpt lon="-3.38111" lat="53.21549"><ele>30.1</ele><time>2026-08-03T07:29:23.800Z</time></trkpt><trkpt lon="-3.38145" lat="53.21543"><ele>31.2</ele><time>2026-08-03T07:29:26.900Z</time></trkpt><trkpt lon="-3.38175" lat="53.21533"><ele>32.4</ele><time>2026-08-03T07:29:30.100Z</time></trkpt><trkpt lon="-3.3819667" lat="53.21522"><ele>33.7</ele><time>2026-08-03T07:29:33.200Z</time></trkpt><trkpt lon="-3.3821834" lat="53.21511"><ele>34.8</ele><time>2026-08-03T07:29:36.000Z</time></trkpt><trkpt lon="-3.3824" lat="53.215"><ele>35.9</ele><time>2026-08-03T07:29:38.800Z</time></trkpt><trkpt lon="-3.3826133" lat="53.2148933"><ele>37.0</ele><time>2026-08-03T07:29:41.600Z</time></trkpt><trkpt lon="-3.38304" lat="53.21468"><ele>38.8</ele><time>2026-08-03T07:29:46.700Z</time></trkpt><trkpt lon="-3.383315" lat="53.21456"><ele>39.9</ele><time>2026-08-03T07:29:49.700Z</time></trkpt><trkpt lon="-3.38359" lat="53.21444"><ele>40.9</ele><time>2026-08-03T07:29:52.700Z</time></trkpt><trkpt lon="-3.38383" lat="53.21435"><ele>41.7</ele><time>2026-08-03T07:29:55.000Z</time></trkpt><trkpt lon="-3.38408" lat="53.21427"><ele>42.3</ele><time>2026-08-03T07:29:57.100Z</time></trkpt><trkpt lon="-3.38447" lat="53.214180023602"><ele>43.0</ele><time>2026-08-03T07:30:00.000Z</time></trkpt><trkpt lon="-3.38477" lat="53.21413"><ele>43.2</ele><time>2026-08-03T07:30:01.900Z</time></trkpt><trkpt lon="-3.38492" lat="53.21409"><ele>43.4</ele><time>2026-08-03T07:30:03.000Z</time></trkpt><trkpt lon="-3.3853" lat="53.21402"><ele>43.7</ele><time>2026-08-03T07:30:05.400Z</time></trkpt><trkpt lon="-3.38542" lat="53.21401"><ele>43.8</ele><time>2026-08-03T07:30:06.200Z</time></trkpt><trkpt lon="-3.38562" lat="53.214"><ele>44.0</ele><time>2026-08-03T07:30:07.400Z</time></trkpt><trkpt lon="-3.38588" lat="53.214"><ele>44.3</ele><time>2026-08-03T07:30:09.100Z</time></trkpt><trkpt lon="-3.38614" lat="53.21402"><ele>44.6</ele><time>2026-08-03T07:30:10.800Z</time></trkpt><trkpt lon="-3.38641" lat="53.21406"><ele>44.8</ele><time>2026-08-03T07:30:12.500Z</time></trkpt><trkpt lon="-3.38663" lat="53.21412"><ele>45.0</ele><time>2026-08-03T07:30:14.000Z</time></trkpt><trkpt lon="-3.38691" lat="53.21423"><ele>45.1</ele><time>2026-08-03T07:30:16.000Z</time></trkpt><trkpt lon="-3.387" lat="53.21428"><ele>45.2</ele><time>2026-08-03T07:30:16.700Z</time></trkpt><trkpt lon="-3.38722" lat="53.2144"><ele>45.2</ele><time>2026-08-03T07:30:18.400Z</time></trkpt><trkpt lon="-3.38739" lat="53.21454"><ele>45.3</ele><time>2026-08-03T07:30:20.000Z</time></trkpt><trkpt lon="-3.38743" lat="53.2146"><ele>45.2</ele><time>2026-08-03T07:30:20.600Z</time></trkpt><trkpt lon="-3.38773" lat="53.21482"><ele>45.2</ele><time>2026-08-03T07:30:23.200Z</time></trkpt><trkpt lon="-3.38799" lat="53.21501"><ele>45.1</ele><time>2026-08-03T07:30:25.400Z</time></trkpt><trkpt lon="-3.38825" lat="53.2152"><ele>44.9</ele><time>2026-08-03T07:30:27.600Z</time></trkpt><trkpt lon="-3.388485" lat="53.215355"><ele>44.6</ele><time>2026-08-03T07:30:29.400Z</time></trkpt><trkpt lon="-3.38872" lat="53.21551"><ele>44.5</ele><time>2026-08-03T07:30:31.300Z</time></trkpt><trkpt lon="-3.388985" lat="53.215645"><ele>44.3</ele><time>2026-08-03T07:30:33.100Z</time></trkpt><trkpt lon="-3.38925" lat="53.21578"><ele>44.1</ele><time>2026-08-03T07:30:35.000Z</time></trkpt><trkpt lon="-3.389515" lat="53.215915"><ele>44.2</ele><time>2026-08-03T07:30:36.900Z</time></trkpt><trkpt lon="-3.38978" lat="53.21605"><ele>44.2</ele><time>2026-08-03T07:30:38.900Z</time></trkpt><trkpt lon="-3.390045" lat="53.216185"><ele>44.5</ele><time>2026-08-03T07:30:41.100Z</time></trkpt><trkpt lon="-3.39031" lat="53.21632"><ele>44.8</ele><time>2026-08-03T07:30:43.300Z</time></trkpt><trkpt lon="-3.390575" lat="53.216455"><ele>45.3</ele><time>2026-08-03T07:30:45.600Z</time></trkpt><trkpt lon="-3.39084" lat="53.21659"><ele>45.9</ele><time>2026-08-03T07:30:48.000Z</time></trkpt><trkpt lon="-3.391105" lat="53.216725"><ele>46.2</ele><time>2026-08-03T07:30:50.100Z</time></trkpt><trkpt lon="-3.39137" lat="53.21686"><ele>46.3</ele><time>2026-08-03T07:30:52.200Z</time></trkpt><trkpt lon="-3.391635" lat="53.216995"><ele>46.4</ele><time>2026-08-03T07:30:54.100Z</time></trkpt><trkpt lon="-3.3919" lat="53.21713"><ele>46.4</ele><time>2026-08-03T07:30:56.100Z</time></trkpt><trkpt lon="-3.3921675" lat="53.217265"><ele>46.6</ele><time>2026-08-03T07:30:58.200Z</time></trkpt><trkpt lon="-3.392435" lat="53.2174"><ele>46.8</ele><time>2026-08-03T07:31:00.300Z</time></trkpt><trkpt lon="-3.3927025" lat="53.217535"><ele>47.2</ele><time>2026-08-03T07:31:02.600Z</time></trkpt><trkpt lon="-3.39297" lat="53.21767"><ele>47.6</ele><time>2026-08-03T07:31:04.800Z</time></trkpt><trkpt lon="-3.39347" lat="53.21788"><ele>48.3</ele><time>2026-08-03T07:31:08.700Z</time></trkpt><trkpt lon="-3.39375" lat="53.21797"><ele>48.5</ele><time>2026-08-03T07:31:10.700Z</time></trkpt><trkpt lon="-3.3941233" lat="53.21806"><ele>48.6</ele><time>2026-08-03T07:31:13.000Z</time></trkpt><trkpt lon="-3.3944967" lat="53.21815"><ele>48.7</ele><time>2026-08-03T07:31:15.300Z</time></trkpt><trkpt lon="-3.39487" lat="53.21824"><ele>48.8</ele><time>2026-08-03T07:31:17.600Z</time></trkpt><trkpt lon="-3.3952433" lat="53.2183267"><ele>48.9</ele><time>2026-08-03T07:31:19.900Z</time></trkpt><trkpt lon="-3.3956167" lat="53.2184133"><ele>49.1</ele><time>2026-08-03T07:31:22.300Z</time></trkpt><trkpt lon="-3.39599" lat="53.2185"><ele>49.0</ele><time>2026-08-03T07:31:24.500Z</time></trkpt><trkpt lon="-3.3963633" lat="53.21859"><ele>48.8</ele><time>2026-08-03T07:31:26.600Z</time></trkpt><trkpt lon="-3.3967367" lat="53.21868"><ele>48.6</ele><time>2026-08-03T07:31:28.700Z</time></trkpt><trkpt lon="-3.39711" lat="53.21877"><ele>48.4</ele><time>2026-08-03T07:31:30.900Z</time></trkpt><trkpt lon="-3.3974833" lat="53.21886"><ele>48.1</ele><time>2026-08-03T07:31:33.000Z</time></trkpt><trkpt lon="-3.3978567" lat="53.21895"><ele>47.8</ele><time>2026-08-03T07:31:35.000Z</time></trkpt><trkpt lon="-3.39823" lat="53.21904"><ele>47.4</ele><time>2026-08-03T07:31:37.100Z</time></trkpt><trkpt lon="-3.3986033" lat="53.21913"><ele>47.1</ele><time>2026-08-03T07:31:39.200Z</time></trkpt><trkpt lon="-3.3989767" lat="53.21922"><ele>46.9</ele><time>2026-08-03T07:31:41.300Z</time></trkpt><trkpt lon="-3.39935" lat="53.21931"><ele>46.8</ele><time>2026-08-03T07:31:43.500Z</time></trkpt><trkpt lon="-3.39969" lat="53.21939"><ele>46.6</ele><time>2026-08-03T07:31:45.400Z</time></trkpt><trkpt lon="-3.40003" lat="53.21947"><ele>46.5</ele><time>2026-08-03T07:31:47.400Z</time></trkpt><trkpt lon="-3.40037" lat="53.21955"><ele>46.4</ele><time>2026-08-03T07:31:49.400Z</time></trkpt><trkpt lon="-3.40071" lat="53.21963"><ele>46.3</ele><time>2026-08-03T07:31:51.300Z</time></trkpt><trkpt lon="-3.40105" lat="53.21971"><ele>46.2</ele><time>2026-08-03T07:31:53.300Z</time></trkpt><trkpt lon="-3.40139" lat="53.21979"><ele>46.2</ele><time>2026-08-03T07:31:55.300Z</time></trkpt><trkpt lon="-3.40173" lat="53.21987"><ele>46.1</ele><time>2026-08-03T07:31:57.300Z</time></trkpt><trkpt lon="-3.40207" lat="53.21995"><ele>46.0</ele><time>2026-08-03T07:31:59.300Z</time></trkpt><trkpt lon="-3.40241" lat="53.22003"><ele>45.9</ele><time>2026-08-03T07:32:01.300Z</time></trkpt><trkpt lon="-3.40275" lat="53.22011"><ele>45.8</ele><time>2026-08-03T07:32:03.200Z</time></trkpt><trkpt lon="-3.40309" lat="53.22019"><ele>45.8</ele><time>2026-08-03T07:32:05.200Z</time></trkpt><trkpt lon="-3.40343" lat="53.22027"><ele>45.7</ele><time>2026-08-03T07:32:07.200Z</time></trkpt><trkpt lon="-3.40377" lat="53.22035"><ele>45.6</ele><time>2026-08-03T07:32:09.200Z</time></trkpt><trkpt lon="-3.40411" lat="53.22043"><ele>45.5</ele><time>2026-08-03T07:32:11.200Z</time></trkpt><trkpt lon="-3.40445" lat="53.22051"><ele>45.6</ele><time>2026-08-03T07:32:13.300Z</time></trkpt><trkpt lon="-3.40479" lat="53.22059"><ele>45.6</ele><time>2026-08-03T07:32:15.300Z</time></trkpt><trkpt lon="-3.40513" lat="53.22067"><ele>45.7</ele><time>2026-08-03T07:32:17.400Z</time></trkpt><trkpt lon="-3.40547" lat="53.22075"><ele>45.7</ele><time>2026-08-03T07:32:19.500Z</time></trkpt><trkpt lon="-3.40581" lat="53.22083"><ele>45.8</ele><time>2026-08-03T07:32:21.500Z</time></trkpt><trkpt lon="-3.40615" lat="53.22091"><ele>45.8</ele><time>2026-08-03T07:32:23.600Z</time></trkpt><trkpt lon="-3.40649" lat="53.2209925"><ele>45.9</ele><time>2026-08-03T07:32:25.700Z</time></trkpt><trkpt lon="-3.40683" lat="53.221075"><ele>46.2</ele><time>2026-08-03T07:32:28.000Z</time></trkpt><trkpt lon="-3.40717" lat="53.2211575"><ele>46.4</ele><time>2026-08-03T07:32:30.200Z</time></trkpt><trkpt lon="-3.40751" lat="53.22124"><ele>46.7</ele><time>2026-08-03T07:32:32.500Z</time></trkpt><trkpt lon="-3.40785" lat="53.22132"><ele>46.9</ele><time>2026-08-03T07:32:34.700Z</time></trkpt><trkpt lon="-3.40819" lat="53.2214"><ele>47.1</ele><time>2026-08-03T07:32:36.900Z</time></trkpt><trkpt lon="-3.40853" lat="53.22148"><ele>47.4</ele><time>2026-08-03T07:32:39.100Z</time></trkpt><trkpt lon="-3.40887" lat="53.22156"><ele>47.7</ele><time>2026-08-03T07:32:41.400Z</time></trkpt><trkpt lon="-3.4092125" lat="53.22164"><ele>47.9</ele><time>2026-08-03T07:32:43.600Z</time></trkpt><trkpt lon="-3.409555" lat="53.22172"><ele>48.2</ele><time>2026-08-03T07:32:45.900Z</time></trkpt><trkpt lon="-3.4098975" lat="53.2218"><ele>48.7</ele><time>2026-08-03T07:32:48.300Z</time></trkpt><trkpt lon="-3.41024" lat="53.22188"><ele>49.2</ele><time>2026-08-03T07:32:50.700Z</time></trkpt><trkpt lon="-3.41058" lat="53.22196"><ele>49.7</ele><time>2026-08-03T07:32:53.200Z</time></trkpt><trkpt lon="-3.41092" lat="53.22204"><ele>50.2</ele><time>2026-08-03T07:32:55.600Z</time></trkpt><trkpt lon="-3.41126" lat="53.22212"><ele>50.6</ele><time>2026-08-03T07:32:57.900Z</time></trkpt><trkpt lon="-3.4116" lat="53.2222"><ele>51.0</ele><time>2026-08-03T07:33:00.300Z</time></trkpt><trkpt lon="-3.41194" lat="53.22228"><ele>51.4</ele><time>2026-08-03T07:33:02.600Z</time></trkpt><trkpt lon="-3.41228" lat="53.22236"><ele>51.7</ele><time>2026-08-03T07:33:04.900Z</time></trkpt><trkpt lon="-3.41262" lat="53.22244"><ele>52.0</ele><time>2026-08-03T07:33:07.100Z</time></trkpt><trkpt lon="-3.41296" lat="53.22252"><ele>52.3</ele><time>2026-08-03T07:33:09.400Z</time></trkpt><trkpt lon="-3.413275" lat="53.222595"><ele>52.5</ele><time>2026-08-03T07:33:11.500Z</time></trkpt><trkpt lon="-3.41359" lat="53.22267"><ele>52.7</ele><time>2026-08-03T07:33:13.500Z</time></trkpt><trkpt lon="-3.413905" lat="53.222745"><ele>52.9</ele><time>2026-08-03T07:33:15.500Z</time></trkpt><trkpt lon="-3.41422" lat="53.22282"><ele>53.1</ele><time>2026-08-03T07:33:17.600Z</time></trkpt><trkpt lon="-3.414535" lat="53.2228975"><ele>53.2</ele><time>2026-08-03T07:33:19.600Z</time></trkpt><trkpt lon="-3.41485" lat="53.222975"><ele>53.3</ele><time>2026-08-03T07:33:21.500Z</time></trkpt><trkpt lon="-3.415165" lat="53.2230525"><ele>53.4</ele><time>2026-08-03T07:33:23.500Z</time></trkpt><trkpt lon="-3.41548" lat="53.22313"><ele>53.5</ele><time>2026-08-03T07:33:25.500Z</time></trkpt><trkpt lon="-3.4157825" lat="53.2232"><ele>53.6</ele><time>2026-08-03T07:33:27.300Z</time></trkpt><trkpt lon="-3.416085" lat="53.22327"><ele>53.6</ele><time>2026-08-03T07:33:29.200Z</time></trkpt><trkpt lon="-3.41669" lat="53.22341"><ele>53.7</ele><time>2026-08-03T07:33:32.800Z</time></trkpt><trkpt lon="-3.4169925" lat="53.2234825"><ele>53.8</ele><time>2026-08-03T07:33:34.700Z</time></trkpt><trkpt lon="-3.417295" lat="53.223555"><ele>53.9</ele><time>2026-08-03T07:33:36.600Z</time></trkpt><trkpt lon="-3.4175975" lat="53.2236275"><ele>54.2</ele><time>2026-08-03T07:33:38.600Z</time></trkpt><trkpt lon="-3.4179" lat="53.2237"><ele>54.5</ele><time>2026-08-03T07:33:40.700Z</time></trkpt><trkpt lon="-3.41807" lat="53.22378"><ele>54.7</ele><time>2026-08-03T07:33:42.000Z</time></trkpt><trkpt lon="-3.41815" lat="53.22384"><ele>54.8</ele><time>2026-08-03T07:33:42.800Z</time></trkpt><trkpt lon="-3.41841" lat="53.22405"><ele>54.9</ele><time>2026-08-03T07:33:45.300Z</time></trkpt><trkpt lon="-3.41867" lat="53.22426"><ele>55.0</ele><time>2026-08-03T07:33:47.800Z</time></trkpt><trkpt lon="-3.41893" lat="53.224475"><ele>55.1</ele><time>2026-08-03T07:33:50.400Z</time></trkpt><trkpt lon="-3.41919" lat="53.22469"><ele>55.2</ele><time>2026-08-03T07:33:52.900Z</time></trkpt><trkpt lon="-3.41936" lat="53.22485"><ele>55.4</ele><time>2026-08-03T07:33:54.800Z</time></trkpt><trkpt lon="-3.4197" lat="53.22517"><ele>55.8</ele><time>2026-08-03T07:33:58.700Z</time></trkpt><trkpt lon="-3.4198" lat="53.22523"><ele>56.0</ele><time>2026-08-03T07:33:59.600Z</time></trkpt><trkpt lon="-3.4199" lat="53.22527"><ele>56.2</ele><time>2026-08-03T07:34:00.500Z</time></trkpt><trkpt lon="-3.42004" lat="53.2253"><ele>56.5</ele><time>2026-08-03T07:34:01.500Z</time></trkpt><trkpt lon="-3.42016" lat="53.22531"><ele>56.7</ele><time>2026-08-03T07:34:02.400Z</time></trkpt><trkpt lon="-3.42029" lat="53.22529"><ele>57.0</ele><time>2026-08-03T07:34:03.300Z</time></trkpt><trkpt lon="-3.42041" lat="53.22526"><ele>57.2</ele><time>2026-08-03T07:34:04.200Z</time></trkpt><trkpt lon="-3.4205" lat="53.22522"><ele>57.3</ele><time>2026-08-03T07:34:04.900Z</time></trkpt><trkpt lon="-3.42075" lat="53.22507"><ele>57.5</ele><time>2026-08-03T07:34:07.100Z</time></trkpt><trkpt lon="-3.4209633" lat="53.2249167"><ele>57.7</ele><time>2026-08-03T07:34:09.100Z</time></trkpt><trkpt lon="-3.4211767" lat="53.2247633"><ele>57.9</ele><time>2026-08-03T07:34:11.100Z</time></trkpt><trkpt lon="-3.42139" lat="53.22461"><ele>58.8</ele><time>2026-08-03T07:34:13.800Z</time></trkpt><trkpt lon="-3.42149" lat="53.22456"><ele>59.2</ele><time>2026-08-03T07:34:15.000Z</time></trkpt><trkpt lon="-3.42178" lat="53.22449"><ele>59.9</ele><time>2026-08-03T07:34:17.400Z</time></trkpt><trkpt lon="-3.42194" lat="53.22464"><ele>60.4</ele><time>2026-08-03T07:34:19.400Z</time></trkpt><trkpt lon="-3.4221125" lat="53.224505"><ele>61.7</ele><time>2026-08-03T07:34:22.600Z</time></trkpt><trkpt lon="-3.422285" lat="53.22437"><ele>63.4</ele><time>2026-08-03T07:34:26.200Z</time></trkpt><trkpt lon="-3.4224575" lat="53.224235"><ele>64.8</ele><time>2026-08-03T07:34:29.500Z</time></trkpt><trkpt lon="-3.42263" lat="53.2241"><ele>66.2</ele><time>2026-08-03T07:34:32.800Z</time></trkpt><trkpt lon="-3.4228025" lat="53.223965"><ele>67.6</ele><time>2026-08-03T07:34:36.000Z</time></trkpt><trkpt lon="-3.422975" lat="53.22383"><ele>68.7</ele><time>2026-08-03T07:34:38.900Z</time></trkpt><trkpt lon="-3.42332" lat="53.22356"><ele>70.5</ele><time>2026-08-03T07:34:44.000Z</time></trkpt><trkpt lon="-3.4234925" lat="53.223425"><ele>71.4</ele><time>2026-08-03T07:34:46.500Z</time></trkpt><trkpt lon="-3.423665" lat="53.22329"><ele>72.2</ele><time>2026-08-03T07:34:48.900Z</time></trkpt><trkpt lon="-3.42401" lat="53.22302"><ele>74.2</ele><time>2026-08-03T07:34:54.300Z</time></trkpt><trkpt lon="-3.42399" lat="53.22304"><ele>74.4</ele><time>2026-08-03T07:34:54.700Z</time></trkpt><trkpt lon="-3.4242033" lat="53.2228733"><ele>75.3</ele><time>2026-08-03T07:34:57.600Z</time></trkpt><trkpt lon="-3.4244167" lat="53.2227067"><ele>76.7</ele><time>2026-08-03T07:35:01.100Z</time></trkpt><trkpt lon="-3.42463" lat="53.22254"><ele>78.1</ele><time>2026-08-03T07:35:04.600Z</time></trkpt><trkpt lon="-3.42484" lat="53.22237"><ele>79.4</ele><time>2026-08-03T07:35:08.000Z</time></trkpt><trkpt lon="-3.42505" lat="53.2222"><ele>80.5</ele><time>2026-08-03T07:35:11.200Z</time></trkpt><trkpt lon="-3.42526" lat="53.22203"><ele>81.4</ele><time>2026-08-03T07:35:14.000Z</time></trkpt><trkpt lon="-3.42542" lat="53.22193"><ele>81.8</ele><time>2026-08-03T07:35:15.600Z</time></trkpt><trkpt lon="-3.42565" lat="53.2218"><ele>81.9</ele><time>2026-08-03T07:35:17.500Z</time></trkpt><trkpt lon="-3.42604" lat="53.22161"><ele>81.6</ele><time>2026-08-03T07:35:20.100Z</time></trkpt><trkpt lon="-3.4263325" lat="53.22148"><ele>81.8</ele><time>2026-08-03T07:35:22.300Z</time></trkpt><trkpt lon="-3.426625" lat="53.22135"><ele>82.4</ele><time>2026-08-03T07:35:24.800Z</time></trkpt><trkpt lon="-3.4269175" lat="53.22122"><ele>83.0</ele><time>2026-08-03T07:35:27.300Z</time></trkpt><trkpt lon="-3.42721" lat="53.22109"><ele>83.6</ele><time>2026-08-03T07:35:29.800Z</time></trkpt><trkpt lon="-3.42751" lat="53.22097"><ele>84.1</ele><time>2026-08-03T07:35:32.200Z</time></trkpt><trkpt lon="-3.42781" lat="53.22085"><ele>84.4</ele><time>2026-08-03T07:35:34.500Z</time></trkpt><trkpt lon="-3.42824" lat="53.22068"><ele>85.0</ele><time>2026-08-03T07:35:37.800Z</time></trkpt><trkpt lon="-3.42878" lat="53.22051"><ele>85.7</ele><time>2026-08-03T07:35:41.700Z</time></trkpt><trkpt lon="-3.42914" lat="53.2204167"><ele>85.8</ele><time>2026-08-03T07:35:44.000Z</time></trkpt><trkpt lon="-3.4295" lat="53.2203233"><ele>86.1</ele><time>2026-08-03T07:35:46.400Z</time></trkpt><trkpt lon="-3.42986" lat="53.22023"><ele>86.5</ele><time>2026-08-03T07:35:48.900Z</time></trkpt><trkpt lon="-3.4302" lat="53.2201425"><ele>86.7</ele><time>2026-08-03T07:35:51.100Z</time></trkpt><trkpt lon="-3.43054" lat="53.220055"><ele>87.0</ele><time>2026-08-03T07:35:53.400Z</time></trkpt><trkpt lon="-3.43088" lat="53.2199675"><ele>87.3</ele><time>2026-08-03T07:35:55.700Z</time></trkpt><trkpt lon="-3.43122" lat="53.21988"><ele>87.5</ele><time>2026-08-03T07:35:58.000Z</time></trkpt><trkpt lon="-3.43156" lat="53.2197925"><ele>87.8</ele><time>2026-08-03T07:36:00.300Z</time></trkpt><trkpt lon="-3.4319" lat="53.219705"><ele>88.2</ele><time>2026-08-03T07:36:02.600Z</time></trkpt><trkpt lon="-3.43224" lat="53.2196175"><ele>88.7</ele><time>2026-08-03T07:36:05.100Z</time></trkpt><trkpt lon="-3.43258" lat="53.21953"><ele>89.4</ele><time>2026-08-03T07:36:07.700Z</time></trkpt><trkpt lon="-3.4329225" lat="53.2194425"><ele>90.2</ele><time>2026-08-03T07:36:10.500Z</time></trkpt><trkpt lon="-3.433265" lat="53.219355"><ele>91.0</ele><time>2026-08-03T07:36:13.200Z</time></trkpt><trkpt lon="-3.4336075" lat="53.2192675"><ele>91.8</ele><time>2026-08-03T07:36:15.900Z</time></trkpt><trkpt lon="-3.43395" lat="53.21918"><ele>93.0</ele><time>2026-08-03T07:36:19.300Z</time></trkpt><trkpt lon="-3.43426" lat="53.219102527576"><ele>93.2</ele><time>2026-08-03T07:36:21.400Z</time></trkpt><trkpt lon="-3.43457" lat="53.219025"><ele>93.6</ele><time>2026-08-03T07:36:23.600Z</time></trkpt><trkpt lon="-3.43488" lat="53.2189475"><ele>94.3</ele><time>2026-08-03T07:36:25.900Z</time></trkpt><trkpt lon="-3.43519" lat="53.21887"><ele>94.9</ele><time>2026-08-03T07:36:28.400Z</time></trkpt><trkpt lon="-3.4355" lat="53.2187925"><ele>95.8</ele><time>2026-08-03T07:36:31.000Z</time></trkpt><trkpt lon="-3.43581" lat="53.218715"><ele>96.4</ele><time>2026-08-03T07:36:33.400Z</time></trkpt><trkpt lon="-3.43612" lat="53.2186375"><ele>96.6</ele><time>2026-08-03T07:36:35.400Z</time></trkpt><trkpt lon="-3.43643" lat="53.21856"><ele>96.8</ele><time>2026-08-03T07:36:37.500Z</time></trkpt><trkpt lon="-3.4368433" lat="53.2184567"><ele>96.9</ele><time>2026-08-03T07:36:40.000Z</time></trkpt><trkpt lon="-3.4372567" lat="53.2183533"><ele>96.8</ele><time>2026-08-03T07:36:42.500Z</time></trkpt><trkpt lon="-3.43767" lat="53.21825"><ele>96.3</ele><time>2026-08-03T07:36:44.700Z</time></trkpt><trkpt lon="-3.4380867" lat="53.2181467"><ele>95.3</ele><time>2026-08-03T07:36:46.700Z</time></trkpt><trkpt lon="-3.4385033" lat="53.2180433"><ele>94.2</ele><time>2026-08-03T07:36:48.700Z</time></trkpt><trkpt lon="-3.43892" lat="53.21794"><ele>92.9</ele><time>2026-08-03T07:36:50.700Z</time></trkpt><trkpt lon="-3.43921" lat="53.21786"><ele>92.1</ele><time>2026-08-03T07:36:52.100Z</time></trkpt><trkpt lon="-3.43979" lat="53.2177"><ele>91.3</ele><time>2026-08-03T07:36:55.200Z</time></trkpt><trkpt lon="-3.4401" lat="53.21762"><ele>91.4</ele><time>2026-08-03T07:36:57.200Z</time></trkpt><trkpt lon="-3.44041" lat="53.21754"><ele>92.0</ele><time>2026-08-03T07:36:59.500Z</time></trkpt><trkpt lon="-3.4407" lat="53.217485"><ele>92.9</ele><time>2026-08-03T07:37:02.100Z</time></trkpt><trkpt lon="-3.44099" lat="53.21743"><ele>93.8</ele><time>2026-08-03T07:37:04.800Z</time></trkpt><trkpt lon="-3.441275" lat="53.217365"><ele>94.9</ele><time>2026-08-03T07:37:07.700Z</time></trkpt><trkpt lon="-3.44156" lat="53.2173"><ele>96.0</ele><time>2026-08-03T07:37:10.600Z</time></trkpt><trkpt lon="-3.44184" lat="53.2172267"><ele>97.0</ele><time>2026-08-03T07:37:13.400Z</time></trkpt><trkpt lon="-3.44212" lat="53.2171534"><ele>97.9</ele><time>2026-08-03T07:37:16.200Z</time></trkpt><trkpt lon="-3.4424" lat="53.21708"><ele>98.9</ele><time>2026-08-03T07:37:18.900Z</time></trkpt><trkpt lon="-3.4426767" lat="53.21701"><ele>99.8</ele><time>2026-08-03T07:37:21.500Z</time></trkpt><trkpt lon="-3.4429534" lat="53.21694"><ele>100.7</ele><time>2026-08-03T07:37:24.100Z</time></trkpt><trkpt lon="-3.44323" lat="53.21687"><ele>101.6</ele><time>2026-08-03T07:37:26.700Z</time></trkpt><trkpt lon="-3.4435867" lat="53.2168"><ele>102.7</ele><time>2026-08-03T07:37:29.800Z</time></trkpt><trkpt lon="-3.4439433" lat="53.21673"><ele>103.4</ele><time>2026-08-03T07:37:32.500Z</time></trkpt><trkpt lon="-3.4443" lat="53.21666"><ele>103.8</ele><time>2026-08-03T07:37:34.900Z</time></trkpt><trkpt lon="-3.4446567" lat="53.21659"><ele>104.2</ele><time>2026-08-03T07:37:37.300Z</time></trkpt><trkpt lon="-3.4450133" lat="53.21652"><ele>104.5</ele><time>2026-08-03T07:37:39.600Z</time></trkpt><trkpt lon="-3.44537" lat="53.21645"><ele>104.7</ele><time>2026-08-03T07:37:41.900Z</time></trkpt><trkpt lon="-3.4457267" lat="53.2163833"><ele>105.1</ele><time>2026-08-03T07:37:44.300Z</time></trkpt><trkpt lon="-3.4460833" lat="53.2163167"><ele>105.7</ele><time>2026-08-03T07:37:46.800Z</time></trkpt><trkpt lon="-3.44644" lat="53.21625"><ele>106.5</ele><time>2026-08-03T07:37:49.600Z</time></trkpt><trkpt lon="-3.44689" lat="53.21617"><ele>107.2</ele><time>2026-08-03T07:37:52.800Z</time></trkpt><trkpt lon="-3.4472033" lat="53.2161067"><ele>107.9</ele><time>2026-08-03T07:37:55.200Z</time></trkpt><trkpt lon="-3.4475167" lat="53.2160433"><ele>108.6</ele><time>2026-08-03T07:37:57.600Z</time></trkpt><trkpt lon="-3.44783" lat="53.21598"><ele>109.4</ele><time>2026-08-03T07:38:00.200Z</time></trkpt><trkpt lon="-3.4481467" lat="53.21592"><ele>110.2</ele><time>2026-08-03T07:38:02.800Z</time></trkpt><trkpt lon="-3.4484633" lat="53.21586"><ele>110.9</ele><time>2026-08-03T07:38:05.200Z</time></trkpt><trkpt lon="-3.44878" lat="53.2158"><ele>111.7</ele><time>2026-08-03T07:38:07.800Z</time></trkpt><trkpt lon="-3.44917" lat="53.21572"><ele>112.9</ele><time>2026-08-03T07:38:11.300Z</time></trkpt><trkpt lon="-3.44948" lat="53.21563"><ele>113.7</ele><time>2026-08-03T07:38:13.900Z</time></trkpt><trkpt lon="-3.4497167" lat="53.2155433"><ele>114.2</ele><time>2026-08-03T07:38:15.900Z</time></trkpt><trkpt lon="-3.45019" lat="53.21537"><ele>115.3</ele><time>2026-08-03T07:38:20.000Z</time></trkpt><trkpt lon="-3.45049" lat="53.215245"><ele>115.7</ele><time>2026-08-03T07:38:22.300Z</time></trkpt><trkpt lon="-3.45079" lat="53.21512"><ele>116.0</ele><time>2026-08-03T07:38:24.500Z</time></trkpt><trkpt lon="-3.451055" lat="53.214955"><ele>116.3</ele><time>2026-08-03T07:38:26.900Z</time></trkpt><trkpt lon="-3.45132" lat="53.21479"><ele>116.6</ele><time>2026-08-03T07:38:29.300Z</time></trkpt><trkpt lon="-3.45162" lat="53.21455"><ele>117.0</ele><time>2026-08-03T07:38:32.400Z</time></trkpt><trkpt lon="-3.451855" lat="53.214345"><ele>117.6</ele><time>2026-08-03T07:38:35.100Z</time></trkpt><trkpt lon="-3.45209" lat="53.21414"><ele>118.3</ele><time>2026-08-03T07:38:38.000Z</time></trkpt><trkpt lon="-3.45229" lat="53.21407"><ele>118.7</ele><time>2026-08-03T07:38:39.600Z</time></trkpt><trkpt lon="-3.45252" lat="53.21401"><ele>119.0</ele><time>2026-08-03T07:38:41.200Z</time></trkpt><trkpt lon="-3.45291" lat="53.21396"><ele>119.4</ele><time>2026-08-03T07:38:43.800Z</time></trkpt><trkpt lon="-3.45333" lat="53.21391"><ele>119.8</ele><time>2026-08-03T07:38:46.500Z</time></trkpt><trkpt lon="-3.45364" lat="53.21389"><ele>120.1</ele><time>2026-08-03T07:38:48.500Z</time></trkpt><trkpt lon="-3.4539267" lat="53.2136867"><ele>119.9</ele><time>2026-08-03T07:38:50.800Z</time></trkpt><trkpt lon="-3.4542133" lat="53.2134833"><ele>119.5</ele><time>2026-08-03T07:38:53.100Z</time></trkpt><trkpt lon="-3.4545" lat="53.21328"><ele>119.3</ele><time>2026-08-03T07:38:55.400Z</time></trkpt><trkpt lon="-3.454715" lat="53.213125"><ele>119.2</ele><time>2026-08-03T07:38:57.300Z</time></trkpt><trkpt lon="-3.45493" lat="53.21297"><ele>119.3</ele><time>2026-08-03T07:38:59.200Z</time></trkpt><trkpt lon="-3.455145" lat="53.212815"><ele>119.4</ele><time>2026-08-03T07:39:01.100Z</time></trkpt><trkpt lon="-3.45536" lat="53.21266"><ele>119.4</ele><time>2026-08-03T07:39:03.000Z</time></trkpt><trkpt lon="-3.455575" lat="53.212505"><ele>119.5</ele><time>2026-08-03T07:39:05.000Z</time></trkpt><trkpt lon="-3.45579" lat="53.21235"><ele>119.6</ele><time>2026-08-03T07:39:06.900Z</time></trkpt><trkpt lon="-3.456005" lat="53.212195"><ele>119.7</ele><time>2026-08-03T07:39:08.800Z</time></trkpt><trkpt lon="-3.45622" lat="53.21204"><ele>119.7</ele><time>2026-08-03T07:39:10.700Z</time></trkpt><trkpt lon="-3.456435" lat="53.211885"><ele>119.8</ele><time>2026-08-03T07:39:12.700Z</time></trkpt><trkpt lon="-3.45665" lat="53.21173"><ele>119.9</ele><time>2026-08-03T07:39:14.600Z</time></trkpt><trkpt lon="-3.456865" lat="53.211575"><ele>120.0</ele><time>2026-08-03T07:39:16.600Z</time></trkpt><trkpt lon="-3.45708" lat="53.21142"><ele>120.1</ele><time>2026-08-03T07:39:18.500Z</time></trkpt><trkpt lon="-3.45739" lat="53.21117"><ele>120.3</ele><time>2026-08-03T07:39:21.500Z</time></trkpt><trkpt lon="-3.45766" lat="53.2109"><ele>120.5</ele><time>2026-08-03T07:39:24.600Z</time></trkpt><trkpt lon="-3.45791" lat="53.21068"><ele>120.9</ele><time>2026-08-03T07:39:27.400Z</time></trkpt><trkpt lon="-3.45803" lat="53.21053"><ele>121.5</ele><time>2026-08-03T07:39:29.400Z</time></trkpt><trkpt lon="-3.45817" lat="53.21031"><ele>122.2</ele><time>2026-08-03T07:39:32.200Z</time></trkpt><trkpt lon="-3.45825" lat="53.21015"><ele>122.8</ele><time>2026-08-03T07:39:34.300Z</time></trkpt><trkpt lon="-3.45833" lat="53.20999"><ele>123.6</ele><time>2026-08-03T07:39:36.700Z</time></trkpt><trkpt lon="-3.45839" lat="53.20978"><ele>124.8</ele><time>2026-08-03T07:39:39.900Z</time></trkpt><trkpt lon="-3.45845" lat="53.20957"><ele>126.0</ele><time>2026-08-03T07:39:43.200Z</time></trkpt><trkpt lon="-3.45842" lat="53.20948"><ele>126.5</ele><time>2026-08-03T07:39:44.600Z</time></trkpt><trkpt lon="-3.45832" lat="53.20942"><ele>126.8</ele><time>2026-08-03T07:39:45.700Z</time></trkpt><trkpt lon="-3.45806" lat="53.20932"><ele>127.4</ele><time>2026-08-03T07:39:47.900Z</time></trkpt><trkpt lon="-3.45775" lat="53.20917"><ele>128.0</ele><time>2026-08-03T07:39:50.600Z</time></trkpt><trkpt lon="-3.45748" lat="53.20899"><ele>128.4</ele><time>2026-08-03T07:39:53.100Z</time></trkpt><trkpt lon="-3.45721" lat="53.20881"><ele>128.9</ele><time>2026-08-03T07:39:55.800Z</time></trkpt><trkpt lon="-3.45699" lat="53.20865"><ele>129.4</ele><time>2026-08-03T07:39:58.100Z</time></trkpt><trkpt lon="-3.45686" lat="53.20852"><ele>129.7</ele><time>2026-08-03T07:39:59.700Z</time></trkpt><trkpt lon="-3.45671" lat="53.20826"><ele>130.1</ele><time>2026-08-03T07:40:02.600Z</time></trkpt><trkpt lon="-3.45665" lat="53.20807"><ele>130.4</ele><time>2026-08-03T07:40:04.600Z</time></trkpt><trkpt lon="-3.45664" lat="53.20791"><ele>130.6</ele><time>2026-08-03T07:40:06.300Z</time></trkpt><trkpt lon="-3.45669" lat="53.20775"><ele>131.0</ele><time>2026-08-03T07:40:08.100Z</time></trkpt><trkpt lon="-3.45677" lat="53.20756"><ele>131.6</ele><time>2026-08-03T07:40:10.400Z</time></trkpt><trkpt lon="-3.45691" lat="53.20735"><ele>132.4</ele><time>2026-08-03T07:40:13.200Z</time></trkpt><trkpt lon="-3.45705" lat="53.20714"><ele>133.2</ele><time>2026-08-03T07:40:16.000Z</time></trkpt><trkpt lon="-3.45718" lat="53.20699"><ele>134.1</ele><time>2026-08-03T07:40:18.500Z</time></trkpt><trkpt lon="-3.45731" lat="53.20684"><ele>135.2</ele><time>2026-08-03T07:40:21.300Z</time></trkpt><trkpt lon="-3.45744" lat="53.20669"><ele>136.3</ele><time>2026-08-03T07:40:24.100Z</time></trkpt><trkpt lon="-3.45754" lat="53.2066"><ele>137.0</ele><time>2026-08-03T07:40:26.000Z</time></trkpt><trkpt lon="-3.45766" lat="53.2065"><ele>138.0</ele><time>2026-08-03T07:40:28.200Z</time></trkpt><trkpt lon="-3.45775" lat="53.20645"><ele>138.5</ele><time>2026-08-03T07:40:29.500Z</time></trkpt><trkpt lon="-3.458005" lat="53.206365"><ele>139.8</ele><time>2026-08-03T07:40:32.600Z</time></trkpt><trkpt lon="-3.45826" lat="53.20628"><ele>140.8</ele><time>2026-08-03T07:40:35.400Z</time></trkpt><trkpt lon="-3.45842" lat="53.2062"><ele>141.5</ele><time>2026-08-03T07:40:37.300Z</time></trkpt><trkpt lon="-3.45862" lat="53.20606"><ele>142.4</ele><time>2026-08-03T07:40:39.900Z</time></trkpt><trkpt lon="-3.4588" lat="53.2059"><ele>143.1</ele><time>2026-08-03T07:40:42.300Z</time></trkpt><trkpt lon="-3.45887" lat="53.20581"><ele>143.2</ele><time>2026-08-03T07:40:43.300Z</time></trkpt><trkpt lon="-3.45893" lat="53.20569"><ele>143.2</ele><time>2026-08-03T07:40:44.400Z</time></trkpt><trkpt lon="-3.459005" lat="53.205425"><ele>142.7</ele><time>2026-08-03T07:40:46.700Z</time></trkpt><trkpt lon="-3.45908" lat="53.20516"><ele>142.2</ele><time>2026-08-03T07:40:48.900Z</time></trkpt><trkpt lon="-3.45921" lat="53.20504"><ele>141.8</ele><time>2026-08-03T07:40:50.100Z</time></trkpt><trkpt lon="-3.45931" lat="53.20498"><ele>141.5</ele><time>2026-08-03T07:40:50.700Z</time></trkpt><trkpt lon="-3.45945" lat="53.20492"><ele>141.0</ele><time>2026-08-03T07:40:51.400Z</time></trkpt><trkpt lon="-3.45963" lat="53.20489"><ele>140.2</ele><time>2026-08-03T07:40:52.200Z</time></trkpt><trkpt lon="-3.45978" lat="53.20488"><ele>139.3</ele><time>2026-08-03T07:40:52.800Z</time></trkpt><trkpt lon="-3.45991" lat="53.20486"><ele>138.6</ele><time>2026-08-03T07:40:53.300Z</time></trkpt><trkpt lon="-3.46008" lat="53.2048"><ele>137.5</ele><time>2026-08-03T07:40:54.100Z</time></trkpt><trkpt lon="-3.46021" lat="53.2047"><ele>136.3</ele><time>2026-08-03T07:40:54.900Z</time></trkpt><trkpt lon="-3.46047" lat="53.20449"><ele>133.4</ele><time>2026-08-03T07:40:56.800Z</time></trkpt><trkpt lon="-3.46077" lat="53.20421"><ele>130.3</ele><time>2026-08-03T07:40:59.000Z</time></trkpt><trkpt lon="-3.4609" lat="53.20411"><ele>129.4</ele><time>2026-08-03T07:40:59.800Z</time></trkpt><trkpt lon="-3.46123" lat="53.20388"><ele>128.0</ele><time>2026-08-03T07:41:02.000Z</time></trkpt><trkpt lon="-3.4614533" lat="53.20371"><ele>127.3</ele><time>2026-08-03T07:41:03.700Z</time></trkpt><trkpt lon="-3.4616767" lat="53.20354"><ele>127.0</ele><time>2026-08-03T07:41:05.500Z</time></trkpt><trkpt lon="-3.4619" lat="53.20337"><ele>126.7</ele><time>2026-08-03T07:41:07.400Z</time></trkpt><trkpt lon="-3.46212" lat="53.2032033"><ele>126.8</ele><time>2026-08-03T07:41:09.400Z</time></trkpt><trkpt lon="-3.46234" lat="53.2030367"><ele>127.1</ele><time>2026-08-03T07:41:11.600Z</time></trkpt><trkpt lon="-3.46256" lat="53.20287"><ele>127.4</ele><time>2026-08-03T07:41:13.900Z</time></trkpt><trkpt lon="-3.46272" lat="53.2027"><ele>128.2</ele><time>2026-08-03T07:41:16.300Z</time></trkpt><trkpt lon="-3.46283" lat="53.20261"><ele>128.8</ele><time>2026-08-03T07:41:18.100Z</time></trkpt><trkpt lon="-3.46291" lat="53.20257"><ele>129.2</ele><time>2026-08-03T07:41:19.100Z</time></trkpt><trkpt lon="-3.4631" lat="53.20249"><ele>130.4</ele><time>2026-08-03T07:41:21.800Z</time></trkpt><trkpt lon="-3.463425" lat="53.202395"><ele>132.4</ele><time>2026-08-03T07:41:26.400Z</time></trkpt><trkpt lon="-3.46375" lat="53.2023"><ele>133.9</ele><time>2026-08-03T07:41:30.100Z</time></trkpt><trkpt lon="-3.46383" lat="53.20226"><ele>134.0</ele><time>2026-08-03T07:41:30.700Z</time></trkpt><trkpt lon="-3.46413" lat="53.20204"><ele>133.9</ele><time>2026-08-03T07:41:33.300Z</time></trkpt><trkpt lon="-3.46426" lat="53.20191"><ele>133.7</ele><time>2026-08-03T07:41:34.600Z</time></trkpt><trkpt lon="-3.46428" lat="53.20188"><ele>133.6</ele><time>2026-08-03T07:41:34.900Z</time></trkpt><trkpt lon="-3.46428" lat="53.2018"><ele>133.4</ele><time>2026-08-03T07:41:35.500Z</time></trkpt><trkpt lon="-3.46413" lat="53.20164"><ele>132.1</ele><time>2026-08-03T07:41:36.700Z</time></trkpt><trkpt lon="-3.46387" lat="53.20146"><ele>130.0</ele><time>2026-08-03T07:41:38.300Z</time></trkpt><trkpt lon="-3.46377" lat="53.20141"><ele>129.2</ele><time>2026-08-03T07:41:38.800Z</time></trkpt><trkpt lon="-3.46342" lat="53.20129"><ele>127.1</ele><time>2026-08-03T07:41:40.400Z</time></trkpt><trkpt lon="-3.46335" lat="53.20124"><ele>126.8</ele><time>2026-08-03T07:41:40.900Z</time></trkpt><trkpt lon="-3.46332" lat="53.20118"><ele>126.6</ele><time>2026-08-03T07:41:41.400Z</time></trkpt><trkpt lon="-3.46333" lat="53.20112"><ele>126.4</ele><time>2026-08-03T07:41:41.800Z</time></trkpt><trkpt lon="-3.46348" lat="53.20113"><ele>125.1</ele><time>2026-08-03T07:41:42.500Z</time></trkpt><trkpt lon="-3.46354" lat="53.20112"><ele>124.5</ele><time>2026-08-03T07:41:42.800Z</time></trkpt><trkpt lon="-3.4637" lat="53.20106"><ele>122.4</ele><time>2026-08-03T07:41:43.600Z</time></trkpt><trkpt lon="-3.46387" lat="53.201"><ele>120.5</ele><time>2026-08-03T07:41:44.500Z</time></trkpt><trkpt lon="-3.46396" lat="53.20097"><ele>119.7</ele><time>2026-08-03T07:41:45.000Z</time></trkpt><trkpt lon="-3.46421" lat="53.20092"><ele>118.9</ele><time>2026-08-03T07:41:46.000Z</time></trkpt><trkpt lon="-3.46463" lat="53.20085003092"><ele>116.0</ele><time>2026-08-03T07:41:47.900Z</time></trkpt><trkpt lon="-3.46495" lat="53.20079"><ele>113.9</ele><time>2026-08-03T07:41:49.300Z</time></trkpt><trkpt lon="-3.46514" lat="53.20077"><ele>112.8</ele><time>2026-08-03T07:41:50.100Z</time></trkpt><trkpt lon="-3.46573" lat="53.20073"><ele>109.0</ele><time>2026-08-03T07:41:52.500Z</time></trkpt><trkpt lon="-3.46627" lat="53.20065"><ele>105.9</ele><time>2026-08-03T07:41:54.700Z</time></trkpt><trkpt lon="-3.46657" lat="53.20063"><ele>104.1</ele><time>2026-08-03T07:41:55.900Z</time></trkpt><trkpt lon="-3.467" lat="53.20062"><ele>101.3</ele><time>2026-08-03T07:41:57.700Z</time></trkpt><trkpt lon="-3.46721" lat="53.20062"><ele>99.9</ele><time>2026-08-03T07:41:58.600Z</time></trkpt><trkpt lon="-3.46736" lat="53.20061"><ele>98.9</ele><time>2026-08-03T07:41:59.300Z</time></trkpt><trkpt lon="-3.46758" lat="53.20057"><ele>97.7</ele><time>2026-08-03T07:42:00.200Z</time></trkpt><trkpt lon="-3.46774" lat="53.20051"><ele>96.9</ele><time>2026-08-03T07:42:00.900Z</time></trkpt><trkpt lon="-3.46781" lat="53.20047"><ele>96.6</ele><time>2026-08-03T07:42:01.300Z</time></trkpt><trkpt lon="-3.46796" lat="53.20033"><ele>96.0</ele><time>2026-08-03T07:42:02.600Z</time></trkpt><trkpt lon="-3.468" lat="53.20027"><ele>96.0</ele><time>2026-08-03T07:42:03.200Z</time></trkpt><trkpt lon="-3.46812" lat="53.20018"><ele>96.0</ele><time>2026-08-03T07:42:04.300Z</time></trkpt><trkpt lon="-3.46823" lat="53.20013"><ele>96.1</ele><time>2026-08-03T07:42:05.100Z</time></trkpt><trkpt lon="-3.46831" lat="53.20012"><ele>96.1</ele><time>2026-08-03T07:42:05.600Z</time></trkpt><trkpt lon="-3.4687" lat="53.20013"><ele>96.6</ele><time>2026-08-03T07:42:08.100Z</time></trkpt><trkpt lon="-3.46884" lat="53.20014"><ele>96.8</ele><time>2026-08-03T07:42:09.100Z</time></trkpt><trkpt lon="-3.469235" lat="53.200155031264"><ele>97.0</ele><time>2026-08-03T07:42:11.400Z</time></trkpt><trkpt lon="-3.46963" lat="53.20017"><ele>98.7</ele><time>2026-08-03T07:42:15.500Z</time></trkpt><trkpt lon="-3.46989" lat="53.20018"><ele>100.2</ele><time>2026-08-03T07:42:19.000Z</time></trkpt><trkpt lon="-3.47015" lat="53.20019"><ele>102.0</ele><time>2026-08-03T07:42:22.600Z</time></trkpt><trkpt lon="-3.47041" lat="53.2002"><ele>103.7</ele><time>2026-08-03T07:42:26.300Z</time></trkpt><trkpt lon="-3.47068" lat="53.2002167"><ele>105.5</ele><time>2026-08-03T07:42:30.000Z</time></trkpt><trkpt lon="-3.47095" lat="53.2002334"><ele>107.0</ele><time>2026-08-03T07:42:33.500Z</time></trkpt><trkpt lon="-3.47122" lat="53.20025"><ele>108.5</ele><time>2026-08-03T07:42:36.800Z</time></trkpt><trkpt lon="-3.4714933" lat="53.2002667"><ele>109.9</ele><time>2026-08-03T07:42:40.100Z</time></trkpt><trkpt lon="-3.4717666" lat="53.2002834"><ele>111.2</ele><time>2026-08-03T07:42:43.200Z</time></trkpt><trkpt lon="-3.47204" lat="53.2003"><ele>112.5</ele><time>2026-08-03T07:42:46.300Z</time></trkpt><trkpt lon="-3.4723133" lat="53.2003133"><ele>113.9</ele><time>2026-08-03T07:42:49.500Z</time></trkpt><trkpt lon="-3.4725866" lat="53.2003267"><ele>115.2</ele><time>2026-08-03T07:42:52.700Z</time></trkpt><trkpt lon="-3.47286" lat="53.20034"><ele>116.6</ele><time>2026-08-03T07:42:55.800Z</time></trkpt><trkpt lon="-3.47333" lat="53.20034"><ele>118.9</ele><time>2026-08-03T07:43:01.200Z</time></trkpt><trkpt lon="-3.47371" lat="53.20031"><ele>120.8</ele><time>2026-08-03T07:43:05.600Z</time></trkpt><trkpt lon="-3.47413" lat="53.20025"><ele>122.9</ele><time>2026-08-03T07:43:10.600Z</time></trkpt><trkpt lon="-3.47437" lat="53.2002033"><ele>124.6</ele><time>2026-08-03T07:43:14.200Z</time></trkpt><trkpt lon="-3.47461" lat="53.2001567"><ele>126.7</ele><time>2026-08-03T07:43:18.200Z</time></trkpt><trkpt lon="-3.47485" lat="53.20011"><ele>128.7</ele><time>2026-08-03T07:43:22.300Z</time></trkpt><trkpt lon="-3.4750467" lat="53.20005"><ele>130.7</ele><time>2026-08-03T07:43:26.000Z</time></trkpt><trkpt lon="-3.4752434" lat="53.19999"><ele>132.6</ele><time>2026-08-03T07:43:29.700Z</time></trkpt><trkpt lon="-3.47544" lat="53.19993"><ele>134.6</ele><time>2026-08-03T07:43:33.400Z</time></trkpt><trkpt lon="-3.47569" lat="53.19987"><ele>136.9</ele><time>2026-08-03T07:43:37.800Z</time></trkpt><trkpt lon="-3.47595" lat="53.19982"><ele>139.1</ele><time>2026-08-03T07:43:42.200Z</time></trkpt><trkpt lon="-3.4762" lat="53.19979"><ele>141.0</ele><time>2026-08-03T07:43:46.100Z</time></trkpt><trkpt lon="-3.47643" lat="53.19979"><ele>142.5</ele><time>2026-08-03T07:43:49.200Z</time></trkpt><trkpt lon="-3.4766" lat="53.1998"><ele>143.1</ele><time>2026-08-03T07:43:50.800Z</time></trkpt><trkpt lon="-3.47683" lat="53.19983"><ele>143.6</ele><time>2026-08-03T07:43:52.600Z</time></trkpt><trkpt lon="-3.47707" lat="53.19989"><ele>144.5</ele><time>2026-08-03T07:43:55.000Z</time></trkpt><trkpt lon="-3.47718" lat="53.19994"><ele>145.0</ele><time>2026-08-03T07:43:56.400Z</time></trkpt><trkpt lon="-3.47728" lat="53.19999"><ele>145.5</ele><time>2026-08-03T07:43:57.600Z</time></trkpt><trkpt lon="-3.47748" lat="53.20013"><ele>146.6</ele><time>2026-08-03T07:44:00.600Z</time></trkpt><trkpt lon="-3.47759" lat="53.20018"><ele>147.2</ele><time>2026-08-03T07:44:02.000Z</time></trkpt><trkpt lon="-3.47782" lat="53.20026"><ele>148.4</ele><time>2026-08-03T07:44:04.900Z</time></trkpt><trkpt lon="-3.47793" lat="53.20028"><ele>149.0</ele><time>2026-08-03T07:44:06.300Z</time></trkpt><trkpt lon="-3.47817" lat="53.20029"><ele>150.1</ele><time>2026-08-03T07:44:09.000Z</time></trkpt><trkpt lon="-3.4784133" lat="53.20029"><ele>151.4</ele><time>2026-08-03T07:44:11.900Z</time></trkpt><trkpt lon="-3.4786567" lat="53.20029"><ele>152.9</ele><time>2026-08-03T07:44:15.200Z</time></trkpt><trkpt lon="-3.4789" lat="53.20029"><ele>154.4</ele><time>2026-08-03T07:44:18.400Z</time></trkpt><trkpt lon="-3.4791767" lat="53.2003133"><ele>155.9</ele><time>2026-08-03T07:44:21.800Z</time></trkpt><trkpt lon="-3.47973" lat="53.20036"><ele>157.3</ele><time>2026-08-03T07:44:26.200Z</time></trkpt><trkpt lon="-3.48035" lat="53.20038"><ele>156.7</ele><time>2026-08-03T07:44:29.400Z</time></trkpt><trkpt lon="-3.48074" lat="53.20038"><ele>155.9</ele><time>2026-08-03T07:44:31.200Z</time></trkpt><trkpt lon="-3.481135" lat="53.200355"><ele>155.4</ele><time>2026-08-03T07:44:33.100Z</time></trkpt><trkpt lon="-3.48153" lat="53.20033"><ele>154.9</ele><time>2026-08-03T07:44:35.100Z</time></trkpt><trkpt lon="-3.48184" lat="53.20034"><ele>154.5</ele><time>2026-08-03T07:44:36.600Z</time></trkpt><trkpt lon="-3.48222" lat="53.200375"><ele>153.4</ele><time>2026-08-03T07:44:38.300Z</time></trkpt><trkpt lon="-3.4826" lat="53.20041"><ele>152.7</ele><time>2026-08-03T07:44:40.100Z</time></trkpt><trkpt lon="-3.48298" lat="53.200445"><ele>153.0</ele><time>2026-08-03T07:44:42.500Z</time></trkpt><trkpt lon="-3.48336" lat="53.20048"><ele>154.6</ele><time>2026-08-03T07:44:46.400Z</time></trkpt><trkpt lon="-3.48355" lat="53.2005"><ele>155.7</ele><time>2026-08-03T07:44:48.900Z</time></trkpt><trkpt lon="-3.48384" lat="53.200515"><ele>157.7</ele><time>2026-08-03T07:44:53.000Z</time></trkpt><trkpt lon="-3.48413" lat="53.20053"><ele>159.3</ele><time>2026-08-03T07:44:56.700Z</time></trkpt><trkpt lon="-3.48456" lat="53.2005"><ele>160.9</ele><time>2026-08-03T07:45:00.800Z</time></trkpt><trkpt lon="-3.48484" lat="53.2004933"><ele>161.2</ele><time>2026-08-03T07:45:02.600Z</time></trkpt><trkpt lon="-3.4854" lat="53.20048"><ele>160.3</ele><time>2026-08-03T07:45:05.300Z</time></trkpt><trkpt lon="-3.48579" lat="53.20045"><ele>159.9</ele><time>2026-08-03T07:45:07.300Z</time></trkpt><trkpt lon="-3.48604" lat="53.20041"><ele>160.0</ele><time>2026-08-03T07:45:08.800Z</time></trkpt><trkpt lon="-3.48616" lat="53.20037"><ele>160.2</ele><time>2026-08-03T07:45:09.700Z</time></trkpt><trkpt lon="-3.48652" lat="53.2002"><ele>161.6</ele><time>2026-08-03T07:45:13.800Z</time></trkpt><trkpt lon="-3.48672" lat="53.20013"><ele>162.2</ele><time>2026-08-03T07:45:15.700Z</time></trkpt><trkpt lon="-3.48705" lat="53.20002"><ele>162.8</ele><time>2026-08-03T07:45:18.200Z</time></trkpt><trkpt lon="-3.48738" lat="53.19991"><ele>163.2</ele><time>2026-08-03T07:45:20.700Z</time></trkpt><trkpt lon="-3.48778" lat="53.1998"><ele>163.5</ele><time>2026-08-03T07:45:23.400Z</time></trkpt><trkpt lon="-3.48796" lat="53.19976"><ele>163.7</ele><time>2026-08-03T07:45:24.600Z</time></trkpt><trkpt lon="-3.48857" lat="53.1997"><ele>164.5</ele><time>2026-08-03T07:45:28.600Z</time></trkpt><trkpt lon="-3.488945" lat="53.19968"><ele>164.8</ele><time>2026-08-03T07:45:31.000Z</time></trkpt><trkpt lon="-3.48932" lat="53.19966"><ele>165.0</ele><time>2026-08-03T07:45:33.200Z</time></trkpt><trkpt lon="-3.48951" lat="53.19965"><ele>165.1</ele><time>2026-08-03T07:45:34.400Z</time></trkpt><trkpt lon="-3.48992" lat="53.19966"><ele>165.2</ele><time>2026-08-03T07:45:36.700Z</time></trkpt><trkpt lon="-3.49025" lat="53.1996267"><ele>165.5</ele><time>2026-08-03T07:45:38.800Z</time></trkpt><trkpt lon="-3.49058" lat="53.1995933"><ele>165.9</ele><time>2026-08-03T07:45:41.000Z</time></trkpt><trkpt lon="-3.49091" lat="53.19956"><ele>166.7</ele><time>2026-08-03T07:45:43.500Z</time></trkpt><trkpt lon="-3.4912" lat="53.1995"><ele>167.9</ele><time>2026-08-03T07:45:46.600Z</time></trkpt><trkpt lon="-3.491485" lat="53.19941"><ele>169.7</ele><time>2026-08-03T07:45:50.700Z</time></trkpt><trkpt lon="-3.49177" lat="53.19932"><ele>172.0</ele><time>2026-08-03T07:45:55.400Z</time></trkpt><trkpt lon="-3.4919" lat="53.1993"><ele>172.9</ele><time>2026-08-03T07:45:57.300Z</time></trkpt><trkpt lon="-3.492185" lat="53.19926"><ele>175.0</ele><time>2026-08-03T07:46:01.600Z</time></trkpt><trkpt lon="-3.49247" lat="53.19922"><ele>176.8</ele><time>2026-08-03T07:46:05.400Z</time></trkpt><trkpt lon="-3.4929" lat="53.19917"><ele>179.1</ele><time>2026-08-03T07:46:10.700Z</time></trkpt><trkpt lon="-3.4931267" lat="53.19914"><ele>180.3</ele><time>2026-08-03T07:46:13.400Z</time></trkpt><trkpt lon="-3.49358" lat="53.19908"><ele>182.3</ele><time>2026-08-03T07:46:18.400Z</time></trkpt><trkpt lon="-3.49403" lat="53.19902"><ele>184.2</ele><time>2026-08-03T07:46:23.100Z</time></trkpt><trkpt lon="-3.49423" lat="53.19899"><ele>185.1</ele><time>2026-08-03T07:46:25.300Z</time></trkpt><trkpt lon="-3.4945425" lat="53.1989"><ele>186.8</ele><time>2026-08-03T07:46:29.200Z</time></trkpt><trkpt lon="-3.494855" lat="53.19881"><ele>188.2</ele><time>2026-08-03T07:46:32.800Z</time></trkpt><trkpt lon="-3.4951675" lat="53.19872"><ele>189.6</ele><time>2026-08-03T07:46:36.200Z</time></trkpt><trkpt lon="-3.49548" lat="53.19863"><ele>190.9</ele><time>2026-08-03T07:46:39.700Z</time></trkpt><trkpt lon="-3.49572" lat="53.19857"><ele>192.0</ele><time>2026-08-03T07:46:42.400Z</time></trkpt><trkpt lon="-3.4962" lat="53.19845"><ele>194.3</ele><time>2026-08-03T07:46:47.900Z</time></trkpt><trkpt lon="-3.49646" lat="53.19842"><ele>195.2</ele><time>2026-08-03T07:46:50.500Z</time></trkpt><trkpt lon="-3.496735" lat="53.198405"><ele>195.9</ele><time>2026-08-03T07:46:52.600Z</time></trkpt><trkpt lon="-3.49701" lat="53.19839"><ele>196.5</ele><time>2026-08-03T07:46:54.700Z</time></trkpt><trkpt lon="-3.49728" lat="53.19836"><ele>197.2</ele><time>2026-08-03T07:46:56.900Z</time></trkpt><trkpt lon="-3.497555" lat="53.1983"><ele>198.1</ele><time>2026-08-03T07:46:59.500Z</time></trkpt><trkpt lon="-3.49783" lat="53.19824"><ele>199.2</ele><time>2026-08-03T07:47:02.400Z</time></trkpt><trkpt lon="-3.498075" lat="53.19819"><ele>200.5</ele><time>2026-08-03T07:47:05.200Z</time></trkpt><trkpt lon="-3.49832" lat="53.19814"><ele>201.7</ele><time>2026-08-03T07:47:08.200Z</time></trkpt><trkpt lon="-3.498565" lat="53.198085"><ele>203.2</ele><time>2026-08-03T07:47:11.600Z</time></trkpt><trkpt lon="-3.49881" lat="53.19803"><ele>204.9</ele><time>2026-08-03T07:47:15.200Z</time></trkpt><trkpt lon="-3.4990175" lat="53.19797"><ele>206.5</ele><time>2026-08-03T07:47:18.500Z</time></trkpt><trkpt lon="-3.499225" lat="53.19791"><ele>208.3</ele><time>2026-08-03T07:47:22.000Z</time></trkpt><trkpt lon="-3.4994325" lat="53.19785"><ele>210.1</ele><time>2026-08-03T07:47:25.600Z</time></trkpt><trkpt lon="-3.49964" lat="53.19779"><ele>211.9</ele><time>2026-08-03T07:47:29.300Z</time></trkpt><trkpt lon="-3.499845" lat="53.1977325"><ele>213.8</ele><time>2026-08-03T07:47:32.900Z</time></trkpt><trkpt lon="-3.50005" lat="53.197675"><ele>215.8</ele><time>2026-08-03T07:47:36.600Z</time></trkpt><trkpt lon="-3.500255" lat="53.1976175"><ele>217.5</ele><time>2026-08-03T07:47:40.200Z</time></trkpt><trkpt lon="-3.50046" lat="53.19756"><ele>219.3</ele><time>2026-08-03T07:47:43.700Z</time></trkpt><trkpt lon="-3.5006925" lat="53.197485"><ele>221.3</ele><time>2026-08-03T07:47:47.700Z</time></trkpt><trkpt lon="-3.500925" lat="53.19741"><ele>223.4</ele><time>2026-08-03T07:47:51.900Z</time></trkpt><trkpt lon="-3.5011575" lat="53.197335"><ele>225.3</ele><time>2026-08-03T07:47:55.700Z</time></trkpt><trkpt lon="-3.50139" lat="53.19726"><ele>227.1</ele><time>2026-08-03T07:47:59.500Z</time></trkpt><trkpt lon="-3.50166" lat="53.19719"><ele>228.8</ele><time>2026-08-03T07:48:03.200Z</time></trkpt><trkpt lon="-3.50193" lat="53.19711"><ele>229.4</ele><time>2026-08-03T07:48:05.400Z</time></trkpt><trkpt lon="-3.50207" lat="53.19704"><ele>229.4</ele><time>2026-08-03T07:48:06.400Z</time></trkpt><trkpt lon="-3.5024" lat="53.19685"><ele>229.0</ele><time>2026-08-03T07:48:08.800Z</time></trkpt><trkpt lon="-3.50264" lat="53.19674"><ele>228.9</ele><time>2026-08-03T07:48:10.400Z</time></trkpt><trkpt lon="-3.50284" lat="53.19667"><ele>228.9</ele><time>2026-08-03T07:48:11.700Z</time></trkpt><trkpt lon="-3.50304" lat="53.19663"><ele>228.8</ele><time>2026-08-03T07:48:12.800Z</time></trkpt><trkpt lon="-3.50333" lat="53.19659"><ele>228.7</ele><time>2026-08-03T07:48:14.400Z</time></trkpt><trkpt lon="-3.50365" lat="53.19651"><ele>228.8</ele><time>2026-08-03T07:48:16.400Z</time></trkpt><trkpt lon="-3.5039833" lat="53.1964167"><ele>228.8</ele><time>2026-08-03T07:48:18.500Z</time></trkpt><trkpt lon="-3.5043167" lat="53.1963234"><ele>229.3</ele><time>2026-08-03T07:48:20.900Z</time></trkpt><trkpt lon="-3.50465" lat="53.19623"><ele>229.8</ele><time>2026-08-03T07:48:23.300Z</time></trkpt><trkpt lon="-3.5049475" lat="53.1961325"><ele>230.3</ele><time>2026-08-03T07:48:25.600Z</time></trkpt><trkpt lon="-3.505245" lat="53.196035"><ele>230.6</ele><time>2026-08-03T07:48:27.700Z</time></trkpt><trkpt lon="-3.5055425" lat="53.1959375"><ele>231.0</ele><time>2026-08-03T07:48:29.900Z</time></trkpt><trkpt lon="-3.50584" lat="53.19584"><ele>231.5</ele><time>2026-08-03T07:48:32.100Z</time></trkpt><trkpt lon="-3.5061" lat="53.19574"><ele>232.2</ele><time>2026-08-03T07:48:34.600Z</time></trkpt><trkpt lon="-3.50651" lat="53.19553"><ele>233.7</ele><time>2026-08-03T07:48:39.100Z</time></trkpt><trkpt lon="-3.506755" lat="53.195415"><ele>233.9</ele><time>2026-08-03T07:48:40.900Z</time></trkpt><trkpt lon="-3.507" lat="53.1953"><ele>233.3</ele><time>2026-08-03T07:48:42.400Z</time></trkpt><trkpt lon="-3.50724" lat="53.19517"><ele>232.3</ele><time>2026-08-03T07:48:43.700Z</time></trkpt><trkpt lon="-3.50744" lat="53.19503"><ele>231.3</ele><time>2026-08-03T07:48:45.000Z</time></trkpt><trkpt lon="-3.507635" lat="53.194855"><ele>229.9</ele><time>2026-08-03T07:48:46.400Z</time></trkpt><trkpt lon="-3.50783" lat="53.19468"><ele>228.1</ele><time>2026-08-03T07:48:47.800Z</time></trkpt><trkpt lon="-3.50798" lat="53.19457"><ele>227.0</ele><time>2026-08-03T07:48:48.700Z</time></trkpt><trkpt lon="-3.50812" lat="53.19448"><ele>226.0</ele><time>2026-08-03T07:48:49.600Z</time></trkpt><trkpt lon="-3.50827" lat="53.19442"><ele>225.3</ele><time>2026-08-03T07:48:50.300Z</time></trkpt><trkpt lon="-3.50869" lat="53.19431"><ele>223.9</ele><time>2026-08-03T07:48:52.200Z</time></trkpt><trkpt lon="-3.50888" lat="53.19426"><ele>223.8</ele><time>2026-08-03T07:48:53.300Z</time></trkpt><trkpt lon="-3.50921" lat="53.19421"><ele>224.3</ele><time>2026-08-03T07:48:55.600Z</time></trkpt><trkpt lon="-3.50954" lat="53.194165"><ele>225.3</ele><time>2026-08-03T07:48:58.600Z</time></trkpt><trkpt lon="-3.50987" lat="53.19412"><ele>226.5</ele><time>2026-08-03T07:49:01.800Z</time></trkpt><trkpt lon="-3.51001" lat="53.19411"><ele>226.6</ele><time>2026-08-03T07:49:02.700Z</time></trkpt><trkpt lon="-3.51028" lat="53.194075"><ele>227.9</ele><time>2026-08-03T07:49:05.700Z</time></trkpt><trkpt lon="-3.51055" lat="53.19404"><ele>229.4</ele><time>2026-08-03T07:49:09.100Z</time></trkpt><trkpt lon="-3.5109" lat="53.19398"><ele>231.6</ele><time>2026-08-03T07:49:14.000Z</time></trkpt><trkpt lon="-3.51124" lat="53.1939"><ele>234.0</ele><time>2026-08-03T07:49:19.000Z</time></trkpt><trkpt lon="-3.51154" lat="53.19381"><ele>236.3</ele><time>2026-08-03T07:49:23.800Z</time></trkpt><trkpt lon="-3.5117667" lat="53.1937267"><ele>238.3</ele><time>2026-08-03T07:49:27.800Z</time></trkpt><trkpt lon="-3.5119934" lat="53.1936434"><ele>240.5</ele><time>2026-08-03T07:49:32.100Z</time></trkpt><trkpt lon="-3.51222" lat="53.19356"><ele>242.6</ele><time>2026-08-03T07:49:36.300Z</time></trkpt><trkpt lon="-3.51257" lat="53.19344"><ele>245.7</ele><time>2026-08-03T07:49:42.500Z</time></trkpt><trkpt lon="-3.51292" lat="53.19334"><ele>248.6</ele><time>2026-08-03T07:49:48.400Z</time></trkpt><trkpt lon="-3.51321" lat="53.19327"><ele>251.2</ele><time>2026-08-03T07:49:53.500Z</time></trkpt><trkpt lon="-3.51335" lat="53.19325"><ele>252.4</ele><time>2026-08-03T07:49:55.800Z</time></trkpt><trkpt lon="-3.51346" lat="53.19325"><ele>253.4</ele><time>2026-08-03T07:49:57.600Z</time></trkpt><trkpt lon="-3.51372" lat="53.19326"><ele>255.7</ele><time>2026-08-03T07:50:02.100Z</time></trkpt><trkpt lon="-3.51383" lat="53.19328"><ele>256.8</ele><time>2026-08-03T07:50:04.100Z</time></trkpt><trkpt lon="-3.51393" lat="53.19332"><ele>257.9</ele><time>2026-08-03T07:50:06.200Z</time></trkpt><trkpt lon="-3.51404" lat="53.19336"><ele>259.0</ele><time>2026-08-03T07:50:08.300Z</time></trkpt><trkpt lon="-3.51418" lat="53.19347"><ele>260.9</ele><time>2026-08-03T07:50:12.000Z</time></trkpt><trkpt lon="-3.5142867" lat="53.19363"><ele>262.9</ele><time>2026-08-03T07:50:16.100Z</time></trkpt><trkpt lon="-3.5143933" lat="53.19379"><ele>264.6</ele><time>2026-08-03T07:50:19.900Z</time></trkpt><trkpt lon="-3.5145" lat="53.19395"><ele>266.3</ele><time>2026-08-03T07:50:23.700Z</time></trkpt><trkpt lon="-3.51456" lat="53.19401"><ele>266.9</ele><time>2026-08-03T07:50:25.100Z</time></trkpt><trkpt lon="-3.51468" lat="53.19407"><ele>267.7</ele><time>2026-08-03T07:50:26.900Z</time></trkpt><trkpt lon="-3.51483" lat="53.1941"><ele>268.3</ele><time>2026-08-03T07:50:28.400Z</time></trkpt><trkpt lon="-3.51491" lat="53.1941"><ele>268.5</ele><time>2026-08-03T07:50:29.100Z</time></trkpt><trkpt lon="-3.51518" lat="53.19408"><ele>269.3</ele><time>2026-08-03T07:50:31.400Z</time></trkpt><trkpt lon="-3.51548" lat="53.19406"><ele>270.0</ele><time>2026-08-03T07:50:33.800Z</time></trkpt><trkpt lon="-3.515825" lat="53.19407"><ele>271.1</ele><time>2026-08-03T07:50:36.900Z</time></trkpt><trkpt lon="-3.51617" lat="53.19408"><ele>272.3</ele><time>2026-08-03T07:50:40.100Z</time></trkpt><trkpt lon="-3.51655" lat="53.19404"><ele>273.4</ele><time>2026-08-03T07:50:43.400Z</time></trkpt><trkpt lon="-3.51693" lat="53.194"><ele>273.9</ele><time>2026-08-03T07:50:46.000Z</time></trkpt><trkpt lon="-3.51709" lat="53.19397"><ele>273.9</ele><time>2026-08-03T07:50:46.900Z</time></trkpt><trkpt lon="-3.5174" lat="53.1938775"><ele>273.8</ele><time>2026-08-03T07:50:48.800Z</time></trkpt><trkpt lon="-3.51771" lat="53.193785"><ele>273.9</ele><time>2026-08-03T07:50:50.800Z</time></trkpt><trkpt lon="-3.51802" lat="53.1936925"><ele>274.4</ele><time>2026-08-03T07:50:53.000Z</time></trkpt><trkpt lon="-3.51833" lat="53.1936"><ele>274.9</ele><time>2026-08-03T07:50:55.300Z</time></trkpt><trkpt lon="-3.51865" lat="53.19354"><ele>275.8</ele><time>2026-08-03T07:50:58.200Z</time></trkpt><trkpt lon="-3.51895" lat="53.1934933"><ele>276.9</ele><time>2026-08-03T07:51:01.100Z</time></trkpt><trkpt lon="-3.51925" lat="53.1934467"><ele>277.8</ele><time>2026-08-03T07:51:03.700Z</time></trkpt><trkpt lon="-3.51955" lat="53.1934"><ele>278.7</ele><time>2026-08-03T07:51:06.300Z</time></trkpt><trkpt lon="-3.51981" lat="53.19338"><ele>279.2</ele><time>2026-08-03T07:51:08.300Z</time></trkpt><trkpt lon="-3.52013" lat="53.19336"><ele>279.6</ele><time>2026-08-03T07:51:10.300Z</time></trkpt><trkpt lon="-3.520475" lat="53.19332"><ele>279.5</ele><time>2026-08-03T07:51:12.300Z</time></trkpt><trkpt lon="-3.52082" lat="53.19328"><ele>279.4</ele><time>2026-08-03T07:51:14.200Z</time></trkpt><trkpt lon="-3.5211" lat="53.19321"><ele>279.5</ele><time>2026-08-03T07:51:15.900Z</time></trkpt><trkpt lon="-3.52134" lat="53.19317"><ele>279.7</ele><time>2026-08-03T07:51:17.500Z</time></trkpt><trkpt lon="-3.52166" lat="53.19314"><ele>280.5</ele><time>2026-08-03T07:51:20.000Z</time></trkpt><trkpt lon="-3.52198" lat="53.19311"><ele>281.4</ele><time>2026-08-03T07:51:22.700Z</time></trkpt><trkpt lon="-3.52237" lat="53.19306"><ele>282.4</ele><time>2026-08-03T07:51:25.900Z</time></trkpt><trkpt lon="-3.52276" lat="53.19301"><ele>282.7</ele><time>2026-08-03T07:51:28.300Z</time></trkpt><trkpt lon="-3.52304" lat="53.19294"><ele>282.1</ele><time>2026-08-03T07:51:29.800Z</time></trkpt><trkpt lon="-3.52352" lat="53.1928"><ele>281.2</ele><time>2026-08-03T07:51:32.300Z</time></trkpt><trkpt lon="-3.52371" lat="53.19277"><ele>281.0</ele><time>2026-08-03T07:51:33.300Z</time></trkpt><trkpt lon="-3.52432" lat="53.19272"><ele>280.8</ele><time>2026-08-03T07:51:36.600Z</time></trkpt><trkpt lon="-3.52486" lat="53.192690035277"><ele>280.6</ele><time>2026-08-03T07:51:39.500Z</time></trkpt><trkpt lon="-3.52503" lat="53.19266"><ele>280.4</ele><time>2026-08-03T07:51:40.400Z</time></trkpt><trkpt lon="-3.52512" lat="53.19264"><ele>280.3</ele><time>2026-08-03T07:51:40.900Z</time></trkpt><trkpt lon="-3.52547" lat="53.19254"><ele>279.4</ele><time>2026-08-03T07:51:42.600Z</time></trkpt><trkpt lon="-3.52582" lat="53.19244"><ele>278.2</ele><time>2026-08-03T07:51:44.200Z</time></trkpt><trkpt lon="-3.52619" lat="53.19231"><ele>276.4</ele><time>2026-08-03T07:51:46.000Z</time></trkpt><trkpt lon="-3.52644" lat="53.1922"><ele>275.1</ele><time>2026-08-03T07:51:47.200Z</time></trkpt><trkpt lon="-3.52672" lat="53.1920767"><ele>273.3</ele><time>2026-08-03T07:51:48.600Z</time></trkpt><trkpt lon="-3.52728" lat="53.19183"><ele>268.8</ele><time>2026-08-03T07:51:51.500Z</time></trkpt><trkpt lon="-3.52761" lat="53.1916767"><ele>266.5</ele><time>2026-08-03T07:51:53.100Z</time></trkpt><trkpt lon="-3.52794" lat="53.1915233"><ele>264.2</ele><time>2026-08-03T07:51:54.800Z</time></trkpt><trkpt lon="-3.52827" lat="53.19137"><ele>261.9</ele><time>2026-08-03T07:51:56.400Z</time></trkpt><trkpt lon="-3.52836" lat="53.19132"><ele>261.2</ele><time>2026-08-03T07:51:56.900Z</time></trkpt><trkpt lon="-3.52845" lat="53.19122"><ele>260.3</ele><time>2026-08-03T07:51:57.700Z</time></trkpt><trkpt lon="-3.52867" lat="53.19087"><ele>257.3</ele><time>2026-08-03T07:52:00.100Z</time></trkpt><trkpt lon="-3.52885" lat="53.19067"><ele>255.6</ele><time>2026-08-03T07:52:01.600Z</time></trkpt><trkpt lon="-3.52904" lat="53.1905"><ele>254.0</ele><time>2026-08-03T07:52:03.000Z</time></trkpt><trkpt lon="-3.52921" lat="53.19041"><ele>252.9</ele><time>2026-08-03T07:52:03.900Z</time></trkpt><trkpt lon="-3.52944" lat="53.19033"><ele>251.5</ele><time>2026-08-03T07:52:04.900Z</time></trkpt><trkpt lon="-3.52968" lat="53.190220035723"><ele>250.2</ele><time>2026-08-03T07:52:06.100Z</time></trkpt><trkpt lon="-3.5299" lat="53.19003"><ele>249.4</ele><time>2026-08-03T07:52:07.900Z</time></trkpt><trkpt lon="-3.52997" lat="53.18998"><ele>249.1</ele><time>2026-08-03T07:52:08.400Z</time></trkpt><trkpt lon="-3.53015" lat="53.18997"><ele>248.7</ele><time>2026-08-03T07:52:09.200Z</time></trkpt><trkpt lon="-3.53042" lat="53.19001"><ele>247.9</ele><time>2026-08-03T07:52:10.400Z</time></trkpt><trkpt lon="-3.53067" lat="53.19003"><ele>247.2</ele><time>2026-08-03T07:52:11.400Z</time></trkpt><trkpt lon="-3.53079" lat="53.19004"><ele>246.9</ele><time>2026-08-03T07:52:12.000Z</time></trkpt><trkpt lon="-3.5309" lat="53.19004"><ele>246.5</ele><time>2026-08-03T07:52:12.400Z</time></trkpt><trkpt lon="-3.53128" lat="53.189985"><ele>245.0</ele><time>2026-08-03T07:52:14.000Z</time></trkpt><trkpt lon="-3.53166" lat="53.18993"><ele>243.1</ele><time>2026-08-03T07:52:15.500Z</time></trkpt><trkpt lon="-3.53204" lat="53.189875"><ele>240.9</ele><time>2026-08-03T07:52:17.100Z</time></trkpt><trkpt lon="-3.53242" lat="53.18982"><ele>238.3</ele><time>2026-08-03T07:52:18.700Z</time></trkpt><trkpt lon="-3.53267" lat="53.18979"><ele>236.7</ele><time>2026-08-03T07:52:19.800Z</time></trkpt><trkpt lon="-3.53288" lat="53.18978"><ele>235.5</ele><time>2026-08-03T07:52:20.600Z</time></trkpt><trkpt lon="-3.53325" lat="53.18983"><ele>233.4</ele><time>2026-08-03T07:52:22.100Z</time></trkpt><trkpt lon="-3.53338" lat="53.18985"><ele>232.8</ele><time>2026-08-03T07:52:22.600Z</time></trkpt><trkpt lon="-3.53349" lat="53.18989"><ele>232.2</ele><time>2026-08-03T07:52:23.200Z</time></trkpt><trkpt lon="-3.53366" lat="53.18998"><ele>231.2</ele><time>2026-08-03T07:52:24.100Z</time></trkpt><trkpt lon="-3.53377" lat="53.19005"><ele>230.6</ele><time>2026-08-03T07:52:24.700Z</time></trkpt><trkpt lon="-3.53398" lat="53.19018"><ele>229.3</ele><time>2026-08-03T07:52:25.900Z</time></trkpt><trkpt lon="-3.5342" lat="53.19027"><ele>228.3</ele><time>2026-08-03T07:52:27.000Z</time></trkpt><trkpt lon="-3.53431" lat="53.19029"><ele>227.9</ele><time>2026-08-03T07:52:27.500Z</time></trkpt><trkpt lon="-3.53442" lat="53.1903"><ele>227.5</ele><time>2026-08-03T07:52:27.900Z</time></trkpt><trkpt lon="-3.53454" lat="53.1903"><ele>227.0</ele><time>2026-08-03T07:52:28.400Z</time></trkpt><trkpt lon="-3.53491" lat="53.19027"><ele>225.5</ele><time>2026-08-03T07:52:29.900Z</time></trkpt><trkpt lon="-3.5352525" lat="53.19022"><ele>224.2</ele><time>2026-08-03T07:52:31.400Z</time></trkpt><trkpt lon="-3.535595" lat="53.19017"><ele>222.8</ele><time>2026-08-03T07:52:32.800Z</time></trkpt><trkpt lon="-3.5359375" lat="53.19012"><ele>221.3</ele><time>2026-08-03T07:52:34.200Z</time></trkpt><trkpt lon="-3.53628" lat="53.19007"><ele>219.8</ele><time>2026-08-03T07:52:35.600Z</time></trkpt><trkpt lon="-3.53678" lat="53.19003"><ele>217.3</ele><time>2026-08-03T07:52:37.600Z</time></trkpt><trkpt lon="-3.53719" lat="53.1900267"><ele>215.2</ele><time>2026-08-03T07:52:39.200Z</time></trkpt><trkpt lon="-3.5376" lat="53.1900233"><ele>213.1</ele><time>2026-08-03T07:52:40.800Z</time></trkpt><trkpt lon="-3.53801" lat="53.19002"><ele>210.7</ele><time>2026-08-03T07:52:42.400Z</time></trkpt><trkpt lon="-3.53864" lat="53.18999"><ele>207.5</ele><time>2026-08-03T07:52:44.900Z</time></trkpt><trkpt lon="-3.53884" lat="53.18999"><ele>207.1</ele><time>2026-08-03T07:52:45.800Z</time></trkpt><trkpt lon="-3.53903" lat="53.19001"><ele>206.9</ele><time>2026-08-03T07:52:46.800Z</time></trkpt><trkpt lon="-3.53947" lat="53.19012"><ele>206.5</ele><time>2026-08-03T07:52:49.200Z</time></trkpt><trkpt lon="-3.53981" lat="53.19022"><ele>205.0</ele><time>2026-08-03T07:52:50.800Z</time></trkpt><trkpt lon="-3.54006" lat="53.19026"><ele>203.7</ele><time>2026-08-03T07:52:51.800Z</time></trkpt><trkpt lon="-3.54047" lat="53.19032"><ele>201.9</ele><time>2026-08-03T07:52:53.500Z</time></trkpt><trkpt lon="-3.54088" lat="53.19038"><ele>200.4</ele><time>2026-08-03T07:52:55.200Z</time></trkpt><trkpt lon="-3.54122" lat="53.1905"><ele>199.2</ele><time>2026-08-03T07:52:56.800Z</time></trkpt><trkpt lon="-3.54146" lat="53.19055"><ele>198.1</ele><time>2026-08-03T07:52:57.900Z</time></trkpt><trkpt lon="-3.54191" lat="53.1906"><ele>196.4</ele><time>2026-08-03T07:52:59.700Z</time></trkpt><trkpt lon="-3.5422333" lat="53.19061"><ele>195.6</ele><time>2026-08-03T07:53:01.200Z</time></trkpt><trkpt lon="-3.54288" lat="53.19063"><ele>194.8</ele><time>2026-08-03T07:53:04.400Z</time></trkpt><trkpt lon="-3.54304" lat="53.19064"><ele>194.7</ele><time>2026-08-03T07:53:05.200Z</time></trkpt><trkpt lon="-3.54314" lat="53.19066"><ele>194.8</ele><time>2026-08-03T07:53:05.800Z</time></trkpt><trkpt lon="-3.54338" lat="53.19073"><ele>194.8</ele><time>2026-08-03T07:53:07.400Z</time></trkpt><trkpt lon="-3.54369" lat="53.19084"><ele>195.1</ele><time>2026-08-03T07:53:09.600Z</time></trkpt><trkpt lon="-3.54402" lat="53.19098"><ele>195.7</ele><time>2026-08-03T07:53:12.300Z</time></trkpt><trkpt lon="-3.54427" lat="53.1911267"><ele>196.4</ele><time>2026-08-03T07:53:14.800Z</time></trkpt><trkpt lon="-3.54452" lat="53.1912734"><ele>196.6</ele><time>2026-08-03T07:53:17.000Z</time></trkpt><trkpt lon="-3.54477" lat="53.19142"><ele>196.7</ele><time>2026-08-03T07:53:19.000Z</time></trkpt><trkpt lon="-3.54528" lat="53.19169"><ele>194.1</ele><time>2026-08-03T07:53:21.800Z</time></trkpt><trkpt lon="-3.54563" lat="53.19187"><ele>191.5</ele><time>2026-08-03T07:53:23.600Z</time></trkpt><trkpt lon="-3.54586" lat="53.19196"><ele>190.2</ele><time>2026-08-03T07:53:24.700Z</time></trkpt><trkpt lon="-3.54607" lat="53.19206"><ele>189.9</ele><time>2026-08-03T07:53:26.000Z</time></trkpt><trkpt lon="-3.5463033" lat="53.1922167"><ele>190.1</ele><time>2026-08-03T07:53:28.100Z</time></trkpt><trkpt lon="-3.5465366" lat="53.1923734"><ele>190.4</ele><time>2026-08-03T07:53:30.300Z</time></trkpt><trkpt lon="-3.54677" lat="53.19253"><ele>190.6</ele><time>2026-08-03T07:53:32.400Z</time></trkpt><trkpt lon="-3.54693" lat="53.1926"><ele>190.6</ele><time>2026-08-03T07:53:33.500Z</time></trkpt><trkpt lon="-3.54704" lat="53.19265"><ele>190.4</ele><time>2026-08-03T07:53:34.200Z</time></trkpt><trkpt lon="-3.54729" lat="53.19271"><ele>189.8</ele><time>2026-08-03T07:53:35.400Z</time></trkpt><trkpt lon="-3.54765" lat="53.19276"><ele>188.7</ele><time>2026-08-03T07:53:37.000Z</time></trkpt><trkpt lon="-3.5479967" lat="53.1928"><ele>187.7</ele><time>2026-08-03T07:53:38.500Z</time></trkpt><trkpt lon="-3.5483433" lat="53.19284"><ele>186.7</ele><time>2026-08-03T07:53:40.000Z</time></trkpt><trkpt lon="-3.54869" lat="53.19288"><ele>185.6</ele><time>2026-08-03T07:53:41.500Z</time></trkpt><trkpt lon="-3.54897" lat="53.1929"><ele>184.5</ele><time>2026-08-03T07:53:42.600Z</time></trkpt><trkpt lon="-3.54932" lat="53.19293"><ele>183.1</ele><time>2026-08-03T07:53:44.000Z</time></trkpt><trkpt lon="-3.54995" lat="53.19296"><ele>181.2</ele><time>2026-08-03T07:53:46.700Z</time></trkpt><trkpt lon="-3.5501" lat="53.19298"><ele>180.9</ele><time>2026-08-03T07:53:47.400Z</time></trkpt><trkpt lon="-3.550505" lat="53.19306"><ele>180.4</ele><time>2026-08-03T07:53:49.500Z</time></trkpt><trkpt lon="-3.55091" lat="53.19314"><ele>180.0</ele><time>2026-08-03T07:53:51.700Z</time></trkpt><trkpt lon="-3.551315" lat="53.193225"><ele>179.1</ele><time>2026-08-03T07:53:53.700Z</time></trkpt><trkpt lon="-3.55172" lat="53.19331"><ele>177.9</ele><time>2026-08-03T07:53:55.500Z</time></trkpt><trkpt lon="-3.55221" lat="53.19342"><ele>176.9</ele><time>2026-08-03T07:53:58.000Z</time></trkpt><trkpt lon="-3.55265" lat="53.19354"><ele>176.3</ele><time>2026-08-03T07:54:00.300Z</time></trkpt><trkpt lon="-3.55302" lat="53.1936767"><ele>175.8</ele><time>2026-08-03T07:54:02.500Z</time></trkpt><trkpt lon="-3.55339" lat="53.1938133"><ele>175.6</ele><time>2026-08-03T07:54:04.800Z</time></trkpt><trkpt lon="-3.55376" lat="53.19395"><ele>175.4</ele><time>2026-08-03T07:54:07.100Z</time></trkpt><trkpt lon="-3.55413" lat="53.19407"><ele>174.8</ele><time>2026-08-03T07:54:09.200Z</time></trkpt><trkpt lon="-3.554505" lat="53.19416"><ele>173.9</ele><time>2026-08-03T07:54:11.000Z</time></trkpt><trkpt lon="-3.55488" lat="53.19425"><ele>173.0</ele><time>2026-08-03T07:54:12.800Z</time></trkpt><trkpt lon="-3.5551" lat="53.19428"><ele>172.5</ele><time>2026-08-03T07:54:13.800Z</time></trkpt><trkpt lon="-3.55561" lat="53.19427"><ele>171.3</ele><time>2026-08-03T07:54:16.100Z</time></trkpt><trkpt lon="-3.55583" lat="53.19427"><ele>170.6</ele><time>2026-08-03T07:54:17.000Z</time></trkpt><trkpt lon="-3.55609" lat="53.19432"><ele>169.4</ele><time>2026-08-03T07:54:18.100Z</time></trkpt><trkpt lon="-3.55636" lat="53.19439"><ele>167.8</ele><time>2026-08-03T07:54:19.300Z</time></trkpt><trkpt lon="-3.55686" lat="53.19448"><ele>164.9</ele><time>2026-08-03T07:54:21.300Z</time></trkpt><trkpt lon="-3.55709" lat="53.19455"><ele>163.5</ele><time>2026-08-03T07:54:22.300Z</time></trkpt><trkpt lon="-3.55726" lat="53.19465"><ele>162.4</ele><time>2026-08-03T07:54:23.300Z</time></trkpt><trkpt lon="-3.55759" lat="53.19486"><ele>160.1</ele><time>2026-08-03T07:54:25.200Z</time></trkpt><trkpt lon="-3.55793" lat="53.1951"><ele>157.0</ele><time>2026-08-03T07:54:27.300Z</time></trkpt><trkpt lon="-3.55806" lat="53.19517"><ele>155.8</ele><time>2026-08-03T07:54:28.000Z</time></trkpt><trkpt lon="-3.55843" lat="53.19534"><ele>152.8</ele><time>2026-08-03T07:54:30.000Z</time></trkpt><trkpt lon="-3.55889" lat="53.19548"><ele>149.4</ele><time>2026-08-03T07:54:32.200Z</time></trkpt><trkpt lon="-3.55914" lat="53.19554"><ele>147.4</ele><time>2026-08-03T07:54:33.400Z</time></trkpt><trkpt lon="-3.55927" lat="53.19555"><ele>146.4</ele><time>2026-08-03T07:54:34.000Z</time></trkpt><trkpt lon="-3.55947" lat="53.19556"><ele>144.9</ele><time>2026-08-03T07:54:34.900Z</time></trkpt><trkpt lon="-3.55966" lat="53.19554"><ele>143.5</ele><time>2026-08-03T07:54:35.800Z</time></trkpt><trkpt lon="-3.56" lat="53.19548"><ele>140.9</ele><time>2026-08-03T07:54:37.300Z</time></trkpt><trkpt lon="-3.56034" lat="53.19542"><ele>138.5</ele><time>2026-08-03T07:54:38.900Z</time></trkpt><trkpt lon="-3.56081" lat="53.19529"><ele>135.9</ele><time>2026-08-03T07:54:40.900Z</time></trkpt><trkpt lon="-3.56096" lat="53.19526"><ele>135.3</ele><time>2026-08-03T07:54:41.600Z</time></trkpt><trkpt lon="-3.5613" lat="53.19514"><ele>134.1</ele><time>2026-08-03T07:54:43.200Z</time></trkpt><trkpt lon="-3.56139" lat="53.19509"><ele>133.8</ele><time>2026-08-03T07:54:43.800Z</time></trkpt><trkpt lon="-3.56159" lat="53.19492"><ele>133.3</ele><time>2026-08-03T07:54:45.500Z</time></trkpt><trkpt lon="-3.5618" lat="53.194715"><ele>133.2</ele><time>2026-08-03T07:54:47.700Z</time></trkpt><trkpt lon="-3.56201" lat="53.19451"><ele>133.5</ele><time>2026-08-03T07:54:50.100Z</time></trkpt><trkpt lon="-3.56233" lat="53.19429"><ele>134.5</ele><time>2026-08-03T07:54:53.600Z</time></trkpt><trkpt lon="-3.5625967" lat="53.1941333"><ele>135.2</ele><time>2026-08-03T07:54:56.300Z</time></trkpt><trkpt lon="-3.5628633" lat="53.1939767"><ele>135.8</ele><time>2026-08-03T07:54:58.800Z</time></trkpt><trkpt lon="-3.56313" lat="53.19382"><ele>136.3</ele><time>2026-08-03T07:55:01.400Z</time></trkpt><trkpt lon="-3.56322" lat="53.19378"><ele>136.6</ele><time>2026-08-03T07:55:02.200Z</time></trkpt><trkpt lon="-3.56314" lat="53.19355"><ele>137.0</ele><time>2026-08-03T07:55:04.700Z</time></trkpt><trkpt lon="-3.56306" lat="53.19335"><ele>137.7</ele><time>2026-08-03T07:55:07.200Z</time></trkpt><trkpt lon="-3.56297" lat="53.19313"><ele>139.2</ele><time>2026-08-03T07:55:11.000Z</time></trkpt><trkpt lon="-3.56296" lat="53.19306"><ele>139.6</ele><time>2026-08-03T07:55:12.100Z</time></trkpt><trkpt lon="-3.56297" lat="53.19302"><ele>139.8</ele><time>2026-08-03T07:55:12.700Z</time></trkpt><trkpt lon="-3.56298" lat="53.19297"><ele>140.0</ele><time>2026-08-03T07:55:13.300Z</time></trkpt><trkpt lon="-3.56317" lat="53.19273"><ele>139.8</ele><time>2026-08-03T07:55:15.600Z</time></trkpt><trkpt lon="-3.56325" lat="53.19265"><ele>139.5</ele><time>2026-08-03T07:55:16.400Z</time></trkpt><trkpt lon="-3.56335" lat="53.19257"><ele>139.3</ele><time>2026-08-03T07:55:17.200Z</time></trkpt><trkpt lon="-3.56364" lat="53.19239"><ele>139.7</ele><time>2026-08-03T07:55:19.800Z</time></trkpt><trkpt lon="-3.56384" lat="53.192265"><ele>140.9</ele><time>2026-08-03T07:55:22.700Z</time></trkpt><trkpt lon="-3.56404" lat="53.19214"><ele>142.3</ele><time>2026-08-03T07:55:26.000Z</time></trkpt><trkpt lon="-3.56426" lat="53.19203"><ele>144.5</ele><time>2026-08-03T07:55:30.600Z</time></trkpt><trkpt lon="-3.5645" lat="53.1919"><ele>147.4</ele><time>2026-08-03T07:55:36.100Z</time></trkpt><trkpt lon="-3.5646" lat="53.19182"><ele>148.7</ele><time>2026-08-03T07:55:38.600Z</time></trkpt><trkpt lon="-3.56481" lat="53.1916"><ele>151.2</ele><time>2026-08-03T07:55:44.100Z</time></trkpt><trkpt lon="-3.56493" lat="53.19148"><ele>152.4</ele><time>2026-08-03T07:55:46.900Z</time></trkpt><trkpt lon="-3.56507" lat="53.19139"><ele>153.5</ele><time>2026-08-03T07:55:49.400Z</time></trkpt><trkpt lon="-3.56526" lat="53.19123"><ele>155.1</ele><time>2026-08-03T07:55:53.100Z</time></trkpt><trkpt lon="-3.5654" lat="53.191085"><ele>156.3</ele><time>2026-08-03T07:55:56.100Z</time></trkpt><trkpt lon="-3.56554" lat="53.19094"><ele>157.3</ele><time>2026-08-03T07:55:58.800Z</time></trkpt><trkpt lon="-3.56566" lat="53.19079"><ele>158.3</ele><time>2026-08-03T07:56:01.400Z</time></trkpt><trkpt lon="-3.5659" lat="53.19049"><ele>159.8</ele><time>2026-08-03T07:56:06.000Z</time></trkpt><trkpt lon="-3.566075" lat="53.190265"><ele>160.1</ele><time>2026-08-03T07:56:08.600Z</time></trkpt><trkpt lon="-3.56625" lat="53.19004"><ele>159.9</ele><time>2026-08-03T07:56:10.800Z</time></trkpt><trkpt lon="-3.56643" lat="53.1898367"><ele>159.5</ele><time>2026-08-03T07:56:12.700Z</time></trkpt><trkpt lon="-3.56661" lat="53.1896333"><ele>158.8</ele><time>2026-08-03T07:56:14.500Z</time></trkpt><trkpt lon="-3.56679" lat="53.18943"><ele>157.5</ele><time>2026-08-03T07:56:16.100Z</time></trkpt><trkpt lon="-3.5669433" lat="53.1892633"><ele>156.7</ele><time>2026-08-03T07:56:17.500Z</time></trkpt><trkpt lon="-3.5670967" lat="53.1890967"><ele>156.6</ele><time>2026-08-03T07:56:19.200Z</time></trkpt><trkpt lon="-3.56725" lat="53.18893"><ele>157.0</ele><time>2026-08-03T07:56:21.300Z</time></trkpt><trkpt lon="-3.5674525" lat="53.1887575"><ele>158.3</ele><time>2026-08-03T07:56:24.700Z</time></trkpt><trkpt lon="-3.567655" lat="53.188585"><ele>159.8</ele><time>2026-08-03T07:56:28.400Z</time></trkpt><trkpt lon="-3.5678575" lat="53.1884125"><ele>160.0</ele><time>2026-08-03T07:56:30.500Z</time></trkpt><trkpt lon="-3.56806" lat="53.18824"><ele>158.5</ele><time>2026-08-03T07:56:31.900Z</time></trkpt><trkpt lon="-3.5682625" lat="53.18807"><ele>156.5</ele><time>2026-08-03T07:56:33.300Z</time></trkpt><trkpt lon="-3.568465" lat="53.1879"><ele>154.9</ele><time>2026-08-03T07:56:34.700Z</time></trkpt><trkpt lon="-3.5686675" lat="53.18773"><ele>154.1</ele><time>2026-08-03T07:56:36.200Z</time></trkpt><trkpt lon="-3.56887" lat="53.18756"><ele>153.3</ele><time>2026-08-03T07:56:37.800Z</time></trkpt><trkpt lon="-3.5690725" lat="53.1873875"><ele>152.7</ele><time>2026-08-03T07:56:39.500Z</time></trkpt><trkpt lon="-3.569275" lat="53.187215"><ele>152.6</ele><time>2026-08-03T07:56:41.400Z</time></trkpt><trkpt lon="-3.5694775" lat="53.1870425"><ele>153.5</ele><time>2026-08-03T07:56:44.100Z</time></trkpt><trkpt lon="-3.56968" lat="53.18687"><ele>154.4</ele><time>2026-08-03T07:56:47.000Z</time></trkpt><trkpt lon="-3.569835" lat="53.18671"><ele>155.3</ele><time>2026-08-03T07:56:49.700Z</time></trkpt><trkpt lon="-3.56999" lat="53.18655"><ele>156.4</ele><time>2026-08-03T07:56:52.600Z</time></trkpt><trkpt lon="-3.57017" lat="53.18634"><ele>157.9</ele><time>2026-08-03T07:56:56.500Z</time></trkpt><trkpt lon="-3.57032" lat="53.18621"><ele>158.9</ele><time>2026-08-03T07:56:59.100Z</time></trkpt><trkpt lon="-3.5705833" lat="53.1860267"><ele>160.6</ele><time>2026-08-03T07:57:03.300Z</time></trkpt><trkpt lon="-3.5708467" lat="53.1858433"><ele>162.5</ele><time>2026-08-03T07:57:07.800Z</time></trkpt><trkpt lon="-3.57111" lat="53.18566"><ele>164.6</ele><time>2026-08-03T07:57:12.500Z</time></trkpt><trkpt lon="-3.571305" lat="53.1855225"><ele>165.9</ele><time>2026-08-03T07:57:15.700Z</time></trkpt><trkpt lon="-3.5715" lat="53.185385"><ele>166.9</ele><time>2026-08-03T07:57:18.500Z</time></trkpt><trkpt lon="-3.571695" lat="53.1852475"><ele>167.9</ele><time>2026-08-03T07:57:21.200Z</time></trkpt><trkpt lon="-3.57189" lat="53.18511"><ele>168.8</ele><time>2026-08-03T07:57:23.900Z</time></trkpt><trkpt lon="-3.5721533" lat="53.1849267"><ele>170.2</ele><time>2026-08-03T07:57:27.700Z</time></trkpt><trkpt lon="-3.5724167" lat="53.1847433"><ele>171.7</ele><time>2026-08-03T07:57:31.700Z</time></trkpt><trkpt lon="-3.57268" lat="53.18456"><ele>173.4</ele><time>2026-08-03T07:57:35.900Z</time></trkpt><trkpt lon="-3.57283" lat="53.18445"><ele>174.6</ele><time>2026-08-03T07:57:38.700Z</time></trkpt><trkpt lon="-3.57297" lat="53.18431"><ele>176.2</ele><time>2026-08-03T07:57:42.200Z</time></trkpt><trkpt lon="-3.57307" lat="53.18419"><ele>177.8</ele><time>2026-08-03T07:57:45.400Z</time></trkpt><trkpt lon="-3.57317" lat="53.18407"><ele>179.5</ele><time>2026-08-03T07:57:48.900Z</time></trkpt><trkpt lon="-3.57327" lat="53.18395"><ele>181.3</ele><time>2026-08-03T07:57:52.400Z</time></trkpt><trkpt lon="-3.57341" lat="53.1838"><ele>183.4</ele><time>2026-08-03T07:57:56.700Z</time></trkpt><trkpt lon="-3.5735" lat="53.1837"><ele>184.3</ele><time>2026-08-03T07:57:58.900Z</time></trkpt><trkpt lon="-3.57368" lat="53.18355"><ele>184.7</ele><time>2026-08-03T07:58:00.900Z</time></trkpt><trkpt lon="-3.57379" lat="53.18349"><ele>184.7</ele><time>2026-08-03T07:58:01.700Z</time></trkpt><trkpt lon="-3.57394" lat="53.18343"><ele>184.6</ele><time>2026-08-03T07:58:02.600Z</time></trkpt><trkpt lon="-3.574345" lat="53.183295"><ele>184.0</ele><time>2026-08-03T07:58:04.900Z</time></trkpt><trkpt lon="-3.57475" lat="53.18316"><ele>183.6</ele><time>2026-08-03T07:58:07.300Z</time></trkpt><trkpt lon="-3.5751" lat="53.18303"><ele>183.8</ele><time>2026-08-03T07:58:09.800Z</time></trkpt><trkpt lon="-3.57528" lat="53.18295"><ele>183.8</ele><time>2026-08-03T07:58:11.000Z</time></trkpt><trkpt lon="-3.57544" lat="53.18287"><ele>183.4</ele><time>2026-08-03T07:58:12.000Z</time></trkpt><trkpt lon="-3.57563" lat="53.18272"><ele>182.4</ele><time>2026-08-03T07:58:13.300Z</time></trkpt><trkpt lon="-3.57577" lat="53.18264"><ele>181.8</ele><time>2026-08-03T07:58:14.100Z</time></trkpt><trkpt lon="-3.5759" lat="53.18257"><ele>181.6</ele><time>2026-08-03T07:58:15.000Z</time></trkpt><trkpt lon="-3.57603" lat="53.18254"><ele>182.0</ele><time>2026-08-03T07:58:16.200Z</time></trkpt><trkpt lon="-3.57653" lat="53.18243"><ele>183.0</ele><time>2026-08-03T07:58:20.000Z</time></trkpt><trkpt lon="-3.576865" lat="53.18234"><ele>184.3</ele><time>2026-08-03T07:58:23.400Z</time></trkpt><trkpt lon="-3.5772" lat="53.18225"><ele>185.3</ele><time>2026-08-03T07:58:26.400Z</time></trkpt><trkpt lon="-3.57773" lat="53.18214"><ele>186.2</ele><time>2026-08-03T07:58:30.300Z</time></trkpt><trkpt lon="-3.57812" lat="53.1820733"><ele>186.7</ele><time>2026-08-03T07:58:33.000Z</time></trkpt><trkpt lon="-3.57851" lat="53.1820067"><ele>187.5</ele><time>2026-08-03T07:58:35.900Z</time></trkpt><trkpt lon="-3.5789" lat="53.18194"><ele>188.3</ele><time>2026-08-03T07:58:38.800Z</time></trkpt><trkpt lon="-3.57916" lat="53.18187"><ele>188.1</ele><time>2026-08-03T07:58:40.300Z</time></trkpt><trkpt lon="-3.5794633" lat="53.1817567"><ele>187.3</ele><time>2026-08-03T07:58:41.900Z</time></trkpt><trkpt lon="-3.5797667" lat="53.1816433"><ele>186.8</ele><time>2026-08-03T07:58:43.600Z</time></trkpt><trkpt lon="-3.58007" lat="53.18153"><ele>186.1</ele><time>2026-08-03T07:58:45.300Z</time></trkpt><trkpt lon="-3.58037" lat="53.1814167"><ele>185.1</ele><time>2026-08-03T07:58:46.800Z</time></trkpt><trkpt lon="-3.58067" lat="53.1813034"><ele>184.4</ele><time>2026-08-03T07:58:48.400Z</time></trkpt><trkpt lon="-3.58097" lat="53.18119"><ele>183.7</ele><time>2026-08-03T07:58:50.100Z</time></trkpt><trkpt lon="-3.58112" lat="53.18113"><ele>183.7</ele><time>2026-08-03T07:58:51.100Z</time></trkpt><trkpt lon="-3.58126" lat="53.18104"><ele>183.9</ele><time>2026-08-03T07:58:52.400Z</time></trkpt><trkpt lon="-3.581445" lat="53.18088"><ele>184.6</ele><time>2026-08-03T07:58:54.900Z</time></trkpt><trkpt lon="-3.58163" lat="53.18072"><ele>185.6</ele><time>2026-08-03T07:58:57.700Z</time></trkpt><trkpt lon="-3.58174" lat="53.180595"><ele>186.4</ele><time>2026-08-03T07:58:59.800Z</time></trkpt><trkpt lon="-3.58185" lat="53.18047"><ele>186.9</ele><time>2026-08-03T07:59:01.700Z</time></trkpt><trkpt lon="-3.58198" lat="53.1803"><ele>187.2</ele><time>2026-08-03T07:59:03.600Z</time></trkpt><trkpt lon="-3.58211" lat="53.18013"><ele>186.8</ele><time>2026-08-03T07:59:05.200Z</time></trkpt><trkpt lon="-3.58221" lat="53.17995"><ele>185.7</ele><time>2026-08-03T07:59:06.400Z</time></trkpt><trkpt lon="-3.58227" lat="53.17981"><ele>184.9</ele><time>2026-08-03T07:59:07.500Z</time></trkpt><trkpt lon="-3.58249" lat="53.17972"><ele>185.4</ele><time>2026-08-03T07:59:09.300Z</time></trkpt><trkpt lon="-3.58261" lat="53.17963"><ele>186.7</ele><time>2026-08-03T07:59:12.000Z</time></trkpt><trkpt lon="-3.58269" lat="53.17955"><ele>188.1</ele><time>2026-08-03T07:59:14.700Z</time></trkpt><trkpt lon="-3.5827933" lat="53.1794067"><ele>190.4</ele><time>2026-08-03T07:59:19.200Z</time></trkpt><trkpt lon="-3.5828967" lat="53.1792634"><ele>192.5</ele><time>2026-08-03T07:59:23.300Z</time></trkpt><trkpt lon="-3.583" lat="53.17912"><ele>194.5</ele><time>2026-08-03T07:59:27.200Z</time></trkpt><trkpt lon="-3.58317" lat="53.17891"><ele>197.0</ele><time>2026-08-03T07:59:32.600Z</time></trkpt><trkpt lon="-3.58337" lat="53.17874"><ele>197.8</ele><time>2026-08-03T07:59:35.300Z</time></trkpt><trkpt lon="-3.58349" lat="53.17865"><ele>197.5</ele><time>2026-08-03T07:59:36.200Z</time></trkpt><trkpt lon="-3.58367" lat="53.17864"><ele>196.8</ele><time>2026-08-03T07:59:36.900Z</time></trkpt><trkpt lon="-3.5843" lat="53.17874"><ele>193.7</ele><time>2026-08-03T07:59:39.500Z</time></trkpt><trkpt lon="-3.58461" lat="53.17877"><ele>192.2</ele><time>2026-08-03T07:59:40.700Z</time></trkpt><trkpt lon="-3.58523" lat="53.17877"><ele>190.3</ele><time>2026-08-03T07:59:43.300Z</time></trkpt><trkpt lon="-3.58578" lat="53.1788"><ele>189.8</ele><time>2026-08-03T07:59:46.200Z</time></trkpt><trkpt lon="-3.58634" lat="53.17877"><ele>190.0</ele><time>2026-08-03T07:59:49.400Z</time></trkpt><trkpt lon="-3.58694" lat="53.17876"><ele>189.9</ele><time>2026-08-03T07:59:52.700Z</time></trkpt><trkpt lon="-3.587345" lat="53.17874"><ele>189.8</ele><time>2026-08-03T07:59:54.900Z</time></trkpt><trkpt lon="-3.58775" lat="53.17872"><ele>189.3</ele><time>2026-08-03T07:59:56.900Z</time></trkpt><trkpt lon="-3.58786" lat="53.1787"><ele>189.3</ele><time>2026-08-03T07:59:57.600Z</time></trkpt><trkpt lon="-3.58806" lat="53.17862"><ele>189.1</ele><time>2026-08-03T07:59:58.800Z</time></trkpt><trkpt lon="-3.58848" lat="53.17893"><ele>187.1</ele><time>2026-08-03T08:00:01.600Z</time></trkpt><trkpt lon="-3.58868" lat="53.17902"><ele>186.1</ele><time>2026-08-03T08:00:02.600Z</time></trkpt><trkpt lon="-3.58885" lat="53.17908"><ele>185.3</ele><time>2026-08-03T08:00:03.400Z</time></trkpt><trkpt lon="-3.589" lat="53.17912"><ele>184.6</ele><time>2026-08-03T08:00:04.100Z</time></trkpt><trkpt lon="-3.58943" lat="53.17917"><ele>182.6</ele><time>2026-08-03T08:00:05.800Z</time></trkpt><trkpt lon="-3.5898167" lat="53.1792033"><ele>180.8</ele><time>2026-08-03T08:00:07.400Z</time></trkpt><trkpt lon="-3.5902033" lat="53.1792367"><ele>179.2</ele><time>2026-08-03T08:00:08.900Z</time></trkpt><trkpt lon="-3.59059" lat="53.17927"><ele>177.5</ele><time>2026-08-03T08:00:10.500Z</time></trkpt><trkpt lon="-3.5910267" lat="53.17931"><ele>175.5</ele><time>2026-08-03T08:00:12.300Z</time></trkpt><trkpt lon="-3.5914633" lat="53.17935"><ele>173.6</ele><time>2026-08-03T08:00:14.000Z</time></trkpt><trkpt lon="-3.5919" lat="53.17939"><ele>171.6</ele><time>2026-08-03T08:00:15.800Z</time></trkpt><trkpt lon="-3.59248" lat="53.17939"><ele>168.9</ele><time>2026-08-03T08:00:18.100Z</time></trkpt><trkpt lon="-3.59282" lat="53.17937"><ele>167.0</ele><time>2026-08-03T08:00:19.400Z</time></trkpt><trkpt lon="-3.5931" lat="53.17933"><ele>165.3</ele><time>2026-08-03T08:00:20.600Z</time></trkpt><trkpt lon="-3.59348" lat="53.17923"><ele>162.9</ele><time>2026-08-03T08:00:22.200Z</time></trkpt><trkpt lon="-3.59386" lat="53.17913"><ele>161.2</ele><time>2026-08-03T08:00:23.900Z</time></trkpt><trkpt lon="-3.59413" lat="53.17905"><ele>161.7</ele><time>2026-08-03T08:00:25.900Z</time></trkpt><trkpt lon="-3.59445" lat="53.17897"><ele>161.5</ele><time>2026-08-03T08:00:27.800Z</time></trkpt><trkpt lon="-3.59476" lat="53.1789"><ele>161.7</ele><time>2026-08-03T08:00:29.800Z</time></trkpt><trkpt lon="-3.59504" lat="53.17884"><ele>162.0</ele><time>2026-08-03T08:00:31.700Z</time></trkpt><trkpt lon="-3.59527" lat="53.17883"><ele>162.7</ele><time>2026-08-03T08:00:33.700Z</time></trkpt><trkpt lon="-3.59553" lat="53.17885"><ele>163.6</ele><time>2026-08-03T08:00:36.100Z</time></trkpt><trkpt lon="-3.59606" lat="53.17894"><ele>164.8</ele><time>2026-08-03T08:00:40.300Z</time></trkpt><trkpt lon="-3.59626" lat="53.17896"><ele>165.1</ele><time>2026-08-03T08:00:41.600Z</time></trkpt><trkpt lon="-3.59635" lat="53.17895"><ele>165.2</ele><time>2026-08-03T08:00:42.200Z</time></trkpt><trkpt lon="-3.59645" lat="53.17894"><ele>165.3</ele><time>2026-08-03T08:00:42.900Z</time></trkpt><trkpt lon="-3.59662" lat="53.17888"><ele>165.5</ele><time>2026-08-03T08:00:44.100Z</time></trkpt><trkpt lon="-3.59686" lat="53.17874"><ele>165.7</ele><time>2026-08-03T08:00:46.200Z</time></trkpt><trkpt lon="-3.59701" lat="53.17868"><ele>165.8</ele><time>2026-08-03T08:00:47.300Z</time></trkpt><trkpt lon="-3.59723" lat="53.1786"><ele>166.0</ele><time>2026-08-03T08:00:48.800Z</time></trkpt><trkpt lon="-3.59779" lat="53.17846"><ele>166.1</ele><time>2026-08-03T08:00:52.300Z</time></trkpt><trkpt lon="-3.59797" lat="53.17844"><ele>166.3</ele><time>2026-08-03T08:00:53.500Z</time></trkpt><trkpt lon="-3.59844" lat="53.17844"><ele>166.9</ele><time>2026-08-03T08:00:56.500Z</time></trkpt><trkpt lon="-3.59866" lat="53.17846"><ele>167.0</ele><time>2026-08-03T08:00:57.900Z</time></trkpt><trkpt lon="-3.59894" lat="53.1785"><ele>167.1</ele><time>2026-08-03T08:00:59.600Z</time></trkpt><trkpt lon="-3.59941" lat="53.17858"><ele>167.8</ele><time>2026-08-03T08:01:02.800Z</time></trkpt><trkpt lon="-3.59959" lat="53.1786"><ele>168.1</ele><time>2026-08-03T08:01:04.100Z</time></trkpt><trkpt lon="-3.5999433" lat="53.1786133"><ele>168.9</ele><time>2026-08-03T08:01:06.800Z</time></trkpt><trkpt lon="-3.6002967" lat="53.1786267"><ele>169.9</ele><time>2026-08-03T08:01:09.700Z</time></trkpt><trkpt lon="-3.60065" lat="53.17864"><ele>171.0</ele><time>2026-08-03T08:01:12.700Z</time></trkpt><trkpt lon="-3.60087" lat="53.17866"><ele>171.4</ele><time>2026-08-03T08:01:14.400Z</time></trkpt><trkpt lon="-3.60114" lat="53.17872"><ele>171.9</ele><time>2026-08-03T08:01:16.400Z</time></trkpt><trkpt lon="-3.60134" lat="53.17879"><ele>172.5</ele><time>2026-08-03T08:01:18.200Z</time></trkpt><trkpt lon="-3.6015" lat="53.17875"><ele>173.3</ele><time>2026-08-03T08:01:20.200Z</time></trkpt><trkpt lon="-3.60171" lat="53.17875"><ele>174.7</ele><time>2026-08-03T08:01:23.100Z</time></trkpt><trkpt lon="-3.60183" lat="53.178775"><ele>175.5</ele><time>2026-08-03T08:01:24.900Z</time></trkpt><trkpt lon="-3.60195" lat="53.1788"><ele>176.4</ele><time>2026-08-03T08:01:26.700Z</time></trkpt><trkpt lon="-3.60216" lat="53.17887"><ele>178.0</ele><time>2026-08-03T08:01:30.100Z</time></trkpt><trkpt lon="-3.60232" lat="53.178958"><ele>179.7</ele><time>2026-08-03T08:01:33.300Z</time></trkpt><trkpt lon="-3.60248" lat="53.179046"><ele>181.5</ele><time>2026-08-03T08:01:36.900Z</time></trkpt><trkpt lon="-3.60264" lat="53.179134"><ele>183.4</ele><time>2026-08-03T08:01:40.500Z</time></trkpt><trkpt lon="-3.6028" lat="53.179222"><ele>185.3</ele><time>2026-08-03T08:01:44.200Z</time></trkpt><trkpt lon="-3.60296" lat="53.17931"><ele>187.4</ele><time>2026-08-03T08:01:48.200Z</time></trkpt><trkpt lon="-3.603095" lat="53.179435"><ele>189.9</ele><time>2026-08-03T08:01:52.900Z</time></trkpt><trkpt lon="-3.60323" lat="53.17956"><ele>192.5</ele><time>2026-08-03T08:01:57.700Z</time></trkpt><trkpt lon="-3.603425" lat="53.17972"><ele>196.1</ele><time>2026-08-03T08:02:04.300Z</time></trkpt><trkpt lon="-3.60362" lat="53.17988"><ele>199.8</ele><time>2026-08-03T08:02:11.000Z</time></trkpt><trkpt lon="-3.603785" lat="53.179955"><ele>202.0</ele><time>2026-08-03T08:02:15.100Z</time></trkpt><trkpt lon="-3.60395" lat="53.18003"><ele>204.2</ele><time>2026-08-03T08:02:19.100Z</time></trkpt><trkpt lon="-3.60429" lat="53.18004"><ele>207.5</ele><time>2026-08-03T08:02:25.400Z</time></trkpt><trkpt lon="-3.60456" lat="53.18"><ele>210.1</ele><time>2026-08-03T08:02:30.500Z</time></trkpt><trkpt lon="-3.6047233" lat="53.1799633"><ele>211.8</ele><time>2026-08-03T08:02:33.600Z</time></trkpt><trkpt lon="-3.60505" lat="53.17989"><ele>214.7</ele><time>2026-08-03T08:02:39.300Z</time></trkpt><trkpt lon="-3.60529" lat="53.179755"><ele>217.1</ele><time>2026-08-03T08:02:44.100Z</time></trkpt><trkpt lon="-3.60553" lat="53.17962"><ele>218.8</ele><time>2026-08-03T08:02:48.000Z</time></trkpt><trkpt lon="-3.60577" lat="53.179485"><ele>219.6</ele><time>2026-08-03T08:02:50.600Z</time></trkpt><trkpt lon="-3.60601" lat="53.17935"><ele>219.8</ele><time>2026-08-03T08:02:52.600Z</time></trkpt><trkpt lon="-3.6062733" lat="53.1792367"><ele>218.9</ele><time>2026-08-03T08:02:54.000Z</time></trkpt><trkpt lon="-3.6068" lat="53.17901"><ele>216.3</ele><time>2026-08-03T08:02:56.600Z</time></trkpt><trkpt lon="-3.607075" lat="53.17888"><ele>215.7</ele><time>2026-08-03T08:02:58.300Z</time></trkpt><trkpt lon="-3.60735" lat="53.17875"><ele>215.8</ele><time>2026-08-03T08:03:00.300Z</time></trkpt><trkpt lon="-3.607615" lat="53.17865"><ele>216.8</ele><time>2026-08-03T08:03:03.000Z</time></trkpt><trkpt lon="-3.60788" lat="53.17855"><ele>217.9</ele><time>2026-08-03T08:03:06.000Z</time></trkpt><trkpt lon="-3.608245" lat="53.17846"><ele>219.7</ele><time>2026-08-03T08:03:10.400Z</time></trkpt><trkpt lon="-3.60861" lat="53.17837"><ele>221.6</ele><time>2026-08-03T08:03:14.900Z</time></trkpt><trkpt lon="-3.60884" lat="53.1783133"><ele>223.2</ele><time>2026-08-03T08:03:18.300Z</time></trkpt><trkpt lon="-3.60907" lat="53.1782567"><ele>225.0</ele><time>2026-08-03T08:03:21.900Z</time></trkpt><trkpt lon="-3.6093" lat="53.1782"><ele>226.7</ele><time>2026-08-03T08:03:25.500Z</time></trkpt><trkpt lon="-3.60967" lat="53.17813"><ele>228.7</ele><time>2026-08-03T08:03:30.000Z</time></trkpt><trkpt lon="-3.61006" lat="53.17812"><ele>229.4</ele><time>2026-08-03T08:03:32.900Z</time></trkpt><trkpt lon="-3.61051" lat="53.17797"><ele>230.8</ele><time>2026-08-03T08:03:37.100Z</time></trkpt><trkpt lon="-3.61083" lat="53.17791"><ele>232.8</ele><time>2026-08-03T08:03:41.400Z</time></trkpt><trkpt lon="-3.61106" lat="53.17784"><ele>234.7</ele><time>2026-08-03T08:03:45.300Z</time></trkpt><trkpt lon="-3.61129" lat="53.17777"><ele>236.6</ele><time>2026-08-03T08:03:49.100Z</time></trkpt><trkpt lon="-3.611495" lat="53.177695"><ele>238.1</ele><time>2026-08-03T08:03:52.300Z</time></trkpt><trkpt lon="-3.6117" lat="53.17762"><ele>239.4</ele><time>2026-08-03T08:03:55.300Z</time></trkpt><trkpt lon="-3.61211" lat="53.17746"><ele>241.4</ele><time>2026-08-03T08:04:00.300Z</time></trkpt><trkpt lon="-3.61242" lat="53.17738"><ele>242.4</ele><time>2026-08-03T08:04:03.200Z</time></trkpt><trkpt lon="-3.61273" lat="53.1773"><ele>242.7</ele><time>2026-08-03T08:04:05.300Z</time></trkpt><trkpt lon="-3.61293" lat="53.17723"><ele>242.6</ele><time>2026-08-03T08:04:06.600Z</time></trkpt><trkpt lon="-3.61312" lat="53.17713"><ele>242.5</ele><time>2026-08-03T08:04:07.900Z</time></trkpt><trkpt lon="-3.61331" lat="53.17701"><ele>242.7</ele><time>2026-08-03T08:04:09.600Z</time></trkpt><trkpt lon="-3.61362" lat="53.17678"><ele>243.0</ele><time>2026-08-03T08:04:12.500Z</time></trkpt><trkpt lon="-3.61379" lat="53.17663"><ele>243.5</ele><time>2026-08-03T08:04:14.700Z</time></trkpt><trkpt lon="-3.61397" lat="53.17649"><ele>244.3</ele><time>2026-08-03T08:04:17.100Z</time></trkpt><trkpt lon="-3.61416" lat="53.17638"><ele>245.2</ele><time>2026-08-03T08:04:19.500Z</time></trkpt><trkpt lon="-3.61441" lat="53.17629"><ele>245.8</ele><time>2026-08-03T08:04:21.700Z</time></trkpt><trkpt lon="-3.6147" lat="53.1762"><ele>246.2</ele><time>2026-08-03T08:04:23.800Z</time></trkpt><trkpt lon="-3.6150125" lat="53.1761225"><ele>246.8</ele><time>2026-08-03T08:04:26.200Z</time></trkpt><trkpt lon="-3.615325" lat="53.176045"><ele>247.8</ele><time>2026-08-03T08:04:29.000Z</time></trkpt><trkpt lon="-3.6156375" lat="53.1759675"><ele>249.3</ele><time>2026-08-03T08:04:32.700Z</time></trkpt><trkpt lon="-3.61595" lat="53.17589"><ele>251.0</ele><time>2026-08-03T08:04:36.600Z</time></trkpt><trkpt lon="-3.61627" lat="53.17582"><ele>253.1</ele><time>2026-08-03T08:04:41.200Z</time></trkpt><trkpt lon="-3.6165267" lat="53.17581"><ele>254.7</ele><time>2026-08-03T08:04:44.700Z</time></trkpt><trkpt lon="-3.6167834" lat="53.1758"><ele>256.2</ele><time>2026-08-03T08:04:48.100Z</time></trkpt><trkpt lon="-3.61704" lat="53.17579"><ele>257.7</ele><time>2026-08-03T08:04:51.300Z</time></trkpt><trkpt lon="-3.6173233" lat="53.1757933"><ele>258.7</ele><time>2026-08-03T08:04:54.000Z</time></trkpt><trkpt lon="-3.61789" lat="53.1758"><ele>259.7</ele><time>2026-08-03T08:04:58.000Z</time></trkpt><trkpt lon="-3.61815" lat="53.17582"><ele>260.3</ele><time>2026-08-03T08:05:00.000Z</time></trkpt><trkpt lon="-3.61845" lat="53.1757433"><ele>261.0</ele><time>2026-08-03T08:05:02.300Z</time></trkpt><trkpt lon="-3.61875" lat="53.1756667"><ele>261.3</ele><time>2026-08-03T08:05:04.500Z</time></trkpt><trkpt lon="-3.61905" lat="53.17559"><ele>261.6</ele><time>2026-08-03T08:05:06.500Z</time></trkpt><trkpt lon="-3.6193467" lat="53.17551"><ele>261.3</ele><time>2026-08-03T08:05:08.100Z</time></trkpt><trkpt lon="-3.61994" lat="53.17535"><ele>260.7</ele><time>2026-08-03T08:05:11.400Z</time></trkpt><trkpt lon="-3.6201767" lat="53.17528"><ele>260.8</ele><time>2026-08-03T08:05:13.000Z</time></trkpt><trkpt lon="-3.62065" lat="53.17514"><ele>261.6</ele><time>2026-08-03T08:05:16.500Z</time></trkpt><trkpt lon="-3.6208833" lat="53.17507"><ele>262.3</ele><time>2026-08-03T08:05:18.700Z</time></trkpt><trkpt lon="-3.6211167" lat="53.175"><ele>263.4</ele><time>2026-08-03T08:05:21.500Z</time></trkpt><trkpt lon="-3.62135" lat="53.17493"><ele>264.5</ele><time>2026-08-03T08:05:24.200Z</time></trkpt><trkpt lon="-3.6216325" lat="53.1748475"><ele>265.4</ele><time>2026-08-03T08:05:26.900Z</time></trkpt><trkpt lon="-3.621915" lat="53.174765"><ele>265.9</ele><time>2026-08-03T08:05:29.000Z</time></trkpt><trkpt lon="-3.6221975" lat="53.1746825"><ele>266.2</ele><time>2026-08-03T08:05:31.000Z</time></trkpt><trkpt lon="-3.62248" lat="53.1746"><ele>266.7</ele><time>2026-08-03T08:05:33.200Z</time></trkpt><trkpt lon="-3.6228" lat="53.17445"><ele>267.7</ele><time>2026-08-03T08:05:36.300Z</time></trkpt><trkpt lon="-3.62305" lat="53.17431"><ele>268.9</ele><time>2026-08-03T08:05:39.500Z</time></trkpt><trkpt lon="-3.62319" lat="53.17415"><ele>270.0</ele><time>2026-08-03T08:05:42.400Z</time></trkpt><trkpt lon="-3.62335" lat="53.17388"><ele>271.6</ele><time>2026-08-03T08:05:46.900Z</time></trkpt><trkpt lon="-3.62346" lat="53.17371"><ele>272.7</ele><time>2026-08-03T08:05:49.700Z</time></trkpt><trkpt lon="-3.62366" lat="53.17352"><ele>274.4</ele><time>2026-08-03T08:05:53.900Z</time></trkpt><trkpt lon="-3.62392" lat="53.17336"><ele>275.8</ele><time>2026-08-03T08:05:57.600Z</time></trkpt><trkpt lon="-3.624165" lat="53.173225"><ele>276.7</ele><time>2026-08-03T08:06:00.200Z</time></trkpt><trkpt lon="-3.62441" lat="53.17309"><ele>277.2</ele><time>2026-08-03T08:06:02.500Z</time></trkpt><trkpt lon="-3.62454" lat="53.17298"><ele>277.1</ele><time>2026-08-03T08:06:03.700Z</time></trkpt><trkpt lon="-3.62471" lat="53.17282"><ele>277.3</ele><time>2026-08-03T08:06:05.600Z</time></trkpt><trkpt lon="-3.62488" lat="53.17266"><ele>278.3</ele><time>2026-08-03T08:06:08.300Z</time></trkpt><trkpt lon="-3.62505" lat="53.1725"><ele>279.4</ele><time>2026-08-03T08:06:11.400Z</time></trkpt><trkpt lon="-3.62527" lat="53.17234"><ele>281.3</ele><time>2026-08-03T08:06:15.700Z</time></trkpt><trkpt lon="-3.62554" lat="53.17223"><ele>283.0</ele><time>2026-08-03T08:06:19.600Z</time></trkpt><trkpt lon="-3.62579" lat="53.17215"><ele>284.3</ele><time>2026-08-03T08:06:22.800Z</time></trkpt><trkpt lon="-3.62604" lat="53.17207"><ele>285.6</ele><time>2026-08-03T08:06:25.800Z</time></trkpt><trkpt lon="-3.62643" lat="53.17197"><ele>286.6</ele><time>2026-08-03T08:06:29.000Z</time></trkpt><trkpt lon="-3.62675" lat="53.17193"><ele>286.3</ele><time>2026-08-03T08:06:30.700Z</time></trkpt><trkpt lon="-3.62729" lat="53.17192"><ele>285.3</ele><time>2026-08-03T08:06:33.300Z</time></trkpt><trkpt lon="-3.62753" lat="53.1719"><ele>284.8</ele><time>2026-08-03T08:06:34.400Z</time></trkpt><trkpt lon="-3.627905" lat="53.17177"><ele>283.8</ele><time>2026-08-03T08:06:36.300Z</time></trkpt><trkpt lon="-3.62828" lat="53.17164"><ele>283.3</ele><time>2026-08-03T08:06:38.500Z</time></trkpt><trkpt lon="-3.62857" lat="53.17137"><ele>282.8</ele><time>2026-08-03T08:06:41.200Z</time></trkpt><trkpt lon="-3.62879" lat="53.1712"><ele>282.0</ele><time>2026-08-03T08:06:42.800Z</time></trkpt><trkpt lon="-3.62901" lat="53.17103"><ele>280.9</ele><time>2026-08-03T08:06:44.300Z</time></trkpt><trkpt lon="-3.62943" lat="53.1707"><ele>278.0</ele><time>2026-08-03T08:06:47.100Z</time></trkpt><trkpt lon="-3.62968" lat="53.17044"><ele>275.1</ele><time>2026-08-03T08:06:49.100Z</time></trkpt><trkpt lon="-3.62985" lat="53.17034"><ele>273.4</ele><time>2026-08-03T08:06:50.200Z</time></trkpt><trkpt lon="-3.63001" lat="53.17029"><ele>271.8</ele><time>2026-08-03T08:06:51.000Z</time></trkpt><trkpt lon="-3.63032" lat="53.17027"><ele>269.3</ele><time>2026-08-03T08:06:52.400Z</time></trkpt><trkpt lon="-3.63056" lat="53.17023"><ele>267.6</ele><time>2026-08-03T08:06:53.500Z</time></trkpt><trkpt lon="-3.63082" lat="53.17015"><ele>265.7</ele><time>2026-08-03T08:06:54.700Z</time></trkpt><trkpt lon="-3.63142" lat="53.17"><ele>259.5</ele><time>2026-08-03T08:06:57.600Z</time></trkpt><trkpt lon="-3.63161" lat="53.16993"><ele>257.0</ele><time>2026-08-03T08:06:58.600Z</time></trkpt><trkpt lon="-3.6319733" lat="53.1697667"><ele>252.5</ele><time>2026-08-03T08:07:00.700Z</time></trkpt><trkpt lon="-3.6323367" lat="53.1696033"><ele>250.2</ele><time>2026-08-03T08:07:02.500Z</time></trkpt><trkpt lon="-3.6327" lat="53.16944"><ele>249.6</ele><time>2026-08-03T08:07:04.700Z</time></trkpt><trkpt lon="-3.632935" lat="53.169295"><ele>249.6</ele><time>2026-08-03T08:07:06.600Z</time></trkpt><trkpt lon="-3.63317" lat="53.16915"><ele>249.8</ele><time>2026-08-03T08:07:08.600Z</time></trkpt><trkpt lon="-3.633435" lat="53.16894"><ele>250.5</ele><time>2026-08-03T08:07:11.600Z</time></trkpt><trkpt lon="-3.6337" lat="53.16873"><ele>250.2</ele><time>2026-08-03T08:07:13.900Z</time></trkpt><trkpt lon="-3.63396" lat="53.16857"><ele>248.4</ele><time>2026-08-03T08:07:15.400Z</time></trkpt><trkpt lon="-3.63425" lat="53.16845"><ele>245.4</ele><time>2026-08-03T08:07:17.000Z</time></trkpt><trkpt lon="-3.63465" lat="53.16836"><ele>241.2</ele><time>2026-08-03T08:07:18.900Z</time></trkpt><trkpt lon="-3.63509" lat="53.1683"><ele>236.9</ele><time>2026-08-03T08:07:20.900Z</time></trkpt><trkpt lon="-3.63543" lat="53.16829"><ele>234.7</ele><time>2026-08-03T08:07:22.300Z</time></trkpt><trkpt lon="-3.63578" lat="53.1683133"><ele>232.8</ele><time>2026-08-03T08:07:23.700Z</time></trkpt><trkpt lon="-3.63613" lat="53.1683367"><ele>232.5</ele><time>2026-08-03T08:07:25.500Z</time></trkpt><trkpt lon="-3.63648" lat="53.16836"><ele>232.5</ele><time>2026-08-03T08:07:27.400Z</time></trkpt><trkpt lon="-3.6367" lat="53.16834004468"><ele>232.8</ele><time>2026-08-03T08:07:28.900Z</time></trkpt><trkpt lon="-3.63687" lat="53.16827"><ele>233.3</ele><time>2026-08-03T08:07:30.500Z</time></trkpt><trkpt lon="-3.63703" lat="53.1681067"><ele>233.9</ele><time>2026-08-03T08:07:32.800Z</time></trkpt><trkpt lon="-3.63719" lat="53.1679433"><ele>234.7</ele><time>2026-08-03T08:07:35.200Z</time></trkpt><trkpt lon="-3.63735" lat="53.16778"><ele>235.9</ele><time>2026-08-03T08:07:38.300Z</time></trkpt><trkpt lon="-3.63751" lat="53.1676133"><ele>237.5</ele><time>2026-08-03T08:07:42.200Z</time></trkpt><trkpt lon="-3.63767" lat="53.1674467"><ele>239.5</ele><time>2026-08-03T08:07:46.400Z</time></trkpt><trkpt lon="-3.63783" lat="53.16728"><ele>241.4</ele><time>2026-08-03T08:07:50.600Z</time></trkpt><trkpt lon="-3.637985" lat="53.1671375"><ele>243.1</ele><time>2026-08-03T08:07:54.400Z</time></trkpt><trkpt lon="-3.63814" lat="53.166995"><ele>244.8</ele><time>2026-08-03T08:07:58.000Z</time></trkpt><trkpt lon="-3.638295" lat="53.1668525"><ele>246.2</ele><time>2026-08-03T08:08:01.400Z</time></trkpt><trkpt lon="-3.63845" lat="53.16671"><ele>247.6</ele><time>2026-08-03T08:08:04.600Z</time></trkpt><trkpt lon="-3.63866" lat="53.16652"><ele>249.4</ele><time>2026-08-03T08:08:08.800Z</time></trkpt><trkpt lon="-3.63887" lat="53.16633"><ele>250.6</ele><time>2026-08-03T08:08:12.400Z</time></trkpt><trkpt lon="-3.63908" lat="53.16614"><ele>251.0</ele><time>2026-08-03T08:08:14.800Z</time></trkpt><trkpt lon="-3.6393575" lat="53.1660175"><ele>250.7</ele><time>2026-08-03T08:08:16.600Z</time></trkpt><trkpt lon="-3.639635" lat="53.165895"><ele>250.6</ele><time>2026-08-03T08:08:18.400Z</time></trkpt><trkpt lon="-3.6399125" lat="53.1657725"><ele>250.8</ele><time>2026-08-03T08:08:20.500Z</time></trkpt><trkpt lon="-3.64019" lat="53.16565"><ele>251.0</ele><time>2026-08-03T08:08:22.600Z</time></trkpt><trkpt lon="-3.6404675" lat="53.16553"><ele>251.7</ele><time>2026-08-03T08:08:25.000Z</time></trkpt><trkpt lon="-3.640745" lat="53.16541"><ele>252.8</ele><time>2026-08-03T08:08:28.200Z</time></trkpt><trkpt lon="-3.6410225" lat="53.16529"><ele>254.1</ele><time>2026-08-03T08:08:31.500Z</time></trkpt><trkpt lon="-3.6413" lat="53.16517"><ele>255.3</ele><time>2026-08-03T08:08:34.800Z</time></trkpt><trkpt lon="-3.6415267" lat="53.16501"><ele>255.8</ele><time>2026-08-03T08:08:37.100Z</time></trkpt><trkpt lon="-3.6417534" lat="53.16485"><ele>255.7</ele><time>2026-08-03T08:08:39.000Z</time></trkpt><trkpt lon="-3.64198" lat="53.16469"><ele>255.7</ele><time>2026-08-03T08:08:40.900Z</time></trkpt><trkpt lon="-3.6422033" lat="53.1645333"><ele>255.7</ele><time>2026-08-03T08:08:42.900Z</time></trkpt><trkpt lon="-3.6424267" lat="53.1643767"><ele>255.8</ele><time>2026-08-03T08:08:44.800Z</time></trkpt><trkpt lon="-3.64265" lat="53.16422"><ele>255.8</ele><time>2026-08-03T08:08:46.700Z</time></trkpt><trkpt lon="-3.6428733" lat="53.1640633"><ele>256.0</ele><time>2026-08-03T08:08:48.800Z</time></trkpt><trkpt lon="-3.6430967" lat="53.1639067"><ele>256.6</ele><time>2026-08-03T08:08:51.200Z</time></trkpt><trkpt lon="-3.64332" lat="53.16375"><ele>257.2</ele><time>2026-08-03T08:08:53.600Z</time></trkpt><trkpt lon="-3.6435575" lat="53.1635875"><ele>257.8</ele><time>2026-08-03T08:08:56.100Z</time></trkpt><trkpt lon="-3.643795" lat="53.163425"><ele>258.2</ele><time>2026-08-03T08:08:58.400Z</time></trkpt><trkpt lon="-3.6440325" lat="53.1632625"><ele>258.3</ele><time>2026-08-03T08:09:00.500Z</time></trkpt><trkpt lon="-3.64427" lat="53.1631"><ele>258.4</ele><time>2026-08-03T08:09:02.600Z</time></trkpt><trkpt lon="-3.644505" lat="53.1629375"><ele>258.6</ele><time>2026-08-03T08:09:04.700Z</time></trkpt><trkpt lon="-3.64474" lat="53.162775"><ele>258.7</ele><time>2026-08-03T08:09:06.800Z</time></trkpt><trkpt lon="-3.644975" lat="53.1626125"><ele>258.7</ele><time>2026-08-03T08:09:08.800Z</time></trkpt><trkpt lon="-3.64521" lat="53.16245"><ele>258.8</ele><time>2026-08-03T08:09:10.800Z</time></trkpt><trkpt lon="-3.6454475" lat="53.1622875"><ele>258.7</ele><time>2026-08-03T08:09:12.800Z</time></trkpt><trkpt lon="-3.645685" lat="53.162125"><ele>258.5</ele><time>2026-08-03T08:09:14.700Z</time></trkpt><trkpt lon="-3.6459225" lat="53.1619625"><ele>258.6</ele><time>2026-08-03T08:09:16.800Z</time></trkpt><trkpt lon="-3.64616" lat="53.1618"><ele>258.7</ele><time>2026-08-03T08:09:18.900Z</time></trkpt><trkpt lon="-3.64644" lat="53.1616667"><ele>258.8</ele><time>2026-08-03T08:09:20.900Z</time></trkpt><trkpt lon="-3.64672" lat="53.1615334"><ele>258.4</ele><time>2026-08-03T08:09:22.700Z</time></trkpt><trkpt lon="-3.647" lat="53.1614"><ele>258.1</ele><time>2026-08-03T08:09:24.500Z</time></trkpt><trkpt lon="-3.64728" lat="53.1612667"><ele>257.6</ele><time>2026-08-03T08:09:26.300Z</time></trkpt><trkpt lon="-3.64756" lat="53.1611334"><ele>256.9</ele><time>2026-08-03T08:09:27.900Z</time></trkpt><trkpt lon="-3.64784" lat="53.161"><ele>256.2</ele><time>2026-08-03T08:09:29.600Z</time></trkpt><trkpt lon="-3.648235" lat="53.1609"><ele>255.5</ele><time>2026-08-03T08:09:31.700Z</time></trkpt><trkpt lon="-3.64863" lat="53.1608"><ele>255.3</ele><time>2026-08-03T08:09:33.900Z</time></trkpt><trkpt lon="-3.64902" lat="53.1607"><ele>255.1</ele><time>2026-08-03T08:09:36.200Z</time></trkpt><trkpt lon="-3.64941" lat="53.1606"><ele>254.8</ele><time>2026-08-03T08:09:38.400Z</time></trkpt><trkpt lon="-3.64984" lat="53.16045"><ele>253.8</ele><time>2026-08-03T08:09:40.700Z</time></trkpt><trkpt lon="-3.65036" lat="53.16023"><ele>251.6</ele><time>2026-08-03T08:09:43.300Z</time></trkpt><trkpt lon="-3.6506333" lat="53.1600867"><ele>250.1</ele><time>2026-08-03T08:09:44.800Z</time></trkpt><trkpt lon="-3.6509067" lat="53.1599434"><ele>249.0</ele><time>2026-08-03T08:09:46.300Z</time></trkpt><trkpt lon="-3.65118" lat="53.1598"><ele>248.0</ele><time>2026-08-03T08:09:47.900Z</time></trkpt><trkpt lon="-3.65151" lat="53.15962"><ele>246.6</ele><time>2026-08-03T08:09:49.700Z</time></trkpt><trkpt lon="-3.65182" lat="53.15934"><ele>244.6</ele><time>2026-08-03T08:09:52.000Z</time></trkpt><trkpt lon="-3.65195" lat="53.15913"><ele>243.8</ele><time>2026-08-03T08:09:53.700Z</time></trkpt><trkpt lon="-3.652" lat="53.15899"><ele>243.1</ele><time>2026-08-03T08:09:54.700Z</time></trkpt><trkpt lon="-3.65199" lat="53.15884"><ele>241.9</ele><time>2026-08-03T08:09:55.700Z</time></trkpt><trkpt lon="-3.65179" lat="53.1585"><ele>238.1</ele><time>2026-08-03T08:09:58.200Z</time></trkpt><trkpt lon="-3.65174" lat="53.15833"><ele>236.7</ele><time>2026-08-03T08:09:59.400Z</time></trkpt><trkpt lon="-3.65174" lat="53.158080046269"><ele>235.9</ele><time>2026-08-03T08:10:01.300Z</time></trkpt><trkpt lon="-3.65174" lat="53.15783"><ele>236.4</ele><time>2026-08-03T08:10:04.000Z</time></trkpt><trkpt lon="-3.65174" lat="53.15758"><ele>237.5</ele><time>2026-08-03T08:10:07.500Z</time></trkpt><trkpt lon="-3.65187" lat="53.15733"><ele>238.3</ele><time>2026-08-03T08:10:10.500Z</time></trkpt><trkpt lon="-3.65194" lat="53.15706"><ele>238.6</ele><time>2026-08-03T08:10:13.300Z</time></trkpt><trkpt lon="-3.65208" lat="53.15677"><ele>239.1</ele><time>2026-08-03T08:10:16.500Z</time></trkpt><trkpt lon="-3.65218" lat="53.15659"><ele>239.4</ele><time>2026-08-03T08:10:18.500Z</time></trkpt><trkpt lon="-3.65244" lat="53.15635"><ele>239.9</ele><time>2026-08-03T08:10:21.500Z</time></trkpt><trkpt lon="-3.65259" lat="53.15616"><ele>240.0</ele><time>2026-08-03T08:10:23.600Z</time></trkpt><trkpt lon="-3.65275" lat="53.15596"><ele>239.7</ele><time>2026-08-03T08:10:25.500Z</time></trkpt><trkpt lon="-3.652895" lat="53.15575"><ele>238.2</ele><time>2026-08-03T08:10:27.000Z</time></trkpt><trkpt lon="-3.65304" lat="53.15554"><ele>236.0</ele><time>2026-08-03T08:10:28.500Z</time></trkpt><trkpt lon="-3.65314" lat="53.15529"><ele>234.8</ele><time>2026-08-03T08:10:30.300Z</time></trkpt><trkpt lon="-3.65321" lat="53.15524"><ele>234.7</ele><time>2026-08-03T08:10:30.900Z</time></trkpt><trkpt lon="-3.65326" lat="53.15519"><ele>234.8</ele><time>2026-08-03T08:10:31.500Z</time></trkpt><trkpt lon="-3.65337" lat="53.15509"><ele>235.6</ele><time>2026-08-03T08:10:33.600Z</time></trkpt><trkpt lon="-3.65346" lat="53.154965"><ele>237.3</ele><time>2026-08-03T08:10:36.900Z</time></trkpt><trkpt lon="-3.65355" lat="53.15484"><ele>238.9</ele><time>2026-08-03T08:10:40.200Z</time></trkpt><trkpt lon="-3.6538" lat="53.15465"><ele>241.0</ele><time>2026-08-03T08:10:45.000Z</time></trkpt><trkpt lon="-3.653985" lat="53.15447"><ele>241.9</ele><time>2026-08-03T08:10:47.900Z</time></trkpt><trkpt lon="-3.65417" lat="53.15429"><ele>242.9</ele><time>2026-08-03T08:10:50.800Z</time></trkpt><trkpt lon="-3.65449" lat="53.15402"><ele>244.5</ele><time>2026-08-03T08:10:55.600Z</time></trkpt><trkpt lon="-3.65472" lat="53.15389"><ele>244.8</ele><time>2026-08-03T08:10:57.600Z</time></trkpt><trkpt lon="-3.654965" lat="53.15377"><ele>244.5</ele><time>2026-08-03T08:10:59.200Z</time></trkpt><trkpt lon="-3.65521" lat="53.15365"><ele>244.2</ele><time>2026-08-03T08:11:00.800Z</time></trkpt><trkpt lon="-3.655445" lat="53.15357"><ele>244.2</ele><time>2026-08-03T08:11:02.300Z</time></trkpt><trkpt lon="-3.65568" lat="53.15349"><ele>245.4</ele><time>2026-08-03T08:11:05.100Z</time></trkpt><trkpt lon="-3.65619" lat="53.15338"><ele>247.1</ele><time>2026-08-03T08:11:10.000Z</time></trkpt><trkpt lon="-3.65649" lat="53.153325"><ele>249.5</ele><time>2026-08-03T08:11:14.800Z</time></trkpt><trkpt lon="-3.65679" lat="53.15327"><ele>252.2</ele><time>2026-08-03T08:11:19.900Z</time></trkpt><trkpt lon="-3.6569667" lat="53.15322"><ele>253.7</ele><time>2026-08-03T08:11:23.000Z</time></trkpt><trkpt lon="-3.65732" lat="53.15312"><ele>256.6</ele><time>2026-08-03T08:11:28.900Z</time></trkpt><trkpt lon="-3.657675" lat="53.153035"><ele>259.0</ele><time>2026-08-03T08:11:34.000Z</time></trkpt><trkpt lon="-3.65803" lat="53.15295"><ele>260.9</ele><time>2026-08-03T08:11:38.500Z</time></trkpt><trkpt lon="-3.65816" lat="53.15284"><ele>261.5</ele><time>2026-08-03T08:11:40.300Z</time></trkpt><trkpt lon="-3.65826" lat="53.152645"><ele>261.0</ele><time>2026-08-03T08:11:42.000Z</time></trkpt><trkpt lon="-3.65836" lat="53.15245"><ele>259.6</ele><time>2026-08-03T08:11:43.300Z</time></trkpt><trkpt lon="-3.658465" lat="53.152195"><ele>257.7</ele><time>2026-08-03T08:11:45.100Z</time></trkpt><trkpt lon="-3.65857" lat="53.151940047162"><ele>256.3</ele><time>2026-08-03T08:11:46.900Z</time></trkpt><trkpt lon="-3.65915" lat="53.15175"><ele>252.5</ele><time>2026-08-03T08:11:49.500Z</time></trkpt><trkpt lon="-3.65967" lat="53.15163"><ele>248.5</ele><time>2026-08-03T08:11:52.000Z</time></trkpt><trkpt lon="-3.660095" lat="53.15156"><ele>245.8</ele><time>2026-08-03T08:11:53.800Z</time></trkpt><trkpt lon="-3.66052" lat="53.15149"><ele>243.2</ele><time>2026-08-03T08:11:55.500Z</time></trkpt><trkpt lon="-3.66078" lat="53.15141"><ele>241.2</ele><time>2026-08-03T08:11:56.800Z</time></trkpt><trkpt lon="-3.66127" lat="53.15123"><ele>237.2</ele><time>2026-08-03T08:11:59.400Z</time></trkpt><trkpt lon="-3.66141" lat="53.15116"><ele>236.1</ele><time>2026-08-03T08:12:00.100Z</time></trkpt><trkpt lon="-3.66162" lat="53.15107"><ele>235.0</ele><time>2026-08-03T08:12:01.100Z</time></trkpt><trkpt lon="-3.662" lat="53.15096"><ele>232.6</ele><time>2026-08-03T08:12:02.800Z</time></trkpt><trkpt lon="-3.66238" lat="53.15085"><ele>229.1</ele><time>2026-08-03T08:12:04.700Z</time></trkpt><trkpt lon="-3.66276" lat="53.15074"><ele>226.2</ele><time>2026-08-03T08:12:06.500Z</time></trkpt><trkpt lon="-3.66304" lat="53.15062"><ele>224.9</ele><time>2026-08-03T08:12:07.900Z</time></trkpt><trkpt lon="-3.66315" lat="53.15054"><ele>224.5</ele><time>2026-08-03T08:12:08.700Z</time></trkpt><trkpt lon="-3.6634" lat="53.1503"><ele>225.1</ele><time>2026-08-03T08:12:11.800Z</time></trkpt><trkpt lon="-3.6636525" lat="53.150145"><ele>226.5</ele><time>2026-08-03T08:12:15.400Z</time></trkpt><trkpt lon="-3.663905" lat="53.14999"><ele>227.9</ele><time>2026-08-03T08:12:18.900Z</time></trkpt><trkpt lon="-3.6641575" lat="53.149835"><ele>229.0</ele><time>2026-08-03T08:12:22.200Z</time></trkpt><trkpt lon="-3.66441" lat="53.14968"><ele>230.3</ele><time>2026-08-03T08:12:25.600Z</time></trkpt><trkpt lon="-3.66462" lat="53.14959"><ele>231.5</ele><time>2026-08-03T08:12:28.400Z</time></trkpt><trkpt lon="-3.66483" lat="53.14941"><ele>233.5</ele><time>2026-08-03T08:12:33.000Z</time></trkpt><trkpt lon="-3.6649733" lat="53.1493267"><ele>234.9</ele><time>2026-08-03T08:12:35.900Z</time></trkpt><trkpt lon="-3.6651167" lat="53.1492434"><ele>236.6</ele><time>2026-08-03T08:12:39.100Z</time></trkpt><trkpt lon="-3.66526" lat="53.14916"><ele>238.5</ele><time>2026-08-03T08:12:42.800Z</time></trkpt><trkpt lon="-3.66543" lat="53.1491025"><ele>240.7</ele><time>2026-08-03T08:12:46.800Z</time></trkpt><trkpt lon="-3.6656" lat="53.149045"><ele>243.1</ele><time>2026-08-03T08:12:50.800Z</time></trkpt><trkpt lon="-3.66577" lat="53.1489875"><ele>245.3</ele><time>2026-08-03T08:12:54.800Z</time></trkpt><trkpt lon="-3.66594" lat="53.14893"><ele>247.6</ele><time>2026-08-03T08:12:58.800Z</time></trkpt><trkpt lon="-3.6660933" lat="53.1488333"><ele>250.0</ele><time>2026-08-03T08:13:03.200Z</time></trkpt><trkpt lon="-3.6662467" lat="53.1487367"><ele>252.2</ele><time>2026-08-03T08:13:07.400Z</time></trkpt><trkpt lon="-3.6664" lat="53.14864"><ele>254.4</ele><time>2026-08-03T08:13:11.500Z</time></trkpt><trkpt lon="-3.66664" lat="53.14855"><ele>257.0</ele><time>2026-08-03T08:13:16.500Z</time></trkpt><trkpt lon="-3.66692" lat="53.14842"><ele>260.0</ele><time>2026-08-03T08:13:22.200Z</time></trkpt><trkpt lon="-3.66713" lat="53.14828"><ele>262.3</ele><time>2026-08-03T08:13:26.900Z</time></trkpt><trkpt lon="-3.66734" lat="53.14814"><ele>264.4</ele><time>2026-08-03T08:13:31.300Z</time></trkpt><trkpt lon="-3.66755" lat="53.148"><ele>266.2</ele><time>2026-08-03T08:13:35.400Z</time></trkpt><trkpt lon="-3.66776" lat="53.1478567"><ele>267.7</ele><time>2026-08-03T08:13:38.900Z</time></trkpt><trkpt lon="-3.66797" lat="53.1477133"><ele>268.7</ele><time>2026-08-03T08:13:41.800Z</time></trkpt><trkpt lon="-3.66818" lat="53.14757"><ele>269.3</ele><time>2026-08-03T08:13:44.100Z</time></trkpt><trkpt lon="-3.66854" lat="53.14736"><ele>269.1</ele><time>2026-08-03T08:13:46.800Z</time></trkpt><trkpt lon="-3.66878" lat="53.14719"><ele>269.2</ele><time>2026-08-03T08:13:48.900Z</time></trkpt><trkpt lon="-3.66902" lat="53.14702"><ele>269.3</ele><time>2026-08-03T08:13:51.100Z</time></trkpt><trkpt lon="-3.66919" lat="53.14684"><ele>269.1</ele><time>2026-08-03T08:13:52.900Z</time></trkpt><trkpt lon="-3.66929" lat="53.14662"><ele>268.7</ele><time>2026-08-03T08:13:54.800Z</time></trkpt><trkpt lon="-3.66941" lat="53.14642"><ele>268.7</ele><time>2026-08-03T08:13:56.800Z</time></trkpt><trkpt lon="-3.66972" lat="53.14626"><ele>269.1</ele><time>2026-08-03T08:13:59.300Z</time></trkpt><trkpt lon="-3.66995" lat="53.14606"><ele>269.2</ele><time>2026-08-03T08:14:01.700Z</time></trkpt><trkpt lon="-3.6702" lat="53.14571"><ele>268.8</ele><time>2026-08-03T08:14:05.000Z</time></trkpt><trkpt lon="-3.67026" lat="53.14546"><ele>268.1</ele><time>2026-08-03T08:14:07.000Z</time></trkpt><trkpt lon="-3.67027" lat="53.14526"><ele>267.8</ele><time>2026-08-03T08:14:08.700Z</time></trkpt><trkpt lon="-3.67032" lat="53.14507"><ele>267.9</ele><time>2026-08-03T08:14:10.600Z</time></trkpt><trkpt lon="-3.67046" lat="53.14487"><ele>268.7</ele><time>2026-08-03T08:14:13.400Z</time></trkpt><trkpt lon="-3.67056" lat="53.14468"><ele>269.8</ele><time>2026-08-03T08:14:16.400Z</time></trkpt><trkpt lon="-3.67056" lat="53.14456"><ele>270.4</ele><time>2026-08-03T08:14:18.000Z</time></trkpt><trkpt lon="-3.6704867" lat="53.1443667"><ele>270.9</ele><time>2026-08-03T08:14:20.300Z</time></trkpt><trkpt lon="-3.6704133" lat="53.1441733"><ele>270.7</ele><time>2026-08-03T08:14:22.100Z</time></trkpt><trkpt lon="-3.67034" lat="53.14398"><ele>270.4</ele><time>2026-08-03T08:14:23.700Z</time></trkpt><trkpt lon="-3.67034" lat="53.14385"><ele>270.2</ele><time>2026-08-03T08:14:24.800Z</time></trkpt><trkpt lon="-3.67046" lat="53.14375"><ele>270.3</ele><time>2026-08-03T08:14:26.100Z</time></trkpt><trkpt lon="-3.67062" lat="53.14371"><ele>270.4</ele><time>2026-08-03T08:14:27.100Z</time></trkpt><trkpt lon="-3.67105" lat="53.14364"><ele>271.1</ele><time>2026-08-03T08:14:30.200Z</time></trkpt><trkpt lon="-3.671415" lat="53.143545"><ele>271.6</ele><time>2026-08-03T08:14:32.800Z</time></trkpt><trkpt lon="-3.67178" lat="53.14345"><ele>271.5</ele><time>2026-08-03T08:14:34.900Z</time></trkpt><trkpt lon="-3.67216" lat="53.14334"><ele>270.8</ele><time>2026-08-03T08:14:36.900Z</time></trkpt><trkpt lon="-3.67254" lat="53.14323"><ele>270.6</ele><time>2026-08-03T08:14:39.200Z</time></trkpt><trkpt lon="-3.672925" lat="53.14312"><ele>271.3</ele><time>2026-08-03T08:14:42.100Z</time></trkpt><trkpt lon="-3.67331" lat="53.14301"><ele>271.4</ele><time>2026-08-03T08:14:44.500Z</time></trkpt><trkpt lon="-3.67367" lat="53.14288"><ele>269.0</ele><time>2026-08-03T08:14:46.200Z</time></trkpt><trkpt lon="-3.67403" lat="53.14272"><ele>265.4</ele><time>2026-08-03T08:14:48.200Z</time></trkpt><trkpt lon="-3.6743" lat="53.14249"><ele>261.1</ele><time>2026-08-03T08:14:50.300Z</time></trkpt><trkpt lon="-3.67456" lat="53.14236"><ele>258.8</ele><time>2026-08-03T08:14:51.800Z</time></trkpt><trkpt lon="-3.67493" lat="53.1422433"><ele>255.4</ele><time>2026-08-03T08:14:53.700Z</time></trkpt><trkpt lon="-3.6753" lat="53.1421267"><ele>252.3</ele><time>2026-08-03T08:14:55.600Z</time></trkpt><trkpt lon="-3.67567" lat="53.14201"><ele>249.1</ele><time>2026-08-03T08:14:57.500Z</time></trkpt><trkpt lon="-3.67618" lat="53.14183"><ele>243.9</ele><time>2026-08-03T08:15:00.100Z</time></trkpt><trkpt lon="-3.67637" lat="53.14172"><ele>241.8</ele><time>2026-08-03T08:15:01.300Z</time></trkpt><trkpt lon="-3.67677" lat="53.14154"><ele>238.6</ele><time>2026-08-03T08:15:03.400Z</time></trkpt><trkpt lon="-3.67708" lat="53.14136"><ele>236.5</ele><time>2026-08-03T08:15:05.100Z</time></trkpt><trkpt lon="-3.67719" lat="53.14124"><ele>235.3</ele><time>2026-08-03T08:15:06.000Z</time></trkpt><trkpt lon="-3.6773733" lat="53.1410867"><ele>233.3</ele><time>2026-08-03T08:15:07.300Z</time></trkpt><trkpt lon="-3.67774" lat="53.14078"><ele>228.5</ele><time>2026-08-03T08:15:10.200Z</time></trkpt><trkpt lon="-3.6779233" lat="53.14063"><ele>226.4</ele><time>2026-08-03T08:15:11.500Z</time></trkpt><trkpt lon="-3.67829" lat="53.140330049114"><ele>224.1</ele><time>2026-08-03T08:15:14.000Z</time></trkpt><trkpt lon="-3.67841" lat="53.14026"><ele>224.0</ele><time>2026-08-03T08:15:14.900Z</time></trkpt><trkpt lon="-3.67845" lat="53.14018"><ele>223.9</ele><time>2026-08-03T08:15:15.700Z</time></trkpt><trkpt lon="-3.67869" lat="53.13988"><ele>224.7</ele><time>2026-08-03T08:15:19.400Z</time></trkpt><trkpt lon="-3.67888" lat="53.13971"><ele>226.1</ele><time>2026-08-03T08:15:22.800Z</time></trkpt><trkpt lon="-3.679165" lat="53.139555"><ele>227.4</ele><time>2026-08-03T08:15:26.500Z</time></trkpt><trkpt lon="-3.67945" lat="53.1394"><ele>228.2</ele><time>2026-08-03T08:15:29.300Z</time></trkpt><trkpt lon="-3.67978" lat="53.139295"><ele>229.2</ele><time>2026-08-03T08:15:32.300Z</time></trkpt><trkpt lon="-3.68011" lat="53.13919"><ele>230.5</ele><time>2026-08-03T08:15:35.900Z</time></trkpt><trkpt lon="-3.6804" lat="53.13936"><ele>233.1</ele><time>2026-08-03T08:15:41.500Z</time></trkpt><trkpt lon="-3.68057" lat="53.13951"><ele>235.2</ele><time>2026-08-03T08:15:45.800Z</time></trkpt><trkpt lon="-3.68092" lat="53.13965"><ele>235.9</ele><time>2026-08-03T08:15:48.600Z</time></trkpt><trkpt lon="-3.68105" lat="53.13974"><ele>235.5</ele><time>2026-08-03T08:15:49.600Z</time></trkpt><trkpt lon="-3.68118" lat="53.13978"><ele>235.4</ele><time>2026-08-03T08:15:50.300Z</time></trkpt><trkpt lon="-3.68121" lat="53.13996"><ele>236.1</ele><time>2026-08-03T08:15:52.700Z</time></trkpt><trkpt lon="-3.681285" lat="53.140145"><ele>238.0</ele><time>2026-08-03T08:15:56.900Z</time></trkpt><trkpt lon="-3.68136" lat="53.14033"><ele>240.4</ele><time>2026-08-03T08:16:01.600Z</time></trkpt><trkpt lon="-3.68139" lat="53.14046"><ele>242.4</ele><time>2026-08-03T08:16:05.500Z</time></trkpt><trkpt lon="-3.68136" lat="53.14065"><ele>245.6</ele><time>2026-08-03T08:16:11.600Z</time></trkpt><trkpt lon="-3.6814233" lat="53.14078"><ele>248.0</ele><time>2026-08-03T08:16:15.900Z</time></trkpt><trkpt lon="-3.6814866" lat="53.14091"><ele>250.1</ele><time>2026-08-03T08:16:20.100Z</time></trkpt><trkpt lon="-3.68155" lat="53.14104"><ele>252.2</ele><time>2026-08-03T08:16:24.100Z</time></trkpt><trkpt lon="-3.6815867" lat="53.1411633"><ele>254.0</ele><time>2026-08-03T08:16:27.500Z</time></trkpt><trkpt lon="-3.68166" lat="53.14141"><ele>257.1</ele><time>2026-08-03T08:16:33.800Z</time></trkpt><trkpt lon="-3.68168" lat="53.141555"><ele>258.9</ele><time>2026-08-03T08:16:37.400Z</time></trkpt><trkpt lon="-3.6817" lat="53.1417"><ele>260.6</ele><time>2026-08-03T08:16:40.900Z</time></trkpt><trkpt lon="-3.68171" lat="53.14198"><ele>263.3</ele><time>2026-08-03T08:16:46.900Z</time></trkpt><trkpt lon="-3.681695" lat="53.142165"><ele>264.4</ele><time>2026-08-03T08:16:49.900Z</time></trkpt><trkpt lon="-3.68168" lat="53.14235"><ele>264.9</ele><time>2026-08-03T08:16:51.900Z</time></trkpt><trkpt lon="-3.68163" lat="53.142575"><ele>265.0</ele><time>2026-08-03T08:16:54.200Z</time></trkpt><trkpt lon="-3.68158" lat="53.1428"><ele>265.1</ele><time>2026-08-03T08:16:56.400Z</time></trkpt><trkpt lon="-3.6815433" lat="53.1430267"><ele>265.5</ele><time>2026-08-03T08:16:58.800Z</time></trkpt><trkpt lon="-3.6815067" lat="53.1432533"><ele>266.0</ele><time>2026-08-03T08:17:01.300Z</time></trkpt><trkpt lon="-3.68147" lat="53.14348"><ele>266.7</ele><time>2026-08-03T08:17:04.000Z</time></trkpt><trkpt lon="-3.68139" lat="53.1436567"><ele>267.4</ele><time>2026-08-03T08:17:06.300Z</time></trkpt><trkpt lon="-3.68131" lat="53.1438334"><ele>268.4</ele><time>2026-08-03T08:17:09.100Z</time></trkpt><trkpt lon="-3.68123" lat="53.14401"><ele>269.5</ele><time>2026-08-03T08:17:11.900Z</time></trkpt><trkpt lon="-3.6812" lat="53.14424"><ele>271.3</ele><time>2026-08-03T08:17:16.200Z</time></trkpt><trkpt lon="-3.68129" lat="53.14442"><ele>273.3</ele><time>2026-08-03T08:17:20.500Z</time></trkpt><trkpt lon="-3.6814" lat="53.14454"><ele>275.0</ele><time>2026-08-03T08:17:24.000Z</time></trkpt><trkpt lon="-3.681548" lat="53.14466"><ele>277.1</ele><time>2026-08-03T08:17:28.100Z</time></trkpt><trkpt lon="-3.681696" lat="53.14478"><ele>279.2</ele><time>2026-08-03T08:17:32.100Z</time></trkpt><trkpt lon="-3.681844" lat="53.1449"><ele>281.2</ele><time>2026-08-03T08:17:36.000Z</time></trkpt><trkpt lon="-3.681992" lat="53.14502"><ele>282.9</ele><time>2026-08-03T08:17:39.600Z</time></trkpt><trkpt lon="-3.68214" lat="53.14514"><ele>284.5</ele><time>2026-08-03T08:17:43.100Z</time></trkpt><trkpt lon="-3.68235" lat="53.14543"><ele>286.8</ele><time>2026-08-03T08:17:48.600Z</time></trkpt><trkpt lon="-3.682455" lat="53.14565"><ele>287.9</ele><time>2026-08-03T08:17:51.900Z</time></trkpt><trkpt lon="-3.68256" lat="53.14587"><ele>288.7</ele><time>2026-08-03T08:17:54.700Z</time></trkpt><trkpt lon="-3.6827367" lat="53.1460667"><ele>289.4</ele><time>2026-08-03T08:17:57.300Z</time></trkpt><trkpt lon="-3.6829133" lat="53.1462633"><ele>290.0</ele><time>2026-08-03T08:17:59.900Z</time></trkpt><trkpt lon="-3.68309" lat="53.14646"><ele>290.4</ele><time>2026-08-03T08:18:02.300Z</time></trkpt><trkpt lon="-3.68325" lat="53.1466233"><ele>290.5</ele><time>2026-08-03T08:18:04.200Z</time></trkpt><trkpt lon="-3.68357" lat="53.14695"><ele>290.8</ele><time>2026-08-03T08:18:07.800Z</time></trkpt><trkpt lon="-3.68402" lat="53.14711"><ele>291.7</ele><time>2026-08-03T08:18:11.500Z</time></trkpt><trkpt lon="-3.68454" lat="53.14723"><ele>292.5</ele><time>2026-08-03T08:18:15.200Z</time></trkpt><trkpt lon="-3.68506" lat="53.14733"><ele>292.0</ele><time>2026-08-03T08:18:18.000Z</time></trkpt><trkpt lon="-3.68518" lat="53.14738"><ele>291.7</ele><time>2026-08-03T08:18:18.700Z</time></trkpt><trkpt lon="-3.68546" lat="53.14761"><ele>291.0</ele><time>2026-08-03T08:18:21.000Z</time></trkpt><trkpt lon="-3.6857167" lat="53.14777"><ele>289.9</ele><time>2026-08-03T08:18:22.600Z</time></trkpt><trkpt lon="-3.6859733" lat="53.14793"><ele>289.4</ele><time>2026-08-03T08:18:24.400Z</time></trkpt><trkpt lon="-3.68623" lat="53.14809"><ele>289.0</ele><time>2026-08-03T08:18:26.300Z</time></trkpt><trkpt lon="-3.68634" lat="53.1482"><ele>289.0</ele><time>2026-08-03T08:18:27.500Z</time></trkpt><trkpt lon="-3.686465" lat="53.14839005049"><ele>289.1</ele><time>2026-08-03T08:18:29.400Z</time></trkpt><trkpt lon="-3.68659" lat="53.14858"><ele>289.5</ele><time>2026-08-03T08:18:31.600Z</time></trkpt><trkpt lon="-3.686785" lat="53.14876"><ele>290.3</ele><time>2026-08-03T08:18:34.300Z</time></trkpt><trkpt lon="-3.68698" lat="53.14894"><ele>291.5</ele><time>2026-08-03T08:18:37.500Z</time></trkpt><trkpt lon="-3.68717" lat="53.14907"><ele>292.7</ele><time>2026-08-03T08:18:40.600Z</time></trkpt><trkpt lon="-3.68736" lat="53.1492"><ele>294.2</ele><time>2026-08-03T08:18:43.900Z</time></trkpt><trkpt lon="-3.6875367" lat="53.14935"><ele>295.4</ele><time>2026-08-03T08:18:47.000Z</time></trkpt><trkpt lon="-3.6877133" lat="53.1495"><ele>296.6</ele><time>2026-08-03T08:18:50.100Z</time></trkpt><trkpt lon="-3.68789" lat="53.14965"><ele>297.8</ele><time>2026-08-03T08:18:53.200Z</time></trkpt><trkpt lon="-3.6880667" lat="53.1498"><ele>299.1</ele><time>2026-08-03T08:18:56.300Z</time></trkpt><trkpt lon="-3.6882433" lat="53.14995"><ele>300.3</ele><time>2026-08-03T08:18:59.400Z</time></trkpt><trkpt lon="-3.68842" lat="53.1501"><ele>301.7</ele><time>2026-08-03T08:19:02.800Z</time></trkpt><trkpt lon="-3.688555" lat="53.15029"><ele>303.4</ele><time>2026-08-03T08:19:06.800Z</time></trkpt><trkpt lon="-3.68869" lat="53.15048"><ele>305.4</ele><time>2026-08-03T08:19:11.200Z</time></trkpt><trkpt lon="-3.68882" lat="53.15068"><ele>307.5</ele><time>2026-08-03T08:19:15.700Z</time></trkpt><trkpt lon="-3.6889525" lat="53.15089"><ele>309.2</ele><time>2026-08-03T08:19:19.900Z</time></trkpt><trkpt lon="-3.689085" lat="53.1511"><ele>310.4</ele><time>2026-08-03T08:19:23.400Z</time></trkpt><trkpt lon="-3.6892175" lat="53.15131"><ele>311.2</ele><time>2026-08-03T08:19:26.100Z</time></trkpt><trkpt lon="-3.68935" lat="53.15152"><ele>311.2</ele><time>2026-08-03T08:19:28.200Z</time></trkpt><trkpt lon="-3.689425" lat="53.15176"><ele>310.7</ele><time>2026-08-03T08:19:30.200Z</time></trkpt><trkpt lon="-3.6895" lat="53.152"><ele>310.4</ele><time>2026-08-03T08:19:32.300Z</time></trkpt><trkpt lon="-3.689545" lat="53.152265"><ele>310.2</ele><time>2026-08-03T08:19:34.700Z</time></trkpt><trkpt lon="-3.68959" lat="53.15253"><ele>309.9</ele><time>2026-08-03T08:19:37.000Z</time></trkpt><trkpt lon="-3.68959" lat="53.15283"><ele>310.1</ele><time>2026-08-03T08:19:39.900Z</time></trkpt><trkpt lon="-3.689505" lat="53.15303"><ele>310.2</ele><time>2026-08-03T08:19:41.900Z</time></trkpt><trkpt lon="-3.68942" lat="53.15323"><ele>310.4</ele><time>2026-08-03T08:19:44.000Z</time></trkpt><trkpt lon="-3.68924" lat="53.15352"><ele>310.8</ele><time>2026-08-03T08:19:47.200Z</time></trkpt><trkpt lon="-3.6890967" lat="53.1537133"><ele>310.9</ele><time>2026-08-03T08:19:49.200Z</time></trkpt><trkpt lon="-3.6889534" lat="53.1539067"><ele>311.1</ele><time>2026-08-03T08:19:51.300Z</time></trkpt><trkpt lon="-3.68881" lat="53.1541"><ele>311.2</ele><time>2026-08-03T08:19:53.400Z</time></trkpt><trkpt lon="-3.6886667" lat="53.1542967"><ele>311.4</ele><time>2026-08-03T08:19:55.500Z</time></trkpt><trkpt lon="-3.6885234" lat="53.1544934"><ele>311.3</ele><time>2026-08-03T08:19:57.500Z</time></trkpt><trkpt lon="-3.68838" lat="53.15469"><ele>311.3</ele><time>2026-08-03T08:19:59.500Z</time></trkpt><trkpt lon="-3.688195" lat="53.154905"><ele>311.1</ele><time>2026-08-03T08:20:01.600Z</time></trkpt><trkpt lon="-3.68801" lat="53.15512"><ele>311.0</ele><time>2026-08-03T08:20:03.800Z</time></trkpt><trkpt lon="-3.68783" lat="53.155335"><ele>310.5</ele><time>2026-08-03T08:20:05.800Z</time></trkpt><trkpt lon="-3.68765" lat="53.15555"><ele>310.0</ele><time>2026-08-03T08:20:07.800Z</time></trkpt><trkpt lon="-3.68733" lat="53.1559"><ele>308.7</ele><time>2026-08-03T08:20:10.800Z</time></trkpt><trkpt lon="-3.68703" lat="53.15626"><ele>306.9</ele><time>2026-08-03T08:20:13.700Z</time></trkpt><trkpt lon="-3.68682" lat="53.156640051494"><ele>304.5</ele><time>2026-08-03T08:20:16.500Z</time></trkpt><trkpt lon="-3.68668" lat="53.1568167"><ele>302.9</ele><time>2026-08-03T08:20:17.800Z</time></trkpt><trkpt lon="-3.6864" lat="53.15717"><ele>299.2</ele><time>2026-08-03T08:20:20.300Z</time></trkpt><trkpt lon="-3.6862633" lat="53.1573467"><ele>297.4</ele><time>2026-08-03T08:20:21.600Z</time></trkpt><trkpt lon="-3.68599" lat="53.1577"><ele>294.1</ele><time>2026-08-03T08:20:24.200Z</time></trkpt><trkpt lon="-3.68583" lat="53.1579267"><ele>292.5</ele><time>2026-08-03T08:20:25.800Z</time></trkpt><trkpt lon="-3.68567" lat="53.1581533"><ele>291.5</ele><time>2026-08-03T08:20:27.700Z</time></trkpt><trkpt lon="-3.68551" lat="53.15838"><ele>291.1</ele><time>2026-08-03T08:20:29.700Z</time></trkpt><trkpt lon="-3.68532" lat="53.15856"><ele>291.1</ele><time>2026-08-03T08:20:31.700Z</time></trkpt><trkpt lon="-3.6852167" lat="53.1587867"><ele>291.3</ele><time>2026-08-03T08:20:34.000Z</time></trkpt><trkpt lon="-3.6851133" lat="53.1590133"><ele>291.5</ele><time>2026-08-03T08:20:36.400Z</time></trkpt><trkpt lon="-3.68501" lat="53.15924"><ele>291.7</ele><time>2026-08-03T08:20:38.700Z</time></trkpt><trkpt lon="-3.684875" lat="53.159465"><ele>291.9</ele><time>2026-08-03T08:20:41.100Z</time></trkpt><trkpt lon="-3.68474" lat="53.15969"><ele>291.8</ele><time>2026-08-03T08:20:43.200Z</time></trkpt><trkpt lon="-3.68449" lat="53.16003"><ele>290.9</ele><time>2026-08-03T08:20:46.300Z</time></trkpt><trkpt lon="-3.68434" lat="53.160245"><ele>290.1</ele><time>2026-08-03T08:20:48.000Z</time></trkpt><trkpt lon="-3.68419" lat="53.16046"><ele>289.0</ele><time>2026-08-03T08:20:49.700Z</time></trkpt><trkpt lon="-3.68404" lat="53.16068"><ele>288.3</ele><time>2026-08-03T08:20:51.600Z</time></trkpt><trkpt lon="-3.68389" lat="53.1609"><ele>288.0</ele><time>2026-08-03T08:20:53.600Z</time></trkpt><trkpt lon="-3.68376" lat="53.1611267"><ele>287.4</ele><time>2026-08-03T08:20:55.600Z</time></trkpt><trkpt lon="-3.68363" lat="53.161353352089"><ele>286.8</ele><time>2026-08-03T08:20:57.500Z</time></trkpt><trkpt lon="-3.6835" lat="53.16158"><ele>286.1</ele><time>2026-08-03T08:20:59.400Z</time></trkpt><trkpt lon="-3.6835" lat="53.16167"><ele>285.8</ele><time>2026-08-03T08:21:00.100Z</time></trkpt><trkpt lon="-3.68358" lat="53.16172"><ele>285.5</ele><time>2026-08-03T08:21:00.600Z</time></trkpt><trkpt lon="-3.68373" lat="53.16174"><ele>285.2</ele><time>2026-08-03T08:21:01.300Z</time></trkpt><trkpt lon="-3.684175" lat="53.16174"><ele>283.9</ele><time>2026-08-03T08:21:03.200Z</time></trkpt><trkpt lon="-3.68462" lat="53.16174"><ele>282.5</ele><time>2026-08-03T08:21:05.000Z</time></trkpt><trkpt lon="-3.68507" lat="53.16174"><ele>280.8</ele><time>2026-08-03T08:21:06.900Z</time></trkpt><trkpt lon="-3.68552" lat="53.16174"><ele>279.3</ele><time>2026-08-03T08:21:08.700Z</time></trkpt><trkpt lon="-3.68604" lat="53.16176"><ele>276.4</ele><time>2026-08-03T08:21:10.800Z</time></trkpt><trkpt lon="-3.686405" lat="53.161805"><ele>274.0</ele><time>2026-08-03T08:21:12.300Z</time></trkpt><trkpt lon="-3.68677" lat="53.16185"><ele>271.4</ele><time>2026-08-03T08:21:14.000Z</time></trkpt><trkpt lon="-3.68706" lat="53.1619"><ele>269.1</ele><time>2026-08-03T08:21:15.400Z</time></trkpt><trkpt lon="-3.68718" lat="53.16194"><ele>268.0</ele><time>2026-08-03T08:21:16.000Z</time></trkpt><trkpt lon="-3.68728" lat="53.16202"><ele>266.6</ele><time>2026-08-03T08:21:16.700Z</time></trkpt><trkpt lon="-3.68734" lat="53.16213"><ele>265.0</ele><time>2026-08-03T08:21:17.600Z</time></trkpt><trkpt lon="-3.68738" lat="53.16234"><ele>262.0</ele><time>2026-08-03T08:21:19.200Z</time></trkpt><trkpt lon="-3.68736" lat="53.16261"><ele>258.6</ele><time>2026-08-03T08:21:21.200Z</time></trkpt><trkpt lon="-3.68743" lat="53.16285"><ele>255.7</ele><time>2026-08-03T08:21:23.000Z</time></trkpt><trkpt lon="-3.68753" lat="53.16303"><ele>253.5</ele><time>2026-08-03T08:21:24.400Z</time></trkpt><trkpt lon="-3.68771" lat="53.16321"><ele>250.8</ele><time>2026-08-03T08:21:26.000Z</time></trkpt><trkpt lon="-3.68792" lat="53.16336"><ele>248.4</ele><time>2026-08-03T08:21:27.500Z</time></trkpt><trkpt lon="-3.68814" lat="53.1635"><ele>246.1</ele><time>2026-08-03T08:21:28.900Z</time></trkpt><trkpt lon="-3.68854" lat="53.16363"><ele>242.9</ele><time>2026-08-03T08:21:30.900Z</time></trkpt><trkpt lon="-3.68892" lat="53.1637"><ele>240.2</ele><time>2026-08-03T08:21:32.700Z</time></trkpt><trkpt lon="-3.6893" lat="53.16373"><ele>238.2</ele><time>2026-08-03T08:21:34.200Z</time></trkpt><trkpt lon="-3.68971" lat="53.16372"><ele>235.0</ele><time>2026-08-03T08:21:36.100Z</time></trkpt><trkpt lon="-3.69017" lat="53.16361"><ele>231.5</ele><time>2026-08-03T08:21:38.200Z</time></trkpt><trkpt lon="-3.6905967" lat="53.1635"><ele>228.3</ele><time>2026-08-03T08:21:40.300Z</time></trkpt><trkpt lon="-3.6910233" lat="53.16339"><ele>225.2</ele><time>2026-08-03T08:21:42.300Z</time></trkpt><trkpt lon="-3.69145" lat="53.16328"><ele>222.3</ele><time>2026-08-03T08:21:44.200Z</time></trkpt><trkpt lon="-3.6918767" lat="53.1631667"><ele>219.5</ele><time>2026-08-03T08:21:46.100Z</time></trkpt><trkpt lon="-3.6923033" lat="53.1630533"><ele>216.8</ele><time>2026-08-03T08:21:47.900Z</time></trkpt><trkpt lon="-3.69273" lat="53.16294"><ele>213.9</ele><time>2026-08-03T08:21:49.800Z</time></trkpt><trkpt lon="-3.69305" lat="53.16289"><ele>211.7</ele><time>2026-08-03T08:21:51.200Z</time></trkpt><trkpt lon="-3.69347" lat="53.16286"><ele>208.8</ele><time>2026-08-03T08:21:53.100Z</time></trkpt><trkpt lon="-3.693875" lat="53.162885"><ele>207.5</ele><time>2026-08-03T08:21:54.800Z</time></trkpt><trkpt lon="-3.69428" lat="53.162910052982"><ele>207.1</ele><time>2026-08-03T08:21:56.800Z</time></trkpt><trkpt lon="-3.69456" lat="53.1629"><ele>207.0</ele><time>2026-08-03T08:21:58.300Z</time></trkpt><trkpt lon="-3.69477" lat="53.16287"><ele>207.1</ele><time>2026-08-03T08:21:59.600Z</time></trkpt><trkpt lon="-3.69511" lat="53.16293"><ele>208.4</ele><time>2026-08-03T08:22:03.000Z</time></trkpt><trkpt lon="-3.6954" lat="53.16307"><ele>210.3</ele><time>2026-08-03T08:22:07.400Z</time></trkpt><trkpt lon="-3.69559" lat="53.16321"><ele>211.6</ele><time>2026-08-03T08:22:10.600Z</time></trkpt><trkpt lon="-3.69573" lat="53.16332"><ele>212.3</ele><time>2026-08-03T08:22:12.700Z</time></trkpt><trkpt lon="-3.69588" lat="53.16341"><ele>212.9</ele><time>2026-08-03T08:22:14.400Z</time></trkpt><trkpt lon="-3.69604" lat="53.16346"><ele>213.3</ele><time>2026-08-03T08:22:15.800Z</time></trkpt><trkpt lon="-3.69651" lat="53.16355"><ele>214.5</ele><time>2026-08-03T08:22:19.600Z</time></trkpt><trkpt lon="-3.69701" lat="53.16362"><ele>215.2</ele><time>2026-08-03T08:22:23.000Z</time></trkpt><trkpt lon="-3.6976" lat="53.16364"><ele>215.4</ele><time>2026-08-03T08:22:26.500Z</time></trkpt><trkpt lon="-3.69798" lat="53.163675"><ele>215.5</ele><time>2026-08-03T08:22:28.700Z</time></trkpt><trkpt lon="-3.69836" lat="53.16371"><ele>215.8</ele><time>2026-08-03T08:22:31.100Z</time></trkpt><trkpt lon="-3.6987333" lat="53.1637367"><ele>216.0</ele><time>2026-08-03T08:22:33.300Z</time></trkpt><trkpt lon="-3.6991066" lat="53.1637634"><ele>215.7</ele><time>2026-08-03T08:22:35.300Z</time></trkpt><trkpt lon="-3.69948" lat="53.16379"><ele>215.4</ele><time>2026-08-03T08:22:37.200Z</time></trkpt><trkpt lon="-3.69989" lat="53.1638"><ele>214.5</ele><time>2026-08-03T08:22:39.100Z</time></trkpt><trkpt lon="-3.70019" lat="53.16378"><ele>213.5</ele><time>2026-08-03T08:22:40.300Z</time></trkpt><trkpt lon="-3.70053" lat="53.16379"><ele>212.1</ele><time>2026-08-03T08:22:41.700Z</time></trkpt><trkpt lon="-3.70081" lat="53.16385"><ele>210.9</ele><time>2026-08-03T08:22:42.900Z</time></trkpt><trkpt lon="-3.70114" lat="53.1639"><ele>209.8</ele><time>2026-08-03T08:22:44.300Z</time></trkpt><trkpt lon="-3.70142" lat="53.1639"><ele>209.4</ele><time>2026-08-03T08:22:45.600Z</time></trkpt><trkpt lon="-3.70193" lat="53.16377"><ele>209.5</ele><time>2026-08-03T08:22:48.800Z</time></trkpt><trkpt lon="-3.70244" lat="53.16363"><ele>209.7</ele><time>2026-08-03T08:22:52.100Z</time></trkpt><trkpt lon="-3.70272" lat="53.1636"><ele>209.5</ele><time>2026-08-03T08:22:53.600Z</time></trkpt><trkpt lon="-3.70318" lat="53.1637"><ele>209.3</ele><time>2026-08-03T08:22:56.200Z</time></trkpt><trkpt lon="-3.70375" lat="53.16378"><ele>208.9</ele><time>2026-08-03T08:22:59.300Z</time></trkpt><trkpt lon="-3.70406" lat="53.1638033"><ele>208.3</ele><time>2026-08-03T08:23:00.700Z</time></trkpt><trkpt lon="-3.70468" lat="53.16385"><ele>206.2</ele><time>2026-08-03T08:23:03.300Z</time></trkpt><trkpt lon="-3.70521" lat="53.16386"><ele>205.0</ele><time>2026-08-03T08:23:05.700Z</time></trkpt><trkpt lon="-3.70561" lat="53.16383"><ele>204.5</ele><time>2026-08-03T08:23:07.700Z</time></trkpt><trkpt lon="-3.70595" lat="53.1637733"><ele>204.2</ele><time>2026-08-03T08:23:09.500Z</time></trkpt><trkpt lon="-3.70629" lat="53.1637167"><ele>204.2</ele><time>2026-08-03T08:23:11.400Z</time></trkpt><trkpt lon="-3.70663" lat="53.16366"><ele>204.3</ele><time>2026-08-03T08:23:13.500Z</time></trkpt><trkpt lon="-3.70713" lat="53.16359"><ele>204.3</ele><time>2026-08-03T08:23:16.400Z</time></trkpt><trkpt lon="-3.70763" lat="53.16354"><ele>203.8</ele><time>2026-08-03T08:23:19.000Z</time></trkpt><trkpt lon="-3.70802" lat="53.16351"><ele>203.9</ele><time>2026-08-03T08:23:21.200Z</time></trkpt><trkpt lon="-3.7081" lat="53.16351"><ele>204.0</ele><time>2026-08-03T08:23:21.700Z</time></trkpt><trkpt lon="-3.70829" lat="53.163540053972"><ele>204.3</ele><time>2026-08-03T08:23:23.100Z</time></trkpt><trkpt lon="-3.70849" lat="53.16359"><ele>204.9</ele><time>2026-08-03T08:23:24.800Z</time></trkpt><trkpt lon="-3.70858" lat="53.1636"><ele>205.1</ele><time>2026-08-03T08:23:25.500Z</time></trkpt><trkpt lon="-3.70881" lat="53.16358"><ele>205.7</ele><time>2026-08-03T08:23:27.400Z</time></trkpt><trkpt lon="-3.70895" lat="53.16349"><ele>207.1</ele><time>2026-08-03T08:23:30.300Z</time></trkpt><trkpt lon="-3.70907" lat="53.1634"><ele>208.7</ele><time>2026-08-03T08:23:33.400Z</time></trkpt><trkpt lon="-3.70922" lat="53.1633"><ele>210.8</ele><time>2026-08-03T08:23:37.400Z</time></trkpt><trkpt lon="-3.70939" lat="53.16322"><ele>212.7</ele><time>2026-08-03T08:23:41.000Z</time></trkpt><trkpt lon="-3.7096133" lat="53.1631333"><ele>215.1</ele><time>2026-08-03T08:23:45.600Z</time></trkpt><trkpt lon="-3.7098367" lat="53.1630467"><ele>217.4</ele><time>2026-08-03T08:23:50.000Z</time></trkpt><trkpt lon="-3.71006" lat="53.16296"><ele>219.8</ele><time>2026-08-03T08:23:54.500Z</time></trkpt><trkpt lon="-3.71015" lat="53.16291"><ele>220.8</ele><time>2026-08-03T08:23:56.400Z</time></trkpt><trkpt lon="-3.710325" lat="53.162735"><ele>223.3</ele><time>2026-08-03T08:24:01.500Z</time></trkpt><trkpt lon="-3.7105" lat="53.16256"><ele>225.4</ele><time>2026-08-03T08:24:06.100Z</time></trkpt><trkpt lon="-3.71058" lat="53.16253"><ele>225.8</ele><time>2026-08-03T08:24:07.100Z</time></trkpt><trkpt lon="-3.71087" lat="53.16248"><ele>226.7</ele><time>2026-08-03T08:24:09.600Z</time></trkpt><trkpt lon="-3.71122" lat="53.16247"><ele>226.5</ele><time>2026-08-03T08:24:11.400Z</time></trkpt><trkpt lon="-3.71138" lat="53.16248"><ele>226.2</ele><time>2026-08-03T08:24:12.200Z</time></trkpt><trkpt lon="-3.7115" lat="53.16247"><ele>226.0</ele><time>2026-08-03T08:24:12.800Z</time></trkpt><trkpt lon="-3.71164" lat="53.16243"><ele>225.8</ele><time>2026-08-03T08:24:13.600Z</time></trkpt><trkpt lon="-3.71187" lat="53.162285"><ele>225.4</ele><time>2026-08-03T08:24:15.200Z</time></trkpt><trkpt lon="-3.7121" lat="53.16214"><ele>225.2</ele><time>2026-08-03T08:24:17.000Z</time></trkpt><trkpt lon="-3.71241" lat="53.16197"><ele>225.0</ele><time>2026-08-03T08:24:19.200Z</time></trkpt><trkpt lon="-3.71276" lat="53.16189"><ele>225.3</ele><time>2026-08-03T08:24:21.500Z</time></trkpt><trkpt lon="-3.71304" lat="53.16189"><ele>225.9</ele><time>2026-08-03T08:24:23.600Z</time></trkpt><trkpt lon="-3.71346" lat="53.16194"><ele>227.5</ele><time>2026-08-03T08:24:27.800Z</time></trkpt><trkpt lon="-3.71376" lat="53.16196"><ele>229.3</ele><time>2026-08-03T08:24:31.800Z</time></trkpt><trkpt lon="-3.71409" lat="53.16199"><ele>231.4</ele><time>2026-08-03T08:24:36.300Z</time></trkpt><trkpt lon="-3.71441" lat="53.16206"><ele>233.2</ele><time>2026-08-03T08:24:40.400Z</time></trkpt><trkpt lon="-3.7148" lat="53.1622"><ele>234.3</ele><time>2026-08-03T08:24:44.000Z</time></trkpt><trkpt lon="-3.71514" lat="53.16231"><ele>233.8</ele><time>2026-08-03T08:24:45.900Z</time></trkpt><trkpt lon="-3.71554" lat="53.16242"><ele>232.7</ele><time>2026-08-03T08:24:47.800Z</time></trkpt><trkpt lon="-3.71597" lat="53.16251"><ele>232.1</ele><time>2026-08-03T08:24:50.100Z</time></trkpt><trkpt lon="-3.716275" lat="53.16261"><ele>231.8</ele><time>2026-08-03T08:24:51.900Z</time></trkpt><trkpt lon="-3.71658" lat="53.16271"><ele>230.8</ele><time>2026-08-03T08:24:53.400Z</time></trkpt><trkpt lon="-3.7169233" lat="53.1627967"><ele>229.2</ele><time>2026-08-03T08:24:54.900Z</time></trkpt><trkpt lon="-3.7172666" lat="53.1628834"><ele>227.2</ele><time>2026-08-03T08:24:56.300Z</time></trkpt><trkpt lon="-3.71761" lat="53.16297"><ele>225.2</ele><time>2026-08-03T08:24:57.800Z</time></trkpt><trkpt lon="-3.71782" lat="53.16301"><ele>223.9</ele><time>2026-08-03T08:24:58.700Z</time></trkpt><trkpt lon="-3.71813" lat="53.16304"><ele>221.9</ele><time>2026-08-03T08:25:00.000Z</time></trkpt><trkpt lon="-3.71852" lat="53.1631"><ele>219.5</ele><time>2026-08-03T08:25:01.500Z</time></trkpt><trkpt lon="-3.71876" lat="53.16318"><ele>218.1</ele><time>2026-08-03T08:25:02.600Z</time></trkpt><trkpt lon="-3.71894" lat="53.16333"><ele>216.5</ele><time>2026-08-03T08:25:03.800Z</time></trkpt><trkpt lon="-3.71904" lat="53.16341"><ele>215.7</ele><time>2026-08-03T08:25:04.500Z</time></trkpt><trkpt lon="-3.71913" lat="53.16345"><ele>215.1</ele><time>2026-08-03T08:25:04.900Z</time></trkpt><trkpt lon="-3.71928" lat="53.16348"><ele>214.2</ele><time>2026-08-03T08:25:05.600Z</time></trkpt><trkpt lon="-3.71962" lat="53.16354"><ele>212.3</ele><time>2026-08-03T08:25:06.900Z</time></trkpt><trkpt lon="-3.71996" lat="53.1636"><ele>210.8</ele><time>2026-08-03T08:25:08.400Z</time></trkpt><trkpt lon="-3.7203" lat="53.16366"><ele>209.2</ele><time>2026-08-03T08:25:09.800Z</time></trkpt><trkpt lon="-3.72072" lat="53.1637433"><ele>207.6</ele><time>2026-08-03T08:25:11.600Z</time></trkpt><trkpt lon="-3.72114" lat="53.1638267"><ele>206.4</ele><time>2026-08-03T08:25:13.500Z</time></trkpt><trkpt lon="-3.72156" lat="53.16391"><ele>203.8</ele><time>2026-08-03T08:25:15.200Z</time></trkpt><trkpt lon="-3.72197" lat="53.16398"><ele>201.1</ele><time>2026-08-03T08:25:17.000Z</time></trkpt><trkpt lon="-3.72228" lat="53.16408"><ele>199.3</ele><time>2026-08-03T08:25:18.400Z</time></trkpt><trkpt lon="-3.72241" lat="53.16414"><ele>198.7</ele><time>2026-08-03T08:25:19.100Z</time></trkpt><trkpt lon="-3.72291" lat="53.16396"><ele>197.8</ele><time>2026-08-03T08:25:21.900Z</time></trkpt><trkpt lon="-3.72331" lat="53.1638"><ele>197.4</ele><time>2026-08-03T08:25:24.300Z</time></trkpt><trkpt lon="-3.72347" lat="53.16374"><ele>197.2</ele><time>2026-08-03T08:25:25.300Z</time></trkpt><trkpt lon="-3.72386" lat="53.16363"><ele>196.8</ele><time>2026-08-03T08:25:27.500Z</time></trkpt><trkpt lon="-3.72421" lat="53.16354"><ele>196.7</ele><time>2026-08-03T08:25:29.600Z</time></trkpt><trkpt lon="-3.72456" lat="53.16345"><ele>197.1</ele><time>2026-08-03T08:25:32.000Z</time></trkpt><trkpt lon="-3.72495" lat="53.16338"><ele>197.9</ele><time>2026-08-03T08:25:34.900Z</time></trkpt><trkpt lon="-3.72508" lat="53.16339"><ele>198.1</ele><time>2026-08-03T08:25:35.800Z</time></trkpt><trkpt lon="-3.72528" lat="53.16342"><ele>198.1</ele><time>2026-08-03T08:25:37.000Z</time></trkpt><trkpt lon="-3.72545" lat="53.16343"><ele>198.1</ele><time>2026-08-03T08:25:37.900Z</time></trkpt><trkpt lon="-3.72566" lat="53.16344"><ele>198.2</ele><time>2026-08-03T08:25:39.100Z</time></trkpt><trkpt lon="-3.72582" lat="53.16345"><ele>198.2</ele><time>2026-08-03T08:25:40.000Z</time></trkpt><trkpt lon="-3.72602" lat="53.16342"><ele>198.2</ele><time>2026-08-03T08:25:41.200Z</time></trkpt><trkpt lon="-3.7263333" lat="53.1633633"><ele>198.4</ele><time>2026-08-03T08:25:43.200Z</time></trkpt><trkpt lon="-3.7266467" lat="53.1633067"><ele>198.6</ele><time>2026-08-03T08:25:45.100Z</time></trkpt><trkpt lon="-3.72696" lat="53.16325"><ele>198.8</ele><time>2026-08-03T08:25:47.100Z</time></trkpt><trkpt lon="-3.72727" lat="53.16317"><ele>199.1</ele><time>2026-08-03T08:25:49.200Z</time></trkpt><trkpt lon="-3.7275167" lat="53.1631033"><ele>199.2</ele><time>2026-08-03T08:25:50.800Z</time></trkpt><trkpt lon="-3.72801" lat="53.16297"><ele>199.7</ele><time>2026-08-03T08:25:54.300Z</time></trkpt><trkpt lon="-3.72841" lat="53.16292"><ele>200.4</ele><time>2026-08-03T08:25:57.100Z</time></trkpt><trkpt lon="-3.7287633" lat="53.1629033"><ele>201.1</ele><time>2026-08-03T08:25:59.600Z</time></trkpt><trkpt lon="-3.7291167" lat="53.1628867"><ele>201.7</ele><time>2026-08-03T08:26:02.100Z</time></trkpt><trkpt lon="-3.72947" lat="53.16287"><ele>202.4</ele><time>2026-08-03T08:26:04.600Z</time></trkpt><trkpt lon="-3.72972" lat="53.16285"><ele>202.9</ele><time>2026-08-03T08:26:06.400Z</time></trkpt><trkpt lon="-3.73012" lat="53.16277"><ele>203.3</ele><time>2026-08-03T08:26:09.100Z</time></trkpt><trkpt lon="-3.73054" lat="53.16271"><ele>203.7</ele><time>2026-08-03T08:26:11.800Z</time></trkpt><trkpt lon="-3.73072" lat="53.16266"><ele>203.9</ele><time>2026-08-03T08:26:13.100Z</time></trkpt><trkpt lon="-3.7309333" lat="53.16254"><ele>204.2</ele><time>2026-08-03T08:26:14.900Z</time></trkpt><trkpt lon="-3.73136" lat="53.1623"><ele>204.7</ele><time>2026-08-03T08:26:18.600Z</time></trkpt><trkpt lon="-3.73164" lat="53.1622033"><ele>204.9</ele><time>2026-08-03T08:26:20.600Z</time></trkpt><trkpt lon="-3.73192" lat="53.1621067"><ele>205.3</ele><time>2026-08-03T08:26:22.700Z</time></trkpt><trkpt lon="-3.7322" lat="53.16201"><ele>205.7</ele><time>2026-08-03T08:26:24.800Z</time></trkpt><trkpt lon="-3.7324833" lat="53.1619133"><ele>206.6</ele><time>2026-08-03T08:26:27.400Z</time></trkpt><trkpt lon="-3.7327667" lat="53.1618167"><ele>207.9</ele><time>2026-08-03T08:26:30.700Z</time></trkpt><trkpt lon="-3.73305" lat="53.16172"><ele>209.3</ele><time>2026-08-03T08:26:34.200Z</time></trkpt><trkpt lon="-3.73344" lat="53.16161"><ele>211.7</ele><time>2026-08-03T08:26:39.600Z</time></trkpt><trkpt lon="-3.7337067" lat="53.1615533"><ele>213.2</ele><time>2026-08-03T08:26:43.000Z</time></trkpt><trkpt lon="-3.7339733" lat="53.1614967"><ele>214.6</ele><time>2026-08-03T08:26:46.200Z</time></trkpt><trkpt lon="-3.73424" lat="53.16144"><ele>215.6</ele><time>2026-08-03T08:26:49.000Z</time></trkpt><trkpt lon="-3.73458" lat="53.16136"><ele>216.5</ele><time>2026-08-03T08:26:51.900Z</time></trkpt><trkpt lon="-3.73481" lat="53.16127"><ele>216.8</ele><time>2026-08-03T08:26:53.600Z</time></trkpt><trkpt lon="-3.7351" lat="53.16113"><ele>216.7</ele><time>2026-08-03T08:26:55.600Z</time></trkpt><trkpt lon="-3.73539" lat="53.16101"><ele>217.0</ele><time>2026-08-03T08:26:57.800Z</time></trkpt><trkpt lon="-3.73568" lat="53.16089"><ele>217.3</ele><time>2026-08-03T08:27:00.000Z</time></trkpt><trkpt lon="-3.7359533" lat="53.1607633"><ele>218.3</ele><time>2026-08-03T08:27:02.900Z</time></trkpt><trkpt lon="-3.7362267" lat="53.1606367"><ele>219.4</ele><time>2026-08-03T08:27:06.000Z</time></trkpt><trkpt lon="-3.7365" lat="53.16051"><ele>220.4</ele><time>2026-08-03T08:27:09.000Z</time></trkpt><trkpt lon="-3.7369" lat="53.16037"><ele>221.6</ele><time>2026-08-03T08:27:12.600Z</time></trkpt><trkpt lon="-3.7371833" lat="53.1602767"><ele>222.0</ele><time>2026-08-03T08:27:14.800Z</time></trkpt><trkpt lon="-3.73775" lat="53.16009"><ele>221.5</ele><time>2026-08-03T08:27:18.200Z</time></trkpt><trkpt lon="-3.7380725" lat="53.1599825"><ele>220.8</ele><time>2026-08-03T08:27:19.800Z</time></trkpt><trkpt lon="-3.738395" lat="53.159875"><ele>220.4</ele><time>2026-08-03T08:27:21.700Z</time></trkpt><trkpt lon="-3.7387175" lat="53.1597675"><ele>220.5</ele><time>2026-08-03T08:27:23.900Z</time></trkpt><trkpt lon="-3.73904" lat="53.15966"><ele>220.7</ele><time>2026-08-03T08:27:26.100Z</time></trkpt><trkpt lon="-3.739305" lat="53.1595175"><ele>220.9</ele><time>2026-08-03T08:27:28.200Z</time></trkpt><trkpt lon="-3.73957" lat="53.159375"><ele>221.5</ele><time>2026-08-03T08:27:30.700Z</time></trkpt><trkpt lon="-3.739835" lat="53.1592325"><ele>222.1</ele><time>2026-08-03T08:27:33.200Z</time></trkpt><trkpt lon="-3.7401" lat="53.15909"><ele>222.8</ele><time>2026-08-03T08:27:35.700Z</time></trkpt><trkpt lon="-3.74029" lat="53.1589433"><ele>223.3</ele><time>2026-08-03T08:27:37.900Z</time></trkpt><trkpt lon="-3.74048" lat="53.1587967"><ele>223.9</ele><time>2026-08-03T08:27:40.100Z</time></trkpt><trkpt lon="-3.74067" lat="53.15865"><ele>224.5</ele><time>2026-08-03T08:27:42.300Z</time></trkpt><trkpt lon="-3.740815" lat="53.1584825"><ele>225.2</ele><time>2026-08-03T08:27:44.600Z</time></trkpt><trkpt lon="-3.74096" lat="53.158315"><ele>225.8</ele><time>2026-08-03T08:27:46.900Z</time></trkpt><trkpt lon="-3.741105" lat="53.1581475"><ele>226.3</ele><time>2026-08-03T08:27:49.000Z</time></trkpt><trkpt lon="-3.74125" lat="53.15798"><ele>226.7</ele><time>2026-08-03T08:27:51.100Z</time></trkpt><trkpt lon="-3.74153" lat="53.15778"><ele>227.7</ele><time>2026-08-03T08:27:54.500Z</time></trkpt><trkpt lon="-3.74177" lat="53.15768"><ele>228.7</ele><time>2026-08-03T08:27:57.100Z</time></trkpt><trkpt lon="-3.74213" lat="53.1576"><ele>230.0</ele><time>2026-08-03T08:28:00.700Z</time></trkpt><trkpt lon="-3.74236" lat="53.15757"><ele>230.8</ele><time>2026-08-03T08:28:02.900Z</time></trkpt><trkpt lon="-3.742675" lat="53.157555"><ele>231.6</ele><time>2026-08-03T08:28:05.400Z</time></trkpt><trkpt lon="-3.74299" lat="53.15754"><ele>232.4</ele><time>2026-08-03T08:28:07.900Z</time></trkpt><trkpt lon="-3.743345" lat="53.15757"><ele>233.0</ele><time>2026-08-03T08:28:10.400Z</time></trkpt><trkpt lon="-3.7437" lat="53.1576"><ele>233.5</ele><time>2026-08-03T08:28:12.800Z</time></trkpt><trkpt lon="-3.7439775" lat="53.1576425"><ele>233.9</ele><time>2026-08-03T08:28:14.700Z</time></trkpt><trkpt lon="-3.744255" lat="53.157685"><ele>234.3</ele><time>2026-08-03T08:28:16.600Z</time></trkpt><trkpt lon="-3.74481" lat="53.15777"><ele>234.9</ele><time>2026-08-03T08:28:20.300Z</time></trkpt><trkpt lon="-3.74526" lat="53.15787"><ele>235.5</ele><time>2026-08-03T08:28:23.400Z</time></trkpt><trkpt lon="-3.74557" lat="53.15796"><ele>236.0</ele><time>2026-08-03T08:28:25.700Z</time></trkpt><trkpt lon="-3.7458733" lat="53.1580867"><ele>236.8</ele><time>2026-08-03T08:28:28.500Z</time></trkpt><trkpt lon="-3.7461767" lat="53.1582133"><ele>237.9</ele><time>2026-08-03T08:28:31.600Z</time></trkpt><trkpt lon="-3.74648" lat="53.15834"><ele>239.0</ele><time>2026-08-03T08:28:34.900Z</time></trkpt><trkpt lon="-3.74677" lat="53.15847"><ele>240.3</ele><time>2026-08-03T08:28:38.200Z</time></trkpt><trkpt lon="-3.74699" lat="53.15861"><ele>241.1</ele><time>2026-08-03T08:28:40.800Z</time></trkpt><trkpt lon="-3.74725" lat="53.15883"><ele>242.2</ele><time>2026-08-03T08:28:44.400Z</time></trkpt><trkpt lon="-3.74744" lat="53.15901"><ele>243.0</ele><time>2026-08-03T08:28:47.100Z</time></trkpt><trkpt lon="-3.74772" lat="53.15923"><ele>244.1</ele><time>2026-08-03T08:28:50.600Z</time></trkpt><trkpt lon="-3.74812" lat="53.15946"><ele>245.3</ele><time>2026-08-03T08:28:54.800Z</time></trkpt><trkpt lon="-3.74829" lat="53.15951"><ele>245.9</ele><time>2026-08-03T08:28:56.400Z</time></trkpt><trkpt lon="-3.74848" lat="53.15953"><ele>246.5</ele><time>2026-08-03T08:28:58.200Z</time></trkpt><trkpt lon="-3.74887" lat="53.15952"><ele>248.1</ele><time>2026-08-03T08:29:02.100Z</time></trkpt><trkpt lon="-3.7492733" lat="53.1594833"><ele>249.7</ele><time>2026-08-03T08:29:06.200Z</time></trkpt><trkpt lon="-3.7496767" lat="53.1594467"><ele>251.0</ele><time>2026-08-03T08:29:09.800Z</time></trkpt><trkpt lon="-3.75008" lat="53.15941"><ele>251.9</ele><time>2026-08-03T08:29:13.000Z</time></trkpt><trkpt lon="-3.75038" lat="53.1593825"><ele>252.6</ele><time>2026-08-03T08:29:15.300Z</time></trkpt><trkpt lon="-3.75068" lat="53.159355"><ele>253.6</ele><time>2026-08-03T08:29:18.100Z</time></trkpt><trkpt lon="-3.75098" lat="53.1593275"><ele>254.8</ele><time>2026-08-03T08:29:21.100Z</time></trkpt><trkpt lon="-3.75128" lat="53.1593"><ele>255.9</ele><time>2026-08-03T08:29:24.000Z</time></trkpt><trkpt lon="-3.75123" lat="53.159120057326"><ele>256.4</ele><time>2026-08-03T08:29:26.100Z</time></trkpt><trkpt lon="-3.7512333" lat="53.1589433"><ele>256.9</ele><time>2026-08-03T08:29:28.100Z</time></trkpt><trkpt lon="-3.75124" lat="53.15859"><ele>257.8</ele><time>2026-08-03T08:29:32.100Z</time></trkpt><trkpt lon="-3.751305" lat="53.158365"><ele>258.1</ele><time>2026-08-03T08:29:34.500Z</time></trkpt><trkpt lon="-3.75137" lat="53.15814"><ele>258.4</ele><time>2026-08-03T08:29:36.900Z</time></trkpt><trkpt lon="-3.75144" lat="53.157915"><ele>258.9</ele><time>2026-08-03T08:29:39.400Z</time></trkpt><trkpt lon="-3.75151" lat="53.15769"><ele>259.6</ele><time>2026-08-03T08:29:42.100Z</time></trkpt><trkpt lon="-3.75155" lat="53.15747"><ele>260.3</ele><time>2026-08-03T08:29:44.700Z</time></trkpt><trkpt lon="-3.75148" lat="53.15728"><ele>260.8</ele><time>2026-08-03T08:29:46.900Z</time></trkpt><trkpt lon="-3.75136" lat="53.15718"><ele>261.0</ele><time>2026-08-03T08:29:48.200Z</time></trkpt><trkpt lon="-3.7511" lat="53.15703"><ele>261.2</ele><time>2026-08-03T08:29:50.400Z</time></trkpt><trkpt lon="-3.75084" lat="53.15688"><ele>261.5</ele><time>2026-08-03T08:29:52.600Z</time></trkpt><trkpt lon="-3.75058" lat="53.15673"><ele>261.8</ele><time>2026-08-03T08:29:54.900Z</time></trkpt><trkpt lon="-3.75032" lat="53.15658"><ele>262.1</ele><time>2026-08-03T08:29:57.100Z</time></trkpt><trkpt lon="-3.750035" lat="53.15642"><ele>262.5</ele><time>2026-08-03T08:29:59.600Z</time></trkpt><trkpt lon="-3.74975" lat="53.15626"><ele>263.1</ele><time>2026-08-03T08:30:02.200Z</time></trkpt><trkpt lon="-3.749555" lat="53.15609"><ele>263.7</ele><time>2026-08-03T08:30:04.600Z</time></trkpt><trkpt lon="-3.74936" lat="53.15592"><ele>264.5</ele><time>2026-08-03T08:30:07.200Z</time></trkpt><trkpt lon="-3.7492567" lat="53.15577"><ele>265.0</ele><time>2026-08-03T08:30:09.200Z</time></trkpt><trkpt lon="-3.74905" lat="53.15547"><ele>265.9</ele><time>2026-08-03T08:30:12.900Z</time></trkpt><trkpt lon="-3.748965" lat="53.155275"><ele>266.5</ele><time>2026-08-03T08:30:15.300Z</time></trkpt><trkpt lon="-3.74888" lat="53.15508"><ele>267.2</ele><time>2026-08-03T08:30:17.700Z</time></trkpt><trkpt lon="-3.7488433" lat="53.1549133"><ele>267.8</ele><time>2026-08-03T08:30:19.800Z</time></trkpt><trkpt lon="-3.74877" lat="53.15458"><ele>269.0</ele><time>2026-08-03T08:30:24.000Z</time></trkpt><trkpt lon="-3.7487333" lat="53.1544133"><ele>269.8</ele><time>2026-08-03T08:30:26.400Z</time></trkpt><trkpt lon="-3.74866" lat="53.15408"><ele>271.5</ele><time>2026-08-03T08:30:31.300Z</time></trkpt><trkpt lon="-3.748565" lat="53.15383"><ele>272.2</ele><time>2026-08-03T08:30:34.200Z</time></trkpt><trkpt lon="-3.74847" lat="53.15358"><ele>272.1</ele><time>2026-08-03T08:30:36.600Z</time></trkpt><trkpt lon="-3.7483567" lat="53.1533967"><ele>272.1</ele><time>2026-08-03T08:30:38.300Z</time></trkpt><trkpt lon="-3.7482433" lat="53.1532134"><ele>272.4</ele><time>2026-08-03T08:30:40.400Z</time></trkpt><trkpt lon="-3.74813" lat="53.15303"><ele>272.8</ele><time>2026-08-03T08:30:42.500Z</time></trkpt><trkpt lon="-3.748055" lat="53.15285"><ele>273.7</ele><time>2026-08-03T08:30:45.200Z</time></trkpt><trkpt lon="-3.74798" lat="53.15267"><ele>274.9</ele><time>2026-08-03T08:30:48.300Z</time></trkpt><trkpt lon="-3.747935" lat="53.152515"><ele>276.2</ele><time>2026-08-03T08:30:51.300Z</time></trkpt><trkpt lon="-3.74789" lat="53.15236"><ele>277.5</ele><time>2026-08-03T08:30:54.300Z</time></trkpt><trkpt lon="-3.7479" lat="53.15221"><ele>278.8</ele><time>2026-08-03T08:30:57.400Z</time></trkpt><trkpt lon="-3.74791" lat="53.15206"><ele>280.2</ele><time>2026-08-03T08:31:00.400Z</time></trkpt><trkpt lon="-3.74798" lat="53.15175"><ele>282.4</ele><time>2026-08-03T08:31:05.900Z</time></trkpt><trkpt lon="-3.74798" lat="53.15154"><ele>283.6</ele><time>2026-08-03T08:31:09.100Z</time></trkpt><trkpt lon="-3.74787" lat="53.15122"><ele>285.1</ele><time>2026-08-03T08:31:13.700Z</time></trkpt><trkpt lon="-3.7477975" lat="53.1510425"><ele>285.8</ele><time>2026-08-03T08:31:16.000Z</time></trkpt><trkpt lon="-3.747725" lat="53.150865"><ele>286.3</ele><time>2026-08-03T08:31:18.100Z</time></trkpt><trkpt lon="-3.7476525" lat="53.1506875"><ele>287.0</ele><time>2026-08-03T08:31:20.400Z</time></trkpt><trkpt lon="-3.74758" lat="53.15051"><ele>287.6</ele><time>2026-08-03T08:31:22.700Z</time></trkpt><trkpt lon="-3.74746" lat="53.1503525"><ele>288.5</ele><time>2026-08-03T08:31:25.100Z</time></trkpt><trkpt lon="-3.74734" lat="53.150195"><ele>289.2</ele><time>2026-08-03T08:31:27.400Z</time></trkpt><trkpt lon="-3.7471" lat="53.14988"><ele>290.7</ele><time>2026-08-03T08:31:32.000Z</time></trkpt><trkpt lon="-3.7468833" lat="53.14968"><ele>291.6</ele><time>2026-08-03T08:31:35.000Z</time></trkpt><trkpt lon="-3.7466667" lat="53.14948"><ele>292.0</ele><time>2026-08-03T08:31:37.600Z</time></trkpt><trkpt lon="-3.74645" lat="53.14928"><ele>292.4</ele><time>2026-08-03T08:31:40.100Z</time></trkpt><trkpt lon="-3.74623" lat="53.14908"><ele>293.3</ele><time>2026-08-03T08:31:43.100Z</time></trkpt><trkpt lon="-3.74601" lat="53.14888"><ele>294.2</ele><time>2026-08-03T08:31:46.100Z</time></trkpt><trkpt lon="-3.74579" lat="53.14868"><ele>294.6</ele><time>2026-08-03T08:31:48.600Z</time></trkpt><trkpt lon="-3.74561" lat="53.14852"><ele>294.5</ele><time>2026-08-03T08:31:50.300Z</time></trkpt><trkpt lon="-3.74543" lat="53.14836"><ele>294.3</ele><time>2026-08-03T08:31:52.100Z</time></trkpt><trkpt lon="-3.74507" lat="53.14804"><ele>294.6</ele><time>2026-08-03T08:31:55.800Z</time></trkpt><trkpt lon="-3.7448925" lat="53.1478825"><ele>295.2</ele><time>2026-08-03T08:31:58.100Z</time></trkpt><trkpt lon="-3.744715" lat="53.147725"><ele>296.4</ele><time>2026-08-03T08:32:01.300Z</time></trkpt><trkpt lon="-3.7445375" lat="53.1475675"><ele>298.1</ele><time>2026-08-03T08:32:05.100Z</time></trkpt><trkpt lon="-3.74436" lat="53.14741"><ele>299.7</ele><time>2026-08-03T08:32:08.800Z</time></trkpt><trkpt lon="-3.7442" lat="53.1472833"><ele>300.5</ele><time>2026-08-03T08:32:11.200Z</time></trkpt><trkpt lon="-3.74388" lat="53.14703"><ele>301.1</ele><time>2026-08-03T08:32:14.500Z</time></trkpt><trkpt lon="-3.7437233" lat="53.1469033"><ele>301.3</ele><time>2026-08-03T08:32:16.200Z</time></trkpt><trkpt lon="-3.74341" lat="53.14665"><ele>301.5</ele><time>2026-08-03T08:32:19.300Z</time></trkpt><trkpt lon="-3.74323" lat="53.14635"><ele>301.9</ele><time>2026-08-03T08:32:22.600Z</time></trkpt><trkpt lon="-3.74312" lat="53.14608"><ele>302.6</ele><time>2026-08-03T08:32:25.600Z</time></trkpt><trkpt lon="-3.74305" lat="53.14582"><ele>303.9</ele><time>2026-08-03T08:32:29.500Z</time></trkpt><trkpt lon="-3.74295" lat="53.14562"><ele>305.1</ele><time>2026-08-03T08:32:32.700Z</time></trkpt><trkpt lon="-3.74275" lat="53.145425"><ele>306.3</ele><time>2026-08-03T08:32:36.100Z</time></trkpt><trkpt lon="-3.74255" lat="53.14523"><ele>307.2</ele><time>2026-08-03T08:32:39.100Z</time></trkpt><trkpt lon="-3.742355" lat="53.145025"><ele>308.2</ele><time>2026-08-03T08:32:42.200Z</time></trkpt><trkpt lon="-3.74216" lat="53.14482"><ele>309.2</ele><time>2026-08-03T08:32:45.400Z</time></trkpt><trkpt lon="-3.742045" lat="53.144655"><ele>309.9</ele><time>2026-08-03T08:32:47.600Z</time></trkpt><trkpt lon="-3.74193" lat="53.14449"><ele>310.3</ele><time>2026-08-03T08:32:49.600Z</time></trkpt><trkpt lon="-3.74184" lat="53.1443"><ele>310.8</ele><time>2026-08-03T08:32:51.800Z</time></trkpt><trkpt lon="-3.74175" lat="53.14411"><ele>311.0</ele><time>2026-08-03T08:32:53.800Z</time></trkpt><trkpt lon="-3.7417" lat="53.14404"><ele>311.1</ele><time>2026-08-03T08:32:54.600Z</time></trkpt><trkpt lon="-3.74143" lat="53.14381"><ele>311.8</ele><time>2026-08-03T08:32:57.700Z</time></trkpt><trkpt lon="-3.74125" lat="53.14359"><ele>312.9</ele><time>2026-08-03T08:33:01.200Z</time></trkpt><trkpt lon="-3.741195" lat="53.14338"><ele>314.0</ele><time>2026-08-03T08:33:04.200Z</time></trkpt><trkpt lon="-3.74114" lat="53.14317"><ele>314.6</ele><time>2026-08-03T08:33:06.700Z</time></trkpt><trkpt lon="-3.7412667" lat="53.1429633"><ele>314.0</ele><time>2026-08-03T08:33:08.500Z</time></trkpt><trkpt lon="-3.7413934" lat="53.1427567"><ele>314.5</ele><time>2026-08-03T08:33:10.900Z</time></trkpt><trkpt lon="-3.74152" lat="53.14255"><ele>315.1</ele><time>2026-08-03T08:33:13.500Z</time></trkpt><trkpt lon="-3.7418" lat="53.142415"><ele>315.9</ele><time>2026-08-03T08:33:16.200Z</time></trkpt><trkpt lon="-3.74208" lat="53.14228"><ele>315.3</ele><time>2026-08-03T08:33:17.900Z</time></trkpt><trkpt lon="-3.74236" lat="53.142145"><ele>314.9</ele><time>2026-08-03T08:33:19.700Z</time></trkpt><trkpt lon="-3.74264" lat="53.14201"><ele>314.8</ele><time>2026-08-03T08:33:21.600Z</time></trkpt><trkpt lon="-3.74297" lat="53.14197"><ele>316.3</ele><time>2026-08-03T08:33:25.200Z</time></trkpt><trkpt lon="-3.7433" lat="53.141930059509"><ele>317.9</ele><time>2026-08-03T08:33:29.000Z</time></trkpt><trkpt lon="-3.743308" lat="53.141756"><ele>319.0</ele><time>2026-08-03T08:33:31.800Z</time></trkpt><trkpt lon="-3.743316" lat="53.141582"><ele>319.9</ele><time>2026-08-03T08:33:34.500Z</time></trkpt><trkpt lon="-3.743324" lat="53.141408"><ele>320.9</ele><time>2026-08-03T08:33:37.200Z</time></trkpt><trkpt lon="-3.743332" lat="53.141234"><ele>322.0</ele><time>2026-08-03T08:33:40.000Z</time></trkpt><trkpt lon="-3.74334" lat="53.14106"><ele>323.1</ele><time>2026-08-03T08:33:42.900Z</time></trkpt><trkpt lon="-3.743346" lat="53.140886"><ele>324.4</ele><time>2026-08-03T08:33:46.000Z</time></trkpt><trkpt lon="-3.743352" lat="53.140712"><ele>325.7</ele><time>2026-08-03T08:33:49.200Z</time></trkpt><trkpt lon="-3.743358" lat="53.140538"><ele>327.2</ele><time>2026-08-03T08:33:52.600Z</time></trkpt><trkpt lon="-3.743364" lat="53.140364"><ele>328.8</ele><time>2026-08-03T08:33:56.100Z</time></trkpt><trkpt lon="-3.74337" lat="53.14019"><ele>330.3</ele><time>2026-08-03T08:33:59.700Z</time></trkpt><trkpt lon="-3.743378" lat="53.140016"><ele>331.8</ele><time>2026-08-03T08:34:03.100Z</time></trkpt><trkpt lon="-3.743386" lat="53.139842"><ele>333.3</ele><time>2026-08-03T08:34:06.600Z</time></trkpt><trkpt lon="-3.743394" lat="53.139668"><ele>334.6</ele><time>2026-08-03T08:34:09.800Z</time></trkpt><trkpt lon="-3.743402" lat="53.139494"><ele>336.0</ele><time>2026-08-03T08:34:13.000Z</time></trkpt><trkpt lon="-3.74341" lat="53.13932"><ele>337.4</ele><time>2026-08-03T08:34:16.400Z</time></trkpt><trkpt lon="-3.74342" lat="53.1391025"><ele>339.5</ele><time>2026-08-03T08:34:20.900Z</time></trkpt><trkpt lon="-3.74343" lat="53.138885"><ele>341.2</ele><time>2026-08-03T08:34:25.000Z</time></trkpt><trkpt lon="-3.74344" lat="53.1386675"><ele>342.7</ele><time>2026-08-03T08:34:28.700Z</time></trkpt><trkpt lon="-3.74345" lat="53.13845"><ele>343.9</ele><time>2026-08-03T08:34:32.100Z</time></trkpt><trkpt lon="-3.743456" lat="53.138276"><ele>344.8</ele><time>2026-08-03T08:34:34.700Z</time></trkpt><trkpt lon="-3.743462" lat="53.138102"><ele>345.7</ele><time>2026-08-03T08:34:37.200Z</time></trkpt><trkpt lon="-3.743468" lat="53.137928"><ele>346.4</ele><time>2026-08-03T08:34:39.600Z</time></trkpt><trkpt lon="-3.743474" lat="53.137754"><ele>347.4</ele><time>2026-08-03T08:34:42.200Z</time></trkpt><trkpt lon="-3.74348" lat="53.13758"><ele>348.3</ele><time>2026-08-03T08:34:44.900Z</time></trkpt><trkpt lon="-3.743488" lat="53.137406"><ele>349.6</ele><time>2026-08-03T08:34:48.000Z</time></trkpt><trkpt lon="-3.743496" lat="53.137232"><ele>350.9</ele><time>2026-08-03T08:34:51.100Z</time></trkpt><trkpt lon="-3.743504" lat="53.137058"><ele>352.2</ele><time>2026-08-03T08:34:54.200Z</time></trkpt><trkpt lon="-3.743512" lat="53.136884"><ele>353.5</ele><time>2026-08-03T08:34:57.400Z</time></trkpt><trkpt lon="-3.74352" lat="53.13671"><ele>354.7</ele><time>2026-08-03T08:35:00.400Z</time></trkpt><trkpt lon="-3.7434067" lat="53.13651"><ele>355.8</ele><time>2026-08-03T08:35:03.400Z</time></trkpt><trkpt lon="-3.7432933" lat="53.13631"><ele>356.5</ele><time>2026-08-03T08:35:06.100Z</time></trkpt><trkpt lon="-3.74318" lat="53.13611"><ele>357.3</ele><time>2026-08-03T08:35:08.700Z</time></trkpt><trkpt lon="-3.7430667" lat="53.1359133"><ele>357.8</ele><time>2026-08-03T08:35:11.000Z</time></trkpt><trkpt lon="-3.7429533" lat="53.1357167"><ele>358.5</ele><time>2026-08-03T08:35:13.500Z</time></trkpt><trkpt lon="-3.74284" lat="53.13552"><ele>359.2</ele><time>2026-08-03T08:35:16.100Z</time></trkpt><trkpt lon="-3.74268" lat="53.13526"><ele>360.4</ele><time>2026-08-03T08:35:19.700Z</time></trkpt><trkpt lon="-3.7424967" lat="53.13508"><ele>361.2</ele><time>2026-08-03T08:35:22.400Z</time></trkpt><trkpt lon="-3.7423133" lat="53.1349"><ele>361.9</ele><time>2026-08-03T08:35:25.000Z</time></trkpt><trkpt lon="-3.74213" lat="53.13472"><ele>362.8</ele><time>2026-08-03T08:35:27.700Z</time></trkpt><trkpt lon="-3.74202" lat="53.13452"><ele>363.5</ele><time>2026-08-03T08:35:30.300Z</time></trkpt><trkpt lon="-3.7419733" lat="53.1343467"><ele>364.2</ele><time>2026-08-03T08:35:32.600Z</time></trkpt><trkpt lon="-3.7419266" lat="53.1341734"><ele>365.0</ele><time>2026-08-03T08:35:35.000Z</time></trkpt><trkpt lon="-3.74188" lat="53.134"><ele>365.8</ele><time>2026-08-03T08:35:37.400Z</time></trkpt><trkpt lon="-3.741815" lat="53.13374"><ele>366.5</ele><time>2026-08-03T08:35:40.400Z</time></trkpt><trkpt lon="-3.74175" lat="53.13348"><ele>366.3</ele><time>2026-08-03T08:35:42.700Z</time></trkpt><trkpt lon="-3.74161" lat="53.13325"><ele>365.9</ele><time>2026-08-03T08:35:44.800Z</time></trkpt><trkpt lon="-3.7413833" lat="53.1330533"><ele>364.6</ele><time>2026-08-03T08:35:46.500Z</time></trkpt><trkpt lon="-3.7411567" lat="53.1328567"><ele>363.4</ele><time>2026-08-03T08:35:48.100Z</time></trkpt><trkpt lon="-3.74093" lat="53.13266"><ele>362.5</ele><time>2026-08-03T08:35:49.900Z</time></trkpt><trkpt lon="-3.740725" lat="53.13246"><ele>361.5</ele><time>2026-08-03T08:35:51.600Z</time></trkpt><trkpt lon="-3.74052" lat="53.13226"><ele>360.4</ele><time>2026-08-03T08:35:53.300Z</time></trkpt><trkpt lon="-3.74045" lat="53.13213"><ele>359.8</ele><time>2026-08-03T08:35:54.300Z</time></trkpt><trkpt lon="-3.74043" lat="53.13185"><ele>358.0</ele><time>2026-08-03T08:35:56.200Z</time></trkpt><trkpt lon="-3.74032" lat="53.13167"><ele>356.9</ele><time>2026-08-03T08:35:57.500Z</time></trkpt><trkpt lon="-3.74004" lat="53.13139"><ele>355.6</ele><time>2026-08-03T08:35:59.900Z</time></trkpt><trkpt lon="-3.73964" lat="53.1311"><ele>353.2</ele><time>2026-08-03T08:36:02.500Z</time></trkpt><trkpt lon="-3.73918" lat="53.13083"><ele>350.0</ele><time>2026-08-03T08:36:05.000Z</time></trkpt><trkpt lon="-3.73893" lat="53.13071"><ele>348.2</ele><time>2026-08-03T08:36:06.300Z</time></trkpt><trkpt lon="-3.73872" lat="53.13067"><ele>346.8</ele><time>2026-08-03T08:36:07.200Z</time></trkpt><trkpt lon="-3.73838" lat="53.13069"><ele>344.7</ele><time>2026-08-03T08:36:08.500Z</time></trkpt><trkpt lon="-3.7381" lat="53.13069"><ele>343.4</ele><time>2026-08-03T08:36:09.600Z</time></trkpt><trkpt lon="-3.7379" lat="53.13063"><ele>342.6</ele><time>2026-08-03T08:36:10.500Z</time></trkpt><trkpt lon="-3.73766" lat="53.13051"><ele>342.0</ele><time>2026-08-03T08:36:12.000Z</time></trkpt><trkpt lon="-3.73758" lat="53.13039"><ele>342.0</ele><time>2026-08-03T08:36:13.300Z</time></trkpt><trkpt lon="-3.73754" lat="53.13028"><ele>342.3</ele><time>2026-08-03T08:36:14.500Z</time></trkpt><trkpt lon="-3.73761" lat="53.13007"><ele>342.8</ele><time>2026-08-03T08:36:16.900Z</time></trkpt><trkpt lon="-3.73773" lat="53.12985"><ele>344.5</ele><time>2026-08-03T08:36:21.000Z</time></trkpt><trkpt lon="-3.7378475" lat="53.129675"><ele>345.9</ele><time>2026-08-03T08:36:24.400Z</time></trkpt><trkpt lon="-3.737965" lat="53.1295"><ele>347.5</ele><time>2026-08-03T08:36:28.000Z</time></trkpt><trkpt lon="-3.7380825" lat="53.129325"><ele>348.9</ele><time>2026-08-03T08:36:31.500Z</time></trkpt><trkpt lon="-3.7382" lat="53.12915"><ele>350.4</ele><time>2026-08-03T08:36:35.000Z</time></trkpt><trkpt lon="-3.7382625" lat="53.1289925"><ele>351.5</ele><time>2026-08-03T08:36:37.700Z</time></trkpt><trkpt lon="-3.738325" lat="53.128835"><ele>352.5</ele><time>2026-08-03T08:36:40.300Z</time></trkpt><trkpt lon="-3.73845" lat="53.12852"><ele>354.1</ele><time>2026-08-03T08:36:45.000Z</time></trkpt><trkpt lon="-3.73858" lat="53.12832"><ele>354.9</ele><time>2026-08-03T08:36:47.700Z</time></trkpt><trkpt lon="-3.73879" lat="53.1281367"><ele>355.7</ele><time>2026-08-03T08:36:50.500Z</time></trkpt><trkpt lon="-3.739" lat="53.1279534"><ele>356.7</ele><time>2026-08-03T08:36:53.500Z</time></trkpt><trkpt lon="-3.73921" lat="53.12777"><ele>357.6</ele><time>2026-08-03T08:36:56.400Z</time></trkpt><trkpt lon="-3.73927" lat="53.12765"><ele>358.1</ele><time>2026-08-03T08:36:58.100Z</time></trkpt><trkpt lon="-3.73926" lat="53.12754"><ele>358.6</ele><time>2026-08-03T08:36:59.500Z</time></trkpt><trkpt lon="-3.7391975" lat="53.12736"><ele>359.1</ele><time>2026-08-03T08:37:01.600Z</time></trkpt><trkpt lon="-3.739135" lat="53.12718"><ele>359.6</ele><time>2026-08-03T08:37:03.800Z</time></trkpt><trkpt lon="-3.7390725" lat="53.127"><ele>360.3</ele><time>2026-08-03T08:37:06.000Z</time></trkpt><trkpt lon="-3.73901" lat="53.12682"><ele>360.9</ele><time>2026-08-03T08:37:08.300Z</time></trkpt><trkpt lon="-3.738945" lat="53.12664"><ele>361.8</ele><time>2026-08-03T08:37:10.900Z</time></trkpt><trkpt lon="-3.73888" lat="53.12646"><ele>362.8</ele><time>2026-08-03T08:37:13.700Z</time></trkpt><trkpt lon="-3.738815" lat="53.12628"><ele>363.7</ele><time>2026-08-03T08:37:16.300Z</time></trkpt><trkpt lon="-3.73875" lat="53.1261"><ele>364.4</ele><time>2026-08-03T08:37:18.700Z</time></trkpt><trkpt lon="-3.738685" lat="53.12592"><ele>365.4</ele><time>2026-08-03T08:37:21.400Z</time></trkpt><trkpt lon="-3.73862" lat="53.12574"><ele>366.4</ele><time>2026-08-03T08:37:24.300Z</time></trkpt><trkpt lon="-3.738555" lat="53.12556"><ele>367.5</ele><time>2026-08-03T08:37:27.200Z</time></trkpt><trkpt lon="-3.73849" lat="53.12538"><ele>368.5</ele><time>2026-08-03T08:37:30.000Z</time></trkpt><trkpt lon="-3.73849" lat="53.12525"><ele>369.3</ele><time>2026-08-03T08:37:32.100Z</time></trkpt><trkpt lon="-3.7384933" lat="53.1251"><ele>370.4</ele><time>2026-08-03T08:37:34.700Z</time></trkpt><trkpt lon="-3.7384967" lat="53.12495"><ele>371.7</ele><time>2026-08-03T08:37:37.800Z</time></trkpt><trkpt lon="-3.7385" lat="53.1248"><ele>373.2</ele><time>2026-08-03T08:37:41.000Z</time></trkpt><trkpt lon="-3.7385067" lat="53.12465"><ele>375.0</ele><time>2026-08-03T08:37:44.700Z</time></trkpt><trkpt lon="-3.7385134" lat="53.1245"><ele>376.9</ele><time>2026-08-03T08:37:48.500Z</time></trkpt><trkpt lon="-3.73852" lat="53.12435"><ele>378.8</ele><time>2026-08-03T08:37:52.300Z</time></trkpt><trkpt lon="-3.7385275" lat="53.124165"><ele>380.9</ele><time>2026-08-03T08:37:56.700Z</time></trkpt><trkpt lon="-3.738535" lat="53.12398"><ele>382.7</ele><time>2026-08-03T08:38:00.600Z</time></trkpt><trkpt lon="-3.7385425" lat="53.123795"><ele>384.1</ele><time>2026-08-03T08:38:04.100Z</time></trkpt><trkpt lon="-3.73855" lat="53.12361"><ele>385.5</ele><time>2026-08-03T08:38:07.400Z</time></trkpt><trkpt lon="-3.7385575" lat="53.1234225"><ele>386.7</ele><time>2026-08-03T08:38:10.500Z</time></trkpt><trkpt lon="-3.738565" lat="53.123235"><ele>388.0</ele><time>2026-08-03T08:38:13.700Z</time></trkpt><trkpt lon="-3.7385725" lat="53.1230475"><ele>389.2</ele><time>2026-08-03T08:38:16.900Z</time></trkpt><trkpt lon="-3.73858" lat="53.12286"><ele>390.4</ele><time>2026-08-03T08:38:19.900Z</time></trkpt><trkpt lon="-3.73859" lat="53.122613361829"><ele>390.9</ele><time>2026-08-03T08:38:22.600Z</time></trkpt><trkpt lon="-3.7386" lat="53.1223667"><ele>390.0</ele><time>2026-08-03T08:38:24.500Z</time></trkpt><trkpt lon="-3.73861" lat="53.12212"><ele>388.4</ele><time>2026-08-03T08:38:26.100Z</time></trkpt><trkpt lon="-3.738685" lat="53.1219"><ele>387.3</ele><time>2026-08-03T08:38:27.700Z</time></trkpt><trkpt lon="-3.73876" lat="53.12168"><ele>386.5</ele><time>2026-08-03T08:38:29.500Z</time></trkpt><trkpt lon="-3.73893" lat="53.12144"><ele>386.1</ele><time>2026-08-03T08:38:31.700Z</time></trkpt><trkpt lon="-3.73916" lat="53.12133"><ele>386.1</ele><time>2026-08-03T08:38:33.300Z</time></trkpt><trkpt lon="-3.73964" lat="53.12116"><ele>386.0</ele><time>2026-08-03T08:38:36.400Z</time></trkpt><trkpt lon="-3.73978" lat="53.12105"><ele>386.0</ele><time>2026-08-03T08:38:37.600Z</time></trkpt><trkpt lon="-3.73986" lat="53.12092"><ele>386.0</ele><time>2026-08-03T08:38:38.900Z</time></trkpt><trkpt lon="-3.7399" lat="53.1207367"><ele>385.9</ele><time>2026-08-03T08:38:40.600Z</time></trkpt><trkpt lon="-3.73998" lat="53.12037"><ele>385.4</ele><time>2026-08-03T08:38:43.700Z</time></trkpt><trkpt lon="-3.73999" lat="53.12005"><ele>384.8</ele><time>2026-08-03T08:38:46.400Z</time></trkpt><trkpt lon="-3.73993" lat="53.11977"><ele>383.9</ele><time>2026-08-03T08:38:48.600Z</time></trkpt><trkpt lon="-3.73981" lat="53.11946"><ele>382.6</ele><time>2026-08-03T08:38:51.000Z</time></trkpt><trkpt lon="-3.73966" lat="53.11933"><ele>382.4</ele><time>2026-08-03T08:38:52.300Z</time></trkpt><trkpt lon="-3.73962" lat="53.11905"><ele>382.1</ele><time>2026-08-03T08:38:54.800Z</time></trkpt><trkpt lon="-3.73967" lat="53.1188"><ele>381.4</ele><time>2026-08-03T08:38:56.800Z</time></trkpt><trkpt lon="-3.73978" lat="53.1186033"><ele>380.5</ele><time>2026-08-03T08:38:58.300Z</time></trkpt><trkpt lon="-3.74" lat="53.11821"><ele>378.2</ele><time>2026-08-03T08:39:01.100Z</time></trkpt><trkpt lon="-3.740125" lat="53.118"><ele>377.3</ele><time>2026-08-03T08:39:02.800Z</time></trkpt><trkpt lon="-3.74025" lat="53.11779"><ele>376.2</ele><time>2026-08-03T08:39:04.400Z</time></trkpt><trkpt lon="-3.74036" lat="53.11746"><ele>374.9</ele><time>2026-08-03T08:39:06.900Z</time></trkpt><trkpt lon="-3.74036" lat="53.117245"><ele>374.4</ele><time>2026-08-03T08:39:08.700Z</time></trkpt><trkpt lon="-3.74036" lat="53.11703"><ele>374.1</ele><time>2026-08-03T08:39:10.500Z</time></trkpt><trkpt lon="-3.740335" lat="53.116775"><ele>373.2</ele><time>2026-08-03T08:39:12.400Z</time></trkpt><trkpt lon="-3.74031" lat="53.11652"><ele>371.9</ele><time>2026-08-03T08:39:14.300Z</time></trkpt><trkpt lon="-3.74028" lat="53.11626"><ele>371.1</ele><time>2026-08-03T08:39:16.300Z</time></trkpt><trkpt lon="-3.74025" lat="53.116"><ele>370.8</ele><time>2026-08-03T08:39:18.500Z</time></trkpt><trkpt lon="-3.74017" lat="53.1157833"><ele>370.3</ele><time>2026-08-03T08:39:20.400Z</time></trkpt><trkpt lon="-3.74009" lat="53.1155667"><ele>369.1</ele><time>2026-08-03T08:39:21.900Z</time></trkpt><trkpt lon="-3.74001" lat="53.11535"><ele>367.8</ele><time>2026-08-03T08:39:23.400Z</time></trkpt><trkpt lon="-3.7399333" lat="53.1151367"><ele>366.3</ele><time>2026-08-03T08:39:24.900Z</time></trkpt><trkpt lon="-3.7398566" lat="53.1149234"><ele>365.0</ele><time>2026-08-03T08:39:26.400Z</time></trkpt><trkpt lon="-3.73978" lat="53.11471"><ele>363.7</ele><time>2026-08-03T08:39:27.900Z</time></trkpt><trkpt lon="-3.7397" lat="53.1144933"><ele>363.5</ele><time>2026-08-03T08:39:29.800Z</time></trkpt><trkpt lon="-3.73962" lat="53.1142767"><ele>363.1</ele><time>2026-08-03T08:39:31.700Z</time></trkpt><trkpt lon="-3.73954" lat="53.11406"><ele>362.8</ele><time>2026-08-03T08:39:33.600Z</time></trkpt><trkpt lon="-3.73953" lat="53.114"><ele>362.6</ele><time>2026-08-03T08:39:34.000Z</time></trkpt><trkpt lon="-3.73957" lat="53.11396"><ele>362.3</ele><time>2026-08-03T08:39:34.400Z</time></trkpt><trkpt lon="-3.73964" lat="53.11394"><ele>362.1</ele><time>2026-08-03T08:39:34.700Z</time></trkpt><trkpt lon="-3.74029" lat="53.11387"><ele>359.7</ele><time>2026-08-03T08:39:37.400Z</time></trkpt><trkpt lon="-3.74073" lat="53.11381"><ele>358.5</ele><time>2026-08-03T08:39:39.300Z</time></trkpt><trkpt lon="-3.7411" lat="53.11372"><ele>357.7</ele><time>2026-08-03T08:39:41.200Z</time></trkpt><trkpt lon="-3.74132" lat="53.11364"><ele>356.9</ele><time>2026-08-03T08:39:42.200Z</time></trkpt><trkpt lon="-3.74164" lat="53.1135"><ele>355.3</ele><time>2026-08-03T08:39:43.800Z</time></trkpt><trkpt lon="-3.7419367" lat="53.1133567"><ele>353.8</ele><time>2026-08-03T08:39:45.400Z</time></trkpt><trkpt lon="-3.7422334" lat="53.1132134"><ele>351.9</ele><time>2026-08-03T08:39:46.900Z</time></trkpt><trkpt lon="-3.74253" lat="53.11307"><ele>350.0</ele><time>2026-08-03T08:39:48.400Z</time></trkpt><trkpt lon="-3.74274" lat="53.11301"><ele>349.5</ele><time>2026-08-03T08:39:49.500Z</time></trkpt><trkpt lon="-3.74292" lat="53.113"><ele>349.4</ele><time>2026-08-03T08:39:50.400Z</time></trkpt><trkpt lon="-3.74346" lat="53.113"><ele>348.6</ele><time>2026-08-03T08:39:53.000Z</time></trkpt><trkpt lon="-3.74367" lat="53.11296"><ele>348.1</ele><time>2026-08-03T08:39:54.000Z</time></trkpt><trkpt lon="-3.74386" lat="53.11286"><ele>347.6</ele><time>2026-08-03T08:39:55.200Z</time></trkpt><trkpt lon="-3.74397" lat="53.11276"><ele>347.1</ele><time>2026-08-03T08:39:56.000Z</time></trkpt><trkpt lon="-3.74402" lat="53.11264"><ele>346.5</ele><time>2026-08-03T08:39:56.900Z</time></trkpt><trkpt lon="-3.74402" lat="53.11248"><ele>345.3</ele><time>2026-08-03T08:39:58.000Z</time></trkpt><trkpt lon="-3.74395" lat="53.11231"><ele>343.8</ele><time>2026-08-03T08:39:59.100Z</time></trkpt><trkpt lon="-3.74371" lat="53.11212"><ele>341.4</ele><time>2026-08-03T08:40:00.700Z</time></trkpt><trkpt lon="-3.74347" lat="53.11193"><ele>339.3</ele><time>2026-08-03T08:40:02.300Z</time></trkpt><trkpt lon="-3.74323" lat="53.11174"><ele>337.0</ele><time>2026-08-03T08:40:03.800Z</time></trkpt><trkpt lon="-3.74295" lat="53.11139"><ele>334.1</ele><time>2026-08-03T08:40:06.400Z</time></trkpt><trkpt lon="-3.7428" lat="53.11127"><ele>333.8</ele><time>2026-08-03T08:40:07.700Z</time></trkpt><trkpt lon="-3.74269" lat="53.11115"><ele>333.8</ele><time>2026-08-03T08:40:09.000Z</time></trkpt><trkpt lon="-3.7426" lat="53.1109"><ele>333.3</ele><time>2026-08-03T08:40:11.100Z</time></trkpt><trkpt lon="-3.74244" lat="53.11065"><ele>331.9</ele><time>2026-08-03T08:40:12.900Z</time></trkpt><trkpt lon="-3.74228" lat="53.11044"><ele>330.2</ele><time>2026-08-03T08:40:14.500Z</time></trkpt><trkpt lon="-3.74228" lat="53.11028"><ele>329.3</ele><time>2026-08-03T08:40:15.600Z</time></trkpt><trkpt lon="-3.74239" lat="53.1101"><ele>329.1</ele><time>2026-08-03T08:40:17.300Z</time></trkpt><trkpt lon="-3.74255" lat="53.10998"><ele>329.9</ele><time>2026-08-03T08:40:19.500Z</time></trkpt><trkpt lon="-3.742815" lat="53.109895"><ele>331.5</ele><time>2026-08-03T08:40:23.000Z</time></trkpt><trkpt lon="-3.74308" lat="53.10981"><ele>333.1</ele><time>2026-08-03T08:40:26.800Z</time></trkpt><trkpt lon="-3.74331" lat="53.1096733"><ele>334.7</ele><time>2026-08-03T08:40:30.600Z</time></trkpt><trkpt lon="-3.74354" lat="53.1095367"><ele>336.0</ele><time>2026-08-03T08:40:33.800Z</time></trkpt><trkpt lon="-3.74377" lat="53.1094"><ele>336.9</ele><time>2026-08-03T08:40:36.500Z</time></trkpt><trkpt lon="-3.7440033" lat="53.1092633"><ele>337.4</ele><time>2026-08-03T08:40:38.700Z</time></trkpt><trkpt lon="-3.74447" lat="53.10899"><ele>337.7</ele><time>2026-08-03T08:40:42.600Z</time></trkpt><trkpt lon="-3.74486" lat="53.10875"><ele>336.9</ele><time>2026-08-03T08:40:45.300Z</time></trkpt><trkpt lon="-3.74522" lat="53.10861"><ele>337.0</ele><time>2026-08-03T08:40:47.700Z</time></trkpt><trkpt lon="-3.74551" lat="53.10847"><ele>337.6</ele><time>2026-08-03T08:40:50.400Z</time></trkpt><trkpt lon="-3.74576" lat="53.10827"><ele>338.7</ele><time>2026-08-03T08:40:53.700Z</time></trkpt><trkpt lon="-3.74597" lat="53.108"><ele>340.2</ele><time>2026-08-03T08:40:58.000Z</time></trkpt><trkpt lon="-3.74611" lat="53.107755"><ele>340.9</ele><time>2026-08-03T08:41:00.900Z</time></trkpt><trkpt lon="-3.74625" lat="53.10751"><ele>340.0</ele><time>2026-08-03T08:41:02.900Z</time></trkpt><trkpt lon="-3.74645" lat="53.10726"><ele>338.0</ele><time>2026-08-03T08:41:04.800Z</time></trkpt><trkpt lon="-3.74669" lat="53.10699"><ele>336.6</ele><time>2026-08-03T08:41:07.000Z</time></trkpt><trkpt lon="-3.74683" lat="53.10681"><ele>336.1</ele><time>2026-08-03T08:41:08.600Z</time></trkpt><trkpt lon="-3.74701" lat="53.10641"><ele>333.3</ele><time>2026-08-03T08:41:11.400Z</time></trkpt><trkpt lon="-3.74715" lat="53.10629"><ele>331.8</ele><time>2026-08-03T08:41:12.400Z</time></trkpt><trkpt lon="-3.74741" lat="53.10614"><ele>329.1</ele><time>2026-08-03T08:41:14.000Z</time></trkpt><trkpt lon="-3.74776" lat="53.10588"><ele>324.2</ele><time>2026-08-03T08:41:16.500Z</time></trkpt><trkpt lon="-3.74796" lat="53.10579"><ele>322.3</ele><time>2026-08-03T08:41:17.600Z</time></trkpt><trkpt lon="-3.74819" lat="53.10576"><ele>320.8</ele><time>2026-08-03T08:41:18.600Z</time></trkpt><trkpt lon="-3.7484733" lat="53.10577"><ele>319.5</ele><time>2026-08-03T08:41:19.700Z</time></trkpt><trkpt lon="-3.74904" lat="53.10579"><ele>318.7</ele><time>2026-08-03T08:41:22.500Z</time></trkpt><trkpt lon="-3.74917" lat="53.10574"><ele>318.6</ele><time>2026-08-03T08:41:23.300Z</time></trkpt><trkpt lon="-3.74924" lat="53.10565"><ele>318.5</ele><time>2026-08-03T08:41:24.200Z</time></trkpt><trkpt lon="-3.749255" lat="53.105445"><ele>318.4</ele><time>2026-08-03T08:41:26.000Z</time></trkpt><trkpt lon="-3.74927" lat="53.10524"><ele>318.1</ele><time>2026-08-03T08:41:27.800Z</time></trkpt><trkpt lon="-3.749415" lat="53.10501"><ele>317.5</ele><time>2026-08-03T08:41:29.800Z</time></trkpt><trkpt lon="-3.74956" lat="53.10478"><ele>317.2</ele><time>2026-08-03T08:41:31.900Z</time></trkpt><trkpt lon="-3.74966" lat="53.10456"><ele>317.1</ele><time>2026-08-03T08:41:34.000Z</time></trkpt><trkpt lon="-3.74976" lat="53.10434"><ele>317.3</ele><time>2026-08-03T08:41:36.200Z</time></trkpt><trkpt lon="-3.74986" lat="53.10412"><ele>317.7</ele><time>2026-08-03T08:41:38.600Z</time></trkpt><trkpt lon="-3.74996" lat="53.1039"><ele>317.6</ele><time>2026-08-03T08:41:40.700Z</time></trkpt><trkpt lon="-3.7501633" lat="53.1037333"><ele>317.6</ele><time>2026-08-03T08:41:42.600Z</time></trkpt><trkpt lon="-3.7503667" lat="53.1035667"><ele>317.9</ele><time>2026-08-03T08:41:44.800Z</time></trkpt><trkpt lon="-3.75057" lat="53.1034"><ele>318.1</ele><time>2026-08-03T08:41:46.900Z</time></trkpt><trkpt lon="-3.75078" lat="53.10319"><ele>317.6</ele><time>2026-08-03T08:41:48.900Z</time></trkpt><trkpt lon="-3.75093" lat="53.102975"><ele>316.6</ele><time>2026-08-03T08:41:50.600Z</time></trkpt><trkpt lon="-3.75108" lat="53.10276"><ele>315.9</ele><time>2026-08-03T08:41:52.400Z</time></trkpt><trkpt lon="-3.751225" lat="53.10254"><ele>314.2</ele><time>2026-08-03T08:41:54.000Z</time></trkpt><trkpt lon="-3.75137" lat="53.10232"><ele>313.1</ele><time>2026-08-03T08:41:55.700Z</time></trkpt><trkpt lon="-3.75148" lat="53.1022"><ele>312.6</ele><time>2026-08-03T08:41:56.700Z</time></trkpt><trkpt lon="-3.75158" lat="53.10215"><ele>312.3</ele><time>2026-08-03T08:41:57.300Z</time></trkpt><trkpt lon="-3.75171" lat="53.10214"><ele>312.0</ele><time>2026-08-03T08:41:57.900Z</time></trkpt><trkpt lon="-3.75196" lat="53.10216"><ele>311.3</ele><time>2026-08-03T08:41:59.000Z</time></trkpt><trkpt lon="-3.75229" lat="53.1022"><ele>310.1</ele><time>2026-08-03T08:42:00.400Z</time></trkpt><trkpt lon="-3.7527" lat="53.1022"><ele>308.7</ele><time>2026-08-03T08:42:02.000Z</time></trkpt><trkpt lon="-3.75311" lat="53.10221"><ele>308.4</ele><time>2026-08-03T08:42:04.200Z</time></trkpt><trkpt lon="-3.75325" lat="53.102180064774"><ele>308.5</ele><time>2026-08-03T08:42:05.100Z</time></trkpt><trkpt lon="-3.75327" lat="53.10212"><ele>308.6</ele><time>2026-08-03T08:42:05.700Z</time></trkpt><trkpt lon="-3.75314" lat="53.10184"><ele>308.7</ele><time>2026-08-03T08:42:08.500Z</time></trkpt><trkpt lon="-3.75308" lat="53.10156"><ele>308.3</ele><time>2026-08-03T08:42:10.900Z</time></trkpt><trkpt lon="-3.75313" lat="53.1013"><ele>307.3</ele><time>2026-08-03T08:42:12.900Z</time></trkpt><trkpt lon="-3.75309" lat="53.10102"><ele>305.6</ele><time>2026-08-03T08:42:14.800Z</time></trkpt><trkpt lon="-3.75302" lat="53.10082"><ele>303.5</ele><time>2026-08-03T08:42:16.100Z</time></trkpt><trkpt lon="-3.75282" lat="53.10061"><ele>302.0</ele><time>2026-08-03T08:42:17.800Z</time></trkpt><trkpt lon="-3.75267" lat="53.10042"><ele>301.4</ele><time>2026-08-03T08:42:19.500Z</time></trkpt><trkpt lon="-3.75263" lat="53.10025"><ele>301.2</ele><time>2026-08-03T08:42:20.900Z</time></trkpt><trkpt lon="-3.75266" lat="53.10001"><ele>300.9</ele><time>2026-08-03T08:42:23.000Z</time></trkpt><trkpt lon="-3.75265" lat="53.09984"><ele>300.2</ele><time>2026-08-03T08:42:24.300Z</time></trkpt><trkpt lon="-3.75253" lat="53.09964"><ele>298.3</ele><time>2026-08-03T08:42:25.700Z</time></trkpt><trkpt lon="-3.75227" lat="53.0994"><ele>295.8</ele><time>2026-08-03T08:42:27.500Z</time></trkpt><trkpt lon="-3.75205" lat="53.09929"><ele>294.7</ele><time>2026-08-03T08:42:28.700Z</time></trkpt><trkpt lon="-3.75166" lat="53.09918"><ele>293.9</ele><time>2026-08-03T08:42:30.700Z</time></trkpt><trkpt lon="-3.75145" lat="53.09907"><ele>294.0</ele><time>2026-08-03T08:42:32.300Z</time></trkpt><trkpt lon="-3.75125" lat="53.098845"><ele>294.8</ele><time>2026-08-03T08:42:35.400Z</time></trkpt><trkpt lon="-3.75105" lat="53.09862"><ele>296.5</ele><time>2026-08-03T08:42:39.700Z</time></trkpt><trkpt lon="-3.75075" lat="53.09838"><ele>298.5</ele><time>2026-08-03T08:42:44.800Z</time></trkpt><trkpt lon="-3.75048" lat="53.0982325"><ele>299.3</ele><time>2026-08-03T08:42:47.400Z</time></trkpt><trkpt lon="-3.75021" lat="53.098085"><ele>299.6</ele><time>2026-08-03T08:42:49.700Z</time></trkpt><trkpt lon="-3.74994" lat="53.0979375"><ele>299.5</ele><time>2026-08-03T08:42:51.700Z</time></trkpt><trkpt lon="-3.74967" lat="53.09779"><ele>298.9</ele><time>2026-08-03T08:42:53.500Z</time></trkpt><trkpt lon="-3.74942" lat="53.09763"><ele>297.5</ele><time>2026-08-03T08:42:54.900Z</time></trkpt><trkpt lon="-3.749155" lat="53.09742"><ele>295.4</ele><time>2026-08-03T08:42:56.700Z</time></trkpt><trkpt lon="-3.74889" lat="53.09721"><ele>293.6</ele><time>2026-08-03T08:42:58.500Z</time></trkpt><trkpt lon="-3.74863" lat="53.097005065477"><ele>292.3</ele><time>2026-08-03T08:43:00.300Z</time></trkpt><trkpt lon="-3.74837" lat="53.0968"><ele>291.6</ele><time>2026-08-03T08:43:02.300Z</time></trkpt><trkpt lon="-3.7486633" lat="53.0967"><ele>292.1</ele><time>2026-08-03T08:43:04.600Z</time></trkpt><trkpt lon="-3.7489567" lat="53.0966"><ele>293.3</ele><time>2026-08-03T08:43:07.800Z</time></trkpt><trkpt lon="-3.74925" lat="53.0965"><ele>294.9</ele><time>2026-08-03T08:43:11.600Z</time></trkpt><trkpt lon="-3.7496933" lat="53.09653"><ele>296.5</ele><time>2026-08-03T08:43:15.900Z</time></trkpt><trkpt lon="-3.7501367" lat="53.09656"><ele>297.6</ele><time>2026-08-03T08:43:19.500Z</time></trkpt><trkpt lon="-3.75058" lat="53.09659"><ele>297.2</ele><time>2026-08-03T08:43:21.700Z</time></trkpt><trkpt lon="-3.75076" lat="53.09662"><ele>296.6</ele><time>2026-08-03T08:43:22.500Z</time></trkpt><trkpt lon="-3.75092" lat="53.09668"><ele>295.8</ele><time>2026-08-03T08:43:23.300Z</time></trkpt><trkpt lon="-3.75118" lat="53.0968433"><ele>294.1</ele><time>2026-08-03T08:43:24.800Z</time></trkpt><trkpt lon="-3.75144" lat="53.0970067"><ele>292.7</ele><time>2026-08-03T08:43:26.300Z</time></trkpt><trkpt lon="-3.7517" lat="53.09717"><ele>291.3</ele><time>2026-08-03T08:43:27.800Z</time></trkpt><trkpt lon="-3.75196" lat="53.0973333"><ele>290.2</ele><time>2026-08-03T08:43:29.400Z</time></trkpt><trkpt lon="-3.75222" lat="53.0974967"><ele>289.3</ele><time>2026-08-03T08:43:31.100Z</time></trkpt><trkpt lon="-3.75248" lat="53.09766"><ele>288.4</ele><time>2026-08-03T08:43:32.800Z</time></trkpt><trkpt lon="-3.75272" lat="53.09783"><ele>287.8</ele><time>2026-08-03T08:43:34.500Z</time></trkpt><trkpt lon="-3.75297" lat="53.09795"><ele>286.9</ele><time>2026-08-03T08:43:35.900Z</time></trkpt><trkpt lon="-3.75343" lat="53.09821"><ele>284.0</ele><time>2026-08-03T08:43:38.400Z</time></trkpt><trkpt lon="-3.75377" lat="53.09834"><ele>282.3</ele><time>2026-08-03T08:43:40.100Z</time></trkpt><trkpt lon="-3.754095" lat="53.09845"><ele>280.6</ele><time>2026-08-03T08:43:41.500Z</time></trkpt><trkpt lon="-3.75442" lat="53.09856"><ele>278.3</ele><time>2026-08-03T08:43:43.100Z</time></trkpt><trkpt lon="-3.75466" lat="53.09865"><ele>276.2</ele><time>2026-08-03T08:43:44.400Z</time></trkpt><trkpt lon="-3.75487" lat="53.09875"><ele>274.2</ele><time>2026-08-03T08:43:45.600Z</time></trkpt><trkpt lon="-3.75504" lat="53.09882"><ele>272.7</ele><time>2026-08-03T08:43:46.500Z</time></trkpt><trkpt lon="-3.75526" lat="53.09886"><ele>271.2</ele><time>2026-08-03T08:43:47.400Z</time></trkpt><trkpt lon="-3.75559" lat="53.09888"><ele>269.3</ele><time>2026-08-03T08:43:48.800Z</time></trkpt><trkpt lon="-3.75578" lat="53.09893"><ele>268.1</ele><time>2026-08-03T08:43:49.600Z</time></trkpt><trkpt lon="-3.7559" lat="53.09899"><ele>267.1</ele><time>2026-08-03T08:43:50.200Z</time></trkpt><trkpt lon="-3.75603" lat="53.09916"><ele>265.1</ele><time>2026-08-03T08:43:51.500Z</time></trkpt><trkpt lon="-3.75618" lat="53.09946"><ele>262.4</ele><time>2026-08-03T08:43:53.600Z</time></trkpt><trkpt lon="-3.75625" lat="53.09971"><ele>260.7</ele><time>2026-08-03T08:43:55.300Z</time></trkpt><trkpt lon="-3.756275" lat="53.09985"><ele>259.7</ele><time>2026-08-03T08:43:56.200Z</time></trkpt><trkpt lon="-3.7563" lat="53.09999"><ele>258.6</ele><time>2026-08-03T08:43:57.100Z</time></trkpt><trkpt lon="-3.75639" lat="53.1001"><ele>257.6</ele><time>2026-08-03T08:43:57.900Z</time></trkpt><trkpt lon="-3.75654" lat="53.10017"><ele>256.7</ele><time>2026-08-03T08:43:58.700Z</time></trkpt><trkpt lon="-3.75684" lat="53.10026"><ele>255.1</ele><time>2026-08-03T08:44:00.000Z</time></trkpt><trkpt lon="-3.757135" lat="53.100395"><ele>252.9</ele><time>2026-08-03T08:44:01.500Z</time></trkpt><trkpt lon="-3.75743" lat="53.10053"><ele>250.7</ele><time>2026-08-03T08:44:03.000Z</time></trkpt><trkpt lon="-3.7577133" lat="53.1007467"><ele>248.3</ele><time>2026-08-03T08:44:04.800Z</time></trkpt><trkpt lon="-3.7579967" lat="53.1009633"><ele>245.5</ele><time>2026-08-03T08:44:06.600Z</time></trkpt><trkpt lon="-3.75828" lat="53.10118"><ele>242.7</ele><time>2026-08-03T08:44:08.500Z</time></trkpt><trkpt lon="-3.75846" lat="53.1013967"><ele>240.4</ele><time>2026-08-03T08:44:10.000Z</time></trkpt><trkpt lon="-3.75864" lat="53.1016133"><ele>236.6</ele><time>2026-08-03T08:44:11.800Z</time></trkpt><trkpt lon="-3.75882" lat="53.10183"><ele>233.7</ele><time>2026-08-03T08:44:13.700Z</time></trkpt><trkpt lon="-3.7591" lat="53.10212"><ele>230.9</ele><time>2026-08-03T08:44:15.900Z</time></trkpt><trkpt lon="-3.75936" lat="53.10221"><ele>230.0</ele><time>2026-08-03T08:44:17.100Z</time></trkpt><trkpt lon="-3.75961" lat="53.10232"><ele>229.2</ele><time>2026-08-03T08:44:18.500Z</time></trkpt><trkpt lon="-3.75978" lat="53.10242"><ele>228.4</ele><time>2026-08-03T08:44:19.500Z</time></trkpt><trkpt lon="-3.76" lat="53.10265"><ele>226.3</ele><time>2026-08-03T08:44:21.200Z</time></trkpt><trkpt lon="-3.76012" lat="53.10291"><ele>224.4</ele><time>2026-08-03T08:44:23.000Z</time></trkpt><trkpt lon="-3.7601533" lat="53.10303"><ele>223.9</ele><time>2026-08-03T08:44:23.900Z</time></trkpt><trkpt lon="-3.76022" lat="53.10327"><ele>224.2</ele><time>2026-08-03T08:44:26.400Z</time></trkpt><trkpt lon="-3.76044" lat="53.10347"><ele>225.2</ele><time>2026-08-03T08:44:29.600Z</time></trkpt><trkpt lon="-3.76058" lat="53.10353"><ele>225.8</ele><time>2026-08-03T08:44:31.200Z</time></trkpt><trkpt lon="-3.76097" lat="53.103535"><ele>227.4</ele><time>2026-08-03T08:44:35.200Z</time></trkpt><trkpt lon="-3.76136" lat="53.10354"><ele>229.1</ele><time>2026-08-03T08:44:39.400Z</time></trkpt><trkpt lon="-3.7617025" lat="53.1036125"><ele>229.8</ele><time>2026-08-03T08:44:42.000Z</time></trkpt><trkpt lon="-3.762045" lat="53.103685"><ele>229.2</ele><time>2026-08-03T08:44:43.700Z</time></trkpt><trkpt lon="-3.7623875" lat="53.1037575"><ele>227.2</ele><time>2026-08-03T08:44:45.200Z</time></trkpt><trkpt lon="-3.76273" lat="53.10383"><ele>225.2</ele><time>2026-08-03T08:44:46.600Z</time></trkpt><trkpt lon="-3.76303" lat="53.10392"><ele>223.0</ele><time>2026-08-03T08:44:48.000Z</time></trkpt><trkpt lon="-3.7633533" lat="53.1040167"><ele>221.3</ele><time>2026-08-03T08:44:49.400Z</time></trkpt><trkpt lon="-3.764" lat="53.10421"><ele>215.7</ele><time>2026-08-03T08:44:52.700Z</time></trkpt><trkpt lon="-3.7642467" lat="53.1043733"><ele>213.2</ele><time>2026-08-03T08:44:54.300Z</time></trkpt><trkpt lon="-3.7644933" lat="53.1045367"><ele>210.7</ele><time>2026-08-03T08:44:55.900Z</time></trkpt><trkpt lon="-3.76474" lat="53.1047"><ele>208.1</ele><time>2026-08-03T08:44:57.600Z</time></trkpt><trkpt lon="-3.7649833" lat="53.10486"><ele>206.0</ele><time>2026-08-03T08:44:59.000Z</time></trkpt><trkpt lon="-3.7652266" lat="53.10502"><ele>204.4</ele><time>2026-08-03T08:45:00.400Z</time></trkpt><trkpt lon="-3.76547" lat="53.10518"><ele>202.8</ele><time>2026-08-03T08:45:01.900Z</time></trkpt><trkpt lon="-3.7657167" lat="53.1053433"><ele>201.4</ele><time>2026-08-03T08:45:03.400Z</time></trkpt><trkpt lon="-3.7659633" lat="53.1055067"><ele>199.4</ele><time>2026-08-03T08:45:04.800Z</time></trkpt><trkpt lon="-3.76621" lat="53.10567"><ele>197.4</ele><time>2026-08-03T08:45:06.300Z</time></trkpt><trkpt lon="-3.7663833" lat="53.10585"><ele>195.3</ele><time>2026-08-03T08:45:07.600Z</time></trkpt><trkpt lon="-3.76673" lat="53.10621"><ele>192.2</ele><time>2026-08-03T08:45:10.400Z</time></trkpt><trkpt lon="-3.7669067" lat="53.10643"><ele>190.7</ele><time>2026-08-03T08:45:12.100Z</time></trkpt><trkpt lon="-3.7670833" lat="53.10665"><ele>188.8</ele><time>2026-08-03T08:45:13.700Z</time></trkpt><trkpt lon="-3.76726" lat="53.10687"><ele>187.1</ele><time>2026-08-03T08:45:15.300Z</time></trkpt><trkpt lon="-3.76745" lat="53.10704"><ele>186.1</ele><time>2026-08-03T08:45:16.800Z</time></trkpt><trkpt lon="-3.76788" lat="53.10715"><ele>185.2</ele><time>2026-08-03T08:45:19.000Z</time></trkpt><trkpt lon="-3.76827" lat="53.10732"><ele>183.2</ele><time>2026-08-03T08:45:20.900Z</time></trkpt><trkpt lon="-3.768495" lat="53.107515"><ele>181.2</ele><time>2026-08-03T08:45:22.500Z</time></trkpt><trkpt lon="-3.76872" lat="53.10771"><ele>179.7</ele><time>2026-08-03T08:45:24.100Z</time></trkpt><trkpt lon="-3.76885" lat="53.10798"><ele>178.3</ele><time>2026-08-03T08:45:26.000Z</time></trkpt><trkpt lon="-3.7689" lat="53.10819"><ele>177.3</ele><time>2026-08-03T08:45:27.600Z</time></trkpt><trkpt lon="-3.769005" lat="53.10841"><ele>176.5</ele><time>2026-08-03T08:45:29.300Z</time></trkpt><trkpt lon="-3.76911" lat="53.10863"><ele>176.1</ele><time>2026-08-03T08:45:31.200Z</time></trkpt><trkpt lon="-3.76922" lat="53.1088167"><ele>175.4</ele><time>2026-08-03T08:45:32.700Z</time></trkpt><trkpt lon="-3.76944" lat="53.10919"><ele>173.3</ele><time>2026-08-03T08:45:35.500Z</time></trkpt><trkpt lon="-3.769485" lat="53.10941"><ele>172.2</ele><time>2026-08-03T08:45:37.100Z</time></trkpt><trkpt lon="-3.76953" lat="53.10963"><ele>171.3</ele><time>2026-08-03T08:45:38.700Z</time></trkpt><trkpt lon="-3.76955" lat="53.109845"><ele>170.4</ele><time>2026-08-03T08:45:40.200Z</time></trkpt><trkpt lon="-3.76957" lat="53.11006"><ele>169.1</ele><time>2026-08-03T08:45:41.700Z</time></trkpt><trkpt lon="-3.76967" lat="53.11043"><ele>165.1</ele><time>2026-08-03T08:45:44.300Z</time></trkpt><trkpt lon="-3.76986" lat="53.110665"><ele>161.0</ele><time>2026-08-03T08:45:46.300Z</time></trkpt><trkpt lon="-3.77005" lat="53.1109"><ele>156.6</ele><time>2026-08-03T08:45:48.200Z</time></trkpt><trkpt lon="-3.770235" lat="53.111135"><ele>152.7</ele><time>2026-08-03T08:45:50.200Z</time></trkpt><trkpt lon="-3.77042" lat="53.11137"><ele>149.4</ele><time>2026-08-03T08:45:52.100Z</time></trkpt><trkpt lon="-3.7705467" lat="53.1115467"><ele>147.3</ele><time>2026-08-03T08:45:53.500Z</time></trkpt><trkpt lon="-3.7708" lat="53.1119"><ele>143.9</ele><time>2026-08-03T08:45:56.000Z</time></trkpt><trkpt lon="-3.7709167" lat="53.1120933"><ele>142.5</ele><time>2026-08-03T08:45:57.400Z</time></trkpt><trkpt lon="-3.77115" lat="53.11248"><ele>139.4</ele><time>2026-08-03T08:46:00.100Z</time></trkpt><trkpt lon="-3.7712667" lat="53.1126733"><ele>137.8</ele><time>2026-08-03T08:46:01.500Z</time></trkpt><trkpt lon="-3.7715" lat="53.11306"><ele>135.3</ele><time>2026-08-03T08:46:04.300Z</time></trkpt><trkpt lon="-3.7717075" lat="53.113245"><ele>133.4</ele><time>2026-08-03T08:46:05.700Z</time></trkpt><trkpt lon="-3.771915" lat="53.11343"><ele>131.1</ele><time>2026-08-03T08:46:07.200Z</time></trkpt><trkpt lon="-3.7721225" lat="53.113615"><ele>128.3</ele><time>2026-08-03T08:46:08.900Z</time></trkpt><trkpt lon="-3.77233" lat="53.1138"><ele>125.5</ele><time>2026-08-03T08:46:10.600Z</time></trkpt><trkpt lon="-3.77258" lat="53.11412"><ele>121.5</ele><time>2026-08-03T08:46:13.200Z</time></trkpt><trkpt lon="-3.7727467" lat="53.1143633"><ele>119.2</ele><time>2026-08-03T08:46:14.900Z</time></trkpt><trkpt lon="-3.7729133" lat="53.1146067"><ele>118.2</ele><time>2026-08-03T08:46:16.900Z</time></trkpt><trkpt lon="-3.77308" lat="53.11485"><ele>117.7</ele><time>2026-08-03T08:46:19.100Z</time></trkpt><trkpt lon="-3.7731367" lat="53.1150967"><ele>117.3</ele><time>2026-08-03T08:46:21.200Z</time></trkpt><trkpt lon="-3.7731933" lat="53.1153433"><ele>116.9</ele><time>2026-08-03T08:46:23.300Z</time></trkpt><trkpt lon="-3.77325" lat="53.11559"><ele>116.2</ele><time>2026-08-03T08:46:25.300Z</time></trkpt><trkpt lon="-3.77325" lat="53.1157833"><ele>115.6</ele><time>2026-08-03T08:46:26.800Z</time></trkpt><trkpt lon="-3.77325" lat="53.11617"><ele>113.3</ele><time>2026-08-03T08:46:29.400Z</time></trkpt><trkpt lon="-3.7732533" lat="53.1163633"><ele>112.3</ele><time>2026-08-03T08:46:30.800Z</time></trkpt><trkpt lon="-3.77326" lat="53.11675"><ele>110.5</ele><time>2026-08-03T08:46:33.500Z</time></trkpt><trkpt lon="-3.77327" lat="53.11688"><ele>109.5</ele><time>2026-08-03T08:46:34.400Z</time></trkpt><trkpt lon="-3.7735" lat="53.11704"><ele>108.0</ele><time>2026-08-03T08:46:35.800Z</time></trkpt><trkpt lon="-3.77374" lat="53.11724"><ele>104.8</ele><time>2026-08-03T08:46:37.700Z</time></trkpt><trkpt lon="-3.7738167" lat="53.1174333"><ele>103.8</ele><time>2026-08-03T08:46:39.100Z</time></trkpt><trkpt lon="-3.77397" lat="53.11782"><ele>101.9</ele><time>2026-08-03T08:46:41.900Z</time></trkpt><trkpt lon="-3.7740467" lat="53.1180133"><ele>101.2</ele><time>2026-08-03T08:46:43.400Z</time></trkpt><trkpt lon="-3.7742" lat="53.1184"><ele>100.6</ele><time>2026-08-03T08:46:46.800Z</time></trkpt><trkpt lon="-3.7742867" lat="53.1186033"><ele>100.8</ele><time>2026-08-03T08:46:48.900Z</time></trkpt><trkpt lon="-3.7743733" lat="53.1188067"><ele>100.7</ele><time>2026-08-03T08:46:50.800Z</time></trkpt><trkpt lon="-3.77446" lat="53.11901"><ele>100.5</ele><time>2026-08-03T08:46:52.600Z</time></trkpt><trkpt lon="-3.77449" lat="53.11922"><ele>100.0</ele><time>2026-08-03T08:46:54.300Z</time></trkpt><trkpt lon="-3.77452" lat="53.11943"><ele>98.9</ele><time>2026-08-03T08:46:55.800Z</time></trkpt><trkpt lon="-3.77455" lat="53.11964"><ele>97.9</ele><time>2026-08-03T08:46:57.300Z</time></trkpt><trkpt lon="-3.7745833" lat="53.1198467"><ele>96.6</ele><time>2026-08-03T08:46:58.700Z</time></trkpt><trkpt lon="-3.77465" lat="53.12026"><ele>93.4</ele><time>2026-08-03T08:47:01.400Z</time></trkpt><trkpt lon="-3.7746833" lat="53.1205333"><ele>91.8</ele><time>2026-08-03T08:47:03.300Z</time></trkpt><trkpt lon="-3.7747167" lat="53.1208067"><ele>91.0</ele><time>2026-08-03T08:47:05.500Z</time></trkpt><trkpt lon="-3.77475" lat="53.12108"><ele>90.6</ele><time>2026-08-03T08:47:07.800Z</time></trkpt><trkpt lon="-3.7747833" lat="53.12135"><ele>89.5</ele><time>2026-08-03T08:47:09.800Z</time></trkpt><trkpt lon="-3.7748167" lat="53.12162"><ele>87.6</ele><time>2026-08-03T08:47:11.600Z</time></trkpt><trkpt lon="-3.77485" lat="53.12189"><ele>85.7</ele><time>2026-08-03T08:47:13.500Z</time></trkpt><trkpt lon="-3.7748733" lat="53.12211"><ele>84.5</ele><time>2026-08-03T08:47:15.000Z</time></trkpt><trkpt lon="-3.7748966" lat="53.12233"><ele>83.7</ele><time>2026-08-03T08:47:16.600Z</time></trkpt><trkpt lon="-3.77492" lat="53.12255"><ele>82.9</ele><time>2026-08-03T08:47:18.300Z</time></trkpt><trkpt lon="-3.7749467" lat="53.1227667"><ele>81.8</ele><time>2026-08-03T08:47:19.800Z</time></trkpt><trkpt lon="-3.7749733" lat="53.1229834"><ele>80.2</ele><time>2026-08-03T08:47:21.300Z</time></trkpt><trkpt lon="-3.775" lat="53.1232"><ele>78.7</ele><time>2026-08-03T08:47:22.700Z</time></trkpt><trkpt lon="-3.77505" lat="53.12336"><ele>77.4</ele><time>2026-08-03T08:47:23.800Z</time></trkpt><trkpt lon="-3.77532" lat="53.12375"><ele>73.3</ele><time>2026-08-03T08:47:26.600Z</time></trkpt><trkpt lon="-3.7754833" lat="53.1239533"><ele>71.3</ele><time>2026-08-03T08:47:28.100Z</time></trkpt><trkpt lon="-3.7756466" lat="53.1241567"><ele>69.7</ele><time>2026-08-03T08:47:29.600Z</time></trkpt><trkpt lon="-3.77581" lat="53.12436"><ele>68.3</ele><time>2026-08-03T08:47:31.100Z</time></trkpt><trkpt lon="-3.776045" lat="53.12454"><ele>67.7</ele><time>2026-08-03T08:47:33.000Z</time></trkpt><trkpt lon="-3.77628" lat="53.12472"><ele>67.6</ele><time>2026-08-03T08:47:35.000Z</time></trkpt><trkpt lon="-3.7764333" lat="53.12496"><ele>67.9</ele><time>2026-08-03T08:47:37.600Z</time></trkpt><trkpt lon="-3.7765867" lat="53.1252"><ele>68.0</ele><time>2026-08-03T08:47:40.100Z</time></trkpt><trkpt lon="-3.77674" lat="53.12544"><ele>67.7</ele><time>2026-08-03T08:47:42.300Z</time></trkpt><trkpt lon="-3.7769" lat="53.125665"><ele>67.0</ele><time>2026-08-03T08:47:44.200Z</time></trkpt><trkpt lon="-3.77706" lat="53.12589"><ele>65.9</ele><time>2026-08-03T08:47:46.000Z</time></trkpt><trkpt lon="-3.777215" lat="53.126115"><ele>65.1</ele><time>2026-08-03T08:47:47.900Z</time></trkpt><trkpt lon="-3.77737" lat="53.12634"><ele>64.4</ele><time>2026-08-03T08:47:49.800Z</time></trkpt><trkpt lon="-3.777585" lat="53.126565"><ele>63.6</ele><time>2026-08-03T08:47:51.900Z</time></trkpt><trkpt lon="-3.7778" lat="53.12679"><ele>62.7</ele><time>2026-08-03T08:47:53.800Z</time></trkpt><trkpt lon="-3.77801" lat="53.127015"><ele>61.4</ele><time>2026-08-03T08:47:55.700Z</time></trkpt><trkpt lon="-3.77822" lat="53.12724"><ele>59.9</ele><time>2026-08-03T08:47:57.400Z</time></trkpt><trkpt lon="-3.7783733" lat="53.1274433"><ele>58.5</ele><time>2026-08-03T08:47:58.900Z</time></trkpt><trkpt lon="-3.7785266" lat="53.1276467"><ele>57.3</ele><time>2026-08-03T08:48:00.500Z</time></trkpt><trkpt lon="-3.77868" lat="53.12785"><ele>56.1</ele><time>2026-08-03T08:48:02.000Z</time></trkpt><trkpt lon="-3.77886" lat="53.12813"><ele>55.1</ele><time>2026-08-03T08:48:04.300Z</time></trkpt><trkpt lon="-3.77897" lat="53.128345"><ele>54.5</ele><time>2026-08-03T08:48:06.100Z</time></trkpt><trkpt lon="-3.77908" lat="53.12856"><ele>53.9</ele><time>2026-08-03T08:48:07.900Z</time></trkpt><trkpt lon="-3.77915" lat="53.1287433"><ele>53.3</ele><time>2026-08-03T08:48:09.400Z</time></trkpt><trkpt lon="-3.77929" lat="53.12911"><ele>51.6</ele><time>2026-08-03T08:48:12.100Z</time></trkpt><trkpt lon="-3.7793567" lat="53.1292933"><ele>50.5</ele><time>2026-08-03T08:48:13.400Z</time></trkpt><trkpt lon="-3.77949" lat="53.12966"><ele>48.4</ele><time>2026-08-03T08:48:15.900Z</time></trkpt><trkpt lon="-3.77959" lat="53.12984"><ele>47.3</ele><time>2026-08-03T08:48:17.200Z</time></trkpt><trkpt lon="-3.77965" lat="53.12989"><ele>46.9</ele><time>2026-08-03T08:48:17.700Z</time></trkpt><trkpt lon="-3.7797" lat="53.12992"><ele>46.7</ele><time>2026-08-03T08:48:17.900Z</time></trkpt><trkpt lon="-3.78017" lat="53.13013"><ele>44.9</ele><time>2026-08-03T08:48:20.400Z</time></trkpt><trkpt lon="-3.78037" lat="53.13026"><ele>43.5</ele><time>2026-08-03T08:48:21.600Z</time></trkpt><trkpt lon="-3.78061" lat="53.13047"><ele>41.0</ele><time>2026-08-03T08:48:23.300Z</time></trkpt><trkpt lon="-3.78082" lat="53.13063"><ele>38.6</ele><time>2026-08-03T08:48:24.800Z</time></trkpt><trkpt lon="-3.78116" lat="53.13098"><ele>33.9</ele><time>2026-08-03T08:48:27.800Z</time></trkpt><trkpt lon="-3.78141" lat="53.131195"><ele>31.0</ele><time>2026-08-03T08:48:29.700Z</time></trkpt><trkpt lon="-3.78166" lat="53.13141"><ele>29.1</ele><time>2026-08-03T08:48:31.400Z</time></trkpt><trkpt lon="-3.78188" lat="53.13154"><ele>28.2</ele><time>2026-08-03T08:48:32.700Z</time></trkpt><trkpt lon="-3.7821367" lat="53.1316733"><ele>27.6</ele><time>2026-08-03T08:48:34.300Z</time></trkpt><trkpt lon="-3.78265" lat="53.13194"><ele>27.1</ele><time>2026-08-03T08:48:37.800Z</time></trkpt><trkpt lon="-3.78287" lat="53.13202"><ele>26.9</ele><time>2026-08-03T08:48:39.200Z</time></trkpt><trkpt lon="-3.78298" lat="53.13206"><ele>26.7</ele><time>2026-08-03T08:48:39.800Z</time></trkpt><trkpt lon="-3.7832867" lat="53.1321633"><ele>26.0</ele><time>2026-08-03T08:48:41.400Z</time></trkpt><trkpt lon="-3.7835933" lat="53.1322667"><ele>25.4</ele><time>2026-08-03T08:48:43.100Z</time></trkpt><trkpt lon="-3.7839" lat="53.13237"><ele>24.8</ele><time>2026-08-03T08:48:44.800Z</time></trkpt><trkpt lon="-3.7842067" lat="53.1324733"><ele>24.2</ele><time>2026-08-03T08:48:46.400Z</time></trkpt><trkpt lon="-3.7845133" lat="53.1325767"><ele>23.7</ele><time>2026-08-03T08:48:48.100Z</time></trkpt><trkpt lon="-3.78482" lat="53.13268"><ele>23.1</ele><time>2026-08-03T08:48:49.800Z</time></trkpt><trkpt lon="-3.78523" lat="53.13282"><ele>22.4</ele><time>2026-08-03T08:48:52.100Z</time></trkpt><trkpt lon="-3.7855425" lat="53.13293"><ele>21.9</ele><time>2026-08-03T08:48:53.900Z</time></trkpt><trkpt lon="-3.785855" lat="53.13304"><ele>21.5</ele><time>2026-08-03T08:48:55.700Z</time></trkpt><trkpt lon="-3.7861675" lat="53.13315"><ele>21.3</ele><time>2026-08-03T08:48:57.600Z</time></trkpt><trkpt lon="-3.78648" lat="53.13326"><ele>21.0</ele><time>2026-08-03T08:48:59.500Z</time></trkpt><trkpt lon="-3.7867925" lat="53.1333725"><ele>20.7</ele><time>2026-08-03T08:49:01.400Z</time></trkpt><trkpt lon="-3.787105" lat="53.133485"><ele>20.3</ele><time>2026-08-03T08:49:03.200Z</time></trkpt><trkpt lon="-3.7874175" lat="53.1335975"><ele>19.7</ele><time>2026-08-03T08:49:04.900Z</time></trkpt><trkpt lon="-3.78773" lat="53.13371"><ele>19.1</ele><time>2026-08-03T08:49:06.700Z</time></trkpt><trkpt lon="-3.78803" lat="53.1338125"><ele>18.8</ele><time>2026-08-03T08:49:08.400Z</time></trkpt><trkpt lon="-3.78833" lat="53.133915"><ele>18.5</ele><time>2026-08-03T08:49:10.200Z</time></trkpt><trkpt lon="-3.78863" lat="53.1340175"><ele>18.0</ele><time>2026-08-03T08:49:11.900Z</time></trkpt><trkpt lon="-3.78893" lat="53.13412"><ele>17.6</ele><time>2026-08-03T08:49:13.600Z</time></trkpt><trkpt lon="-3.7892325" lat="53.13422"><ele>17.2</ele><time>2026-08-03T08:49:15.300Z</time></trkpt><trkpt lon="-3.789535" lat="53.13432"><ele>16.8</ele><time>2026-08-03T08:49:17.100Z</time></trkpt><trkpt lon="-3.7898375" lat="53.13442"><ele>16.4</ele><time>2026-08-03T08:49:18.800Z</time></trkpt><trkpt lon="-3.79014" lat="53.13452"><ele>16.0</ele><time>2026-08-03T08:49:20.500Z</time></trkpt><trkpt lon="-3.7904633" lat="53.1346367"><ele>15.6</ele><time>2026-08-03T08:49:22.400Z</time></trkpt><trkpt lon="-3.7907867" lat="53.1347533"><ele>15.2</ele><time>2026-08-03T08:49:24.300Z</time></trkpt><trkpt lon="-3.79111" lat="53.13487"><ele>14.9</ele><time>2026-08-03T08:49:26.300Z</time></trkpt><trkpt lon="-3.7914333" lat="53.1349833"><ele>14.7</ele><time>2026-08-03T08:49:28.300Z</time></trkpt><trkpt lon="-3.7917567" lat="53.1350967"><ele>14.6</ele><time>2026-08-03T08:49:30.300Z</time></trkpt><trkpt lon="-3.79208" lat="53.13521"><ele>14.7</ele><time>2026-08-03T08:49:32.500Z</time></trkpt><trkpt lon="-3.79218" lat="53.13525"><ele>14.8</ele><time>2026-08-03T08:49:33.200Z</time></trkpt><trkpt lon="-3.792525" lat="53.135365"><ele>15.0</ele><time>2026-08-03T08:49:35.600Z</time></trkpt><trkpt lon="-3.79287" lat="53.13548"><ele>15.5</ele><time>2026-08-03T08:49:38.100Z</time></trkpt><trkpt lon="-3.79298" lat="53.1354"><ele>15.6</ele><time>2026-08-03T08:49:39.100Z</time></trkpt><trkpt lon="-3.79309" lat="53.13544"><ele>15.6</ele><time>2026-08-03T08:49:39.900Z</time></trkpt><trkpt lon="-3.793375" lat="53.135525"><ele>16.0</ele><time>2026-08-03T08:49:42.000Z</time></trkpt><trkpt lon="-3.79366" lat="53.13561"><ele>16.5</ele><time>2026-08-03T08:49:44.100Z</time></trkpt><trkpt lon="-3.7939" lat="53.13571"><ele>16.5</ele><time>2026-08-03T08:49:45.800Z</time></trkpt><trkpt lon="-3.79423" lat="53.13587"><ele>15.9</ele><time>2026-08-03T08:49:47.800Z</time></trkpt><trkpt lon="-3.79443" lat="53.136"><ele>15.2</ele><time>2026-08-03T08:49:49.200Z</time></trkpt><trkpt lon="-3.79482" lat="53.13628"><ele>13.7</ele><time>2026-08-03T08:49:51.800Z</time></trkpt><trkpt lon="-3.7951" lat="53.13645"><ele>12.9</ele><time>2026-08-03T08:49:53.700Z</time></trkpt><trkpt lon="-3.79552" lat="53.13661"><ele>12.2</ele><time>2026-08-03T08:49:56.100Z</time></trkpt><trkpt lon="-3.7958433" lat="53.1367"><ele>11.8</ele><time>2026-08-03T08:49:57.900Z</time></trkpt><trkpt lon="-3.7961666" lat="53.13679"><ele>11.7</ele><time>2026-08-03T08:49:59.800Z</time></trkpt><trkpt lon="-3.79649" lat="53.13688"><ele>11.5</ele><time>2026-08-03T08:50:01.700Z</time></trkpt><trkpt lon="-3.7968" lat="53.13702"><ele>11.7</ele><time>2026-08-03T08:50:04.100Z</time></trkpt><trkpt lon="-3.79713" lat="53.1372"><ele>12.4</ele><time>2026-08-03T08:50:07.100Z</time></trkpt><trkpt lon="-3.79731" lat="53.13728"><ele>12.8</ele><time>2026-08-03T08:50:08.700Z</time></trkpt><trkpt lon="-3.79738" lat="53.13721"><ele>13.2</ele><time>2026-08-03T08:50:09.800Z</time></trkpt><trkpt lon="-3.79755" lat="53.13705"><ele>13.8</ele><time>2026-08-03T08:50:12.100Z</time></trkpt><trkpt lon="-3.79789" lat="53.13673"><ele>12.8</ele><time>2026-08-03T08:50:15.100Z</time></trkpt><trkpt lon="-3.79815" lat="53.136575"><ele>12.3</ele><time>2026-08-03T08:50:16.900Z</time></trkpt><trkpt lon="-3.79841" lat="53.13642"><ele>11.9</ele><time>2026-08-03T08:50:18.700Z</time></trkpt><trkpt lon="-3.79867" lat="53.136265"><ele>11.8</ele><time>2026-08-03T08:50:20.700Z</time></trkpt><trkpt lon="-3.79893" lat="53.13611"><ele>11.6</ele><time>2026-08-03T08:50:22.700Z</time></trkpt><trkpt lon="-3.79919" lat="53.135955"><ele>11.6</ele><time>2026-08-03T08:50:24.700Z</time></trkpt><trkpt lon="-3.79945" lat="53.1358"><ele>11.6</ele><time>2026-08-03T08:50:26.800Z</time></trkpt><trkpt lon="-3.79971" lat="53.135645"><ele>11.6</ele><time>2026-08-03T08:50:28.800Z</time></trkpt><trkpt lon="-3.79997" lat="53.13549"><ele>11.7</ele><time>2026-08-03T08:50:30.800Z</time></trkpt><trkpt lon="-3.8002275" lat="53.1353325"><ele>11.7</ele><time>2026-08-03T08:50:32.900Z</time></trkpt><trkpt lon="-3.800485" lat="53.135175"><ele>11.7</ele><time>2026-08-03T08:50:35.000Z</time></trkpt><trkpt lon="-3.8007425" lat="53.1350175"><ele>11.6</ele><time>2026-08-03T08:50:37.000Z</time></trkpt><trkpt lon="-3.801" lat="53.13486"><ele>11.6</ele><time>2026-08-03T08:50:39.000Z</time></trkpt><trkpt lon="-3.80126" lat="53.134705"><ele>11.5</ele><time>2026-08-03T08:50:41.000Z</time></trkpt><trkpt lon="-3.80152" lat="53.13455"><ele>11.4</ele><time>2026-08-03T08:50:43.000Z</time></trkpt><trkpt lon="-3.80178" lat="53.134395"><ele>11.5</ele><time>2026-08-03T08:50:45.100Z</time></trkpt><trkpt lon="-3.80204" lat="53.13424"><ele>11.6</ele><time>2026-08-03T08:50:47.200Z</time></trkpt><trkpt lon="-3.8023" lat="53.1340825"><ele>11.7</ele><time>2026-08-03T08:50:49.300Z</time></trkpt><trkpt lon="-3.80256" lat="53.133925"><ele>11.7</ele><time>2026-08-03T08:50:51.400Z</time></trkpt><trkpt lon="-3.80282" lat="53.1337675"><ele>11.9</ele><time>2026-08-03T08:50:53.600Z</time></trkpt><trkpt lon="-3.80308" lat="53.13361"><ele>12.0</ele><time>2026-08-03T08:50:55.800Z</time></trkpt><trkpt lon="-3.80336" lat="53.133475"><ele>12.4</ele><time>2026-08-03T08:50:58.100Z</time></trkpt><trkpt lon="-3.80364" lat="53.13334"><ele>13.3</ele><time>2026-08-03T08:51:00.800Z</time></trkpt><trkpt lon="-3.80383" lat="53.13327"><ele>14.0</ele><time>2026-08-03T08:51:02.800Z</time></trkpt><trkpt lon="-3.80406" lat="53.13322"><ele>14.7</ele><time>2026-08-03T08:51:04.900Z</time></trkpt><trkpt lon="-3.80432" lat="53.13318"><ele>14.7</ele><time>2026-08-03T08:51:06.400Z</time></trkpt><trkpt lon="-3.80456" lat="53.13317"><ele>14.8</ele><time>2026-08-03T08:51:07.800Z</time></trkpt><trkpt lon="-3.80494" lat="53.13317"><ele>14.9</ele><time>2026-08-03T08:51:10.000Z</time></trkpt><trkpt lon="-3.8052367" lat="53.1331933"><ele>15.1</ele><time>2026-08-03T08:51:11.800Z</time></trkpt><trkpt lon="-3.80583" lat="53.13324"><ele>15.6</ele><time>2026-08-03T08:51:15.600Z</time></trkpt><trkpt lon="-3.80635" lat="53.1333"><ele>16.1</ele><time>2026-08-03T08:51:18.900Z</time></trkpt><trkpt lon="-3.80668" lat="53.133345"><ele>16.4</ele><time>2026-08-03T08:51:21.000Z</time></trkpt><trkpt lon="-3.80701" lat="53.13339"><ele>16.6</ele><time>2026-08-03T08:51:23.100Z</time></trkpt><trkpt lon="-3.8073167" lat="53.1334967"><ele>16.5</ele><time>2026-08-03T08:51:25.000Z</time></trkpt><trkpt lon="-3.8076233" lat="53.1336034"><ele>16.5</ele><time>2026-08-03T08:51:26.900Z</time></trkpt><trkpt lon="-3.80793" lat="53.13371"><ele>16.4</ele><time>2026-08-03T08:51:28.900Z</time></trkpt><trkpt lon="-3.80822" lat="53.13387"><ele>16.3</ele><time>2026-08-03T08:51:31.000Z</time></trkpt><trkpt lon="-3.80858" lat="53.1341"><ele>15.7</ele><time>2026-08-03T08:51:33.600Z</time></trkpt><trkpt lon="-3.8087767" lat="53.13429"><ele>15.1</ele><time>2026-08-03T08:51:35.400Z</time></trkpt><trkpt lon="-3.8089733" lat="53.13448"><ele>14.2</ele><time>2026-08-03T08:51:37.100Z</time></trkpt><trkpt lon="-3.80917" lat="53.13467"><ele>13.3</ele><time>2026-08-03T08:51:38.800Z</time></trkpt><trkpt lon="-3.80934" lat="53.13489"><ele>12.8</ele><time>2026-08-03T08:51:40.800Z</time></trkpt><trkpt lon="-3.80949" lat="53.13515"><ele>12.5</ele><time>2026-08-03T08:51:43.200Z</time></trkpt><trkpt lon="-3.80959" lat="53.13539"><ele>12.6</ele><time>2026-08-03T08:51:45.500Z</time></trkpt><trkpt lon="-3.8096833" lat="53.1355567"><ele>12.7</ele><time>2026-08-03T08:51:47.200Z</time></trkpt><trkpt lon="-3.80987" lat="53.13589"><ele>12.9</ele><time>2026-08-03T08:51:50.600Z</time></trkpt><trkpt lon="-3.810015" lat="53.13609"><ele>13.0</ele><time>2026-08-03T08:51:52.700Z</time></trkpt><trkpt lon="-3.81016" lat="53.13629"><ele>13.1</ele><time>2026-08-03T08:51:54.900Z</time></trkpt><trkpt lon="-3.81025" lat="53.13639"><ele>13.3</ele><time>2026-08-03T08:51:56.100Z</time></trkpt><trkpt lon="-3.81037" lat="53.13647"><ele>13.5</ele><time>2026-08-03T08:51:57.200Z</time></trkpt><trkpt lon="-3.81057" lat="53.13658"><ele>13.7</ele><time>2026-08-03T08:51:58.800Z</time></trkpt><trkpt lon="-3.81082" lat="53.13667"><ele>13.5</ele><time>2026-08-03T08:52:00.400Z</time></trkpt><trkpt lon="-3.8111" lat="53.13673"><ele>13.4</ele><time>2026-08-03T08:52:02.000Z</time></trkpt><trkpt lon="-3.81139" lat="53.13678"><ele>13.1</ele><time>2026-08-03T08:52:03.500Z</time></trkpt><trkpt lon="-3.8117" lat="53.13686"><ele>12.8</ele><time>2026-08-03T08:52:05.300Z</time></trkpt><trkpt lon="-3.81194" lat="53.13695"><ele>12.6</ele><time>2026-08-03T08:52:06.700Z</time></trkpt><trkpt lon="-3.812155" lat="53.137085"><ele>12.0</ele><time>2026-08-03T08:52:08.200Z</time></trkpt><trkpt lon="-3.81237" lat="53.13722"><ele>11.5</ele><time>2026-08-03T08:52:09.700Z</time></trkpt><trkpt lon="-3.8128" lat="53.13749"><ele>11.2</ele><time>2026-08-03T08:52:13.000Z</time></trkpt><trkpt lon="-3.8130867" lat="53.1376733"><ele>11.4</ele><time>2026-08-03T08:52:15.500Z</time></trkpt><trkpt lon="-3.8133733" lat="53.1378567"><ele>11.8</ele><time>2026-08-03T08:52:18.100Z</time></trkpt><trkpt lon="-3.81366" lat="53.13804"><ele>12.6</ele><time>2026-08-03T08:52:21.200Z</time></trkpt><trkpt lon="-3.8139133" lat="53.1381867"><ele>13.4</ele><time>2026-08-03T08:52:23.800Z</time></trkpt><trkpt lon="-3.8141667" lat="53.1383333"><ele>13.8</ele><time>2026-08-03T08:52:26.100Z</time></trkpt><trkpt lon="-3.81442" lat="53.13848"><ele>13.5</ele><time>2026-08-03T08:52:27.900Z</time></trkpt><trkpt lon="-3.8146733" lat="53.1386167"><ele>13.1</ele><time>2026-08-03T08:52:29.600Z</time></trkpt><trkpt lon="-3.8149267" lat="53.1387533"><ele>12.7</ele><time>2026-08-03T08:52:31.300Z</time></trkpt><trkpt lon="-3.81518" lat="53.13889"><ele>12.4</ele><time>2026-08-03T08:52:33.000Z</time></trkpt><trkpt lon="-3.81535" lat="53.13905"><ele>12.1</ele><time>2026-08-03T08:52:34.600Z</time></trkpt><trkpt lon="-3.815475" lat="53.13923"><ele>11.8</ele><time>2026-08-03T08:52:36.300Z</time></trkpt><trkpt lon="-3.8156" lat="53.13941"><ele>11.7</ele><time>2026-08-03T08:52:38.100Z</time></trkpt><trkpt lon="-3.81573" lat="53.13965"><ele>11.8</ele><time>2026-08-03T08:52:40.500Z</time></trkpt><trkpt lon="-3.81585" lat="53.13981"><ele>11.9</ele><time>2026-08-03T08:52:42.200Z</time></trkpt><trkpt lon="-3.816125" lat="53.139955"><ele>11.8</ele><time>2026-08-03T08:52:44.100Z</time></trkpt><trkpt lon="-3.8164" lat="53.1401"><ele>11.7</ele><time>2026-08-03T08:52:46.100Z</time></trkpt><trkpt lon="-3.8166467" lat="53.1402"><ele>11.6</ele><time>2026-08-03T08:52:47.700Z</time></trkpt><trkpt lon="-3.81714" lat="53.1404"><ele>11.3</ele><time>2026-08-03T08:52:50.900Z</time></trkpt><trkpt lon="-3.817525" lat="53.14053"><ele>10.9</ele><time>2026-08-03T08:52:53.200Z</time></trkpt><trkpt lon="-3.81791" lat="53.14066"><ele>10.8</ele><time>2026-08-03T08:52:55.600Z</time></trkpt><trkpt lon="-3.81818" lat="53.1407325"><ele>10.9</ele><time>2026-08-03T08:52:57.300Z</time></trkpt><trkpt lon="-3.81845" lat="53.140805"><ele>11.1</ele><time>2026-08-03T08:52:59.100Z</time></trkpt><trkpt lon="-3.81899" lat="53.14095"><ele>11.4</ele><time>2026-08-03T08:53:02.600Z</time></trkpt><trkpt lon="-3.81916" lat="53.14108"><ele>11.7</ele><time>2026-08-03T08:53:04.400Z</time></trkpt><trkpt lon="-3.81933" lat="53.14125"><ele>11.8</ele><time>2026-08-03T08:53:06.300Z</time></trkpt><trkpt lon="-3.81944" lat="53.14148"><ele>11.6</ele><time>2026-08-03T08:53:08.400Z</time></trkpt><trkpt lon="-3.81949" lat="53.14177"><ele>11.2</ele><time>2026-08-03T08:53:11.000Z</time></trkpt><trkpt lon="-3.8194867" lat="53.1419833"><ele>11.0</ele><time>2026-08-03T08:53:12.800Z</time></trkpt><trkpt lon="-3.8194834" lat="53.1421967"><ele>11.1</ele><time>2026-08-03T08:53:14.900Z</time></trkpt><trkpt lon="-3.81948" lat="53.14241"><ele>11.3</ele><time>2026-08-03T08:53:17.000Z</time></trkpt><trkpt lon="-3.81949" lat="53.142645"><ele>11.5</ele><time>2026-08-03T08:53:19.400Z</time></trkpt><trkpt lon="-3.8195" lat="53.14288"><ele>11.6</ele><time>2026-08-03T08:53:21.600Z</time></trkpt><trkpt lon="-3.81947" lat="53.14324"><ele>11.4</ele><time>2026-08-03T08:53:24.900Z</time></trkpt><trkpt lon="-3.81949" lat="53.14351"><ele>11.1</ele><time>2026-08-03T08:53:27.200Z</time></trkpt><trkpt lon="-3.81954" lat="53.1437133"><ele>11.0</ele><time>2026-08-03T08:53:29.100Z</time></trkpt><trkpt lon="-3.81959" lat="53.1439167"><ele>11.0</ele><time>2026-08-03T08:53:31.000Z</time></trkpt><trkpt lon="-3.81964" lat="53.14412"><ele>10.9</ele><time>2026-08-03T08:53:32.800Z</time></trkpt><trkpt lon="-3.8197" lat="53.14427"><ele>10.9</ele><time>2026-08-03T08:53:34.300Z</time></trkpt><trkpt lon="-3.81981" lat="53.14442"><ele>10.8</ele><time>2026-08-03T08:53:35.800Z</time></trkpt><trkpt lon="-3.81997" lat="53.14457"><ele>10.8</ele><time>2026-08-03T08:53:37.400Z</time></trkpt><trkpt lon="-3.82029" lat="53.14487"><ele>10.6</ele><time>2026-08-03T08:53:40.600Z</time></trkpt><trkpt lon="-3.8204433" lat="53.1450733"><ele>10.4</ele><time>2026-08-03T08:53:42.600Z</time></trkpt><trkpt lon="-3.8205967" lat="53.1452767"><ele>10.3</ele><time>2026-08-03T08:53:44.600Z</time></trkpt><trkpt lon="-3.82075" lat="53.14548"><ele>10.4</ele><time>2026-08-03T08:53:46.700Z</time></trkpt><trkpt lon="-3.8208633" lat="53.1456667"><ele>10.4</ele><time>2026-08-03T08:53:48.600Z</time></trkpt><trkpt lon="-3.82109" lat="53.14604"><ele>10.5</ele><time>2026-08-03T08:53:52.300Z</time></trkpt><trkpt lon="-3.82119" lat="53.14612"><ele>10.6</ele><time>2026-08-03T08:53:53.300Z</time></trkpt><trkpt lon="-3.8213" lat="53.14619"><ele>10.7</ele><time>2026-08-03T08:53:54.300Z</time></trkpt><trkpt lon="-3.82164" lat="53.14633"><ele>11.0</ele><time>2026-08-03T08:53:56.800Z</time></trkpt><trkpt lon="-3.82196" lat="53.14645"><ele>12.1</ele><time>2026-08-03T08:54:00.100Z</time></trkpt><trkpt lon="-3.82204" lat="53.14648"><ele>12.3</ele><time>2026-08-03T08:54:00.800Z</time></trkpt><trkpt lon="-3.8224" lat="53.14657"><ele>12.6</ele><time>2026-08-03T08:54:03.200Z</time></trkpt><trkpt lon="-3.82266" lat="53.14666"><ele>12.5</ele><time>2026-08-03T08:54:04.800Z</time></trkpt><trkpt lon="-3.82289" lat="53.14676"><ele>12.4</ele><time>2026-08-03T08:54:06.400Z</time></trkpt><trkpt lon="-3.8231" lat="53.14692"><ele>12.5</ele><time>2026-08-03T08:54:08.300Z</time></trkpt><trkpt lon="-3.8232567" lat="53.1471033"><ele>12.6</ele><time>2026-08-03T08:54:10.300Z</time></trkpt><trkpt lon="-3.8234133" lat="53.1472867"><ele>13.3</ele><time>2026-08-03T08:54:12.800Z</time></trkpt><trkpt lon="-3.82357" lat="53.14747"><ele>14.0</ele><time>2026-08-03T08:54:15.400Z</time></trkpt><trkpt lon="-3.82368" lat="53.14762"><ele>14.8</ele><time>2026-08-03T08:54:17.700Z</time></trkpt><trkpt lon="-3.8239" lat="53.14792"><ele>16.5</ele><time>2026-08-03T08:54:22.400Z</time></trkpt><trkpt lon="-3.82406" lat="53.14814"><ele>17.3</ele><time>2026-08-03T08:54:25.400Z</time></trkpt><trkpt lon="-3.82422" lat="53.14836"><ele>18.1</ele><time>2026-08-03T08:54:28.300Z</time></trkpt><trkpt lon="-3.82431" lat="53.14862"><ele>18.7</ele><time>2026-08-03T08:54:31.200Z</time></trkpt><trkpt lon="-3.8244" lat="53.14888"><ele>18.1</ele><time>2026-08-03T08:54:33.400Z</time></trkpt><trkpt lon="-3.82449" lat="53.14914"><ele>16.6</ele><time>2026-08-03T08:54:35.200Z</time></trkpt><trkpt lon="-3.8244875" lat="53.1493575"><ele>15.5</ele><time>2026-08-03T08:54:36.700Z</time></trkpt><trkpt lon="-3.824485" lat="53.149575"><ele>14.2</ele><time>2026-08-03T08:54:38.200Z</time></trkpt><trkpt lon="-3.8244825" lat="53.1497925"><ele>13.7</ele><time>2026-08-03T08:54:40.000Z</time></trkpt><trkpt lon="-3.82448" lat="53.15001"><ele>13.4</ele><time>2026-08-03T08:54:41.800Z</time></trkpt><trkpt lon="-3.824475" lat="53.1502275"><ele>13.5</ele><time>2026-08-03T08:54:44.000Z</time></trkpt><trkpt lon="-3.82447" lat="53.150445"><ele>13.8</ele><time>2026-08-03T08:54:46.200Z</time></trkpt><trkpt lon="-3.824465" lat="53.1506625"><ele>13.9</ele><time>2026-08-03T08:54:48.300Z</time></trkpt><trkpt lon="-3.82446" lat="53.15088"><ele>14.1</ele><time>2026-08-03T08:54:50.500Z</time></trkpt><trkpt lon="-3.82447" lat="53.15115"><ele>14.9</ele><time>2026-08-03T08:54:53.600Z</time></trkpt><trkpt lon="-3.82449" lat="53.15128"><ele>15.2</ele><time>2026-08-03T08:54:55.100Z</time></trkpt><trkpt lon="-3.82452" lat="53.15166"><ele>15.2</ele><time>2026-08-03T08:54:58.600Z</time></trkpt><trkpt lon="-3.82445" lat="53.15187"><ele>14.7</ele><time>2026-08-03T08:55:00.400Z</time></trkpt><trkpt lon="-3.82433" lat="53.15208"><ele>13.7</ele><time>2026-08-03T08:55:02.000Z</time></trkpt><trkpt lon="-3.8241833" lat="53.1522933"><ele>12.3</ele><time>2026-08-03T08:55:03.500Z</time></trkpt><trkpt lon="-3.8240367" lat="53.1525067"><ele>11.2</ele><time>2026-08-03T08:55:05.200Z</time></trkpt><trkpt lon="-3.82389" lat="53.15272"><ele>10.7</ele><time>2026-08-03T08:55:07.100Z</time></trkpt><trkpt lon="-3.82388" lat="53.1528"><ele>10.6</ele><time>2026-08-03T08:55:07.800Z</time></trkpt><trkpt lon="-3.82389" lat="53.15288"><ele>10.6</ele><time>2026-08-03T08:55:08.500Z</time></trkpt><trkpt lon="-3.82406" lat="53.153065"><ele>10.5</ele><time>2026-08-03T08:55:10.400Z</time></trkpt><trkpt lon="-3.82423" lat="53.15325"><ele>10.4</ele><time>2026-08-03T08:55:12.300Z</time></trkpt><trkpt lon="-3.82446" lat="53.15355"><ele>10.3</ele><time>2026-08-03T08:55:15.300Z</time></trkpt><trkpt lon="-3.8246" lat="53.15371"><ele>10.2</ele><time>2026-08-03T08:55:17.000Z</time></trkpt><trkpt lon="-3.82488" lat="53.15403"><ele>10.1</ele><time>2026-08-03T08:55:20.300Z</time></trkpt><trkpt lon="-3.82494" lat="53.15414"><ele>10.1</ele><time>2026-08-03T08:55:21.400Z</time></trkpt><trkpt lon="-3.82503" lat="53.15438"><ele>10.2</ele><time>2026-08-03T08:55:23.700Z</time></trkpt><trkpt lon="-3.8250533" lat="53.1545933"><ele>10.4</ele><time>2026-08-03T08:55:25.900Z</time></trkpt><trkpt lon="-3.8250766" lat="53.1548067"><ele>10.6</ele><time>2026-08-03T08:55:28.000Z</time></trkpt><trkpt lon="-3.8251" lat="53.15502"><ele>10.7</ele><time>2026-08-03T08:55:30.000Z</time></trkpt><trkpt lon="-3.8251233" lat="53.1552333"><ele>10.8</ele><time>2026-08-03T08:55:32.100Z</time></trkpt><trkpt lon="-3.8251467" lat="53.1554467"><ele>11.1</ele><time>2026-08-03T08:55:34.300Z</time></trkpt><trkpt lon="-3.82517" lat="53.15566"><ele>11.2</ele><time>2026-08-03T08:55:36.400Z</time></trkpt><trkpt lon="-3.8251933" lat="53.15587"><ele>11.3</ele><time>2026-08-03T08:55:38.400Z</time></trkpt><trkpt lon="-3.8252166" lat="53.15608"><ele>11.3</ele><time>2026-08-03T08:55:40.400Z</time></trkpt><trkpt lon="-3.82524" lat="53.15629"><ele>11.4</ele><time>2026-08-03T08:55:42.400Z</time></trkpt><trkpt lon="-3.8252733" lat="53.1564833"><ele>11.4</ele><time>2026-08-03T08:55:44.200Z</time></trkpt><trkpt lon="-3.82534" lat="53.15687"><ele>11.8</ele><time>2026-08-03T08:55:48.100Z</time></trkpt><trkpt lon="-3.82537" lat="53.1570633"><ele>12.2</ele><time>2026-08-03T08:55:50.200Z</time></trkpt><trkpt lon="-3.8254" lat="53.1572567"><ele>12.5</ele><time>2026-08-03T08:55:52.300Z</time></trkpt><trkpt lon="-3.82543" lat="53.15745"><ele>13.1</ele><time>2026-08-03T08:55:54.600Z</time></trkpt><trkpt lon="-3.82542" lat="53.15772"><ele>14.3</ele><time>2026-08-03T08:55:58.300Z</time></trkpt><trkpt lon="-3.82526" lat="53.15789"><ele>14.9</ele><time>2026-08-03T08:56:00.500Z</time></trkpt><trkpt lon="-3.82522" lat="53.15797"><ele>15.0</ele><time>2026-08-03T08:56:01.400Z</time></trkpt><trkpt lon="-3.82505" lat="53.1582"><ele>15.5</ele><time>2026-08-03T08:56:04.100Z</time></trkpt><trkpt lon="-3.82488" lat="53.15843"><ele>15.6</ele><time>2026-08-03T08:56:06.500Z</time></trkpt><trkpt lon="-3.82479" lat="53.1588"><ele>15.4</ele><time>2026-08-03T08:56:09.900Z</time></trkpt><trkpt lon="-3.8248033" lat="53.1590633"><ele>14.8</ele><time>2026-08-03T08:56:12.000Z</time></trkpt><trkpt lon="-3.8248167" lat="53.1593267"><ele>14.1</ele><time>2026-08-03T08:56:14.200Z</time></trkpt><trkpt lon="-3.82483" lat="53.15959"><ele>13.8</ele><time>2026-08-03T08:56:16.400Z</time></trkpt><trkpt lon="-3.824765" lat="53.1598"><ele>13.6</ele><time>2026-08-03T08:56:18.300Z</time></trkpt><trkpt lon="-3.8247" lat="53.16001"><ele>13.3</ele><time>2026-08-03T08:56:20.200Z</time></trkpt><trkpt lon="-3.824765" lat="53.160235"><ele>13.1</ele><time>2026-08-03T08:56:22.200Z</time></trkpt><trkpt lon="-3.82483" lat="53.16046"><ele>13.0</ele><time>2026-08-03T08:56:24.200Z</time></trkpt><trkpt lon="-3.8247567" lat="53.1606467"><ele>12.8</ele><time>2026-08-03T08:56:25.900Z</time></trkpt><trkpt lon="-3.82461" lat="53.16102"><ele>12.6</ele><time>2026-08-03T08:56:29.400Z</time></trkpt><trkpt lon="-3.8245067" lat="53.16127"><ele>12.2</ele><time>2026-08-03T08:56:31.600Z</time></trkpt><trkpt lon="-3.8244033" lat="53.16152"><ele>11.9</ele><time>2026-08-03T08:56:33.800Z</time></trkpt><trkpt lon="-3.8243" lat="53.16177"><ele>11.7</ele><time>2026-08-03T08:56:36.100Z</time></trkpt><trkpt lon="-3.8244" lat="53.16203"><ele>11.2</ele><time>2026-08-03T08:56:38.300Z</time></trkpt><trkpt lon="-3.824675" lat="53.162215"><ele>10.8</ele><time>2026-08-03T08:56:40.400Z</time></trkpt><trkpt lon="-3.82495" lat="53.1624"><ele>10.7</ele><time>2026-08-03T08:56:42.700Z</time></trkpt><trkpt lon="-3.82511" lat="53.1624967"><ele>10.8</ele><time>2026-08-03T08:56:44.000Z</time></trkpt><trkpt lon="-3.82543" lat="53.16269"><ele>10.6</ele><time>2026-08-03T08:56:46.400Z</time></trkpt><trkpt lon="-3.825685" lat="53.162835"><ele>10.5</ele><time>2026-08-03T08:56:48.300Z</time></trkpt><trkpt lon="-3.82594" lat="53.16298"><ele>10.3</ele><time>2026-08-03T08:56:50.200Z</time></trkpt><trkpt lon="-3.82625" lat="53.1633"><ele>10.6</ele><time>2026-08-03T08:56:53.800Z</time></trkpt><trkpt lon="-3.82631" lat="53.16347"><ele>10.7</ele><time>2026-08-03T08:56:55.500Z</time></trkpt><trkpt lon="-3.8263367" lat="53.1637167"><ele>10.8</ele><time>2026-08-03T08:56:57.900Z</time></trkpt><trkpt lon="-3.8263633" lat="53.1639633"><ele>11.0</ele><time>2026-08-03T08:57:00.300Z</time></trkpt><trkpt lon="-3.82639" lat="53.16421"><ele>11.1</ele><time>2026-08-03T08:57:02.700Z</time></trkpt><trkpt lon="-3.82636" lat="53.1644"><ele>11.0</ele><time>2026-08-03T08:57:04.400Z</time></trkpt><trkpt lon="-3.82633" lat="53.16459"><ele>11.0</ele><time>2026-08-03T08:57:06.200Z</time></trkpt><trkpt lon="-3.82627" lat="53.16497"><ele>10.9</ele><time>2026-08-03T08:57:09.700Z</time></trkpt><trkpt lon="-3.8262067" lat="53.1651967"><ele>10.8</ele><time>2026-08-03T08:57:11.800Z</time></trkpt><trkpt lon="-3.8261433" lat="53.1654233"><ele>10.8</ele><time>2026-08-03T08:57:13.900Z</time></trkpt><trkpt lon="-3.82608" lat="53.16565"><ele>10.8</ele><time>2026-08-03T08:57:16.000Z</time></trkpt><trkpt lon="-3.8261033" lat="53.1659133"><ele>11.8</ele><time>2026-08-03T08:57:19.300Z</time></trkpt><trkpt lon="-3.8261267" lat="53.1661767"><ele>13.7</ele><time>2026-08-03T08:57:24.000Z</time></trkpt><trkpt lon="-3.82615" lat="53.16644"><ele>15.2</ele><time>2026-08-03T08:57:28.100Z</time></trkpt><trkpt lon="-3.8261767" lat="53.1667033"><ele>14.9</ele><time>2026-08-03T08:57:30.400Z</time></trkpt><trkpt lon="-3.8262033" lat="53.1669667"><ele>12.5</ele><time>2026-08-03T08:57:32.100Z</time></trkpt><trkpt lon="-3.82623" lat="53.16723"><ele>10.7</ele><time>2026-08-03T08:57:33.900Z</time></trkpt><trkpt lon="-3.8263" lat="53.167455"><ele>10.1</ele><time>2026-08-03T08:57:35.800Z</time></trkpt><trkpt lon="-3.82637" lat="53.16768"><ele>10.0</ele><time>2026-08-03T08:57:37.800Z</time></trkpt><trkpt lon="-3.82642" lat="53.16779"><ele>10.1</ele><time>2026-08-03T08:57:38.900Z</time></trkpt><trkpt lon="-3.8265" lat="53.16788"><ele>10.1</ele><time>2026-08-03T08:57:39.900Z</time></trkpt><trkpt lon="-3.82666" lat="53.16802"><ele>10.4</ele><time>2026-08-03T08:57:41.700Z</time></trkpt><trkpt lon="-3.82688" lat="53.16817"><ele>10.5</ele><time>2026-08-03T08:57:43.700Z</time></trkpt><trkpt lon="-3.82708" lat="53.16837"><ele>11.0</ele><time>2026-08-03T08:57:46.200Z</time></trkpt><trkpt lon="-3.82722" lat="53.16862"><ele>11.8</ele><time>2026-08-03T08:57:49.300Z</time></trkpt><trkpt lon="-3.82728" lat="53.16882"><ele>12.0</ele><time>2026-08-03T08:57:51.400Z</time></trkpt><trkpt lon="-3.82734" lat="53.16902"><ele>12.3</ele><time>2026-08-03T08:57:53.500Z</time></trkpt><trkpt lon="-3.82736" lat="53.16921"><ele>12.5</ele><time>2026-08-03T08:57:55.400Z</time></trkpt><trkpt lon="-3.82735" lat="53.16939"><ele>12.4</ele><time>2026-08-03T08:57:57.000Z</time></trkpt><trkpt lon="-3.82736" lat="53.1695"><ele>12.4</ele><time>2026-08-03T08:57:58.000Z</time></trkpt><trkpt lon="-3.8274" lat="53.16959"><ele>12.2</ele><time>2026-08-03T08:57:58.800Z</time></trkpt><trkpt lon="-3.82748" lat="53.16969"><ele>11.9</ele><time>2026-08-03T08:57:59.700Z</time></trkpt><trkpt lon="-3.82767" lat="53.16985"><ele>11.4</ele><time>2026-08-03T08:58:01.300Z</time></trkpt><trkpt lon="-3.827885" lat="53.16999"><ele>11.1</ele><time>2026-08-03T08:58:02.900Z</time></trkpt><trkpt lon="-3.8281" lat="53.17013"><ele>11.2</ele><time>2026-08-03T08:58:04.700Z</time></trkpt><trkpt lon="-3.82853" lat="53.17041"><ele>11.5</ele><time>2026-08-03T08:58:08.500Z</time></trkpt><trkpt lon="-3.8286867" lat="53.1705967"><ele>12.1</ele><time>2026-08-03T08:58:10.900Z</time></trkpt><trkpt lon="-3.8288433" lat="53.1707834"><ele>12.5</ele><time>2026-08-03T08:58:13.200Z</time></trkpt><trkpt lon="-3.829" lat="53.17097"><ele>12.9</ele><time>2026-08-03T08:58:15.400Z</time></trkpt><trkpt lon="-3.82923" lat="53.17128"><ele>12.3</ele><time>2026-08-03T08:58:18.300Z</time></trkpt><trkpt lon="-3.82932" lat="53.17147"><ele>12.1</ele><time>2026-08-03T08:58:20.000Z</time></trkpt><trkpt lon="-3.8294333" lat="53.17167"><ele>11.6</ele><time>2026-08-03T08:58:21.700Z</time></trkpt><trkpt lon="-3.8295466" lat="53.17187"><ele>11.4</ele><time>2026-08-03T08:58:23.500Z</time></trkpt><trkpt lon="-3.82966" lat="53.17207"><ele>11.3</ele><time>2026-08-03T08:58:25.500Z</time></trkpt><trkpt lon="-3.8297567" lat="53.1722633"><ele>11.7</ele><time>2026-08-03T08:58:27.600Z</time></trkpt><trkpt lon="-3.8298533" lat="53.1724567"><ele>11.9</ele><time>2026-08-03T08:58:29.700Z</time></trkpt><trkpt lon="-3.82995" lat="53.17265"><ele>12.1</ele><time>2026-08-03T08:58:31.700Z</time></trkpt><trkpt lon="-3.8300033" lat="53.1728167"><ele>12.0</ele><time>2026-08-03T08:58:33.300Z</time></trkpt><trkpt lon="-3.83011" lat="53.17315"><ele>12.4</ele><time>2026-08-03T08:58:36.700Z</time></trkpt><trkpt lon="-3.8301667" lat="53.1733133"><ele>12.9</ele><time>2026-08-03T08:58:38.600Z</time></trkpt><trkpt lon="-3.83028" lat="53.17364"><ele>13.5</ele><time>2026-08-03T08:58:42.200Z</time></trkpt><trkpt lon="-3.83032" lat="53.17384"><ele>13.6</ele><time>2026-08-03T08:58:44.100Z</time></trkpt><trkpt lon="-3.83035" lat="53.17402"><ele>13.5</ele><time>2026-08-03T08:58:45.800Z</time></trkpt><trkpt lon="-3.83032" lat="53.17423"><ele>13.3</ele><time>2026-08-03T08:58:47.700Z</time></trkpt><trkpt lon="-3.83032" lat="53.1744"><ele>12.9</ele><time>2026-08-03T08:58:49.000Z</time></trkpt><trkpt lon="-3.83034" lat="53.17456"><ele>12.4</ele><time>2026-08-03T08:58:50.300Z</time></trkpt><trkpt lon="-3.83039" lat="53.1748"><ele>12.0</ele><time>2026-08-03T08:58:52.300Z</time></trkpt><trkpt lon="-3.8304667" lat="53.1750133"><ele>11.9</ele><time>2026-08-03T08:58:54.300Z</time></trkpt><trkpt lon="-3.8305433" lat="53.1752267"><ele>11.9</ele><time>2026-08-03T08:58:56.300Z</time></trkpt><trkpt lon="-3.83062" lat="53.17544"><ele>12.0</ele><time>2026-08-03T08:58:58.400Z</time></trkpt><trkpt lon="-3.83065" lat="53.17561"><ele>11.9</ele><time>2026-08-03T08:58:59.900Z</time></trkpt><trkpt lon="-3.83071" lat="53.17579"><ele>11.8</ele><time>2026-08-03T08:59:01.600Z</time></trkpt><trkpt lon="-3.83081" lat="53.17601"><ele>11.7</ele><time>2026-08-03T08:59:03.600Z</time></trkpt><trkpt lon="-3.83091" lat="53.17623"><ele>11.5</ele><time>2026-08-03T08:59:05.700Z</time></trkpt><trkpt lon="-3.83106" lat="53.17648"><ele>11.1</ele><time>2026-08-03T08:59:07.900Z</time></trkpt><trkpt lon="-3.83121" lat="53.17673"><ele>10.5</ele><time>2026-08-03T08:59:10.100Z</time></trkpt><trkpt lon="-3.83136" lat="53.17698"><ele>9.6</ele><time>2026-08-03T08:59:12.200Z</time></trkpt><trkpt lon="-3.83148" lat="53.17714"><ele>9.3</ele><time>2026-08-03T08:59:13.600Z</time></trkpt><trkpt lon="-3.83162" lat="53.17725"><ele>9.2</ele><time>2026-08-03T08:59:14.900Z</time></trkpt><trkpt lon="-3.8318467" lat="53.17738"><ele>9.1</ele><time>2026-08-03T08:59:16.600Z</time></trkpt><trkpt lon="-3.8323" lat="53.17764"><ele>9.4</ele><time>2026-08-03T08:59:20.300Z</time></trkpt><trkpt lon="-3.83242" lat="53.17773"><ele>9.6</ele><time>2026-08-03T08:59:21.500Z</time></trkpt><trkpt lon="-3.8325" lat="53.17782"><ele>9.7</ele><time>2026-08-03T08:59:22.500Z</time></trkpt><trkpt lon="-3.8326367" lat="53.17803"><ele>9.9</ele><time>2026-08-03T08:59:24.800Z</time></trkpt><trkpt lon="-3.8327733" lat="53.17824"><ele>10.3</ele><time>2026-08-03T08:59:27.100Z</time></trkpt><trkpt lon="-3.83291" lat="53.17845"><ele>10.6</ele><time>2026-08-03T08:59:29.500Z</time></trkpt><trkpt lon="-3.83307" lat="53.17865"><ele>10.8</ele><time>2026-08-03T08:59:31.700Z</time></trkpt><trkpt lon="-3.83331" lat="53.17884"><ele>10.9</ele><time>2026-08-03T08:59:34.000Z</time></trkpt><trkpt lon="-3.83344" lat="53.17894"><ele>11.1</ele><time>2026-08-03T08:59:35.400Z</time></trkpt><trkpt lon="-3.8336467" lat="53.17903"><ele>11.4</ele><time>2026-08-03T08:59:37.000Z</time></trkpt><trkpt lon="-3.83406" lat="53.17921"><ele>11.8</ele><time>2026-08-03T08:59:40.100Z</time></trkpt><trkpt lon="-3.834345" lat="53.179315"><ele>11.8</ele><time>2026-08-03T08:59:42.000Z</time></trkpt><trkpt lon="-3.83463" lat="53.17942"><ele>11.8</ele><time>2026-08-03T08:59:43.900Z</time></trkpt><trkpt lon="-3.83506" lat="53.17957"><ele>11.7</ele><time>2026-08-03T08:59:46.600Z</time></trkpt><trkpt lon="-3.83546" lat="53.1797"><ele>11.7</ele><time>2026-08-03T08:59:49.100Z</time></trkpt><trkpt lon="-3.835745" lat="53.17981"><ele>11.6</ele><time>2026-08-03T08:59:50.900Z</time></trkpt><trkpt lon="-3.83603" lat="53.17992"><ele>11.5</ele><time>2026-08-03T08:59:52.800Z</time></trkpt><trkpt lon="-3.83625" lat="53.1801"><ele>11.4</ele><time>2026-08-03T08:59:54.800Z</time></trkpt><trkpt lon="-3.8365" lat="53.18034"><ele>11.3</ele><time>2026-08-03T08:59:57.400Z</time></trkpt><trkpt lon="-3.83669" lat="53.18059"><ele>11.3</ele><time>2026-08-03T08:59:59.900Z</time></trkpt><trkpt lon="-3.8369" lat="53.18095"><ele>11.4</ele><time>2026-08-03T09:00:03.500Z</time></trkpt><trkpt lon="-3.83698" lat="53.18113"><ele>11.4</ele><time>2026-08-03T09:00:05.200Z</time></trkpt><trkpt lon="-3.8370575" lat="53.18134"><ele>11.3</ele><time>2026-08-03T09:00:07.200Z</time></trkpt><trkpt lon="-3.837135" lat="53.18155"><ele>11.3</ele><time>2026-08-03T09:00:09.200Z</time></trkpt><trkpt lon="-3.8372125" lat="53.18176"><ele>11.1</ele><time>2026-08-03T09:00:11.100Z</time></trkpt><trkpt lon="-3.83729" lat="53.18197"><ele>11.0</ele><time>2026-08-03T09:00:13.000Z</time></trkpt><trkpt lon="-3.83749" lat="53.18225"><ele>10.8</ele><time>2026-08-03T09:00:15.700Z</time></trkpt><trkpt lon="-3.837675" lat="53.182455"><ele>11.0</ele><time>2026-08-03T09:00:18.000Z</time></trkpt><trkpt lon="-3.83786" lat="53.18266"><ele>11.1</ele><time>2026-08-03T09:00:20.300Z</time></trkpt><trkpt lon="-3.83812" lat="53.18295"><ele>11.2</ele><time>2026-08-03T09:00:23.400Z</time></trkpt><trkpt lon="-3.8383" lat="53.18311"><ele>11.3</ele><time>2026-08-03T09:00:25.300Z</time></trkpt><trkpt lon="-3.83848" lat="53.18327"><ele>11.8</ele><time>2026-08-03T09:00:27.400Z</time></trkpt><trkpt lon="-3.83866" lat="53.18343"><ele>12.2</ele><time>2026-08-03T09:00:29.600Z</time></trkpt><trkpt lon="-3.8388433" lat="53.1835867"><ele>12.8</ele><time>2026-08-03T09:00:31.800Z</time></trkpt><trkpt lon="-3.8390267" lat="53.1837433"><ele>13.5</ele><time>2026-08-03T09:00:34.200Z</time></trkpt><trkpt lon="-3.83921" lat="53.1839"><ele>14.3</ele><time>2026-08-03T09:00:36.700Z</time></trkpt><trkpt lon="-3.83942" lat="53.1840675"><ele>15.2</ele><time>2026-08-03T09:00:39.600Z</time></trkpt><trkpt lon="-3.83963" lat="53.184235"><ele>16.2</ele><time>2026-08-03T09:00:42.500Z</time></trkpt><trkpt lon="-3.83984" lat="53.184402578941"><ele>17.0</ele><time>2026-08-03T09:00:45.200Z</time></trkpt><trkpt lon="-3.84005" lat="53.18457"><ele>17.9</ele><time>2026-08-03T09:00:48.000Z</time></trkpt><trkpt lon="-3.8402" lat="53.18475"><ele>18.7</ele><time>2026-08-03T09:00:50.600Z</time></trkpt><trkpt lon="-3.84035" lat="53.18493"><ele>19.6</ele><time>2026-08-03T09:00:53.300Z</time></trkpt><trkpt lon="-3.84048" lat="53.18513"><ele>20.5</ele><time>2026-08-03T09:00:56.100Z</time></trkpt><trkpt lon="-3.84061" lat="53.18533"><ele>21.4</ele><time>2026-08-03T09:00:58.900Z</time></trkpt><trkpt lon="-3.84074" lat="53.18553"><ele>22.1</ele><time>2026-08-03T09:01:01.500Z</time></trkpt><trkpt lon="-3.8408667" lat="53.18573"><ele>22.4</ele><time>2026-08-03T09:01:03.700Z</time></trkpt><trkpt lon="-3.8409933" lat="53.18593"><ele>22.5</ele><time>2026-08-03T09:01:05.900Z</time></trkpt><trkpt lon="-3.84112" lat="53.18613"><ele>22.7</ele><time>2026-08-03T09:01:08.000Z</time></trkpt><trkpt lon="-3.8412525" lat="53.1863325"><ele>22.8</ele><time>2026-08-03T09:01:10.000Z</time></trkpt><trkpt lon="-3.841385" lat="53.186535"><ele>22.7</ele><time>2026-08-03T09:01:12.000Z</time></trkpt><trkpt lon="-3.8415175" lat="53.1867375"><ele>22.6</ele><time>2026-08-03T09:01:14.000Z</time></trkpt><trkpt lon="-3.84165" lat="53.18694"><ele>22.5</ele><time>2026-08-03T09:01:15.900Z</time></trkpt><trkpt lon="-3.8417825" lat="53.1871425"><ele>22.1</ele><time>2026-08-03T09:01:17.800Z</time></trkpt><trkpt lon="-3.841915" lat="53.187345"><ele>21.7</ele><time>2026-08-03T09:01:19.600Z</time></trkpt><trkpt lon="-3.8420475" lat="53.1875475"><ele>21.1</ele><time>2026-08-03T09:01:21.300Z</time></trkpt><trkpt lon="-3.84218" lat="53.18775"><ele>20.6</ele><time>2026-08-03T09:01:23.100Z</time></trkpt><trkpt lon="-3.8423125" lat="53.1879525"><ele>20.1</ele><time>2026-08-03T09:01:24.900Z</time></trkpt><trkpt lon="-3.842445" lat="53.188155"><ele>19.7</ele><time>2026-08-03T09:01:26.700Z</time></trkpt><trkpt lon="-3.8425775" lat="53.1883575"><ele>19.2</ele><time>2026-08-03T09:01:28.400Z</time></trkpt><trkpt lon="-3.84271" lat="53.18856"><ele>18.6</ele><time>2026-08-03T09:01:30.200Z</time></trkpt><trkpt lon="-3.8428333" lat="53.1887833"><ele>18.3</ele><time>2026-08-03T09:01:32.200Z</time></trkpt><trkpt lon="-3.8429567" lat="53.1890067"><ele>17.1</ele><time>2026-08-03T09:01:33.900Z</time></trkpt><trkpt lon="-3.84308" lat="53.18923"><ele>15.4</ele><time>2026-08-03T09:01:35.400Z</time></trkpt><trkpt lon="-3.84317" lat="53.1894375"><ele>13.9</ele><time>2026-08-03T09:01:36.900Z</time></trkpt><trkpt lon="-3.84326" lat="53.189645"><ele>13.0</ele><time>2026-08-03T09:01:38.500Z</time></trkpt><trkpt lon="-3.84335" lat="53.1898525"><ele>13.1</ele><time>2026-08-03T09:01:40.500Z</time></trkpt><trkpt lon="-3.84344" lat="53.19006"><ele>13.2</ele><time>2026-08-03T09:01:42.600Z</time></trkpt><trkpt lon="-3.84346" lat="53.1902467"><ele>13.4</ele><time>2026-08-03T09:01:44.500Z</time></trkpt><trkpt lon="-3.8435" lat="53.19062"><ele>13.9</ele><time>2026-08-03T09:01:48.400Z</time></trkpt><trkpt lon="-3.8435233" lat="53.1908067"><ele>14.2</ele><time>2026-08-03T09:01:50.300Z</time></trkpt><trkpt lon="-3.84357" lat="53.19118"><ele>15.1</ele><time>2026-08-03T09:01:54.500Z</time></trkpt><trkpt lon="-3.84359" lat="53.1914"><ele>15.8</ele><time>2026-08-03T09:01:57.100Z</time></trkpt><trkpt lon="-3.84361" lat="53.19162"><ele>16.5</ele><time>2026-08-03T09:01:59.700Z</time></trkpt><trkpt lon="-3.84363" lat="53.19184"><ele>17.0</ele><time>2026-08-03T09:02:02.200Z</time></trkpt><trkpt lon="-3.84365" lat="53.19206"><ele>17.4</ele><time>2026-08-03T09:02:04.500Z</time></trkpt><trkpt lon="-3.84367" lat="53.19228"><ele>17.6</ele><time>2026-08-03T09:02:06.700Z</time></trkpt><trkpt lon="-3.84369" lat="53.1925"><ele>17.8</ele><time>2026-08-03T09:02:08.900Z</time></trkpt><trkpt lon="-3.8437167" lat="53.1927367"><ele>17.9</ele><time>2026-08-03T09:02:11.200Z</time></trkpt><trkpt lon="-3.8437433" lat="53.1929733"><ele>18.0</ele><time>2026-08-03T09:02:13.500Z</time></trkpt><trkpt lon="-3.84377" lat="53.19321"><ele>17.9</ele><time>2026-08-03T09:02:15.600Z</time></trkpt><trkpt lon="-3.8437825" lat="53.1934075"><ele>17.8</ele><time>2026-08-03T09:02:17.400Z</time></trkpt><trkpt lon="-3.843795" lat="53.193605"><ele>17.7</ele><time>2026-08-03T09:02:19.200Z</time></trkpt><trkpt lon="-3.84382" lat="53.194"><ele>17.9</ele><time>2026-08-03T09:02:23.000Z</time></trkpt><trkpt lon="-3.843835" lat="53.1941975"><ele>18.0</ele><time>2026-08-03T09:02:25.000Z</time></trkpt><trkpt lon="-3.84385" lat="53.194395"><ele>18.5</ele><time>2026-08-03T09:02:27.200Z</time></trkpt><trkpt lon="-3.843865" lat="53.1945925"><ele>19.1</ele><time>2026-08-03T09:02:29.500Z</time></trkpt><trkpt lon="-3.84388" lat="53.19479"><ele>19.7</ele><time>2026-08-03T09:02:31.900Z</time></trkpt><trkpt lon="-3.8439" lat="53.1949733"><ele>20.6</ele><time>2026-08-03T09:02:34.400Z</time></trkpt><trkpt lon="-3.84392" lat="53.1951567"><ele>21.6</ele><time>2026-08-03T09:02:37.100Z</time></trkpt><trkpt lon="-3.84394" lat="53.19534"><ele>22.5</ele><time>2026-08-03T09:02:39.900Z</time></trkpt><trkpt lon="-3.84396" lat="53.1955233"><ele>23.8</ele><time>2026-08-03T09:02:43.100Z</time></trkpt><trkpt lon="-3.84398" lat="53.1957067"><ele>25.1</ele><time>2026-08-03T09:02:46.300Z</time></trkpt><trkpt lon="-3.844" lat="53.19589"><ele>26.4</ele><time>2026-08-03T09:02:49.400Z</time></trkpt><trkpt lon="-3.84406" lat="53.19608"><ele>27.5</ele><time>2026-08-03T09:02:52.400Z</time></trkpt><trkpt lon="-3.84412" lat="53.19627"><ele>28.2</ele><time>2026-08-03T09:02:54.800Z</time></trkpt><trkpt lon="-3.8442" lat="53.19646"><ele>28.7</ele><time>2026-08-03T09:02:57.100Z</time></trkpt><trkpt lon="-3.84428" lat="53.19665"><ele>29.2</ele><time>2026-08-03T09:02:59.300Z</time></trkpt><trkpt lon="-3.84446" lat="53.1968833"><ele>29.7</ele><time>2026-08-03T09:03:02.000Z</time></trkpt><trkpt lon="-3.84464" lat="53.1971167"><ele>30.0</ele><time>2026-08-03T09:03:04.700Z</time></trkpt><trkpt lon="-3.84482" lat="53.19735"><ele>30.2</ele><time>2026-08-03T09:03:07.200Z</time></trkpt><trkpt lon="-3.84493" lat="53.19754"><ele>30.3</ele><time>2026-08-03T09:03:09.200Z</time></trkpt><trkpt lon="-3.84501" lat="53.19774"><ele>30.2</ele><time>2026-08-03T09:03:11.000Z</time></trkpt><trkpt lon="-3.84507" lat="53.19792"><ele>30.0</ele><time>2026-08-03T09:03:12.600Z</time></trkpt><trkpt lon="-3.84519" lat="53.19828"><ele>29.4</ele><time>2026-08-03T09:03:15.700Z</time></trkpt><trkpt lon="-3.845295" lat="53.1985"><ele>28.7</ele><time>2026-08-03T09:03:17.500Z</time></trkpt><trkpt lon="-3.8454" lat="53.19872"><ele>28.1</ele><time>2026-08-03T09:03:19.400Z</time></trkpt><trkpt lon="-3.84556" lat="53.198955"><ele>27.3</ele><time>2026-08-03T09:03:21.300Z</time></trkpt><trkpt lon="-3.84572" lat="53.19919"><ele>26.3</ele><time>2026-08-03T09:03:23.200Z</time></trkpt><trkpt lon="-3.846" lat="53.19952"><ele>25.0</ele><time>2026-08-03T09:03:26.000Z</time></trkpt><trkpt lon="-3.8462033" lat="53.19967"><ele>24.7</ele><time>2026-08-03T09:03:27.700Z</time></trkpt><trkpt lon="-3.84661" lat="53.19997"><ele>24.2</ele><time>2026-08-03T09:03:31.000Z</time></trkpt><trkpt lon="-3.84683" lat="53.20017"><ele>24.1</ele><time>2026-08-03T09:03:33.200Z</time></trkpt><trkpt lon="-3.847005" lat="53.200355"><ele>23.7</ele><time>2026-08-03T09:03:35.000Z</time></trkpt><trkpt lon="-3.84718" lat="53.20054"><ele>23.1</ele><time>2026-08-03T09:03:36.700Z</time></trkpt><trkpt lon="-3.847355" lat="53.200725"><ele>22.4</ele><time>2026-08-03T09:03:38.300Z</time></trkpt><trkpt lon="-3.84753" lat="53.20091"><ele>21.7</ele><time>2026-08-03T09:03:40.000Z</time></trkpt><trkpt lon="-3.84769" lat="53.20111"><ele>21.4</ele><time>2026-08-03T09:03:41.900Z</time></trkpt><trkpt lon="-3.84777" lat="53.20124"><ele>21.3</ele><time>2026-08-03T09:03:43.100Z</time></trkpt><trkpt lon="-3.84783" lat="53.20138"><ele>21.4</ele><time>2026-08-03T09:03:44.500Z</time></trkpt><trkpt lon="-3.84783" lat="53.20158"><ele>21.8</ele><time>2026-08-03T09:03:46.700Z</time></trkpt><trkpt lon="-3.84777" lat="53.20182"><ele>22.2</ele><time>2026-08-03T09:03:49.200Z</time></trkpt><trkpt lon="-3.84767" lat="53.20206"><ele>22.4</ele><time>2026-08-03T09:03:51.700Z</time></trkpt><trkpt lon="-3.84769" lat="53.20242"><ele>22.9</ele><time>2026-08-03T09:03:55.400Z</time></trkpt><trkpt lon="-3.84771" lat="53.20251"><ele>22.9</ele><time>2026-08-03T09:03:56.300Z</time></trkpt><trkpt lon="-3.84773" lat="53.20258"><ele>23.0</ele><time>2026-08-03T09:03:57.000Z</time></trkpt><trkpt lon="-3.84774" lat="53.20266"><ele>23.0</ele><time>2026-08-03T09:03:57.700Z</time></trkpt><trkpt lon="-3.84774" lat="53.20279"><ele>22.9</ele><time>2026-08-03T09:03:58.900Z</time></trkpt><trkpt lon="-3.84767" lat="53.20305"><ele>22.8</ele><time>2026-08-03T09:04:01.300Z</time></trkpt><trkpt lon="-3.84756" lat="53.20329"><ele>22.7</ele><time>2026-08-03T09:04:03.500Z</time></trkpt><trkpt lon="-3.84745" lat="53.20353"><ele>22.4</ele><time>2026-08-03T09:04:05.700Z</time></trkpt><trkpt lon="-3.847345" lat="53.20377"><ele>21.7</ele><time>2026-08-03T09:04:07.700Z</time></trkpt><trkpt lon="-3.84724" lat="53.20401"><ele>20.8</ele><time>2026-08-03T09:04:09.600Z</time></trkpt><trkpt lon="-3.84708" lat="53.20434"><ele>19.3</ele><time>2026-08-03T09:04:12.100Z</time></trkpt><trkpt lon="-3.84692" lat="53.20459"><ele>18.7</ele><time>2026-08-03T09:04:14.200Z</time></trkpt><trkpt lon="-3.84674" lat="53.20491"><ele>18.0</ele><time>2026-08-03T09:04:17.000Z</time></trkpt><trkpt lon="-3.84666" lat="53.20529"><ele>17.6</ele><time>2026-08-03T09:04:20.400Z</time></trkpt><trkpt lon="-3.84666" lat="53.20535"><ele>17.7</ele><time>2026-08-03T09:04:21.000Z</time></trkpt><trkpt lon="-3.84669" lat="53.20555"><ele>17.7</ele><time>2026-08-03T09:04:22.900Z</time></trkpt><trkpt lon="-3.84672" lat="53.20575"><ele>17.8</ele><time>2026-08-03T09:04:24.800Z</time></trkpt><trkpt lon="-3.84672" lat="53.20592"><ele>17.9</ele><time>2026-08-03T09:04:26.400Z</time></trkpt><trkpt lon="-3.84675" lat="53.20618"><ele>17.9</ele><time>2026-08-03T09:04:28.900Z</time></trkpt><trkpt lon="-3.84663" lat="53.20648"><ele>18.0</ele><time>2026-08-03T09:04:31.800Z</time></trkpt><trkpt lon="-3.84651" lat="53.2066733"><ele>18.1</ele><time>2026-08-03T09:04:33.800Z</time></trkpt><trkpt lon="-3.84639" lat="53.2068667"><ele>18.1</ele><time>2026-08-03T09:04:35.700Z</time></trkpt><trkpt lon="-3.84627" lat="53.20706"><ele>18.0</ele><time>2026-08-03T09:04:37.600Z</time></trkpt><trkpt lon="-3.84621" lat="53.20714"><ele>18.0</ele><time>2026-08-03T09:04:38.400Z</time></trkpt><trkpt lon="-3.8461" lat="53.2074"><ele>17.9</ele><time>2026-08-03T09:04:40.800Z</time></trkpt><trkpt lon="-3.84607" lat="53.20777"><ele>17.8</ele><time>2026-08-03T09:04:44.200Z</time></trkpt><trkpt lon="-3.846085" lat="53.208035"><ele>17.8</ele><time>2026-08-03T09:04:46.600Z</time></trkpt><trkpt lon="-3.8461" lat="53.208300081718"><ele>17.7</ele><time>2026-08-03T09:04:49.100Z</time></trkpt><trkpt lon="-3.8461333" lat="53.2085433"><ele>17.7</ele><time>2026-08-03T09:04:51.300Z</time></trkpt><trkpt lon="-3.8461667" lat="53.2087867"><ele>17.6</ele><time>2026-08-03T09:04:53.500Z</time></trkpt><trkpt lon="-3.8462" lat="53.20903"><ele>17.6</ele><time>2026-08-03T09:04:55.800Z</time></trkpt><trkpt lon="-3.8462367" lat="53.2092767"><ele>17.7</ele><time>2026-08-03T09:04:58.100Z</time></trkpt><trkpt lon="-3.8462733" lat="53.2095233"><ele>17.6</ele><time>2026-08-03T09:05:00.400Z</time></trkpt><trkpt lon="-3.84631" lat="53.20977"><ele>17.5</ele><time>2026-08-03T09:05:02.600Z</time></trkpt><trkpt lon="-3.84629" lat="53.21017"><ele>17.1</ele><time>2026-08-03T09:05:06.100Z</time></trkpt><trkpt lon="-3.84621" lat="53.21057"><ele>16.2</ele><time>2026-08-03T09:05:09.400Z</time></trkpt><trkpt lon="-3.84606" lat="53.21096"><ele>14.8</ele><time>2026-08-03T09:05:12.500Z</time></trkpt><trkpt lon="-3.845925" lat="53.211165"><ele>13.7</ele><time>2026-08-03T09:05:14.100Z</time></trkpt><trkpt lon="-3.84579" lat="53.21137"><ele>12.6</ele><time>2026-08-03T09:05:15.600Z</time></trkpt><trkpt lon="-3.84571" lat="53.21149"><ele>12.2</ele><time>2026-08-03T09:05:16.600Z</time></trkpt><trkpt lon="-3.845565" lat="53.21174"><ele>11.7</ele><time>2026-08-03T09:05:18.800Z</time></trkpt><trkpt lon="-3.84542" lat="53.21199"><ele>11.1</ele><time>2026-08-03T09:05:21.000Z</time></trkpt><trkpt lon="-3.84523" lat="53.21221"><ele>10.9</ele><time>2026-08-03T09:05:23.200Z</time></trkpt><trkpt lon="-3.84504" lat="53.21243"><ele>10.8</ele><time>2026-08-03T09:05:25.400Z</time></trkpt><trkpt lon="-3.844845" lat="53.2126"><ele>10.9</ele><time>2026-08-03T09:05:27.400Z</time></trkpt><trkpt lon="-3.84465" lat="53.21277"><ele>11.1</ele><time>2026-08-03T09:05:29.500Z</time></trkpt><trkpt lon="-3.84419" lat="53.21305"><ele>11.3</ele><time>2026-08-03T09:05:33.300Z</time></trkpt><trkpt lon="-3.84391" lat="53.21317"><ele>11.4</ele><time>2026-08-03T09:05:35.200Z</time></trkpt><trkpt lon="-3.8436167" lat="53.21327"><ele>11.2</ele><time>2026-08-03T09:05:37.000Z</time></trkpt><trkpt lon="-3.84303" lat="53.21347"><ele>10.9</ele><time>2026-08-03T09:05:40.600Z</time></trkpt><trkpt lon="-3.84274" lat="53.2135667"><ele>10.7</ele><time>2026-08-03T09:05:42.400Z</time></trkpt><trkpt lon="-3.84216" lat="53.21376"><ele>10.3</ele><time>2026-08-03T09:05:45.900Z</time></trkpt><trkpt lon="-3.84193" lat="53.21388"><ele>10.1</ele><time>2026-08-03T09:05:47.500Z</time></trkpt><trkpt lon="-3.8417" lat="53.214"><ele>10.2</ele><time>2026-08-03T09:05:49.300Z</time></trkpt><trkpt lon="-3.84139" lat="53.2142"><ele>10.5</ele><time>2026-08-03T09:05:52.000Z</time></trkpt><trkpt lon="-3.841225" lat="53.2143525"><ele>11.4</ele><time>2026-08-03T09:05:54.500Z</time></trkpt><trkpt lon="-3.84106" lat="53.214505"><ele>12.6</ele><time>2026-08-03T09:05:57.700Z</time></trkpt><trkpt lon="-3.840895" lat="53.2146575"><ele>14.1</ele><time>2026-08-03T09:06:01.100Z</time></trkpt><trkpt lon="-3.84073" lat="53.21481"><ele>15.6</ele><time>2026-08-03T09:06:04.600Z</time></trkpt><trkpt lon="-3.8405467" lat="53.2149733"><ele>17.0</ele><time>2026-08-03T09:06:08.000Z</time></trkpt><trkpt lon="-3.8403633" lat="53.2151367"><ele>18.7</ele><time>2026-08-03T09:06:12.000Z</time></trkpt><trkpt lon="-3.84018" lat="53.2153"><ele>20.6</ele><time>2026-08-03T09:06:16.200Z</time></trkpt><trkpt lon="-3.84005" lat="53.2154367"><ele>22.0</ele><time>2026-08-03T09:06:19.400Z</time></trkpt><trkpt lon="-3.83992" lat="53.2155734"><ele>23.2</ele><time>2026-08-03T09:06:22.300Z</time></trkpt><trkpt lon="-3.83979" lat="53.21571"><ele>24.4</ele><time>2026-08-03T09:06:25.100Z</time></trkpt><trkpt lon="-3.8396833" lat="53.2158867"><ele>25.6</ele><time>2026-08-03T09:06:28.200Z</time></trkpt><trkpt lon="-3.8395767" lat="53.2160634"><ele>26.6</ele><time>2026-08-03T09:06:31.100Z</time></trkpt><trkpt lon="-3.83947" lat="53.21624"><ele>27.6</ele><time>2026-08-03T09:06:33.900Z</time></trkpt><trkpt lon="-3.83938" lat="53.2164233"><ele>28.4</ele><time>2026-08-03T09:06:36.400Z</time></trkpt><trkpt lon="-3.83929" lat="53.2166067"><ele>29.1</ele><time>2026-08-03T09:06:38.800Z</time></trkpt><trkpt lon="-3.8392" lat="53.21679"><ele>29.8</ele><time>2026-08-03T09:06:41.200Z</time></trkpt><trkpt lon="-3.8391267" lat="53.21697"><ele>30.3</ele><time>2026-08-03T09:06:43.300Z</time></trkpt><trkpt lon="-3.83898" lat="53.21733"><ele>31.1</ele><time>2026-08-03T09:06:47.400Z</time></trkpt><trkpt lon="-3.8389" lat="53.21764"><ele>31.3</ele><time>2026-08-03T09:06:50.400Z</time></trkpt><trkpt lon="-3.83887" lat="53.21789"><ele>31.4</ele><time>2026-08-03T09:06:52.900Z</time></trkpt><trkpt lon="-3.83888" lat="53.21812"><ele>31.5</ele><time>2026-08-03T09:06:55.100Z</time></trkpt><trkpt lon="-3.83889" lat="53.21835"><ele>31.6</ele><time>2026-08-03T09:06:57.300Z</time></trkpt><trkpt lon="-3.8389" lat="53.21858"><ele>31.7</ele><time>2026-08-03T09:06:59.500Z</time></trkpt><trkpt lon="-3.8388325" lat="53.21878"><ele>31.5</ele><time>2026-08-03T09:07:01.300Z</time></trkpt><trkpt lon="-3.838765" lat="53.21898"><ele>31.3</ele><time>2026-08-03T09:07:03.100Z</time></trkpt><trkpt lon="-3.8386975" lat="53.21918"><ele>31.4</ele><time>2026-08-03T09:07:05.000Z</time></trkpt><trkpt lon="-3.83863" lat="53.21938"><ele>31.5</ele><time>2026-08-03T09:07:07.000Z</time></trkpt><trkpt lon="-3.83856" lat="53.21958"><ele>32.0</ele><time>2026-08-03T09:07:09.300Z</time></trkpt><trkpt lon="-3.83849" lat="53.21978"><ele>32.8</ele><time>2026-08-03T09:07:11.900Z</time></trkpt><trkpt lon="-3.83842" lat="53.21998"><ele>33.8</ele><time>2026-08-03T09:07:14.800Z</time></trkpt><trkpt lon="-3.83835" lat="53.22018"><ele>34.8</ele><time>2026-08-03T09:07:17.700Z</time></trkpt><trkpt lon="-3.83831" lat="53.22027"><ele>35.3</ele><time>2026-08-03T09:07:19.100Z</time></trkpt><trkpt lon="-3.83819" lat="53.22052"><ele>36.5</ele><time>2026-08-03T09:07:22.700Z</time></trkpt><trkpt lon="-3.838085" lat="53.2207"><ele>37.2</ele><time>2026-08-03T09:07:25.100Z</time></trkpt><trkpt lon="-3.83798" lat="53.22088"><ele>37.6</ele><time>2026-08-03T09:07:27.200Z</time></trkpt><trkpt lon="-3.837855" lat="53.22111"><ele>38.1</ele><time>2026-08-03T09:07:29.800Z</time></trkpt><trkpt lon="-3.83773" lat="53.22134"><ele>38.6</ele><time>2026-08-03T09:07:32.400Z</time></trkpt><trkpt lon="-3.83766" lat="53.22156"><ele>39.1</ele><time>2026-08-03T09:07:34.900Z</time></trkpt><trkpt lon="-3.83765" lat="53.22183"><ele>40.1</ele><time>2026-08-03T09:07:38.300Z</time></trkpt><trkpt lon="-3.83769" lat="53.22209"><ele>41.3</ele><time>2026-08-03T09:07:41.900Z</time></trkpt><trkpt lon="-3.83776" lat="53.2223"><ele>42.3</ele><time>2026-08-03T09:07:44.900Z</time></trkpt><trkpt lon="-3.83783" lat="53.22251"><ele>43.2</ele><time>2026-08-03T09:07:47.700Z</time></trkpt><trkpt lon="-3.8379" lat="53.2227033"><ele>43.6</ele><time>2026-08-03T09:07:49.800Z</time></trkpt><trkpt lon="-3.83804" lat="53.22309"><ele>43.7</ele><time>2026-08-03T09:07:53.600Z</time></trkpt><trkpt lon="-3.8381067" lat="53.2232833"><ele>43.8</ele><time>2026-08-03T09:07:55.500Z</time></trkpt><trkpt lon="-3.83824" lat="53.22367"><ele>44.0</ele><time>2026-08-03T09:07:59.300Z</time></trkpt><trkpt lon="-3.83833" lat="53.22397"><ele>44.7</ele><time>2026-08-03T09:08:02.700Z</time></trkpt><trkpt lon="-3.838365" lat="53.22417"><ele>45.3</ele><time>2026-08-03T09:08:05.000Z</time></trkpt><trkpt lon="-3.8384" lat="53.22437"><ele>45.8</ele><time>2026-08-03T09:08:07.300Z</time></trkpt><trkpt lon="-3.83841" lat="53.224575"><ele>46.4</ele><time>2026-08-03T09:08:09.700Z</time></trkpt><trkpt lon="-3.83842" lat="53.224780083744"><ele>47.1</ele><time>2026-08-03T09:08:12.200Z</time></trkpt><trkpt lon="-3.83842" lat="53.225"><ele>48.0</ele><time>2026-08-03T09:08:15.100Z</time></trkpt><trkpt lon="-3.83842" lat="53.22522"><ele>49.1</ele><time>2026-08-03T09:08:18.300Z</time></trkpt><trkpt lon="-3.8383867" lat="53.22541"><ele>50.3</ele><time>2026-08-03T09:08:21.400Z</time></trkpt><trkpt lon="-3.8383533" lat="53.2256"><ele>51.5</ele><time>2026-08-03T09:08:24.500Z</time></trkpt><trkpt lon="-3.83832" lat="53.22579"><ele>53.1</ele><time>2026-08-03T09:08:28.100Z</time></trkpt><trkpt lon="-3.8382833" lat="53.2259833"><ele>55.0</ele><time>2026-08-03T09:08:32.400Z</time></trkpt><trkpt lon="-3.8382467" lat="53.2261767"><ele>57.0</ele><time>2026-08-03T09:08:36.700Z</time></trkpt><trkpt lon="-3.83821" lat="53.22637"><ele>58.2</ele><time>2026-08-03T09:08:39.900Z</time></trkpt><trkpt lon="-3.8382175" lat="53.2265475"><ele>59.7</ele><time>2026-08-03T09:08:43.400Z</time></trkpt><trkpt lon="-3.838225" lat="53.226725"><ele>61.3</ele><time>2026-08-03T09:08:47.000Z</time></trkpt><trkpt lon="-3.8382325" lat="53.2269025"><ele>63.0</ele><time>2026-08-03T09:08:50.800Z</time></trkpt><trkpt lon="-3.83824" lat="53.22708"><ele>64.5</ele><time>2026-08-03T09:08:54.300Z</time></trkpt><trkpt lon="-3.8381825" lat="53.2272525"><ele>66.0</ele><time>2026-08-03T09:08:57.700Z</time></trkpt><trkpt lon="-3.838125" lat="53.227425"><ele>67.2</ele><time>2026-08-03T09:09:00.700Z</time></trkpt><trkpt lon="-3.83801" lat="53.22777"><ele>68.2</ele><time>2026-08-03T09:09:04.800Z</time></trkpt><trkpt lon="-3.837955" lat="53.2279425"><ele>69.0</ele><time>2026-08-03T09:09:07.300Z</time></trkpt><trkpt lon="-3.8379" lat="53.228115"><ele>70.1</ele><time>2026-08-03T09:09:10.200Z</time></trkpt><trkpt lon="-3.837845" lat="53.2282875"><ele>71.6</ele><time>2026-08-03T09:09:13.500Z</time></trkpt><trkpt lon="-3.83779" lat="53.22846"><ele>73.0</ele><time>2026-08-03T09:09:16.800Z</time></trkpt><trkpt lon="-3.8377133" lat="53.22869"><ele>74.5</ele><time>2026-08-03T09:09:20.800Z</time></trkpt><trkpt lon="-3.8376367" lat="53.22892"><ele>75.2</ele><time>2026-08-03T09:09:23.500Z</time></trkpt><trkpt lon="-3.83756" lat="53.22915"><ele>74.3</ele><time>2026-08-03T09:09:25.300Z</time></trkpt><trkpt lon="-3.8374833" lat="53.22938"><ele>71.9</ele><time>2026-08-03T09:09:26.800Z</time></trkpt><trkpt lon="-3.8374067" lat="53.22961"><ele>69.9</ele><time>2026-08-03T09:09:28.300Z</time></trkpt><trkpt lon="-3.83733" lat="53.22984"><ele>68.6</ele><time>2026-08-03T09:09:29.900Z</time></trkpt><trkpt lon="-3.8373267" lat="53.2301067"><ele>67.7</ele><time>2026-08-03T09:09:32.000Z</time></trkpt><trkpt lon="-3.8373233" lat="53.2303733"><ele>67.0</ele><time>2026-08-03T09:09:34.200Z</time></trkpt><trkpt lon="-3.83732" lat="53.23064"><ele>66.4</ele><time>2026-08-03T09:09:36.300Z</time></trkpt><trkpt lon="-3.8373175" lat="53.23084"><ele>65.9</ele><time>2026-08-03T09:09:38.000Z</time></trkpt><trkpt lon="-3.837315" lat="53.23104"><ele>65.5</ele><time>2026-08-03T09:09:39.600Z</time></trkpt><trkpt lon="-3.83731" lat="53.23144"><ele>65.4</ele><time>2026-08-03T09:09:43.300Z</time></trkpt><trkpt lon="-3.83724" lat="53.231665"><ele>65.5</ele><time>2026-08-03T09:09:45.400Z</time></trkpt><trkpt lon="-3.83717" lat="53.23189"><ele>65.5</ele><time>2026-08-03T09:09:47.600Z</time></trkpt><trkpt lon="-3.8371" lat="53.23212"><ele>65.8</ele><time>2026-08-03T09:09:50.000Z</time></trkpt><trkpt lon="-3.83703" lat="53.23235"><ele>66.3</ele><time>2026-08-03T09:09:52.500Z</time></trkpt><trkpt lon="-3.83676" lat="53.23266"><ele>66.5</ele><time>2026-08-03T09:09:55.900Z</time></trkpt><trkpt lon="-3.83645" lat="53.2329"><ele>66.7</ele><time>2026-08-03T09:09:58.900Z</time></trkpt><trkpt lon="-3.836225" lat="53.2330675"><ele>67.0</ele><time>2026-08-03T09:10:01.200Z</time></trkpt><trkpt lon="-3.836" lat="53.233235"><ele>67.7</ele><time>2026-08-03T09:10:03.700Z</time></trkpt><trkpt lon="-3.835775" lat="53.2334025"><ele>68.8</ele><time>2026-08-03T09:10:06.800Z</time></trkpt><trkpt lon="-3.83555" lat="53.23357"><ele>69.9</ele><time>2026-08-03T09:10:10.000Z</time></trkpt><trkpt lon="-3.83533" lat="53.233735"><ele>70.8</ele><time>2026-08-03T09:10:12.900Z</time></trkpt><trkpt lon="-3.83511" lat="53.2339"><ele>71.4</ele><time>2026-08-03T09:10:15.300Z</time></trkpt><trkpt lon="-3.83486" lat="53.23418"><ele>72.0</ele><time>2026-08-03T09:10:18.700Z</time></trkpt><trkpt lon="-3.83475" lat="53.2344"><ele>72.4</ele><time>2026-08-03T09:10:21.200Z</time></trkpt><trkpt lon="-3.83475" lat="53.234605"><ele>72.9</ele><time>2026-08-03T09:10:23.500Z</time></trkpt><trkpt lon="-3.83475" lat="53.23481"><ele>73.3</ele><time>2026-08-03T09:10:25.700Z</time></trkpt><trkpt lon="-3.83475" lat="53.235015"><ele>73.7</ele><time>2026-08-03T09:10:27.900Z</time></trkpt><trkpt lon="-3.83475" lat="53.23522"><ele>74.2</ele><time>2026-08-03T09:10:30.200Z</time></trkpt><trkpt lon="-3.8347525" lat="53.235425"><ele>74.6</ele><time>2026-08-03T09:10:32.400Z</time></trkpt><trkpt lon="-3.834755" lat="53.23563"><ele>75.1</ele><time>2026-08-03T09:10:34.700Z</time></trkpt><trkpt lon="-3.8347575" lat="53.235835"><ele>76.1</ele><time>2026-08-03T09:10:37.600Z</time></trkpt><trkpt lon="-3.83476" lat="53.23604"><ele>77.1</ele><time>2026-08-03T09:10:40.600Z</time></trkpt><trkpt lon="-3.8347625" lat="53.236245"><ele>78.3</ele><time>2026-08-03T09:10:43.800Z</time></trkpt><trkpt lon="-3.834765" lat="53.23645"><ele>79.3</ele><time>2026-08-03T09:10:46.700Z</time></trkpt><trkpt lon="-3.8347675" lat="53.236655"><ele>80.3</ele><time>2026-08-03T09:10:49.700Z</time></trkpt><trkpt lon="-3.83477" lat="53.23686"><ele>81.6</ele><time>2026-08-03T09:10:53.100Z</time></trkpt><trkpt lon="-3.8347725" lat="53.2370675"><ele>83.2</ele><time>2026-08-03T09:10:56.800Z</time></trkpt><trkpt lon="-3.834775" lat="53.237275"><ele>85.1</ele><time>2026-08-03T09:11:01.200Z</time></trkpt><trkpt lon="-3.8347775" lat="53.2374825"><ele>87.5</ele><time>2026-08-03T09:11:06.100Z</time></trkpt><trkpt lon="-3.83478" lat="53.23769"><ele>89.9</ele><time>2026-08-03T09:11:11.100Z</time></trkpt><trkpt lon="-3.8347433" lat="53.23787"><ele>91.2</ele><time>2026-08-03T09:11:14.300Z</time></trkpt><trkpt lon="-3.83467" lat="53.23823"><ele>91.2</ele><time>2026-08-03T09:11:17.700Z</time></trkpt><trkpt lon="-3.834615" lat="53.238495"><ele>90.3</ele><time>2026-08-03T09:11:19.700Z</time></trkpt><trkpt lon="-3.83456" lat="53.23876"><ele>89.2</ele><time>2026-08-03T09:11:21.700Z</time></trkpt><trkpt lon="-3.83449" lat="53.239015"><ele>88.0</ele><time>2026-08-03T09:11:23.500Z</time></trkpt><trkpt lon="-3.83442" lat="53.23927"><ele>86.7</ele><time>2026-08-03T09:11:25.300Z</time></trkpt><trkpt lon="-3.834325" lat="53.239525"><ele>85.2</ele><time>2026-08-03T09:11:27.100Z</time></trkpt><trkpt lon="-3.83423" lat="53.23978"><ele>83.8</ele><time>2026-08-03T09:11:28.900Z</time></trkpt><trkpt lon="-3.8341667" lat="53.23998"><ele>82.8</ele><time>2026-08-03T09:11:30.400Z</time></trkpt><trkpt lon="-3.83404" lat="53.24038"><ele>81.1</ele><time>2026-08-03T09:11:33.400Z</time></trkpt><trkpt lon="-3.8339733" lat="53.24058"><ele>80.7</ele><time>2026-08-03T09:11:35.100Z</time></trkpt><trkpt lon="-3.83384" lat="53.24098"><ele>79.6</ele><time>2026-08-03T09:11:38.300Z</time></trkpt><trkpt lon="-3.83373" lat="53.24138"><ele>78.7</ele><time>2026-08-03T09:11:41.600Z</time></trkpt><trkpt lon="-3.83369" lat="53.24166"><ele>78.2</ele><time>2026-08-03T09:11:44.000Z</time></trkpt><trkpt lon="-3.83368" lat="53.24193"><ele>77.7</ele><time>2026-08-03T09:11:46.300Z</time></trkpt><trkpt lon="-3.83371" lat="53.24214"><ele>77.3</ele><time>2026-08-03T09:11:48.000Z</time></trkpt><trkpt lon="-3.83374" lat="53.24235"><ele>76.7</ele><time>2026-08-03T09:11:49.700Z</time></trkpt><trkpt lon="-3.83377" lat="53.24256"><ele>76.1</ele><time>2026-08-03T09:11:51.300Z</time></trkpt><trkpt lon="-3.8337967" lat="53.24277"><ele>75.5</ele><time>2026-08-03T09:11:53.000Z</time></trkpt><trkpt lon="-3.8338233" lat="53.24298"><ele>74.9</ele><time>2026-08-03T09:11:54.700Z</time></trkpt><trkpt lon="-3.83385" lat="53.24319"><ele>74.2</ele><time>2026-08-03T09:11:56.300Z</time></trkpt><trkpt lon="-3.8338767" lat="53.2434033"><ele>73.7</ele><time>2026-08-03T09:11:58.000Z</time></trkpt><trkpt lon="-3.8339033" lat="53.2436167"><ele>73.2</ele><time>2026-08-03T09:11:59.800Z</time></trkpt><trkpt lon="-3.83393" lat="53.24383"><ele>72.7</ele><time>2026-08-03T09:12:01.500Z</time></trkpt><trkpt lon="-3.8339533" lat="53.2440767"><ele>71.8</ele><time>2026-08-03T09:12:03.400Z</time></trkpt><trkpt lon="-3.8339767" lat="53.2443233"><ele>70.7</ele><time>2026-08-03T09:12:05.200Z</time></trkpt><trkpt lon="-3.834" lat="53.24457"><ele>69.7</ele><time>2026-08-03T09:12:07.000Z</time></trkpt><trkpt lon="-3.8340233" lat="53.2448167"><ele>68.5</ele><time>2026-08-03T09:12:08.800Z</time></trkpt><trkpt lon="-3.8340467" lat="53.2450633"><ele>67.0</ele><time>2026-08-03T09:12:10.400Z</time></trkpt><trkpt lon="-3.83407" lat="53.24531"><ele>65.1</ele><time>2026-08-03T09:12:12.100Z</time></trkpt><trkpt lon="-3.8340933" lat="53.2455433"><ele>63.0</ele><time>2026-08-03T09:12:13.600Z</time></trkpt><trkpt lon="-3.8341166" lat="53.2457767"><ele>60.6</ele><time>2026-08-03T09:12:15.200Z</time></trkpt><trkpt lon="-3.83414" lat="53.24601"><ele>58.2</ele><time>2026-08-03T09:12:16.700Z</time></trkpt><trkpt lon="-3.8341633" lat="53.2462433"><ele>55.7</ele><time>2026-08-03T09:12:18.400Z</time></trkpt><trkpt lon="-3.8341866" lat="53.2464767"><ele>53.1</ele><time>2026-08-03T09:12:20.000Z</time></trkpt><trkpt lon="-3.83421" lat="53.24671"><ele>50.6</ele><time>2026-08-03T09:12:21.700Z</time></trkpt><trkpt lon="-3.8342533" lat="53.24696"><ele>47.8</ele><time>2026-08-03T09:12:23.500Z</time></trkpt><trkpt lon="-3.8342967" lat="53.24721"><ele>45.1</ele><time>2026-08-03T09:12:25.300Z</time></trkpt><trkpt lon="-3.83434" lat="53.24746"><ele>42.8</ele><time>2026-08-03T09:12:26.900Z</time></trkpt><trkpt lon="-3.8343967" lat="53.24771"><ele>40.9</ele><time>2026-08-03T09:12:28.600Z</time></trkpt><trkpt lon="-3.8344533" lat="53.24796"><ele>39.4</ele><time>2026-08-03T09:12:30.300Z</time></trkpt><trkpt lon="-3.83451" lat="53.24821"><ele>38.1</ele><time>2026-08-03T09:12:32.100Z</time></trkpt><trkpt lon="-3.83456" lat="53.24854"><ele>36.8</ele><time>2026-08-03T09:12:34.600Z</time></trkpt><trkpt lon="-3.8345667" lat="53.2487233"><ele>36.6</ele><time>2026-08-03T09:12:36.200Z</time></trkpt><trkpt lon="-3.83458" lat="53.24909"><ele>36.2</ele><time>2026-08-03T09:12:39.400Z</time></trkpt><trkpt lon="-3.83458" lat="53.249355"><ele>36.0</ele><time>2026-08-03T09:12:41.700Z</time></trkpt><trkpt lon="-3.83458" lat="53.24962"><ele>36.0</ele><time>2026-08-03T09:12:44.200Z</time></trkpt><trkpt lon="-3.83458" lat="53.24988"><ele>36.1</ele><time>2026-08-03T09:12:46.600Z</time></trkpt><trkpt lon="-3.83458" lat="53.25014"><ele>36.1</ele><time>2026-08-03T09:12:49.100Z</time></trkpt><trkpt lon="-3.83459" lat="53.25035"><ele>36.0</ele><time>2026-08-03T09:12:51.000Z</time></trkpt><trkpt lon="-3.8346" lat="53.25056"><ele>36.1</ele><time>2026-08-03T09:12:53.000Z</time></trkpt><trkpt lon="-3.8346267" lat="53.2507567"><ele>36.0</ele><time>2026-08-03T09:12:54.800Z</time></trkpt><trkpt lon="-3.83468" lat="53.25115"><ele>36.3</ele><time>2026-08-03T09:12:58.700Z</time></trkpt><trkpt lon="-3.83476" lat="53.25135"><ele>37.5</ele><time>2026-08-03T09:13:01.800Z</time></trkpt><trkpt lon="-3.8349" lat="53.25161"><ele>39.7</ele><time>2026-08-03T09:13:07.100Z</time></trkpt><trkpt lon="-3.83506" lat="53.25185"><ele>42.4</ele><time>2026-08-03T09:13:12.900Z</time></trkpt><trkpt lon="-3.83518" lat="53.25201"><ele>44.2</ele><time>2026-08-03T09:13:16.800Z</time></trkpt><trkpt lon="-3.8353" lat="53.25217"><ele>46.0</ele><time>2026-08-03T09:13:20.700Z</time></trkpt><trkpt lon="-3.83542" lat="53.25233"><ele>47.8</ele><time>2026-08-03T09:13:24.700Z</time></trkpt><trkpt lon="-3.83552" lat="53.25254"><ele>50.3</ele><time>2026-08-03T09:13:29.900Z</time></trkpt><trkpt lon="-3.83556" lat="53.25276"><ele>52.8</ele><time>2026-08-03T09:13:35.100Z</time></trkpt><trkpt lon="-3.8355" lat="53.25302"><ele>55.5</ele><time>2026-08-03T09:13:41.000Z</time></trkpt><trkpt lon="-3.835412" lat="53.253176"><ele>57.3</ele><time>2026-08-03T09:13:44.800Z</time></trkpt><trkpt lon="-3.835324" lat="53.253332"><ele>59.0</ele><time>2026-08-03T09:13:48.500Z</time></trkpt><trkpt lon="-3.835236" lat="53.253488"><ele>60.6</ele><time>2026-08-03T09:13:52.100Z</time></trkpt><trkpt lon="-3.835148" lat="53.253644"><ele>61.9</ele><time>2026-08-03T09:13:55.200Z</time></trkpt><trkpt lon="-3.83506" lat="53.2538"><ele>63.1</ele><time>2026-08-03T09:13:58.000Z</time></trkpt><trkpt lon="-3.8349833" lat="53.2539933"><ele>63.8</ele><time>2026-08-03T09:14:00.400Z</time></trkpt><trkpt lon="-3.83483" lat="53.25438"><ele>63.3</ele><time>2026-08-03T09:14:03.900Z</time></trkpt><trkpt lon="-3.8348" lat="53.25458"><ele>62.8</ele><time>2026-08-03T09:14:05.500Z</time></trkpt><trkpt lon="-3.83478" lat="53.25479"><ele>62.1</ele><time>2026-08-03T09:14:07.100Z</time></trkpt><trkpt lon="-3.83476" lat="53.255"><ele>61.7</ele><time>2026-08-03T09:14:08.900Z</time></trkpt><trkpt lon="-3.83474" lat="53.25521"><ele>61.3</ele><time>2026-08-03T09:14:10.600Z</time></trkpt><trkpt lon="-3.83472" lat="53.2554233"><ele>61.4</ele><time>2026-08-03T09:14:12.700Z</time></trkpt><trkpt lon="-3.8347" lat="53.2556367"><ele>61.5</ele><time>2026-08-03T09:14:14.800Z</time></trkpt><trkpt lon="-3.83468" lat="53.25585"><ele>62.2</ele><time>2026-08-03T09:14:17.300Z</time></trkpt><trkpt lon="-3.834635" lat="53.25606"><ele>63.4</ele><time>2026-08-03T09:14:20.600Z</time></trkpt><trkpt lon="-3.83459" lat="53.25627"><ele>65.4</ele><time>2026-08-03T09:14:25.200Z</time></trkpt><trkpt lon="-3.83462" lat="53.25645"><ele>67.5</ele><time>2026-08-03T09:14:29.500Z</time></trkpt><trkpt lon="-3.83468" lat="53.25663"><ele>69.5</ele><time>2026-08-03T09:14:33.700Z</time></trkpt><trkpt lon="-3.83493" lat="53.25683"><ele>70.5</ele><time>2026-08-03T09:14:37.000Z</time></trkpt><trkpt lon="-3.83532" lat="53.25705"><ele>70.7</ele><time>2026-08-03T09:14:40.100Z</time></trkpt><trkpt lon="-3.83552" lat="53.25719"><ele>70.2</ele><time>2026-08-03T09:14:41.600Z</time></trkpt><trkpt lon="-3.83573" lat="53.25738"><ele>69.5</ele><time>2026-08-03T09:14:43.400Z</time></trkpt><trkpt lon="-3.83594" lat="53.25757"><ele>69.1</ele><time>2026-08-03T09:14:45.300Z</time></trkpt><trkpt lon="-3.83618" lat="53.25775"><ele>68.9</ele><time>2026-08-03T09:14:47.300Z</time></trkpt><trkpt lon="-3.83644" lat="53.2579"><ele>69.1</ele><time>2026-08-03T09:14:49.400Z</time></trkpt><trkpt lon="-3.8367" lat="53.25805"><ele>69.6</ele><time>2026-08-03T09:14:51.800Z</time></trkpt><trkpt lon="-3.83696" lat="53.2582"><ele>70.2</ele><time>2026-08-03T09:14:54.400Z</time></trkpt><trkpt lon="-3.83722" lat="53.2583467"><ele>71.1</ele><time>2026-08-03T09:14:57.100Z</time></trkpt><trkpt lon="-3.83748" lat="53.2584934"><ele>71.8</ele><time>2026-08-03T09:14:59.800Z</time></trkpt><trkpt lon="-3.83774" lat="53.25864"><ele>72.5</ele><time>2026-08-03T09:15:02.300Z</time></trkpt><trkpt lon="-3.8379" lat="53.2588275"><ele>72.7</ele><time>2026-08-03T09:15:04.400Z</time></trkpt><trkpt lon="-3.83806" lat="53.259015"><ele>72.8</ele><time>2026-08-03T09:15:06.400Z</time></trkpt><trkpt lon="-3.83822" lat="53.2592025"><ele>72.8</ele><time>2026-08-03T09:15:08.400Z</time></trkpt><trkpt lon="-3.83838" lat="53.25939"><ele>72.9</ele><time>2026-08-03T09:15:10.400Z</time></trkpt><trkpt lon="-3.8384767" lat="53.2595633"><ele>72.9</ele><time>2026-08-03T09:15:12.100Z</time></trkpt><trkpt lon="-3.83867" lat="53.25991"><ele>73.1</ele><time>2026-08-03T09:15:15.600Z</time></trkpt><trkpt lon="-3.83869" lat="53.26004"><ele>73.1</ele><time>2026-08-03T09:15:16.800Z</time></trkpt><trkpt lon="-3.83868" lat="53.2602267"><ele>73.0</ele><time>2026-08-03T09:15:18.500Z</time></trkpt><trkpt lon="-3.83866" lat="53.2606"><ele>72.2</ele><time>2026-08-03T09:15:21.600Z</time></trkpt><trkpt lon="-3.8386467" lat="53.2607867"><ele>71.4</ele><time>2026-08-03T09:15:23.000Z</time></trkpt><trkpt lon="-3.83862" lat="53.26116"><ele>69.6</ele><time>2026-08-03T09:15:25.600Z</time></trkpt><trkpt lon="-3.83862" lat="53.26143"><ele>68.2</ele><time>2026-08-03T09:15:27.500Z</time></trkpt><trkpt lon="-3.83862" lat="53.2617"><ele>67.0</ele><time>2026-08-03T09:15:29.500Z</time></trkpt><trkpt lon="-3.83862" lat="53.26197"><ele>65.9</ele><time>2026-08-03T09:15:31.500Z</time></trkpt><trkpt lon="-3.8386333" lat="53.2621733"><ele>65.1</ele><time>2026-08-03T09:15:33.000Z</time></trkpt><trkpt lon="-3.83866" lat="53.26258"><ele>64.2</ele><time>2026-08-03T09:15:36.300Z</time></trkpt><trkpt lon="-3.838665" lat="53.262775"><ele>64.4</ele><time>2026-08-03T09:15:38.200Z</time></trkpt><trkpt lon="-3.83867" lat="53.26297"><ele>64.6</ele><time>2026-08-03T09:15:40.300Z</time></trkpt><trkpt lon="-3.83863" lat="53.26319"><ele>65.3</ele><time>2026-08-03T09:15:42.900Z</time></trkpt><trkpt lon="-3.83858" lat="53.26343"><ele>66.2</ele><time>2026-08-03T09:15:45.900Z</time></trkpt><trkpt lon="-3.8384333" lat="53.2635967"><ele>66.7</ele><time>2026-08-03T09:15:48.000Z</time></trkpt><trkpt lon="-3.83814" lat="53.26393"><ele>67.0</ele><time>2026-08-03T09:15:51.800Z</time></trkpt><trkpt lon="-3.8379967" lat="53.2640967"><ele>67.2</ele><time>2026-08-03T09:15:53.700Z</time></trkpt><trkpt lon="-3.83771" lat="53.26443"><ele>67.4</ele><time>2026-08-03T09:15:57.300Z</time></trkpt><trkpt lon="-3.83752" lat="53.26476"><ele>67.8</ele><time>2026-08-03T09:16:00.900Z</time></trkpt><trkpt lon="-3.8374167" lat="53.2649767"><ele>68.3</ele><time>2026-08-03T09:16:03.400Z</time></trkpt><trkpt lon="-3.8373133" lat="53.2651933"><ele>68.8</ele><time>2026-08-03T09:16:05.900Z</time></trkpt><trkpt lon="-3.83721" lat="53.26541"><ele>69.5</ele><time>2026-08-03T09:16:08.500Z</time></trkpt><trkpt lon="-3.83711" lat="53.26568"><ele>70.8</ele><time>2026-08-03T09:16:12.300Z</time></trkpt><trkpt lon="-3.83705" lat="53.265875"><ele>71.7</ele><time>2026-08-03T09:16:15.000Z</time></trkpt><trkpt lon="-3.83699" lat="53.26607"><ele>72.3</ele><time>2026-08-03T09:16:17.400Z</time></trkpt><trkpt lon="-3.83698" lat="53.26633"><ele>72.5</ele><time>2026-08-03T09:16:20.000Z</time></trkpt><trkpt lon="-3.83702" lat="53.26656"><ele>72.3</ele><time>2026-08-03T09:16:22.000Z</time></trkpt><trkpt lon="-3.83711" lat="53.26682"><ele>71.8</ele><time>2026-08-03T09:16:24.200Z</time></trkpt><trkpt lon="-3.8373" lat="53.26706"><ele>70.5</ele><time>2026-08-03T09:16:26.100Z</time></trkpt><trkpt lon="-3.83761" lat="53.26725"><ele>68.6</ele><time>2026-08-03T09:16:27.900Z</time></trkpt><trkpt lon="-3.83792" lat="53.26744"><ele>66.4</ele><time>2026-08-03T09:16:29.600Z</time></trkpt><trkpt lon="-3.83823" lat="53.26763"><ele>64.6</ele><time>2026-08-03T09:16:31.400Z</time></trkpt><trkpt lon="-3.83848" lat="53.26783"><ele>63.7</ele><time>2026-08-03T09:16:33.300Z</time></trkpt><trkpt lon="-3.83862" lat="53.26802"><ele>62.9</ele><time>2026-08-03T09:16:34.900Z</time></trkpt><trkpt lon="-3.83869" lat="53.26822"><ele>62.4</ele><time>2026-08-03T09:16:36.500Z</time></trkpt><trkpt lon="-3.83872" lat="53.26848"><ele>61.3</ele><time>2026-08-03T09:16:38.400Z</time></trkpt><trkpt lon="-3.838705" lat="53.268735"><ele>60.6</ele><time>2026-08-03T09:16:40.500Z</time></trkpt><trkpt lon="-3.83869" lat="53.26899"><ele>60.0</ele><time>2026-08-03T09:16:42.500Z</time></trkpt><trkpt lon="-3.83861" lat="53.26939"><ele>59.5</ele><time>2026-08-03T09:16:46.000Z</time></trkpt><trkpt lon="-3.8385" lat="53.26978"><ele>59.0</ele><time>2026-08-03T09:16:49.400Z</time></trkpt><trkpt lon="-3.83841" lat="53.26992"><ele>58.6</ele><time>2026-08-03T09:16:50.600Z</time></trkpt><trkpt lon="-3.83838" lat="53.26994"><ele>58.5</ele><time>2026-08-03T09:16:50.800Z</time></trkpt><trkpt lon="-3.83827" lat="53.27004"><ele>58.2</ele><time>2026-08-03T09:16:51.800Z</time></trkpt><trkpt lon="-3.838015" lat="53.27023"><ele>57.6</ele><time>2026-08-03T09:16:53.800Z</time></trkpt><trkpt lon="-3.83776" lat="53.27042"><ele>57.2</ele><time>2026-08-03T09:16:55.900Z</time></trkpt><trkpt lon="-3.83751" lat="53.270615"><ele>56.3</ele><time>2026-08-03T09:16:57.700Z</time></trkpt><trkpt lon="-3.83726" lat="53.27081"><ele>55.2</ele><time>2026-08-03T09:16:59.500Z</time></trkpt><trkpt lon="-3.83685" lat="53.27098"><ele>53.6</ele><time>2026-08-03T09:17:01.500Z</time></trkpt><trkpt lon="-3.83647" lat="53.271095"><ele>52.6</ele><time>2026-08-03T09:17:03.400Z</time></trkpt><trkpt lon="-3.83609" lat="53.27121"><ele>51.4</ele><time>2026-08-03T09:17:05.300Z</time></trkpt><trkpt lon="-3.83586" lat="53.27133"><ele>50.2</ele><time>2026-08-03T09:17:06.500Z</time></trkpt><trkpt lon="-3.83563" lat="53.27159"><ele>47.5</ele><time>2026-08-03T09:17:08.400Z</time></trkpt><trkpt lon="-3.8353" lat="53.27197"><ele>43.0</ele><time>2026-08-03T09:17:11.400Z</time></trkpt><trkpt lon="-3.83509" lat="53.27229"><ele>39.2</ele><time>2026-08-03T09:17:13.900Z</time></trkpt><trkpt lon="-3.83495" lat="53.27255"><ele>35.8</ele><time>2026-08-03T09:17:15.900Z</time></trkpt><trkpt lon="-3.83489" lat="53.27284"><ele>32.9</ele><time>2026-08-03T09:17:17.900Z</time></trkpt><trkpt lon="-3.83485" lat="53.27322"><ele>29.8</ele><time>2026-08-03T09:17:20.400Z</time></trkpt><trkpt lon="-3.8348633" lat="53.2735033"><ele>26.2</ele><time>2026-08-03T09:17:22.500Z</time></trkpt><trkpt lon="-3.8348767" lat="53.2737867"><ele>22.2</ele><time>2026-08-03T09:17:24.600Z</time></trkpt><trkpt lon="-3.83489" lat="53.27407"><ele>18.8</ele><time>2026-08-03T09:17:26.700Z</time></trkpt><trkpt lon="-3.83489" lat="53.27429"><ele>16.9</ele><time>2026-08-03T09:17:28.200Z</time></trkpt><trkpt lon="-3.83489" lat="53.27451"><ele>14.2</ele><time>2026-08-03T09:17:29.800Z</time></trkpt><trkpt lon="-3.83495" lat="53.27466"><ele>12.8</ele><time>2026-08-03T09:17:30.800Z</time></trkpt><trkpt lon="-3.83505" lat="53.274780089647"><ele>11.5</ele><time>2026-08-03T09:17:31.700Z</time></trkpt><trkpt lon="-3.83511" lat="53.27492"><ele>10.2</ele><time>2026-08-03T09:17:32.600Z</time></trkpt><trkpt lon="-3.8351" lat="53.275"><ele>9.6</ele><time>2026-08-03T09:17:33.200Z</time></trkpt><trkpt lon="-3.83509" lat="53.27503"><ele>9.4</ele><time>2026-08-03T09:17:33.400Z</time></trkpt><trkpt lon="-3.83504" lat="53.27506"><ele>9.2</ele><time>2026-08-03T09:17:33.700Z</time></trkpt><trkpt lon="-3.83492" lat="53.27509"><ele>8.9</ele><time>2026-08-03T09:17:34.300Z</time></trkpt><trkpt lon="-3.83459" lat="53.27513"><ele>8.6</ele><time>2026-08-03T09:17:36.000Z</time></trkpt><trkpt lon="-3.83426" lat="53.27517"><ele>8.5</ele><time>2026-08-03T09:17:37.800Z</time></trkpt><trkpt lon="-3.83411" lat="53.2752"><ele>8.4</ele><time>2026-08-03T09:17:38.600Z</time></trkpt><trkpt lon="-3.83399" lat="53.27524"><ele>8.5</ele><time>2026-08-03T09:17:39.400Z</time></trkpt><trkpt lon="-3.83383" lat="53.2753"><ele>8.5</ele><time>2026-08-03T09:17:40.500Z</time></trkpt><trkpt lon="-3.8337" lat="53.27538"><ele>8.6</ele><time>2026-08-03T09:17:41.600Z</time></trkpt><trkpt lon="-3.83346" lat="53.27558"><ele>8.7</ele><time>2026-08-03T09:17:44.000Z</time></trkpt><trkpt lon="-3.83322" lat="53.27578"><ele>8.8</ele><time>2026-08-03T09:17:46.300Z</time></trkpt><trkpt lon="-3.83306" lat="53.2759133"><ele>8.9</ele><time>2026-08-03T09:17:47.900Z</time></trkpt><trkpt lon="-3.83274" lat="53.27618"><ele>9.5</ele><time>2026-08-03T09:17:51.500Z</time></trkpt><trkpt lon="-3.83259" lat="53.27637"><ele>10.0</ele><time>2026-08-03T09:17:53.800Z</time></trkpt><trkpt lon="-3.83247" lat="53.27655"><ele>10.6</ele><time>2026-08-03T09:17:56.000Z</time></trkpt><trkpt lon="-3.83238" lat="53.27674"><ele>10.9</ele><time>2026-08-03T09:17:58.100Z</time></trkpt><trkpt lon="-3.83235" lat="53.27684"><ele>10.9</ele><time>2026-08-03T09:17:59.100Z</time></trkpt><trkpt lon="-3.83234" lat="53.27691"><ele>10.8</ele><time>2026-08-03T09:17:59.700Z</time></trkpt><trkpt lon="-3.8323167" lat="53.2771167"><ele>10.6</ele><time>2026-08-03T09:18:01.500Z</time></trkpt><trkpt lon="-3.8322934" lat="53.2773234"><ele>10.1</ele><time>2026-08-03T09:18:03.200Z</time></trkpt><trkpt lon="-3.83227" lat="53.27753"><ele>9.7</ele><time>2026-08-03T09:18:04.900Z</time></trkpt><trkpt lon="-3.83225" lat="53.27761"><ele>9.6</ele><time>2026-08-03T09:18:05.600Z</time></trkpt><trkpt lon="-3.83221" lat="53.27768"><ele>9.5</ele><time>2026-08-03T09:18:06.300Z</time></trkpt><trkpt lon="-3.83216" lat="53.27776"><ele>9.6</ele><time>2026-08-03T09:18:07.100Z</time></trkpt><trkpt lon="-3.83201" lat="53.27788"><ele>9.6</ele><time>2026-08-03T09:18:08.500Z</time></trkpt><trkpt lon="-3.83184" lat="53.27797"><ele>9.5</ele><time>2026-08-03T09:18:09.700Z</time></trkpt><trkpt lon="-3.83151" lat="53.278125"><ele>9.4</ele><time>2026-08-03T09:18:12.000Z</time></trkpt><trkpt lon="-3.83118" lat="53.27828"><ele>9.3</ele><time>2026-08-03T09:18:14.200Z</time></trkpt><trkpt lon="-3.83085" lat="53.278435"><ele>8.8</ele><time>2026-08-03T09:18:16.300Z</time></trkpt><trkpt lon="-3.83052" lat="53.27859"><ele>8.5</ele><time>2026-08-03T09:18:18.500Z</time></trkpt><trkpt lon="-3.83031" lat="53.27866"><ele>8.1</ele><time>2026-08-03T09:18:19.700Z</time></trkpt><trkpt lon="-3.8302" lat="53.27869"><ele>8.0</ele><time>2026-08-03T09:18:20.300Z</time></trkpt><trkpt lon="-3.83003" lat="53.27872"><ele>7.9</ele><time>2026-08-03T09:18:21.200Z</time></trkpt><trkpt lon="-3.82971" lat="53.27874"><ele>7.6</ele><time>2026-08-03T09:18:22.800Z</time></trkpt><trkpt lon="-3.82942" lat="53.27876"><ele>7.7</ele><time>2026-08-03T09:18:24.500Z</time></trkpt><trkpt lon="-3.8291167" lat="53.2787567"><ele>7.9</ele><time>2026-08-03T09:18:26.300Z</time></trkpt><trkpt lon="-3.82851" lat="53.27875"><ele>8.2</ele><time>2026-08-03T09:18:30.000Z</time></trkpt><trkpt lon="-3.8281767" lat="53.27874"><ele>8.4</ele><time>2026-08-03T09:18:32.000Z</time></trkpt><trkpt lon="-3.82751" lat="53.27872"><ele>8.1</ele><time>2026-08-03T09:18:35.500Z</time></trkpt><trkpt lon="-3.82717" lat="53.27874"><ele>7.9</ele><time>2026-08-03T09:18:37.300Z</time></trkpt><trkpt lon="-3.82686" lat="53.2788"><ele>7.6</ele><time>2026-08-03T09:18:39.000Z</time></trkpt><trkpt lon="-3.82673" lat="53.27883"><ele>7.5</ele><time>2026-08-03T09:18:39.700Z</time></trkpt><trkpt lon="-3.82662" lat="53.27888"><ele>7.5</ele><time>2026-08-03T09:18:40.500Z</time></trkpt><trkpt lon="-3.82652" lat="53.27893"><ele>7.4</ele><time>2026-08-03T09:18:41.200Z</time></trkpt><trkpt lon="-3.8264" lat="53.27903"><ele>7.5</ele><time>2026-08-03T09:18:42.300Z</time></trkpt><trkpt lon="-3.82637" lat="53.27911"><ele>7.5</ele><time>2026-08-03T09:18:43.100Z</time></trkpt><trkpt lon="-3.82636" lat="53.27923"><ele>7.6</ele><time>2026-08-03T09:18:44.300Z</time></trkpt><trkpt lon="-3.8264" lat="53.27938"><ele>7.9</ele><time>2026-08-03T09:18:46.000Z</time></trkpt><trkpt lon="-3.82645" lat="53.27953"><ele>8.4</ele><time>2026-08-03T09:18:47.700Z</time></trkpt><trkpt lon="-3.8265" lat="53.279700090584"><ele>9.3</ele><time>2026-08-03T09:18:50.400Z</time></trkpt><trkpt lon="-3.82656" lat="53.27992"><ele>12.3</ele><time>2026-08-03T09:18:56.400Z</time></trkpt><trkpt lon="-3.82656" lat="53.27993"><ele>12.4</ele><time>2026-08-03T09:18:56.600Z</time></trkpt><trkpt lon="-3.8266" lat="53.28006"><ele>13.1</ele><time>2026-08-03T09:18:58.500Z</time></trkpt><trkpt lon="-3.82661" lat="53.28028"><ele>13.7</ele><time>2026-08-03T09:19:01.000Z</time></trkpt><trkpt lon="-3.82661" lat="53.28039"><ele>13.7</ele><time>2026-08-03T09:19:02.100Z</time></trkpt><trkpt lon="-3.82646" lat="53.28048"><ele>13.6</ele><time>2026-08-03T09:19:03.200Z</time></trkpt><trkpt lon="-3.82632" lat="53.28053"><ele>13.5</ele><time>2026-08-03T09:19:04.100Z</time></trkpt><trkpt lon="-3.82604" lat="53.2805"><ele>13.4</ele><time>2026-08-03T09:19:05.600Z</time></trkpt><trkpt lon="-3.82581" lat="53.28045"><ele>13.2</ele><time>2026-08-03T09:19:06.900Z</time></trkpt><trkpt lon="-3.82558" lat="53.28044"><ele>13.3</ele><time>2026-08-03T09:19:08.100Z</time></trkpt><trkpt lon="-3.82538" lat="53.28044"><ele>13.3</ele><time>2026-08-03T09:19:09.300Z</time></trkpt><trkpt lon="-3.82527" lat="53.28046"><ele>13.4</ele><time>2026-08-03T09:19:10.000Z</time></trkpt><trkpt lon="-3.82496" lat="53.280515"><ele>13.8</ele><time>2026-08-03T09:19:12.100Z</time></trkpt><trkpt lon="-3.82465" lat="53.28057"><ele>14.1</ele><time>2026-08-03T09:19:14.200Z</time></trkpt><trkpt lon="-3.82434" lat="53.2806333"><ele>14.6</ele><time>2026-08-03T09:19:16.400Z</time></trkpt><trkpt lon="-3.82372" lat="53.28076"><ele>14.9</ele><time>2026-08-03T09:19:20.200Z</time></trkpt><trkpt lon="-3.82326" lat="53.28087"><ele>14.2</ele><time>2026-08-03T09:19:22.600Z</time></trkpt><trkpt lon="-3.8229333" lat="53.2809433"><ele>13.4</ele><time>2026-08-03T09:19:24.200Z</time></trkpt><trkpt lon="-3.8226067" lat="53.2810167"><ele>12.6</ele><time>2026-08-03T09:19:25.800Z</time></trkpt><trkpt lon="-3.82228" lat="53.28109"><ele>11.8</ele><time>2026-08-03T09:19:27.300Z</time></trkpt><trkpt lon="-3.82183" lat="53.28123"><ele>10.6</ele><time>2026-08-03T09:19:29.600Z</time></trkpt><trkpt lon="-3.82148" lat="53.281375"><ele>9.8</ele><time>2026-08-03T09:19:31.600Z</time></trkpt><trkpt lon="-3.82113" lat="53.28152"><ele>9.2</ele><time>2026-08-03T09:19:33.700Z</time></trkpt><trkpt lon="-3.820785" lat="53.28166"><ele>9.0</ele><time>2026-08-03T09:19:35.900Z</time></trkpt><trkpt lon="-3.82044" lat="53.2818"><ele>8.9</ele><time>2026-08-03T09:19:38.100Z</time></trkpt><trkpt lon="-3.8201725" lat="53.281925"><ele>8.6</ele><time>2026-08-03T09:19:39.900Z</time></trkpt><trkpt lon="-3.819905" lat="53.28205"><ele>8.4</ele><time>2026-08-03T09:19:41.600Z</time></trkpt><trkpt lon="-3.81937" lat="53.2823"><ele>8.0</ele><time>2026-08-03T09:19:45.200Z</time></trkpt><trkpt lon="-3.8191025" lat="53.282425"><ele>7.8</ele><time>2026-08-03T09:19:47.000Z</time></trkpt><trkpt lon="-3.818835" lat="53.28255"><ele>7.6</ele><time>2026-08-03T09:19:48.800Z</time></trkpt><trkpt lon="-3.8185675" lat="53.282675"><ele>7.5</ele><time>2026-08-03T09:19:50.600Z</time></trkpt><trkpt lon="-3.8183" lat="53.2828"><ele>7.4</ele><time>2026-08-03T09:19:52.400Z</time></trkpt><trkpt lon="-3.818035" lat="53.2829225"><ele>7.6</ele><time>2026-08-03T09:19:54.500Z</time></trkpt><trkpt lon="-3.81777" lat="53.283045"><ele>8.2</ele><time>2026-08-03T09:19:56.800Z</time></trkpt><trkpt lon="-3.817505" lat="53.2831675"><ele>9.1</ele><time>2026-08-03T09:19:59.400Z</time></trkpt><trkpt lon="-3.81724" lat="53.28329"><ele>9.9</ele><time>2026-08-03T09:20:02.100Z</time></trkpt><trkpt lon="-3.8169425" lat="53.2834275"><ele>10.7</ele><time>2026-08-03T09:20:04.800Z</time></trkpt><trkpt lon="-3.816645" lat="53.283565"><ele>11.3</ele><time>2026-08-03T09:20:07.400Z</time></trkpt><trkpt lon="-3.8163475" lat="53.2837025"><ele>11.7</ele><time>2026-08-03T09:20:09.800Z</time></trkpt><trkpt lon="-3.81605" lat="53.28384"><ele>11.9</ele><time>2026-08-03T09:20:12.000Z</time></trkpt><trkpt lon="-3.8157525" lat="53.283975"><ele>11.8</ele><time>2026-08-03T09:20:14.100Z</time></trkpt><trkpt lon="-3.815455" lat="53.28411"><ele>11.5</ele><time>2026-08-03T09:20:16.000Z</time></trkpt><trkpt lon="-3.8151575" lat="53.284245"><ele>11.1</ele><time>2026-08-03T09:20:17.900Z</time></trkpt><trkpt lon="-3.81486" lat="53.28438"><ele>10.4</ele><time>2026-08-03T09:20:19.600Z</time></trkpt><trkpt lon="-3.8146" lat="53.2845067"><ele>10.1</ele><time>2026-08-03T09:20:21.300Z</time></trkpt><trkpt lon="-3.81408" lat="53.28476"><ele>9.1</ele><time>2026-08-03T09:20:24.500Z</time></trkpt><trkpt lon="-3.81401" lat="53.28483"><ele>9.0</ele><time>2026-08-03T09:20:25.200Z</time></trkpt><trkpt lon="-3.81396" lat="53.28491"><ele>8.9</ele><time>2026-08-03T09:20:26.000Z</time></trkpt><trkpt lon="-3.81394" lat="53.28499"><ele>8.9</ele><time>2026-08-03T09:20:26.700Z</time></trkpt><trkpt lon="-3.81395" lat="53.28509"><ele>8.8</ele><time>2026-08-03T09:20:27.700Z</time></trkpt><trkpt lon="-3.81405" lat="53.28518"><ele>8.8</ele><time>2026-08-03T09:20:28.600Z</time></trkpt><trkpt lon="-3.81431" lat="53.28534"><ele>8.6</ele><time>2026-08-03T09:20:30.600Z</time></trkpt><trkpt lon="-3.8146167" lat="53.2854067"><ele>8.4</ele><time>2026-08-03T09:20:32.300Z</time></trkpt><trkpt lon="-3.81523" lat="53.28554"><ele>7.9</ele><time>2026-08-03T09:20:35.700Z</time></trkpt><trkpt lon="-3.81562" lat="53.28561"><ele>7.8</ele><time>2026-08-03T09:20:37.900Z</time></trkpt><trkpt lon="-3.81601" lat="53.28568"><ele>7.5</ele><time>2026-08-03T09:20:40.000Z</time></trkpt><trkpt lon="-3.81623" lat="53.2857"><ele>7.4</ele><time>2026-08-03T09:20:41.200Z</time></trkpt><trkpt lon="-3.81659" lat="53.28571"><ele>7.1</ele><time>2026-08-03T09:20:43.000Z</time></trkpt><trkpt lon="-3.81709" lat="53.28573009191"><ele>6.7</ele><time>2026-08-03T09:20:45.600Z</time></trkpt><trkpt lon="-3.81761" lat="53.28569"><ele>6.4</ele><time>2026-08-03T09:20:48.400Z</time></trkpt><trkpt lon="-3.81797" lat="53.28565"><ele>6.2</ele><time>2026-08-03T09:20:50.300Z</time></trkpt><trkpt lon="-3.81824" lat="53.28574"><ele>6.0</ele><time>2026-08-03T09:20:51.900Z</time></trkpt><trkpt lon="-3.81838" lat="53.28584"><ele>5.9</ele><time>2026-08-03T09:20:53.100Z</time></trkpt><trkpt lon="-3.81847" lat="53.28592"><ele>5.8</ele><time>2026-08-03T09:20:53.900Z</time></trkpt><trkpt lon="-3.81863" lat="53.28613"><ele>5.7</ele><time>2026-08-03T09:20:56.000Z</time></trkpt><trkpt lon="-3.81879" lat="53.28634"><ele>5.6</ele><time>2026-08-03T09:20:58.100Z</time></trkpt><trkpt lon="-3.818945" lat="53.28655"><ele>5.7</ele><time>2026-08-03T09:21:00.200Z</time></trkpt><trkpt lon="-3.8191" lat="53.28676"><ele>5.7</ele><time>2026-08-03T09:21:02.400Z</time></trkpt><trkpt lon="-3.8192367" lat="53.2869167"><ele>5.7</ele><time>2026-08-03T09:21:04.100Z</time></trkpt><trkpt lon="-3.81951" lat="53.28723"><ele>5.8</ele><time>2026-08-03T09:21:07.400Z</time></trkpt><trkpt lon="-3.81965" lat="53.2873867"><ele>5.8</ele><time>2026-08-03T09:21:09.100Z</time></trkpt><trkpt lon="-3.81993" lat="53.2877"><ele>5.9</ele><time>2026-08-03T09:21:12.400Z</time></trkpt><trkpt lon="-3.8200933" lat="53.2878633"><ele>5.9</ele><time>2026-08-03T09:21:14.200Z</time></trkpt><trkpt lon="-3.82042" lat="53.28819"><ele>5.7</ele><time>2026-08-03T09:21:17.600Z</time></trkpt><trkpt lon="-3.820655" lat="53.28839"><ele>5.8</ele><time>2026-08-03T09:21:19.900Z</time></trkpt><trkpt lon="-3.82089" lat="53.28859"><ele>5.7</ele><time>2026-08-03T09:21:22.100Z</time></trkpt><trkpt lon="-3.821155" lat="53.288785"><ele>5.7</ele><time>2026-08-03T09:21:24.500Z</time></trkpt><trkpt lon="-3.82142" lat="53.28898"><ele>5.8</ele><time>2026-08-03T09:21:26.800Z</time></trkpt><trkpt lon="-3.8216667" lat="53.2891467"><ele>5.8</ele><time>2026-08-03T09:21:28.900Z</time></trkpt><trkpt lon="-3.8219133" lat="53.2893134"><ele>6.0</ele><time>2026-08-03T09:21:31.200Z</time></trkpt><trkpt lon="-3.82216" lat="53.28948"><ele>6.2</ele><time>2026-08-03T09:21:33.400Z</time></trkpt><trkpt lon="-3.8224133" lat="53.289633392525"><ele>6.3</ele><time>2026-08-03T09:21:35.400Z</time></trkpt><trkpt lon="-3.8226667" lat="53.2897867"><ele>6.2</ele><time>2026-08-03T09:21:37.400Z</time></trkpt><trkpt lon="-3.82292" lat="53.28994"><ele>6.2</ele><time>2026-08-03T09:21:39.400Z</time></trkpt><trkpt lon="-3.8232333" lat="53.2901067"><ele>6.0</ele><time>2026-08-03T09:21:41.600Z</time></trkpt><trkpt lon="-3.8235467" lat="53.2902733"><ele>6.1</ele><time>2026-08-03T09:21:44.000Z</time></trkpt><trkpt lon="-3.82386" lat="53.29044"><ele>6.1</ele><time>2026-08-03T09:21:46.300Z</time></trkpt><trkpt lon="-3.8241733" lat="53.29061"><ele>6.2</ele><time>2026-08-03T09:21:48.800Z</time></trkpt><trkpt lon="-3.8244867" lat="53.29078"><ele>6.4</ele><time>2026-08-03T09:21:51.300Z</time></trkpt><trkpt lon="-3.8248" lat="53.29095"><ele>6.9</ele><time>2026-08-03T09:21:54.000Z</time></trkpt><trkpt lon="-3.82506" lat="53.29113"><ele>7.2</ele><time>2026-08-03T09:21:56.400Z</time></trkpt><trkpt lon="-3.8252567" lat="53.2912933"><ele>7.3</ele><time>2026-08-03T09:21:58.400Z</time></trkpt><trkpt lon="-3.8254533" lat="53.2914567"><ele>7.4</ele><time>2026-08-03T09:22:00.300Z</time></trkpt><trkpt lon="-3.82565" lat="53.29162"><ele>7.5</ele><time>2026-08-03T09:22:02.300Z</time></trkpt><trkpt lon="-3.8258867" lat="53.2918033"><ele>7.5</ele><time>2026-08-03T09:22:04.500Z</time></trkpt><trkpt lon="-3.8261233" lat="53.2919867"><ele>7.6</ele><time>2026-08-03T09:22:06.600Z</time></trkpt><trkpt lon="-3.82636" lat="53.29217"><ele>7.6</ele><time>2026-08-03T09:22:08.800Z</time></trkpt><trkpt lon="-3.826655" lat="53.292355"><ele>7.6</ele><time>2026-08-03T09:22:11.100Z</time></trkpt><trkpt lon="-3.82695" lat="53.29254"><ele>7.5</ele><time>2026-08-03T09:22:13.500Z</time></trkpt><trkpt lon="-3.82724" lat="53.2927"><ele>7.5</ele><time>2026-08-03T09:22:15.700Z</time></trkpt><trkpt lon="-3.82753" lat="53.29286"><ele>7.4</ele><time>2026-08-03T09:22:17.800Z</time></trkpt><trkpt lon="-3.8278133" lat="53.2929967"><ele>7.3</ele><time>2026-08-03T09:22:19.800Z</time></trkpt><trkpt lon="-3.8280966" lat="53.2931334"><ele>7.3</ele><time>2026-08-03T09:22:21.800Z</time></trkpt><trkpt lon="-3.82838" lat="53.29327"><ele>7.3</ele><time>2026-08-03T09:22:23.800Z</time></trkpt><trkpt lon="-3.8286233" lat="53.2933733"><ele>7.4</ele><time>2026-08-03T09:22:25.500Z</time></trkpt><trkpt lon="-3.82911" lat="53.29358"><ele>7.3</ele><time>2026-08-03T09:22:28.800Z</time></trkpt><trkpt lon="-3.8293733" lat="53.29368"><ele>7.0</ele><time>2026-08-03T09:22:30.400Z</time></trkpt><trkpt lon="-3.8299" lat="53.29388"><ele>6.3</ele><time>2026-08-03T09:22:33.500Z</time></trkpt><trkpt lon="-3.83026" lat="53.294"><ele>5.9</ele><time>2026-08-03T09:22:35.600Z</time></trkpt><trkpt lon="-3.83062" lat="53.29412"><ele>5.6</ele><time>2026-08-03T09:22:37.700Z</time></trkpt><trkpt lon="-3.83097" lat="53.29424"><ele>5.7</ele><time>2026-08-03T09:22:40.000Z</time></trkpt><trkpt lon="-3.83152" lat="53.2944"><ele>5.8</ele><time>2026-08-03T09:22:43.500Z</time></trkpt><trkpt lon="-3.8321" lat="53.29455"><ele>6.2</ele><time>2026-08-03T09:22:47.300Z</time></trkpt><trkpt lon="-3.83242" lat="53.2946275"><ele>6.5</ele><time>2026-08-03T09:22:49.400Z</time></trkpt><trkpt lon="-3.83274" lat="53.294705"><ele>6.8</ele><time>2026-08-03T09:22:51.600Z</time></trkpt><trkpt lon="-3.83306" lat="53.2947825"><ele>7.1</ele><time>2026-08-03T09:22:53.700Z</time></trkpt><trkpt lon="-3.83338" lat="53.29486"><ele>7.3</ele><time>2026-08-03T09:22:55.800Z</time></trkpt><trkpt lon="-3.8338" lat="53.29496"><ele>7.9</ele><time>2026-08-03T09:22:58.800Z</time></trkpt><trkpt lon="-3.83419" lat="53.2951"><ele>8.6</ele><time>2026-08-03T09:23:01.900Z</time></trkpt><trkpt lon="-3.834465" lat="53.29521"><ele>9.5</ele><time>2026-08-03T09:23:04.600Z</time></trkpt><trkpt lon="-3.83474" lat="53.29532"><ele>10.4</ele><time>2026-08-03T09:23:07.300Z</time></trkpt><trkpt lon="-3.83497" lat="53.29543"><ele>11.3</ele><time>2026-08-03T09:23:09.900Z</time></trkpt><trkpt lon="-3.83513" lat="53.29555"><ele>12.1</ele><time>2026-08-03T09:23:12.200Z</time></trkpt><trkpt lon="-3.83535" lat="53.29577"><ele>13.5</ele><time>2026-08-03T09:23:16.100Z</time></trkpt><trkpt lon="-3.835505" lat="53.29598"><ele>14.7</ele><time>2026-08-03T09:23:19.400Z</time></trkpt><trkpt lon="-3.83566" lat="53.29619"><ele>15.6</ele><time>2026-08-03T09:23:22.400Z</time></trkpt><trkpt lon="-3.83576" lat="53.29639"><ele>16.4</ele><time>2026-08-03T09:23:25.000Z</time></trkpt><trkpt lon="-3.83581" lat="53.29657"><ele>17.0</ele><time>2026-08-03T09:23:27.200Z</time></trkpt><trkpt lon="-3.83582" lat="53.29678"><ele>17.3</ele><time>2026-08-03T09:23:29.400Z</time></trkpt><trkpt lon="-3.83577" lat="53.29718"><ele>17.4</ele><time>2026-08-03T09:23:33.200Z</time></trkpt><trkpt lon="-3.835775" lat="53.29739"><ele>17.3</ele><time>2026-08-03T09:23:35.100Z</time></trkpt><trkpt lon="-3.83578" lat="53.2976"><ele>17.2</ele><time>2026-08-03T09:23:37.000Z</time></trkpt><trkpt lon="-3.835785" lat="53.29781"><ele>17.1</ele><time>2026-08-03T09:23:38.900Z</time></trkpt><trkpt lon="-3.83579" lat="53.29802"><ele>17.0</ele><time>2026-08-03T09:23:40.800Z</time></trkpt><trkpt lon="-3.8357975" lat="53.29823"><ele>16.8</ele><time>2026-08-03T09:23:42.600Z</time></trkpt><trkpt lon="-3.835805" lat="53.29844"><ele>16.5</ele><time>2026-08-03T09:23:44.400Z</time></trkpt><trkpt lon="-3.8358125" lat="53.29865"><ele>16.0</ele><time>2026-08-03T09:23:46.200Z</time></trkpt><trkpt lon="-3.83582" lat="53.29886"><ele>15.6</ele><time>2026-08-03T09:23:47.900Z</time></trkpt><trkpt lon="-3.8358333" lat="53.29905"><ele>15.2</ele><time>2026-08-03T09:23:49.500Z</time></trkpt><trkpt lon="-3.83586" lat="53.29943"><ele>14.4</ele><time>2026-08-03T09:23:52.600Z</time></trkpt><trkpt lon="-3.8358667" lat="53.29965"><ele>14.1</ele><time>2026-08-03T09:23:54.500Z</time></trkpt><trkpt lon="-3.8358733" lat="53.29987"><ele>13.9</ele><time>2026-08-03T09:23:56.400Z</time></trkpt><trkpt lon="-3.83588" lat="53.30009"><ele>13.6</ele><time>2026-08-03T09:23:58.300Z</time></trkpt><trkpt lon="-3.8358867" lat="53.3003133"><ele>13.7</ele><time>2026-08-03T09:24:00.400Z</time></trkpt><trkpt lon="-3.8358933" lat="53.3005367"><ele>13.7</ele><time>2026-08-03T09:24:02.500Z</time></trkpt><trkpt lon="-3.8359" lat="53.30076"><ele>13.8</ele><time>2026-08-03T09:24:04.700Z</time></trkpt><trkpt lon="-3.8359067" lat="53.30098"><ele>14.0</ele><time>2026-08-03T09:24:06.900Z</time></trkpt><trkpt lon="-3.8359133" lat="53.3012"><ele>14.3</ele><time>2026-08-03T09:24:09.200Z</time></trkpt><trkpt lon="-3.83592" lat="53.30142"><ele>14.8</ele><time>2026-08-03T09:24:11.600Z</time></trkpt><trkpt lon="-3.83587" lat="53.30177"><ele>15.5</ele><time>2026-08-03T09:24:15.400Z</time></trkpt><trkpt lon="-3.83579" lat="53.301995"><ele>16.1</ele><time>2026-08-03T09:24:18.000Z</time></trkpt><trkpt lon="-3.83571" lat="53.30222"><ele>16.9</ele><time>2026-08-03T09:24:20.900Z</time></trkpt><trkpt lon="-3.835635" lat="53.30243"><ele>17.9</ele><time>2026-08-03T09:24:23.800Z</time></trkpt><trkpt lon="-3.83556" lat="53.30264"><ele>18.7</ele><time>2026-08-03T09:24:26.500Z</time></trkpt><trkpt lon="-3.8354667" lat="53.3028367"><ele>19.4</ele><time>2026-08-03T09:24:29.000Z</time></trkpt><trkpt lon="-3.8353733" lat="53.3030333"><ele>19.8</ele><time>2026-08-03T09:24:31.200Z</time></trkpt><trkpt lon="-3.83528" lat="53.30323"><ele>20.1</ele><time>2026-08-03T09:24:33.300Z</time></trkpt><trkpt lon="-3.83512" lat="53.30347"><ele>20.5</ele><time>2026-08-03T09:24:36.100Z</time></trkpt><trkpt lon="-3.83486" lat="53.30374"><ele>21.5</ele><time>2026-08-03T09:24:39.800Z</time></trkpt><trkpt lon="-3.834675" lat="53.303915"><ele>22.3</ele><time>2026-08-03T09:24:42.400Z</time></trkpt><trkpt lon="-3.83449" lat="53.30409"><ele>23.3</ele><time>2026-08-03T09:24:45.300Z</time></trkpt><trkpt lon="-3.8342925" lat="53.3042475"><ele>24.2</ele><time>2026-08-03T09:24:48.000Z</time></trkpt><trkpt lon="-3.834095" lat="53.304405"><ele>25.1</ele><time>2026-08-03T09:24:50.700Z</time></trkpt><trkpt lon="-3.8338975" lat="53.3045625"><ele>25.9</ele><time>2026-08-03T09:24:53.300Z</time></trkpt><trkpt lon="-3.8337" lat="53.30472"><ele>26.7</ele><time>2026-08-03T09:24:55.800Z</time></trkpt><trkpt lon="-3.8335" lat="53.3048775"><ele>27.3</ele><time>2026-08-03T09:24:58.200Z</time></trkpt><trkpt lon="-3.8333" lat="53.305035"><ele>27.7</ele><time>2026-08-03T09:25:00.300Z</time></trkpt><trkpt lon="-3.8331" lat="53.3051925"><ele>28.0</ele><time>2026-08-03T09:25:02.400Z</time></trkpt><trkpt lon="-3.8329" lat="53.30535"><ele>28.3</ele><time>2026-08-03T09:25:04.400Z</time></trkpt><trkpt lon="-3.83269" lat="53.305535"><ele>28.2</ele><time>2026-08-03T09:25:06.500Z</time></trkpt><trkpt lon="-3.83248" lat="53.30572"><ele>27.9</ele><time>2026-08-03T09:25:08.400Z</time></trkpt><trkpt lon="-3.83227" lat="53.305905"><ele>27.5</ele><time>2026-08-03T09:25:10.300Z</time></trkpt><trkpt lon="-3.83206" lat="53.30609"><ele>27.1</ele><time>2026-08-03T09:25:12.200Z</time></trkpt><trkpt lon="-3.8318533" lat="53.30629"><ele>26.6</ele><time>2026-08-03T09:25:14.100Z</time></trkpt><trkpt lon="-3.8316467" lat="53.30649"><ele>26.0</ele><time>2026-08-03T09:25:16.000Z</time></trkpt><trkpt lon="-3.83144" lat="53.30669"><ele>25.3</ele><time>2026-08-03T09:25:17.800Z</time></trkpt><trkpt lon="-3.83131" lat="53.30683"><ele>24.9</ele><time>2026-08-03T09:25:19.100Z</time></trkpt><trkpt lon="-3.83114" lat="53.30703"><ele>24.5</ele><time>2026-08-03T09:25:21.000Z</time></trkpt><trkpt lon="-3.83105" lat="53.30717"><ele>24.1</ele><time>2026-08-03T09:25:22.200Z</time></trkpt><trkpt lon="-3.83094" lat="53.30742"><ele>23.3</ele><time>2026-08-03T09:25:24.200Z</time></trkpt><trkpt lon="-3.830935" lat="53.30763"><ele>22.6</ele><time>2026-08-03T09:25:25.800Z</time></trkpt><trkpt lon="-3.83093" lat="53.30784"><ele>21.6</ele><time>2026-08-03T09:25:27.300Z</time></trkpt><trkpt lon="-3.831" lat="53.30818"><ele>20.0</ele><time>2026-08-03T09:25:29.800Z</time></trkpt><trkpt lon="-3.8310833" lat="53.3083867"><ele>19.4</ele><time>2026-08-03T09:25:31.500Z</time></trkpt><trkpt lon="-3.8311666" lat="53.3085934"><ele>18.4</ele><time>2026-08-03T09:25:33.000Z</time></trkpt><trkpt lon="-3.83125" lat="53.3088"><ele>17.5</ele><time>2026-08-03T09:25:34.500Z</time></trkpt><trkpt lon="-3.83133" lat="53.3090267"><ele>17.0</ele><time>2026-08-03T09:25:36.500Z</time></trkpt><trkpt lon="-3.83141" lat="53.3092533"><ele>16.9</ele><time>2026-08-03T09:25:38.500Z</time></trkpt><trkpt lon="-3.83149" lat="53.30948"><ele>16.8</ele><time>2026-08-03T09:25:40.600Z</time></trkpt><trkpt lon="-3.83155" lat="53.30981"><ele>16.7</ele><time>2026-08-03T09:25:43.700Z</time></trkpt><trkpt lon="-3.83155" lat="53.31016"><ele>16.5</ele><time>2026-08-03T09:25:46.800Z</time></trkpt><trkpt lon="-3.83154" lat="53.31038"><ele>15.9</ele><time>2026-08-03T09:25:48.600Z</time></trkpt><trkpt lon="-3.83153" lat="53.310600095395"><ele>15.2</ele><time>2026-08-03T09:25:50.300Z</time></trkpt><trkpt lon="-3.83156" lat="53.3109"><ele>14.2</ele><time>2026-08-03T09:25:52.600Z</time></trkpt><trkpt lon="-3.83172" lat="53.31127"><ele>12.5</ele><time>2026-08-03T09:25:55.400Z</time></trkpt><trkpt lon="-3.83184" lat="53.31147009549"><ele>11.6</ele><time>2026-08-03T09:25:56.900Z</time></trkpt><trkpt lon="-3.831965" lat="53.311685"><ele>10.7</ele><time>2026-08-03T09:25:58.600Z</time></trkpt><trkpt lon="-3.83209" lat="53.3119"><ele>9.6</ele><time>2026-08-03T09:26:00.200Z</time></trkpt><trkpt lon="-3.83237" lat="53.31223"><ele>8.2</ele><time>2026-08-03T09:26:03.000Z</time></trkpt><trkpt lon="-3.83272" lat="53.31256"><ele>7.9</ele><time>2026-08-03T09:26:06.500Z</time></trkpt><trkpt lon="-3.8329" lat="53.31268"><ele>8.0</ele><time>2026-08-03T09:26:08.100Z</time></trkpt><trkpt lon="-3.83306" lat="53.31275"><ele>8.3</ele><time>2026-08-03T09:26:09.400Z</time></trkpt><trkpt lon="-3.83311" lat="53.31277"><ele>8.4</ele><time>2026-08-03T09:26:09.800Z</time></trkpt><trkpt lon="-3.83328" lat="53.31286"><ele>9.0</ele><time>2026-08-03T09:26:11.600Z</time></trkpt><trkpt lon="-3.83354" lat="53.31296"><ele>10.3</ele><time>2026-08-03T09:26:14.700Z</time></trkpt><trkpt lon="-3.83381" lat="53.31303"><ele>11.2</ele><time>2026-08-03T09:26:17.400Z</time></trkpt><trkpt lon="-3.83396" lat="53.31309"><ele>11.5</ele><time>2026-08-03T09:26:18.600Z</time></trkpt><trkpt lon="-3.83421" lat="53.313235"><ele>11.7</ele><time>2026-08-03T09:26:20.800Z</time></trkpt><trkpt lon="-3.83446" lat="53.31338"><ele>11.4</ele><time>2026-08-03T09:26:22.500Z</time></trkpt><trkpt lon="-3.83466" lat="53.31353"><ele>10.9</ele><time>2026-08-03T09:26:24.100Z</time></trkpt><trkpt lon="-3.83476" lat="53.31365"><ele>10.4</ele><time>2026-08-03T09:26:25.100Z</time></trkpt><trkpt lon="-3.834875" lat="53.31384"><ele>9.2</ele><time>2026-08-03T09:26:26.400Z</time></trkpt><trkpt lon="-3.83499" lat="53.31403"><ele>8.2</ele><time>2026-08-03T09:26:27.900Z</time></trkpt><trkpt lon="-3.83524" lat="53.31432"><ele>7.4</ele><time>2026-08-03T09:26:30.500Z</time></trkpt><trkpt lon="-3.83548" lat="53.31456"><ele>7.4</ele><time>2026-08-03T09:26:33.100Z</time></trkpt><trkpt lon="-3.83572" lat="53.314705"><ele>7.4</ele><time>2026-08-03T09:26:35.000Z</time></trkpt><trkpt lon="-3.83596" lat="53.31485"><ele>7.5</ele><time>2026-08-03T09:26:37.000Z</time></trkpt><trkpt lon="-3.836195" lat="53.3149975"><ele>7.5</ele><time>2026-08-03T09:26:38.800Z</time></trkpt><trkpt lon="-3.83643" lat="53.315145"><ele>7.5</ele><time>2026-08-03T09:26:40.700Z</time></trkpt><trkpt lon="-3.836665" lat="53.3152925"><ele>7.4</ele><time>2026-08-03T09:26:42.600Z</time></trkpt><trkpt lon="-3.8369" lat="53.31544"><ele>7.4</ele><time>2026-08-03T09:26:44.500Z</time></trkpt><trkpt lon="-3.8371325" lat="53.31559"><ele>7.4</ele><time>2026-08-03T09:26:46.400Z</time></trkpt><trkpt lon="-3.837365" lat="53.31574"><ele>7.3</ele><time>2026-08-03T09:26:48.200Z</time></trkpt><trkpt lon="-3.8375975" lat="53.31589"><ele>7.3</ele><time>2026-08-03T09:26:50.100Z</time></trkpt><trkpt lon="-3.83783" lat="53.31604"><ele>7.3</ele><time>2026-08-03T09:26:52.000Z</time></trkpt><trkpt lon="-3.838065" lat="53.3161875"><ele>7.3</ele><time>2026-08-03T09:26:53.900Z</time></trkpt><trkpt lon="-3.8383" lat="53.316335"><ele>7.2</ele><time>2026-08-03T09:26:55.700Z</time></trkpt><trkpt lon="-3.838535" lat="53.3164825"><ele>7.2</ele><time>2026-08-03T09:26:57.600Z</time></trkpt><trkpt lon="-3.83877" lat="53.31663"><ele>7.2</ele><time>2026-08-03T09:26:59.500Z</time></trkpt><trkpt lon="-3.839005" lat="53.3167775"><ele>7.2</ele><time>2026-08-03T09:27:01.400Z</time></trkpt><trkpt lon="-3.83924" lat="53.316925"><ele>7.2</ele><time>2026-08-03T09:27:03.200Z</time></trkpt><trkpt lon="-3.839475" lat="53.3170725"><ele>7.2</ele><time>2026-08-03T09:27:05.100Z</time></trkpt><trkpt lon="-3.83971" lat="53.31722"><ele>7.1</ele><time>2026-08-03T09:27:07.000Z</time></trkpt><trkpt lon="-3.84009" lat="53.31747"><ele>7.1</ele><time>2026-08-03T09:27:10.100Z</time></trkpt><trkpt lon="-3.8403" lat="53.3176"><ele>7.1</ele><time>2026-08-03T09:27:11.800Z</time></trkpt><trkpt lon="-3.84072" lat="53.31786"><ele>7.0</ele><time>2026-08-03T09:27:15.100Z</time></trkpt><trkpt lon="-3.84093" lat="53.3179933"><ele>7.1</ele><time>2026-08-03T09:27:16.800Z</time></trkpt><trkpt lon="-3.84135" lat="53.31826"><ele>7.0</ele><time>2026-08-03T09:27:20.200Z</time></trkpt><trkpt lon="-3.84158" lat="53.3184"><ele>6.9</ele><time>2026-08-03T09:27:22.000Z</time></trkpt><trkpt lon="-3.84175" lat="53.31857"><ele>6.9</ele><time>2026-08-03T09:27:23.800Z</time></trkpt><trkpt lon="-3.84185" lat="53.31876"><ele>6.8</ele><time>2026-08-03T09:27:25.600Z</time></trkpt><trkpt lon="-3.8419533" lat="53.31893"><ele>6.8</ele><time>2026-08-03T09:27:27.300Z</time></trkpt><trkpt lon="-3.84216" lat="53.31927"><ele>6.9</ele><time>2026-08-03T09:27:30.700Z</time></trkpt><trkpt lon="-3.8422633" lat="53.3194433"><ele>6.9</ele><time>2026-08-03T09:27:32.400Z</time></trkpt><trkpt lon="-3.84247" lat="53.31979"><ele>6.8</ele><time>2026-08-03T09:27:35.800Z</time></trkpt><trkpt lon="-3.84258" lat="53.31996"><ele>6.8</ele><time>2026-08-03T09:27:37.400Z</time></trkpt><trkpt lon="-3.8428" lat="53.3203"><ele>6.8</ele><time>2026-08-03T09:27:40.800Z</time></trkpt><trkpt lon="-3.8429" lat="53.32042"><ele>6.7</ele><time>2026-08-03T09:27:42.000Z</time></trkpt><trkpt lon="-3.84322" lat="53.32028"><ele>6.7</ele><time>2026-08-03T09:27:44.200Z</time></trkpt><trkpt lon="-3.84352" lat="53.32014"><ele>6.6</ele><time>2026-08-03T09:27:46.300Z</time></trkpt><trkpt lon="-3.84382" lat="53.32"><ele>6.7</ele><time>2026-08-03T09:27:48.400Z</time></trkpt><trkpt lon="-3.84388" lat="53.31997"><ele>6.7</ele><time>2026-08-03T09:27:48.800Z</time></trkpt><trkpt lon="-3.8440933" lat="53.32015"><ele>6.7</ele><time>2026-08-03T09:27:50.900Z</time></trkpt><trkpt lon="-3.8443066" lat="53.32033"><ele>6.6</ele><time>2026-08-03T09:27:52.900Z</time></trkpt><trkpt lon="-3.84452" lat="53.32051"><ele>6.6</ele><time>2026-08-03T09:27:54.900Z</time></trkpt><trkpt lon="-3.84486" lat="53.32075"><ele>6.6</ele><time>2026-08-03T09:27:57.900Z</time></trkpt><trkpt lon="-3.84508" lat="53.32089"><ele>6.6</ele><time>2026-08-03T09:27:59.700Z</time></trkpt><trkpt lon="-3.84536" lat="53.3210367"><ele>6.7</ele><time>2026-08-03T09:28:01.800Z</time></trkpt><trkpt lon="-3.84564" lat="53.3211834"><ele>6.8</ele><time>2026-08-03T09:28:03.900Z</time></trkpt><trkpt lon="-3.84592" lat="53.32133"><ele>6.8</ele><time>2026-08-03T09:28:06.000Z</time></trkpt><trkpt lon="-3.84615" lat="53.3214267"><ele>6.8</ele><time>2026-08-03T09:28:07.600Z</time></trkpt><trkpt lon="-3.84661" lat="53.32162"><ele>6.9</ele><time>2026-08-03T09:28:10.700Z</time></trkpt><trkpt lon="-3.84695" lat="53.321765"><ele>7.0</ele><time>2026-08-03T09:28:13.100Z</time></trkpt><trkpt lon="-3.84729" lat="53.32191"><ele>7.3</ele><time>2026-08-03T09:28:15.700Z</time></trkpt><trkpt lon="-3.84753" lat="53.32199"><ele>7.4</ele><time>2026-08-03T09:28:17.300Z</time></trkpt><trkpt lon="-3.84781" lat="53.32207"><ele>7.6</ele><time>2026-08-03T09:28:19.100Z</time></trkpt><trkpt lon="-3.84836" lat="53.3222"><ele>7.8</ele><time>2026-08-03T09:28:22.600Z</time></trkpt><trkpt lon="-3.84873" lat="53.32229"><ele>8.0</ele><time>2026-08-03T09:28:25.000Z</time></trkpt><trkpt lon="-3.8491" lat="53.32238"><ele>8.2</ele><time>2026-08-03T09:28:27.300Z</time></trkpt><trkpt lon="-3.8495" lat="53.32251"><ele>8.6</ele><time>2026-08-03T09:28:30.200Z</time></trkpt><trkpt lon="-3.84982" lat="53.32266"><ele>9.2</ele><time>2026-08-03T09:28:32.900Z</time></trkpt><trkpt lon="-3.8499633" lat="53.3227533"><ele>9.7</ele><time>2026-08-03T09:28:34.500Z</time></trkpt><trkpt lon="-3.8501067" lat="53.3228467"><ele>10.3</ele><time>2026-08-03T09:28:36.200Z</time></trkpt><trkpt lon="-3.85025" lat="53.32294"><ele>10.7</ele><time>2026-08-03T09:28:37.800Z</time></trkpt><trkpt lon="-3.85035" lat="53.323"><ele>10.9</ele><time>2026-08-03T09:28:38.700Z</time></trkpt><trkpt lon="-3.8507133" lat="53.3231433"><ele>11.5</ele><time>2026-08-03T09:28:41.600Z</time></trkpt><trkpt lon="-3.8510767" lat="53.3232867"><ele>12.2</ele><time>2026-08-03T09:28:44.500Z</time></trkpt><trkpt lon="-3.85144" lat="53.323430097467"><ele>12.6</ele><time>2026-08-03T09:28:47.300Z</time></trkpt><trkpt lon="-3.8516425" lat="53.32349"><ele>12.8</ele><time>2026-08-03T09:28:48.700Z</time></trkpt><trkpt lon="-3.851845" lat="53.32355"><ele>12.8</ele><time>2026-08-03T09:28:50.000Z</time></trkpt><trkpt lon="-3.8520475" lat="53.32361"><ele>12.9</ele><time>2026-08-03T09:28:51.300Z</time></trkpt><trkpt lon="-3.85225" lat="53.32367"><ele>13.0</ele><time>2026-08-03T09:28:52.600Z</time></trkpt><trkpt lon="-3.852555" lat="53.323735"><ele>13.1</ele><time>2026-08-03T09:28:54.500Z</time></trkpt><trkpt lon="-3.85286" lat="53.3238"><ele>13.2</ele><time>2026-08-03T09:28:56.400Z</time></trkpt><trkpt lon="-3.853165" lat="53.323865"><ele>13.2</ele><time>2026-08-03T09:28:58.200Z</time></trkpt><trkpt lon="-3.85347" lat="53.32393"><ele>13.2</ele><time>2026-08-03T09:29:00.000Z</time></trkpt><trkpt lon="-3.8538467" lat="53.32403"><ele>13.3</ele><time>2026-08-03T09:29:02.300Z</time></trkpt><trkpt lon="-3.8542233" lat="53.32413"><ele>13.3</ele><time>2026-08-03T09:29:04.600Z</time></trkpt><trkpt lon="-3.8546" lat="53.32423"><ele>13.4</ele><time>2026-08-03T09:29:06.900Z</time></trkpt><trkpt lon="-3.85518" lat="53.32439"><ele>13.3</ele><time>2026-08-03T09:29:10.400Z</time></trkpt><trkpt lon="-3.8555233" lat="53.3244833"><ele>13.4</ele><time>2026-08-03T09:29:12.600Z</time></trkpt><trkpt lon="-3.8558666" lat="53.3245767"><ele>13.5</ele><time>2026-08-03T09:29:14.800Z</time></trkpt><trkpt lon="-3.85621" lat="53.32467"><ele>13.6</ele><time>2026-08-03T09:29:17.000Z</time></trkpt><trkpt lon="-3.85649" lat="53.32475"><ele>14.0</ele><time>2026-08-03T09:29:19.000Z</time></trkpt><trkpt lon="-3.85675" lat="53.32484"><ele>14.6</ele><time>2026-08-03T09:29:21.100Z</time></trkpt><trkpt lon="-3.85699" lat="53.32494"><ele>15.3</ele><time>2026-08-03T09:29:23.400Z</time></trkpt><trkpt lon="-3.85721" lat="53.32504"><ele>16.0</ele><time>2026-08-03T09:29:25.600Z</time></trkpt><trkpt lon="-3.85732" lat="53.32512"><ele>16.4</ele><time>2026-08-03T09:29:26.900Z</time></trkpt><trkpt lon="-3.8574" lat="53.32521"><ele>16.8</ele><time>2026-08-03T09:29:28.200Z</time></trkpt><trkpt lon="-3.85755" lat="53.32541"><ele>17.7</ele><time>2026-08-03T09:29:31.100Z</time></trkpt><trkpt lon="-3.8576" lat="53.32552"><ele>18.2</ele><time>2026-08-03T09:29:32.600Z</time></trkpt><trkpt lon="-3.85763" lat="53.32561"><ele>18.6</ele><time>2026-08-03T09:29:33.800Z</time></trkpt><trkpt lon="-3.85764" lat="53.3257333"><ele>19.2</ele><time>2026-08-03T09:29:35.600Z</time></trkpt><trkpt lon="-3.85766" lat="53.32598"><ele>20.7</ele><time>2026-08-03T09:29:39.600Z</time></trkpt><trkpt lon="-3.85767" lat="53.32608"><ele>21.4</ele><time>2026-08-03T09:29:41.300Z</time></trkpt><trkpt lon="-3.85771" lat="53.32617"><ele>22.0</ele><time>2026-08-03T09:29:42.800Z</time></trkpt><trkpt lon="-3.85785" lat="53.32639"><ele>23.3</ele><time>2026-08-03T09:29:46.400Z</time></trkpt><trkpt lon="-3.85794" lat="53.3265133"><ele>24.0</ele><time>2026-08-03T09:29:48.400Z</time></trkpt><trkpt lon="-3.85812" lat="53.32676"><ele>26.0</ele><time>2026-08-03T09:29:53.300Z</time></trkpt><trkpt lon="-3.85825" lat="53.32691"><ele>27.1</ele><time>2026-08-03T09:29:56.100Z</time></trkpt><trkpt lon="-3.85833" lat="53.32698"><ele>27.4</ele><time>2026-08-03T09:29:57.100Z</time></trkpt><trkpt lon="-3.8585633" lat="53.32716"><ele>28.3</ele><time>2026-08-03T09:30:00.100Z</time></trkpt><trkpt lon="-3.8587967" lat="53.32734"><ele>29.4</ele><time>2026-08-03T09:30:03.400Z</time></trkpt><trkpt lon="-3.85903" lat="53.32752"><ele>30.8</ele><time>2026-08-03T09:30:07.000Z</time></trkpt><trkpt lon="-3.859165" lat="53.32764"><ele>31.7</ele><time>2026-08-03T09:30:09.300Z</time></trkpt><trkpt lon="-3.8593" lat="53.32776"><ele>32.8</ele><time>2026-08-03T09:30:12.000Z</time></trkpt><trkpt lon="-3.85957" lat="53.328"><ele>34.7</ele><time>2026-08-03T09:30:16.800Z</time></trkpt><trkpt lon="-3.85973" lat="53.32812"><ele>35.6</ele><time>2026-08-03T09:30:19.200Z</time></trkpt><trkpt lon="-3.85989" lat="53.32823"><ele>36.5</ele><time>2026-08-03T09:30:21.600Z</time></trkpt><trkpt lon="-3.85992" lat="53.32825"><ele>36.7</ele><time>2026-08-03T09:30:22.100Z</time></trkpt><trkpt lon="-3.86005" lat="53.3283633"><ele>37.9</ele><time>2026-08-03T09:30:24.800Z</time></trkpt><trkpt lon="-3.86031" lat="53.32859"><ele>40.2</ele><time>2026-08-03T09:30:30.200Z</time></trkpt><trkpt lon="-3.86046" lat="53.32872"><ele>41.5</ele><time>2026-08-03T09:30:33.300Z</time></trkpt><trkpt lon="-3.860595" lat="53.32887"><ele>43.0</ele><time>2026-08-03T09:30:36.700Z</time></trkpt><trkpt lon="-3.86073" lat="53.32902"><ele>44.6</ele><time>2026-08-03T09:30:40.200Z</time></trkpt><trkpt lon="-3.86085" lat="53.32914"><ele>45.8</ele><time>2026-08-03T09:30:43.000Z</time></trkpt><trkpt lon="-3.86103" lat="53.329275"><ele>47.2</ele><time>2026-08-03T09:30:46.400Z</time></trkpt><trkpt lon="-3.86121" lat="53.32941"><ele>48.7</ele><time>2026-08-03T09:30:49.800Z</time></trkpt><trkpt lon="-3.8614" lat="53.32958"><ele>50.7</ele><time>2026-08-03T09:30:54.200Z</time></trkpt><trkpt lon="-3.86153" lat="53.32968"><ele>51.8</ele><time>2026-08-03T09:30:56.800Z</time></trkpt><trkpt lon="-3.86169" lat="53.32978"><ele>53.1</ele><time>2026-08-03T09:30:59.600Z</time></trkpt><trkpt lon="-3.8618667" lat="53.3299033"><ele>54.5</ele><time>2026-08-03T09:31:02.900Z</time></trkpt><trkpt lon="-3.8620433" lat="53.3300267"><ele>55.8</ele><time>2026-08-03T09:31:06.000Z</time></trkpt><trkpt lon="-3.86222" lat="53.33015"><ele>57.1</ele><time>2026-08-03T09:31:09.000Z</time></trkpt><trkpt lon="-3.86238" lat="53.3302567"><ele>58.0</ele><time>2026-08-03T09:31:11.300Z</time></trkpt><trkpt lon="-3.8627" lat="53.33047"><ele>59.6</ele><time>2026-08-03T09:31:15.800Z</time></trkpt><trkpt lon="-3.86298" lat="53.33063"><ele>60.8</ele><time>2026-08-03T09:31:19.200Z</time></trkpt><trkpt lon="-3.86306" lat="53.33067"><ele>61.1</ele><time>2026-08-03T09:31:20.100Z</time></trkpt><trkpt lon="-3.86345" lat="53.33085"><ele>62.7</ele><time>2026-08-03T09:31:24.600Z</time></trkpt><trkpt lon="-3.86363" lat="53.33092"><ele>63.4</ele><time>2026-08-03T09:31:26.500Z</time></trkpt><trkpt lon="-3.86385" lat="53.33099"><ele>64.2</ele><time>2026-08-03T09:31:28.800Z</time></trkpt><trkpt lon="-3.86409" lat="53.3310467"><ele>65.1</ele><time>2026-08-03T09:31:31.200Z</time></trkpt><trkpt lon="-3.86457" lat="53.33116"><ele>66.8</ele><time>2026-08-03T09:31:35.900Z</time></trkpt><trkpt lon="-3.86481" lat="53.33119"><ele>67.4</ele><time>2026-08-03T09:31:37.800Z</time></trkpt><trkpt lon="-3.86508" lat="53.33121"><ele>68.5</ele><time>2026-08-03T09:31:40.600Z</time></trkpt><trkpt lon="-3.86531" lat="53.33124"><ele>69.4</ele><time>2026-08-03T09:31:42.900Z</time></trkpt><trkpt lon="-3.86555" lat="53.33127"><ele>70.4</ele><time>2026-08-03T09:31:45.400Z</time></trkpt><trkpt lon="-3.86583" lat="53.33133"><ele>71.6</ele><time>2026-08-03T09:31:48.400Z</time></trkpt><trkpt lon="-3.86611" lat="53.3313967"><ele>72.9</ele><time>2026-08-03T09:31:51.600Z</time></trkpt><trkpt lon="-3.86639" lat="53.3314633"><ele>73.9</ele><time>2026-08-03T09:31:54.400Z</time></trkpt><trkpt lon="-3.86667" lat="53.33153"><ele>75.0</ele><time>2026-08-03T09:31:57.300Z</time></trkpt><trkpt lon="-3.86696" lat="53.3316"><ele>76.1</ele><time>2026-08-03T09:32:00.300Z</time></trkpt><trkpt lon="-3.86725" lat="53.33167"><ele>77.3</ele><time>2026-08-03T09:32:03.300Z</time></trkpt><trkpt lon="-3.8675" lat="53.33175"><ele>78.3</ele><time>2026-08-03T09:32:06.000Z</time></trkpt><trkpt lon="-3.86775" lat="53.33183"><ele>79.4</ele><time>2026-08-03T09:32:08.800Z</time></trkpt><trkpt lon="-3.868" lat="53.33191"><ele>80.5</ele><time>2026-08-03T09:32:11.700Z</time></trkpt><trkpt lon="-3.8681875" lat="53.3319925"><ele>81.6</ele><time>2026-08-03T09:32:14.200Z</time></trkpt><trkpt lon="-3.868375" lat="53.332075"><ele>82.6</ele><time>2026-08-03T09:32:16.700Z</time></trkpt><trkpt lon="-3.86875" lat="53.33224"><ele>84.8</ele><time>2026-08-03T09:32:21.900Z</time></trkpt><trkpt lon="-3.86916" lat="53.33236"><ele>87.1</ele><time>2026-08-03T09:32:27.200Z</time></trkpt><trkpt lon="-3.86946" lat="53.33247"><ele>88.9</ele><time>2026-08-03T09:32:31.400Z</time></trkpt><trkpt lon="-3.86968" lat="53.332575"><ele>90.5</ele><time>2026-08-03T09:32:34.900Z</time></trkpt><trkpt lon="-3.8699" lat="53.33268"><ele>92.0</ele><time>2026-08-03T09:32:38.400Z</time></trkpt><trkpt lon="-3.87008" lat="53.33281"><ele>93.6</ele><time>2026-08-03T09:32:42.000Z</time></trkpt><trkpt lon="-3.87016" lat="53.3329"><ele>94.6</ele><time>2026-08-03T09:32:44.200Z</time></trkpt><trkpt lon="-3.87019" lat="53.3329675"><ele>95.3</ele><time>2026-08-03T09:32:45.700Z</time></trkpt><trkpt lon="-3.87022" lat="53.333035"><ele>96.0</ele><time>2026-08-03T09:32:47.200Z</time></trkpt><trkpt lon="-3.87028" lat="53.33317"><ele>97.5</ele><time>2026-08-03T09:32:50.400Z</time></trkpt><trkpt lon="-3.87033" lat="53.33327"><ele>98.6</ele><time>2026-08-03T09:32:52.800Z</time></trkpt><trkpt lon="-3.87041" lat="53.33335"><ele>99.6</ele><time>2026-08-03T09:32:54.900Z</time></trkpt><trkpt lon="-3.87064" lat="53.33351"><ele>101.8</ele><time>2026-08-03T09:32:59.700Z</time></trkpt><trkpt lon="-3.87081" lat="53.33361"><ele>103.3</ele><time>2026-08-03T09:33:02.900Z</time></trkpt><trkpt lon="-3.87096" lat="53.33371"><ele>104.7</ele><time>2026-08-03T09:33:05.900Z</time></trkpt><trkpt lon="-3.8711" lat="53.33383"><ele>106.3</ele><time>2026-08-03T09:33:09.300Z</time></trkpt><trkpt lon="-3.871265" lat="53.33394"><ele>107.8</ele><time>2026-08-03T09:33:12.600Z</time></trkpt><trkpt lon="-3.87143" lat="53.33405"><ele>109.3</ele><time>2026-08-03T09:33:15.800Z</time></trkpt><trkpt lon="-3.87155" lat="53.33416"><ele>110.5</ele><time>2026-08-03T09:33:18.600Z</time></trkpt><trkpt lon="-3.87167" lat="53.33431"><ele>112.1</ele><time>2026-08-03T09:33:22.200Z</time></trkpt><trkpt lon="-3.87174" lat="53.33436"><ele>112.7</ele><time>2026-08-03T09:33:23.500Z</time></trkpt><trkpt lon="-3.87191" lat="53.33445"><ele>114.1</ele><time>2026-08-03T09:33:26.600Z</time></trkpt><trkpt lon="-3.87195" lat="53.33449"><ele>114.6</ele><time>2026-08-03T09:33:27.600Z</time></trkpt><trkpt lon="-3.87202" lat="53.33462"><ele>115.9</ele><time>2026-08-03T09:33:30.500Z</time></trkpt><trkpt lon="-3.8721" lat="53.33469"><ele>116.6</ele><time>2026-08-03T09:33:32.200Z</time></trkpt><trkpt lon="-3.87221" lat="53.33477"><ele>117.5</ele><time>2026-08-03T09:33:34.200Z</time></trkpt><trkpt lon="-3.87231" lat="53.33483"><ele>118.2</ele><time>2026-08-03T09:33:35.900Z</time></trkpt><trkpt lon="-3.87243" lat="53.33489"><ele>118.9</ele><time>2026-08-03T09:33:37.600Z</time></trkpt><trkpt lon="-3.87276" lat="53.33503"><ele>120.3</ele><time>2026-08-03T09:33:41.400Z</time></trkpt><trkpt lon="-3.87286" lat="53.3351"><ele>120.5</ele><time>2026-08-03T09:33:42.400Z</time></trkpt><trkpt lon="-3.87288" lat="53.33513"><ele>120.5</ele><time>2026-08-03T09:33:42.700Z</time></trkpt><trkpt lon="-3.87288" lat="53.33517"><ele>120.5</ele><time>2026-08-03T09:33:43.100Z</time></trkpt><trkpt lon="-3.87285" lat="53.3353"><ele>120.5</ele><time>2026-08-03T09:33:44.300Z</time></trkpt><trkpt lon="-3.87285" lat="53.3354"><ele>120.3</ele><time>2026-08-03T09:33:45.100Z</time></trkpt><trkpt lon="-3.87292" lat="53.33551"><ele>120.2</ele><time>2026-08-03T09:33:46.100Z</time></trkpt><trkpt lon="-3.87298" lat="53.33556"><ele>120.1</ele><time>2026-08-03T09:33:46.700Z</time></trkpt><trkpt lon="-3.87305" lat="53.3356"><ele>120.0</ele><time>2026-08-03T09:33:47.200Z</time></trkpt><trkpt lon="-3.87313" lat="53.33562"><ele>119.9</ele><time>2026-08-03T09:33:47.600Z</time></trkpt><trkpt lon="-3.87338" lat="53.33565"><ele>119.7</ele><time>2026-08-03T09:33:48.900Z</time></trkpt><trkpt lon="-3.87353" lat="53.33568"><ele>119.8</ele><time>2026-08-03T09:33:49.800Z</time></trkpt><trkpt lon="-3.87362" lat="53.33571"><ele>119.8</ele><time>2026-08-03T09:33:50.400Z</time></trkpt><trkpt lon="-3.87371" lat="53.3358"><ele>120.0</ele><time>2026-08-03T09:33:51.500Z</time></trkpt><trkpt lon="-3.87408" lat="53.3359"><ele>120.8</ele><time>2026-08-03T09:33:54.500Z</time></trkpt><trkpt lon="-3.87424" lat="53.33596"><ele>121.1</ele><time>2026-08-03T09:33:55.700Z</time></trkpt><trkpt lon="-3.87438" lat="53.33604"><ele>121.3</ele><time>2026-08-03T09:33:57.000Z</time></trkpt><trkpt lon="-3.87446" lat="53.33611"><ele>121.5</ele><time>2026-08-03T09:33:57.900Z</time></trkpt><trkpt lon="-3.87449" lat="53.33617"><ele>121.6</ele><time>2026-08-03T09:33:58.600Z</time></trkpt><trkpt lon="-3.8745" lat="53.33624"><ele>121.7</ele><time>2026-08-03T09:33:59.300Z</time></trkpt><trkpt lon="-3.874455" lat="53.33632"><ele>121.8</ele><time>2026-08-03T09:34:00.200Z</time></trkpt><trkpt lon="-3.87441" lat="53.3364"><ele>121.9</ele><time>2026-08-03T09:34:01.000Z</time></trkpt><trkpt lon="-3.87438" lat="53.33653"><ele>122.0</ele><time>2026-08-03T09:34:02.400Z</time></trkpt><trkpt lon="-3.8744" lat="53.3366"><ele>122.2</ele><time>2026-08-03T09:34:03.200Z</time></trkpt><trkpt lon="-3.87444" lat="53.33665"><ele>122.3</ele><time>2026-08-03T09:34:03.800Z</time></trkpt><trkpt lon="-3.8746" lat="53.33676"><ele>122.7</ele><time>2026-08-03T09:34:05.400Z</time></trkpt><trkpt lon="-3.87467" lat="53.33683"><ele>123.0</ele><time>2026-08-03T09:34:06.400Z</time></trkpt><trkpt lon="-3.87486" lat="53.33696"><ele>123.5</ele><time>2026-08-03T09:34:08.500Z</time></trkpt><trkpt lon="-3.875155" lat="53.337145"><ele>124.6</ele><time>2026-08-03T09:34:11.800Z</time></trkpt><trkpt lon="-3.87545" lat="53.33733"><ele>125.3</ele><time>2026-08-03T09:34:14.800Z</time></trkpt><trkpt lon="-3.87563" lat="53.33746"><ele>125.8</ele><time>2026-08-03T09:34:16.700Z</time></trkpt><trkpt lon="-3.87574" lat="53.33756"><ele>126.0</ele><time>2026-08-03T09:34:18.000Z</time></trkpt><trkpt lon="-3.87578" lat="53.33764"><ele>126.0</ele><time>2026-08-03T09:34:18.800Z</time></trkpt><trkpt lon="-3.87578" lat="53.33772"><ele>125.9</ele><time>2026-08-03T09:34:19.500Z</time></trkpt><trkpt lon="-3.87575" lat="53.3378"><ele>125.9</ele><time>2026-08-03T09:34:20.200Z</time></trkpt><trkpt lon="-3.87565" lat="53.33792"><ele>125.9</ele><time>2026-08-03T09:34:21.500Z</time></trkpt><trkpt lon="-3.87556" lat="53.33802"><ele>125.9</ele><time>2026-08-03T09:34:22.500Z</time></trkpt><trkpt lon="-3.87542" lat="53.33812"><ele>126.0</ele><time>2026-08-03T09:34:23.800Z</time></trkpt><trkpt lon="-3.87527" lat="53.33822"><ele>126.0</ele><time>2026-08-03T09:34:25.100Z</time></trkpt><trkpt lon="-3.87506" lat="53.33832"><ele>126.1</ele><time>2026-08-03T09:34:26.600Z</time></trkpt><trkpt lon="-3.87485" lat="53.33841"><ele>126.2</ele><time>2026-08-03T09:34:28.100Z</time></trkpt><trkpt lon="-3.87462" lat="53.33848"><ele>126.1</ele><time>2026-08-03T09:34:29.500Z</time></trkpt><trkpt lon="-3.87442" lat="53.33852"><ele>126.1</ele><time>2026-08-03T09:34:30.700Z</time></trkpt><trkpt lon="-3.87402" lat="53.3386"><ele>126.2</ele><time>2026-08-03T09:34:33.100Z</time></trkpt><trkpt lon="-3.8739" lat="53.33863"><ele>126.3</ele><time>2026-08-03T09:34:33.900Z</time></trkpt><trkpt lon="-3.87373" lat="53.33869"><ele>126.7</ele><time>2026-08-03T09:34:35.200Z</time></trkpt><trkpt lon="-3.87332" lat="53.33887"><ele>128.2</ele><time>2026-08-03T09:34:39.700Z</time></trkpt><trkpt lon="-3.87305" lat="53.33899"><ele>129.3</ele><time>2026-08-03T09:34:42.700Z</time></trkpt><trkpt lon="-3.87268" lat="53.33913"><ele>130.1</ele><time>2026-08-03T09:34:45.800Z</time></trkpt><trkpt lon="-3.87218" lat="53.33928"><ele>130.2</ele><time>2026-08-03T09:34:49.000Z</time></trkpt><trkpt lon="-3.87193" lat="53.33935"><ele>129.8</ele><time>2026-08-03T09:34:50.300Z</time></trkpt><trkpt lon="-3.87143" lat="53.33949"><ele>128.5</ele><time>2026-08-03T09:34:52.700Z</time></trkpt><trkpt lon="-3.87112" lat="53.33964"><ele>127.1</ele><time>2026-08-03T09:34:54.400Z</time></trkpt><trkpt lon="-3.87087" lat="53.33977"><ele>125.7</ele><time>2026-08-03T09:34:55.700Z</time></trkpt><trkpt lon="-3.87064" lat="53.33996"><ele>124.3</ele><time>2026-08-03T09:34:57.300Z</time></trkpt><trkpt lon="-3.87041" lat="53.34017"><ele>123.9</ele><time>2026-08-03T09:34:59.400Z</time></trkpt><trkpt lon="-3.87026" lat="53.34033"><ele>124.2</ele><time>2026-08-03T09:35:01.300Z</time></trkpt><trkpt lon="-3.87021" lat="53.34042"><ele>124.5</ele><time>2026-08-03T09:35:02.600Z</time></trkpt><trkpt lon="-3.8702" lat="53.34052"><ele>125.0</ele><time>2026-08-03T09:35:04.000Z</time></trkpt><trkpt lon="-3.87025" lat="53.34075"><ele>126.4</ele><time>2026-08-03T09:35:07.700Z</time></trkpt><trkpt lon="-3.87025" lat="53.34083"><ele>126.8</ele><time>2026-08-03T09:35:08.900Z</time></trkpt><trkpt lon="-3.8702" lat="53.34095"><ele>127.3</ele><time>2026-08-03T09:35:10.500Z</time></trkpt><trkpt lon="-3.87001" lat="53.34109"><ele>127.5</ele><time>2026-08-03T09:35:12.300Z</time></trkpt><trkpt lon="-3.86971" lat="53.34125"><ele>127.3</ele><time>2026-08-03T09:35:14.400Z</time></trkpt><trkpt lon="-3.86942" lat="53.34136"><ele>127.2</ele><time>2026-08-03T09:35:16.300Z</time></trkpt><trkpt lon="-3.86922" lat="53.34141"><ele>126.9</ele><time>2026-08-03T09:35:17.300Z</time></trkpt><trkpt lon="-3.86906" lat="53.34145"><ele>126.5</ele><time>2026-08-03T09:35:18.100Z</time></trkpt><trkpt lon="-3.86895" lat="53.34146"><ele>126.1</ele><time>2026-08-03T09:35:18.500Z</time></trkpt><trkpt lon="-3.86881" lat="53.34145"><ele>125.5</ele><time>2026-08-03T09:35:19.100Z</time></trkpt><trkpt lon="-3.86868" lat="53.34143"><ele>124.8</ele><time>2026-08-03T09:35:19.600Z</time></trkpt><trkpt lon="-3.8684467" lat="53.3413767"><ele>123.4</ele><time>2026-08-03T09:35:20.600Z</time></trkpt><trkpt lon="-3.8682133" lat="53.3413233"><ele>122.1</ele><time>2026-08-03T09:35:21.600Z</time></trkpt><trkpt lon="-3.86798" lat="53.34127"><ele>120.7</ele><time>2026-08-03T09:35:22.600Z</time></trkpt><trkpt lon="-3.86786" lat="53.34124"><ele>120.0</ele><time>2026-08-03T09:35:23.100Z</time></trkpt><trkpt lon="-3.8676" lat="53.34117"><ele>118.4</ele><time>2026-08-03T09:35:24.200Z</time></trkpt><trkpt lon="-3.86734" lat="53.3411"><ele>116.9</ele><time>2026-08-03T09:35:25.300Z</time></trkpt><trkpt lon="-3.8672" lat="53.34109"><ele>116.2</ele><time>2026-08-03T09:35:25.900Z</time></trkpt><trkpt lon="-3.86683" lat="53.34109"><ele>114.8</ele><time>2026-08-03T09:35:27.400Z</time></trkpt><trkpt lon="-3.86673" lat="53.34111"><ele>114.4</ele><time>2026-08-03T09:35:27.800Z</time></trkpt><trkpt lon="-3.86658" lat="53.34116"><ele>113.7</ele><time>2026-08-03T09:35:28.500Z</time></trkpt><trkpt lon="-3.86645" lat="53.34119"><ele>113.1</ele><time>2026-08-03T09:35:29.000Z</time></trkpt><trkpt lon="-3.86631" lat="53.34121"><ele>112.5</ele><time>2026-08-03T09:35:29.600Z</time></trkpt><trkpt lon="-3.8659" lat="53.34123"><ele>111.0</ele><time>2026-08-03T09:35:31.300Z</time></trkpt><trkpt lon="-3.86574" lat="53.34123"><ele>110.4</ele><time>2026-08-03T09:35:31.900Z</time></trkpt><trkpt lon="-3.86546" lat="53.34119"><ele>109.3</ele><time>2026-08-03T09:35:33.100Z</time></trkpt><trkpt lon="-3.86525" lat="53.341135"><ele>108.5</ele><time>2026-08-03T09:35:34.000Z</time></trkpt><trkpt lon="-3.86504" lat="53.34108"><ele>107.7</ele><time>2026-08-03T09:35:35.000Z</time></trkpt><trkpt lon="-3.8647433" lat="53.3410267"><ele>106.7</ele><time>2026-08-03T09:35:36.200Z</time></trkpt><trkpt lon="-3.86415" lat="53.34092"><ele>104.8</ele><time>2026-08-03T09:35:38.800Z</time></trkpt><trkpt lon="-3.864" lat="53.34092"><ele>104.2</ele><time>2026-08-03T09:35:39.400Z</time></trkpt><trkpt lon="-3.86373" lat="53.34091"><ele>103.2</ele><time>2026-08-03T09:35:40.500Z</time></trkpt><trkpt lon="-3.86341" lat="53.34083"><ele>101.6</ele><time>2026-08-03T09:35:41.900Z</time></trkpt><trkpt lon="-3.86309" lat="53.34075"><ele>99.9</ele><time>2026-08-03T09:35:43.200Z</time></trkpt><trkpt lon="-3.86266" lat="53.34066"><ele>97.5</ele><time>2026-08-03T09:35:45.000Z</time></trkpt><trkpt lon="-3.86252" lat="53.34059"><ele>96.5</ele><time>2026-08-03T09:35:45.700Z</time></trkpt><trkpt lon="-3.86242" lat="53.34053"><ele>95.8</ele><time>2026-08-03T09:35:46.300Z</time></trkpt><trkpt lon="-3.86231" lat="53.34049"><ele>95.1</ele><time>2026-08-03T09:35:46.800Z</time></trkpt><trkpt lon="-3.86189" lat="53.34045"><ele>92.9</ele><time>2026-08-03T09:35:48.500Z</time></trkpt><trkpt lon="-3.86167" lat="53.34041"><ele>91.7</ele><time>2026-08-03T09:35:49.400Z</time></trkpt><trkpt lon="-3.86147" lat="53.34037"><ele>90.7</ele><time>2026-08-03T09:35:50.200Z</time></trkpt><trkpt lon="-3.86125" lat="53.34036"><ele>89.7</ele><time>2026-08-03T09:35:51.100Z</time></trkpt><trkpt lon="-3.86114" lat="53.34037"><ele>89.2</ele><time>2026-08-03T09:35:51.500Z</time></trkpt><trkpt lon="-3.86104" lat="53.34038"><ele>88.7</ele><time>2026-08-03T09:35:51.900Z</time></trkpt><trkpt lon="-3.86073" lat="53.34046"><ele>87.0</ele><time>2026-08-03T09:35:53.200Z</time></trkpt><trkpt lon="-3.86059" lat="53.34046"><ele>86.3</ele><time>2026-08-03T09:35:53.800Z</time></trkpt><trkpt lon="-3.86043" lat="53.34044"><ele>85.4</ele><time>2026-08-03T09:35:54.400Z</time></trkpt><trkpt lon="-3.86028" lat="53.3404"><ele>84.6</ele><time>2026-08-03T09:35:55.100Z</time></trkpt><trkpt lon="-3.86018" lat="53.34034"><ele>83.9</ele><time>2026-08-03T09:35:55.600Z</time></trkpt><trkpt lon="-3.86008" lat="53.34027"><ele>83.1</ele><time>2026-08-03T09:35:56.200Z</time></trkpt><trkpt lon="-3.8600067" lat="53.3402"><ele>82.4</ele><time>2026-08-03T09:35:56.800Z</time></trkpt><trkpt lon="-3.8599333" lat="53.34013"><ele>81.6</ele><time>2026-08-03T09:35:57.300Z</time></trkpt><trkpt lon="-3.85986" lat="53.34006"><ele>80.9</ele><time>2026-08-03T09:35:57.800Z</time></trkpt><trkpt lon="-3.85975" lat="53.33998"><ele>80.0</ele><time>2026-08-03T09:35:58.500Z</time></trkpt><trkpt lon="-3.8596" lat="53.33992"><ele>79.0</ele><time>2026-08-03T09:35:59.200Z</time></trkpt><trkpt lon="-3.85945" lat="53.3399"><ele>78.0</ele><time>2026-08-03T09:35:59.900Z</time></trkpt><trkpt lon="-3.85938" lat="53.33991"><ele>77.5</ele><time>2026-08-03T09:36:00.200Z</time></trkpt><trkpt lon="-3.85913" lat="53.33999"><ele>75.6</ele><time>2026-08-03T09:36:01.400Z</time></trkpt><trkpt lon="-3.85901" lat="53.34001"><ele>74.7</ele><time>2026-08-03T09:36:02.000Z</time></trkpt><trkpt lon="-3.85861" lat="53.34003"><ele>72.3</ele><time>2026-08-03T09:36:03.600Z</time></trkpt><trkpt lon="-3.85831" lat="53.34005"><ele>70.6</ele><time>2026-08-03T09:36:04.800Z</time></trkpt><trkpt lon="-3.85795" lat="53.34006"><ele>68.6</ele><time>2026-08-03T09:36:06.200Z</time></trkpt><trkpt lon="-3.85754" lat="53.34013"><ele>66.5</ele><time>2026-08-03T09:36:07.800Z</time></trkpt><trkpt lon="-3.85721" lat="53.34016"><ele>65.0</ele><time>2026-08-03T09:36:09.200Z</time></trkpt><trkpt lon="-3.85689" lat="53.34026"><ele>63.4</ele><time>2026-08-03T09:36:10.600Z</time></trkpt><trkpt lon="-3.85644" lat="53.34037"><ele>61.3</ele><time>2026-08-03T09:36:12.500Z</time></trkpt><trkpt lon="-3.85611" lat="53.3405"><ele>59.6</ele><time>2026-08-03T09:36:14.100Z</time></trkpt><trkpt lon="-3.85561" lat="53.34061"><ele>57.4</ele><time>2026-08-03T09:36:16.200Z</time></trkpt><trkpt lon="-3.85551" lat="53.34062"><ele>57.0</ele><time>2026-08-03T09:36:16.600Z</time></trkpt><trkpt lon="-3.85543" lat="53.34062"><ele>56.7</ele><time>2026-08-03T09:36:17.000Z</time></trkpt><trkpt lon="-3.85531" lat="53.340605"><ele>56.3</ele><time>2026-08-03T09:36:17.500Z</time></trkpt><trkpt lon="-3.85519" lat="53.34059"><ele>55.9</ele><time>2026-08-03T09:36:18.000Z</time></trkpt><trkpt lon="-3.85505" lat="53.34058"><ele>55.6</ele><time>2026-08-03T09:36:18.600Z</time></trkpt><trkpt lon="-3.85489" lat="53.3406"><ele>55.3</ele><time>2026-08-03T09:36:19.400Z</time></trkpt><trkpt lon="-3.85472" lat="53.34061"><ele>55.0</ele><time>2026-08-03T09:36:20.200Z</time></trkpt><trkpt lon="-3.85458" lat="53.34061"><ele>54.7</ele><time>2026-08-03T09:36:20.800Z</time></trkpt><trkpt lon="-3.85442" lat="53.34058"><ele>54.3</ele><time>2026-08-03T09:36:21.600Z</time></trkpt><trkpt lon="-3.85427" lat="53.34054"><ele>53.9</ele><time>2026-08-03T09:36:22.300Z</time></trkpt><trkpt lon="-3.85396" lat="53.34044"><ele>53.2</ele><time>2026-08-03T09:36:23.900Z</time></trkpt><trkpt lon="-3.85375" lat="53.34036"><ele>52.7</ele><time>2026-08-03T09:36:25.100Z</time></trkpt><trkpt lon="-3.85354" lat="53.34028"><ele>52.2</ele><time>2026-08-03T09:36:26.200Z</time></trkpt><trkpt lon="-3.85333" lat="53.3402"><ele>51.6</ele><time>2026-08-03T09:36:27.300Z</time></trkpt><trkpt lon="-3.8528" lat="53.33994"><ele>50.3</ele><time>2026-08-03T09:36:30.500Z</time></trkpt><trkpt lon="-3.85254" lat="53.3398"><ele>49.7</ele><time>2026-08-03T09:36:32.100Z</time></trkpt><trkpt lon="-3.85227" lat="53.33968"><ele>49.2</ele><time>2026-08-03T09:36:33.800Z</time></trkpt><trkpt lon="-3.85191" lat="53.33954"><ele>48.4</ele><time>2026-08-03T09:36:35.800Z</time></trkpt><trkpt lon="-3.85164" lat="53.33945"><ele>47.8</ele><time>2026-08-03T09:36:37.200Z</time></trkpt><trkpt lon="-3.85132" lat="53.33937"><ele>47.4</ele><time>2026-08-03T09:36:38.900Z</time></trkpt><trkpt lon="-3.85099" lat="53.33931"><ele>46.7</ele><time>2026-08-03T09:36:40.500Z</time></trkpt><trkpt lon="-3.85066" lat="53.33925"><ele>46.1</ele><time>2026-08-03T09:36:42.100Z</time></trkpt><trkpt lon="-3.85033" lat="53.33919"><ele>45.5</ele><time>2026-08-03T09:36:43.800Z</time></trkpt><trkpt lon="-3.8500033" lat="53.3391233"><ele>44.9</ele><time>2026-08-03T09:36:45.400Z</time></trkpt><trkpt lon="-3.8496766" lat="53.3390567"><ele>44.4</ele><time>2026-08-03T09:36:47.000Z</time></trkpt><trkpt lon="-3.84935" lat="53.33899"><ele>43.8</ele><time>2026-08-03T09:36:48.700Z</time></trkpt><trkpt lon="-3.84915" lat="53.33892"><ele>43.5</ele><time>2026-08-03T09:36:49.800Z</time></trkpt><trkpt lon="-3.84908" lat="53.3389"><ele>43.5</ele><time>2026-08-03T09:36:50.200Z</time></trkpt><trkpt lon="-3.84887" lat="53.33879"><ele>43.6</ele><time>2026-08-03T09:36:51.900Z</time></trkpt><trkpt lon="-3.848715" lat="53.33869"><ele>43.8</ele><time>2026-08-03T09:36:53.300Z</time></trkpt><trkpt lon="-3.84856" lat="53.33859"><ele>44.3</ele><time>2026-08-03T09:36:55.000Z</time></trkpt><trkpt lon="-3.84834" lat="53.33843"><ele>45.3</ele><time>2026-08-03T09:36:58.000Z</time></trkpt><trkpt lon="-3.84813" lat="53.33834"><ele>46.2</ele><time>2026-08-03T09:37:00.400Z</time></trkpt><trkpt lon="-3.84798" lat="53.3383"><ele>46.8</ele><time>2026-08-03T09:37:02.000Z</time></trkpt><trkpt lon="-3.8479" lat="53.33829"><ele>47.0</ele><time>2026-08-03T09:37:02.700Z</time></trkpt><trkpt lon="-3.847475" lat="53.33824"><ele>48.5</ele><time>2026-08-03T09:37:06.800Z</time></trkpt><trkpt lon="-3.84705" lat="53.33819"><ele>50.1</ele><time>2026-08-03T09:37:10.800Z</time></trkpt><trkpt lon="-3.84696" lat="53.33817"><ele>50.4</ele><time>2026-08-03T09:37:11.700Z</time></trkpt><trkpt lon="-3.84694" lat="53.3381600102161"><ele>50.5</ele><time>2026-08-03T09:37:12.000Z</time></trkpt><trkpt lon="-3.84694" lat="53.33814"><ele>50.6</ele><time>2026-08-03T09:37:12.200Z</time></trkpt><trkpt lon="-3.84696" lat="53.33813"><ele>50.6</ele><time>2026-08-03T09:37:12.400Z</time></trkpt><trkpt lon="-3.84713" lat="53.3381300102181"><ele>51.0</ele><time>2026-08-03T09:37:13.700Z</time></trkpt><trkpt lon="-3.847334" lat="53.338142"><ele>51.4</ele><time>2026-08-03T09:37:15.200Z</time></trkpt><trkpt lon="-3.847538" lat="53.338154"><ele>51.8</ele><time>2026-08-03T09:37:16.700Z</time></trkpt><trkpt lon="-3.847742" lat="53.338166"><ele>52.3</ele><time>2026-08-03T09:37:18.200Z</time></trkpt><trkpt lon="-3.84815" lat="53.33819"><ele>53.3</ele><time>2026-08-03T09:37:21.400Z</time></trkpt><trkpt lon="-3.84848" lat="53.33825"><ele>54.7</ele><time>2026-08-03T09:37:25.000Z</time></trkpt><trkpt lon="-3.8485" lat="53.33824"><ele>54.8</ele><time>2026-08-03T09:37:25.200Z</time></trkpt><trkpt lon="-3.84853" lat="53.33822"><ele>55.0</ele><time>2026-08-03T09:37:25.700Z</time></trkpt><trkpt lon="-3.84852" lat="53.3382"><ele>55.2</ele><time>2026-08-03T09:37:26.100Z</time></trkpt><trkpt lon="-3.84847" lat="53.33818"><ele>55.4</ele><time>2026-08-03T09:37:26.700Z</time></trkpt><trkpt lon="-3.8483" lat="53.33815"><ele>56.2</ele><time>2026-08-03T09:37:28.600Z</time></trkpt><trkpt lon="-3.8479967" lat="53.3380933"><ele>57.6</ele><time>2026-08-03T09:37:32.100Z</time></trkpt><trkpt lon="-3.8477945" lat="53.3380555"><ele>58.7</ele><time>2026-08-03T09:37:34.500Z</time></trkpt><trkpt lon="-3.84739" lat="53.33798"><ele>60.9</ele><time>2026-08-03T09:37:39.600Z</time></trkpt><trkpt lon="-3.84715" lat="53.33794"><ele>62.2</ele><time>2026-08-03T09:37:42.500Z</time></trkpt><trkpt lon="-3.84713" lat="53.33793"><ele>62.3</ele><time>2026-08-03T09:37:42.800Z</time></trkpt><trkpt lon="-3.84712" lat="53.3379"><ele>62.5</ele><time>2026-08-03T09:37:43.400Z</time></trkpt><trkpt lon="-3.84715" lat="53.33788"><ele>62.7</ele><time>2026-08-03T09:37:43.900Z</time></trkpt><trkpt lon="-3.84718" lat="53.33787"><ele>62.9</ele><time>2026-08-03T09:37:44.200Z</time></trkpt><trkpt lon="-3.8476" lat="53.33792"><ele>64.7</ele><time>2026-08-03T09:37:48.600Z</time></trkpt><trkpt lon="-3.84788" lat="53.337945"><ele>65.8</ele><time>2026-08-03T09:37:51.500Z</time></trkpt><trkpt lon="-3.84816" lat="53.33797"><ele>66.9</ele><time>2026-08-03T09:37:54.400Z</time></trkpt><trkpt lon="-3.84846" lat="53.33799"><ele>68.1</ele><time>2026-08-03T09:37:57.300Z</time></trkpt><trkpt lon="-3.84865" lat="53.33802"><ele>68.9</ele><time>2026-08-03T09:37:59.300Z</time></trkpt><trkpt lon="-3.84875" lat="53.33806"><ele>69.4</ele><time>2026-08-03T09:38:00.600Z</time></trkpt><trkpt lon="-3.84898" lat="53.33825"><ele>71.2</ele><time>2026-08-03T09:38:05.000Z</time></trkpt><trkpt lon="-3.84921" lat="53.33844"><ele>73.0</ele><time>2026-08-03T09:38:09.200Z</time></trkpt><trkpt lon="-3.84935" lat="53.33854"><ele>73.7</ele><time>2026-08-03T09:38:11.200Z</time></trkpt><trkpt lon="-3.84943" lat="53.33858"><ele>74.0</ele><time>2026-08-03T09:38:12.100Z</time></trkpt><trkpt lon="-3.84958" lat="53.33863"><ele>74.5</ele><time>2026-08-03T09:38:13.500Z</time></trkpt><trkpt lon="-3.84972" lat="53.33866"><ele>74.9</ele><time>2026-08-03T09:38:14.800Z</time></trkpt><trkpt lon="-3.8501" lat="53.33873"><ele>76.1</ele><time>2026-08-03T09:38:18.200Z</time></trkpt><trkpt lon="-3.85037" lat="53.33877"><ele>77.1</ele><time>2026-08-03T09:38:20.800Z</time></trkpt><trkpt lon="-3.85049" lat="53.33878"><ele>77.5</ele><time>2026-08-03T09:38:21.900Z</time></trkpt><trkpt lon="-3.85061" lat="53.33878"><ele>77.9</ele><time>2026-08-03T09:38:23.000Z</time></trkpt><trkpt lon="-3.85073" lat="53.33877"><ele>78.3</ele><time>2026-08-03T09:38:24.200Z</time></trkpt><trkpt lon="-3.85085" lat="53.33875"><ele>78.8</ele><time>2026-08-03T09:38:25.500Z</time></trkpt><trkpt lon="-3.85098" lat="53.3387"><ele>79.8</ele><time>2026-08-03T09:38:27.500Z</time></trkpt><trkpt lon="-3.85104" lat="53.33868"><ele>80.2</ele><time>2026-08-03T09:38:28.500Z</time></trkpt><trkpt lon="-3.8511" lat="53.33862"><ele>81.0</ele><time>2026-08-03T09:38:30.100Z</time></trkpt><trkpt lon="-3.85114" lat="53.33857"><ele>81.6</ele><time>2026-08-03T09:38:31.400Z</time></trkpt><trkpt lon="-3.85114" lat="53.3385"><ele>82.4</ele><time>2026-08-03T09:38:33.000Z</time></trkpt><trkpt lon="-3.8511" lat="53.3383775"><ele>83.7</ele><time>2026-08-03T09:38:35.900Z</time></trkpt><trkpt lon="-3.85106" lat="53.338255"><ele>85.0</ele><time>2026-08-03T09:38:38.600Z</time></trkpt><trkpt lon="-3.85098" lat="53.33801"><ele>87.4</ele><time>2026-08-03T09:38:44.100Z</time></trkpt><trkpt lon="-3.85094" lat="53.33794"><ele>88.1</ele><time>2026-08-03T09:38:45.700Z</time></trkpt><trkpt lon="-3.85088" lat="53.33789"><ele>88.7</ele><time>2026-08-03T09:38:47.000Z</time></trkpt><trkpt lon="-3.85069" lat="53.3378"><ele>90.0</ele><time>2026-08-03T09:38:49.900Z</time></trkpt><trkpt lon="-3.85062" lat="53.33775"><ele>90.6</ele><time>2026-08-03T09:38:51.200Z</time></trkpt><trkpt lon="-3.8506" lat="53.33772"><ele>90.8</ele><time>2026-08-03T09:38:51.800Z</time></trkpt><trkpt lon="-3.85053" lat="53.33764"><ele>91.6</ele><time>2026-08-03T09:38:53.600Z</time></trkpt><trkpt lon="-3.85048" lat="53.33753"><ele>92.6</ele><time>2026-08-03T09:38:55.800Z</time></trkpt><trkpt lon="-3.85042" lat="53.33747"><ele>93.2</ele><time>2026-08-03T09:38:57.200Z</time></trkpt><trkpt lon="-3.85031" lat="53.33743"><ele>93.8</ele><time>2026-08-03T09:38:58.600Z</time></trkpt><trkpt lon="-3.8499" lat="53.33736"><ele>95.7</ele><time>2026-08-03T09:39:03.300Z</time></trkpt><trkpt lon="-3.84971" lat="53.33733"><ele>96.5</ele><time>2026-08-03T09:39:05.300Z</time></trkpt><trkpt lon="-3.84925" lat="53.33725"><ele>97.9</ele><time>2026-08-03T09:39:09.400Z</time></trkpt><trkpt lon="-3.8487" lat="53.3371"><ele>99.6</ele><time>2026-08-03T09:39:14.400Z</time></trkpt><trkpt lon="-3.84863" lat="53.33708"><ele>99.8</ele><time>2026-08-03T09:39:15.100Z</time></trkpt><trkpt lon="-3.84856" lat="53.33705"><ele>100.0</ele><time>2026-08-03T09:39:15.700Z</time></trkpt><trkpt lon="-3.8485" lat="53.33701"><ele>100.2</ele><time>2026-08-03T09:39:16.400Z</time></trkpt><trkpt lon="-3.84843" lat="53.33693"><ele>100.6</ele><time>2026-08-03T09:39:17.600Z</time></trkpt><trkpt lon="-3.8484" lat="53.33689"><ele>100.8</ele><time>2026-08-03T09:39:18.200Z</time></trkpt><trkpt lon="-3.84839" lat="53.33683"><ele>101.0</ele><time>2026-08-03T09:39:19.000Z</time></trkpt><trkpt lon="-3.84844" lat="53.33678"><ele>101.3</ele><time>2026-08-03T09:39:19.700Z</time></trkpt><trkpt lon="-3.84858" lat="53.33674"><ele>101.7</ele><time>2026-08-03T09:39:21.100Z</time></trkpt><trkpt lon="-3.8487767" lat="53.3367067"><ele>102.7</ele><time>2026-08-03T09:39:23.300Z</time></trkpt><trkpt lon="-3.84917" lat="53.33664"><ele>104.7</ele><time>2026-08-03T09:39:28.000Z</time></trkpt><trkpt lon="-3.84938" lat="53.33658"><ele>105.9</ele><time>2026-08-03T09:39:30.800Z</time></trkpt><trkpt lon="-3.84952" lat="53.33656"><ele>106.6</ele><time>2026-08-03T09:39:32.500Z</time></trkpt><trkpt lon="-3.84969" lat="53.33656"><ele>107.5</ele><time>2026-08-03T09:39:34.600Z</time></trkpt><trkpt lon="-3.84976" lat="53.33654"><ele>108.0</ele><time>2026-08-03T09:39:35.500Z</time></trkpt><trkpt lon="-3.8499" lat="53.3365"><ele>108.8</ele><time>2026-08-03T09:39:37.400Z</time></trkpt><trkpt lon="-3.85003" lat="53.33646"><ele>109.6</ele><time>2026-08-03T09:39:39.200Z</time></trkpt><trkpt lon="-3.85034" lat="53.33641"><ele>111.4</ele><time>2026-08-03T09:39:43.300Z</time></trkpt><trkpt lon="-3.8504" lat="53.33639"><ele>111.9</ele><time>2026-08-03T09:39:44.300Z</time></trkpt><trkpt lon="-3.85052" lat="53.33633"><ele>113.1</ele><time>2026-08-03T09:39:46.800Z</time></trkpt><trkpt lon="-3.85064" lat="53.33622"><ele>114.9</ele><time>2026-08-03T09:39:50.300Z</time></trkpt><trkpt lon="-3.8507" lat="53.33614"><ele>116.1</ele><time>2026-08-03T09:39:52.700Z</time></trkpt><trkpt lon="-3.85075" lat="53.33606"><ele>117.3</ele><time>2026-08-03T09:39:55.000Z</time></trkpt><trkpt lon="-3.85077" lat="53.33593"><ele>119.2</ele><time>2026-08-03T09:39:58.500Z</time></trkpt><trkpt lon="-3.85074" lat="53.33579"><ele>121.5</ele><time>2026-08-03T09:40:02.900Z</time></trkpt><trkpt lon="-3.85066" lat="53.3356"><ele>124.7</ele><time>2026-08-03T09:40:09.100Z</time></trkpt><trkpt lon="-3.85056" lat="53.33542"><ele>127.9</ele><time>2026-08-03T09:40:15.100Z</time></trkpt><trkpt lon="-3.850475" lat="53.3353"><ele>130.1</ele><time>2026-08-03T09:40:19.300Z</time></trkpt><trkpt lon="-3.85039" lat="53.33518"><ele>132.3</ele><time>2026-08-03T09:40:23.400Z</time></trkpt><trkpt lon="-3.850305" lat="53.33506"><ele>134.5</ele><time>2026-08-03T09:40:27.600Z</time></trkpt><trkpt lon="-3.85022" lat="53.33494"><ele>136.6</ele><time>2026-08-03T09:40:31.500Z</time></trkpt><trkpt lon="-3.850075" lat="53.33479"><ele>138.4</ele><time>2026-08-03T09:40:35.400Z</time></trkpt><trkpt lon="-3.84993" lat="53.33464"><ele>140.1</ele><time>2026-08-03T09:40:39.100Z</time></trkpt><trkpt lon="-3.84973" lat="53.33448"><ele>141.9</ele><time>2026-08-03T09:40:43.300Z</time></trkpt><trkpt lon="-3.84957" lat="53.3343733"><ele>143.0</ele><time>2026-08-03T09:40:45.900Z</time></trkpt><trkpt lon="-3.84925" lat="53.33416"><ele>145.1</ele><time>2026-08-03T09:40:51.100Z</time></trkpt><trkpt lon="-3.84906" lat="53.334"><ele>146.6</ele><time>2026-08-03T09:40:54.600Z</time></trkpt><trkpt lon="-3.84897" lat="53.33395"><ele>147.1</ele><time>2026-08-03T09:40:55.900Z</time></trkpt><trkpt lon="-3.84872" lat="53.33385"><ele>148.4</ele><time>2026-08-03T09:40:59.100Z</time></trkpt><trkpt lon="-3.84851" lat="53.33378"><ele>149.5</ele><time>2026-08-03T09:41:01.700Z</time></trkpt><trkpt lon="-3.84824" lat="53.3337"><ele>150.7</ele><time>2026-08-03T09:41:04.800Z</time></trkpt><trkpt lon="-3.84797" lat="53.3336"><ele>151.7</ele><time>2026-08-03T09:41:07.500Z</time></trkpt><trkpt lon="-3.84778" lat="53.33358"><ele>152.2</ele><time>2026-08-03T09:41:09.000Z</time></trkpt><trkpt lon="-3.84764" lat="53.33357"><ele>152.6</ele><time>2026-08-03T09:41:10.200Z</time></trkpt><trkpt lon="-3.84734" lat="53.33351"><ele>153.3</ele><time>2026-08-03T09:41:12.600Z</time></trkpt><trkpt lon="-3.84724" lat="53.33347"><ele>153.4</ele><time>2026-08-03T09:41:13.300Z</time></trkpt><trkpt lon="-3.8471" lat="53.33342"><ele>153.3</ele><time>2026-08-03T09:41:14.200Z</time></trkpt><trkpt lon="-3.84686" lat="53.33328"><ele>153.2</ele><time>2026-08-03T09:41:16.000Z</time></trkpt><trkpt lon="-3.84662" lat="53.33314"><ele>153.1</ele><time>2026-08-03T09:41:17.800Z</time></trkpt><trkpt lon="-3.84638" lat="53.333"><ele>152.9</ele><time>2026-08-03T09:41:19.600Z</time></trkpt><trkpt lon="-3.84613" lat="53.332845"><ele>152.8</ele><time>2026-08-03T09:41:21.500Z</time></trkpt><trkpt lon="-3.84588" lat="53.33269"><ele>152.7</ele><time>2026-08-03T09:41:23.500Z</time></trkpt><trkpt lon="-3.84576" lat="53.33259"><ele>152.7</ele><time>2026-08-03T09:41:24.600Z</time></trkpt><trkpt lon="-3.84571" lat="53.33254"><ele>152.7</ele><time>2026-08-03T09:41:25.100Z</time></trkpt><trkpt lon="-3.84568" lat="53.33244"><ele>152.7</ele><time>2026-08-03T09:41:26.100Z</time></trkpt><trkpt lon="-3.84566" lat="53.33227"><ele>152.8</ele><time>2026-08-03T09:41:27.700Z</time></trkpt><trkpt lon="-3.84561" lat="53.33207"><ele>153.3</ele><time>2026-08-03T09:41:30.000Z</time></trkpt><trkpt lon="-3.8456" lat="53.33187"><ele>153.3</ele><time>2026-08-03T09:41:31.900Z</time></trkpt><trkpt lon="-3.84563" lat="53.33178"><ele>153.2</ele><time>2026-08-03T09:41:32.700Z</time></trkpt><trkpt lon="-3.84569" lat="53.33167"><ele>153.1</ele><time>2026-08-03T09:41:33.700Z</time></trkpt><trkpt lon="-3.84589" lat="53.33141"><ele>152.6</ele><time>2026-08-03T09:41:36.100Z</time></trkpt><trkpt lon="-3.84595" lat="53.33128"><ele>152.3</ele><time>2026-08-03T09:41:37.200Z</time></trkpt><trkpt lon="-3.84598" lat="53.3310200103902"><ele>151.9</ele><time>2026-08-03T09:41:39.400Z</time></trkpt><trkpt lon="-3.84601" lat="53.33076"><ele>151.7</ele><time>2026-08-03T09:41:41.800Z</time></trkpt><trkpt lon="-3.84619" lat="53.33079"><ele>151.9</ele><time>2026-08-03T09:41:42.900Z</time></trkpt><trkpt lon="-3.8464" lat="53.33082"><ele>152.1</ele><time>2026-08-03T09:41:44.300Z</time></trkpt><trkpt lon="-3.84657" lat="53.33087"><ele>152.3</ele><time>2026-08-03T09:41:45.500Z</time></trkpt><trkpt lon="-3.84682" lat="53.33097"><ele>152.6</ele><time>2026-08-03T09:41:47.400Z</time></trkpt><trkpt lon="-3.84709" lat="53.33115"><ele>153.1</ele><time>2026-08-03T09:41:50.000Z</time></trkpt><trkpt lon="-3.84721" lat="53.33121"><ele>153.3</ele><time>2026-08-03T09:41:51.000Z</time></trkpt><trkpt lon="-3.84731" lat="53.33125"><ele>153.4</ele><time>2026-08-03T09:41:51.800Z</time></trkpt><trkpt lon="-3.84763" lat="53.33129"><ele>154.0</ele><time>2026-08-03T09:41:54.100Z</time></trkpt><trkpt lon="-3.84781" lat="53.33128"><ele>154.3</ele><time>2026-08-03T09:41:55.300Z</time></trkpt><trkpt lon="-3.8480933" lat="53.33125"><ele>154.8</ele><time>2026-08-03T09:41:57.400Z</time></trkpt><trkpt lon="-3.84866" lat="53.33119"><ele>156.2</ele><time>2026-08-03T09:42:01.800Z</time></trkpt><trkpt lon="-3.84888" lat="53.331175"><ele>156.9</ele><time>2026-08-03T09:42:03.800Z</time></trkpt><trkpt lon="-3.8491" lat="53.33116"><ele>157.8</ele><time>2026-08-03T09:42:06.000Z</time></trkpt><trkpt lon="-3.84929" lat="53.3311467"><ele>159.0</ele><time>2026-08-03T09:42:08.600Z</time></trkpt><trkpt lon="-3.84967" lat="53.33112"><ele>161.9</ele><time>2026-08-03T09:42:14.400Z</time></trkpt><trkpt lon="-3.84979" lat="53.3311"><ele>162.9</ele><time>2026-08-03T09:42:16.400Z</time></trkpt><trkpt lon="-3.84991" lat="53.33106"><ele>164.1</ele><time>2026-08-03T09:42:18.800Z</time></trkpt><trkpt lon="-3.85" lat="53.33101"><ele>165.2</ele><time>2026-08-03T09:42:20.900Z</time></trkpt><trkpt lon="-3.85018" lat="53.3309"><ele>167.4</ele><time>2026-08-03T09:42:25.100Z</time></trkpt><trkpt lon="-3.85036" lat="53.33082"><ele>169.1</ele><time>2026-08-03T09:42:28.500Z</time></trkpt><trkpt lon="-3.85049" lat="53.33079"><ele>170.1</ele><time>2026-08-03T09:42:30.400Z</time></trkpt><trkpt lon="-3.85061" lat="53.33077"><ele>170.9</ele><time>2026-08-03T09:42:32.200Z</time></trkpt><trkpt lon="-3.8508533" lat="53.33075"><ele>172.8</ele><time>2026-08-03T09:42:36.000Z</time></trkpt><trkpt lon="-3.8510967" lat="53.33073"><ele>174.8</ele><time>2026-08-03T09:42:39.900Z</time></trkpt><trkpt lon="-3.85134" lat="53.33071"><ele>176.7</ele><time>2026-08-03T09:42:43.700Z</time></trkpt><trkpt lon="-3.85167" lat="53.33071"><ele>179.0</ele><time>2026-08-03T09:42:48.400Z</time></trkpt><trkpt lon="-3.85195" lat="53.33072"><ele>180.8</ele><time>2026-08-03T09:42:52.200Z</time></trkpt><trkpt lon="-3.85214" lat="53.33074"><ele>181.9</ele><time>2026-08-03T09:42:54.700Z</time></trkpt><trkpt lon="-3.8523" lat="53.33076"><ele>182.7</ele><time>2026-08-03T09:42:56.600Z</time></trkpt><trkpt lon="-3.85242" lat="53.33081"><ele>183.2</ele><time>2026-08-03T09:42:57.900Z</time></trkpt><trkpt lon="-3.85255" lat="53.33089"><ele>183.6</ele><time>2026-08-03T09:42:59.300Z</time></trkpt><trkpt lon="-3.8526" lat="53.33097"><ele>183.8</ele><time>2026-08-03T09:43:00.300Z</time></trkpt><trkpt lon="-3.85266" lat="53.33119"><ele>184.2</ele><time>2026-08-03T09:43:02.700Z</time></trkpt><trkpt lon="-3.85273" lat="53.33129"><ele>184.5</ele><time>2026-08-03T09:43:03.900Z</time></trkpt><trkpt lon="-3.85277" lat="53.33132"><ele>184.6</ele><time>2026-08-03T09:43:04.400Z</time></trkpt><trkpt lon="-3.85301" lat="53.33147"><ele>185.8</ele><time>2026-08-03T09:43:07.700Z</time></trkpt><trkpt lon="-3.85329" lat="53.33162"><ele>187.9</ele><time>2026-08-03T09:43:12.300Z</time></trkpt><trkpt lon="-3.85365" lat="53.33177"><ele>190.9</ele><time>2026-08-03T09:43:18.600Z</time></trkpt><trkpt lon="-3.85392" lat="53.33189"><ele>193.3</ele><time>2026-08-03T09:43:23.500Z</time></trkpt><trkpt lon="-3.85416" lat="53.33198"><ele>194.4</ele><time>2026-08-03T09:43:26.300Z</time></trkpt><trkpt lon="-3.85455" lat="53.3321"><ele>196.1</ele><time>2026-08-03T09:43:30.600Z</time></trkpt><trkpt lon="-3.85488" lat="53.33222"><ele>197.2</ele><time>2026-08-03T09:43:33.900Z</time></trkpt><trkpt lon="-3.85499" lat="53.33226"><ele>197.5</ele><time>2026-08-03T09:43:34.900Z</time></trkpt><trkpt lon="-3.855339" lat="53.3323470104653"><ele>198.2</ele><time>2026-08-03T09:43:37.600Z</time></trkpt></trkseg></trk></gpx>