<?xml version="1.0" encoding="UTF-8" standalone="yes"?><gpx version="1.1" creator="VeloViewer" xmlns="http://www.topografix.com/GPX/1/1" xmlns:xsi="http://www.w3.org/2001/XMLSchema-instance"><metadata><link href="veloviewer.com"><text>VeloViewer</text></link><time>2026-08-03T05:56:17.000Z</time></metadata><wpt lat="52.3148075" lon="-1.5369525"><ele>73.9</ele><name>km 0</name><cmt><![CDATA[-0.02|start|||]]></cmt><type>Generic</type></wpt><wpt lat="52.32658002751" lon="-1.55786"><ele>57.2</ele><name>Left #smnf</name><cmt><![CDATA[2.76|left|H3|#smnf|]]></cmt><type>Left</type></wpt><wpt lat="52.32900676121" lon="-1.5743"><ele>82.7</ele><name>Speed bump X8</name><cmt><![CDATA[6.12|bumps|R1|X8|]]></cmt><type>Danger</type></wpt><wpt lat="52.33540256837" lon="-1.5730675"><ele>83.7</ele><name>Left #gtnb</name><cmt><![CDATA[6.84|left|H3|#gtnb|]]></cmt><type>Left</type></wpt><wpt lat="52.348960013087" lon="-1.54289"><ele>83.4</ele><name>Left #gtnn</name><cmt><![CDATA[13.09|left|H3|#gtnn|]]></cmt><type>Left</type></wpt><wpt lat="52.224475041281" lon="-1.52474"><ele>65.3</ele><name>Feed</name><cmt><![CDATA[41.29|feed|Info||]]></cmt><type>Food</type></wpt><wpt lat="52.231110043046" lon="-1.54764"><ele>92.4</ele><name>Feed end</name><cmt><![CDATA[43.04|feedend|Info||]]></cmt><type>Generic</type></wpt><wpt lat="52.199130049275" lon="-1.588485"><ele>48.0</ele><name>Narrow chicane</name><cmt><![CDATA[49.27|chicane|H3||]]></cmt><type>Danger</type></wpt><wpt lat="52.17585005283" lon="-1.560555"><ele>115.9</ele><name>Sprint</name><cmt><![CDATA[52.84|sprint|E||]]></cmt><type>Sprint</type></wpt><wpt lat="52.113223361129" lon="-1.61617"><ele>66.3</ele><name>Left</name><cmt><![CDATA[61.13|left|H3||Keep Left!]]></cmt><type>Left</type></wpt><wpt lat="52.062800067179" lon="-1.6236"><ele>64.2</ele><name>Left</name><cmt><![CDATA[67.19|left|H3||Keep Left!]]></cmt><type>Left</type></wpt><wpt lat="52.103150081261" lon="-1.49776"><ele>115.0</ele><name>Right #gtnn</name><cmt><![CDATA[81.27|right|H3|#gtnn|]]></cmt><type>Right</type></wpt><wpt lat="52.113212582735" lon="-1.4842475"><ele>120.9</ele><name>1.0km @ 9.3%</name><cmt><![CDATA[82.74|komstart|E||]]></cmt><type>Generic</type></wpt><wpt lat="52.109680083761" lon="-1.47256"><ele>215.9</ele><name>KOM 2nd</name><cmt><![CDATA[83.76|kom2|E||]]></cmt><type>2nd Category</type></wpt><wpt lat="52.164810091562" lon="-1.43889"><ele>103.4</ele><name>1.7km @ 5.3%</name><cmt><![CDATA[91.58|komstart|E||]]></cmt><type>Generic</type></wpt><wpt lat="52.164534092289" lon="-1.428518"><ele>124.6</ele><name>Cattle grid</name><cmt><![CDATA[92.29|grid|H3||]]></cmt><type>Danger</type></wpt><wpt lat="52.162320093142" lon="-1.41783"><ele>188.3</ele><name>Cattle grid</name><cmt><![CDATA[93.15|grid|H3||]]></cmt><type>Danger</type></wpt><wpt lat="52.161870093311" lon="-1.41567"><ele>196.9</ele><name>KOM 2nd</name><cmt><![CDATA[93.31|kom2|E||]]></cmt><type>2nd Category</type></wpt><wpt lat="52.171386796708" lon="-1.39855"><ele>109.4</ele><name>Feed</name><cmt><![CDATA[96.70|feed|Info||]]></cmt><type>Food</type></wpt><wpt lat="52.175263398065" lon="-1.4170267"><ele>109.7</ele><name>Feed end</name><cmt><![CDATA[98.07|feedend|Info||]]></cmt><type>Generic</type></wpt><wpt lat="52.187520099733" lon="-1.418665"><ele>96.1</ele><name>Right #smnn</name><cmt><![CDATA[99.72|right|H3|#smnn|]]></cmt><type>Right</type></wpt><wpt lat="52.2323067106061" lon="-1.42479"><ele>89.2</ele><name>Narrow chicane</name><cmt><![CDATA[106.05|chicane|H2||]]></cmt><type>Danger</type></wpt><wpt lat="52.2313500106368" lon="-1.4204133"><ele>92.5</ele><name>Narrow chicane #r</name><cmt><![CDATA[106.37|chicane|H2|#r|]]></cmt><type>Danger</type></wpt><wpt lat="52.2309125106596" lon="-1.4171"><ele>82.8</ele><name>Narrow chicane</name><cmt><![CDATA[106.60|chicane|H2||]]></cmt><type>Danger</type></wpt><wpt lat="52.2522300110102" lon="-1.38852"><ele>84.6</ele><name>Central island</name><cmt><![CDATA[110.10|split|H3||]]></cmt><type>Danger</type></wpt><wpt lat="52.2562200110657" lon="-1.39038"><ele>94.2</ele><name>Speed bump X 4</name><cmt><![CDATA[110.66|bumps|R1|X 4|]]></cmt><type>Danger</type></wpt><wpt lat="52.2787900121009" lon="-1.500205"><ele>65.9</ele><name>Central island</name><cmt><![CDATA[121.00|split|H3||]]></cmt><type>Danger</type></wpt><wpt lat="52.2823850121642" lon="-1.50725"><ele>51.6</ele><name>Central island</name><cmt><![CDATA[121.65|split|H3||]]></cmt><type>Danger</type></wpt><wpt lat="52.282983412186" lon="-1.5100166"><ele>51.7</ele><name>Central island</name><cmt><![CDATA[121.85|split|H3||]]></cmt><type>Danger</type></wpt><wpt lat="52.2839433122088" lon="-1.5128433"><ele>52.5</ele><name>Central island</name><cmt><![CDATA[122.07|split|H3||]]></cmt><type>Danger</type></wpt><wpt lat="52.2847400122313" lon="-1.51619"><ele>52.6</ele><name>Central island</name><cmt><![CDATA[122.32|split|H3||]]></cmt><type>Danger</type></wpt><wpt lat="52.2849233122425" lon="-1.51762"><ele>52.8</ele><name>Central island</name><cmt><![CDATA[122.42|split|H3||]]></cmt><type>Danger</type></wpt><wpt lat="52.2870900123104" lon="-1.52478"><ele>52.1</ele><name>SafeR query</name><cmt><![CDATA[123.10|safer|UCI||]]></cmt><type>Generic</type></wpt><wpt lat="52.2899300123468" lon="-1.52735"><ele>55.7</ele><name>Deviation right</name><cmt><![CDATA[123.47|devright|Info||]]></cmt><type>Generic</type></wpt><wpt lat="52.2888900123762" lon="-1.53087"><ele>53.9</ele><name>End VeloViewer</name><cmt><![CDATA[123.76|end|||]]></cmt><type>Sprint</type></wpt><trk><name>Lloyds Tour of Britain Women 2026 - Stage 5</name><type>cycling</type><trkseg><trkpt lon="-1.53087" lat="52.28889"><ele>53.9</ele><time>2026-08-03T05:56:17.000Z</time></trkpt><trkpt lon="-1.531155" lat="52.288785"><ele>53.5</ele><time>2026-08-03T05:56:18.800Z</time></trkpt><trkpt lon="-1.53144" lat="52.28868"><ele>53.1</ele><time>2026-08-03T05:56:20.600Z</time></trkpt><trkpt lon="-1.5317967" lat="52.2885467"><ele>52.6</ele><time>2026-08-03T05:56:22.900Z</time></trkpt><trkpt lon="-1.5321533" lat="52.2884133"><ele>52.2</ele><time>2026-08-03T05:56:25.100Z</time></trkpt><trkpt lon="-1.53251" lat="52.28828"><ele>51.6</ele><time>2026-08-03T05:56:27.400Z</time></trkpt><trkpt lon="-1.5328667" lat="52.2881433"><ele>51.2</ele><time>2026-08-03T05:56:29.700Z</time></trkpt><trkpt lon="-1.5332233" lat="52.2880067"><ele>50.8</ele><time>2026-08-03T05:56:32.000Z</time></trkpt><trkpt lon="-1.53358" lat="52.28787"><ele>50.4</ele><time>2026-08-03T05:56:34.300Z</time></trkpt><trkpt lon="-1.53387" lat="52.287745"><ele>50.1</ele><time>2026-08-03T05:56:36.200Z</time></trkpt><trkpt lon="-1.53416" lat="52.28762"><ele>49.9</ele><time>2026-08-03T05:56:38.300Z</time></trkpt><trkpt lon="-1.53438" lat="52.28754"><ele>50.1</ele><time>2026-08-03T05:56:39.900Z</time></trkpt><trkpt lon="-1.53439" lat="52.28754"><ele>50.1</ele><time>2026-08-03T05:56:40.000Z</time></trkpt><trkpt lon="-1.53449" lat="52.28761"><ele>50.2</ele><time>2026-08-03T05:56:41.000Z</time></trkpt><trkpt lon="-1.53478" lat="52.2879"><ele>50.2</ele><time>2026-08-03T05:56:44.300Z</time></trkpt><trkpt lon="-1.5349067" lat="52.2880767"><ele>50.4</ele><time>2026-08-03T05:56:46.400Z</time></trkpt><trkpt lon="-1.53516" lat="52.28843"><ele>50.9</ele><time>2026-08-03T05:56:50.600Z</time></trkpt><trkpt lon="-1.5352" lat="52.28851"><ele>51.0</ele><time>2026-08-03T05:56:51.500Z</time></trkpt><trkpt lon="-1.53524" lat="52.28864"><ele>51.2</ele><time>2026-08-03T05:56:52.900Z</time></trkpt><trkpt lon="-1.53528" lat="52.2888525"><ele>51.6</ele><time>2026-08-03T05:56:55.300Z</time></trkpt><trkpt lon="-1.53532" lat="52.289065"><ele>52.0</ele><time>2026-08-03T05:56:57.800Z</time></trkpt><trkpt lon="-1.53536" lat="52.2892775"><ele>52.6</ele><time>2026-08-03T05:57:00.300Z</time></trkpt><trkpt lon="-1.5354" lat="52.28949"><ele>53.1</ele><time>2026-08-03T05:57:02.900Z</time></trkpt><trkpt lon="-1.5354275" lat="52.2896675"><ele>53.7</ele><time>2026-08-03T05:57:05.100Z</time></trkpt><trkpt lon="-1.535455" lat="52.289845"><ele>54.4</ele><time>2026-08-03T05:57:07.500Z</time></trkpt><trkpt lon="-1.5354825" lat="52.2900225"><ele>55.2</ele><time>2026-08-03T05:57:10.000Z</time></trkpt><trkpt lon="-1.53551" lat="52.2902"><ele>55.9</ele><time>2026-08-03T05:57:12.500Z</time></trkpt><trkpt lon="-1.53554" lat="52.2903775"><ele>56.8</ele><time>2026-08-03T05:57:15.200Z</time></trkpt><trkpt lon="-1.53557" lat="52.290555"><ele>57.6</ele><time>2026-08-03T05:57:17.800Z</time></trkpt><trkpt lon="-1.5356" lat="52.2907325"><ele>58.4</ele><time>2026-08-03T05:57:20.400Z</time></trkpt><trkpt lon="-1.53563" lat="52.29091"><ele>59.2</ele><time>2026-08-03T05:57:22.900Z</time></trkpt><trkpt lon="-1.53567" lat="52.2911367"><ele>60.1</ele><time>2026-08-03T05:57:26.100Z</time></trkpt><trkpt lon="-1.53571" lat="52.2913633"><ele>61.1</ele><time>2026-08-03T05:57:29.200Z</time></trkpt><trkpt lon="-1.53575" lat="52.29159"><ele>61.7</ele><time>2026-08-03T05:57:32.000Z</time></trkpt><trkpt lon="-1.53579" lat="52.2918167"><ele>62.3</ele><time>2026-08-03T05:57:34.700Z</time></trkpt><trkpt lon="-1.53583" lat="52.2920433"><ele>62.7</ele><time>2026-08-03T05:57:37.300Z</time></trkpt><trkpt lon="-1.53587" lat="52.29227"><ele>63.1</ele><time>2026-08-03T05:57:39.800Z</time></trkpt><trkpt lon="-1.5359067" lat="52.2924967"><ele>63.3</ele><time>2026-08-03T05:57:42.300Z</time></trkpt><trkpt lon="-1.5359433" lat="52.2927233"><ele>63.6</ele><time>2026-08-03T05:57:44.700Z</time></trkpt><trkpt lon="-1.53598" lat="52.29295"><ele>63.9</ele><time>2026-08-03T05:57:47.200Z</time></trkpt><trkpt lon="-1.53602" lat="52.2931733"><ele>64.1</ele><time>2026-08-03T05:57:49.600Z</time></trkpt><trkpt lon="-1.53606" lat="52.2933967"><ele>64.3</ele><time>2026-08-03T05:57:52.000Z</time></trkpt><trkpt lon="-1.5361" lat="52.29362"><ele>64.4</ele><time>2026-08-03T05:57:54.200Z</time></trkpt><trkpt lon="-1.535735" lat="52.29364"><ele>64.3</ele><time>2026-08-03T05:57:56.400Z</time></trkpt><trkpt lon="-1.53537" lat="52.29366"><ele>64.4</ele><time>2026-08-03T05:57:58.600Z</time></trkpt><trkpt lon="-1.53522" lat="52.29369"><ele>64.4</ele><time>2026-08-03T05:57:59.600Z</time></trkpt><trkpt lon="-1.53521" lat="52.29378"><ele>64.5</ele><time>2026-08-03T05:58:00.500Z</time></trkpt><trkpt lon="-1.535245" lat="52.294035"><ele>64.9</ele><time>2026-08-03T05:58:03.400Z</time></trkpt><trkpt lon="-1.53528" lat="52.29429"><ele>65.3</ele><time>2026-08-03T05:58:06.200Z</time></trkpt><trkpt lon="-1.535315" lat="52.294545"><ele>65.7</ele><time>2026-08-03T05:58:09.000Z</time></trkpt><trkpt lon="-1.53535" lat="52.2948"><ele>66.2</ele><time>2026-08-03T05:58:11.900Z</time></trkpt><trkpt lon="-1.535375" lat="52.29503"><ele>66.4</ele><time>2026-08-03T05:58:14.400Z</time></trkpt><trkpt lon="-1.5354" lat="52.29526"><ele>66.6</ele><time>2026-08-03T05:58:16.800Z</time></trkpt><trkpt lon="-1.535425" lat="52.29549"><ele>66.6</ele><time>2026-08-03T05:58:19.100Z</time></trkpt><trkpt lon="-1.53545" lat="52.29572"><ele>66.7</ele><time>2026-08-03T05:58:21.400Z</time></trkpt><trkpt lon="-1.5354733" lat="52.2959033"><ele>66.7</ele><time>2026-08-03T05:58:23.200Z</time></trkpt><trkpt lon="-1.53552" lat="52.29627"><ele>66.6</ele><time>2026-08-03T05:58:26.700Z</time></trkpt><trkpt lon="-1.5355433" lat="52.2964533"><ele>66.5</ele><time>2026-08-03T05:58:28.500Z</time></trkpt><trkpt lon="-1.53559" lat="52.29682"><ele>66.2</ele><time>2026-08-03T05:58:31.900Z</time></trkpt><trkpt lon="-1.53561" lat="52.29706"><ele>66.1</ele><time>2026-08-03T05:58:34.200Z</time></trkpt><trkpt lon="-1.53563" lat="52.2973"><ele>66.0</ele><time>2026-08-03T05:58:36.500Z</time></trkpt><trkpt lon="-1.535655" lat="52.297535"><ele>65.9</ele><time>2026-08-03T05:58:38.700Z</time></trkpt><trkpt lon="-1.53568" lat="52.29777"><ele>65.7</ele><time>2026-08-03T05:58:40.900Z</time></trkpt><trkpt lon="-1.53575" lat="52.29802"><ele>65.6</ele><time>2026-08-03T05:58:43.300Z</time></trkpt><trkpt lon="-1.53583" lat="52.29825"><ele>65.5</ele><time>2026-08-03T05:58:45.600Z</time></trkpt><trkpt lon="-1.53587" lat="52.29851"><ele>65.5</ele><time>2026-08-03T05:58:48.100Z</time></trkpt><trkpt lon="-1.53596" lat="52.2989"><ele>65.4</ele><time>2026-08-03T05:58:51.900Z</time></trkpt><trkpt lon="-1.536015" lat="52.299105"><ele>65.3</ele><time>2026-08-03T05:58:53.900Z</time></trkpt><trkpt lon="-1.53607" lat="52.29931"><ele>65.3</ele><time>2026-08-03T05:58:55.900Z</time></trkpt><trkpt lon="-1.5361333" lat="52.2995333"><ele>65.2</ele><time>2026-08-03T05:58:58.100Z</time></trkpt><trkpt lon="-1.5361967" lat="52.2997567"><ele>65.1</ele><time>2026-08-03T05:59:00.200Z</time></trkpt><trkpt lon="-1.53626" lat="52.29998"><ele>65.1</ele><time>2026-08-03T05:59:02.500Z</time></trkpt><trkpt lon="-1.5363233" lat="52.3002067"><ele>65.2</ele><time>2026-08-03T05:59:04.700Z</time></trkpt><trkpt lon="-1.5363867" lat="52.3004333"><ele>65.2</ele><time>2026-08-03T05:59:07.000Z</time></trkpt><trkpt lon="-1.53645" lat="52.30066"><ele>65.3</ele><time>2026-08-03T05:59:09.400Z</time></trkpt><trkpt lon="-1.5365167" lat="52.30089"><ele>65.5</ele><time>2026-08-03T05:59:11.800Z</time></trkpt><trkpt lon="-1.5365833" lat="52.30112"><ele>65.6</ele><time>2026-08-03T05:59:14.200Z</time></trkpt><trkpt lon="-1.53665" lat="52.30135"><ele>65.8</ele><time>2026-08-03T05:59:16.600Z</time></trkpt><trkpt lon="-1.5367167" lat="52.3015833"><ele>66.0</ele><time>2026-08-03T05:59:19.100Z</time></trkpt><trkpt lon="-1.5367833" lat="52.3018167"><ele>66.2</ele><time>2026-08-03T05:59:21.600Z</time></trkpt><trkpt lon="-1.53685" lat="52.30205"><ele>66.4</ele><time>2026-08-03T05:59:24.100Z</time></trkpt><trkpt lon="-1.53692" lat="52.3022833"><ele>66.6</ele><time>2026-08-03T05:59:26.600Z</time></trkpt><trkpt lon="-1.53699" lat="52.3025167"><ele>66.9</ele><time>2026-08-03T05:59:29.100Z</time></trkpt><trkpt lon="-1.53706" lat="52.30275"><ele>67.2</ele><time>2026-08-03T05:59:31.700Z</time></trkpt><trkpt lon="-1.5371267" lat="52.3029833"><ele>67.4</ele><time>2026-08-03T05:59:34.200Z</time></trkpt><trkpt lon="-1.5371933" lat="52.3032167"><ele>67.5</ele><time>2026-08-03T05:59:36.600Z</time></trkpt><trkpt lon="-1.53726" lat="52.30345"><ele>67.6</ele><time>2026-08-03T05:59:39.000Z</time></trkpt><trkpt lon="-1.53732" lat="52.30365"><ele>67.5</ele><time>2026-08-03T05:59:41.000Z</time></trkpt><trkpt lon="-1.53738" lat="52.30385"><ele>67.5</ele><time>2026-08-03T05:59:42.900Z</time></trkpt><trkpt lon="-1.537435" lat="52.304065"><ele>67.3</ele><time>2026-08-03T05:59:44.900Z</time></trkpt><trkpt lon="-1.53749" lat="52.30428"><ele>67.1</ele><time>2026-08-03T05:59:47.000Z</time></trkpt><trkpt lon="-1.5375433" lat="52.3044633"><ele>67.0</ele><time>2026-08-03T05:59:48.700Z</time></trkpt><trkpt lon="-1.53765" lat="52.30483"><ele>66.4</ele><time>2026-08-03T05:59:52.100Z</time></trkpt><trkpt lon="-1.537695" lat="52.30504"><ele>66.0</ele><time>2026-08-03T05:59:53.900Z</time></trkpt><trkpt lon="-1.53774" lat="52.30525"><ele>65.7</ele><time>2026-08-03T05:59:55.800Z</time></trkpt><trkpt lon="-1.5378133" lat="52.30552"><ele>65.2</ele><time>2026-08-03T05:59:58.300Z</time></trkpt><trkpt lon="-1.5378867" lat="52.30579"><ele>64.6</ele><time>2026-08-03T06:00:00.600Z</time></trkpt><trkpt lon="-1.53796" lat="52.30606"><ele>64.0</ele><time>2026-08-03T06:00:03.000Z</time></trkpt><trkpt lon="-1.538015" lat="52.306265"><ele>63.6</ele><time>2026-08-03T06:00:04.800Z</time></trkpt><trkpt lon="-1.53807" lat="52.30647"><ele>63.3</ele><time>2026-08-03T06:00:06.700Z</time></trkpt><trkpt lon="-1.538125" lat="52.306675"><ele>63.0</ele><time>2026-08-03T06:00:08.600Z</time></trkpt><trkpt lon="-1.53818" lat="52.30688"><ele>62.7</ele><time>2026-08-03T06:00:10.400Z</time></trkpt><trkpt lon="-1.538235" lat="52.3070825"><ele>62.5</ele><time>2026-08-03T06:00:12.300Z</time></trkpt><trkpt lon="-1.53829" lat="52.307285"><ele>62.5</ele><time>2026-08-03T06:00:14.400Z</time></trkpt><trkpt lon="-1.538345" lat="52.3074875"><ele>62.6</ele><time>2026-08-03T06:00:16.400Z</time></trkpt><trkpt lon="-1.5384" lat="52.30769"><ele>62.6</ele><time>2026-08-03T06:00:18.400Z</time></trkpt><trkpt lon="-1.538455" lat="52.3078925"><ele>62.8</ele><time>2026-08-03T06:00:20.600Z</time></trkpt><trkpt lon="-1.53851" lat="52.308095"><ele>63.1</ele><time>2026-08-03T06:00:22.800Z</time></trkpt><trkpt lon="-1.538565" lat="52.3082975"><ele>63.2</ele><time>2026-08-03T06:00:24.900Z</time></trkpt><trkpt lon="-1.53862" lat="52.3085"><ele>63.3</ele><time>2026-08-03T06:00:27.000Z</time></trkpt><trkpt lon="-1.538675" lat="52.3087025"><ele>63.2</ele><time>2026-08-03T06:00:29.000Z</time></trkpt><trkpt lon="-1.53873" lat="52.308905"><ele>63.2</ele><time>2026-08-03T06:00:31.000Z</time></trkpt><trkpt lon="-1.538785" lat="52.3091075"><ele>63.2</ele><time>2026-08-03T06:00:33.000Z</time></trkpt><trkpt lon="-1.53884" lat="52.30931"><ele>63.2</ele><time>2026-08-03T06:00:34.900Z</time></trkpt><trkpt lon="-1.538895" lat="52.3095125"><ele>63.1</ele><time>2026-08-03T06:00:36.900Z</time></trkpt><trkpt lon="-1.53895" lat="52.309715"><ele>63.1</ele><time>2026-08-03T06:00:38.900Z</time></trkpt><trkpt lon="-1.539005" lat="52.3099175"><ele>63.2</ele><time>2026-08-03T06:00:41.000Z</time></trkpt><trkpt lon="-1.53906" lat="52.31012"><ele>63.2</ele><time>2026-08-03T06:00:43.000Z</time></trkpt><trkpt lon="-1.539115" lat="52.3103225"><ele>63.3</ele><time>2026-08-03T06:00:45.100Z</time></trkpt><trkpt lon="-1.53917" lat="52.310525"><ele>63.7</ele><time>2026-08-03T06:00:47.400Z</time></trkpt><trkpt lon="-1.539225" lat="52.3107275"><ele>64.1</ele><time>2026-08-03T06:00:49.800Z</time></trkpt><trkpt lon="-1.53928" lat="52.31093"><ele>64.5</ele><time>2026-08-03T06:00:52.100Z</time></trkpt><trkpt lon="-1.53934" lat="52.31119"><ele>65.0</ele><time>2026-08-03T06:00:55.000Z</time></trkpt><trkpt lon="-1.5394" lat="52.31145"><ele>65.3</ele><time>2026-08-03T06:00:57.900Z</time></trkpt><trkpt lon="-1.53943" lat="52.31161"><ele>65.6</ele><time>2026-08-03T06:00:59.700Z</time></trkpt><trkpt lon="-1.53943" lat="52.31188"><ele>66.0</ele><time>2026-08-03T06:01:02.700Z</time></trkpt><trkpt lon="-1.53943" lat="52.31196"><ele>66.2</ele><time>2026-08-03T06:01:03.600Z</time></trkpt><trkpt lon="-1.53939" lat="52.31207"><ele>66.4</ele><time>2026-08-03T06:01:04.900Z</time></trkpt><trkpt lon="-1.53939" lat="52.31215"><ele>66.5</ele><time>2026-08-03T06:01:05.800Z</time></trkpt><trkpt lon="-1.5394" lat="52.31228"><ele>66.7</ele><time>2026-08-03T06:01:07.200Z</time></trkpt><trkpt lon="-1.53936" lat="52.31232"><ele>66.8</ele><time>2026-08-03T06:01:07.700Z</time></trkpt><trkpt lon="-1.53935" lat="52.31236"><ele>66.8</ele><time>2026-08-03T06:01:08.100Z</time></trkpt><trkpt lon="-1.53926" lat="52.3124"><ele>66.9</ele><time>2026-08-03T06:01:08.800Z</time></trkpt><trkpt lon="-1.5391" lat="52.31249"><ele>66.9</ele><time>2026-08-03T06:01:10.200Z</time></trkpt><trkpt lon="-1.53892" lat="52.3126"><ele>66.8</ele><time>2026-08-03T06:01:11.700Z</time></trkpt><trkpt lon="-1.53883" lat="52.31271"><ele>67.0</ele><time>2026-08-03T06:01:13.000Z</time></trkpt><trkpt lon="-1.53867" lat="52.31305"><ele>67.2</ele><time>2026-08-03T06:01:16.700Z</time></trkpt><trkpt lon="-1.53856" lat="52.31322"><ele>67.6</ele><time>2026-08-03T06:01:18.700Z</time></trkpt><trkpt lon="-1.53845" lat="52.31337"><ele>68.0</ele><time>2026-08-03T06:01:20.700Z</time></trkpt><trkpt lon="-1.538255" lat="52.31357"><ele>68.6</ele><time>2026-08-03T06:01:23.400Z</time></trkpt><trkpt lon="-1.53806" lat="52.31377"><ele>69.0</ele><time>2026-08-03T06:01:26.100Z</time></trkpt><trkpt lon="-1.53791" lat="52.3139167"><ele>69.6</ele><time>2026-08-03T06:01:28.200Z</time></trkpt><trkpt lon="-1.53761" lat="52.31421"><ele>70.5</ele><time>2026-08-03T06:01:32.400Z</time></trkpt><trkpt lon="-1.5374567" lat="52.3143567"><ele>71.3</ele><time>2026-08-03T06:01:35.000Z</time></trkpt><trkpt lon="-1.5373034" lat="52.3145034"><ele>72.2</ele><time>2026-08-03T06:01:37.800Z</time></trkpt><trkpt lon="-1.53715" lat="52.31465"><ele>73.2</ele><time>2026-08-03T06:01:40.500Z</time></trkpt><trkpt lon="-1.5369525" lat="52.3148075"><ele>73.9</ele><time>2026-08-03T06:01:43.100Z</time></trkpt><trkpt lon="-1.536755" lat="52.314965"><ele>74.4</ele><time>2026-08-03T06:01:45.500Z</time></trkpt><trkpt lon="-1.5365575" lat="52.3151225"><ele>75.2</ele><time>2026-08-03T06:01:48.200Z</time></trkpt><trkpt lon="-1.53636" lat="52.31528"><ele>76.5</ele><time>2026-08-03T06:01:51.600Z</time></trkpt><trkpt lon="-1.53617" lat="52.31545"><ele>78.2</ele><time>2026-08-03T06:01:55.800Z</time></trkpt><trkpt lon="-1.5359967" lat="52.31562"><ele>79.9</ele><time>2026-08-03T06:02:00.000Z</time></trkpt><trkpt lon="-1.5358233" lat="52.31579"><ele>81.5</ele><time>2026-08-03T06:02:04.000Z</time></trkpt><trkpt lon="-1.53565" lat="52.31596"><ele>82.9</ele><time>2026-08-03T06:02:07.600Z</time></trkpt><trkpt lon="-1.5354767" lat="52.31613"><ele>84.2</ele><time>2026-08-03T06:02:11.100Z</time></trkpt><trkpt lon="-1.5353033" lat="52.3163"><ele>85.3</ele><time>2026-08-03T06:02:14.300Z</time></trkpt><trkpt lon="-1.53513" lat="52.31647"><ele>86.0</ele><time>2026-08-03T06:02:16.900Z</time></trkpt><trkpt lon="-1.53496" lat="52.31664"><ele>86.3</ele><time>2026-08-03T06:02:19.200Z</time></trkpt><trkpt lon="-1.53462" lat="52.31698"><ele>86.2</ele><time>2026-08-03T06:02:23.000Z</time></trkpt><trkpt lon="-1.53438" lat="52.31718"><ele>85.8</ele><time>2026-08-03T06:02:25.200Z</time></trkpt><trkpt lon="-1.53406" lat="52.31743"><ele>85.5</ele><time>2026-08-03T06:02:28.100Z</time></trkpt><trkpt lon="-1.53383" lat="52.31757"><ele>85.4</ele><time>2026-08-03T06:02:30.000Z</time></trkpt><trkpt lon="-1.53357" lat="52.31771"><ele>85.5</ele><time>2026-08-03T06:02:32.200Z</time></trkpt><trkpt lon="-1.53324" lat="52.317885"><ele>85.7</ele><time>2026-08-03T06:02:34.900Z</time></trkpt><trkpt lon="-1.53291" lat="52.31806"><ele>85.4</ele><time>2026-08-03T06:02:37.400Z</time></trkpt><trkpt lon="-1.5326533" lat="52.3182633"><ele>84.5</ele><time>2026-08-03T06:02:39.500Z</time></trkpt><trkpt lon="-1.5323967" lat="52.3184667"><ele>83.5</ele><time>2026-08-03T06:02:41.500Z</time></trkpt><trkpt lon="-1.53214" lat="52.31867"><ele>82.9</ele><time>2026-08-03T06:02:43.700Z</time></trkpt><trkpt lon="-1.53188" lat="52.3188733"><ele>82.2</ele><time>2026-08-03T06:02:45.800Z</time></trkpt><trkpt lon="-1.53162" lat="52.3190767"><ele>81.5</ele><time>2026-08-03T06:02:48.000Z</time></trkpt><trkpt lon="-1.53136" lat="52.31928"><ele>80.6</ele><time>2026-08-03T06:02:50.100Z</time></trkpt><trkpt lon="-1.5311033" lat="52.3194833"><ele>79.9</ele><time>2026-08-03T06:02:52.300Z</time></trkpt><trkpt lon="-1.5308467" lat="52.3196867"><ele>79.2</ele><time>2026-08-03T06:02:54.400Z</time></trkpt><trkpt lon="-1.53059" lat="52.31989"><ele>78.7</ele><time>2026-08-03T06:02:56.700Z</time></trkpt><trkpt lon="-1.53048" lat="52.32007"><ele>78.6</ele><time>2026-08-03T06:02:58.500Z</time></trkpt><trkpt lon="-1.53052" lat="52.32013"><ele>78.4</ele><time>2026-08-03T06:02:59.000Z</time></trkpt><trkpt lon="-1.53068" lat="52.32022"><ele>77.9</ele><time>2026-08-03T06:03:00.100Z</time></trkpt><trkpt lon="-1.53083" lat="52.32027"><ele>77.4</ele><time>2026-08-03T06:03:00.900Z</time></trkpt><trkpt lon="-1.53114" lat="52.32036"><ele>76.6</ele><time>2026-08-03T06:03:02.500Z</time></trkpt><trkpt lon="-1.53145" lat="52.32045"><ele>75.7</ele><time>2026-08-03T06:03:04.100Z</time></trkpt><trkpt lon="-1.5318" lat="52.32057"><ele>75.0</ele><time>2026-08-03T06:03:06.200Z</time></trkpt><trkpt lon="-1.5321333" lat="52.32068"><ele>74.3</ele><time>2026-08-03T06:03:08.100Z</time></trkpt><trkpt lon="-1.5324667" lat="52.32079"><ele>73.7</ele><time>2026-08-03T06:03:10.000Z</time></trkpt><trkpt lon="-1.5328" lat="52.3209"><ele>73.2</ele><time>2026-08-03T06:03:12.000Z</time></trkpt><trkpt lon="-1.5331233" lat="52.3210233"><ele>72.6</ele><time>2026-08-03T06:03:14.000Z</time></trkpt><trkpt lon="-1.5334467" lat="52.3211467"><ele>72.1</ele><time>2026-08-03T06:03:16.000Z</time></trkpt><trkpt lon="-1.53377" lat="52.32127"><ele>71.5</ele><time>2026-08-03T06:03:18.000Z</time></trkpt><trkpt lon="-1.53413" lat="52.3214"><ele>70.9</ele><time>2026-08-03T06:03:20.200Z</time></trkpt><trkpt lon="-1.53456" lat="52.32153"><ele>70.4</ele><time>2026-08-03T06:03:22.800Z</time></trkpt><trkpt lon="-1.53514" lat="52.32167"><ele>69.9</ele><time>2026-08-03T06:03:26.300Z</time></trkpt><trkpt lon="-1.53567" lat="52.32178"><ele>69.6</ele><time>2026-08-03T06:03:29.400Z</time></trkpt><trkpt lon="-1.536005" lat="52.32184"><ele>69.5</ele><time>2026-08-03T06:03:31.500Z</time></trkpt><trkpt lon="-1.53634" lat="52.3219"><ele>69.4</ele><time>2026-08-03T06:03:33.500Z</time></trkpt><trkpt lon="-1.5366867" lat="52.3219533"><ele>69.3</ele><time>2026-08-03T06:03:35.600Z</time></trkpt><trkpt lon="-1.5370333" lat="52.3220067"><ele>69.2</ele><time>2026-08-03T06:03:37.700Z</time></trkpt><trkpt lon="-1.53738" lat="52.32206"><ele>69.2</ele><time>2026-08-03T06:03:39.800Z</time></trkpt><trkpt lon="-1.53799" lat="52.32212"><ele>68.3</ele><time>2026-08-03T06:03:43.000Z</time></trkpt><trkpt lon="-1.53843" lat="52.3221433"><ele>67.4</ele><time>2026-08-03T06:03:45.200Z</time></trkpt><trkpt lon="-1.53887" lat="52.3221667"><ele>66.6</ele><time>2026-08-03T06:03:47.400Z</time></trkpt><trkpt lon="-1.53931" lat="52.32219"><ele>65.8</ele><time>2026-08-03T06:03:49.700Z</time></trkpt><trkpt lon="-1.53985" lat="52.32224"><ele>65.0</ele><time>2026-08-03T06:03:52.500Z</time></trkpt><trkpt lon="-1.54029" lat="52.32229"><ele>64.4</ele><time>2026-08-03T06:03:54.900Z</time></trkpt><trkpt lon="-1.54081" lat="52.32237"><ele>64.0</ele><time>2026-08-03T06:03:57.900Z</time></trkpt><trkpt lon="-1.54116" lat="52.322435"><ele>63.8</ele><time>2026-08-03T06:04:00.000Z</time></trkpt><trkpt lon="-1.54151" lat="52.3225"><ele>63.7</ele><time>2026-08-03T06:04:02.100Z</time></trkpt><trkpt lon="-1.54197" lat="52.32261"><ele>63.5</ele><time>2026-08-03T06:04:04.900Z</time></trkpt><trkpt lon="-1.5423433" lat="52.3227167"><ele>63.4</ele><time>2026-08-03T06:04:07.300Z</time></trkpt><trkpt lon="-1.5427167" lat="52.3228233"><ele>63.3</ele><time>2026-08-03T06:04:09.700Z</time></trkpt><trkpt lon="-1.54309" lat="52.32293"><ele>63.1</ele><time>2026-08-03T06:04:12.100Z</time></trkpt><trkpt lon="-1.54338" lat="52.32301"><ele>63.1</ele><time>2026-08-03T06:04:14.000Z</time></trkpt><trkpt lon="-1.54355" lat="52.32305"><ele>63.2</ele><time>2026-08-03T06:04:15.100Z</time></trkpt><trkpt lon="-1.5438167" lat="52.3230967"><ele>63.2</ele><time>2026-08-03T06:04:16.800Z</time></trkpt><trkpt lon="-1.54435" lat="52.32319"><ele>63.6</ele><time>2026-08-03T06:04:20.500Z</time></trkpt><trkpt lon="-1.5446" lat="52.32325"><ele>63.9</ele><time>2026-08-03T06:04:22.300Z</time></trkpt><trkpt lon="-1.5451" lat="52.32337"><ele>64.4</ele><time>2026-08-03T06:04:26.000Z</time></trkpt><trkpt lon="-1.5454" lat="52.32346"><ele>65.1</ele><time>2026-08-03T06:04:28.600Z</time></trkpt><trkpt lon="-1.5457" lat="52.32355"><ele>66.0</ele><time>2026-08-03T06:04:31.500Z</time></trkpt><trkpt lon="-1.546035" lat="52.32367"><ele>67.1</ele><time>2026-08-03T06:04:34.900Z</time></trkpt><trkpt lon="-1.54637" lat="52.32379"><ele>68.0</ele><time>2026-08-03T06:04:38.000Z</time></trkpt><trkpt lon="-1.54666" lat="52.32387"><ele>68.3</ele><time>2026-08-03T06:04:40.200Z</time></trkpt><trkpt lon="-1.5469767" lat="52.32395"><ele>68.0</ele><time>2026-08-03T06:04:42.100Z</time></trkpt><trkpt lon="-1.5472933" lat="52.32403"><ele>67.7</ele><time>2026-08-03T06:04:44.000Z</time></trkpt><trkpt lon="-1.54761" lat="52.32411"><ele>67.4</ele><time>2026-08-03T06:04:45.900Z</time></trkpt><trkpt lon="-1.54793" lat="52.3241933"><ele>66.7</ele><time>2026-08-03T06:04:47.600Z</time></trkpt><trkpt lon="-1.54825" lat="52.3242767"><ele>66.1</ele><time>2026-08-03T06:04:49.400Z</time></trkpt><trkpt lon="-1.54857" lat="52.32436"><ele>65.4</ele><time>2026-08-03T06:04:51.100Z</time></trkpt><trkpt lon="-1.5488867" lat="52.32444"><ele>64.8</ele><time>2026-08-03T06:04:52.900Z</time></trkpt><trkpt lon="-1.5492033" lat="52.32452"><ele>63.8</ele><time>2026-08-03T06:04:54.500Z</time></trkpt><trkpt lon="-1.54952" lat="52.3246"><ele>62.8</ele><time>2026-08-03T06:04:56.000Z</time></trkpt><trkpt lon="-1.55009" lat="52.32472"><ele>60.9</ele><time>2026-08-03T06:04:58.700Z</time></trkpt><trkpt lon="-1.55055" lat="52.3248"><ele>59.2</ele><time>2026-08-03T06:05:00.800Z</time></trkpt><trkpt lon="-1.55104" lat="52.32488"><ele>57.3</ele><time>2026-08-03T06:05:03.100Z</time></trkpt><trkpt lon="-1.5517" lat="52.32496"><ele>55.6</ele><time>2026-08-03T06:05:06.200Z</time></trkpt><trkpt lon="-1.55212" lat="52.32501"><ele>54.9</ele><time>2026-08-03T06:05:08.400Z</time></trkpt><trkpt lon="-1.55254" lat="52.32506"><ele>54.6</ele><time>2026-08-03T06:05:10.800Z</time></trkpt><trkpt lon="-1.55261" lat="52.32507"><ele>54.6</ele><time>2026-08-03T06:05:11.200Z</time></trkpt><trkpt lon="-1.55286" lat="52.32512"><ele>54.5</ele><time>2026-08-03T06:05:12.700Z</time></trkpt><trkpt lon="-1.55309" lat="52.32514"><ele>54.2</ele><time>2026-08-03T06:05:14.000Z</time></trkpt><trkpt lon="-1.55324" lat="52.32515"><ele>54.1</ele><time>2026-08-03T06:05:14.900Z</time></trkpt><trkpt lon="-1.55335" lat="52.32514"><ele>54.1</ele><time>2026-08-03T06:05:15.500Z</time></trkpt><trkpt lon="-1.55347" lat="52.32512"><ele>54.0</ele><time>2026-08-03T06:05:16.200Z</time></trkpt><trkpt lon="-1.55353" lat="52.3251"><ele>54.0</ele><time>2026-08-03T06:05:16.600Z</time></trkpt><trkpt lon="-1.55363" lat="52.32504"><ele>53.9</ele><time>2026-08-03T06:05:17.400Z</time></trkpt><trkpt lon="-1.55373" lat="52.32501"><ele>53.8</ele><time>2026-08-03T06:05:18.000Z</time></trkpt><trkpt lon="-1.55394" lat="52.32502"><ele>53.7</ele><time>2026-08-03T06:05:19.200Z</time></trkpt><trkpt lon="-1.55405" lat="52.32505"><ele>53.6</ele><time>2026-08-03T06:05:19.900Z</time></trkpt><trkpt lon="-1.55442" lat="52.32519"><ele>53.5</ele><time>2026-08-03T06:05:22.400Z</time></trkpt><trkpt lon="-1.55495" lat="52.32535"><ele>53.6</ele><time>2026-08-03T06:05:26.000Z</time></trkpt><trkpt lon="-1.55537" lat="52.32549"><ele>53.4</ele><time>2026-08-03T06:05:28.800Z</time></trkpt><trkpt lon="-1.55571" lat="52.325595"><ele>53.3</ele><time>2026-08-03T06:05:31.000Z</time></trkpt><trkpt lon="-1.55605" lat="52.3257"><ele>53.4</ele><time>2026-08-03T06:05:33.300Z</time></trkpt><trkpt lon="-1.556385" lat="52.32581"><ele>53.4</ele><time>2026-08-03T06:05:35.600Z</time></trkpt><trkpt lon="-1.55672" lat="52.32592"><ele>53.5</ele><time>2026-08-03T06:05:38.000Z</time></trkpt><trkpt lon="-1.55687" lat="52.32597"><ele>53.7</ele><time>2026-08-03T06:05:39.100Z</time></trkpt><trkpt lon="-1.55717" lat="52.32613"><ele>54.0</ele><time>2026-08-03T06:05:41.800Z</time></trkpt><trkpt lon="-1.55738" lat="52.32625"><ele>54.7</ele><time>2026-08-03T06:05:44.200Z</time></trkpt><trkpt lon="-1.5576" lat="52.3264"><ele>55.7</ele><time>2026-08-03T06:05:47.300Z</time></trkpt><trkpt lon="-1.55786" lat="52.32658002751"><ele>57.2</ele><time>2026-08-03T06:05:51.400Z</time></trkpt><trkpt lon="-1.55802" lat="52.32671"><ele>58.2</ele><time>2026-08-03T06:05:54.200Z</time></trkpt><trkpt lon="-1.55817" lat="52.3268"><ele>58.9</ele><time>2026-08-03T06:05:56.100Z</time></trkpt><trkpt lon="-1.55823" lat="52.32681"><ele>59.2</ele><time>2026-08-03T06:05:56.900Z</time></trkpt><trkpt lon="-1.55828" lat="52.3268"><ele>59.5</ele><time>2026-08-03T06:05:57.700Z</time></trkpt><trkpt lon="-1.55835" lat="52.32677"><ele>60.1</ele><time>2026-08-03T06:05:58.900Z</time></trkpt><trkpt lon="-1.55841" lat="52.32665"><ele>61.1</ele><time>2026-08-03T06:06:01.400Z</time></trkpt><trkpt lon="-1.55841" lat="52.32646"><ele>61.2</ele><time>2026-08-03T06:06:03.400Z</time></trkpt><trkpt lon="-1.55841" lat="52.32614"><ele>61.2</ele><time>2026-08-03T06:06:06.500Z</time></trkpt><trkpt lon="-1.55843" lat="52.32602"><ele>61.1</ele><time>2026-08-03T06:06:07.700Z</time></trkpt><trkpt lon="-1.55846" lat="52.32587"><ele>61.1</ele><time>2026-08-03T06:06:09.100Z</time></trkpt><trkpt lon="-1.55857" lat="52.32559"><ele>61.0</ele><time>2026-08-03T06:06:11.900Z</time></trkpt><trkpt lon="-1.558665" lat="52.32537"><ele>61.0</ele><time>2026-08-03T06:06:14.100Z</time></trkpt><trkpt lon="-1.55876" lat="52.32515"><ele>61.2</ele><time>2026-08-03T06:06:16.500Z</time></trkpt><trkpt lon="-1.5588525" lat="52.3249625"><ele>61.8</ele><time>2026-08-03T06:06:18.900Z</time></trkpt><trkpt lon="-1.558945" lat="52.324775"><ele>62.5</ele><time>2026-08-03T06:06:21.500Z</time></trkpt><trkpt lon="-1.5590375" lat="52.3245875"><ele>63.2</ele><time>2026-08-03T06:06:24.100Z</time></trkpt><trkpt lon="-1.55913" lat="52.3244"><ele>64.0</ele><time>2026-08-03T06:06:26.700Z</time></trkpt><trkpt lon="-1.55926" lat="52.3242"><ele>64.4</ele><time>2026-08-03T06:06:29.100Z</time></trkpt><trkpt lon="-1.55941" lat="52.32407"><ele>64.0</ele><time>2026-08-03T06:06:30.500Z</time></trkpt><trkpt lon="-1.55964" lat="52.32391"><ele>63.5</ele><time>2026-08-03T06:06:32.300Z</time></trkpt><trkpt lon="-1.56011" lat="52.32367"><ele>62.8</ele><time>2026-08-03T06:06:35.600Z</time></trkpt><trkpt lon="-1.5604" lat="52.32355"><ele>61.8</ele><time>2026-08-03T06:06:37.200Z</time></trkpt><trkpt lon="-1.56069" lat="52.32343"><ele>60.4</ele><time>2026-08-03T06:06:38.800Z</time></trkpt><trkpt lon="-1.56088" lat="52.32331"><ele>59.0</ele><time>2026-08-03T06:06:39.900Z</time></trkpt><trkpt lon="-1.56098" lat="52.32321"><ele>57.8</ele><time>2026-08-03T06:06:40.700Z</time></trkpt><trkpt lon="-1.56105" lat="52.32308"><ele>56.3</ele><time>2026-08-03T06:06:41.700Z</time></trkpt><trkpt lon="-1.5611067" lat="52.3228667"><ele>54.5</ele><time>2026-08-03T06:06:43.200Z</time></trkpt><trkpt lon="-1.5611634" lat="52.3226534"><ele>53.7</ele><time>2026-08-03T06:06:44.900Z</time></trkpt><trkpt lon="-1.56122" lat="52.32244"><ele>53.0</ele><time>2026-08-03T06:06:46.700Z</time></trkpt><trkpt lon="-1.561315" lat="52.3222275"><ele>53.3</ele><time>2026-08-03T06:06:49.100Z</time></trkpt><trkpt lon="-1.56141" lat="52.322015"><ele>54.1</ele><time>2026-08-03T06:06:52.000Z</time></trkpt><trkpt lon="-1.561505" lat="52.3218025"><ele>55.4</ele><time>2026-08-03T06:06:55.700Z</time></trkpt><trkpt lon="-1.5616" lat="52.32159"><ele>57.0</ele><time>2026-08-03T06:06:59.800Z</time></trkpt><trkpt lon="-1.561695" lat="52.32139"><ele>58.6</ele><time>2026-08-03T06:07:03.800Z</time></trkpt><trkpt lon="-1.56179" lat="52.32119"><ele>60.3</ele><time>2026-08-03T06:07:08.000Z</time></trkpt><trkpt lon="-1.5619" lat="52.320965"><ele>62.1</ele><time>2026-08-03T06:07:12.500Z</time></trkpt><trkpt lon="-1.56201" lat="52.32074"><ele>63.4</ele><time>2026-08-03T06:07:16.300Z</time></trkpt><trkpt lon="-1.56211" lat="52.32056"><ele>64.2</ele><time>2026-08-03T06:07:19.000Z</time></trkpt><trkpt lon="-1.56226" lat="52.320335"><ele>65.3</ele><time>2026-08-03T06:07:22.500Z</time></trkpt><trkpt lon="-1.56241" lat="52.32011"><ele>66.4</ele><time>2026-08-03T06:07:26.000Z</time></trkpt><trkpt lon="-1.56258" lat="52.31992"><ele>67.2</ele><time>2026-08-03T06:07:28.900Z</time></trkpt><trkpt lon="-1.56275" lat="52.3197267"><ele>67.9</ele><time>2026-08-03T06:07:31.700Z</time></trkpt><trkpt lon="-1.56292" lat="52.3195333"><ele>68.6</ele><time>2026-08-03T06:07:34.400Z</time></trkpt><trkpt lon="-1.56309" lat="52.31934"><ele>69.2</ele><time>2026-08-03T06:07:37.100Z</time></trkpt><trkpt lon="-1.56322" lat="52.3191333"><ele>70.0</ele><time>2026-08-03T06:07:40.000Z</time></trkpt><trkpt lon="-1.56335" lat="52.3189267"><ele>70.8</ele><time>2026-08-03T06:07:42.800Z</time></trkpt><trkpt lon="-1.56348" lat="52.31872"><ele>71.2</ele><time>2026-08-03T06:07:45.300Z</time></trkpt><trkpt lon="-1.5636025" lat="52.3185175"><ele>70.9</ele><time>2026-08-03T06:07:47.300Z</time></trkpt><trkpt lon="-1.563725" lat="52.318315"><ele>70.5</ele><time>2026-08-03T06:07:49.200Z</time></trkpt><trkpt lon="-1.5638475" lat="52.3181125"><ele>69.4</ele><time>2026-08-03T06:07:50.800Z</time></trkpt><trkpt lon="-1.56397" lat="52.31791"><ele>68.2</ele><time>2026-08-03T06:07:52.300Z</time></trkpt><trkpt lon="-1.5640925" lat="52.317705"><ele>66.9</ele><time>2026-08-03T06:07:53.900Z</time></trkpt><trkpt lon="-1.564215" lat="52.3175"><ele>65.9</ele><time>2026-08-03T06:07:55.600Z</time></trkpt><trkpt lon="-1.5643375" lat="52.317295"><ele>64.6</ele><time>2026-08-03T06:07:57.100Z</time></trkpt><trkpt lon="-1.56446" lat="52.31709"><ele>63.3</ele><time>2026-08-03T06:07:58.700Z</time></trkpt><trkpt lon="-1.56461" lat="52.3169"><ele>63.1</ele><time>2026-08-03T06:08:00.600Z</time></trkpt><trkpt lon="-1.56479" lat="52.31692"><ele>63.2</ele><time>2026-08-03T06:08:01.800Z</time></trkpt><trkpt lon="-1.5651567" lat="52.3169333"><ele>63.4</ele><time>2026-08-03T06:08:04.200Z</time></trkpt><trkpt lon="-1.5655233" lat="52.3169467"><ele>63.8</ele><time>2026-08-03T06:08:06.700Z</time></trkpt><trkpt lon="-1.56589" lat="52.31696"><ele>64.0</ele><time>2026-08-03T06:08:09.100Z</time></trkpt><trkpt lon="-1.56626" lat="52.3169733"><ele>64.1</ele><time>2026-08-03T06:08:11.400Z</time></trkpt><trkpt lon="-1.56663" lat="52.3169867"><ele>63.9</ele><time>2026-08-03T06:08:13.500Z</time></trkpt><trkpt lon="-1.567" lat="52.317"><ele>63.4</ele><time>2026-08-03T06:08:15.500Z</time></trkpt><trkpt lon="-1.5673667" lat="52.3170133"><ele>62.9</ele><time>2026-08-03T06:08:17.400Z</time></trkpt><trkpt lon="-1.5677333" lat="52.3170267"><ele>62.4</ele><time>2026-08-03T06:08:19.300Z</time></trkpt><trkpt lon="-1.5681" lat="52.31704"><ele>61.9</ele><time>2026-08-03T06:08:21.300Z</time></trkpt><trkpt lon="-1.5684667" lat="52.3170533"><ele>61.4</ele><time>2026-08-03T06:08:23.200Z</time></trkpt><trkpt lon="-1.5688333" lat="52.3170667"><ele>60.9</ele><time>2026-08-03T06:08:25.100Z</time></trkpt><trkpt lon="-1.5692" lat="52.31708"><ele>60.4</ele><time>2026-08-03T06:08:27.100Z</time></trkpt><trkpt lon="-1.5695833" lat="52.3170967"><ele>60.2</ele><time>2026-08-03T06:08:29.300Z</time></trkpt><trkpt lon="-1.5699667" lat="52.3171133"><ele>60.4</ele><time>2026-08-03T06:08:31.700Z</time></trkpt><trkpt lon="-1.57035" lat="52.31713"><ele>61.1</ele><time>2026-08-03T06:08:34.600Z</time></trkpt><trkpt lon="-1.5706833" lat="52.3171433"><ele>62.3</ele><time>2026-08-03T06:08:38.000Z</time></trkpt><trkpt lon="-1.5710166" lat="52.3171567"><ele>63.5</ele><time>2026-08-03T06:08:41.500Z</time></trkpt><trkpt lon="-1.57135" lat="52.31717"><ele>64.8</ele><time>2026-08-03T06:08:44.900Z</time></trkpt><trkpt lon="-1.5716833" lat="52.31718"><ele>65.8</ele><time>2026-08-03T06:08:48.000Z</time></trkpt><trkpt lon="-1.5720167" lat="52.31719"><ele>66.6</ele><time>2026-08-03T06:08:50.800Z</time></trkpt><trkpt lon="-1.57235" lat="52.3172"><ele>67.3</ele><time>2026-08-03T06:08:53.400Z</time></trkpt><trkpt lon="-1.57291" lat="52.31722"><ele>68.3</ele><time>2026-08-03T06:08:57.600Z</time></trkpt><trkpt lon="-1.57321" lat="52.3172333"><ele>68.7</ele><time>2026-08-03T06:08:59.800Z</time></trkpt><trkpt lon="-1.57351" lat="52.3172467"><ele>69.4</ele><time>2026-08-03T06:09:02.200Z</time></trkpt><trkpt lon="-1.57381" lat="52.31726"><ele>70.1</ele><time>2026-08-03T06:09:04.600Z</time></trkpt><trkpt lon="-1.57424" lat="52.31731"><ele>71.6</ele><time>2026-08-03T06:09:09.100Z</time></trkpt><trkpt lon="-1.57452" lat="52.3173475"><ele>72.9</ele><time>2026-08-03T06:09:12.400Z</time></trkpt><trkpt lon="-1.5748" lat="52.317385"><ele>74.4</ele><time>2026-08-03T06:09:16.000Z</time></trkpt><trkpt lon="-1.57508" lat="52.3174225"><ele>75.7</ele><time>2026-08-03T06:09:19.300Z</time></trkpt><trkpt lon="-1.57536" lat="52.31746"><ele>77.0</ele><time>2026-08-03T06:09:22.600Z</time></trkpt><trkpt lon="-1.57564" lat="52.3174975"><ele>78.1</ele><time>2026-08-03T06:09:25.600Z</time></trkpt><trkpt lon="-1.57592" lat="52.317535"><ele>78.9</ele><time>2026-08-03T06:09:28.300Z</time></trkpt><trkpt lon="-1.57648" lat="52.31761"><ele>79.9</ele><time>2026-08-03T06:09:32.500Z</time></trkpt><trkpt lon="-1.57676" lat="52.31763"><ele>80.3</ele><time>2026-08-03T06:09:34.500Z</time></trkpt><trkpt lon="-1.57674" lat="52.31794"><ele>80.5</ele><time>2026-08-03T06:09:37.700Z</time></trkpt><trkpt lon="-1.57677" lat="52.31817"><ele>80.3</ele><time>2026-08-03T06:09:39.800Z</time></trkpt><trkpt lon="-1.57683" lat="52.31845"><ele>80.0</ele><time>2026-08-03T06:09:42.400Z</time></trkpt><trkpt lon="-1.57677" lat="52.31868"><ele>79.3</ele><time>2026-08-03T06:09:44.400Z</time></trkpt><trkpt lon="-1.57671" lat="52.31885"><ele>79.0</ele><time>2026-08-03T06:09:45.900Z</time></trkpt><trkpt lon="-1.5766" lat="52.3190933"><ele>78.2</ele><time>2026-08-03T06:09:48.000Z</time></trkpt><trkpt lon="-1.57649" lat="52.3193367"><ele>77.3</ele><time>2026-08-03T06:09:50.000Z</time></trkpt><trkpt lon="-1.57638" lat="52.31958"><ele>76.7</ele><time>2026-08-03T06:09:52.200Z</time></trkpt><trkpt lon="-1.5762667" lat="52.31982"><ele>76.7</ele><time>2026-08-03T06:09:54.600Z</time></trkpt><trkpt lon="-1.5761533" lat="52.32006"><ele>77.2</ele><time>2026-08-03T06:09:57.500Z</time></trkpt><trkpt lon="-1.57604" lat="52.3203"><ele>78.1</ele><time>2026-08-03T06:10:00.700Z</time></trkpt><trkpt lon="-1.57602" lat="52.3204"><ele>78.4</ele><time>2026-08-03T06:10:01.900Z</time></trkpt><trkpt lon="-1.57599" lat="52.32064"><ele>78.6</ele><time>2026-08-03T06:10:04.500Z</time></trkpt><trkpt lon="-1.57598" lat="52.32084"><ele>78.5</ele><time>2026-08-03T06:10:06.400Z</time></trkpt><trkpt lon="-1.57596" lat="52.32124"><ele>78.0</ele><time>2026-08-03T06:10:10.000Z</time></trkpt><trkpt lon="-1.5759667" lat="52.3214633"><ele>77.6</ele><time>2026-08-03T06:10:12.000Z</time></trkpt><trkpt lon="-1.5759733" lat="52.3216867"><ele>76.8</ele><time>2026-08-03T06:10:13.800Z</time></trkpt><trkpt lon="-1.57598" lat="52.32191"><ele>76.0</ele><time>2026-08-03T06:10:15.600Z</time></trkpt><trkpt lon="-1.5759867" lat="52.3221367"><ele>74.7</ele><time>2026-08-03T06:10:17.200Z</time></trkpt><trkpt lon="-1.5759933" lat="52.3223634"><ele>73.7</ele><time>2026-08-03T06:10:18.900Z</time></trkpt><trkpt lon="-1.576" lat="52.32259"><ele>72.6</ele><time>2026-08-03T06:10:20.600Z</time></trkpt><trkpt lon="-1.575995" lat="52.32282"><ele>71.6</ele><time>2026-08-03T06:10:22.400Z</time></trkpt><trkpt lon="-1.57599" lat="52.32305"><ele>70.4</ele><time>2026-08-03T06:10:24.100Z</time></trkpt><trkpt lon="-1.5759767" lat="52.32324"><ele>69.3</ele><time>2026-08-03T06:10:25.500Z</time></trkpt><trkpt lon="-1.57595" lat="52.32362"><ele>67.2</ele><time>2026-08-03T06:10:28.200Z</time></trkpt><trkpt lon="-1.5759367" lat="52.32381"><ele>66.3</ele><time>2026-08-03T06:10:29.700Z</time></trkpt><trkpt lon="-1.57591" lat="52.32419"><ele>65.2</ele><time>2026-08-03T06:10:32.800Z</time></trkpt><trkpt lon="-1.57585" lat="52.32449"><ele>64.9</ele><time>2026-08-03T06:10:35.600Z</time></trkpt><trkpt lon="-1.57578" lat="52.32474"><ele>65.1</ele><time>2026-08-03T06:10:38.300Z</time></trkpt><trkpt lon="-1.5757" lat="52.3249767"><ele>65.6</ele><time>2026-08-03T06:10:41.000Z</time></trkpt><trkpt lon="-1.57562" lat="52.3252133"><ele>66.3</ele><time>2026-08-03T06:10:44.000Z</time></trkpt><trkpt lon="-1.57554" lat="52.32545"><ele>67.1</ele><time>2026-08-03T06:10:47.000Z</time></trkpt><trkpt lon="-1.5754775" lat="52.3256275"><ele>67.8</ele><time>2026-08-03T06:10:49.500Z</time></trkpt><trkpt lon="-1.575415" lat="52.325805"><ele>68.5</ele><time>2026-08-03T06:10:51.900Z</time></trkpt><trkpt lon="-1.5753525" lat="52.3259825"><ele>69.3</ele><time>2026-08-03T06:10:54.500Z</time></trkpt><trkpt lon="-1.57529" lat="52.32616"><ele>70.1</ele><time>2026-08-03T06:10:57.100Z</time></trkpt><trkpt lon="-1.5752275" lat="52.3263375"><ele>71.0</ele><time>2026-08-03T06:10:59.800Z</time></trkpt><trkpt lon="-1.575165" lat="52.326515"><ele>71.9</ele><time>2026-08-03T06:11:02.600Z</time></trkpt><trkpt lon="-1.5751025" lat="52.3266925"><ele>73.0</ele><time>2026-08-03T06:11:05.600Z</time></trkpt><trkpt lon="-1.57504" lat="52.32687"><ele>74.0</ele><time>2026-08-03T06:11:08.600Z</time></trkpt><trkpt lon="-1.57496" lat="52.3271067"><ele>75.4</ele><time>2026-08-03T06:11:12.600Z</time></trkpt><trkpt lon="-1.57488" lat="52.3273433"><ele>76.5</ele><time>2026-08-03T06:11:16.100Z</time></trkpt><trkpt lon="-1.5748" lat="52.32758"><ele>77.4</ele><time>2026-08-03T06:11:19.300Z</time></trkpt><trkpt lon="-1.5747" lat="52.32789"><ele>78.6</ele><time>2026-08-03T06:11:23.500Z</time></trkpt><trkpt lon="-1.57462" lat="52.3281133"><ele>79.4</ele><time>2026-08-03T06:11:26.500Z</time></trkpt><trkpt lon="-1.57454" lat="52.3283367"><ele>80.3</ele><time>2026-08-03T06:11:29.600Z</time></trkpt><trkpt lon="-1.57446" lat="52.32856"><ele>81.1</ele><time>2026-08-03T06:11:32.600Z</time></trkpt><trkpt lon="-1.57438" lat="52.3287833"><ele>82.0</ele><time>2026-08-03T06:11:35.600Z</time></trkpt><trkpt lon="-1.5743" lat="52.32900676121"><ele>82.7</ele><time>2026-08-03T06:11:38.500Z</time></trkpt><trkpt lon="-1.57422" lat="52.32923"><ele>83.3</ele><time>2026-08-03T06:11:41.200Z</time></trkpt><trkpt lon="-1.57414" lat="52.32954"><ele>83.8</ele><time>2026-08-03T06:11:44.700Z</time></trkpt><trkpt lon="-1.5740933" lat="52.3297867"><ele>84.0</ele><time>2026-08-03T06:11:47.300Z</time></trkpt><trkpt lon="-1.5740467" lat="52.3300333"><ele>84.1</ele><time>2026-08-03T06:11:49.800Z</time></trkpt><trkpt lon="-1.574" lat="52.33028"><ele>84.2</ele><time>2026-08-03T06:11:52.300Z</time></trkpt><trkpt lon="-1.5739533" lat="52.3305233"><ele>84.3</ele><time>2026-08-03T06:11:54.800Z</time></trkpt><trkpt lon="-1.5739067" lat="52.3307667"><ele>84.4</ele><time>2026-08-03T06:11:57.200Z</time></trkpt><trkpt lon="-1.57386" lat="52.33101"><ele>84.4</ele><time>2026-08-03T06:11:59.700Z</time></trkpt><trkpt lon="-1.5738133" lat="52.33126"><ele>84.6</ele><time>2026-08-03T06:12:02.300Z</time></trkpt><trkpt lon="-1.5737667" lat="52.33151"><ele>84.9</ele><time>2026-08-03T06:12:05.000Z</time></trkpt><trkpt lon="-1.57372" lat="52.33176"><ele>85.2</ele><time>2026-08-03T06:12:07.700Z</time></trkpt><trkpt lon="-1.5736767" lat="52.3320067"><ele>85.6</ele><time>2026-08-03T06:12:10.500Z</time></trkpt><trkpt lon="-1.5736333" lat="52.3322533"><ele>85.9</ele><time>2026-08-03T06:12:13.200Z</time></trkpt><trkpt lon="-1.57359" lat="52.3325"><ele>86.1</ele><time>2026-08-03T06:12:15.800Z</time></trkpt><trkpt lon="-1.5735433" lat="52.33275"><ele>86.3</ele><time>2026-08-03T06:12:18.400Z</time></trkpt><trkpt lon="-1.5734967" lat="52.333"><ele>86.2</ele><time>2026-08-03T06:12:20.800Z</time></trkpt><trkpt lon="-1.57345" lat="52.33325"><ele>86.1</ele><time>2026-08-03T06:12:23.200Z</time></trkpt><trkpt lon="-1.5734067" lat="52.3335"><ele>86.0</ele><time>2026-08-03T06:12:25.600Z</time></trkpt><trkpt lon="-1.5733633" lat="52.33375"><ele>85.6</ele><time>2026-08-03T06:12:27.800Z</time></trkpt><trkpt lon="-1.57332" lat="52.334"><ele>85.2</ele><time>2026-08-03T06:12:30.100Z</time></trkpt><trkpt lon="-1.5732733" lat="52.33425"><ele>84.6</ele><time>2026-08-03T06:12:32.300Z</time></trkpt><trkpt lon="-1.5732267" lat="52.3345"><ele>84.2</ele><time>2026-08-03T06:12:34.500Z</time></trkpt><trkpt lon="-1.57318" lat="52.33475"><ele>83.9</ele><time>2026-08-03T06:12:36.800Z</time></trkpt><trkpt lon="-1.5731425" lat="52.3349675"><ele>83.8</ele><time>2026-08-03T06:12:38.900Z</time></trkpt><trkpt lon="-1.573105" lat="52.335185"><ele>83.8</ele><time>2026-08-03T06:12:41.000Z</time></trkpt><trkpt lon="-1.5730675" lat="52.33540256837"><ele>83.7</ele><time>2026-08-03T06:12:43.100Z</time></trkpt><trkpt lon="-1.57303" lat="52.33562"><ele>83.7</ele><time>2026-08-03T06:12:45.200Z</time></trkpt><trkpt lon="-1.57301" lat="52.33568"><ele>83.6</ele><time>2026-08-03T06:12:45.800Z</time></trkpt><trkpt lon="-1.57297" lat="52.33574"><ele>83.6</ele><time>2026-08-03T06:12:46.400Z</time></trkpt><trkpt lon="-1.57297" lat="52.33577"><ele>83.6</ele><time>2026-08-03T06:12:46.700Z</time></trkpt><trkpt lon="-1.57299" lat="52.33584"><ele>83.5</ele><time>2026-08-03T06:12:47.300Z</time></trkpt><trkpt lon="-1.57299" lat="52.33594"><ele>83.5</ele><time>2026-08-03T06:12:48.300Z</time></trkpt><trkpt lon="-1.57294" lat="52.33626"><ele>83.3</ele><time>2026-08-03T06:12:51.300Z</time></trkpt><trkpt lon="-1.57292" lat="52.33646"><ele>83.2</ele><time>2026-08-03T06:12:53.200Z</time></trkpt><trkpt lon="-1.57297" lat="52.33658"><ele>83.1</ele><time>2026-08-03T06:12:54.400Z</time></trkpt><trkpt lon="-1.57309" lat="52.33682"><ele>83.0</ele><time>2026-08-03T06:12:56.800Z</time></trkpt><trkpt lon="-1.5732733" lat="52.3370067"><ele>83.0</ele><time>2026-08-03T06:12:58.900Z</time></trkpt><trkpt lon="-1.5734566" lat="52.3371934"><ele>82.9</ele><time>2026-08-03T06:13:01.000Z</time></trkpt><trkpt lon="-1.57364" lat="52.33738"><ele>82.9</ele><time>2026-08-03T06:13:03.100Z</time></trkpt><trkpt lon="-1.5738225" lat="52.337555"><ele>82.9</ele><time>2026-08-03T06:13:05.200Z</time></trkpt><trkpt lon="-1.574005" lat="52.33773"><ele>82.9</ele><time>2026-08-03T06:13:07.200Z</time></trkpt><trkpt lon="-1.5741875" lat="52.337905"><ele>83.0</ele><time>2026-08-03T06:13:09.200Z</time></trkpt><trkpt lon="-1.57437" lat="52.33808"><ele>83.0</ele><time>2026-08-03T06:13:11.300Z</time></trkpt><trkpt lon="-1.574555" lat="52.3382525"><ele>83.0</ele><time>2026-08-03T06:13:13.300Z</time></trkpt><trkpt lon="-1.57474" lat="52.338425"><ele>83.0</ele><time>2026-08-03T06:13:15.300Z</time></trkpt><trkpt lon="-1.574925" lat="52.3385975"><ele>83.0</ele><time>2026-08-03T06:13:17.400Z</time></trkpt><trkpt lon="-1.57511" lat="52.33877"><ele>83.0</ele><time>2026-08-03T06:13:19.400Z</time></trkpt><trkpt lon="-1.575295" lat="52.338945"><ele>83.0</ele><time>2026-08-03T06:13:21.400Z</time></trkpt><trkpt lon="-1.57548" lat="52.33912"><ele>83.1</ele><time>2026-08-03T06:13:23.500Z</time></trkpt><trkpt lon="-1.575665" lat="52.339295"><ele>83.1</ele><time>2026-08-03T06:13:25.500Z</time></trkpt><trkpt lon="-1.57585" lat="52.33947"><ele>83.1</ele><time>2026-08-03T06:13:27.600Z</time></trkpt><trkpt lon="-1.576045" lat="52.33966"><ele>83.2</ele><time>2026-08-03T06:13:29.900Z</time></trkpt><trkpt lon="-1.57624" lat="52.33985"><ele>83.3</ele><time>2026-08-03T06:13:32.100Z</time></trkpt><trkpt lon="-1.5764033" lat="52.3400033"><ele>83.4</ele><time>2026-08-03T06:13:34.000Z</time></trkpt><trkpt lon="-1.57673" lat="52.34031"><ele>83.5</ele><time>2026-08-03T06:13:37.700Z</time></trkpt><trkpt lon="-1.5769367" lat="52.34052"><ele>83.6</ele><time>2026-08-03T06:13:40.100Z</time></trkpt><trkpt lon="-1.5771433" lat="52.34073"><ele>83.5</ele><time>2026-08-03T06:13:42.500Z</time></trkpt><trkpt lon="-1.57735" lat="52.34094"><ele>83.5</ele><time>2026-08-03T06:13:44.900Z</time></trkpt><trkpt lon="-1.57766" lat="52.34122"><ele>83.5</ele><time>2026-08-03T06:13:48.200Z</time></trkpt><trkpt lon="-1.57786" lat="52.34143"><ele>83.6</ele><time>2026-08-03T06:13:50.600Z</time></trkpt><trkpt lon="-1.5780667" lat="52.3416233"><ele>83.6</ele><time>2026-08-03T06:13:52.900Z</time></trkpt><trkpt lon="-1.5782733" lat="52.3418167"><ele>83.6</ele><time>2026-08-03T06:13:55.100Z</time></trkpt><trkpt lon="-1.57848" lat="52.34201"><ele>83.7</ele><time>2026-08-03T06:13:57.500Z</time></trkpt><trkpt lon="-1.5786833" lat="52.3422"><ele>83.8</ele><time>2026-08-03T06:13:59.800Z</time></trkpt><trkpt lon="-1.5788867" lat="52.34239"><ele>83.9</ele><time>2026-08-03T06:14:02.100Z</time></trkpt><trkpt lon="-1.57909" lat="52.34258"><ele>84.2</ele><time>2026-08-03T06:14:04.500Z</time></trkpt><trkpt lon="-1.57929" lat="52.342775"><ele>84.4</ele><time>2026-08-03T06:14:07.000Z</time></trkpt><trkpt lon="-1.57949" lat="52.34297"><ele>84.8</ele><time>2026-08-03T06:14:09.600Z</time></trkpt><trkpt lon="-1.5797" lat="52.34321"><ele>85.4</ele><time>2026-08-03T06:14:12.700Z</time></trkpt><trkpt lon="-1.57996" lat="52.34336"><ele>85.9</ele><time>2026-08-03T06:14:15.300Z</time></trkpt><trkpt lon="-1.58023" lat="52.34346"><ele>86.5</ele><time>2026-08-03T06:14:17.600Z</time></trkpt><trkpt lon="-1.58035" lat="52.34348"><ele>86.7</ele><time>2026-08-03T06:14:18.500Z</time></trkpt><trkpt lon="-1.58058" lat="52.34349"><ele>86.8</ele><time>2026-08-03T06:14:20.000Z</time></trkpt><trkpt lon="-1.58106" lat="52.34356"><ele>87.2</ele><time>2026-08-03T06:14:23.300Z</time></trkpt><trkpt lon="-1.58131" lat="52.34359"><ele>87.2</ele><time>2026-08-03T06:14:24.800Z</time></trkpt><trkpt lon="-1.58173" lat="52.34367"><ele>87.1</ele><time>2026-08-03T06:14:27.400Z</time></trkpt><trkpt lon="-1.58203" lat="52.34375"><ele>86.8</ele><time>2026-08-03T06:14:29.200Z</time></trkpt><trkpt lon="-1.5823267" lat="52.3438633"><ele>86.4</ele><time>2026-08-03T06:14:31.100Z</time></trkpt><trkpt lon="-1.5826233" lat="52.3439767"><ele>85.5</ele><time>2026-08-03T06:14:32.800Z</time></trkpt><trkpt lon="-1.58292" lat="52.34409"><ele>84.6</ele><time>2026-08-03T06:14:34.400Z</time></trkpt><trkpt lon="-1.58314" lat="52.34419"><ele>83.9</ele><time>2026-08-03T06:14:35.700Z</time></trkpt><trkpt lon="-1.58343" lat="52.344345"><ele>83.0</ele><time>2026-08-03T06:14:37.500Z</time></trkpt><trkpt lon="-1.58372" lat="52.3445"><ele>82.0</ele><time>2026-08-03T06:14:39.400Z</time></trkpt><trkpt lon="-1.58392" lat="52.34466"><ele>81.0</ele><time>2026-08-03T06:14:40.900Z</time></trkpt><trkpt lon="-1.58415" lat="52.34477"><ele>80.1</ele><time>2026-08-03T06:14:42.200Z</time></trkpt><trkpt lon="-1.58434" lat="52.34482"><ele>79.5</ele><time>2026-08-03T06:14:43.100Z</time></trkpt><trkpt lon="-1.58496" lat="52.34492"><ele>78.2</ele><time>2026-08-03T06:14:46.300Z</time></trkpt><trkpt lon="-1.58511" lat="52.34494"><ele>78.1</ele><time>2026-08-03T06:14:47.200Z</time></trkpt><trkpt lon="-1.5857" lat="52.34498"><ele>77.5</ele><time>2026-08-03T06:14:50.400Z</time></trkpt><trkpt lon="-1.58594" lat="52.34498"><ele>77.3</ele><time>2026-08-03T06:14:51.700Z</time></trkpt><trkpt lon="-1.58638" lat="52.34504"><ele>76.9</ele><time>2026-08-03T06:14:54.200Z</time></trkpt><trkpt lon="-1.58672" lat="52.3451"><ele>76.7</ele><time>2026-08-03T06:14:56.200Z</time></trkpt><trkpt lon="-1.58698" lat="52.345165"><ele>76.8</ele><time>2026-08-03T06:14:58.000Z</time></trkpt><trkpt lon="-1.58724" lat="52.34523"><ele>77.1</ele><time>2026-08-03T06:14:59.900Z</time></trkpt><trkpt lon="-1.58755" lat="52.3453067"><ele>77.8</ele><time>2026-08-03T06:15:02.600Z</time></trkpt><trkpt lon="-1.58786" lat="52.3453833"><ele>78.8</ele><time>2026-08-03T06:15:05.600Z</time></trkpt><trkpt lon="-1.58817" lat="52.34546"><ele>79.8</ele><time>2026-08-03T06:15:08.700Z</time></trkpt><trkpt lon="-1.58825" lat="52.34548"><ele>80.1</ele><time>2026-08-03T06:15:09.500Z</time></trkpt><trkpt lon="-1.58835" lat="52.34554"><ele>80.5</ele><time>2026-08-03T06:15:10.800Z</time></trkpt><trkpt lon="-1.58835" lat="52.34563"><ele>80.9</ele><time>2026-08-03T06:15:12.000Z</time></trkpt><trkpt lon="-1.588225" lat="52.34585"><ele>80.7</ele><time>2026-08-03T06:15:14.200Z</time></trkpt><trkpt lon="-1.5881" lat="52.34607"><ele>80.5</ele><time>2026-08-03T06:15:16.300Z</time></trkpt><trkpt lon="-1.58806" lat="52.34617"><ele>80.3</ele><time>2026-08-03T06:15:17.200Z</time></trkpt><trkpt lon="-1.58805" lat="52.34623"><ele>80.1</ele><time>2026-08-03T06:15:17.700Z</time></trkpt><trkpt lon="-1.58806" lat="52.34632"><ele>79.8</ele><time>2026-08-03T06:15:18.400Z</time></trkpt><trkpt lon="-1.58811" lat="52.3465"><ele>78.8</ele><time>2026-08-03T06:15:19.800Z</time></trkpt><trkpt lon="-1.58823" lat="52.34675"><ele>77.5</ele><time>2026-08-03T06:15:21.700Z</time></trkpt><trkpt lon="-1.58829" lat="52.34684"><ele>77.1</ele><time>2026-08-03T06:15:22.500Z</time></trkpt><trkpt lon="-1.58839" lat="52.34692"><ele>76.7</ele><time>2026-08-03T06:15:23.300Z</time></trkpt><trkpt lon="-1.58867" lat="52.34706"><ele>76.3</ele><time>2026-08-03T06:15:25.200Z</time></trkpt><trkpt lon="-1.58904" lat="52.34724"><ele>76.1</ele><time>2026-08-03T06:15:27.900Z</time></trkpt><trkpt lon="-1.58936" lat="52.34743"><ele>76.0</ele><time>2026-08-03T06:15:30.600Z</time></trkpt><trkpt lon="-1.58961" lat="52.34763"><ele>76.3</ele><time>2026-08-03T06:15:33.300Z</time></trkpt><trkpt lon="-1.58986" lat="52.34783"><ele>76.8</ele><time>2026-08-03T06:15:36.100Z</time></trkpt><trkpt lon="-1.58999" lat="52.34797"><ele>77.2</ele><time>2026-08-03T06:15:38.000Z</time></trkpt><trkpt lon="-1.5902" lat="52.34828"><ele>77.8</ele><time>2026-08-03T06:15:41.800Z</time></trkpt><trkpt lon="-1.59014" lat="52.34842"><ele>78.4</ele><time>2026-08-03T06:15:43.800Z</time></trkpt><trkpt lon="-1.59007" lat="52.34853"><ele>79.0</ele><time>2026-08-03T06:15:45.600Z</time></trkpt><trkpt lon="-1.58991" lat="52.34868"><ele>79.7</ele><time>2026-08-03T06:15:48.100Z</time></trkpt><trkpt lon="-1.58979" lat="52.34869"><ele>79.9</ele><time>2026-08-03T06:15:49.000Z</time></trkpt><trkpt lon="-1.5894" lat="52.34877"><ele>80.9</ele><time>2026-08-03T06:15:52.400Z</time></trkpt><trkpt lon="-1.58897" lat="52.3489"><ele>82.5</ele><time>2026-08-03T06:15:57.100Z</time></trkpt><trkpt lon="-1.58874" lat="52.34901"><ele>83.6</ele><time>2026-08-03T06:16:00.100Z</time></trkpt><trkpt lon="-1.58838" lat="52.34921"><ele>85.7</ele><time>2026-08-03T06:16:05.500Z</time></trkpt><trkpt lon="-1.58815" lat="52.34932"><ele>86.8</ele><time>2026-08-03T06:16:08.500Z</time></trkpt><trkpt lon="-1.5879" lat="52.34941"><ele>87.6</ele><time>2026-08-03T06:16:11.200Z</time></trkpt><trkpt lon="-1.58775" lat="52.34945"><ele>88.1</ele><time>2026-08-03T06:16:12.600Z</time></trkpt><trkpt lon="-1.58745" lat="52.3495"><ele>88.9</ele><time>2026-08-03T06:16:15.300Z</time></trkpt><trkpt lon="-1.58722" lat="52.3495"><ele>89.4</ele><time>2026-08-03T06:16:17.100Z</time></trkpt><trkpt lon="-1.58695" lat="52.34954"><ele>89.9</ele><time>2026-08-03T06:16:19.200Z</time></trkpt><trkpt lon="-1.58656" lat="52.34962"><ele>90.6</ele><time>2026-08-03T06:16:22.300Z</time></trkpt><trkpt lon="-1.58615" lat="52.34968"><ele>91.2</ele><time>2026-08-03T06:16:25.300Z</time></trkpt><trkpt lon="-1.58574" lat="52.34974"><ele>91.8</ele><time>2026-08-03T06:16:28.300Z</time></trkpt><trkpt lon="-1.58515" lat="52.3498"><ele>92.1</ele><time>2026-08-03T06:16:32.100Z</time></trkpt><trkpt lon="-1.58464" lat="52.34982"><ele>91.8</ele><time>2026-08-03T06:16:35.000Z</time></trkpt><trkpt lon="-1.58427" lat="52.34981"><ele>91.1</ele><time>2026-08-03T06:16:36.900Z</time></trkpt><trkpt lon="-1.5839" lat="52.3498"><ele>90.2</ele><time>2026-08-03T06:16:38.700Z</time></trkpt><trkpt lon="-1.583535" lat="52.34979"><ele>89.6</ele><time>2026-08-03T06:16:40.500Z</time></trkpt><trkpt lon="-1.58317" lat="52.34978"><ele>88.9</ele><time>2026-08-03T06:16:42.300Z</time></trkpt><trkpt lon="-1.58282" lat="52.3498"><ele>87.9</ele><time>2026-08-03T06:16:44.000Z</time></trkpt><trkpt lon="-1.58249" lat="52.34983"><ele>86.8</ele><time>2026-08-03T06:16:45.500Z</time></trkpt><trkpt lon="-1.58183" lat="52.34989"><ele>84.6</ele><time>2026-08-03T06:16:48.400Z</time></trkpt><trkpt lon="-1.58132" lat="52.34995"><ele>82.5</ele><time>2026-08-03T06:16:50.700Z</time></trkpt><trkpt lon="-1.58101" lat="52.35"><ele>81.5</ele><time>2026-08-03T06:16:52.100Z</time></trkpt><trkpt lon="-1.58072" lat="52.3500933"><ele>81.6</ele><time>2026-08-03T06:16:54.200Z</time></trkpt><trkpt lon="-1.58043" lat="52.3501867"><ele>81.9</ele><time>2026-08-03T06:16:56.400Z</time></trkpt><trkpt lon="-1.58014" lat="52.35028"><ele>82.1</ele><time>2026-08-03T06:16:58.500Z</time></trkpt><trkpt lon="-1.58" lat="52.35035"><ele>82.0</ele><time>2026-08-03T06:16:59.500Z</time></trkpt><trkpt lon="-1.57982" lat="52.35045"><ele>81.6</ele><time>2026-08-03T06:17:00.800Z</time></trkpt><trkpt lon="-1.5795767" lat="52.3506067"><ele>81.0</ele><time>2026-08-03T06:17:02.600Z</time></trkpt><trkpt lon="-1.5793334" lat="52.3507634"><ele>80.5</ele><time>2026-08-03T06:17:04.400Z</time></trkpt><trkpt lon="-1.57909" lat="52.35092"><ele>80.0</ele><time>2026-08-03T06:17:06.300Z</time></trkpt><trkpt lon="-1.5789" lat="52.35101"><ele>80.1</ele><time>2026-08-03T06:17:07.900Z</time></trkpt><trkpt lon="-1.57855" lat="52.35117"><ele>80.5</ele><time>2026-08-03T06:17:10.800Z</time></trkpt><trkpt lon="-1.57834" lat="52.35128"><ele>81.1</ele><time>2026-08-03T06:17:13.000Z</time></trkpt><trkpt lon="-1.57822" lat="52.35136"><ele>81.5</ele><time>2026-08-03T06:17:14.400Z</time></trkpt><trkpt lon="-1.57815" lat="52.35143"><ele>81.8</ele><time>2026-08-03T06:17:15.500Z</time></trkpt><trkpt lon="-1.57809" lat="52.3515"><ele>82.0</ele><time>2026-08-03T06:17:16.500Z</time></trkpt><trkpt lon="-1.57805" lat="52.35158"><ele>82.3</ele><time>2026-08-03T06:17:17.500Z</time></trkpt><trkpt lon="-1.57801" lat="52.35173"><ele>82.9</ele><time>2026-08-03T06:17:19.600Z</time></trkpt><trkpt lon="-1.57798" lat="52.35198"><ele>84.4</ele><time>2026-08-03T06:17:23.800Z</time></trkpt><trkpt lon="-1.57789" lat="52.3522"><ele>85.9</ele><time>2026-08-03T06:17:27.800Z</time></trkpt><trkpt lon="-1.5778" lat="52.35234"><ele>86.7</ele><time>2026-08-03T06:17:30.200Z</time></trkpt><trkpt lon="-1.57769" lat="52.35245"><ele>87.3</ele><time>2026-08-03T06:17:32.100Z</time></trkpt><trkpt lon="-1.57753" lat="52.35257"><ele>87.9</ele><time>2026-08-03T06:17:34.100Z</time></trkpt><trkpt lon="-1.5773375" lat="52.3527025"><ele>88.4</ele><time>2026-08-03T06:17:36.300Z</time></trkpt><trkpt lon="-1.577145" lat="52.352835"><ele>88.9</ele><time>2026-08-03T06:17:38.500Z</time></trkpt><trkpt lon="-1.57676" lat="52.3531"><ele>89.8</ele><time>2026-08-03T06:17:42.700Z</time></trkpt><trkpt lon="-1.5765067" lat="52.3532767"><ele>90.4</ele><time>2026-08-03T06:17:45.500Z</time></trkpt><trkpt lon="-1.5762533" lat="52.3534533"><ele>90.9</ele><time>2026-08-03T06:17:48.200Z</time></trkpt><trkpt lon="-1.576" lat="52.35363"><ele>91.5</ele><time>2026-08-03T06:17:51.000Z</time></trkpt><trkpt lon="-1.57581" lat="52.35374"><ele>91.9</ele><time>2026-08-03T06:17:52.900Z</time></trkpt><trkpt lon="-1.57551" lat="52.35389"><ele>92.6</ele><time>2026-08-03T06:17:55.800Z</time></trkpt><trkpt lon="-1.57531" lat="52.35397"><ele>92.9</ele><time>2026-08-03T06:17:57.400Z</time></trkpt><trkpt lon="-1.57504" lat="52.3540667"><ele>93.3</ele><time>2026-08-03T06:17:59.600Z</time></trkpt><trkpt lon="-1.57477" lat="52.3541634"><ele>93.7</ele><time>2026-08-03T06:18:01.800Z</time></trkpt><trkpt lon="-1.5745" lat="52.35426"><ele>94.0</ele><time>2026-08-03T06:18:04.000Z</time></trkpt><trkpt lon="-1.5741975" lat="52.354365"><ele>94.0</ele><time>2026-08-03T06:18:06.000Z</time></trkpt><trkpt lon="-1.573895" lat="52.35447"><ele>93.8</ele><time>2026-08-03T06:18:08.000Z</time></trkpt><trkpt lon="-1.5735925" lat="52.354575"><ele>93.8</ele><time>2026-08-03T06:18:10.100Z</time></trkpt><trkpt lon="-1.57329" lat="52.35468"><ele>93.7</ele><time>2026-08-03T06:18:12.100Z</time></trkpt><trkpt lon="-1.5729875" lat="52.354785"><ele>93.8</ele><time>2026-08-03T06:18:14.200Z</time></trkpt><trkpt lon="-1.572685" lat="52.35489"><ele>93.8</ele><time>2026-08-03T06:18:16.400Z</time></trkpt><trkpt lon="-1.5723825" lat="52.354995"><ele>93.9</ele><time>2026-08-03T06:18:18.500Z</time></trkpt><trkpt lon="-1.57208" lat="52.3551"><ele>94.0</ele><time>2026-08-03T06:18:20.700Z</time></trkpt><trkpt lon="-1.571775" lat="52.355205"><ele>94.3</ele><time>2026-08-03T06:18:23.000Z</time></trkpt><trkpt lon="-1.57147" lat="52.35531"><ele>94.9</ele><time>2026-08-03T06:18:25.600Z</time></trkpt><trkpt lon="-1.571165" lat="52.355415"><ele>95.7</ele><time>2026-08-03T06:18:28.400Z</time></trkpt><trkpt lon="-1.57086" lat="52.35552"><ele>96.4</ele><time>2026-08-03T06:18:31.100Z</time></trkpt><trkpt lon="-1.5706233" lat="52.3556"><ele>97.0</ele><time>2026-08-03T06:18:33.300Z</time></trkpt><trkpt lon="-1.57015" lat="52.35576"><ele>97.6</ele><time>2026-08-03T06:18:37.000Z</time></trkpt><trkpt lon="-1.569795" lat="52.35588"><ele>97.7</ele><time>2026-08-03T06:18:39.500Z</time></trkpt><trkpt lon="-1.56944" lat="52.356"><ele>97.5</ele><time>2026-08-03T06:18:41.800Z</time></trkpt><trkpt lon="-1.56932" lat="52.35605"><ele>97.4</ele><time>2026-08-03T06:18:42.600Z</time></trkpt><trkpt lon="-1.56917" lat="52.35611"><ele>97.3</ele><time>2026-08-03T06:18:43.600Z</time></trkpt><trkpt lon="-1.56892" lat="52.35622"><ele>96.9</ele><time>2026-08-03T06:18:45.300Z</time></trkpt><trkpt lon="-1.56875" lat="52.35632"><ele>96.5</ele><time>2026-08-03T06:18:46.500Z</time></trkpt><trkpt lon="-1.56845" lat="52.35651"><ele>95.7</ele><time>2026-08-03T06:18:48.700Z</time></trkpt><trkpt lon="-1.568165" lat="52.35672"><ele>94.8</ele><time>2026-08-03T06:18:50.900Z</time></trkpt><trkpt lon="-1.56788" lat="52.35693"><ele>93.9</ele><time>2026-08-03T06:18:53.100Z</time></trkpt><trkpt lon="-1.567655" lat="52.3571"><ele>93.0</ele><time>2026-08-03T06:18:54.800Z</time></trkpt><trkpt lon="-1.56743" lat="52.35727"><ele>92.1</ele><time>2026-08-03T06:18:56.500Z</time></trkpt><trkpt lon="-1.567205" lat="52.35744"><ele>91.0</ele><time>2026-08-03T06:18:58.100Z</time></trkpt><trkpt lon="-1.56698" lat="52.35761"><ele>89.9</ele><time>2026-08-03T06:18:59.800Z</time></trkpt><trkpt lon="-1.56684" lat="52.35753"><ele>89.9</ele><time>2026-08-03T06:19:00.900Z</time></trkpt><trkpt lon="-1.56667" lat="52.357375"><ele>90.2</ele><time>2026-08-03T06:19:03.000Z</time></trkpt><trkpt lon="-1.5665" lat="52.35722"><ele>90.8</ele><time>2026-08-03T06:19:05.300Z</time></trkpt><trkpt lon="-1.56633" lat="52.357065"><ele>91.5</ele><time>2026-08-03T06:19:07.900Z</time></trkpt><trkpt lon="-1.56616" lat="52.35691"><ele>92.3</ele><time>2026-08-03T06:19:10.400Z</time></trkpt><trkpt lon="-1.5659875" lat="52.3567575"><ele>92.8</ele><time>2026-08-03T06:19:12.600Z</time></trkpt><trkpt lon="-1.565815" lat="52.356605"><ele>93.2</ele><time>2026-08-03T06:19:14.800Z</time></trkpt><trkpt lon="-1.56547" lat="52.3563"><ele>94.2</ele><time>2026-08-03T06:19:19.200Z</time></trkpt><trkpt lon="-1.56532" lat="52.35618"><ele>94.4</ele><time>2026-08-03T06:19:20.900Z</time></trkpt><trkpt lon="-1.56504" lat="52.35605"><ele>94.7</ele><time>2026-08-03T06:19:23.200Z</time></trkpt><trkpt lon="-1.56496" lat="52.35602"><ele>94.8</ele><time>2026-08-03T06:19:23.900Z</time></trkpt><trkpt lon="-1.56487" lat="52.356"><ele>94.9</ele><time>2026-08-03T06:19:24.500Z</time></trkpt><trkpt lon="-1.5647" lat="52.35597"><ele>95.0</ele><time>2026-08-03T06:19:25.600Z</time></trkpt><trkpt lon="-1.56414" lat="52.35591"><ele>94.9</ele><time>2026-08-03T06:19:29.000Z</time></trkpt><trkpt lon="-1.563725" lat="52.355855"><ele>94.4</ele><time>2026-08-03T06:19:31.200Z</time></trkpt><trkpt lon="-1.56331" lat="52.3558"><ele>93.8</ele><time>2026-08-03T06:19:33.500Z</time></trkpt><trkpt lon="-1.56298" lat="52.35575"><ele>92.9</ele><time>2026-08-03T06:19:35.100Z</time></trkpt><trkpt lon="-1.56289" lat="52.35574"><ele>92.6</ele><time>2026-08-03T06:19:35.500Z</time></trkpt><trkpt lon="-1.56283" lat="52.35572"><ele>92.4</ele><time>2026-08-03T06:19:35.800Z</time></trkpt><trkpt lon="-1.56254" lat="52.35559"><ele>91.1</ele><time>2026-08-03T06:19:37.400Z</time></trkpt><trkpt lon="-1.56214" lat="52.35534"><ele>87.8</ele><time>2026-08-03T06:19:39.800Z</time></trkpt><trkpt lon="-1.56179" lat="52.35517"><ele>85.2</ele><time>2026-08-03T06:19:41.700Z</time></trkpt><trkpt lon="-1.5615667" lat="52.35499"><ele>82.8</ele><time>2026-08-03T06:19:43.300Z</time></trkpt><trkpt lon="-1.5613433" lat="52.35481"><ele>80.3</ele><time>2026-08-03T06:19:45.000Z</time></trkpt><trkpt lon="-1.56112" lat="52.35463"><ele>77.9</ele><time>2026-08-03T06:19:46.700Z</time></trkpt><trkpt lon="-1.56093" lat="52.354445"><ele>75.4</ele><time>2026-08-03T06:19:48.400Z</time></trkpt><trkpt lon="-1.56074" lat="52.35426"><ele>73.2</ele><time>2026-08-03T06:19:49.900Z</time></trkpt><trkpt lon="-1.56055" lat="52.35407"><ele>72.2</ele><time>2026-08-03T06:19:51.600Z</time></trkpt><trkpt lon="-1.56048" lat="52.35398"><ele>71.9</ele><time>2026-08-03T06:19:52.400Z</time></trkpt><trkpt lon="-1.56041" lat="52.35386"><ele>71.6</ele><time>2026-08-03T06:19:53.500Z</time></trkpt><trkpt lon="-1.56033" lat="52.35365"><ele>71.0</ele><time>2026-08-03T06:19:55.300Z</time></trkpt><trkpt lon="-1.56027" lat="52.3534533"><ele>70.8</ele><time>2026-08-03T06:19:57.200Z</time></trkpt><trkpt lon="-1.56021" lat="52.3532567"><ele>71.1</ele><time>2026-08-03T06:19:59.300Z</time></trkpt><trkpt lon="-1.56015" lat="52.35306"><ele>71.7</ele><time>2026-08-03T06:20:01.800Z</time></trkpt><trkpt lon="-1.5604467" lat="52.35302"><ele>72.1</ele><time>2026-08-03T06:20:04.000Z</time></trkpt><trkpt lon="-1.56104" lat="52.35294"><ele>73.2</ele><time>2026-08-03T06:20:08.600Z</time></trkpt><trkpt lon="-1.56103" lat="52.35282"><ele>74.0</ele><time>2026-08-03T06:20:10.700Z</time></trkpt><trkpt lon="-1.56101" lat="52.35275"><ele>74.5</ele><time>2026-08-03T06:20:12.000Z</time></trkpt><trkpt lon="-1.56093" lat="52.35269"><ele>75.1</ele><time>2026-08-03T06:20:13.400Z</time></trkpt><trkpt lon="-1.5606325" lat="52.3526125"><ele>76.9</ele><time>2026-08-03T06:20:17.800Z</time></trkpt><trkpt lon="-1.560335" lat="52.352535"><ele>78.9</ele><time>2026-08-03T06:20:22.400Z</time></trkpt><trkpt lon="-1.5600375" lat="52.3524575"><ele>81.1</ele><time>2026-08-03T06:20:27.300Z</time></trkpt><trkpt lon="-1.55974" lat="52.35238"><ele>83.0</ele><time>2026-08-03T06:20:31.800Z</time></trkpt><trkpt lon="-1.55948" lat="52.35233"><ele>84.3</ele><time>2026-08-03T06:20:35.100Z</time></trkpt><trkpt lon="-1.55941" lat="52.35233"><ele>84.6</ele><time>2026-08-03T06:20:35.800Z</time></trkpt><trkpt lon="-1.55929" lat="52.35232"><ele>85.0</ele><time>2026-08-03T06:20:36.900Z</time></trkpt><trkpt lon="-1.55898" lat="52.352315"><ele>85.8</ele><time>2026-08-03T06:20:39.700Z</time></trkpt><trkpt lon="-1.55867" lat="52.35231"><ele>86.7</ele><time>2026-08-03T06:20:42.400Z</time></trkpt><trkpt lon="-1.55822" lat="52.35226"><ele>87.8</ele><time>2026-08-03T06:20:46.200Z</time></trkpt><trkpt lon="-1.55802" lat="52.35218"><ele>88.1</ele><time>2026-08-03T06:20:47.900Z</time></trkpt><trkpt lon="-1.55795" lat="52.35213"><ele>88.2</ele><time>2026-08-03T06:20:48.600Z</time></trkpt><trkpt lon="-1.55782" lat="52.352"><ele>88.6</ele><time>2026-08-03T06:20:50.500Z</time></trkpt><trkpt lon="-1.55769" lat="52.35187"><ele>89.2</ele><time>2026-08-03T06:20:52.600Z</time></trkpt><trkpt lon="-1.5575867" lat="52.35173"><ele>90.1</ele><time>2026-08-03T06:20:55.100Z</time></trkpt><trkpt lon="-1.55738" lat="52.35145"><ele>92.3</ele><time>2026-08-03T06:21:00.800Z</time></trkpt><trkpt lon="-1.55718" lat="52.35121"><ele>94.5</ele><time>2026-08-03T06:21:06.200Z</time></trkpt><trkpt lon="-1.55706" lat="52.3510133"><ele>96.3</ele><time>2026-08-03T06:21:10.500Z</time></trkpt><trkpt lon="-1.55694" lat="52.3508167"><ele>97.9</ele><time>2026-08-03T06:21:14.500Z</time></trkpt><trkpt lon="-1.55682" lat="52.35062"><ele>99.0</ele><time>2026-08-03T06:21:17.900Z</time></trkpt><trkpt lon="-1.55654" lat="52.3503"><ele>99.6</ele><time>2026-08-03T06:21:22.000Z</time></trkpt><trkpt lon="-1.5563" lat="52.35031"><ele>99.8</ele><time>2026-08-03T06:21:23.600Z</time></trkpt><trkpt lon="-1.5561" lat="52.35032"><ele>99.9</ele><time>2026-08-03T06:21:24.800Z</time></trkpt><trkpt lon="-1.5556767" lat="52.35031"><ele>99.7</ele><time>2026-08-03T06:21:27.300Z</time></trkpt><trkpt lon="-1.5552533" lat="52.3503"><ele>99.6</ele><time>2026-08-03T06:21:29.700Z</time></trkpt><trkpt lon="-1.55483" lat="52.35029"><ele>99.4</ele><time>2026-08-03T06:21:32.100Z</time></trkpt><trkpt lon="-1.5544033" lat="52.3502833"><ele>99.1</ele><time>2026-08-03T06:21:34.500Z</time></trkpt><trkpt lon="-1.5539767" lat="52.3502767"><ele>98.6</ele><time>2026-08-03T06:21:36.800Z</time></trkpt><trkpt lon="-1.55355" lat="52.35027"><ele>98.2</ele><time>2026-08-03T06:21:39.200Z</time></trkpt><trkpt lon="-1.5531267" lat="52.3502633"><ele>97.9</ele><time>2026-08-03T06:21:41.500Z</time></trkpt><trkpt lon="-1.5527033" lat="52.3502567"><ele>97.7</ele><time>2026-08-03T06:21:44.000Z</time></trkpt><trkpt lon="-1.55228" lat="52.35025"><ele>97.6</ele><time>2026-08-03T06:21:46.400Z</time></trkpt><trkpt lon="-1.5518533" lat="52.35024"><ele>97.4</ele><time>2026-08-03T06:21:48.900Z</time></trkpt><trkpt lon="-1.5514267" lat="52.35023"><ele>97.5</ele><time>2026-08-03T06:21:51.500Z</time></trkpt><trkpt lon="-1.551" lat="52.35022"><ele>97.6</ele><time>2026-08-03T06:21:54.100Z</time></trkpt><trkpt lon="-1.5505767" lat="52.3502133"><ele>98.0</ele><time>2026-08-03T06:21:57.000Z</time></trkpt><trkpt lon="-1.5501533" lat="52.3502067"><ele>98.1</ele><time>2026-08-03T06:21:59.600Z</time></trkpt><trkpt lon="-1.54973" lat="52.3502"><ele>98.0</ele><time>2026-08-03T06:22:02.000Z</time></trkpt><trkpt lon="-1.54927" lat="52.35021"><ele>97.8</ele><time>2026-08-03T06:22:04.700Z</time></trkpt><trkpt lon="-1.5489567" lat="52.3502233"><ele>97.6</ele><time>2026-08-03T06:22:06.500Z</time></trkpt><trkpt lon="-1.54833" lat="52.35025"><ele>96.5</ele><time>2026-08-03T06:22:09.700Z</time></trkpt><trkpt lon="-1.54795" lat="52.35024"><ele>95.8</ele><time>2026-08-03T06:22:11.600Z</time></trkpt><trkpt lon="-1.54757" lat="52.35023"><ele>95.5</ele><time>2026-08-03T06:22:13.700Z</time></trkpt><trkpt lon="-1.54708" lat="52.35017"><ele>95.1</ele><time>2026-08-03T06:22:16.500Z</time></trkpt><trkpt lon="-1.54677" lat="52.35014"><ele>94.7</ele><time>2026-08-03T06:22:18.100Z</time></trkpt><trkpt lon="-1.54642" lat="52.35008"><ele>93.9</ele><time>2026-08-03T06:22:19.900Z</time></trkpt><trkpt lon="-1.54607" lat="52.35002"><ele>92.6</ele><time>2026-08-03T06:22:21.500Z</time></trkpt><trkpt lon="-1.54572" lat="52.34996"><ele>91.4</ele><time>2026-08-03T06:22:23.100Z</time></trkpt><trkpt lon="-1.54514" lat="52.34983"><ele>89.2</ele><time>2026-08-03T06:22:25.800Z</time></trkpt><trkpt lon="-1.5446" lat="52.34969"><ele>87.8</ele><time>2026-08-03T06:22:28.600Z</time></trkpt><trkpt lon="-1.5442433" lat="52.34956"><ele>87.0</ele><time>2026-08-03T06:22:30.700Z</time></trkpt><trkpt lon="-1.5438867" lat="52.34943"><ele>86.3</ele><time>2026-08-03T06:22:32.800Z</time></trkpt><trkpt lon="-1.54353" lat="52.3493"><ele>85.6</ele><time>2026-08-03T06:22:35.000Z</time></trkpt><trkpt lon="-1.54327" lat="52.34919"><ele>85.0</ele><time>2026-08-03T06:22:36.600Z</time></trkpt><trkpt lon="-1.543" lat="52.34907"><ele>84.2</ele><time>2026-08-03T06:22:38.200Z</time></trkpt><trkpt lon="-1.54289" lat="52.348960013087"><ele>83.4</ele><time>2026-08-03T06:22:39.100Z</time></trkpt><trkpt lon="-1.54281" lat="52.34897"><ele>83.1</ele><time>2026-08-03T06:22:39.400Z</time></trkpt><trkpt lon="-1.54272" lat="52.34896"><ele>82.7</ele><time>2026-08-03T06:22:39.800Z</time></trkpt><trkpt lon="-1.54263" lat="52.34895"><ele>82.3</ele><time>2026-08-03T06:22:40.200Z</time></trkpt><trkpt lon="-1.54245" lat="52.3489"><ele>81.4</ele><time>2026-08-03T06:22:41.100Z</time></trkpt><trkpt lon="-1.5421033" lat="52.3487733"><ele>79.6</ele><time>2026-08-03T06:22:42.800Z</time></trkpt><trkpt lon="-1.5417567" lat="52.3486467"><ele>78.1</ele><time>2026-08-03T06:22:44.600Z</time></trkpt><trkpt lon="-1.54141" lat="52.34852"><ele>76.4</ele><time>2026-08-03T06:22:46.300Z</time></trkpt><trkpt lon="-1.541115" lat="52.3484"><ele>74.9</ele><time>2026-08-03T06:22:47.900Z</time></trkpt><trkpt lon="-1.54082" lat="52.34828"><ele>73.7</ele><time>2026-08-03T06:22:49.400Z</time></trkpt><trkpt lon="-1.5403" lat="52.34803"><ele>72.1</ele><time>2026-08-03T06:22:52.600Z</time></trkpt><trkpt lon="-1.53988" lat="52.34778"><ele>71.0</ele><time>2026-08-03T06:22:55.600Z</time></trkpt><trkpt lon="-1.53952" lat="52.34747"><ele>69.7</ele><time>2026-08-03T06:22:58.600Z</time></trkpt><trkpt lon="-1.5393167" lat="52.3472533"><ele>68.6</ele><time>2026-08-03T06:23:00.500Z</time></trkpt><trkpt lon="-1.5391133" lat="52.3470367"><ele>67.5</ele><time>2026-08-03T06:23:02.400Z</time></trkpt><trkpt lon="-1.53891" lat="52.34682"><ele>66.3</ele><time>2026-08-03T06:23:04.300Z</time></trkpt><trkpt lon="-1.53878" lat="52.3467"><ele>65.5</ele><time>2026-08-03T06:23:05.400Z</time></trkpt><trkpt lon="-1.53863" lat="52.346475"><ele>64.5</ele><time>2026-08-03T06:23:07.200Z</time></trkpt><trkpt lon="-1.53848" lat="52.34625"><ele>63.8</ele><time>2026-08-03T06:23:09.300Z</time></trkpt><trkpt lon="-1.53839" lat="52.34618"><ele>63.5</ele><time>2026-08-03T06:23:10.000Z</time></trkpt><trkpt lon="-1.538135" lat="52.34603"><ele>63.0</ele><time>2026-08-03T06:23:11.800Z</time></trkpt><trkpt lon="-1.53788" lat="52.34588"><ele>62.9</ele><time>2026-08-03T06:23:13.900Z</time></trkpt><trkpt lon="-1.5375" lat="52.34602"><ele>64.3</ele><time>2026-08-03T06:23:18.200Z</time></trkpt><trkpt lon="-1.53711" lat="52.34618"><ele>66.5</ele><time>2026-08-03T06:23:23.700Z</time></trkpt><trkpt lon="-1.536805" lat="52.346325"><ele>68.2</ele><time>2026-08-03T06:23:28.200Z</time></trkpt><trkpt lon="-1.5365" lat="52.34647"><ele>69.3</ele><time>2026-08-03T06:23:31.600Z</time></trkpt><trkpt lon="-1.5362" lat="52.346615"><ele>69.7</ele><time>2026-08-03T06:23:34.200Z</time></trkpt><trkpt lon="-1.5359" lat="52.34676"><ele>69.5</ele><time>2026-08-03T06:23:36.300Z</time></trkpt><trkpt lon="-1.53566" lat="52.34689"><ele>69.0</ele><time>2026-08-03T06:23:38.000Z</time></trkpt><trkpt lon="-1.53518" lat="52.34715"><ele>67.5</ele><time>2026-08-03T06:23:41.100Z</time></trkpt><trkpt lon="-1.5349433" lat="52.34728"><ele>66.9</ele><time>2026-08-03T06:23:42.700Z</time></trkpt><trkpt lon="-1.53447" lat="52.34754"><ele>66.3</ele><time>2026-08-03T06:23:46.200Z</time></trkpt><trkpt lon="-1.5341875" lat="52.34767"><ele>66.5</ele><time>2026-08-03T06:23:48.500Z</time></trkpt><trkpt lon="-1.533905" lat="52.3478"><ele>67.2</ele><time>2026-08-03T06:23:51.300Z</time></trkpt><trkpt lon="-1.5336225" lat="52.34793"><ele>68.4</ele><time>2026-08-03T06:23:54.700Z</time></trkpt><trkpt lon="-1.53334" lat="52.34806"><ele>69.6</ele><time>2026-08-03T06:23:58.200Z</time></trkpt><trkpt lon="-1.5330167" lat="52.34819"><ele>70.9</ele><time>2026-08-03T06:24:02.000Z</time></trkpt><trkpt lon="-1.5326933" lat="52.34832"><ele>71.9</ele><time>2026-08-03T06:24:05.300Z</time></trkpt><trkpt lon="-1.53237" lat="52.34845"><ele>72.5</ele><time>2026-08-03T06:24:08.200Z</time></trkpt><trkpt lon="-1.53201" lat="52.34859"><ele>72.5</ele><time>2026-08-03T06:24:10.700Z</time></trkpt><trkpt lon="-1.53165" lat="52.34873"><ele>72.4</ele><time>2026-08-03T06:24:13.200Z</time></trkpt><trkpt lon="-1.5313667" lat="52.3488333"><ele>72.0</ele><time>2026-08-03T06:24:14.900Z</time></trkpt><trkpt lon="-1.5308" lat="52.34904"><ele>70.9</ele><time>2026-08-03T06:24:18.300Z</time></trkpt><trkpt lon="-1.5304767" lat="52.3491467"><ele>70.4</ele><time>2026-08-03T06:24:20.300Z</time></trkpt><trkpt lon="-1.5301533" lat="52.3492533"><ele>70.2</ele><time>2026-08-03T06:24:22.400Z</time></trkpt><trkpt lon="-1.52983" lat="52.34936"><ele>70.4</ele><time>2026-08-03T06:24:24.700Z</time></trkpt><trkpt lon="-1.52951" lat="52.3494667"><ele>70.6</ele><time>2026-08-03T06:24:27.000Z</time></trkpt><trkpt lon="-1.52919" lat="52.3495733"><ele>71.2</ele><time>2026-08-03T06:24:29.800Z</time></trkpt><trkpt lon="-1.52887" lat="52.34968"><ele>72.0</ele><time>2026-08-03T06:24:32.700Z</time></trkpt><trkpt lon="-1.5285667" lat="52.3497733"><ele>72.6</ele><time>2026-08-03T06:24:35.200Z</time></trkpt><trkpt lon="-1.5282634" lat="52.3498667"><ele>73.1</ele><time>2026-08-03T06:24:37.700Z</time></trkpt><trkpt lon="-1.52796" lat="52.34996"><ele>73.6</ele><time>2026-08-03T06:24:40.100Z</time></trkpt><trkpt lon="-1.52763" lat="52.35009"><ele>74.0</ele><time>2026-08-03T06:24:42.700Z</time></trkpt><trkpt lon="-1.5273" lat="52.35022"><ele>74.1</ele><time>2026-08-03T06:24:45.200Z</time></trkpt><trkpt lon="-1.52697" lat="52.35035"><ele>73.9</ele><time>2026-08-03T06:24:47.400Z</time></trkpt><trkpt lon="-1.52663" lat="52.35052"><ele>73.5</ele><time>2026-08-03T06:24:49.800Z</time></trkpt><trkpt lon="-1.5264" lat="52.35066"><ele>73.2</ele><time>2026-08-03T06:24:51.600Z</time></trkpt><trkpt lon="-1.52594" lat="52.35094"><ele>72.4</ele><time>2026-08-03T06:24:55.100Z</time></trkpt><trkpt lon="-1.52563" lat="52.35116"><ele>72.2</ele><time>2026-08-03T06:24:57.800Z</time></trkpt><trkpt lon="-1.52539" lat="52.35137"><ele>72.1</ele><time>2026-08-03T06:25:00.300Z</time></trkpt><trkpt lon="-1.52523" lat="52.35154"><ele>72.2</ele><time>2026-08-03T06:25:02.200Z</time></trkpt><trkpt lon="-1.5251" lat="52.35171"><ele>72.2</ele><time>2026-08-03T06:25:04.100Z</time></trkpt><trkpt lon="-1.52494" lat="52.35199"><ele>72.5</ele><time>2026-08-03T06:25:07.200Z</time></trkpt><trkpt lon="-1.5248667" lat="52.3521833"><ele>72.7</ele><time>2026-08-03T06:25:09.400Z</time></trkpt><trkpt lon="-1.5247934" lat="52.3523767"><ele>72.9</ele><time>2026-08-03T06:25:11.500Z</time></trkpt><trkpt lon="-1.52472" lat="52.35257"><ele>73.1</ele><time>2026-08-03T06:25:13.600Z</time></trkpt><trkpt lon="-1.5246433" lat="52.3527633"><ele>73.2</ele><time>2026-08-03T06:25:15.600Z</time></trkpt><trkpt lon="-1.52449" lat="52.35315"><ele>73.4</ele><time>2026-08-03T06:25:19.700Z</time></trkpt><trkpt lon="-1.52431" lat="52.35346"><ele>73.6</ele><time>2026-08-03T06:25:23.000Z</time></trkpt><trkpt lon="-1.52411" lat="52.35374"><ele>73.3</ele><time>2026-08-03T06:25:25.800Z</time></trkpt><trkpt lon="-1.52393" lat="52.35398"><ele>72.5</ele><time>2026-08-03T06:25:28.000Z</time></trkpt><trkpt lon="-1.5237733" lat="52.35416"><ele>71.7</ele><time>2026-08-03T06:25:29.600Z</time></trkpt><trkpt lon="-1.52346" lat="52.35452"><ele>70.4</ele><time>2026-08-03T06:25:33.000Z</time></trkpt><trkpt lon="-1.52324" lat="52.35475"><ele>69.5</ele><time>2026-08-03T06:25:35.100Z</time></trkpt><trkpt lon="-1.52309" lat="52.35465"><ele>69.2</ele><time>2026-08-03T06:25:36.300Z</time></trkpt><trkpt lon="-1.5227433" lat="52.3545033"><ele>68.4</ele><time>2026-08-03T06:25:38.400Z</time></trkpt><trkpt lon="-1.5223967" lat="52.3543567"><ele>67.6</ele><time>2026-08-03T06:25:40.600Z</time></trkpt><trkpt lon="-1.52205" lat="52.35421"><ele>66.9</ele><time>2026-08-03T06:25:42.700Z</time></trkpt><trkpt lon="-1.5217675" lat="52.3540975"><ele>66.5</ele><time>2026-08-03T06:25:44.500Z</time></trkpt><trkpt lon="-1.521485" lat="52.353985"><ele>66.2</ele><time>2026-08-03T06:25:46.400Z</time></trkpt><trkpt lon="-1.5212025" lat="52.3538725"><ele>65.9</ele><time>2026-08-03T06:25:48.200Z</time></trkpt><trkpt lon="-1.52092" lat="52.35376"><ele>65.6</ele><time>2026-08-03T06:25:50.100Z</time></trkpt><trkpt lon="-1.52049" lat="52.35357"><ele>65.4</ele><time>2026-08-03T06:25:53.200Z</time></trkpt><trkpt lon="-1.52007" lat="52.35337"><ele>65.1</ele><time>2026-08-03T06:25:56.200Z</time></trkpt><trkpt lon="-1.51975" lat="52.35321"><ele>64.9</ele><time>2026-08-03T06:25:58.500Z</time></trkpt><trkpt lon="-1.5195033" lat="52.35306"><ele>64.6</ele><time>2026-08-03T06:26:00.500Z</time></trkpt><trkpt lon="-1.5192566" lat="52.35291"><ele>64.3</ele><time>2026-08-03T06:26:02.400Z</time></trkpt><trkpt lon="-1.51901" lat="52.35276"><ele>64.0</ele><time>2026-08-03T06:26:04.300Z</time></trkpt><trkpt lon="-1.51883" lat="52.35267"><ele>63.8</ele><time>2026-08-03T06:26:05.600Z</time></trkpt><trkpt lon="-1.51864" lat="52.35257"><ele>63.5</ele><time>2026-08-03T06:26:07.000Z</time></trkpt><trkpt lon="-1.51825" lat="52.35239"><ele>63.2</ele><time>2026-08-03T06:26:09.700Z</time></trkpt><trkpt lon="-1.5179967" lat="52.3522833"><ele>62.9</ele><time>2026-08-03T06:26:11.400Z</time></trkpt><trkpt lon="-1.51749" lat="52.35207"><ele>62.4</ele><time>2026-08-03T06:26:14.800Z</time></trkpt><trkpt lon="-1.51726" lat="52.35199"><ele>62.2</ele><time>2026-08-03T06:26:16.300Z</time></trkpt><trkpt lon="-1.5171" lat="52.35195"><ele>62.1</ele><time>2026-08-03T06:26:17.200Z</time></trkpt><trkpt lon="-1.51693" lat="52.35191"><ele>62.0</ele><time>2026-08-03T06:26:18.300Z</time></trkpt><trkpt lon="-1.51658" lat="52.35187"><ele>61.7</ele><time>2026-08-03T06:26:20.200Z</time></trkpt><trkpt lon="-1.51629" lat="52.35186"><ele>61.2</ele><time>2026-08-03T06:26:21.700Z</time></trkpt><trkpt lon="-1.51605" lat="52.35188"><ele>60.7</ele><time>2026-08-03T06:26:22.900Z</time></trkpt><trkpt lon="-1.51561" lat="52.35194"><ele>59.3</ele><time>2026-08-03T06:26:24.900Z</time></trkpt><trkpt lon="-1.51534" lat="52.35195"><ele>58.7</ele><time>2026-08-03T06:26:26.300Z</time></trkpt><trkpt lon="-1.51517" lat="52.35195"><ele>58.4</ele><time>2026-08-03T06:26:27.200Z</time></trkpt><trkpt lon="-1.51496" lat="52.35192"><ele>58.1</ele><time>2026-08-03T06:26:28.300Z</time></trkpt><trkpt lon="-1.51482" lat="52.35184"><ele>58.0</ele><time>2026-08-03T06:26:29.400Z</time></trkpt><trkpt lon="-1.51448" lat="52.3517"><ele>57.9</ele><time>2026-08-03T06:26:31.800Z</time></trkpt><trkpt lon="-1.51438" lat="52.35167"><ele>58.0</ele><time>2026-08-03T06:26:32.500Z</time></trkpt><trkpt lon="-1.51421" lat="52.35165"><ele>58.0</ele><time>2026-08-03T06:26:33.600Z</time></trkpt><trkpt lon="-1.51382" lat="52.351645"><ele>58.3</ele><time>2026-08-03T06:26:36.100Z</time></trkpt><trkpt lon="-1.51343" lat="52.35164"><ele>58.4</ele><time>2026-08-03T06:26:38.600Z</time></trkpt><trkpt lon="-1.51333" lat="52.35161"><ele>58.5</ele><time>2026-08-03T06:26:39.300Z</time></trkpt><trkpt lon="-1.513" lat="52.35165"><ele>58.8</ele><time>2026-08-03T06:26:41.600Z</time></trkpt><trkpt lon="-1.512725" lat="52.351675"><ele>59.9</ele><time>2026-08-03T06:26:44.500Z</time></trkpt><trkpt lon="-1.51245" lat="52.3517"><ele>61.3</ele><time>2026-08-03T06:26:48.000Z</time></trkpt><trkpt lon="-1.5122125" lat="52.3517275"><ele>62.7</ele><time>2026-08-03T06:26:51.300Z</time></trkpt><trkpt lon="-1.511975" lat="52.351755"><ele>64.2</ele><time>2026-08-03T06:26:54.700Z</time></trkpt><trkpt lon="-1.5117375" lat="52.3517825"><ele>65.6</ele><time>2026-08-03T06:26:58.000Z</time></trkpt><trkpt lon="-1.5115" lat="52.35181"><ele>67.0</ele><time>2026-08-03T06:27:01.200Z</time></trkpt><trkpt lon="-1.5111867" lat="52.3518433"><ele>68.4</ele><time>2026-08-03T06:27:05.000Z</time></trkpt><trkpt lon="-1.5108734" lat="52.3518767"><ele>69.4</ele><time>2026-08-03T06:27:07.900Z</time></trkpt><trkpt lon="-1.51056" lat="52.35191"><ele>70.3</ele><time>2026-08-03T06:27:10.700Z</time></trkpt><trkpt lon="-1.510195" lat="52.35194"><ele>70.9</ele><time>2026-08-03T06:27:13.400Z</time></trkpt><trkpt lon="-1.50983" lat="52.35197"><ele>71.2</ele><time>2026-08-03T06:27:15.900Z</time></trkpt><trkpt lon="-1.509425" lat="52.351995"><ele>71.4</ele><time>2026-08-03T06:27:18.500Z</time></trkpt><trkpt lon="-1.50902" lat="52.35202"><ele>71.3</ele><time>2026-08-03T06:27:20.900Z</time></trkpt><trkpt lon="-1.5086333" lat="52.3520233"><ele>71.5</ele><time>2026-08-03T06:27:23.300Z</time></trkpt><trkpt lon="-1.5082467" lat="52.3520267"><ele>71.8</ele><time>2026-08-03T06:27:25.900Z</time></trkpt><trkpt lon="-1.50786" lat="52.35203"><ele>72.2</ele><time>2026-08-03T06:27:28.500Z</time></trkpt><trkpt lon="-1.50734" lat="52.352"><ele>73.0</ele><time>2026-08-03T06:27:32.300Z</time></trkpt><trkpt lon="-1.5070567" lat="52.3519667"><ele>73.3</ele><time>2026-08-03T06:27:34.300Z</time></trkpt><trkpt lon="-1.50649" lat="52.3519"><ele>73.7</ele><time>2026-08-03T06:27:38.000Z</time></trkpt><trkpt lon="-1.5059" lat="52.35183"><ele>74.0</ele><time>2026-08-03T06:27:41.900Z</time></trkpt><trkpt lon="-1.5055133" lat="52.3517733"><ele>74.2</ele><time>2026-08-03T06:27:44.500Z</time></trkpt><trkpt lon="-1.5051267" lat="52.3517167"><ele>74.5</ele><time>2026-08-03T06:27:47.100Z</time></trkpt><trkpt lon="-1.50474" lat="52.35166"><ele>74.8</ele><time>2026-08-03T06:27:49.700Z</time></trkpt><trkpt lon="-1.50429" lat="52.35158"><ele>75.0</ele><time>2026-08-03T06:27:52.700Z</time></trkpt><trkpt lon="-1.5039" lat="52.3515"><ele>74.6</ele><time>2026-08-03T06:27:54.900Z</time></trkpt><trkpt lon="-1.5035733" lat="52.3514133"><ele>73.4</ele><time>2026-08-03T06:27:56.500Z</time></trkpt><trkpt lon="-1.5032466" lat="52.3513267"><ele>71.9</ele><time>2026-08-03T06:27:58.100Z</time></trkpt><trkpt lon="-1.50292" lat="52.35124"><ele>70.4</ele><time>2026-08-03T06:27:59.600Z</time></trkpt><trkpt lon="-1.5024" lat="52.35108"><ele>68.4</ele><time>2026-08-03T06:28:02.200Z</time></trkpt><trkpt lon="-1.50187" lat="52.35089"><ele>66.4</ele><time>2026-08-03T06:28:04.900Z</time></trkpt><trkpt lon="-1.50134" lat="52.35067"><ele>65.0</ele><time>2026-08-03T06:28:08.100Z</time></trkpt><trkpt lon="-1.50092" lat="52.35047"><ele>64.5</ele><time>2026-08-03T06:28:11.000Z</time></trkpt><trkpt lon="-1.500635" lat="52.35032"><ele>64.5</ele><time>2026-08-03T06:28:13.200Z</time></trkpt><trkpt lon="-1.50035" lat="52.35017"><ele>64.5</ele><time>2026-08-03T06:28:15.400Z</time></trkpt><trkpt lon="-1.500065" lat="52.35002"><ele>64.4</ele><time>2026-08-03T06:28:17.700Z</time></trkpt><trkpt lon="-1.49978" lat="52.34987"><ele>64.4</ele><time>2026-08-03T06:28:19.900Z</time></trkpt><trkpt lon="-1.49949" lat="52.34973"><ele>64.1</ele><time>2026-08-03T06:28:21.900Z</time></trkpt><trkpt lon="-1.4992033" lat="52.3495967"><ele>63.8</ele><time>2026-08-03T06:28:23.900Z</time></trkpt><trkpt lon="-1.4989166" lat="52.3494634"><ele>63.3</ele><time>2026-08-03T06:28:25.800Z</time></trkpt><trkpt lon="-1.49863" lat="52.34933"><ele>62.9</ele><time>2026-08-03T06:28:27.800Z</time></trkpt><trkpt lon="-1.4983433" lat="52.3492"><ele>62.3</ele><time>2026-08-03T06:28:29.600Z</time></trkpt><trkpt lon="-1.4980566" lat="52.34907"><ele>61.6</ele><time>2026-08-03T06:28:31.400Z</time></trkpt><trkpt lon="-1.49777" lat="52.34894"><ele>60.9</ele><time>2026-08-03T06:28:33.200Z</time></trkpt><trkpt lon="-1.49766" lat="52.34888"><ele>60.5</ele><time>2026-08-03T06:28:33.900Z</time></trkpt><trkpt lon="-1.49731" lat="52.34864"><ele>59.7</ele><time>2026-08-03T06:28:36.600Z</time></trkpt><trkpt lon="-1.49698" lat="52.34834"><ele>59.8</ele><time>2026-08-03T06:28:40.200Z</time></trkpt><trkpt lon="-1.49677" lat="52.34804"><ele>59.6</ele><time>2026-08-03T06:28:43.300Z</time></trkpt><trkpt lon="-1.49658" lat="52.34778"><ele>59.5</ele><time>2026-08-03T06:28:46.000Z</time></trkpt><trkpt lon="-1.49641" lat="52.34744"><ele>59.1</ele><time>2026-08-03T06:28:49.300Z</time></trkpt><trkpt lon="-1.49632" lat="52.34716"><ele>59.2</ele><time>2026-08-03T06:28:52.200Z</time></trkpt><trkpt lon="-1.4962733" lat="52.3469467"><ele>59.5</ele><time>2026-08-03T06:28:54.500Z</time></trkpt><trkpt lon="-1.4962266" lat="52.3467334"><ele>59.8</ele><time>2026-08-03T06:28:56.900Z</time></trkpt><trkpt lon="-1.49618" lat="52.34652"><ele>60.1</ele><time>2026-08-03T06:28:59.200Z</time></trkpt><trkpt lon="-1.4961267" lat="52.3463233"><ele>60.4</ele><time>2026-08-03T06:29:01.400Z</time></trkpt><trkpt lon="-1.4960733" lat="52.3461267"><ele>60.6</ele><time>2026-08-03T06:29:03.500Z</time></trkpt><trkpt lon="-1.49602" lat="52.34593"><ele>60.8</ele><time>2026-08-03T06:29:05.600Z</time></trkpt><trkpt lon="-1.4959633" lat="52.3457333"><ele>60.9</ele><time>2026-08-03T06:29:07.700Z</time></trkpt><trkpt lon="-1.4959067" lat="52.3455367"><ele>61.1</ele><time>2026-08-03T06:29:09.800Z</time></trkpt><trkpt lon="-1.49585" lat="52.34534"><ele>61.2</ele><time>2026-08-03T06:29:11.900Z</time></trkpt><trkpt lon="-1.4955133" lat="52.3454"><ele>60.9</ele><time>2026-08-03T06:29:13.800Z</time></trkpt><trkpt lon="-1.4951767" lat="52.34546"><ele>60.8</ele><time>2026-08-03T06:29:15.800Z</time></trkpt><trkpt lon="-1.49484" lat="52.34552"><ele>60.6</ele><time>2026-08-03T06:29:17.800Z</time></trkpt><trkpt lon="-1.4945033" lat="52.34558"><ele>60.7</ele><time>2026-08-03T06:29:20.000Z</time></trkpt><trkpt lon="-1.4941667" lat="52.34564"><ele>60.9</ele><time>2026-08-03T06:29:22.200Z</time></trkpt><trkpt lon="-1.49383" lat="52.3457"><ele>61.0</ele><time>2026-08-03T06:29:24.400Z</time></trkpt><trkpt lon="-1.4935" lat="52.3457967"><ele>61.2</ele><time>2026-08-03T06:29:26.800Z</time></trkpt><trkpt lon="-1.49317" lat="52.3458934"><ele>61.3</ele><time>2026-08-03T06:29:29.000Z</time></trkpt><trkpt lon="-1.49284" lat="52.34599"><ele>61.4</ele><time>2026-08-03T06:29:31.300Z</time></trkpt><trkpt lon="-1.4924733" lat="52.34612"><ele>61.5</ele><time>2026-08-03T06:29:33.900Z</time></trkpt><trkpt lon="-1.4921067" lat="52.34625"><ele>61.6</ele><time>2026-08-03T06:29:36.500Z</time></trkpt><trkpt lon="-1.49174" lat="52.34638"><ele>61.6</ele><time>2026-08-03T06:29:39.100Z</time></trkpt><trkpt lon="-1.491385" lat="52.34649"><ele>61.7</ele><time>2026-08-03T06:29:41.500Z</time></trkpt><trkpt lon="-1.49103" lat="52.3466"><ele>61.7</ele><time>2026-08-03T06:29:43.900Z</time></trkpt><trkpt lon="-1.49067" lat="52.34671"><ele>61.8</ele><time>2026-08-03T06:29:46.400Z</time></trkpt><trkpt lon="-1.49031" lat="52.34682"><ele>61.8</ele><time>2026-08-03T06:29:48.800Z</time></trkpt><trkpt lon="-1.48999" lat="52.3469133"><ele>61.9</ele><time>2026-08-03T06:29:50.900Z</time></trkpt><trkpt lon="-1.48967" lat="52.3470067"><ele>61.9</ele><time>2026-08-03T06:29:53.100Z</time></trkpt><trkpt lon="-1.48935" lat="52.3471"><ele>61.9</ele><time>2026-08-03T06:29:55.200Z</time></trkpt><trkpt lon="-1.48878" lat="52.34723"><ele>62.0</ele><time>2026-08-03T06:29:58.900Z</time></trkpt><trkpt lon="-1.48841" lat="52.34729"><ele>62.1</ele><time>2026-08-03T06:30:01.300Z</time></trkpt><trkpt lon="-1.488055" lat="52.34734"><ele>62.2</ele><time>2026-08-03T06:30:03.500Z</time></trkpt><trkpt lon="-1.4877" lat="52.34739"><ele>62.2</ele><time>2026-08-03T06:30:05.700Z</time></trkpt><trkpt lon="-1.48733" lat="52.34745"><ele>62.1</ele><time>2026-08-03T06:30:08.000Z</time></trkpt><trkpt lon="-1.48696" lat="52.34751"><ele>62.1</ele><time>2026-08-03T06:30:10.200Z</time></trkpt><trkpt lon="-1.48659" lat="52.34757"><ele>62.1</ele><time>2026-08-03T06:30:12.500Z</time></trkpt><trkpt lon="-1.48622" lat="52.34763"><ele>61.9</ele><time>2026-08-03T06:30:14.700Z</time></trkpt><trkpt lon="-1.4859" lat="52.3477"><ele>61.8</ele><time>2026-08-03T06:30:16.700Z</time></trkpt><trkpt lon="-1.48558" lat="52.34777"><ele>61.7</ele><time>2026-08-03T06:30:18.600Z</time></trkpt><trkpt lon="-1.485205" lat="52.347855"><ele>61.8</ele><time>2026-08-03T06:30:21.100Z</time></trkpt><trkpt lon="-1.48483" lat="52.34794"><ele>61.8</ele><time>2026-08-03T06:30:23.500Z</time></trkpt><trkpt lon="-1.48446" lat="52.348025"><ele>61.7</ele><time>2026-08-03T06:30:25.800Z</time></trkpt><trkpt lon="-1.48409" lat="52.34811"><ele>61.7</ele><time>2026-08-03T06:30:28.100Z</time></trkpt><trkpt lon="-1.48374" lat="52.348185"><ele>61.8</ele><time>2026-08-03T06:30:30.400Z</time></trkpt><trkpt lon="-1.48339" lat="52.34826"><ele>61.8</ele><time>2026-08-03T06:30:32.600Z</time></trkpt><trkpt lon="-1.48295" lat="52.34833"><ele>62.0</ele><time>2026-08-03T06:30:35.500Z</time></trkpt><trkpt lon="-1.48243" lat="52.3484"><ele>62.1</ele><time>2026-08-03T06:30:38.800Z</time></trkpt><trkpt lon="-1.48245" lat="52.34829"><ele>61.9</ele><time>2026-08-03T06:30:39.800Z</time></trkpt><trkpt lon="-1.48272" lat="52.34793"><ele>61.5</ele><time>2026-08-03T06:30:43.400Z</time></trkpt><trkpt lon="-1.48276" lat="52.34785"><ele>61.6</ele><time>2026-08-03T06:30:44.300Z</time></trkpt><trkpt lon="-1.48277" lat="52.34776"><ele>61.6</ele><time>2026-08-03T06:30:45.200Z</time></trkpt><trkpt lon="-1.48274" lat="52.34767"><ele>61.7</ele><time>2026-08-03T06:30:46.200Z</time></trkpt><trkpt lon="-1.48267" lat="52.34757"><ele>61.8</ele><time>2026-08-03T06:30:47.300Z</time></trkpt><trkpt lon="-1.48253" lat="52.34744"><ele>62.0</ele><time>2026-08-03T06:30:49.000Z</time></trkpt><trkpt lon="-1.48211" lat="52.34716"><ele>62.6</ele><time>2026-08-03T06:30:53.200Z</time></trkpt><trkpt lon="-1.4818933" lat="52.3470267"><ele>63.0</ele><time>2026-08-03T06:30:55.400Z</time></trkpt><trkpt lon="-1.48146" lat="52.34676"><ele>63.6</ele><time>2026-08-03T06:30:59.600Z</time></trkpt><trkpt lon="-1.4812433" lat="52.3466433"><ele>64.0</ele><time>2026-08-03T06:31:01.600Z</time></trkpt><trkpt lon="-1.48081" lat="52.34641"><ele>64.7</ele><time>2026-08-03T06:31:05.600Z</time></trkpt><trkpt lon="-1.48049" lat="52.346235"><ele>65.2</ele><time>2026-08-03T06:31:08.600Z</time></trkpt><trkpt lon="-1.48017" lat="52.34606"><ele>65.8</ele><time>2026-08-03T06:31:11.600Z</time></trkpt><trkpt lon="-1.479855" lat="52.345905"><ele>66.3</ele><time>2026-08-03T06:31:14.500Z</time></trkpt><trkpt lon="-1.47954" lat="52.34575"><ele>66.9</ele><time>2026-08-03T06:31:17.400Z</time></trkpt><trkpt lon="-1.4793167" lat="52.34565"><ele>67.2</ele><time>2026-08-03T06:31:19.300Z</time></trkpt><trkpt lon="-1.47887" lat="52.34545"><ele>67.7</ele><time>2026-08-03T06:31:23.000Z</time></trkpt><trkpt lon="-1.4786467" lat="52.34535"><ele>68.0</ele><time>2026-08-03T06:31:24.900Z</time></trkpt><trkpt lon="-1.4782" lat="52.34515"><ele>68.8</ele><time>2026-08-03T06:31:28.900Z</time></trkpt><trkpt lon="-1.47789" lat="52.345"><ele>69.1</ele><time>2026-08-03T06:31:31.500Z</time></trkpt><trkpt lon="-1.47762" lat="52.34482"><ele>69.5</ele><time>2026-08-03T06:31:34.200Z</time></trkpt><trkpt lon="-1.47743" lat="52.34468"><ele>69.8</ele><time>2026-08-03T06:31:36.200Z</time></trkpt><trkpt lon="-1.47735" lat="52.3446"><ele>69.9</ele><time>2026-08-03T06:31:37.200Z</time></trkpt><trkpt lon="-1.47727" lat="52.34451"><ele>70.1</ele><time>2026-08-03T06:31:38.400Z</time></trkpt><trkpt lon="-1.47719" lat="52.34438"><ele>70.2</ele><time>2026-08-03T06:31:39.900Z</time></trkpt><trkpt lon="-1.4771" lat="52.3441675"><ele>70.6</ele><time>2026-08-03T06:31:42.300Z</time></trkpt><trkpt lon="-1.47701" lat="52.343955"><ele>71.0</ele><time>2026-08-03T06:31:44.800Z</time></trkpt><trkpt lon="-1.47692" lat="52.3437425"><ele>71.5</ele><time>2026-08-03T06:31:47.400Z</time></trkpt><trkpt lon="-1.47683" lat="52.34353"><ele>72.3</ele><time>2026-08-03T06:31:50.200Z</time></trkpt><trkpt lon="-1.4767425" lat="52.3433175"><ele>73.1</ele><time>2026-08-03T06:31:53.100Z</time></trkpt><trkpt lon="-1.476655" lat="52.343105"><ele>74.0</ele><time>2026-08-03T06:31:56.100Z</time></trkpt><trkpt lon="-1.4765675" lat="52.3428925"><ele>75.0</ele><time>2026-08-03T06:31:59.400Z</time></trkpt><trkpt lon="-1.47648" lat="52.34268"><ele>76.3</ele><time>2026-08-03T06:32:03.000Z</time></trkpt><trkpt lon="-1.47643" lat="52.3426"><ele>76.9</ele><time>2026-08-03T06:32:04.500Z</time></trkpt><trkpt lon="-1.47631" lat="52.34246"><ele>77.9</ele><time>2026-08-03T06:32:07.200Z</time></trkpt><trkpt lon="-1.47677" lat="52.34226"><ele>78.1</ele><time>2026-08-03T06:32:10.800Z</time></trkpt><trkpt lon="-1.47665" lat="52.34213"><ele>78.3</ele><time>2026-08-03T06:32:12.400Z</time></trkpt><trkpt lon="-1.47658" lat="52.34194"><ele>78.4</ele><time>2026-08-03T06:32:14.400Z</time></trkpt><trkpt lon="-1.47651" lat="52.34163"><ele>78.8</ele><time>2026-08-03T06:32:17.800Z</time></trkpt><trkpt lon="-1.47643" lat="52.34142"><ele>79.2</ele><time>2026-08-03T06:32:20.200Z</time></trkpt><trkpt lon="-1.47635" lat="52.34121"><ele>79.5</ele><time>2026-08-03T06:32:22.600Z</time></trkpt><trkpt lon="-1.47627" lat="52.341"><ele>79.7</ele><time>2026-08-03T06:32:24.900Z</time></trkpt><trkpt lon="-1.47619" lat="52.34079"><ele>80.0</ele><time>2026-08-03T06:32:27.200Z</time></trkpt><trkpt lon="-1.47612" lat="52.34067"><ele>80.1</ele><time>2026-08-03T06:32:28.600Z</time></trkpt><trkpt lon="-1.47602" lat="52.340485"><ele>80.5</ele><time>2026-08-03T06:32:30.800Z</time></trkpt><trkpt lon="-1.47592" lat="52.3403"><ele>81.0</ele><time>2026-08-03T06:32:33.200Z</time></trkpt><trkpt lon="-1.4757733" lat="52.34017"><ele>81.6</ele><time>2026-08-03T06:32:35.300Z</time></trkpt><trkpt lon="-1.47548" lat="52.33991"><ele>83.1</ele><time>2026-08-03T06:32:39.900Z</time></trkpt><trkpt lon="-1.47531" lat="52.3397933"><ele>83.7</ele><time>2026-08-03T06:32:42.000Z</time></trkpt><trkpt lon="-1.47497" lat="52.33956"><ele>85.2</ele><time>2026-08-03T06:32:46.700Z</time></trkpt><trkpt lon="-1.47477" lat="52.339375"><ele>86.2</ele><time>2026-08-03T06:32:49.900Z</time></trkpt><trkpt lon="-1.47457" lat="52.33919"><ele>87.1</ele><time>2026-08-03T06:32:52.900Z</time></trkpt><trkpt lon="-1.4744333" lat="52.3390633"><ele>87.7</ele><time>2026-08-03T06:32:55.000Z</time></trkpt><trkpt lon="-1.47416" lat="52.33881"><ele>88.8</ele><time>2026-08-03T06:32:59.000Z</time></trkpt><trkpt lon="-1.473995" lat="52.33864"><ele>89.9</ele><time>2026-08-03T06:33:02.100Z</time></trkpt><trkpt lon="-1.47383" lat="52.33847"><ele>90.9</ele><time>2026-08-03T06:33:05.100Z</time></trkpt><trkpt lon="-1.473665" lat="52.3383"><ele>91.5</ele><time>2026-08-03T06:33:07.600Z</time></trkpt><trkpt lon="-1.4735" lat="52.33813"><ele>92.0</ele><time>2026-08-03T06:33:10.000Z</time></trkpt><trkpt lon="-1.47334" lat="52.3379833"><ele>92.2</ele><time>2026-08-03T06:33:11.900Z</time></trkpt><trkpt lon="-1.47302" lat="52.33769"><ele>92.5</ele><time>2026-08-03T06:33:15.500Z</time></trkpt><trkpt lon="-1.47278" lat="52.33747"><ele>92.3</ele><time>2026-08-03T06:33:18.000Z</time></trkpt><trkpt lon="-1.47254" lat="52.33725"><ele>91.7</ele><time>2026-08-03T06:33:20.300Z</time></trkpt><trkpt lon="-1.47231" lat="52.3370367"><ele>91.2</ele><time>2026-08-03T06:33:22.500Z</time></trkpt><trkpt lon="-1.47208" lat="52.3368233"><ele>90.4</ele><time>2026-08-03T06:33:24.600Z</time></trkpt><trkpt lon="-1.47185" lat="52.33661"><ele>89.4</ele><time>2026-08-03T06:33:26.600Z</time></trkpt><trkpt lon="-1.47152" lat="52.33639"><ele>88.3</ele><time>2026-08-03T06:33:29.000Z</time></trkpt><trkpt lon="-1.47101" lat="52.33615"><ele>86.9</ele><time>2026-08-03T06:33:32.100Z</time></trkpt><trkpt lon="-1.4706967" lat="52.33599"><ele>85.8</ele><time>2026-08-03T06:33:34.100Z</time></trkpt><trkpt lon="-1.4703833" lat="52.33583"><ele>84.7</ele><time>2026-08-03T06:33:36.000Z</time></trkpt><trkpt lon="-1.47007" lat="52.33567"><ele>83.6</ele><time>2026-08-03T06:33:37.900Z</time></trkpt><trkpt lon="-1.4698033" lat="52.3355167"><ele>82.9</ele><time>2026-08-03T06:33:39.700Z</time></trkpt><trkpt lon="-1.4695366" lat="52.3353634"><ele>82.6</ele><time>2026-08-03T06:33:41.700Z</time></trkpt><trkpt lon="-1.46927" lat="52.33521"><ele>82.2</ele><time>2026-08-03T06:33:43.700Z</time></trkpt><trkpt lon="-1.4690367" lat="52.3350733"><ele>82.1</ele><time>2026-08-03T06:33:45.600Z</time></trkpt><trkpt lon="-1.46857" lat="52.3348"><ele>81.9</ele><time>2026-08-03T06:33:49.400Z</time></trkpt><trkpt lon="-1.46834" lat="52.3346633"><ele>82.1</ele><time>2026-08-03T06:33:51.500Z</time></trkpt><trkpt lon="-1.46788" lat="52.33439"><ele>82.4</ele><time>2026-08-03T06:33:55.500Z</time></trkpt><trkpt lon="-1.46764" lat="52.334225"><ele>82.8</ele><time>2026-08-03T06:33:58.000Z</time></trkpt><trkpt lon="-1.4674" lat="52.33406"><ele>83.2</ele><time>2026-08-03T06:34:00.500Z</time></trkpt><trkpt lon="-1.46719" lat="52.33388"><ele>83.3</ele><time>2026-08-03T06:34:02.700Z</time></trkpt><trkpt lon="-1.46698" lat="52.3337"><ele>83.2</ele><time>2026-08-03T06:34:04.800Z</time></trkpt><trkpt lon="-1.4668067" lat="52.3335267"><ele>83.0</ele><time>2026-08-03T06:34:06.700Z</time></trkpt><trkpt lon="-1.4666333" lat="52.3333534"><ele>82.9</ele><time>2026-08-03T06:34:08.600Z</time></trkpt><trkpt lon="-1.46646" lat="52.33318"><ele>82.7</ele><time>2026-08-03T06:34:10.500Z</time></trkpt><trkpt lon="-1.4662867" lat="52.33301"><ele>82.6</ele><time>2026-08-03T06:34:12.400Z</time></trkpt><trkpt lon="-1.46594" lat="52.33267"><ele>82.2</ele><time>2026-08-03T06:34:16.100Z</time></trkpt><trkpt lon="-1.465775" lat="52.332485"><ele>81.9</ele><time>2026-08-03T06:34:18.000Z</time></trkpt><trkpt lon="-1.46561" lat="52.3323"><ele>81.6</ele><time>2026-08-03T06:34:19.900Z</time></trkpt><trkpt lon="-1.465445" lat="52.332115"><ele>81.3</ele><time>2026-08-03T06:34:21.800Z</time></trkpt><trkpt lon="-1.46528" lat="52.33193"><ele>81.0</ele><time>2026-08-03T06:34:23.800Z</time></trkpt><trkpt lon="-1.46504" lat="52.33162"><ele>80.8</ele><time>2026-08-03T06:34:27.000Z</time></trkpt><trkpt lon="-1.46492" lat="52.33144"><ele>80.6</ele><time>2026-08-03T06:34:28.800Z</time></trkpt><trkpt lon="-1.46483" lat="52.3312567"><ele>80.3</ele><time>2026-08-03T06:34:30.500Z</time></trkpt><trkpt lon="-1.46465" lat="52.33089"><ele>79.8</ele><time>2026-08-03T06:34:34.000Z</time></trkpt><trkpt lon="-1.4645633" lat="52.3307067"><ele>79.5</ele><time>2026-08-03T06:34:35.700Z</time></trkpt><trkpt lon="-1.46439" lat="52.33034"><ele>79.0</ele><time>2026-08-03T06:34:39.200Z</time></trkpt><trkpt lon="-1.4643133" lat="52.3301567"><ele>78.7</ele><time>2026-08-03T06:34:40.900Z</time></trkpt><trkpt lon="-1.46416" lat="52.32979"><ele>78.1</ele><time>2026-08-03T06:34:44.200Z</time></trkpt><trkpt lon="-1.4640833" lat="52.32961"><ele>77.7</ele><time>2026-08-03T06:34:45.800Z</time></trkpt><trkpt lon="-1.46393" lat="52.32925"><ele>76.4</ele><time>2026-08-03T06:34:48.800Z</time></trkpt><trkpt lon="-1.46387" lat="52.32897"><ele>75.3</ele><time>2026-08-03T06:34:51.100Z</time></trkpt><trkpt lon="-1.46382" lat="52.32872"><ele>74.4</ele><time>2026-08-03T06:34:53.100Z</time></trkpt><trkpt lon="-1.46377" lat="52.32847"><ele>73.4</ele><time>2026-08-03T06:34:55.000Z</time></trkpt><trkpt lon="-1.46368" lat="52.32824"><ele>72.8</ele><time>2026-08-03T06:34:57.100Z</time></trkpt><trkpt lon="-1.46362" lat="52.32815"><ele>72.7</ele><time>2026-08-03T06:34:58.000Z</time></trkpt><trkpt lon="-1.46348" lat="52.328"><ele>72.8</ele><time>2026-08-03T06:34:59.700Z</time></trkpt><trkpt lon="-1.46324" lat="52.327775"><ele>72.9</ele><time>2026-08-03T06:35:02.400Z</time></trkpt><trkpt lon="-1.463" lat="52.32755"><ele>73.2</ele><time>2026-08-03T06:35:05.300Z</time></trkpt><trkpt lon="-1.46277" lat="52.32724"><ele>73.3</ele><time>2026-08-03T06:35:08.700Z</time></trkpt><trkpt lon="-1.46265" lat="52.32703"><ele>73.4</ele><time>2026-08-03T06:35:11.000Z</time></trkpt><trkpt lon="-1.46253" lat="52.32682"><ele>73.5</ele><time>2026-08-03T06:35:13.200Z</time></trkpt><trkpt lon="-1.462405" lat="52.326585"><ele>73.6</ele><time>2026-08-03T06:35:15.700Z</time></trkpt><trkpt lon="-1.46228" lat="52.32635"><ele>73.9</ele><time>2026-08-03T06:35:18.400Z</time></trkpt><trkpt lon="-1.46215" lat="52.32611"><ele>74.0</ele><time>2026-08-03T06:35:21.000Z</time></trkpt><trkpt lon="-1.46202" lat="52.32587"><ele>73.3</ele><time>2026-08-03T06:35:23.100Z</time></trkpt><trkpt lon="-1.46177" lat="52.32552"><ele>71.1</ele><time>2026-08-03T06:35:25.800Z</time></trkpt><trkpt lon="-1.46171" lat="52.325275"><ele>69.3</ele><time>2026-08-03T06:35:27.600Z</time></trkpt><trkpt lon="-1.46165" lat="52.32503"><ele>67.8</ele><time>2026-08-03T06:35:29.400Z</time></trkpt><trkpt lon="-1.4616267" lat="52.3247767"><ele>66.6</ele><time>2026-08-03T06:35:31.200Z</time></trkpt><trkpt lon="-1.4616033" lat="52.3245233"><ele>65.9</ele><time>2026-08-03T06:35:33.400Z</time></trkpt><trkpt lon="-1.46158" lat="52.32427"><ele>65.7</ele><time>2026-08-03T06:35:35.700Z</time></trkpt><trkpt lon="-1.46154" lat="52.32435"><ele>65.6</ele><time>2026-08-03T06:35:36.500Z</time></trkpt><trkpt lon="-1.46147" lat="52.3244"><ele>65.6</ele><time>2026-08-03T06:35:37.100Z</time></trkpt><trkpt lon="-1.46135" lat="52.32446"><ele>65.5</ele><time>2026-08-03T06:35:38.000Z</time></trkpt><trkpt lon="-1.46097" lat="52.32455"><ele>65.3</ele><time>2026-08-03T06:35:40.300Z</time></trkpt><trkpt lon="-1.4606425" lat="52.3246075"><ele>65.1</ele><time>2026-08-03T06:35:42.300Z</time></trkpt><trkpt lon="-1.460315" lat="52.324665"><ele>64.8</ele><time>2026-08-03T06:35:44.200Z</time></trkpt><trkpt lon="-1.4599875" lat="52.3247225"><ele>64.4</ele><time>2026-08-03T06:35:46.000Z</time></trkpt><trkpt lon="-1.45966" lat="52.32478"><ele>64.0</ele><time>2026-08-03T06:35:47.800Z</time></trkpt><trkpt lon="-1.4593325" lat="52.3248375"><ele>63.5</ele><time>2026-08-03T06:35:49.600Z</time></trkpt><trkpt lon="-1.459005" lat="52.324895"><ele>62.9</ele><time>2026-08-03T06:35:51.300Z</time></trkpt><trkpt lon="-1.4586775" lat="52.3249525"><ele>62.3</ele><time>2026-08-03T06:35:53.100Z</time></trkpt><trkpt lon="-1.45835" lat="52.32501"><ele>61.7</ele><time>2026-08-03T06:35:54.800Z</time></trkpt><trkpt lon="-1.45804" lat="52.3250567"><ele>61.5</ele><time>2026-08-03T06:35:56.600Z</time></trkpt><trkpt lon="-1.45742" lat="52.32515"><ele>61.7</ele><time>2026-08-03T06:36:00.500Z</time></trkpt><trkpt lon="-1.45701" lat="52.325205"><ele>62.4</ele><time>2026-08-03T06:36:03.700Z</time></trkpt><trkpt lon="-1.4566" lat="52.32526"><ele>63.4</ele><time>2026-08-03T06:36:07.100Z</time></trkpt><trkpt lon="-1.456195" lat="52.32532"><ele>64.2</ele><time>2026-08-03T06:36:10.300Z</time></trkpt><trkpt lon="-1.45579" lat="52.32538"><ele>64.8</ele><time>2026-08-03T06:36:13.300Z</time></trkpt><trkpt lon="-1.45528" lat="52.32545"><ele>65.6</ele><time>2026-08-03T06:36:17.100Z</time></trkpt><trkpt lon="-1.4548867" lat="52.3255433"><ele>66.1</ele><time>2026-08-03T06:36:20.000Z</time></trkpt><trkpt lon="-1.4544933" lat="52.3256367"><ele>66.5</ele><time>2026-08-03T06:36:22.900Z</time></trkpt><trkpt lon="-1.4541" lat="52.32573"><ele>66.8</ele><time>2026-08-03T06:36:25.600Z</time></trkpt><trkpt lon="-1.45385" lat="52.32577"><ele>66.9</ele><time>2026-08-03T06:36:27.300Z</time></trkpt><trkpt lon="-1.45349" lat="52.32581"><ele>67.0</ele><time>2026-08-03T06:36:29.600Z</time></trkpt><trkpt lon="-1.45301" lat="52.32581"><ele>67.2</ele><time>2026-08-03T06:36:32.600Z</time></trkpt><trkpt lon="-1.452615" lat="52.325815"><ele>67.4</ele><time>2026-08-03T06:36:35.100Z</time></trkpt><trkpt lon="-1.45222" lat="52.32582"><ele>67.7</ele><time>2026-08-03T06:36:37.700Z</time></trkpt><trkpt lon="-1.45185" lat="52.325805"><ele>67.9</ele><time>2026-08-03T06:36:40.100Z</time></trkpt><trkpt lon="-1.45148" lat="52.32579"><ele>67.9</ele><time>2026-08-03T06:36:42.300Z</time></trkpt><trkpt lon="-1.451075" lat="52.32575"><ele>67.8</ele><time>2026-08-03T06:36:44.700Z</time></trkpt><trkpt lon="-1.45067" lat="52.32571"><ele>67.6</ele><time>2026-08-03T06:36:47.100Z</time></trkpt><trkpt lon="-1.45013" lat="52.32563"><ele>67.0</ele><time>2026-08-03T06:36:50.100Z</time></trkpt><trkpt lon="-1.44983" lat="52.3255767"><ele>66.7</ele><time>2026-08-03T06:36:51.800Z</time></trkpt><trkpt lon="-1.44923" lat="52.32547"><ele>66.1</ele><time>2026-08-03T06:36:55.200Z</time></trkpt><trkpt lon="-1.4489333" lat="52.32542"><ele>65.7</ele><time>2026-08-03T06:36:56.800Z</time></trkpt><trkpt lon="-1.44834" lat="52.32532"><ele>65.2</ele><time>2026-08-03T06:37:00.300Z</time></trkpt><trkpt lon="-1.44774" lat="52.32524"><ele>64.9</ele><time>2026-08-03T06:37:03.800Z</time></trkpt><trkpt lon="-1.44737" lat="52.32522"><ele>64.8</ele><time>2026-08-03T06:37:05.900Z</time></trkpt><trkpt lon="-1.44714" lat="52.32523"><ele>64.9</ele><time>2026-08-03T06:37:07.400Z</time></trkpt><trkpt lon="-1.44689" lat="52.32525"><ele>65.0</ele><time>2026-08-03T06:37:09.000Z</time></trkpt><trkpt lon="-1.44652" lat="52.32532"><ele>65.4</ele><time>2026-08-03T06:37:11.700Z</time></trkpt><trkpt lon="-1.44618" lat="52.32543"><ele>66.2</ele><time>2026-08-03T06:37:14.700Z</time></trkpt><trkpt lon="-1.446" lat="52.32551"><ele>67.0</ele><time>2026-08-03T06:37:16.800Z</time></trkpt><trkpt lon="-1.44571" lat="52.32566"><ele>68.7</ele><time>2026-08-03T06:37:21.200Z</time></trkpt><trkpt lon="-1.4455175" lat="52.3257925"><ele>70.7</ele><time>2026-08-03T06:37:25.700Z</time></trkpt><trkpt lon="-1.445325" lat="52.325925"><ele>72.9</ele><time>2026-08-03T06:37:30.200Z</time></trkpt><trkpt lon="-1.4451325" lat="52.3260575"><ele>74.8</ele><time>2026-08-03T06:37:34.600Z</time></trkpt><trkpt lon="-1.44494" lat="52.32619"><ele>76.7</ele><time>2026-08-03T06:37:38.900Z</time></trkpt><trkpt lon="-1.44477" lat="52.32634"><ele>78.1</ele><time>2026-08-03T06:37:42.300Z</time></trkpt><trkpt lon="-1.44465" lat="52.3265"><ele>79.0</ele><time>2026-08-03T06:37:45.200Z</time></trkpt><trkpt lon="-1.4445667" lat="52.32667"><ele>79.7</ele><time>2026-08-03T06:37:47.500Z</time></trkpt><trkpt lon="-1.4444" lat="52.32701"><ele>80.3</ele><time>2026-08-03T06:37:51.500Z</time></trkpt><trkpt lon="-1.44422" lat="52.32728"><ele>80.7</ele><time>2026-08-03T06:37:54.700Z</time></trkpt><trkpt lon="-1.44404" lat="52.32744"><ele>81.1</ele><time>2026-08-03T06:37:56.900Z</time></trkpt><trkpt lon="-1.44381" lat="52.327615"><ele>81.6</ele><time>2026-08-03T06:37:59.500Z</time></trkpt><trkpt lon="-1.44358" lat="52.32779"><ele>82.2</ele><time>2026-08-03T06:38:02.200Z</time></trkpt><trkpt lon="-1.443335" lat="52.327985"><ele>82.8</ele><time>2026-08-03T06:38:05.100Z</time></trkpt><trkpt lon="-1.44309" lat="52.32818"><ele>83.6</ele><time>2026-08-03T06:38:08.200Z</time></trkpt><trkpt lon="-1.442885" lat="52.3283525"><ele>84.1</ele><time>2026-08-03T06:38:10.600Z</time></trkpt><trkpt lon="-1.44268" lat="52.328525"><ele>84.2</ele><time>2026-08-03T06:38:12.800Z</time></trkpt><trkpt lon="-1.442475" lat="52.3286975"><ele>83.9</ele><time>2026-08-03T06:38:14.800Z</time></trkpt><trkpt lon="-1.44227" lat="52.32887"><ele>83.6</ele><time>2026-08-03T06:38:16.700Z</time></trkpt><trkpt lon="-1.442065" lat="52.329045"><ele>83.7</ele><time>2026-08-03T06:38:18.900Z</time></trkpt><trkpt lon="-1.44186" lat="52.32922"><ele>83.9</ele><time>2026-08-03T06:38:21.100Z</time></trkpt><trkpt lon="-1.441655" lat="52.329395"><ele>83.9</ele><time>2026-08-03T06:38:23.300Z</time></trkpt><trkpt lon="-1.44145" lat="52.32957"><ele>84.0</ele><time>2026-08-03T06:38:25.400Z</time></trkpt><trkpt lon="-1.44124" lat="52.3297"><ele>84.1</ele><time>2026-08-03T06:38:27.300Z</time></trkpt><trkpt lon="-1.44096" lat="52.32979"><ele>83.8</ele><time>2026-08-03T06:38:29.000Z</time></trkpt><trkpt lon="-1.44056" lat="52.32989"><ele>82.8</ele><time>2026-08-03T06:38:31.100Z</time></trkpt><trkpt lon="-1.4402067" lat="52.3299433"><ele>82.0</ele><time>2026-08-03T06:38:32.900Z</time></trkpt><trkpt lon="-1.4398534" lat="52.3299967"><ele>81.4</ele><time>2026-08-03T06:38:34.800Z</time></trkpt><trkpt lon="-1.4395" lat="52.33005"><ele>80.9</ele><time>2026-08-03T06:38:36.600Z</time></trkpt><trkpt lon="-1.439175" lat="52.330125"><ele>80.7</ele><time>2026-08-03T06:38:38.700Z</time></trkpt><trkpt lon="-1.43885" lat="52.3302"><ele>80.9</ele><time>2026-08-03T06:38:40.900Z</time></trkpt><trkpt lon="-1.4385" lat="52.3303"><ele>81.1</ele><time>2026-08-03T06:38:43.400Z</time></trkpt><trkpt lon="-1.43809" lat="52.33049"><ele>81.5</ele><time>2026-08-03T06:38:46.800Z</time></trkpt><trkpt lon="-1.4379267" lat="52.3306267"><ele>81.7</ele><time>2026-08-03T06:38:48.600Z</time></trkpt><trkpt lon="-1.4376" lat="52.3309"><ele>81.9</ele><time>2026-08-03T06:38:52.100Z</time></trkpt><trkpt lon="-1.43744" lat="52.3310367"><ele>82.0</ele><time>2026-08-03T06:38:53.800Z</time></trkpt><trkpt lon="-1.43712" lat="52.33131"><ele>82.2</ele><time>2026-08-03T06:38:57.200Z</time></trkpt><trkpt lon="-1.4369275" lat="52.3314775"><ele>82.4</ele><time>2026-08-03T06:38:59.400Z</time></trkpt><trkpt lon="-1.436735" lat="52.331645"><ele>83.1</ele><time>2026-08-03T06:39:02.100Z</time></trkpt><trkpt lon="-1.4365425" lat="52.3318125"><ele>83.9</ele><time>2026-08-03T06:39:04.800Z</time></trkpt><trkpt lon="-1.43635" lat="52.33198"><ele>84.7</ele><time>2026-08-03T06:39:07.600Z</time></trkpt><trkpt lon="-1.4361575" lat="52.3321475"><ele>85.4</ele><time>2026-08-03T06:39:10.200Z</time></trkpt><trkpt lon="-1.435965" lat="52.332315"><ele>86.0</ele><time>2026-08-03T06:39:12.700Z</time></trkpt><trkpt lon="-1.4357725" lat="52.3324825"><ele>86.4</ele><time>2026-08-03T06:39:15.100Z</time></trkpt><trkpt lon="-1.43558" lat="52.33265"><ele>86.8</ele><time>2026-08-03T06:39:17.400Z</time></trkpt><trkpt lon="-1.43536" lat="52.332855"><ele>87.4</ele><time>2026-08-03T06:39:20.300Z</time></trkpt><trkpt lon="-1.43514" lat="52.33306"><ele>87.9</ele><time>2026-08-03T06:39:23.100Z</time></trkpt><trkpt lon="-1.434915" lat="52.33327"><ele>88.1</ele><time>2026-08-03T06:39:25.700Z</time></trkpt><trkpt lon="-1.43469" lat="52.33348"><ele>88.2</ele><time>2026-08-03T06:39:28.200Z</time></trkpt><trkpt lon="-1.43446" lat="52.33365"><ele>88.1</ele><time>2026-08-03T06:39:30.300Z</time></trkpt><trkpt lon="-1.4343" lat="52.33374"><ele>87.8</ele><time>2026-08-03T06:39:31.500Z</time></trkpt><trkpt lon="-1.43398" lat="52.33386"><ele>87.0</ele><time>2026-08-03T06:39:33.300Z</time></trkpt><trkpt lon="-1.43368" lat="52.3339"><ele>84.8</ele><time>2026-08-03T06:39:34.800Z</time></trkpt><trkpt lon="-1.4335" lat="52.33392"><ele>83.6</ele><time>2026-08-03T06:39:35.600Z</time></trkpt><trkpt lon="-1.43326" lat="52.33392"><ele>82.1</ele><time>2026-08-03T06:39:36.600Z</time></trkpt><trkpt lon="-1.43287" lat="52.33386"><ele>79.8</ele><time>2026-08-03T06:39:38.400Z</time></trkpt><trkpt lon="-1.4324633" lat="52.3337667"><ele>77.7</ele><time>2026-08-03T06:39:40.200Z</time></trkpt><trkpt lon="-1.4320567" lat="52.3336733"><ele>75.9</ele><time>2026-08-03T06:39:42.100Z</time></trkpt><trkpt lon="-1.43165" lat="52.33358"><ele>74.4</ele><time>2026-08-03T06:39:44.000Z</time></trkpt><trkpt lon="-1.43145" lat="52.33354"><ele>73.6</ele><time>2026-08-03T06:39:44.900Z</time></trkpt><trkpt lon="-1.43112" lat="52.33348"><ele>72.5</ele><time>2026-08-03T06:39:46.500Z</time></trkpt><trkpt lon="-1.4305" lat="52.33341"><ele>71.0</ele><time>2026-08-03T06:39:49.500Z</time></trkpt><trkpt lon="-1.4301425" lat="52.3333975"><ele>70.4</ele><time>2026-08-03T06:39:51.300Z</time></trkpt><trkpt lon="-1.429785" lat="52.333385"><ele>70.0</ele><time>2026-08-03T06:39:53.200Z</time></trkpt><trkpt lon="-1.4294275" lat="52.3333725"><ele>69.7</ele><time>2026-08-03T06:39:55.200Z</time></trkpt><trkpt lon="-1.42907" lat="52.33336"><ele>69.4</ele><time>2026-08-03T06:39:57.200Z</time></trkpt><trkpt lon="-1.42871" lat="52.3333475"><ele>69.1</ele><time>2026-08-03T06:39:59.200Z</time></trkpt><trkpt lon="-1.42835" lat="52.333335"><ele>68.8</ele><time>2026-08-03T06:40:01.200Z</time></trkpt><trkpt lon="-1.42799" lat="52.3333225"><ele>68.7</ele><time>2026-08-03T06:40:03.300Z</time></trkpt><trkpt lon="-1.42763" lat="52.33331"><ele>68.5</ele><time>2026-08-03T06:40:05.400Z</time></trkpt><trkpt lon="-1.42729" lat="52.33332"><ele>68.7</ele><time>2026-08-03T06:40:07.500Z</time></trkpt><trkpt lon="-1.42685" lat="52.33338"><ele>68.9</ele><time>2026-08-03T06:40:10.400Z</time></trkpt><trkpt lon="-1.42667" lat="52.33342"><ele>69.2</ele><time>2026-08-03T06:40:11.800Z</time></trkpt><trkpt lon="-1.4263433" lat="52.3335233"><ele>69.9</ele><time>2026-08-03T06:40:14.600Z</time></trkpt><trkpt lon="-1.4260167" lat="52.3336267"><ele>70.7</ele><time>2026-08-03T06:40:17.500Z</time></trkpt><trkpt lon="-1.42569" lat="52.33373"><ele>71.3</ele><time>2026-08-03T06:40:20.200Z</time></trkpt><trkpt lon="-1.4253633" lat="52.33383"><ele>71.6</ele><time>2026-08-03T06:40:22.600Z</time></trkpt><trkpt lon="-1.4250367" lat="52.33393"><ele>71.5</ele><time>2026-08-03T06:40:24.700Z</time></trkpt><trkpt lon="-1.42471" lat="52.33403"><ele>71.2</ele><time>2026-08-03T06:40:26.800Z</time></trkpt><trkpt lon="-1.42449" lat="52.33407"><ele>71.1</ele><time>2026-08-03T06:40:28.100Z</time></trkpt><trkpt lon="-1.42427" lat="52.33409"><ele>71.0</ele><time>2026-08-03T06:40:29.400Z</time></trkpt><trkpt lon="-1.42403" lat="52.33408"><ele>70.7</ele><time>2026-08-03T06:40:30.700Z</time></trkpt><trkpt lon="-1.42388" lat="52.33406"><ele>70.6</ele><time>2026-08-03T06:40:31.500Z</time></trkpt><trkpt lon="-1.4237" lat="52.33401"><ele>70.3</ele><time>2026-08-03T06:40:32.600Z</time></trkpt><trkpt lon="-1.42337" lat="52.333915"><ele>70.0</ele><time>2026-08-03T06:40:34.600Z</time></trkpt><trkpt lon="-1.42304" lat="52.33382"><ele>69.5</ele><time>2026-08-03T06:40:36.500Z</time></trkpt><trkpt lon="-1.4226433" lat="52.33371"><ele>69.0</ele><time>2026-08-03T06:40:38.800Z</time></trkpt><trkpt lon="-1.4222467" lat="52.3336"><ele>68.7</ele><time>2026-08-03T06:40:41.300Z</time></trkpt><trkpt lon="-1.42185" lat="52.33349"><ele>68.4</ele><time>2026-08-03T06:40:43.700Z</time></trkpt><trkpt lon="-1.4214567" lat="52.3333833"><ele>68.3</ele><time>2026-08-03T06:40:46.200Z</time></trkpt><trkpt lon="-1.4210633" lat="52.3332767"><ele>68.2</ele><time>2026-08-03T06:40:48.800Z</time></trkpt><trkpt lon="-1.42067" lat="52.33317"><ele>68.2</ele><time>2026-08-03T06:40:51.300Z</time></trkpt><trkpt lon="-1.4203467" lat="52.3331067"><ele>68.1</ele><time>2026-08-03T06:40:53.300Z</time></trkpt><trkpt lon="-1.4200233" lat="52.3330434"><ele>68.1</ele><time>2026-08-03T06:40:55.300Z</time></trkpt><trkpt lon="-1.4197" lat="52.33298"><ele>68.0</ele><time>2026-08-03T06:40:57.300Z</time></trkpt><trkpt lon="-1.41938" lat="52.3329167"><ele>68.0</ele><time>2026-08-03T06:40:59.300Z</time></trkpt><trkpt lon="-1.41906" lat="52.3328534"><ele>67.9</ele><time>2026-08-03T06:41:01.300Z</time></trkpt><trkpt lon="-1.41874" lat="52.33279"><ele>67.9</ele><time>2026-08-03T06:41:03.300Z</time></trkpt><trkpt lon="-1.4184167" lat="52.3327267"><ele>67.9</ele><time>2026-08-03T06:41:05.300Z</time></trkpt><trkpt lon="-1.4180933" lat="52.3326634"><ele>68.0</ele><time>2026-08-03T06:41:07.400Z</time></trkpt><trkpt lon="-1.41777" lat="52.3326"><ele>68.0</ele><time>2026-08-03T06:41:09.400Z</time></trkpt><trkpt lon="-1.41752" lat="52.33257"><ele>68.0</ele><time>2026-08-03T06:41:10.900Z</time></trkpt><trkpt lon="-1.41726" lat="52.33256"><ele>68.0</ele><time>2026-08-03T06:41:12.500Z</time></trkpt><trkpt lon="-1.41706" lat="52.33257"><ele>68.0</ele><time>2026-08-03T06:41:13.700Z</time></trkpt><trkpt lon="-1.41685" lat="52.33261"><ele>68.0</ele><time>2026-08-03T06:41:15.000Z</time></trkpt><trkpt lon="-1.41671" lat="52.33264"><ele>68.1</ele><time>2026-08-03T06:41:15.900Z</time></trkpt><trkpt lon="-1.41654" lat="52.3327"><ele>68.1</ele><time>2026-08-03T06:41:17.100Z</time></trkpt><trkpt lon="-1.41649" lat="52.33272"><ele>68.1</ele><time>2026-08-03T06:41:17.500Z</time></trkpt><trkpt lon="-1.41624" lat="52.33285"><ele>68.1</ele><time>2026-08-03T06:41:19.400Z</time></trkpt><trkpt lon="-1.41574" lat="52.33311"><ele>68.1</ele><time>2026-08-03T06:41:23.400Z</time></trkpt><trkpt lon="-1.4154967" lat="52.33324"><ele>68.2</ele><time>2026-08-03T06:41:25.400Z</time></trkpt><trkpt lon="-1.41501" lat="52.3335"><ele>68.3</ele><time>2026-08-03T06:41:29.300Z</time></trkpt><trkpt lon="-1.41479" lat="52.333655"><ele>68.4</ele><time>2026-08-03T06:41:31.400Z</time></trkpt><trkpt lon="-1.41457" lat="52.33381"><ele>68.6</ele><time>2026-08-03T06:41:33.600Z</time></trkpt><trkpt lon="-1.41435" lat="52.333965"><ele>68.6</ele><time>2026-08-03T06:41:35.600Z</time></trkpt><trkpt lon="-1.41413" lat="52.33412"><ele>68.7</ele><time>2026-08-03T06:41:37.700Z</time></trkpt><trkpt lon="-1.4139" lat="52.334275"><ele>68.6</ele><time>2026-08-03T06:41:39.700Z</time></trkpt><trkpt lon="-1.41367" lat="52.33443"><ele>68.6</ele><time>2026-08-03T06:41:41.700Z</time></trkpt><trkpt lon="-1.4134275" lat="52.334585"><ele>68.6</ele><time>2026-08-03T06:41:43.800Z</time></trkpt><trkpt lon="-1.413185" lat="52.33474"><ele>68.9</ele><time>2026-08-03T06:41:46.200Z</time></trkpt><trkpt lon="-1.4129425" lat="52.334895"><ele>69.2</ele><time>2026-08-03T06:41:48.500Z</time></trkpt><trkpt lon="-1.4127" lat="52.33505"><ele>69.4</ele><time>2026-08-03T06:41:50.800Z</time></trkpt><trkpt lon="-1.41258" lat="52.33512"><ele>69.5</ele><time>2026-08-03T06:41:51.900Z</time></trkpt><trkpt lon="-1.41242" lat="52.334945"><ele>69.7</ele><time>2026-08-03T06:41:54.000Z</time></trkpt><trkpt lon="-1.41226" lat="52.33477"><ele>69.8</ele><time>2026-08-03T06:41:56.100Z</time></trkpt><trkpt lon="-1.41211" lat="52.334555"><ele>70.1</ele><time>2026-08-03T06:41:58.600Z</time></trkpt><trkpt lon="-1.41196" lat="52.33434"><ele>70.9</ele><time>2026-08-03T06:42:01.600Z</time></trkpt><trkpt lon="-1.41183" lat="52.33408"><ele>72.2</ele><time>2026-08-03T06:42:05.600Z</time></trkpt><trkpt lon="-1.41171" lat="52.33376"><ele>73.8</ele><time>2026-08-03T06:42:10.500Z</time></trkpt><trkpt lon="-1.41164" lat="52.33347"><ele>74.6</ele><time>2026-08-03T06:42:14.100Z</time></trkpt><trkpt lon="-1.4116125" lat="52.333265"><ele>75.3</ele><time>2026-08-03T06:42:16.700Z</time></trkpt><trkpt lon="-1.411585" lat="52.33306"><ele>75.8</ele><time>2026-08-03T06:42:19.100Z</time></trkpt><trkpt lon="-1.4115575" lat="52.332855"><ele>75.9</ele><time>2026-08-03T06:42:21.200Z</time></trkpt><trkpt lon="-1.41153" lat="52.33265"><ele>76.0</ele><time>2026-08-03T06:42:23.300Z</time></trkpt><trkpt lon="-1.41174" lat="52.33264"><ele>75.8</ele><time>2026-08-03T06:42:24.400Z</time></trkpt><trkpt lon="-1.41191" lat="52.33261"><ele>75.6</ele><time>2026-08-03T06:42:25.400Z</time></trkpt><trkpt lon="-1.41199" lat="52.33257"><ele>75.4</ele><time>2026-08-03T06:42:25.900Z</time></trkpt><trkpt lon="-1.41208" lat="52.33251"><ele>75.2</ele><time>2026-08-03T06:42:26.600Z</time></trkpt><trkpt lon="-1.4123067" lat="52.3323233"><ele>74.5</ele><time>2026-08-03T06:42:28.600Z</time></trkpt><trkpt lon="-1.4125333" lat="52.3321367"><ele>74.3</ele><time>2026-08-03T06:42:30.700Z</time></trkpt><trkpt lon="-1.41276" lat="52.33195"><ele>74.4</ele><time>2026-08-03T06:42:33.100Z</time></trkpt><trkpt lon="-1.4129433" lat="52.3317967"><ele>74.7</ele><time>2026-08-03T06:42:35.200Z</time></trkpt><trkpt lon="-1.4131267" lat="52.3316434"><ele>75.3</ele><time>2026-08-03T06:42:37.500Z</time></trkpt><trkpt lon="-1.41331" lat="52.33149"><ele>75.9</ele><time>2026-08-03T06:42:39.900Z</time></trkpt><trkpt lon="-1.413545" lat="52.33131"><ele>76.8</ele><time>2026-08-03T06:42:43.000Z</time></trkpt><trkpt lon="-1.41378" lat="52.33113"><ele>77.6</ele><time>2026-08-03T06:42:46.000Z</time></trkpt><trkpt lon="-1.4140125" lat="52.33096"><ele>78.4</ele><time>2026-08-03T06:42:48.900Z</time></trkpt><trkpt lon="-1.414245" lat="52.33079"><ele>79.4</ele><time>2026-08-03T06:42:52.100Z</time></trkpt><trkpt lon="-1.4144775" lat="52.33062"><ele>80.7</ele><time>2026-08-03T06:42:55.800Z</time></trkpt><trkpt lon="-1.41471" lat="52.33045"><ele>82.0</ele><time>2026-08-03T06:42:59.500Z</time></trkpt><trkpt lon="-1.41498" lat="52.33023"><ele>83.7</ele><time>2026-08-03T06:43:04.200Z</time></trkpt><trkpt lon="-1.41527" lat="52.32997"><ele>85.8</ele><time>2026-08-03T06:43:09.700Z</time></trkpt><trkpt lon="-1.41541" lat="52.329825"><ele>86.8</ele><time>2026-08-03T06:43:12.600Z</time></trkpt><trkpt lon="-1.41555" lat="52.32968"><ele>87.7</ele><time>2026-08-03T06:43:15.300Z</time></trkpt><trkpt lon="-1.41571" lat="52.32948"><ele>88.4</ele><time>2026-08-03T06:43:18.100Z</time></trkpt><trkpt lon="-1.4158267" lat="52.3293167"><ele>88.5</ele><time>2026-08-03T06:43:19.900Z</time></trkpt><trkpt lon="-1.41606" lat="52.32899"><ele>87.5</ele><time>2026-08-03T06:43:22.900Z</time></trkpt><trkpt lon="-1.41619" lat="52.32878"><ele>86.1</ele><time>2026-08-03T06:43:24.500Z</time></trkpt><trkpt lon="-1.41632" lat="52.32857"><ele>84.2</ele><time>2026-08-03T06:43:26.100Z</time></trkpt><trkpt lon="-1.4164333" lat="52.32832"><ele>81.3</ele><time>2026-08-03T06:43:28.000Z</time></trkpt><trkpt lon="-1.4165467" lat="52.32807"><ele>77.9</ele><time>2026-08-03T06:43:30.100Z</time></trkpt><trkpt lon="-1.41666" lat="52.32782"><ele>74.6</ele><time>2026-08-03T06:43:32.200Z</time></trkpt><trkpt lon="-1.4167733" lat="52.3275667"><ele>71.5</ele><time>2026-08-03T06:43:34.200Z</time></trkpt><trkpt lon="-1.4168867" lat="52.3273133"><ele>68.5</ele><time>2026-08-03T06:43:36.300Z</time></trkpt><trkpt lon="-1.417" lat="52.32706"><ele>65.8</ele><time>2026-08-03T06:43:38.100Z</time></trkpt><trkpt lon="-1.417145" lat="52.326825"><ele>64.5</ele><time>2026-08-03T06:43:39.900Z</time></trkpt><trkpt lon="-1.41729" lat="52.32659"><ele>63.0</ele><time>2026-08-03T06:43:41.800Z</time></trkpt><trkpt lon="-1.41744" lat="52.32637"><ele>62.0</ele><time>2026-08-03T06:43:43.600Z</time></trkpt><trkpt lon="-1.41754" lat="52.32625"><ele>61.8</ele><time>2026-08-03T06:43:44.800Z</time></trkpt><trkpt lon="-1.41765" lat="52.32613"><ele>61.7</ele><time>2026-08-03T06:43:46.100Z</time></trkpt><trkpt lon="-1.41775" lat="52.32604"><ele>61.6</ele><time>2026-08-03T06:43:47.100Z</time></trkpt><trkpt lon="-1.41814" lat="52.32573"><ele>60.8</ele><time>2026-08-03T06:43:50.500Z</time></trkpt><trkpt lon="-1.4183475" lat="52.32555"><ele>60.7</ele><time>2026-08-03T06:43:52.600Z</time></trkpt><trkpt lon="-1.418555" lat="52.32537"><ele>60.8</ele><time>2026-08-03T06:43:54.800Z</time></trkpt><trkpt lon="-1.4187625" lat="52.32519"><ele>60.9</ele><time>2026-08-03T06:43:57.000Z</time></trkpt><trkpt lon="-1.41897" lat="52.32501"><ele>60.9</ele><time>2026-08-03T06:43:59.200Z</time></trkpt><trkpt lon="-1.41918" lat="52.324795"><ele>61.1</ele><time>2026-08-03T06:44:01.800Z</time></trkpt><trkpt lon="-1.41939" lat="52.32458"><ele>61.4</ele><time>2026-08-03T06:44:04.500Z</time></trkpt><trkpt lon="-1.41953" lat="52.3244"><ele>61.6</ele><time>2026-08-03T06:44:06.700Z</time></trkpt><trkpt lon="-1.41967" lat="52.32422"><ele>61.8</ele><time>2026-08-03T06:44:08.800Z</time></trkpt><trkpt lon="-1.419805" lat="52.324025"><ele>62.1</ele><time>2026-08-03T06:44:11.100Z</time></trkpt><trkpt lon="-1.41994" lat="52.32383"><ele>62.4</ele><time>2026-08-03T06:44:13.500Z</time></trkpt><trkpt lon="-1.420075" lat="52.323635"><ele>63.0</ele><time>2026-08-03T06:44:16.000Z</time></trkpt><trkpt lon="-1.42021" lat="52.32344"><ele>63.5</ele><time>2026-08-03T06:44:18.500Z</time></trkpt><trkpt lon="-1.4203425" lat="52.3232475"><ele>64.0</ele><time>2026-08-03T06:44:20.900Z</time></trkpt><trkpt lon="-1.420475" lat="52.323055"><ele>64.6</ele><time>2026-08-03T06:44:23.500Z</time></trkpt><trkpt lon="-1.4206075" lat="52.3228625"><ele>65.5</ele><time>2026-08-03T06:44:26.300Z</time></trkpt><trkpt lon="-1.42074" lat="52.32267"><ele>66.3</ele><time>2026-08-03T06:44:29.200Z</time></trkpt><trkpt lon="-1.420875" lat="52.322505"><ele>67.0</ele><time>2026-08-03T06:44:31.700Z</time></trkpt><trkpt lon="-1.42101" lat="52.32234"><ele>67.7</ele><time>2026-08-03T06:44:34.100Z</time></trkpt><trkpt lon="-1.4211567" lat="52.3222067"><ele>68.3</ele><time>2026-08-03T06:44:36.200Z</time></trkpt><trkpt lon="-1.42145" lat="52.32194"><ele>69.0</ele><time>2026-08-03T06:44:39.900Z</time></trkpt><trkpt lon="-1.42166" lat="52.3217625"><ele>69.2</ele><time>2026-08-03T06:44:42.300Z</time></trkpt><trkpt lon="-1.42187" lat="52.321585"><ele>69.4</ele><time>2026-08-03T06:44:44.600Z</time></trkpt><trkpt lon="-1.42208" lat="52.3214075"><ele>69.3</ele><time>2026-08-03T06:44:46.700Z</time></trkpt><trkpt lon="-1.42229" lat="52.32123"><ele>69.3</ele><time>2026-08-03T06:44:48.800Z</time></trkpt><trkpt lon="-1.4225" lat="52.3210525"><ele>69.1</ele><time>2026-08-03T06:44:50.800Z</time></trkpt><trkpt lon="-1.42271" lat="52.320875"><ele>68.8</ele><time>2026-08-03T06:44:52.800Z</time></trkpt><trkpt lon="-1.42292" lat="52.3206975"><ele>68.4</ele><time>2026-08-03T06:44:54.800Z</time></trkpt><trkpt lon="-1.42313" lat="52.32052"><ele>68.0</ele><time>2026-08-03T06:44:56.700Z</time></trkpt><trkpt lon="-1.42328" lat="52.3203433"><ele>67.6</ele><time>2026-08-03T06:44:58.500Z</time></trkpt><trkpt lon="-1.42358" lat="52.31999"><ele>66.8</ele><time>2026-08-03T06:45:01.900Z</time></trkpt><trkpt lon="-1.42374" lat="52.31976"><ele>66.3</ele><time>2026-08-03T06:45:04.100Z</time></trkpt><trkpt lon="-1.42388" lat="52.31947"><ele>65.9</ele><time>2026-08-03T06:45:06.800Z</time></trkpt><trkpt lon="-1.42394" lat="52.31927"><ele>66.2</ele><time>2026-08-03T06:45:09.100Z</time></trkpt><trkpt lon="-1.424" lat="52.31907"><ele>66.4</ele><time>2026-08-03T06:45:11.300Z</time></trkpt><trkpt lon="-1.42406" lat="52.31887"><ele>66.6</ele><time>2026-08-03T06:45:13.400Z</time></trkpt><trkpt lon="-1.424075" lat="52.31862"><ele>67.0</ele><time>2026-08-03T06:45:16.200Z</time></trkpt><trkpt lon="-1.42409" lat="52.31837"><ele>67.6</ele><time>2026-08-03T06:45:19.200Z</time></trkpt><trkpt lon="-1.424095" lat="52.318155"><ele>68.3</ele><time>2026-08-03T06:45:21.900Z</time></trkpt><trkpt lon="-1.4241" lat="52.31794"><ele>69.1</ele><time>2026-08-03T06:45:24.700Z</time></trkpt><trkpt lon="-1.424105" lat="52.317725"><ele>70.0</ele><time>2026-08-03T06:45:27.600Z</time></trkpt><trkpt lon="-1.42411" lat="52.31751"><ele>70.8</ele><time>2026-08-03T06:45:30.500Z</time></trkpt><trkpt lon="-1.424125" lat="52.31728"><ele>71.7</ele><time>2026-08-03T06:45:33.600Z</time></trkpt><trkpt lon="-1.42414" lat="52.31705"><ele>72.5</ele><time>2026-08-03T06:45:36.600Z</time></trkpt><trkpt lon="-1.42419" lat="52.31674"><ele>73.2</ele><time>2026-08-03T06:45:40.200Z</time></trkpt><trkpt lon="-1.42425" lat="52.31661"><ele>73.5</ele><time>2026-08-03T06:45:41.800Z</time></trkpt><trkpt lon="-1.42435" lat="52.31636"><ele>73.8</ele><time>2026-08-03T06:45:44.500Z</time></trkpt><trkpt lon="-1.42458" lat="52.316"><ele>74.0</ele><time>2026-08-03T06:45:48.500Z</time></trkpt><trkpt lon="-1.424735" lat="52.3158"><ele>73.9</ele><time>2026-08-03T06:45:50.600Z</time></trkpt><trkpt lon="-1.42489" lat="52.3156"><ele>73.8</ele><time>2026-08-03T06:45:52.700Z</time></trkpt><trkpt lon="-1.4251" lat="52.31539"><ele>73.6</ele><time>2026-08-03T06:45:55.000Z</time></trkpt><trkpt lon="-1.42531" lat="52.31518"><ele>73.3</ele><time>2026-08-03T06:45:57.200Z</time></trkpt><trkpt lon="-1.42572" lat="52.31491"><ele>72.3</ele><time>2026-08-03T06:46:00.300Z</time></trkpt><trkpt lon="-1.42613" lat="52.31467"><ele>71.0</ele><time>2026-08-03T06:46:03.100Z</time></trkpt><trkpt lon="-1.426405" lat="52.314545"><ele>70.2</ele><time>2026-08-03T06:46:04.700Z</time></trkpt><trkpt lon="-1.42668" lat="52.31442"><ele>69.3</ele><time>2026-08-03T06:46:06.400Z</time></trkpt><trkpt lon="-1.427025" lat="52.31429"><ele>68.2</ele><time>2026-08-03T06:46:08.300Z</time></trkpt><trkpt lon="-1.42737" lat="52.31416"><ele>67.2</ele><time>2026-08-03T06:46:10.200Z</time></trkpt><trkpt lon="-1.4277025" lat="52.3140775"><ele>66.4</ele><time>2026-08-03T06:46:12.000Z</time></trkpt><trkpt lon="-1.428035" lat="52.313995"><ele>65.9</ele><time>2026-08-03T06:46:13.800Z</time></trkpt><trkpt lon="-1.4283675" lat="52.3139125"><ele>65.5</ele><time>2026-08-03T06:46:15.700Z</time></trkpt><trkpt lon="-1.4287" lat="52.31383"><ele>65.0</ele><time>2026-08-03T06:46:17.600Z</time></trkpt><trkpt lon="-1.42903" lat="52.31374"><ele>64.6</ele><time>2026-08-03T06:46:19.600Z</time></trkpt><trkpt lon="-1.42936" lat="52.31365"><ele>64.3</ele><time>2026-08-03T06:46:21.600Z</time></trkpt><trkpt lon="-1.42968" lat="52.313545"><ele>64.0</ele><time>2026-08-03T06:46:23.600Z</time></trkpt><trkpt lon="-1.43" lat="52.31344"><ele>63.9</ele><time>2026-08-03T06:46:25.700Z</time></trkpt><trkpt lon="-1.43046" lat="52.31324"><ele>64.0</ele><time>2026-08-03T06:46:29.100Z</time></trkpt><trkpt lon="-1.430755" lat="52.31309"><ele>64.0</ele><time>2026-08-03T06:46:31.500Z</time></trkpt><trkpt lon="-1.43105" lat="52.31294"><ele>64.1</ele><time>2026-08-03T06:46:33.800Z</time></trkpt><trkpt lon="-1.43138" lat="52.31269"><ele>63.9</ele><time>2026-08-03T06:46:36.900Z</time></trkpt><trkpt lon="-1.4316033" lat="52.3124967"><ele>64.0</ele><time>2026-08-03T06:46:39.300Z</time></trkpt><trkpt lon="-1.4318267" lat="52.3123033"><ele>64.2</ele><time>2026-08-03T06:46:41.800Z</time></trkpt><trkpt lon="-1.43205" lat="52.31211"><ele>64.7</ele><time>2026-08-03T06:46:44.500Z</time></trkpt><trkpt lon="-1.4322733" lat="52.3119167"><ele>65.2</ele><time>2026-08-03T06:46:47.200Z</time></trkpt><trkpt lon="-1.4324967" lat="52.3117233"><ele>65.9</ele><time>2026-08-03T06:46:50.100Z</time></trkpt><trkpt lon="-1.43272" lat="52.31153"><ele>66.9</ele><time>2026-08-03T06:46:53.400Z</time></trkpt><trkpt lon="-1.43292" lat="52.3113725"><ele>67.7</ele><time>2026-08-03T06:46:56.100Z</time></trkpt><trkpt lon="-1.43312" lat="52.311215"><ele>68.6</ele><time>2026-08-03T06:46:59.000Z</time></trkpt><trkpt lon="-1.43332" lat="52.3110575"><ele>69.7</ele><time>2026-08-03T06:47:02.200Z</time></trkpt><trkpt lon="-1.43352" lat="52.3109"><ele>70.8</ele><time>2026-08-03T06:47:05.400Z</time></trkpt><trkpt lon="-1.43372" lat="52.3107425"><ele>71.9</ele><time>2026-08-03T06:47:08.700Z</time></trkpt><trkpt lon="-1.43392" lat="52.310585"><ele>73.1</ele><time>2026-08-03T06:47:12.100Z</time></trkpt><trkpt lon="-1.43412" lat="52.3104275"><ele>74.4</ele><time>2026-08-03T06:47:15.500Z</time></trkpt><trkpt lon="-1.43432" lat="52.31027"><ele>75.8</ele><time>2026-08-03T06:47:19.200Z</time></trkpt><trkpt lon="-1.43448" lat="52.3101325"><ele>77.2</ele><time>2026-08-03T06:47:22.600Z</time></trkpt><trkpt lon="-1.43464" lat="52.309995"><ele>78.7</ele><time>2026-08-03T06:47:26.200Z</time></trkpt><trkpt lon="-1.4348" lat="52.3098575"><ele>80.2</ele><time>2026-08-03T06:47:29.900Z</time></trkpt><trkpt lon="-1.43496" lat="52.30972"><ele>81.8</ele><time>2026-08-03T06:47:33.600Z</time></trkpt><trkpt lon="-1.4351375" lat="52.30954"><ele>83.3</ele><time>2026-08-03T06:47:37.600Z</time></trkpt><trkpt lon="-1.435315" lat="52.30936"><ele>84.5</ele><time>2026-08-03T06:47:40.900Z</time></trkpt><trkpt lon="-1.4354925" lat="52.30918"><ele>85.3</ele><time>2026-08-03T06:47:43.800Z</time></trkpt><trkpt lon="-1.43567" lat="52.309"><ele>86.1</ele><time>2026-08-03T06:47:46.500Z</time></trkpt><trkpt lon="-1.435915" lat="52.30879"><ele>86.5</ele><time>2026-08-03T06:47:49.400Z</time></trkpt><trkpt lon="-1.43616" lat="52.30858"><ele>86.4</ele><time>2026-08-03T06:47:51.900Z</time></trkpt><trkpt lon="-1.436405" lat="52.308365"><ele>86.3</ele><time>2026-08-03T06:47:54.400Z</time></trkpt><trkpt lon="-1.43665" lat="52.30815"><ele>85.7</ele><time>2026-08-03T06:47:56.600Z</time></trkpt><trkpt lon="-1.43686" lat="52.3079767"><ele>84.9</ele><time>2026-08-03T06:47:58.400Z</time></trkpt><trkpt lon="-1.43707" lat="52.3078034"><ele>84.2</ele><time>2026-08-03T06:48:00.100Z</time></trkpt><trkpt lon="-1.43728" lat="52.30763"><ele>83.4</ele><time>2026-08-03T06:48:01.800Z</time></trkpt><trkpt lon="-1.43749" lat="52.3074567"><ele>82.9</ele><time>2026-08-03T06:48:03.700Z</time></trkpt><trkpt lon="-1.4377" lat="52.3072834"><ele>82.6</ele><time>2026-08-03T06:48:05.600Z</time></trkpt><trkpt lon="-1.43791" lat="52.30711"><ele>82.2</ele><time>2026-08-03T06:48:07.500Z</time></trkpt><trkpt lon="-1.43812" lat="52.3069367"><ele>82.1</ele><time>2026-08-03T06:48:09.600Z</time></trkpt><trkpt lon="-1.43833" lat="52.3067633"><ele>82.3</ele><time>2026-08-03T06:48:11.900Z</time></trkpt><trkpt lon="-1.43854" lat="52.30659"><ele>82.7</ele><time>2026-08-03T06:48:14.300Z</time></trkpt><trkpt lon="-1.43876" lat="52.306385"><ele>83.5</ele><time>2026-08-03T06:48:17.400Z</time></trkpt><trkpt lon="-1.43898" lat="52.30618"><ele>84.4</ele><time>2026-08-03T06:48:20.700Z</time></trkpt><trkpt lon="-1.43916" lat="52.305995"><ele>85.5</ele><time>2026-08-03T06:48:23.900Z</time></trkpt><trkpt lon="-1.43934" lat="52.30581"><ele>86.5</ele><time>2026-08-03T06:48:27.100Z</time></trkpt><trkpt lon="-1.4395025" lat="52.3056275"><ele>87.5</ele><time>2026-08-03T06:48:30.200Z</time></trkpt><trkpt lon="-1.439665" lat="52.305445"><ele>88.5</ele><time>2026-08-03T06:48:33.300Z</time></trkpt><trkpt lon="-1.4398275" lat="52.3052625"><ele>89.6</ele><time>2026-08-03T06:48:36.600Z</time></trkpt><trkpt lon="-1.43999" lat="52.30508"><ele>90.7</ele><time>2026-08-03T06:48:39.800Z</time></trkpt><trkpt lon="-1.440185" lat="52.30484"><ele>91.7</ele><time>2026-08-03T06:48:43.400Z</time></trkpt><trkpt lon="-1.44038" lat="52.3046"><ele>92.0</ele><time>2026-08-03T06:48:46.300Z</time></trkpt><trkpt lon="-1.44059" lat="52.30438"><ele>91.4</ele><time>2026-08-03T06:48:48.500Z</time></trkpt><trkpt lon="-1.44082" lat="52.3042"><ele>90.8</ele><time>2026-08-03T06:48:50.400Z</time></trkpt><trkpt lon="-1.441035" lat="52.30406"><ele>90.6</ele><time>2026-08-03T06:48:52.200Z</time></trkpt><trkpt lon="-1.44125" lat="52.30392"><ele>90.8</ele><time>2026-08-03T06:48:54.200Z</time></trkpt><trkpt lon="-1.441465" lat="52.30376"><ele>91.3</ele><time>2026-08-03T06:48:56.700Z</time></trkpt><trkpt lon="-1.44168" lat="52.3036"><ele>92.2</ele><time>2026-08-03T06:48:59.600Z</time></trkpt><trkpt lon="-1.44157" lat="52.30354"><ele>92.5</ele><time>2026-08-03T06:49:00.700Z</time></trkpt><trkpt lon="-1.44175" lat="52.30336"><ele>93.9</ele><time>2026-08-03T06:49:04.500Z</time></trkpt><trkpt lon="-1.44206" lat="52.30309"><ele>95.3</ele><time>2026-08-03T06:49:09.100Z</time></trkpt><trkpt lon="-1.44222" lat="52.3029533"><ele>96.0</ele><time>2026-08-03T06:49:11.400Z</time></trkpt><trkpt lon="-1.44254" lat="52.30268"><ele>97.1</ele><time>2026-08-03T06:49:15.700Z</time></trkpt><trkpt lon="-1.44272" lat="52.30247"><ele>97.4</ele><time>2026-08-03T06:49:18.200Z</time></trkpt><trkpt lon="-1.4429" lat="52.30226"><ele>97.3</ele><time>2026-08-03T06:49:20.500Z</time></trkpt><trkpt lon="-1.44308" lat="52.30205"><ele>97.4</ele><time>2026-08-03T06:49:22.900Z</time></trkpt><trkpt lon="-1.44326" lat="52.30184"><ele>97.7</ele><time>2026-08-03T06:49:25.500Z</time></trkpt><trkpt lon="-1.4434267" lat="52.30163"><ele>98.0</ele><time>2026-08-03T06:49:28.000Z</time></trkpt><trkpt lon="-1.4435933" lat="52.30142"><ele>98.3</ele><time>2026-08-03T06:49:30.500Z</time></trkpt><trkpt lon="-1.44376" lat="52.30121"><ele>98.5</ele><time>2026-08-03T06:49:32.900Z</time></trkpt><trkpt lon="-1.44394" lat="52.30101"><ele>98.2</ele><time>2026-08-03T06:49:35.000Z</time></trkpt><trkpt lon="-1.44412" lat="52.30081"><ele>97.8</ele><time>2026-08-03T06:49:37.100Z</time></trkpt><trkpt lon="-1.444305" lat="52.30061"><ele>97.2</ele><time>2026-08-03T06:49:39.000Z</time></trkpt><trkpt lon="-1.44449" lat="52.30041"><ele>96.8</ele><time>2026-08-03T06:49:41.100Z</time></trkpt><trkpt lon="-1.4446375" lat="52.300225"><ele>95.8</ele><time>2026-08-03T06:49:42.600Z</time></trkpt><trkpt lon="-1.444785" lat="52.30004"><ele>94.7</ele><time>2026-08-03T06:49:44.100Z</time></trkpt><trkpt lon="-1.44508" lat="52.29967"><ele>93.0</ele><time>2026-08-03T06:49:47.300Z</time></trkpt><trkpt lon="-1.44523" lat="52.2994825"><ele>92.4</ele><time>2026-08-03T06:49:49.000Z</time></trkpt><trkpt lon="-1.44538" lat="52.299295"><ele>91.9</ele><time>2026-08-03T06:49:50.800Z</time></trkpt><trkpt lon="-1.44553" lat="52.2991075"><ele>91.7</ele><time>2026-08-03T06:49:52.700Z</time></trkpt><trkpt lon="-1.44568" lat="52.29892"><ele>91.4</ele><time>2026-08-03T06:49:54.600Z</time></trkpt><trkpt lon="-1.44583" lat="52.298735"><ele>91.5</ele><time>2026-08-03T06:49:56.700Z</time></trkpt><trkpt lon="-1.44598" lat="52.29855"><ele>91.5</ele><time>2026-08-03T06:49:58.700Z</time></trkpt><trkpt lon="-1.44613" lat="52.298365"><ele>91.7</ele><time>2026-08-03T06:50:00.900Z</time></trkpt><trkpt lon="-1.44628" lat="52.29818"><ele>91.9</ele><time>2026-08-03T06:50:03.100Z</time></trkpt><trkpt lon="-1.446425" lat="52.29799"><ele>92.3</ele><time>2026-08-03T06:50:05.500Z</time></trkpt><trkpt lon="-1.44657" lat="52.2978"><ele>93.0</ele><time>2026-08-03T06:50:08.200Z</time></trkpt><trkpt lon="-1.446715" lat="52.29761"><ele>93.8</ele><time>2026-08-03T06:50:10.900Z</time></trkpt><trkpt lon="-1.44686" lat="52.29742"><ele>94.6</ele><time>2026-08-03T06:50:13.700Z</time></trkpt><trkpt lon="-1.447005" lat="52.2972275"><ele>95.2</ele><time>2026-08-03T06:50:16.300Z</time></trkpt><trkpt lon="-1.44715" lat="52.297035"><ele>95.7</ele><time>2026-08-03T06:50:18.800Z</time></trkpt><trkpt lon="-1.447295" lat="52.2968425"><ele>95.9</ele><time>2026-08-03T06:50:21.100Z</time></trkpt><trkpt lon="-1.44744" lat="52.29665"><ele>96.1</ele><time>2026-08-03T06:50:23.300Z</time></trkpt><trkpt lon="-1.4476167" lat="52.2964267"><ele>96.0</ele><time>2026-08-03T06:50:25.700Z</time></trkpt><trkpt lon="-1.4477933" lat="52.2962033"><ele>96.0</ele><time>2026-08-03T06:50:28.100Z</time></trkpt><trkpt lon="-1.44797" lat="52.29598"><ele>95.7</ele><time>2026-08-03T06:50:30.400Z</time></trkpt><trkpt lon="-1.4481433" lat="52.29576"><ele>95.5</ele><time>2026-08-03T06:50:32.600Z</time></trkpt><trkpt lon="-1.4483167" lat="52.29554"><ele>95.3</ele><time>2026-08-03T06:50:34.900Z</time></trkpt><trkpt lon="-1.44849" lat="52.29532"><ele>95.1</ele><time>2026-08-03T06:50:37.200Z</time></trkpt><trkpt lon="-1.4486567" lat="52.2951133"><ele>94.9</ele><time>2026-08-03T06:50:39.400Z</time></trkpt><trkpt lon="-1.4488233" lat="52.2949067"><ele>94.8</ele><time>2026-08-03T06:50:41.500Z</time></trkpt><trkpt lon="-1.44899" lat="52.2947"><ele>94.6</ele><time>2026-08-03T06:50:43.700Z</time></trkpt><trkpt lon="-1.4491667" lat="52.29455"><ele>94.4</ele><time>2026-08-03T06:50:45.400Z</time></trkpt><trkpt lon="-1.44952" lat="52.29425"><ele>94.1</ele><time>2026-08-03T06:50:48.800Z</time></trkpt><trkpt lon="-1.44978" lat="52.29408"><ele>93.1</ele><time>2026-08-03T06:50:50.600Z</time></trkpt><trkpt lon="-1.45004" lat="52.29391"><ele>91.5</ele><time>2026-08-03T06:50:52.300Z</time></trkpt><trkpt lon="-1.45027" lat="52.2937733"><ele>89.9</ele><time>2026-08-03T06:50:53.600Z</time></trkpt><trkpt lon="-1.45073" lat="52.2935"><ele>86.2</ele><time>2026-08-03T06:50:56.300Z</time></trkpt><trkpt lon="-1.45097" lat="52.29332"><ele>84.7</ele><time>2026-08-03T06:50:58.000Z</time></trkpt><trkpt lon="-1.45121" lat="52.29314"><ele>81.9</ele><time>2026-08-03T06:50:59.800Z</time></trkpt><trkpt lon="-1.45134" lat="52.29304"><ele>81.0</ele><time>2026-08-03T06:51:00.700Z</time></trkpt><trkpt lon="-1.45166" lat="52.2927"><ele>79.5</ele><time>2026-08-03T06:51:03.800Z</time></trkpt><trkpt lon="-1.45178" lat="52.29255"><ele>79.7</ele><time>2026-08-03T06:51:05.600Z</time></trkpt><trkpt lon="-1.45197" lat="52.29226"><ele>80.1</ele><time>2026-08-03T06:51:09.000Z</time></trkpt><trkpt lon="-1.4520733" lat="52.29208"><ele>81.2</ele><time>2026-08-03T06:51:12.200Z</time></trkpt><trkpt lon="-1.4521767" lat="52.2919"><ele>82.6</ele><time>2026-08-03T06:51:15.700Z</time></trkpt><trkpt lon="-1.45228" lat="52.29172"><ele>83.9</ele><time>2026-08-03T06:51:19.100Z</time></trkpt><trkpt lon="-1.452375" lat="52.29153"><ele>85.2</ele><time>2026-08-03T06:51:22.700Z</time></trkpt><trkpt lon="-1.45247" lat="52.29134"><ele>86.6</ele><time>2026-08-03T06:51:26.300Z</time></trkpt><trkpt lon="-1.452565" lat="52.29115"><ele>87.9</ele><time>2026-08-03T06:51:29.800Z</time></trkpt><trkpt lon="-1.45266" lat="52.29096"><ele>89.3</ele><time>2026-08-03T06:51:33.400Z</time></trkpt><trkpt lon="-1.4527525" lat="52.29077"><ele>90.5</ele><time>2026-08-03T06:51:36.700Z</time></trkpt><trkpt lon="-1.452845" lat="52.29058"><ele>91.7</ele><time>2026-08-03T06:51:40.100Z</time></trkpt><trkpt lon="-1.4529375" lat="52.29039"><ele>92.8</ele><time>2026-08-03T06:51:43.300Z</time></trkpt><trkpt lon="-1.45303" lat="52.2902"><ele>93.9</ele><time>2026-08-03T06:51:46.500Z</time></trkpt><trkpt lon="-1.4531233" lat="52.2900433"><ele>94.7</ele><time>2026-08-03T06:51:49.000Z</time></trkpt><trkpt lon="-1.45331" lat="52.28973"><ele>96.1</ele><time>2026-08-03T06:51:53.600Z</time></trkpt><trkpt lon="-1.45348" lat="52.289505"><ele>97.0</ele><time>2026-08-03T06:51:56.900Z</time></trkpt><trkpt lon="-1.45365" lat="52.28928"><ele>97.8</ele><time>2026-08-03T06:52:00.000Z</time></trkpt><trkpt lon="-1.45396" lat="52.28896"><ele>98.5</ele><time>2026-08-03T06:52:04.200Z</time></trkpt><trkpt lon="-1.4541433" lat="52.28878"><ele>98.8</ele><time>2026-08-03T06:52:06.600Z</time></trkpt><trkpt lon="-1.4543267" lat="52.2886"><ele>98.9</ele><time>2026-08-03T06:52:08.800Z</time></trkpt><trkpt lon="-1.45451" lat="52.28842"><ele>99.1</ele><time>2026-08-03T06:52:11.000Z</time></trkpt><trkpt lon="-1.45456" lat="52.28827"><ele>99.2</ele><time>2026-08-03T06:52:12.500Z</time></trkpt><trkpt lon="-1.45457" lat="52.28818"><ele>99.3</ele><time>2026-08-03T06:52:13.500Z</time></trkpt><trkpt lon="-1.45455" lat="52.28808"><ele>99.3</ele><time>2026-08-03T06:52:14.500Z</time></trkpt><trkpt lon="-1.45451" lat="52.288"><ele>99.5</ele><time>2026-08-03T06:52:15.500Z</time></trkpt><trkpt lon="-1.4545" lat="52.28796"><ele>99.6</ele><time>2026-08-03T06:52:15.900Z</time></trkpt><trkpt lon="-1.45451" lat="52.28786"><ele>99.7</ele><time>2026-08-03T06:52:17.000Z</time></trkpt><trkpt lon="-1.45457" lat="52.28777"><ele>99.8</ele><time>2026-08-03T06:52:18.000Z</time></trkpt><trkpt lon="-1.45462" lat="52.28773"><ele>99.8</ele><time>2026-08-03T06:52:18.600Z</time></trkpt><trkpt lon="-1.45472" lat="52.28767"><ele>99.8</ele><time>2026-08-03T06:52:19.400Z</time></trkpt><trkpt lon="-1.4548" lat="52.28764"><ele>99.7</ele><time>2026-08-03T06:52:19.900Z</time></trkpt><trkpt lon="-1.45489" lat="52.28762"><ele>99.5</ele><time>2026-08-03T06:52:20.400Z</time></trkpt><trkpt lon="-1.45498" lat="52.2876"><ele>99.4</ele><time>2026-08-03T06:52:20.900Z</time></trkpt><trkpt lon="-1.45508" lat="52.2876"><ele>99.2</ele><time>2026-08-03T06:52:21.400Z</time></trkpt><trkpt lon="-1.45525" lat="52.28763"><ele>99.0</ele><time>2026-08-03T06:52:22.300Z</time></trkpt><trkpt lon="-1.45541" lat="52.28757"><ele>98.8</ele><time>2026-08-03T06:52:23.300Z</time></trkpt><trkpt lon="-1.4555" lat="52.28751"><ele>98.6</ele><time>2026-08-03T06:52:24.000Z</time></trkpt><trkpt lon="-1.45567" lat="52.2873567"><ele>97.9</ele><time>2026-08-03T06:52:25.500Z</time></trkpt><trkpt lon="-1.45601" lat="52.28705"><ele>96.3</ele><time>2026-08-03T06:52:28.300Z</time></trkpt><trkpt lon="-1.4561833" lat="52.2868933"><ele>95.4</ele><time>2026-08-03T06:52:29.800Z</time></trkpt><trkpt lon="-1.45653" lat="52.28658"><ele>93.6</ele><time>2026-08-03T06:52:32.600Z</time></trkpt><trkpt lon="-1.45673" lat="52.28637"><ele>92.2</ele><time>2026-08-03T06:52:34.400Z</time></trkpt><trkpt lon="-1.45693" lat="52.28616"><ele>90.8</ele><time>2026-08-03T06:52:36.100Z</time></trkpt><trkpt lon="-1.45713" lat="52.28595"><ele>89.5</ele><time>2026-08-03T06:52:37.900Z</time></trkpt><trkpt lon="-1.45731" lat="52.2857367"><ele>88.4</ele><time>2026-08-03T06:52:39.700Z</time></trkpt><trkpt lon="-1.45749" lat="52.2855233"><ele>87.4</ele><time>2026-08-03T06:52:41.600Z</time></trkpt><trkpt lon="-1.45767" lat="52.28531"><ele>86.2</ele><time>2026-08-03T06:52:43.300Z</time></trkpt><trkpt lon="-1.4578533" lat="52.2850967"><ele>85.0</ele><time>2026-08-03T06:52:45.100Z</time></trkpt><trkpt lon="-1.4580367" lat="52.2848833"><ele>83.9</ele><time>2026-08-03T06:52:47.000Z</time></trkpt><trkpt lon="-1.45822" lat="52.28467"><ele>82.9</ele><time>2026-08-03T06:52:48.800Z</time></trkpt><trkpt lon="-1.4584033" lat="52.2844567"><ele>82.2</ele><time>2026-08-03T06:52:50.800Z</time></trkpt><trkpt lon="-1.4585867" lat="52.2842433"><ele>81.7</ele><time>2026-08-03T06:52:52.900Z</time></trkpt><trkpt lon="-1.45877" lat="52.28403"><ele>81.6</ele><time>2026-08-03T06:52:55.200Z</time></trkpt><trkpt lon="-1.45871" lat="52.28402"><ele>81.6</ele><time>2026-08-03T06:52:55.600Z</time></trkpt><trkpt lon="-1.45865" lat="52.284"><ele>81.7</ele><time>2026-08-03T06:52:56.100Z</time></trkpt><trkpt lon="-1.45861" lat="52.28397"><ele>81.7</ele><time>2026-08-03T06:52:56.500Z</time></trkpt><trkpt lon="-1.45857" lat="52.28393"><ele>81.8</ele><time>2026-08-03T06:52:57.000Z</time></trkpt><trkpt lon="-1.45856" lat="52.28388"><ele>81.9</ele><time>2026-08-03T06:52:57.600Z</time></trkpt><trkpt lon="-1.45857" lat="52.28383"><ele>82.0</ele><time>2026-08-03T06:52:58.100Z</time></trkpt><trkpt lon="-1.4586" lat="52.28378"><ele>82.1</ele><time>2026-08-03T06:52:58.700Z</time></trkpt><trkpt lon="-1.45866" lat="52.28375"><ele>82.1</ele><time>2026-08-03T06:52:59.300Z</time></trkpt><trkpt lon="-1.45873" lat="52.28372"><ele>82.2</ele><time>2026-08-03T06:52:59.800Z</time></trkpt><trkpt lon="-1.45881" lat="52.28371"><ele>82.3</ele><time>2026-08-03T06:53:00.400Z</time></trkpt><trkpt lon="-1.45902" lat="52.28358"><ele>82.4</ele><time>2026-08-03T06:53:02.300Z</time></trkpt><trkpt lon="-1.45926" lat="52.28329"><ele>82.7</ele><time>2026-08-03T06:53:05.700Z</time></trkpt><trkpt lon="-1.459465" lat="52.28308"><ele>83.0</ele><time>2026-08-03T06:53:08.400Z</time></trkpt><trkpt lon="-1.45967" lat="52.28287"><ele>83.4</ele><time>2026-08-03T06:53:11.100Z</time></trkpt><trkpt lon="-1.4598567" lat="52.2826967"><ele>83.7</ele><time>2026-08-03T06:53:13.400Z</time></trkpt><trkpt lon="-1.4600434" lat="52.2825234"><ele>84.1</ele><time>2026-08-03T06:53:15.700Z</time></trkpt><trkpt lon="-1.46023" lat="52.28235"><ele>84.5</ele><time>2026-08-03T06:53:18.100Z</time></trkpt><trkpt lon="-1.46042" lat="52.2821733"><ele>84.9</ele><time>2026-08-03T06:53:20.400Z</time></trkpt><trkpt lon="-1.46061" lat="52.2819967"><ele>85.3</ele><time>2026-08-03T06:53:22.800Z</time></trkpt><trkpt lon="-1.4608" lat="52.28182"><ele>85.7</ele><time>2026-08-03T06:53:25.200Z</time></trkpt><trkpt lon="-1.4609833" lat="52.28164"><ele>86.1</ele><time>2026-08-03T06:53:27.600Z</time></trkpt><trkpt lon="-1.4611667" lat="52.28146"><ele>86.4</ele><time>2026-08-03T06:53:30.000Z</time></trkpt><trkpt lon="-1.46135" lat="52.28128"><ele>86.6</ele><time>2026-08-03T06:53:32.200Z</time></trkpt><trkpt lon="-1.4615" lat="52.2811167"><ele>86.4</ele><time>2026-08-03T06:53:34.000Z</time></trkpt><trkpt lon="-1.4618" lat="52.28079"><ele>86.1</ele><time>2026-08-03T06:53:37.400Z</time></trkpt><trkpt lon="-1.4619533" lat="52.2806267"><ele>85.6</ele><time>2026-08-03T06:53:39.000Z</time></trkpt><trkpt lon="-1.46226" lat="52.2803"><ele>84.8</ele><time>2026-08-03T06:53:42.300Z</time></trkpt><trkpt lon="-1.462445" lat="52.280085"><ele>82.1</ele><time>2026-08-03T06:53:44.100Z</time></trkpt><trkpt lon="-1.46263" lat="52.27987"><ele>79.7</ele><time>2026-08-03T06:53:45.800Z</time></trkpt><trkpt lon="-1.46282" lat="52.279655"><ele>77.1</ele><time>2026-08-03T06:53:47.600Z</time></trkpt><trkpt lon="-1.46301" lat="52.27944"><ele>74.3</ele><time>2026-08-03T06:53:49.500Z</time></trkpt><trkpt lon="-1.4631667" lat="52.27926"><ele>72.3</ele><time>2026-08-03T06:53:50.900Z</time></trkpt><trkpt lon="-1.46348" lat="52.2789"><ele>69.3</ele><time>2026-08-03T06:53:53.800Z</time></trkpt><trkpt lon="-1.4636367" lat="52.2787167"><ele>68.4</ele><time>2026-08-03T06:53:55.400Z</time></trkpt><trkpt lon="-1.46395" lat="52.27835"><ele>66.2</ele><time>2026-08-03T06:53:58.400Z</time></trkpt><trkpt lon="-1.46423" lat="52.27806"><ele>65.0</ele><time>2026-08-03T06:54:01.100Z</time></trkpt><trkpt lon="-1.46457" lat="52.27774"><ele>63.9</ele><time>2026-08-03T06:54:04.300Z</time></trkpt><trkpt lon="-1.464775" lat="52.27753"><ele>63.7</ele><time>2026-08-03T06:54:06.600Z</time></trkpt><trkpt lon="-1.46498" lat="52.27732"><ele>63.8</ele><time>2026-08-03T06:54:09.000Z</time></trkpt><trkpt lon="-1.465185" lat="52.27711"><ele>63.9</ele><time>2026-08-03T06:54:11.500Z</time></trkpt><trkpt lon="-1.46539" lat="52.2769"><ele>64.0</ele><time>2026-08-03T06:54:14.000Z</time></trkpt><trkpt lon="-1.4655633" lat="52.2766767"><ele>64.2</ele><time>2026-08-03T06:54:16.600Z</time></trkpt><trkpt lon="-1.4657367" lat="52.2764533"><ele>64.6</ele><time>2026-08-03T06:54:19.300Z</time></trkpt><trkpt lon="-1.46591" lat="52.27623"><ele>64.8</ele><time>2026-08-03T06:54:21.900Z</time></trkpt><trkpt lon="-1.4660867" lat="52.2760067"><ele>64.7</ele><time>2026-08-03T06:54:24.200Z</time></trkpt><trkpt lon="-1.4662633" lat="52.2757833"><ele>64.2</ele><time>2026-08-03T06:54:26.400Z</time></trkpt><trkpt lon="-1.46644" lat="52.27556"><ele>63.7</ele><time>2026-08-03T06:54:28.600Z</time></trkpt><trkpt lon="-1.46656" lat="52.27539"><ele>63.4</ele><time>2026-08-03T06:54:30.200Z</time></trkpt><trkpt lon="-1.46672" lat="52.2751767"><ele>62.1</ele><time>2026-08-03T06:54:31.900Z</time></trkpt><trkpt lon="-1.46688" lat="52.2749633"><ele>61.2</ele><time>2026-08-03T06:54:33.800Z</time></trkpt><trkpt lon="-1.46704" lat="52.27475"><ele>60.5</ele><time>2026-08-03T06:54:35.700Z</time></trkpt><trkpt lon="-1.4671967" lat="52.2745367"><ele>60.1</ele><time>2026-08-03T06:54:37.800Z</time></trkpt><trkpt lon="-1.4673533" lat="52.2743233"><ele>59.9</ele><time>2026-08-03T06:54:40.000Z</time></trkpt><trkpt lon="-1.46751" lat="52.27411"><ele>60.0</ele><time>2026-08-03T06:54:42.300Z</time></trkpt><trkpt lon="-1.467685" lat="52.2739"><ele>60.1</ele><time>2026-08-03T06:54:44.700Z</time></trkpt><trkpt lon="-1.46786" lat="52.27369"><ele>60.3</ele><time>2026-08-03T06:54:47.200Z</time></trkpt><trkpt lon="-1.468035" lat="52.273485"><ele>60.7</ele><time>2026-08-03T06:54:49.700Z</time></trkpt><trkpt lon="-1.46821" lat="52.27328"><ele>60.8</ele><time>2026-08-03T06:54:52.100Z</time></trkpt><trkpt lon="-1.46841" lat="52.27305"><ele>61.0</ele><time>2026-08-03T06:54:54.800Z</time></trkpt><trkpt lon="-1.46861" lat="52.27282"><ele>61.3</ele><time>2026-08-03T06:54:57.600Z</time></trkpt><trkpt lon="-1.46881" lat="52.27259"><ele>61.7</ele><time>2026-08-03T06:55:00.500Z</time></trkpt><trkpt lon="-1.46901" lat="52.2723633"><ele>62.3</ele><time>2026-08-03T06:55:03.500Z</time></trkpt><trkpt lon="-1.46921" lat="52.2721367"><ele>63.0</ele><time>2026-08-03T06:55:06.600Z</time></trkpt><trkpt lon="-1.46941" lat="52.27191"><ele>63.8</ele><time>2026-08-03T06:55:09.900Z</time></trkpt><trkpt lon="-1.469565" lat="52.2717275"><ele>64.5</ele><time>2026-08-03T06:55:12.500Z</time></trkpt><trkpt lon="-1.46972" lat="52.271545"><ele>65.1</ele><time>2026-08-03T06:55:15.000Z</time></trkpt><trkpt lon="-1.469875" lat="52.2713625"><ele>65.6</ele><time>2026-08-03T06:55:17.400Z</time></trkpt><trkpt lon="-1.47003" lat="52.27118"><ele>66.1</ele><time>2026-08-03T06:55:19.800Z</time></trkpt><trkpt lon="-1.4701667" lat="52.2710133"><ele>66.3</ele><time>2026-08-03T06:55:21.900Z</time></trkpt><trkpt lon="-1.47044" lat="52.27068"><ele>66.7</ele><time>2026-08-03T06:55:25.800Z</time></trkpt><trkpt lon="-1.4705733" lat="52.2705167"><ele>66.9</ele><time>2026-08-03T06:55:27.800Z</time></trkpt><trkpt lon="-1.47084" lat="52.27019"><ele>67.3</ele><time>2026-08-03T06:55:31.700Z</time></trkpt><trkpt lon="-1.471015" lat="52.26999"><ele>67.6</ele><time>2026-08-03T06:55:34.200Z</time></trkpt><trkpt lon="-1.47119" lat="52.26979"><ele>68.0</ele><time>2026-08-03T06:55:36.800Z</time></trkpt><trkpt lon="-1.4714" lat="52.26956"><ele>68.5</ele><time>2026-08-03T06:55:39.700Z</time></trkpt><trkpt lon="-1.47161" lat="52.26933"><ele>68.9</ele><time>2026-08-03T06:55:42.600Z</time></trkpt><trkpt lon="-1.4717467" lat="52.26918"><ele>69.2</ele><time>2026-08-03T06:55:44.600Z</time></trkpt><trkpt lon="-1.47202" lat="52.26888"><ele>69.6</ele><time>2026-08-03T06:55:48.300Z</time></trkpt><trkpt lon="-1.47221" lat="52.26865"><ele>69.8</ele><time>2026-08-03T06:55:50.900Z</time></trkpt><trkpt lon="-1.47221" lat="52.26833"><ele>69.8</ele><time>2026-08-03T06:55:54.000Z</time></trkpt><trkpt lon="-1.47218" lat="52.26828"><ele>69.7</ele><time>2026-08-03T06:55:54.500Z</time></trkpt><trkpt lon="-1.47217" lat="52.26823"><ele>69.7</ele><time>2026-08-03T06:55:55.000Z</time></trkpt><trkpt lon="-1.47219" lat="52.26819"><ele>69.6</ele><time>2026-08-03T06:55:55.400Z</time></trkpt><trkpt lon="-1.47222" lat="52.26815"><ele>69.6</ele><time>2026-08-03T06:55:55.800Z</time></trkpt><trkpt lon="-1.47227" lat="52.26811"><ele>69.5</ele><time>2026-08-03T06:55:56.300Z</time></trkpt><trkpt lon="-1.47236" lat="52.26808"><ele>69.5</ele><time>2026-08-03T06:55:56.900Z</time></trkpt><trkpt lon="-1.47246" lat="52.26806"><ele>69.6</ele><time>2026-08-03T06:55:57.500Z</time></trkpt><trkpt lon="-1.47256" lat="52.26805"><ele>69.6</ele><time>2026-08-03T06:55:58.200Z</time></trkpt><trkpt lon="-1.47282" lat="52.26793"><ele>69.6</ele><time>2026-08-03T06:56:00.200Z</time></trkpt><trkpt lon="-1.47307" lat="52.26778"><ele>69.7</ele><time>2026-08-03T06:56:02.300Z</time></trkpt><trkpt lon="-1.47323" lat="52.2675933"><ele>69.6</ele><time>2026-08-03T06:56:04.300Z</time></trkpt><trkpt lon="-1.47339" lat="52.2674067"><ele>69.5</ele><time>2026-08-03T06:56:06.300Z</time></trkpt><trkpt lon="-1.47355" lat="52.26722"><ele>69.4</ele><time>2026-08-03T06:56:08.300Z</time></trkpt><trkpt lon="-1.47371" lat="52.2670367"><ele>69.4</ele><time>2026-08-03T06:56:10.300Z</time></trkpt><trkpt lon="-1.47387" lat="52.2668534"><ele>69.4</ele><time>2026-08-03T06:56:12.300Z</time></trkpt><trkpt lon="-1.47403" lat="52.26667"><ele>69.3</ele><time>2026-08-03T06:56:14.400Z</time></trkpt><trkpt lon="-1.47421" lat="52.26643"><ele>69.3</ele><time>2026-08-03T06:56:16.900Z</time></trkpt><trkpt lon="-1.47437" lat="52.26619"><ele>69.0</ele><time>2026-08-03T06:56:19.300Z</time></trkpt><trkpt lon="-1.47453" lat="52.26595"><ele>68.7</ele><time>2026-08-03T06:56:21.700Z</time></trkpt><trkpt lon="-1.474685" lat="52.26571"><ele>68.5</ele><time>2026-08-03T06:56:24.100Z</time></trkpt><trkpt lon="-1.47484" lat="52.26547"><ele>68.6</ele><time>2026-08-03T06:56:26.600Z</time></trkpt><trkpt lon="-1.47498" lat="52.26527"><ele>68.6</ele><time>2026-08-03T06:56:28.800Z</time></trkpt><trkpt lon="-1.47514" lat="52.2650833"><ele>68.7</ele><time>2026-08-03T06:56:30.900Z</time></trkpt><trkpt lon="-1.4753" lat="52.2648967"><ele>68.6</ele><time>2026-08-03T06:56:33.000Z</time></trkpt><trkpt lon="-1.47546" lat="52.26471"><ele>68.6</ele><time>2026-08-03T06:56:35.000Z</time></trkpt><trkpt lon="-1.4756375" lat="52.2645175"><ele>68.3</ele><time>2026-08-03T06:56:37.000Z</time></trkpt><trkpt lon="-1.475815" lat="52.264325"><ele>68.1</ele><time>2026-08-03T06:56:39.100Z</time></trkpt><trkpt lon="-1.4759925" lat="52.2641325"><ele>68.0</ele><time>2026-08-03T06:56:41.200Z</time></trkpt><trkpt lon="-1.47617" lat="52.26394"><ele>67.9</ele><time>2026-08-03T06:56:43.300Z</time></trkpt><trkpt lon="-1.4763475" lat="52.26375"><ele>67.8</ele><time>2026-08-03T06:56:45.400Z</time></trkpt><trkpt lon="-1.476525" lat="52.26356"><ele>67.7</ele><time>2026-08-03T06:56:47.500Z</time></trkpt><trkpt lon="-1.4767025" lat="52.26337"><ele>67.7</ele><time>2026-08-03T06:56:49.600Z</time></trkpt><trkpt lon="-1.47688" lat="52.26318"><ele>67.6</ele><time>2026-08-03T06:56:51.700Z</time></trkpt><trkpt lon="-1.4770133" lat="52.263"><ele>67.6</ele><time>2026-08-03T06:56:53.600Z</time></trkpt><trkpt lon="-1.47728" lat="52.26264"><ele>67.5</ele><time>2026-08-03T06:56:57.400Z</time></trkpt><trkpt lon="-1.47749" lat="52.26234"><ele>67.5</ele><time>2026-08-03T06:57:00.600Z</time></trkpt><trkpt lon="-1.4776" lat="52.262145"><ele>67.4</ele><time>2026-08-03T06:57:02.600Z</time></trkpt><trkpt lon="-1.47771" lat="52.26195"><ele>67.3</ele><time>2026-08-03T06:57:04.500Z</time></trkpt><trkpt lon="-1.4778133" lat="52.2617767"><ele>67.3</ele><time>2026-08-03T06:57:06.400Z</time></trkpt><trkpt lon="-1.47802" lat="52.26143"><ele>67.4</ele><time>2026-08-03T06:57:10.000Z</time></trkpt><trkpt lon="-1.47815" lat="52.26126"><ele>67.4</ele><time>2026-08-03T06:57:11.800Z</time></trkpt><trkpt lon="-1.47832" lat="52.26107"><ele>67.3</ele><time>2026-08-03T06:57:13.900Z</time></trkpt><trkpt lon="-1.47852" lat="52.26086"><ele>67.4</ele><time>2026-08-03T06:57:16.400Z</time></trkpt><trkpt lon="-1.4786867" lat="52.26071"><ele>67.5</ele><time>2026-08-03T06:57:18.200Z</time></trkpt><trkpt lon="-1.47902" lat="52.26041"><ele>67.6</ele><time>2026-08-03T06:57:21.800Z</time></trkpt><trkpt lon="-1.47919" lat="52.26026"><ele>67.6</ele><time>2026-08-03T06:57:23.700Z</time></trkpt><trkpt lon="-1.47953" lat="52.25996"><ele>67.7</ele><time>2026-08-03T06:57:27.300Z</time></trkpt><trkpt lon="-1.47975" lat="52.2597333"><ele>67.8</ele><time>2026-08-03T06:57:29.900Z</time></trkpt><trkpt lon="-1.47997" lat="52.2595067"><ele>68.0</ele><time>2026-08-03T06:57:32.600Z</time></trkpt><trkpt lon="-1.48019" lat="52.25928"><ele>68.1</ele><time>2026-08-03T06:57:35.300Z</time></trkpt><trkpt lon="-1.48043" lat="52.25902"><ele>68.2</ele><time>2026-08-03T06:57:38.300Z</time></trkpt><trkpt lon="-1.4805825" lat="52.25883"><ele>68.1</ele><time>2026-08-03T06:57:40.300Z</time></trkpt><trkpt lon="-1.480735" lat="52.25864"><ele>68.1</ele><time>2026-08-03T06:57:42.400Z</time></trkpt><trkpt lon="-1.4808875" lat="52.25845"><ele>68.0</ele><time>2026-08-03T06:57:44.400Z</time></trkpt><trkpt lon="-1.48104" lat="52.25826"><ele>68.0</ele><time>2026-08-03T06:57:46.500Z</time></trkpt><trkpt lon="-1.4811925" lat="52.2580725"><ele>67.8</ele><time>2026-08-03T06:57:48.400Z</time></trkpt><trkpt lon="-1.481345" lat="52.257885"><ele>67.6</ele><time>2026-08-03T06:57:50.300Z</time></trkpt><trkpt lon="-1.4814975" lat="52.2576975"><ele>67.5</ele><time>2026-08-03T06:57:52.300Z</time></trkpt><trkpt lon="-1.48165" lat="52.25751"><ele>67.3</ele><time>2026-08-03T06:57:54.300Z</time></trkpt><trkpt lon="-1.4818067" lat="52.25733"><ele>67.2</ele><time>2026-08-03T06:57:56.200Z</time></trkpt><trkpt lon="-1.4819634" lat="52.25715"><ele>67.1</ele><time>2026-08-03T06:57:58.200Z</time></trkpt><trkpt lon="-1.48212" lat="52.25697"><ele>67.1</ele><time>2026-08-03T06:58:00.100Z</time></trkpt><trkpt lon="-1.4822733" lat="52.25679"><ele>66.9</ele><time>2026-08-03T06:58:02.000Z</time></trkpt><trkpt lon="-1.4824267" lat="52.25661"><ele>66.9</ele><time>2026-08-03T06:58:04.000Z</time></trkpt><trkpt lon="-1.48258" lat="52.25643"><ele>66.8</ele><time>2026-08-03T06:58:05.900Z</time></trkpt><trkpt lon="-1.4827367" lat="52.25625"><ele>66.7</ele><time>2026-08-03T06:58:07.900Z</time></trkpt><trkpt lon="-1.4828934" lat="52.25607"><ele>66.7</ele><time>2026-08-03T06:58:09.900Z</time></trkpt><trkpt lon="-1.48305" lat="52.25589"><ele>66.7</ele><time>2026-08-03T06:58:11.800Z</time></trkpt><trkpt lon="-1.48326" lat="52.2557"><ele>66.7</ele><time>2026-08-03T06:58:14.100Z</time></trkpt><trkpt lon="-1.48347" lat="52.25551"><ele>66.6</ele><time>2026-08-03T06:58:16.300Z</time></trkpt><trkpt lon="-1.48376" lat="52.2553"><ele>66.6</ele><time>2026-08-03T06:58:19.000Z</time></trkpt><trkpt lon="-1.48404" lat="52.25512"><ele>66.6</ele><time>2026-08-03T06:58:21.400Z</time></trkpt><trkpt lon="-1.48438" lat="52.25493"><ele>66.6</ele><time>2026-08-03T06:58:24.100Z</time></trkpt><trkpt lon="-1.48477" lat="52.25466"><ele>66.6</ele><time>2026-08-03T06:58:27.700Z</time></trkpt><trkpt lon="-1.484985" lat="52.254475"><ele>66.7</ele><time>2026-08-03T06:58:29.900Z</time></trkpt><trkpt lon="-1.4852" lat="52.25429"><ele>66.7</ele><time>2026-08-03T06:58:32.100Z</time></trkpt><trkpt lon="-1.48539" lat="52.25411"><ele>66.7</ele><time>2026-08-03T06:58:34.300Z</time></trkpt><trkpt lon="-1.4856067" lat="52.25389"><ele>66.7</ele><time>2026-08-03T06:58:36.800Z</time></trkpt><trkpt lon="-1.4858233" lat="52.25367"><ele>66.7</ele><time>2026-08-03T06:58:39.300Z</time></trkpt><trkpt lon="-1.48604" lat="52.25345"><ele>66.6</ele><time>2026-08-03T06:58:41.800Z</time></trkpt><trkpt lon="-1.4862033" lat="52.2532767"><ele>66.6</ele><time>2026-08-03T06:58:43.700Z</time></trkpt><trkpt lon="-1.48653" lat="52.25293"><ele>66.5</ele><time>2026-08-03T06:58:47.500Z</time></trkpt><trkpt lon="-1.48669" lat="52.25274"><ele>66.4</ele><time>2026-08-03T06:58:49.600Z</time></trkpt><trkpt lon="-1.486835" lat="52.252535"><ele>66.5</ele><time>2026-08-03T06:58:51.800Z</time></trkpt><trkpt lon="-1.48698" lat="52.25233"><ele>66.5</ele><time>2026-08-03T06:58:54.100Z</time></trkpt><trkpt lon="-1.48712" lat="52.2521"><ele>66.6</ele><time>2026-08-03T06:58:56.500Z</time></trkpt><trkpt lon="-1.48726" lat="52.25187"><ele>66.8</ele><time>2026-08-03T06:58:59.100Z</time></trkpt><trkpt lon="-1.48746" lat="52.2515"><ele>67.2</ele><time>2026-08-03T06:59:03.200Z</time></trkpt><trkpt lon="-1.48756" lat="52.251315"><ele>67.6</ele><time>2026-08-03T06:59:05.400Z</time></trkpt><trkpt lon="-1.48766" lat="52.25113"><ele>67.9</ele><time>2026-08-03T06:59:07.600Z</time></trkpt><trkpt lon="-1.4877825" lat="52.2509475"><ele>68.2</ele><time>2026-08-03T06:59:09.800Z</time></trkpt><trkpt lon="-1.487905" lat="52.250765"><ele>68.5</ele><time>2026-08-03T06:59:12.000Z</time></trkpt><trkpt lon="-1.48815" lat="52.2504"><ele>68.6</ele><time>2026-08-03T06:59:15.900Z</time></trkpt><trkpt lon="-1.4883" lat="52.250185"><ele>68.3</ele><time>2026-08-03T06:59:18.000Z</time></trkpt><trkpt lon="-1.48845" lat="52.24997"><ele>67.9</ele><time>2026-08-03T06:59:20.100Z</time></trkpt><trkpt lon="-1.4886" lat="52.249755"><ele>67.5</ele><time>2026-08-03T06:59:22.200Z</time></trkpt><trkpt lon="-1.48875" lat="52.24954"><ele>67.2</ele><time>2026-08-03T06:59:24.300Z</time></trkpt><trkpt lon="-1.48889" lat="52.24937"><ele>67.0</ele><time>2026-08-03T06:59:26.100Z</time></trkpt><trkpt lon="-1.4890767" lat="52.24917"><ele>66.9</ele><time>2026-08-03T06:59:28.300Z</time></trkpt><trkpt lon="-1.4892633" lat="52.24897"><ele>67.0</ele><time>2026-08-03T06:59:30.600Z</time></trkpt><trkpt lon="-1.48945" lat="52.24877"><ele>67.0</ele><time>2026-08-03T06:59:32.800Z</time></trkpt><trkpt lon="-1.4896367" lat="52.2485667"><ele>66.9</ele><time>2026-08-03T06:59:35.100Z</time></trkpt><trkpt lon="-1.4898233" lat="52.2483633"><ele>66.9</ele><time>2026-08-03T06:59:37.300Z</time></trkpt><trkpt lon="-1.49001" lat="52.24816"><ele>66.7</ele><time>2026-08-03T06:59:39.500Z</time></trkpt><trkpt lon="-1.4901967" lat="52.24796"><ele>66.4</ele><time>2026-08-03T06:59:41.600Z</time></trkpt><trkpt lon="-1.4903833" lat="52.24776"><ele>66.0</ele><time>2026-08-03T06:59:43.600Z</time></trkpt><trkpt lon="-1.49057" lat="52.24756"><ele>65.6</ele><time>2026-08-03T06:59:45.700Z</time></trkpt><trkpt lon="-1.49072" lat="52.2473967"><ele>65.4</ele><time>2026-08-03T06:59:47.400Z</time></trkpt><trkpt lon="-1.49102" lat="52.24707"><ele>64.9</ele><time>2026-08-03T06:59:50.800Z</time></trkpt><trkpt lon="-1.49117" lat="52.2469067"><ele>64.7</ele><time>2026-08-03T06:59:52.600Z</time></trkpt><trkpt lon="-1.49147" lat="52.24658"><ele>64.6</ele><time>2026-08-03T06:59:56.200Z</time></trkpt><trkpt lon="-1.49164" lat="52.2463933"><ele>64.6</ele><time>2026-08-03T06:59:58.200Z</time></trkpt><trkpt lon="-1.49181" lat="52.2462067"><ele>64.7</ele><time>2026-08-03T07:00:00.400Z</time></trkpt><trkpt lon="-1.49198" lat="52.24602"><ele>65.1</ele><time>2026-08-03T07:00:02.800Z</time></trkpt><trkpt lon="-1.492135" lat="52.2458375"><ele>65.5</ele><time>2026-08-03T07:00:05.100Z</time></trkpt><trkpt lon="-1.49229" lat="52.245655"><ele>65.8</ele><time>2026-08-03T07:00:07.400Z</time></trkpt><trkpt lon="-1.492445" lat="52.2454725"><ele>66.3</ele><time>2026-08-03T07:00:09.800Z</time></trkpt><trkpt lon="-1.4926" lat="52.24529"><ele>66.7</ele><time>2026-08-03T07:00:12.200Z</time></trkpt><trkpt lon="-1.4927525" lat="52.2451075"><ele>67.1</ele><time>2026-08-03T07:00:14.500Z</time></trkpt><trkpt lon="-1.492905" lat="52.244925"><ele>67.7</ele><time>2026-08-03T07:00:17.000Z</time></trkpt><trkpt lon="-1.4930575" lat="52.2447425"><ele>68.3</ele><time>2026-08-03T07:00:19.600Z</time></trkpt><trkpt lon="-1.49321" lat="52.24456"><ele>69.0</ele><time>2026-08-03T07:00:22.200Z</time></trkpt><trkpt lon="-1.493395" lat="52.244345"><ele>69.7</ele><time>2026-08-03T07:00:25.100Z</time></trkpt><trkpt lon="-1.49358" lat="52.24413"><ele>70.3</ele><time>2026-08-03T07:00:28.000Z</time></trkpt><trkpt lon="-1.49379" lat="52.24381"><ele>70.7</ele><time>2026-08-03T07:00:31.700Z</time></trkpt><trkpt lon="-1.493895" lat="52.2436125"><ele>70.8</ele><time>2026-08-03T07:00:33.800Z</time></trkpt><trkpt lon="-1.494" lat="52.243415"><ele>70.7</ele><time>2026-08-03T07:00:35.800Z</time></trkpt><trkpt lon="-1.494105" lat="52.2432175"><ele>70.4</ele><time>2026-08-03T07:00:37.700Z</time></trkpt><trkpt lon="-1.49421" lat="52.24302"><ele>70.1</ele><time>2026-08-03T07:00:39.500Z</time></trkpt><trkpt lon="-1.49438" lat="52.24274"><ele>69.5</ele><time>2026-08-03T07:00:42.100Z</time></trkpt><trkpt lon="-1.49456" lat="52.242515"><ele>69.1</ele><time>2026-08-03T07:00:44.400Z</time></trkpt><trkpt lon="-1.49474" lat="52.24229"><ele>68.9</ele><time>2026-08-03T07:00:46.700Z</time></trkpt><trkpt lon="-1.49497" lat="52.24204"><ele>69.0</ele><time>2026-08-03T07:00:49.600Z</time></trkpt><trkpt lon="-1.495175" lat="52.24185"><ele>69.2</ele><time>2026-08-03T07:00:52.000Z</time></trkpt><trkpt lon="-1.49538" lat="52.24166"><ele>69.7</ele><time>2026-08-03T07:00:54.600Z</time></trkpt><trkpt lon="-1.49566" lat="52.24143"><ele>70.6</ele><time>2026-08-03T07:00:58.200Z</time></trkpt><trkpt lon="-1.49591" lat="52.241235"><ele>71.5</ele><time>2026-08-03T07:01:01.500Z</time></trkpt><trkpt lon="-1.49616" lat="52.24104"><ele>72.4</ele><time>2026-08-03T07:01:04.700Z</time></trkpt><trkpt lon="-1.4963633" lat="52.2409"><ele>73.1</ele><time>2026-08-03T07:01:07.200Z</time></trkpt><trkpt lon="-1.4965667" lat="52.24076"><ele>73.6</ele><time>2026-08-03T07:01:09.400Z</time></trkpt><trkpt lon="-1.49677" lat="52.24062"><ele>74.1</ele><time>2026-08-03T07:01:11.700Z</time></trkpt><trkpt lon="-1.49704" lat="52.24041"><ele>74.8</ele><time>2026-08-03T07:01:14.900Z</time></trkpt><trkpt lon="-1.49731" lat="52.2402"><ele>75.1</ele><time>2026-08-03T07:01:17.800Z</time></trkpt><trkpt lon="-1.497585" lat="52.239995"><ele>74.8</ele><time>2026-08-03T07:01:20.200Z</time></trkpt><trkpt lon="-1.49786" lat="52.23979"><ele>74.4</ele><time>2026-08-03T07:01:22.600Z</time></trkpt><trkpt lon="-1.49799" lat="52.23966"><ele>73.9</ele><time>2026-08-03T07:01:23.800Z</time></trkpt><trkpt lon="-1.49826" lat="52.23935"><ele>72.5</ele><time>2026-08-03T07:01:26.600Z</time></trkpt><trkpt lon="-1.4984025" lat="52.2391575"><ele>71.6</ele><time>2026-08-03T07:01:28.200Z</time></trkpt><trkpt lon="-1.498545" lat="52.238965"><ele>70.6</ele><time>2026-08-03T07:01:29.800Z</time></trkpt><trkpt lon="-1.4986875" lat="52.2387725"><ele>70.0</ele><time>2026-08-03T07:01:31.500Z</time></trkpt><trkpt lon="-1.49883" lat="52.23858"><ele>69.4</ele><time>2026-08-03T07:01:33.300Z</time></trkpt><trkpt lon="-1.498995" lat="52.23838"><ele>69.0</ele><time>2026-08-03T07:01:35.300Z</time></trkpt><trkpt lon="-1.49916" lat="52.23818"><ele>68.8</ele><time>2026-08-03T07:01:37.400Z</time></trkpt><trkpt lon="-1.49937" lat="52.23796"><ele>68.7</ele><time>2026-08-03T07:01:39.800Z</time></trkpt><trkpt lon="-1.49955" lat="52.2377867"><ele>68.8</ele><time>2026-08-03T07:01:41.900Z</time></trkpt><trkpt lon="-1.49973" lat="52.2376134"><ele>68.8</ele><time>2026-08-03T07:01:43.900Z</time></trkpt><trkpt lon="-1.49991" lat="52.23744"><ele>68.9</ele><time>2026-08-03T07:01:46.000Z</time></trkpt><trkpt lon="-1.5000933" lat="52.2372633"><ele>69.0</ele><time>2026-08-03T07:01:48.100Z</time></trkpt><trkpt lon="-1.5002767" lat="52.2370867"><ele>69.0</ele><time>2026-08-03T07:01:50.200Z</time></trkpt><trkpt lon="-1.50046" lat="52.23691"><ele>69.1</ele><time>2026-08-03T07:01:52.300Z</time></trkpt><trkpt lon="-1.5006533" lat="52.2367133"><ele>69.0</ele><time>2026-08-03T07:01:54.500Z</time></trkpt><trkpt lon="-1.5008467" lat="52.2365167"><ele>69.1</ele><time>2026-08-03T07:01:56.800Z</time></trkpt><trkpt lon="-1.50104" lat="52.23632"><ele>69.4</ele><time>2026-08-03T07:01:59.300Z</time></trkpt><trkpt lon="-1.5012333" lat="52.23612"><ele>69.8</ele><time>2026-08-03T07:02:01.900Z</time></trkpt><trkpt lon="-1.5014267" lat="52.23592"><ele>70.4</ele><time>2026-08-03T07:02:04.700Z</time></trkpt><trkpt lon="-1.50162" lat="52.23572"><ele>70.9</ele><time>2026-08-03T07:02:07.400Z</time></trkpt><trkpt lon="-1.5018133" lat="52.23552"><ele>71.6</ele><time>2026-08-03T07:02:10.200Z</time></trkpt><trkpt lon="-1.5020067" lat="52.23532"><ele>72.2</ele><time>2026-08-03T07:02:13.000Z</time></trkpt><trkpt lon="-1.5022" lat="52.23512"><ele>72.7</ele><time>2026-08-03T07:02:15.700Z</time></trkpt><trkpt lon="-1.5023967" lat="52.2349233"><ele>73.0</ele><time>2026-08-03T07:02:18.200Z</time></trkpt><trkpt lon="-1.5025933" lat="52.2347267"><ele>73.1</ele><time>2026-08-03T07:02:20.500Z</time></trkpt><trkpt lon="-1.50279" lat="52.23453"><ele>73.0</ele><time>2026-08-03T07:02:22.700Z</time></trkpt><trkpt lon="-1.5029933" lat="52.2343033"><ele>72.7</ele><time>2026-08-03T07:02:25.100Z</time></trkpt><trkpt lon="-1.5031967" lat="52.2340767"><ele>72.3</ele><time>2026-08-03T07:02:27.400Z</time></trkpt><trkpt lon="-1.5034" lat="52.23385"><ele>71.9</ele><time>2026-08-03T07:02:29.700Z</time></trkpt><trkpt lon="-1.5036033" lat="52.2336233"><ele>71.4</ele><time>2026-08-03T07:02:32.000Z</time></trkpt><trkpt lon="-1.5038067" lat="52.2333967"><ele>71.0</ele><time>2026-08-03T07:02:34.300Z</time></trkpt><trkpt lon="-1.50401" lat="52.23317"><ele>70.7</ele><time>2026-08-03T07:02:36.700Z</time></trkpt><trkpt lon="-1.50416" lat="52.23294"><ele>70.8</ele><time>2026-08-03T07:02:39.200Z</time></trkpt><trkpt lon="-1.50431" lat="52.23271"><ele>70.9</ele><time>2026-08-03T07:02:41.700Z</time></trkpt><trkpt lon="-1.50446" lat="52.23248"><ele>71.2</ele><time>2026-08-03T07:02:44.400Z</time></trkpt><trkpt lon="-1.50462" lat="52.2322933"><ele>71.4</ele><time>2026-08-03T07:02:46.600Z</time></trkpt><trkpt lon="-1.50478" lat="52.2321067"><ele>71.5</ele><time>2026-08-03T07:02:48.800Z</time></trkpt><trkpt lon="-1.50494" lat="52.23192"><ele>71.7</ele><time>2026-08-03T07:02:51.000Z</time></trkpt><trkpt lon="-1.5051033" lat="52.23173"><ele>71.9</ele><time>2026-08-03T07:02:53.300Z</time></trkpt><trkpt lon="-1.5052667" lat="52.23154"><ele>72.3</ele><time>2026-08-03T07:02:55.700Z</time></trkpt><trkpt lon="-1.50543" lat="52.23135"><ele>72.7</ele><time>2026-08-03T07:02:58.100Z</time></trkpt><trkpt lon="-1.505605" lat="52.23117"><ele>73.1</ele><time>2026-08-03T07:03:00.500Z</time></trkpt><trkpt lon="-1.50578" lat="52.23099"><ele>73.5</ele><time>2026-08-03T07:03:02.900Z</time></trkpt><trkpt lon="-1.505955" lat="52.23081"><ele>73.9</ele><time>2026-08-03T07:03:05.200Z</time></trkpt><trkpt lon="-1.50613" lat="52.23063"><ele>74.3</ele><time>2026-08-03T07:03:07.600Z</time></trkpt><trkpt lon="-1.5063025" lat="52.23045"><ele>74.7</ele><time>2026-08-03T07:03:10.000Z</time></trkpt><trkpt lon="-1.506475" lat="52.23027"><ele>75.2</ele><time>2026-08-03T07:03:12.400Z</time></trkpt><trkpt lon="-1.5066475" lat="52.23009"><ele>75.7</ele><time>2026-08-03T07:03:14.900Z</time></trkpt><trkpt lon="-1.50682" lat="52.22991"><ele>76.2</ele><time>2026-08-03T07:03:17.300Z</time></trkpt><trkpt lon="-1.506995" lat="52.2297275"><ele>76.8</ele><time>2026-08-03T07:03:19.900Z</time></trkpt><trkpt lon="-1.50717" lat="52.229545"><ele>77.3</ele><time>2026-08-03T07:03:22.400Z</time></trkpt><trkpt lon="-1.507345" lat="52.2293625"><ele>77.8</ele><time>2026-08-03T07:03:24.900Z</time></trkpt><trkpt lon="-1.50752" lat="52.22918"><ele>78.4</ele><time>2026-08-03T07:03:27.400Z</time></trkpt><trkpt lon="-1.507755" lat="52.228975"><ele>78.7</ele><time>2026-08-03T07:03:30.100Z</time></trkpt><trkpt lon="-1.50799" lat="52.22877"><ele>78.5</ele><time>2026-08-03T07:03:32.500Z</time></trkpt><trkpt lon="-1.508225" lat="52.228565"><ele>78.3</ele><time>2026-08-03T07:03:34.800Z</time></trkpt><trkpt lon="-1.50846" lat="52.22836"><ele>77.8</ele><time>2026-08-03T07:03:37.000Z</time></trkpt><trkpt lon="-1.508655" lat="52.228175"><ele>77.4</ele><time>2026-08-03T07:03:39.000Z</time></trkpt><trkpt lon="-1.50885" lat="52.22799"><ele>77.0</ele><time>2026-08-03T07:03:40.900Z</time></trkpt><trkpt lon="-1.50903" lat="52.2278033"><ele>76.9</ele><time>2026-08-03T07:03:43.000Z</time></trkpt><trkpt lon="-1.50921" lat="52.2276167"><ele>77.1</ele><time>2026-08-03T07:03:45.200Z</time></trkpt><trkpt lon="-1.50939" lat="52.22743"><ele>77.2</ele><time>2026-08-03T07:03:47.500Z</time></trkpt><trkpt lon="-1.50957" lat="52.22724"><ele>77.6</ele><time>2026-08-03T07:03:49.900Z</time></trkpt><trkpt lon="-1.50975" lat="52.22705"><ele>77.9</ele><time>2026-08-03T07:03:52.300Z</time></trkpt><trkpt lon="-1.50993" lat="52.22686"><ele>78.2</ele><time>2026-08-03T07:03:54.700Z</time></trkpt><trkpt lon="-1.5101133" lat="52.2266733"><ele>78.3</ele><time>2026-08-03T07:03:56.900Z</time></trkpt><trkpt lon="-1.5102967" lat="52.2264867"><ele>78.2</ele><time>2026-08-03T07:03:59.100Z</time></trkpt><trkpt lon="-1.51048" lat="52.2263"><ele>78.1</ele><time>2026-08-03T07:04:01.100Z</time></trkpt><trkpt lon="-1.5106633" lat="52.22609"><ele>77.6</ele><time>2026-08-03T07:04:03.200Z</time></trkpt><trkpt lon="-1.5108467" lat="52.22588"><ele>76.9</ele><time>2026-08-03T07:04:05.200Z</time></trkpt><trkpt lon="-1.51103" lat="52.22567"><ele>76.2</ele><time>2026-08-03T07:04:07.100Z</time></trkpt><trkpt lon="-1.51117" lat="52.225485"><ele>75.6</ele><time>2026-08-03T07:04:08.800Z</time></trkpt><trkpt lon="-1.51131" lat="52.2253"><ele>75.4</ele><time>2026-08-03T07:04:10.700Z</time></trkpt><trkpt lon="-1.5114267" lat="52.22512"><ele>75.6</ele><time>2026-08-03T07:04:12.800Z</time></trkpt><trkpt lon="-1.51166" lat="52.22476"><ele>76.1</ele><time>2026-08-03T07:04:17.000Z</time></trkpt><trkpt lon="-1.5117767" lat="52.2245767"><ele>76.7</ele><time>2026-08-03T07:04:19.500Z</time></trkpt><trkpt lon="-1.5118934" lat="52.2243934"><ele>77.4</ele><time>2026-08-03T07:04:22.100Z</time></trkpt><trkpt lon="-1.51201" lat="52.22421"><ele>78.2</ele><time>2026-08-03T07:04:24.700Z</time></trkpt><trkpt lon="-1.512135" lat="52.224035"><ele>78.7</ele><time>2026-08-03T07:04:27.100Z</time></trkpt><trkpt lon="-1.51226" lat="52.22386"><ele>79.3</ele><time>2026-08-03T07:04:29.400Z</time></trkpt><trkpt lon="-1.512425" lat="52.223655"><ele>79.9</ele><time>2026-08-03T07:04:32.100Z</time></trkpt><trkpt lon="-1.51259" lat="52.22345"><ele>80.4</ele><time>2026-08-03T07:04:34.800Z</time></trkpt><trkpt lon="-1.512795" lat="52.223235"><ele>81.0</ele><time>2026-08-03T07:04:37.700Z</time></trkpt><trkpt lon="-1.513" lat="52.22302"><ele>81.1</ele><time>2026-08-03T07:04:40.200Z</time></trkpt><trkpt lon="-1.5132233" lat="52.22281"><ele>80.7</ele><time>2026-08-03T07:04:42.500Z</time></trkpt><trkpt lon="-1.5134467" lat="52.2226"><ele>80.3</ele><time>2026-08-03T07:04:44.700Z</time></trkpt><trkpt lon="-1.51367" lat="52.22239"><ele>79.7</ele><time>2026-08-03T07:04:46.800Z</time></trkpt><trkpt lon="-1.51394" lat="52.222195"><ele>78.7</ele><time>2026-08-03T07:04:48.900Z</time></trkpt><trkpt lon="-1.51421" lat="52.222"><ele>77.6</ele><time>2026-08-03T07:04:50.800Z</time></trkpt><trkpt lon="-1.514435" lat="52.22182"><ele>76.5</ele><time>2026-08-03T07:04:52.500Z</time></trkpt><trkpt lon="-1.51466" lat="52.22164"><ele>75.4</ele><time>2026-08-03T07:04:54.200Z</time></trkpt><trkpt lon="-1.514885" lat="52.22146"><ele>74.5</ele><time>2026-08-03T07:04:56.000Z</time></trkpt><trkpt lon="-1.51511" lat="52.22128"><ele>73.7</ele><time>2026-08-03T07:04:57.800Z</time></trkpt><trkpt lon="-1.51523" lat="52.22118"><ele>73.4</ele><time>2026-08-03T07:04:58.900Z</time></trkpt><trkpt lon="-1.51543" lat="52.221"><ele>73.1</ele><time>2026-08-03T07:05:00.800Z</time></trkpt><trkpt lon="-1.51563" lat="52.22082"><ele>73.2</ele><time>2026-08-03T07:05:03.000Z</time></trkpt><trkpt lon="-1.51585" lat="52.22066"><ele>73.3</ele><time>2026-08-03T07:05:05.200Z</time></trkpt><trkpt lon="-1.51599" lat="52.22057"><ele>73.5</ele><time>2026-08-03T07:05:06.500Z</time></trkpt><trkpt lon="-1.51613" lat="52.22049"><ele>73.7</ele><time>2026-08-03T07:05:07.900Z</time></trkpt><trkpt lon="-1.51631" lat="52.22046"><ele>74.0</ele><time>2026-08-03T07:05:09.200Z</time></trkpt><trkpt lon="-1.51649" lat="52.22046"><ele>74.2</ele><time>2026-08-03T07:05:10.400Z</time></trkpt><trkpt lon="-1.51653" lat="52.22048"><ele>74.3</ele><time>2026-08-03T07:05:10.800Z</time></trkpt><trkpt lon="-1.51663" lat="52.2205"><ele>74.4</ele><time>2026-08-03T07:05:11.500Z</time></trkpt><trkpt lon="-1.51684" lat="52.2207"><ele>74.5</ele><time>2026-08-03T07:05:14.000Z</time></trkpt><trkpt lon="-1.51687" lat="52.22076"><ele>74.5</ele><time>2026-08-03T07:05:14.600Z</time></trkpt><trkpt lon="-1.51693" lat="52.2209"><ele>74.6</ele><time>2026-08-03T07:05:16.000Z</time></trkpt><trkpt lon="-1.51713" lat="52.22115"><ele>74.6</ele><time>2026-08-03T07:05:18.800Z</time></trkpt><trkpt lon="-1.51731" lat="52.22135"><ele>74.7</ele><time>2026-08-03T07:05:21.100Z</time></trkpt><trkpt lon="-1.51749" lat="52.22155"><ele>74.9</ele><time>2026-08-03T07:05:23.500Z</time></trkpt><trkpt lon="-1.5177" lat="52.22174"><ele>75.0</ele><time>2026-08-03T07:05:25.800Z</time></trkpt><trkpt lon="-1.51795" lat="52.22194"><ele>75.1</ele><time>2026-08-03T07:05:28.400Z</time></trkpt><trkpt lon="-1.51812" lat="52.222"><ele>75.2</ele><time>2026-08-03T07:05:29.600Z</time></trkpt><trkpt lon="-1.51831" lat="52.2221167"><ele>75.2</ele><time>2026-08-03T07:05:31.200Z</time></trkpt><trkpt lon="-1.51869" lat="52.22235"><ele>75.1</ele><time>2026-08-03T07:05:34.400Z</time></trkpt><trkpt lon="-1.51892" lat="52.222485"><ele>75.2</ele><time>2026-08-03T07:05:36.400Z</time></trkpt><trkpt lon="-1.51915" lat="52.22262"><ele>75.4</ele><time>2026-08-03T07:05:38.500Z</time></trkpt><trkpt lon="-1.5194167" lat="52.22274"><ele>75.7</ele><time>2026-08-03T07:05:40.700Z</time></trkpt><trkpt lon="-1.5196833" lat="52.22286"><ele>76.2</ele><time>2026-08-03T07:05:43.000Z</time></trkpt><trkpt lon="-1.51995" lat="52.22298"><ele>76.6</ele><time>2026-08-03T07:05:45.400Z</time></trkpt><trkpt lon="-1.5202867" lat="52.2231033"><ele>77.3</ele><time>2026-08-03T07:05:48.300Z</time></trkpt><trkpt lon="-1.5206233" lat="52.2232267"><ele>77.8</ele><time>2026-08-03T07:05:51.100Z</time></trkpt><trkpt lon="-1.52096" lat="52.22335"><ele>78.1</ele><time>2026-08-03T07:05:53.600Z</time></trkpt><trkpt lon="-1.5213133" lat="52.2234533"><ele>77.8</ele><time>2026-08-03T07:05:55.900Z</time></trkpt><trkpt lon="-1.5216667" lat="52.2235567"><ele>77.1</ele><time>2026-08-03T07:05:57.800Z</time></trkpt><trkpt lon="-1.52202" lat="52.22366"><ele>75.9</ele><time>2026-08-03T07:05:59.600Z</time></trkpt><trkpt lon="-1.5223767" lat="52.22376"><ele>74.2</ele><time>2026-08-03T07:06:01.300Z</time></trkpt><trkpt lon="-1.5227333" lat="52.22386"><ele>72.3</ele><time>2026-08-03T07:06:03.000Z</time></trkpt><trkpt lon="-1.52309" lat="52.22396"><ele>70.3</ele><time>2026-08-03T07:06:04.600Z</time></trkpt><trkpt lon="-1.5234433" lat="52.22406"><ele>68.6</ele><time>2026-08-03T07:06:06.300Z</time></trkpt><trkpt lon="-1.5237967" lat="52.22416"><ele>67.3</ele><time>2026-08-03T07:06:08.000Z</time></trkpt><trkpt lon="-1.52415" lat="52.22426"><ele>66.1</ele><time>2026-08-03T07:06:09.800Z</time></trkpt><trkpt lon="-1.52436" lat="52.22438"><ele>65.6</ele><time>2026-08-03T07:06:11.200Z</time></trkpt><trkpt lon="-1.52474" lat="52.224475041281"><ele>65.3</ele><time>2026-08-03T07:06:13.600Z</time></trkpt><trkpt lon="-1.52512" lat="52.22457"><ele>65.0</ele><time>2026-08-03T07:06:15.900Z</time></trkpt><trkpt lon="-1.525505" lat="52.224665"><ele>64.8</ele><time>2026-08-03T07:06:18.200Z</time></trkpt><trkpt lon="-1.52589" lat="52.22476"><ele>64.7</ele><time>2026-08-03T07:06:20.700Z</time></trkpt><trkpt lon="-1.5263" lat="52.224845"><ele>64.6</ele><time>2026-08-03T07:06:23.200Z</time></trkpt><trkpt lon="-1.52671" lat="52.22493"><ele>64.6</ele><time>2026-08-03T07:06:25.800Z</time></trkpt><trkpt lon="-1.5270933" lat="52.225"><ele>64.7</ele><time>2026-08-03T07:06:28.200Z</time></trkpt><trkpt lon="-1.5274767" lat="52.22507"><ele>64.7</ele><time>2026-08-03T07:06:30.700Z</time></trkpt><trkpt lon="-1.52786" lat="52.22514"><ele>64.8</ele><time>2026-08-03T07:06:33.100Z</time></trkpt><trkpt lon="-1.5282125" lat="52.225195"><ele>64.7</ele><time>2026-08-03T07:06:35.300Z</time></trkpt><trkpt lon="-1.528565" lat="52.22525"><ele>64.6</ele><time>2026-08-03T07:06:37.400Z</time></trkpt><trkpt lon="-1.5289175" lat="52.225305"><ele>64.7</ele><time>2026-08-03T07:06:39.600Z</time></trkpt><trkpt lon="-1.52927" lat="52.22536"><ele>64.7</ele><time>2026-08-03T07:06:41.800Z</time></trkpt><trkpt lon="-1.529625" lat="52.225415"><ele>64.8</ele><time>2026-08-03T07:06:44.100Z</time></trkpt><trkpt lon="-1.52998" lat="52.22547"><ele>64.9</ele><time>2026-08-03T07:06:46.400Z</time></trkpt><trkpt lon="-1.530335" lat="52.225525"><ele>64.9</ele><time>2026-08-03T07:06:48.600Z</time></trkpt><trkpt lon="-1.53069" lat="52.22558"><ele>65.0</ele><time>2026-08-03T07:06:50.800Z</time></trkpt><trkpt lon="-1.53106" lat="52.225645"><ele>65.1</ele><time>2026-08-03T07:06:53.200Z</time></trkpt><trkpt lon="-1.53143" lat="52.22571"><ele>65.1</ele><time>2026-08-03T07:06:55.500Z</time></trkpt><trkpt lon="-1.531805" lat="52.225775"><ele>65.2</ele><time>2026-08-03T07:06:57.900Z</time></trkpt><trkpt lon="-1.53218" lat="52.22584"><ele>65.4</ele><time>2026-08-03T07:07:00.400Z</time></trkpt><trkpt lon="-1.53256" lat="52.225925"><ele>65.6</ele><time>2026-08-03T07:07:03.000Z</time></trkpt><trkpt lon="-1.53294" lat="52.22601"><ele>65.7</ele><time>2026-08-03T07:07:05.500Z</time></trkpt><trkpt lon="-1.53332" lat="52.22609"><ele>65.9</ele><time>2026-08-03T07:07:08.100Z</time></trkpt><trkpt lon="-1.5337" lat="52.22617"><ele>66.1</ele><time>2026-08-03T07:07:10.700Z</time></trkpt><trkpt lon="-1.5339633" lat="52.22624"><ele>66.3</ele><time>2026-08-03T07:07:12.600Z</time></trkpt><trkpt lon="-1.53449" lat="52.22638"><ele>67.1</ele><time>2026-08-03T07:07:16.700Z</time></trkpt><trkpt lon="-1.5347767" lat="52.22646"><ele>67.6</ele><time>2026-08-03T07:07:19.000Z</time></trkpt><trkpt lon="-1.5350633" lat="52.22654"><ele>68.4</ele><time>2026-08-03T07:07:21.500Z</time></trkpt><trkpt lon="-1.53535" lat="52.22662"><ele>69.1</ele><time>2026-08-03T07:07:24.200Z</time></trkpt><trkpt lon="-1.5356267" lat="52.2267167"><ele>69.9</ele><time>2026-08-03T07:07:26.800Z</time></trkpt><trkpt lon="-1.5359033" lat="52.2268133"><ele>70.7</ele><time>2026-08-03T07:07:29.500Z</time></trkpt><trkpt lon="-1.53618" lat="52.22691"><ele>71.4</ele><time>2026-08-03T07:07:32.100Z</time></trkpt><trkpt lon="-1.53648" lat="52.227035"><ele>72.3</ele><time>2026-08-03T07:07:35.100Z</time></trkpt><trkpt lon="-1.53678" lat="52.22716"><ele>73.2</ele><time>2026-08-03T07:07:38.200Z</time></trkpt><trkpt lon="-1.53705" lat="52.2272875"><ele>74.0</ele><time>2026-08-03T07:07:40.900Z</time></trkpt><trkpt lon="-1.53732" lat="52.227415"><ele>74.7</ele><time>2026-08-03T07:07:43.600Z</time></trkpt><trkpt lon="-1.53759" lat="52.2275425"><ele>75.4</ele><time>2026-08-03T07:07:46.300Z</time></trkpt><trkpt lon="-1.53786" lat="52.22767"><ele>76.1</ele><time>2026-08-03T07:07:48.900Z</time></trkpt><trkpt lon="-1.53811" lat="52.2278"><ele>76.7</ele><time>2026-08-03T07:07:51.400Z</time></trkpt><trkpt lon="-1.53836" lat="52.22793"><ele>77.2</ele><time>2026-08-03T07:07:53.800Z</time></trkpt><trkpt lon="-1.53861" lat="52.22806"><ele>77.7</ele><time>2026-08-03T07:07:56.200Z</time></trkpt><trkpt lon="-1.5388567" lat="52.2281867"><ele>78.0</ele><time>2026-08-03T07:07:58.300Z</time></trkpt><trkpt lon="-1.5391033" lat="52.2283134"><ele>78.2</ele><time>2026-08-03T07:08:00.500Z</time></trkpt><trkpt lon="-1.53935" lat="52.22844"><ele>78.5</ele><time>2026-08-03T07:08:02.600Z</time></trkpt><trkpt lon="-1.53965" lat="52.22859"><ele>78.7</ele><time>2026-08-03T07:08:05.100Z</time></trkpt><trkpt lon="-1.53995" lat="52.22874"><ele>78.8</ele><time>2026-08-03T07:08:07.500Z</time></trkpt><trkpt lon="-1.540255" lat="52.22889"><ele>78.9</ele><time>2026-08-03T07:08:09.900Z</time></trkpt><trkpt lon="-1.54056" lat="52.22904"><ele>79.0</ele><time>2026-08-03T07:08:12.400Z</time></trkpt><trkpt lon="-1.540865" lat="52.229175"><ele>79.1</ele><time>2026-08-03T07:08:14.700Z</time></trkpt><trkpt lon="-1.54117" lat="52.22931"><ele>79.1</ele><time>2026-08-03T07:08:17.000Z</time></trkpt><trkpt lon="-1.54159" lat="52.22946"><ele>79.3</ele><time>2026-08-03T07:08:20.000Z</time></trkpt><trkpt lon="-1.5418267" lat="52.2295333"><ele>79.4</ele><time>2026-08-03T07:08:21.700Z</time></trkpt><trkpt lon="-1.5423" lat="52.22968"><ele>79.6</ele><time>2026-08-03T07:08:25.100Z</time></trkpt><trkpt lon="-1.54266" lat="52.229745"><ele>79.9</ele><time>2026-08-03T07:08:27.600Z</time></trkpt><trkpt lon="-1.54302" lat="52.22981"><ele>80.3</ele><time>2026-08-03T07:08:30.200Z</time></trkpt><trkpt lon="-1.5432867" lat="52.22987"><ele>80.8</ele><time>2026-08-03T07:08:32.300Z</time></trkpt><trkpt lon="-1.54382" lat="52.22999"><ele>82.4</ele><time>2026-08-03T07:08:37.300Z</time></trkpt><trkpt lon="-1.5440833" lat="52.2300467"><ele>83.3</ele><time>2026-08-03T07:08:40.000Z</time></trkpt><trkpt lon="-1.54461" lat="52.23016"><ele>85.0</ele><time>2026-08-03T07:08:45.200Z</time></trkpt><trkpt lon="-1.54485" lat="52.23022"><ele>85.8</ele><time>2026-08-03T07:08:47.600Z</time></trkpt><trkpt lon="-1.54533" lat="52.23034"><ele>87.3</ele><time>2026-08-03T07:08:52.300Z</time></trkpt><trkpt lon="-1.545685" lat="52.230425"><ele>88.3</ele><time>2026-08-03T07:08:55.600Z</time></trkpt><trkpt lon="-1.54604" lat="52.23051"><ele>89.2</ele><time>2026-08-03T07:08:58.700Z</time></trkpt><trkpt lon="-1.546345" lat="52.230625"><ele>90.0</ele><time>2026-08-03T07:09:01.600Z</time></trkpt><trkpt lon="-1.54665" lat="52.23074"><ele>90.7</ele><time>2026-08-03T07:09:04.400Z</time></trkpt><trkpt lon="-1.54711" lat="52.23092"><ele>91.6</ele><time>2026-08-03T07:09:08.400Z</time></trkpt><trkpt lon="-1.54764" lat="52.231110043046"><ele>92.4</ele><time>2026-08-03T07:09:12.700Z</time></trkpt><trkpt lon="-1.54789" lat="52.23122"><ele>92.7</ele><time>2026-08-03T07:09:14.800Z</time></trkpt><trkpt lon="-1.548165" lat="52.231415"><ele>92.8</ele><time>2026-08-03T07:09:17.400Z</time></trkpt><trkpt lon="-1.54844" lat="52.23161"><ele>92.7</ele><time>2026-08-03T07:09:19.900Z</time></trkpt><trkpt lon="-1.5486533" lat="52.2318167"><ele>92.7</ele><time>2026-08-03T07:09:22.300Z</time></trkpt><trkpt lon="-1.5488667" lat="52.2320233"><ele>92.5</ele><time>2026-08-03T07:09:24.600Z</time></trkpt><trkpt lon="-1.54908" lat="52.23223"><ele>92.3</ele><time>2026-08-03T07:09:26.800Z</time></trkpt><trkpt lon="-1.54934" lat="52.23252"><ele>92.0</ele><time>2026-08-03T07:09:29.900Z</time></trkpt><trkpt lon="-1.5495033" lat="52.2327433"><ele>91.4</ele><time>2026-08-03T07:09:32.000Z</time></trkpt><trkpt lon="-1.5496667" lat="52.2329667"><ele>91.0</ele><time>2026-08-03T07:09:34.200Z</time></trkpt><trkpt lon="-1.54983" lat="52.23319"><ele>90.3</ele><time>2026-08-03T07:09:36.200Z</time></trkpt><trkpt lon="-1.55" lat="52.23343"><ele>89.5</ele><time>2026-08-03T07:09:38.400Z</time></trkpt><trkpt lon="-1.55017" lat="52.23367"><ele>88.7</ele><time>2026-08-03T07:09:40.500Z</time></trkpt><trkpt lon="-1.55034" lat="52.23391"><ele>88.0</ele><time>2026-08-03T07:09:42.700Z</time></trkpt><trkpt lon="-1.55051" lat="52.23415"><ele>87.4</ele><time>2026-08-03T07:09:45.000Z</time></trkpt><trkpt lon="-1.55068" lat="52.23439"><ele>86.8</ele><time>2026-08-03T07:09:47.200Z</time></trkpt><trkpt lon="-1.55085" lat="52.23463"><ele>86.2</ele><time>2026-08-03T07:09:49.500Z</time></trkpt><trkpt lon="-1.55102" lat="52.23487"><ele>85.7</ele><time>2026-08-03T07:09:51.800Z</time></trkpt><trkpt lon="-1.55119" lat="52.23511"><ele>85.2</ele><time>2026-08-03T07:09:54.100Z</time></trkpt><trkpt lon="-1.55136" lat="52.23535"><ele>84.7</ele><time>2026-08-03T07:09:56.400Z</time></trkpt><trkpt lon="-1.5514967" lat="52.2355367"><ele>84.3</ele><time>2026-08-03T07:09:58.200Z</time></trkpt><trkpt lon="-1.5516333" lat="52.2357234"><ele>84.1</ele><time>2026-08-03T07:10:00.100Z</time></trkpt><trkpt lon="-1.55177" lat="52.23591"><ele>83.9</ele><time>2026-08-03T07:10:01.900Z</time></trkpt><trkpt lon="-1.551915" lat="52.23612"><ele>83.0</ele><time>2026-08-03T07:10:03.700Z</time></trkpt><trkpt lon="-1.55206" lat="52.23633"><ele>82.1</ele><time>2026-08-03T07:10:05.500Z</time></trkpt><trkpt lon="-1.552205" lat="52.236565"><ele>81.3</ele><time>2026-08-03T07:10:07.600Z</time></trkpt><trkpt lon="-1.55235" lat="52.2368"><ele>80.7</ele><time>2026-08-03T07:10:09.700Z</time></trkpt><trkpt lon="-1.55248" lat="52.237035"><ele>80.3</ele><time>2026-08-03T07:10:12.000Z</time></trkpt><trkpt lon="-1.55261" lat="52.23727"><ele>79.9</ele><time>2026-08-03T07:10:14.100Z</time></trkpt><trkpt lon="-1.55286" lat="52.23721"><ele>78.8</ele><time>2026-08-03T07:10:15.300Z</time></trkpt><trkpt lon="-1.55297" lat="52.23718"><ele>78.3</ele><time>2026-08-03T07:10:15.800Z</time></trkpt><trkpt lon="-1.5532333" lat="52.23709"><ele>77.1</ele><time>2026-08-03T07:10:17.200Z</time></trkpt><trkpt lon="-1.55376" lat="52.23691"><ele>75.4</ele><time>2026-08-03T07:10:20.000Z</time></trkpt><trkpt lon="-1.55402" lat="52.23682"><ele>74.8</ele><time>2026-08-03T07:10:21.400Z</time></trkpt><trkpt lon="-1.55454" lat="52.23664"><ele>73.7</ele><time>2026-08-03T07:10:24.500Z</time></trkpt><trkpt lon="-1.55469" lat="52.2366"><ele>73.5</ele><time>2026-08-03T07:10:25.300Z</time></trkpt><trkpt lon="-1.55501" lat="52.23653"><ele>73.0</ele><time>2026-08-03T07:10:27.100Z</time></trkpt><trkpt lon="-1.5553" lat="52.23649"><ele>72.6</ele><time>2026-08-03T07:10:28.700Z</time></trkpt><trkpt lon="-1.55572" lat="52.23645"><ele>72.0</ele><time>2026-08-03T07:10:30.900Z</time></trkpt><trkpt lon="-1.55595" lat="52.23645"><ele>71.8</ele><time>2026-08-03T07:10:32.200Z</time></trkpt><trkpt lon="-1.55647" lat="52.23646"><ele>71.5</ele><time>2026-08-03T07:10:35.200Z</time></trkpt><trkpt lon="-1.557" lat="52.23651"><ele>71.2</ele><time>2026-08-03T07:10:38.200Z</time></trkpt><trkpt lon="-1.55726" lat="52.23654"><ele>71.0</ele><time>2026-08-03T07:10:39.700Z</time></trkpt><trkpt lon="-1.55756" lat="52.23658"><ele>70.9</ele><time>2026-08-03T07:10:41.500Z</time></trkpt><trkpt lon="-1.55797" lat="52.2366533"><ele>70.7</ele><time>2026-08-03T07:10:43.900Z</time></trkpt><trkpt lon="-1.55838" lat="52.2367267"><ele>70.4</ele><time>2026-08-03T07:10:46.300Z</time></trkpt><trkpt lon="-1.55879" lat="52.2368"><ele>70.2</ele><time>2026-08-03T07:10:48.800Z</time></trkpt><trkpt lon="-1.5592033" lat="52.2368733"><ele>70.0</ele><time>2026-08-03T07:10:51.200Z</time></trkpt><trkpt lon="-1.5596167" lat="52.2369467"><ele>69.9</ele><time>2026-08-03T07:10:53.800Z</time></trkpt><trkpt lon="-1.56003" lat="52.23702"><ele>69.8</ele><time>2026-08-03T07:10:56.300Z</time></trkpt><trkpt lon="-1.56013" lat="52.23702"><ele>69.8</ele><time>2026-08-03T07:10:56.900Z</time></trkpt><trkpt lon="-1.56021" lat="52.23702"><ele>69.8</ele><time>2026-08-03T07:10:57.300Z</time></trkpt><trkpt lon="-1.56034" lat="52.23697"><ele>69.8</ele><time>2026-08-03T07:10:58.300Z</time></trkpt><trkpt lon="-1.5604" lat="52.23694"><ele>69.7</ele><time>2026-08-03T07:10:58.700Z</time></trkpt><trkpt lon="-1.56043" lat="52.23689"><ele>69.7</ele><time>2026-08-03T07:10:59.200Z</time></trkpt><trkpt lon="-1.56045" lat="52.23684"><ele>69.7</ele><time>2026-08-03T07:10:59.700Z</time></trkpt><trkpt lon="-1.56044" lat="52.23674"><ele>69.7</ele><time>2026-08-03T07:11:00.700Z</time></trkpt><trkpt lon="-1.560395" lat="52.23651"><ele>69.8</ele><time>2026-08-03T07:11:03.000Z</time></trkpt><trkpt lon="-1.56035" lat="52.23628"><ele>69.9</ele><time>2026-08-03T07:11:05.400Z</time></trkpt><trkpt lon="-1.5603333" lat="52.23609"><ele>70.0</ele><time>2026-08-03T07:11:07.300Z</time></trkpt><trkpt lon="-1.5603" lat="52.23571"><ele>70.7</ele><time>2026-08-03T07:11:11.600Z</time></trkpt><trkpt lon="-1.56031" lat="52.23542"><ele>71.0</ele><time>2026-08-03T07:11:14.700Z</time></trkpt><trkpt lon="-1.56034" lat="52.23526"><ele>71.3</ele><time>2026-08-03T07:11:16.500Z</time></trkpt><trkpt lon="-1.5604" lat="52.235055"><ele>71.7</ele><time>2026-08-03T07:11:18.900Z</time></trkpt><trkpt lon="-1.56046" lat="52.23485"><ele>72.0</ele><time>2026-08-03T07:11:21.200Z</time></trkpt><trkpt lon="-1.56052" lat="52.234645"><ele>72.2</ele><time>2026-08-03T07:11:23.500Z</time></trkpt><trkpt lon="-1.56058" lat="52.23444"><ele>72.5</ele><time>2026-08-03T07:11:25.700Z</time></trkpt><trkpt lon="-1.56064" lat="52.23415"><ele>72.9</ele><time>2026-08-03T07:11:28.900Z</time></trkpt><trkpt lon="-1.56064" lat="52.23407"><ele>73.0</ele><time>2026-08-03T07:11:29.800Z</time></trkpt><trkpt lon="-1.5606" lat="52.23391"><ele>73.2</ele><time>2026-08-03T07:11:31.500Z</time></trkpt><trkpt lon="-1.5605" lat="52.2337467"><ele>73.5</ele><time>2026-08-03T07:11:33.400Z</time></trkpt><trkpt lon="-1.5603" lat="52.23342"><ele>73.7</ele><time>2026-08-03T07:11:37.000Z</time></trkpt><trkpt lon="-1.56018" lat="52.2331833"><ele>73.6</ele><time>2026-08-03T07:11:39.400Z</time></trkpt><trkpt lon="-1.56006" lat="52.2329467"><ele>73.5</ele><time>2026-08-03T07:11:41.800Z</time></trkpt><trkpt lon="-1.55994" lat="52.23271"><ele>73.4</ele><time>2026-08-03T07:11:44.100Z</time></trkpt><trkpt lon="-1.55986" lat="52.23253"><ele>73.1</ele><time>2026-08-03T07:11:45.800Z</time></trkpt><trkpt lon="-1.55982" lat="52.23234"><ele>73.0</ele><time>2026-08-03T07:11:47.600Z</time></trkpt><trkpt lon="-1.55983" lat="52.23218"><ele>72.9</ele><time>2026-08-03T07:11:49.100Z</time></trkpt><trkpt lon="-1.55985" lat="52.23209"><ele>72.8</ele><time>2026-08-03T07:11:50.000Z</time></trkpt><trkpt lon="-1.5599167" lat="52.2318767"><ele>72.8</ele><time>2026-08-03T07:11:52.100Z</time></trkpt><trkpt lon="-1.5599834" lat="52.2316634"><ele>72.7</ele><time>2026-08-03T07:11:54.200Z</time></trkpt><trkpt lon="-1.56005" lat="52.23145"><ele>72.7</ele><time>2026-08-03T07:11:56.300Z</time></trkpt><trkpt lon="-1.56009" lat="52.23136"><ele>72.8</ele><time>2026-08-03T07:11:57.300Z</time></trkpt><trkpt lon="-1.56027" lat="52.2311"><ele>72.9</ele><time>2026-08-03T07:12:00.100Z</time></trkpt><trkpt lon="-1.56041" lat="52.23094"><ele>72.8</ele><time>2026-08-03T07:12:01.800Z</time></trkpt><trkpt lon="-1.56069" lat="52.23062"><ele>72.6</ele><time>2026-08-03T07:12:05.300Z</time></trkpt><trkpt lon="-1.5608333" lat="52.23046"><ele>72.7</ele><time>2026-08-03T07:12:07.100Z</time></trkpt><trkpt lon="-1.56112" lat="52.23014"><ele>73.0</ele><time>2026-08-03T07:12:10.900Z</time></trkpt><trkpt lon="-1.5612775" lat="52.22995"><ele>73.2</ele><time>2026-08-03T07:12:13.200Z</time></trkpt><trkpt lon="-1.561435" lat="52.22976"><ele>73.5</ele><time>2026-08-03T07:12:15.500Z</time></trkpt><trkpt lon="-1.5615925" lat="52.22957"><ele>73.7</ele><time>2026-08-03T07:12:17.800Z</time></trkpt><trkpt lon="-1.56175" lat="52.22938"><ele>74.0</ele><time>2026-08-03T07:12:20.100Z</time></trkpt><trkpt lon="-1.56189" lat="52.22923"><ele>73.9</ele><time>2026-08-03T07:12:21.700Z</time></trkpt><trkpt lon="-1.56209" lat="52.22906"><ele>73.7</ele><time>2026-08-03T07:12:23.700Z</time></trkpt><trkpt lon="-1.56239" lat="52.22881"><ele>73.0</ele><time>2026-08-03T07:12:26.300Z</time></trkpt><trkpt lon="-1.56253" lat="52.22867"><ele>72.5</ele><time>2026-08-03T07:12:27.700Z</time></trkpt><trkpt lon="-1.56265" lat="52.22854"><ele>72.0</ele><time>2026-08-03T07:12:28.900Z</time></trkpt><trkpt lon="-1.56279" lat="52.22833"><ele>70.8</ele><time>2026-08-03T07:12:30.600Z</time></trkpt><trkpt lon="-1.56292" lat="52.22807"><ele>68.8</ele><time>2026-08-03T07:12:32.500Z</time></trkpt><trkpt lon="-1.563065" lat="52.22782"><ele>66.7</ele><time>2026-08-03T07:12:34.300Z</time></trkpt><trkpt lon="-1.56321" lat="52.22757"><ele>65.4</ele><time>2026-08-03T07:12:36.300Z</time></trkpt><trkpt lon="-1.56327" lat="52.22744"><ele>65.2</ele><time>2026-08-03T07:12:37.500Z</time></trkpt><trkpt lon="-1.5633" lat="52.22728"><ele>65.3</ele><time>2026-08-03T07:12:39.200Z</time></trkpt><trkpt lon="-1.5633125" lat="52.22708"><ele>66.0</ele><time>2026-08-03T07:12:41.800Z</time></trkpt><trkpt lon="-1.563325" lat="52.22688"><ele>66.8</ele><time>2026-08-03T07:12:44.600Z</time></trkpt><trkpt lon="-1.5633375" lat="52.22668"><ele>67.2</ele><time>2026-08-03T07:12:46.900Z</time></trkpt><trkpt lon="-1.56335" lat="52.22648"><ele>67.5</ele><time>2026-08-03T07:12:49.100Z</time></trkpt><trkpt lon="-1.5634" lat="52.22616"><ele>67.2</ele><time>2026-08-03T07:12:52.000Z</time></trkpt><trkpt lon="-1.56344" lat="52.22601"><ele>67.0</ele><time>2026-08-03T07:12:53.400Z</time></trkpt><trkpt lon="-1.56356" lat="52.2257"><ele>66.5</ele><time>2026-08-03T07:12:56.300Z</time></trkpt><trkpt lon="-1.56364" lat="52.22556"><ele>66.1</ele><time>2026-08-03T07:12:57.500Z</time></trkpt><trkpt lon="-1.56377" lat="52.22536"><ele>65.5</ele><time>2026-08-03T07:12:59.300Z</time></trkpt><trkpt lon="-1.56394" lat="52.225155"><ele>64.9</ele><time>2026-08-03T07:13:01.300Z</time></trkpt><trkpt lon="-1.56411" lat="52.22495"><ele>64.5</ele><time>2026-08-03T07:13:03.300Z</time></trkpt><trkpt lon="-1.56429" lat="52.2247"><ele>64.6</ele><time>2026-08-03T07:13:06.100Z</time></trkpt><trkpt lon="-1.56442" lat="52.2244867"><ele>64.8</ele><time>2026-08-03T07:13:08.400Z</time></trkpt><trkpt lon="-1.56455" lat="52.2242733"><ele>65.0</ele><time>2026-08-03T07:13:10.900Z</time></trkpt><trkpt lon="-1.56468" lat="52.22406"><ele>65.6</ele><time>2026-08-03T07:13:13.600Z</time></trkpt><trkpt lon="-1.56485" lat="52.22386"><ele>66.3</ele><time>2026-08-03T07:13:16.400Z</time></trkpt><trkpt lon="-1.56497" lat="52.22373"><ele>66.8</ele><time>2026-08-03T07:13:18.300Z</time></trkpt><trkpt lon="-1.5651333" lat="52.2235733"><ele>67.5</ele><time>2026-08-03T07:13:20.700Z</time></trkpt><trkpt lon="-1.5652967" lat="52.2234167"><ele>68.1</ele><time>2026-08-03T07:13:23.100Z</time></trkpt><trkpt lon="-1.56546" lat="52.22326"><ele>68.6</ele><time>2026-08-03T07:13:25.400Z</time></trkpt><trkpt lon="-1.5657" lat="52.22307"><ele>68.9</ele><time>2026-08-03T07:13:27.900Z</time></trkpt><trkpt lon="-1.5658967" lat="52.22292"><ele>68.7</ele><time>2026-08-03T07:13:29.700Z</time></trkpt><trkpt lon="-1.56629" lat="52.22262"><ele>67.5</ele><time>2026-08-03T07:13:32.900Z</time></trkpt><trkpt lon="-1.56658" lat="52.22237"><ele>66.0</ele><time>2026-08-03T07:13:35.200Z</time></trkpt><trkpt lon="-1.56677" lat="52.22219"><ele>65.0</ele><time>2026-08-03T07:13:36.800Z</time></trkpt><trkpt lon="-1.56696" lat="52.22198"><ele>63.8</ele><time>2026-08-03T07:13:38.600Z</time></trkpt><trkpt lon="-1.56722" lat="52.22163"><ele>62.0</ele><time>2026-08-03T07:13:41.500Z</time></trkpt><trkpt lon="-1.56732" lat="52.22141"><ele>61.3</ele><time>2026-08-03T07:13:43.300Z</time></trkpt><trkpt lon="-1.56737" lat="52.22124"><ele>61.1</ele><time>2026-08-03T07:13:44.900Z</time></trkpt><trkpt lon="-1.56739" lat="52.22113"><ele>61.0</ele><time>2026-08-03T07:13:46.000Z</time></trkpt><trkpt lon="-1.5674" lat="52.22097"><ele>61.2</ele><time>2026-08-03T07:13:47.700Z</time></trkpt><trkpt lon="-1.5674" lat="52.220745"><ele>61.6</ele><time>2026-08-03T07:13:50.200Z</time></trkpt><trkpt lon="-1.5674" lat="52.22052"><ele>61.8</ele><time>2026-08-03T07:13:52.600Z</time></trkpt><trkpt lon="-1.56738" lat="52.2202633"><ele>61.1</ele><time>2026-08-03T07:13:54.700Z</time></trkpt><trkpt lon="-1.56736" lat="52.2200067"><ele>59.8</ele><time>2026-08-03T07:13:56.600Z</time></trkpt><trkpt lon="-1.56734" lat="52.21975"><ele>58.0</ele><time>2026-08-03T07:13:58.400Z</time></trkpt><trkpt lon="-1.56736" lat="52.21945"><ele>56.1</ele><time>2026-08-03T07:14:00.600Z</time></trkpt><trkpt lon="-1.56744" lat="52.2191"><ele>54.5</ele><time>2026-08-03T07:14:03.200Z</time></trkpt><trkpt lon="-1.5674933" lat="52.21892"><ele>54.0</ele><time>2026-08-03T07:14:04.800Z</time></trkpt><trkpt lon="-1.5676" lat="52.21856"><ele>53.5</ele><time>2026-08-03T07:14:08.100Z</time></trkpt><trkpt lon="-1.56769" lat="52.21837"><ele>53.6</ele><time>2026-08-03T07:14:10.100Z</time></trkpt><trkpt lon="-1.56775" lat="52.21824"><ele>53.4</ele><time>2026-08-03T07:14:11.300Z</time></trkpt><trkpt lon="-1.5678767" lat="52.21806"><ele>53.1</ele><time>2026-08-03T07:14:13.100Z</time></trkpt><trkpt lon="-1.56813" lat="52.2177"><ele>52.9</ele><time>2026-08-03T07:14:16.800Z</time></trkpt><trkpt lon="-1.5682" lat="52.21755"><ele>52.8</ele><time>2026-08-03T07:14:18.200Z</time></trkpt><trkpt lon="-1.56828" lat="52.21735"><ele>52.7</ele><time>2026-08-03T07:14:20.200Z</time></trkpt><trkpt lon="-1.56832" lat="52.217"><ele>53.0</ele><time>2026-08-03T07:14:23.800Z</time></trkpt><trkpt lon="-1.56833" lat="52.21672"><ele>53.2</ele><time>2026-08-03T07:14:26.800Z</time></trkpt><trkpt lon="-1.5683233" lat="52.2165067"><ele>53.7</ele><time>2026-08-03T07:14:29.300Z</time></trkpt><trkpt lon="-1.5683167" lat="52.2162933"><ele>54.6</ele><time>2026-08-03T07:14:32.300Z</time></trkpt><trkpt lon="-1.56831" lat="52.21608"><ele>55.8</ele><time>2026-08-03T07:14:35.800Z</time></trkpt><trkpt lon="-1.5683075" lat="52.21592"><ele>56.9</ele><time>2026-08-03T07:14:38.600Z</time></trkpt><trkpt lon="-1.568305" lat="52.21576"><ele>57.9</ele><time>2026-08-03T07:14:41.400Z</time></trkpt><trkpt lon="-1.5683" lat="52.21544"><ele>60.0</ele><time>2026-08-03T07:14:47.000Z</time></trkpt><trkpt lon="-1.5683" lat="52.21522"><ele>61.9</ele><time>2026-08-03T07:14:51.600Z</time></trkpt><trkpt lon="-1.56831" lat="52.2151"><ele>62.9</ele><time>2026-08-03T07:14:54.000Z</time></trkpt><trkpt lon="-1.56834" lat="52.21498"><ele>63.9</ele><time>2026-08-03T07:14:56.400Z</time></trkpt><trkpt lon="-1.56844" lat="52.21471"><ele>65.6</ele><time>2026-08-03T07:15:01.200Z</time></trkpt><trkpt lon="-1.56851" lat="52.21456"><ele>66.2</ele><time>2026-08-03T07:15:03.300Z</time></trkpt><trkpt lon="-1.56861" lat="52.21441"><ele>66.4</ele><time>2026-08-03T07:15:05.100Z</time></trkpt><trkpt lon="-1.56889" lat="52.21406"><ele>65.6</ele><time>2026-08-03T07:15:08.500Z</time></trkpt><trkpt lon="-1.56914" lat="52.21372"><ele>64.8</ele><time>2026-08-03T07:15:11.700Z</time></trkpt><trkpt lon="-1.56922" lat="52.2136"><ele>64.7</ele><time>2026-08-03T07:15:12.900Z</time></trkpt><trkpt lon="-1.56925" lat="52.21352"><ele>64.8</ele><time>2026-08-03T07:15:13.700Z</time></trkpt><trkpt lon="-1.56927" lat="52.21344"><ele>64.8</ele><time>2026-08-03T07:15:14.600Z</time></trkpt><trkpt lon="-1.56927" lat="52.21331"><ele>65.0</ele><time>2026-08-03T07:15:16.000Z</time></trkpt><trkpt lon="-1.56923" lat="52.213055"><ele>65.7</ele><time>2026-08-03T07:15:19.100Z</time></trkpt><trkpt lon="-1.56919" lat="52.2128"><ele>66.1</ele><time>2026-08-03T07:15:21.900Z</time></trkpt><trkpt lon="-1.56919" lat="52.21265"><ele>66.5</ele><time>2026-08-03T07:15:23.700Z</time></trkpt><trkpt lon="-1.56923" lat="52.21252"><ele>66.8</ele><time>2026-08-03T07:15:25.300Z</time></trkpt><trkpt lon="-1.5693533" lat="52.2123467"><ele>67.2</ele><time>2026-08-03T07:15:27.400Z</time></trkpt><trkpt lon="-1.5696" lat="52.212"><ele>67.5</ele><time>2026-08-03T07:15:31.400Z</time></trkpt><trkpt lon="-1.56963" lat="52.21192"><ele>67.6</ele><time>2026-08-03T07:15:32.300Z</time></trkpt><trkpt lon="-1.56967" lat="52.21169"><ele>68.0</ele><time>2026-08-03T07:15:34.900Z</time></trkpt><trkpt lon="-1.56969" lat="52.21164"><ele>68.1</ele><time>2026-08-03T07:15:35.400Z</time></trkpt><trkpt lon="-1.56987" lat="52.21142"><ele>68.2</ele><time>2026-08-03T07:15:38.000Z</time></trkpt><trkpt lon="-1.57001" lat="52.2113"><ele>68.5</ele><time>2026-08-03T07:15:39.600Z</time></trkpt><trkpt lon="-1.57023" lat="52.21113"><ele>68.5</ele><time>2026-08-03T07:15:41.800Z</time></trkpt><trkpt lon="-1.57058" lat="52.21091"><ele>68.6</ele><time>2026-08-03T07:15:44.800Z</time></trkpt><trkpt lon="-1.57079" lat="52.2107767"><ele>68.5</ele><time>2026-08-03T07:15:46.600Z</time></trkpt><trkpt lon="-1.57121" lat="52.21051"><ele>68.4</ele><time>2026-08-03T07:15:50.100Z</time></trkpt><trkpt lon="-1.5714233" lat="52.2103767"><ele>68.2</ele><time>2026-08-03T07:15:51.900Z</time></trkpt><trkpt lon="-1.57185" lat="52.21011"><ele>67.7</ele><time>2026-08-03T07:15:55.200Z</time></trkpt><trkpt lon="-1.572115" lat="52.209945"><ele>67.0</ele><time>2026-08-03T07:15:57.200Z</time></trkpt><trkpt lon="-1.57238" lat="52.20978"><ele>65.9</ele><time>2026-08-03T07:15:58.900Z</time></trkpt><trkpt lon="-1.57248" lat="52.20972"><ele>65.4</ele><time>2026-08-03T07:15:59.500Z</time></trkpt><trkpt lon="-1.57281" lat="52.20957"><ele>63.2</ele><time>2026-08-03T07:16:01.300Z</time></trkpt><trkpt lon="-1.573175" lat="52.20944"><ele>60.8</ele><time>2026-08-03T07:16:03.100Z</time></trkpt><trkpt lon="-1.57354" lat="52.20931"><ele>58.6</ele><time>2026-08-03T07:16:04.800Z</time></trkpt><trkpt lon="-1.57391" lat="52.209185"><ele>56.9</ele><time>2026-08-03T07:16:06.700Z</time></trkpt><trkpt lon="-1.57428" lat="52.20906"><ele>55.9</ele><time>2026-08-03T07:16:08.700Z</time></trkpt><trkpt lon="-1.5745467" lat="52.20895"><ele>56.4</ele><time>2026-08-03T07:16:11.100Z</time></trkpt><trkpt lon="-1.5748134" lat="52.20884"><ele>56.8</ele><time>2026-08-03T07:16:13.300Z</time></trkpt><trkpt lon="-1.57508" lat="52.20873"><ele>57.2</ele><time>2026-08-03T07:16:15.600Z</time></trkpt><trkpt lon="-1.57535" lat="52.2086233"><ele>58.3</ele><time>2026-08-03T07:16:18.800Z</time></trkpt><trkpt lon="-1.57562" lat="52.2085167"><ele>59.6</ele><time>2026-08-03T07:16:22.300Z</time></trkpt><trkpt lon="-1.57589" lat="52.20841"><ele>61.0</ele><time>2026-08-03T07:16:25.900Z</time></trkpt><trkpt lon="-1.57614" lat="52.2083167"><ele>62.4</ele><time>2026-08-03T07:16:29.300Z</time></trkpt><trkpt lon="-1.57639" lat="52.2082234"><ele>63.5</ele><time>2026-08-03T07:16:32.500Z</time></trkpt><trkpt lon="-1.57664" lat="52.20813"><ele>64.6</ele><time>2026-08-03T07:16:35.500Z</time></trkpt><trkpt lon="-1.57689" lat="52.2080333"><ele>65.1</ele><time>2026-08-03T07:16:37.700Z</time></trkpt><trkpt lon="-1.57739" lat="52.20784"><ele>64.8</ele><time>2026-08-03T07:16:41.100Z</time></trkpt><trkpt lon="-1.57762" lat="52.20774"><ele>64.4</ele><time>2026-08-03T07:16:42.600Z</time></trkpt><trkpt lon="-1.57788" lat="52.2076"><ele>63.9</ele><time>2026-08-03T07:16:44.400Z</time></trkpt><trkpt lon="-1.57826" lat="52.20733"><ele>63.4</ele><time>2026-08-03T07:16:47.600Z</time></trkpt><trkpt lon="-1.57845" lat="52.20716"><ele>63.3</ele><time>2026-08-03T07:16:49.500Z</time></trkpt><trkpt lon="-1.5786425" lat="52.2069825"><ele>63.1</ele><time>2026-08-03T07:16:51.500Z</time></trkpt><trkpt lon="-1.578835" lat="52.206805"><ele>63.0</ele><time>2026-08-03T07:16:53.500Z</time></trkpt><trkpt lon="-1.5790275" lat="52.2066275"><ele>62.8</ele><time>2026-08-03T07:16:55.500Z</time></trkpt><trkpt lon="-1.57922" lat="52.20645"><ele>62.6</ele><time>2026-08-03T07:16:57.500Z</time></trkpt><trkpt lon="-1.57939" lat="52.2062767"><ele>62.4</ele><time>2026-08-03T07:16:59.400Z</time></trkpt><trkpt lon="-1.57973" lat="52.20593"><ele>61.7</ele><time>2026-08-03T07:17:03.000Z</time></trkpt><trkpt lon="-1.58006" lat="52.20564"><ele>60.9</ele><time>2026-08-03T07:17:06.000Z</time></trkpt><trkpt lon="-1.5803033" lat="52.2054533"><ele>60.2</ele><time>2026-08-03T07:17:08.000Z</time></trkpt><trkpt lon="-1.5805467" lat="52.2052667"><ele>59.7</ele><time>2026-08-03T07:17:10.100Z</time></trkpt><trkpt lon="-1.58079" lat="52.20508"><ele>59.5</ele><time>2026-08-03T07:17:12.300Z</time></trkpt><trkpt lon="-1.5810367" lat="52.2048933"><ele>59.7</ele><time>2026-08-03T07:17:14.800Z</time></trkpt><trkpt lon="-1.5812833" lat="52.2047067"><ele>60.0</ele><time>2026-08-03T07:17:17.400Z</time></trkpt><trkpt lon="-1.58153" lat="52.20452"><ele>60.5</ele><time>2026-08-03T07:17:20.200Z</time></trkpt><trkpt lon="-1.5818133" lat="52.2043267"><ele>61.0</ele><time>2026-08-03T07:17:23.100Z</time></trkpt><trkpt lon="-1.5820967" lat="52.2041333"><ele>61.3</ele><time>2026-08-03T07:17:25.900Z</time></trkpt><trkpt lon="-1.58238" lat="52.20394"><ele>61.1</ele><time>2026-08-03T07:17:28.300Z</time></trkpt><trkpt lon="-1.58266" lat="52.203725"><ele>60.3</ele><time>2026-08-03T07:17:30.600Z</time></trkpt><trkpt lon="-1.58294" lat="52.20351"><ele>59.0</ele><time>2026-08-03T07:17:32.700Z</time></trkpt><trkpt lon="-1.583185" lat="52.203295"><ele>57.7</ele><time>2026-08-03T07:17:34.600Z</time></trkpt><trkpt lon="-1.58343" lat="52.20308"><ele>56.1</ele><time>2026-08-03T07:17:36.500Z</time></trkpt><trkpt lon="-1.583665" lat="52.202865"><ele>54.5</ele><time>2026-08-03T07:17:38.400Z</time></trkpt><trkpt lon="-1.5839" lat="52.20265"><ele>53.1</ele><time>2026-08-03T07:17:40.200Z</time></trkpt><trkpt lon="-1.58414" lat="52.20243"><ele>52.0</ele><time>2026-08-03T07:17:42.300Z</time></trkpt><trkpt lon="-1.58438" lat="52.20221"><ele>51.3</ele><time>2026-08-03T07:17:44.500Z</time></trkpt><trkpt lon="-1.58471" lat="52.20191"><ele>50.5</ele><time>2026-08-03T07:17:47.700Z</time></trkpt><trkpt lon="-1.58492" lat="52.2017375"><ele>50.2</ele><time>2026-08-03T07:17:49.600Z</time></trkpt><trkpt lon="-1.58513" lat="52.201565"><ele>50.0</ele><time>2026-08-03T07:17:51.600Z</time></trkpt><trkpt lon="-1.58534" lat="52.2013925"><ele>49.7</ele><time>2026-08-03T07:17:53.600Z</time></trkpt><trkpt lon="-1.58555" lat="52.20122"><ele>49.5</ele><time>2026-08-03T07:17:55.500Z</time></trkpt><trkpt lon="-1.58576" lat="52.201035"><ele>49.0</ele><time>2026-08-03T07:17:57.500Z</time></trkpt><trkpt lon="-1.58597" lat="52.20085"><ele>48.7</ele><time>2026-08-03T07:17:59.500Z</time></trkpt><trkpt lon="-1.58606" lat="52.20078"><ele>48.6</ele><time>2026-08-03T07:18:00.400Z</time></trkpt><trkpt lon="-1.58618" lat="52.20068"><ele>48.5</ele><time>2026-08-03T07:18:01.500Z</time></trkpt><trkpt lon="-1.58643" lat="52.20053"><ele>48.4</ele><time>2026-08-03T07:18:03.600Z</time></trkpt><trkpt lon="-1.58681" lat="52.20035"><ele>48.4</ele><time>2026-08-03T07:18:06.400Z</time></trkpt><trkpt lon="-1.58705" lat="52.20021"><ele>48.3</ele><time>2026-08-03T07:18:08.400Z</time></trkpt><trkpt lon="-1.58738" lat="52.19998"><ele>48.0</ele><time>2026-08-03T07:18:11.200Z</time></trkpt><trkpt lon="-1.5875975" lat="52.19981"><ele>47.9</ele><time>2026-08-03T07:18:13.300Z</time></trkpt><trkpt lon="-1.587815" lat="52.19964"><ele>47.9</ele><time>2026-08-03T07:18:15.400Z</time></trkpt><trkpt lon="-1.5880325" lat="52.19947"><ele>48.0</ele><time>2026-08-03T07:18:17.500Z</time></trkpt><trkpt lon="-1.58825" lat="52.1993"><ele>48.0</ele><time>2026-08-03T07:18:19.600Z</time></trkpt><trkpt lon="-1.588485" lat="52.199130049275"><ele>48.0</ele><time>2026-08-03T07:18:21.800Z</time></trkpt><trkpt lon="-1.58872" lat="52.19896"><ele>48.0</ele><time>2026-08-03T07:18:24.000Z</time></trkpt><trkpt lon="-1.58896" lat="52.198785"><ele>48.1</ele><time>2026-08-03T07:18:26.300Z</time></trkpt><trkpt lon="-1.5892" lat="52.19861"><ele>48.2</ele><time>2026-08-03T07:18:28.600Z</time></trkpt><trkpt lon="-1.58935" lat="52.19849"><ele>48.2</ele><time>2026-08-03T07:18:30.100Z</time></trkpt><trkpt lon="-1.58945" lat="52.19838"><ele>48.2</ele><time>2026-08-03T07:18:31.300Z</time></trkpt><trkpt lon="-1.58953" lat="52.19831"><ele>48.2</ele><time>2026-08-03T07:18:32.200Z</time></trkpt><trkpt lon="-1.58965" lat="52.19816"><ele>48.3</ele><time>2026-08-03T07:18:33.800Z</time></trkpt><trkpt lon="-1.58979" lat="52.19795"><ele>48.3</ele><time>2026-08-03T07:18:36.100Z</time></trkpt><trkpt lon="-1.58993" lat="52.19769"><ele>48.3</ele><time>2026-08-03T07:18:38.800Z</time></trkpt><trkpt lon="-1.59" lat="52.19758"><ele>48.3</ele><time>2026-08-03T07:18:39.900Z</time></trkpt><trkpt lon="-1.59006" lat="52.19752"><ele>48.3</ele><time>2026-08-03T07:18:40.600Z</time></trkpt><trkpt lon="-1.59024" lat="52.19737"><ele>48.4</ele><time>2026-08-03T07:18:42.500Z</time></trkpt><trkpt lon="-1.5906" lat="52.19707"><ele>48.4</ele><time>2026-08-03T07:18:46.100Z</time></trkpt><trkpt lon="-1.5907767" lat="52.1969167"><ele>48.4</ele><time>2026-08-03T07:18:48.000Z</time></trkpt><trkpt lon="-1.59113" lat="52.19661"><ele>48.5</ele><time>2026-08-03T07:18:51.700Z</time></trkpt><trkpt lon="-1.59142" lat="52.19638"><ele>48.6</ele><time>2026-08-03T07:18:54.600Z</time></trkpt><trkpt lon="-1.59118" lat="52.1962367"><ele>48.6</ele><time>2026-08-03T07:18:56.700Z</time></trkpt><trkpt lon="-1.59094" lat="52.1960934"><ele>48.7</ele><time>2026-08-03T07:18:58.700Z</time></trkpt><trkpt lon="-1.5907" lat="52.19595"><ele>48.7</ele><time>2026-08-03T07:19:00.700Z</time></trkpt><trkpt lon="-1.59046" lat="52.1958067"><ele>48.8</ele><time>2026-08-03T07:19:02.800Z</time></trkpt><trkpt lon="-1.59022" lat="52.1956634"><ele>48.8</ele><time>2026-08-03T07:19:04.900Z</time></trkpt><trkpt lon="-1.58998" lat="52.19552"><ele>48.9</ele><time>2026-08-03T07:19:06.900Z</time></trkpt><trkpt lon="-1.589685" lat="52.19534"><ele>49.0</ele><time>2026-08-03T07:19:09.500Z</time></trkpt><trkpt lon="-1.58939" lat="52.19516"><ele>49.2</ele><time>2026-08-03T07:19:12.200Z</time></trkpt><trkpt lon="-1.589095" lat="52.19498"><ele>49.3</ele><time>2026-08-03T07:19:14.700Z</time></trkpt><trkpt lon="-1.5888" lat="52.1948"><ele>49.4</ele><time>2026-08-03T07:19:17.300Z</time></trkpt><trkpt lon="-1.5885667" lat="52.1946533"><ele>49.5</ele><time>2026-08-03T07:19:19.400Z</time></trkpt><trkpt lon="-1.5883333" lat="52.1945067"><ele>49.5</ele><time>2026-08-03T07:19:21.400Z</time></trkpt><trkpt lon="-1.5881" lat="52.19436"><ele>49.6</ele><time>2026-08-03T07:19:23.500Z</time></trkpt><trkpt lon="-1.58785" lat="52.19419"><ele>49.7</ele><time>2026-08-03T07:19:25.800Z</time></trkpt><trkpt lon="-1.58762" lat="52.19401"><ele>49.8</ele><time>2026-08-03T07:19:28.100Z</time></trkpt><trkpt lon="-1.58739" lat="52.19383"><ele>49.9</ele><time>2026-08-03T07:19:30.400Z</time></trkpt><trkpt lon="-1.58721" lat="52.19366"><ele>50.1</ele><time>2026-08-03T07:19:32.600Z</time></trkpt><trkpt lon="-1.58716" lat="52.19358"><ele>50.2</ele><time>2026-08-03T07:19:33.500Z</time></trkpt><trkpt lon="-1.58712" lat="52.19347"><ele>50.3</ele><time>2026-08-03T07:19:34.600Z</time></trkpt><trkpt lon="-1.58709" lat="52.1932367"><ele>50.3</ele><time>2026-08-03T07:19:37.000Z</time></trkpt><trkpt lon="-1.58706" lat="52.1930033"><ele>50.4</ele><time>2026-08-03T07:19:39.300Z</time></trkpt><trkpt lon="-1.58703" lat="52.19277"><ele>50.6</ele><time>2026-08-03T07:19:41.800Z</time></trkpt><trkpt lon="-1.5869" lat="52.19246"><ele>50.6</ele><time>2026-08-03T07:19:44.900Z</time></trkpt><trkpt lon="-1.586775" lat="52.19227"><ele>50.5</ele><time>2026-08-03T07:19:46.900Z</time></trkpt><trkpt lon="-1.58665" lat="52.19208"><ele>50.5</ele><time>2026-08-03T07:19:48.900Z</time></trkpt><trkpt lon="-1.58651" lat="52.191895"><ele>50.5</ele><time>2026-08-03T07:19:50.800Z</time></trkpt><trkpt lon="-1.58637" lat="52.19171"><ele>50.6</ele><time>2026-08-03T07:19:52.900Z</time></trkpt><trkpt lon="-1.586165" lat="52.191485"><ele>50.7</ele><time>2026-08-03T07:19:55.500Z</time></trkpt><trkpt lon="-1.58596" lat="52.19126"><ele>51.1</ele><time>2026-08-03T07:19:58.300Z</time></trkpt><trkpt lon="-1.58561" lat="52.19096"><ele>51.0</ele><time>2026-08-03T07:20:01.900Z</time></trkpt><trkpt lon="-1.58537" lat="52.19077"><ele>51.1</ele><time>2026-08-03T07:20:04.300Z</time></trkpt><trkpt lon="-1.58513" lat="52.19058"><ele>51.3</ele><time>2026-08-03T07:20:06.800Z</time></trkpt><trkpt lon="-1.5849" lat="52.19042"><ele>51.4</ele><time>2026-08-03T07:20:09.000Z</time></trkpt><trkpt lon="-1.58467" lat="52.19026"><ele>51.5</ele><time>2026-08-03T07:20:11.200Z</time></trkpt><trkpt lon="-1.584405" lat="52.190055"><ele>51.6</ele><time>2026-08-03T07:20:13.800Z</time></trkpt><trkpt lon="-1.58414" lat="52.18985"><ele>51.7</ele><time>2026-08-03T07:20:16.400Z</time></trkpt><trkpt lon="-1.58392" lat="52.18965"><ele>51.8</ele><time>2026-08-03T07:20:18.900Z</time></trkpt><trkpt lon="-1.5837" lat="52.18945"><ele>51.9</ele><time>2026-08-03T07:20:21.300Z</time></trkpt><trkpt lon="-1.5835467" lat="52.18929"><ele>51.9</ele><time>2026-08-03T07:20:23.100Z</time></trkpt><trkpt lon="-1.58324" lat="52.18897"><ele>52.2</ele><time>2026-08-03T07:20:27.000Z</time></trkpt><trkpt lon="-1.5830867" lat="52.1888133"><ele>52.3</ele><time>2026-08-03T07:20:28.900Z</time></trkpt><trkpt lon="-1.58278" lat="52.1885"><ele>52.5</ele><time>2026-08-03T07:20:32.600Z</time></trkpt><trkpt lon="-1.582555" lat="52.188295"><ele>52.6</ele><time>2026-08-03T07:20:35.100Z</time></trkpt><trkpt lon="-1.58233" lat="52.18809"><ele>52.8</ele><time>2026-08-03T07:20:37.700Z</time></trkpt><trkpt lon="-1.58198" lat="52.18782"><ele>53.1</ele><time>2026-08-03T07:20:41.300Z</time></trkpt><trkpt lon="-1.58176" lat="52.18768"><ele>53.4</ele><time>2026-08-03T07:20:43.500Z</time></trkpt><trkpt lon="-1.58149" lat="52.187545"><ele>53.6</ele><time>2026-08-03T07:20:45.700Z</time></trkpt><trkpt lon="-1.58122" lat="52.18741"><ele>53.8</ele><time>2026-08-03T07:20:48.000Z</time></trkpt><trkpt lon="-1.5808933" lat="52.1872767"><ele>53.8</ele><time>2026-08-03T07:20:50.300Z</time></trkpt><trkpt lon="-1.5805667" lat="52.1871433"><ele>53.7</ele><time>2026-08-03T07:20:52.600Z</time></trkpt><trkpt lon="-1.58024" lat="52.18701"><ele>53.7</ele><time>2026-08-03T07:20:55.000Z</time></trkpt><trkpt lon="-1.57989" lat="52.18685"><ele>53.7</ele><time>2026-08-03T07:20:57.600Z</time></trkpt><trkpt lon="-1.57949" lat="52.18659"><ele>53.8</ele><time>2026-08-03T07:21:01.200Z</time></trkpt><trkpt lon="-1.57938" lat="52.18647"><ele>53.9</ele><time>2026-08-03T07:21:02.600Z</time></trkpt><trkpt lon="-1.57925" lat="52.18627"><ele>54.0</ele><time>2026-08-03T07:21:04.700Z</time></trkpt><trkpt lon="-1.57913" lat="52.18607"><ele>54.0</ele><time>2026-08-03T07:21:06.900Z</time></trkpt><trkpt lon="-1.57901" lat="52.18587"><ele>54.2</ele><time>2026-08-03T07:21:09.100Z</time></trkpt><trkpt lon="-1.57888" lat="52.18569"><ele>54.4</ele><time>2026-08-03T07:21:11.200Z</time></trkpt><trkpt lon="-1.57876" lat="52.18557"><ele>54.6</ele><time>2026-08-03T07:21:12.700Z</time></trkpt><trkpt lon="-1.5785967" lat="52.1854267"><ele>54.7</ele><time>2026-08-03T07:21:14.600Z</time></trkpt><trkpt lon="-1.57827" lat="52.18514"><ele>55.0</ele><time>2026-08-03T07:21:18.200Z</time></trkpt><trkpt lon="-1.5780333" lat="52.1849433"><ele>55.3</ele><time>2026-08-03T07:21:20.900Z</time></trkpt><trkpt lon="-1.5777967" lat="52.1847467"><ele>55.5</ele><time>2026-08-03T07:21:23.400Z</time></trkpt><trkpt lon="-1.57756" lat="52.18455"><ele>55.7</ele><time>2026-08-03T07:21:26.000Z</time></trkpt><trkpt lon="-1.57724" lat="52.18429"><ele>56.0</ele><time>2026-08-03T07:21:29.400Z</time></trkpt><trkpt lon="-1.5770333" lat="52.1841333"><ele>56.3</ele><time>2026-08-03T07:21:31.700Z</time></trkpt><trkpt lon="-1.5768266" lat="52.1839767"><ele>56.6</ele><time>2026-08-03T07:21:33.800Z</time></trkpt><trkpt lon="-1.57662" lat="52.18382"><ele>56.8</ele><time>2026-08-03T07:21:36.000Z</time></trkpt><trkpt lon="-1.5764133" lat="52.1836633"><ele>57.1</ele><time>2026-08-03T07:21:38.300Z</time></trkpt><trkpt lon="-1.5762066" lat="52.1835067"><ele>57.6</ele><time>2026-08-03T07:21:40.600Z</time></trkpt><trkpt lon="-1.576" lat="52.18335"><ele>58.0</ele><time>2026-08-03T07:21:42.900Z</time></trkpt><trkpt lon="-1.5757933" lat="52.1831967"><ele>58.5</ele><time>2026-08-03T07:21:45.300Z</time></trkpt><trkpt lon="-1.5755866" lat="52.1830434"><ele>59.0</ele><time>2026-08-03T07:21:47.600Z</time></trkpt><trkpt lon="-1.57538" lat="52.18289"><ele>59.4</ele><time>2026-08-03T07:21:49.900Z</time></trkpt><trkpt lon="-1.5751825" lat="52.182735"><ele>60.0</ele><time>2026-08-03T07:21:52.300Z</time></trkpt><trkpt lon="-1.574985" lat="52.18258"><ele>60.5</ele><time>2026-08-03T07:21:54.700Z</time></trkpt><trkpt lon="-1.5747875" lat="52.182425"><ele>60.9</ele><time>2026-08-03T07:21:57.000Z</time></trkpt><trkpt lon="-1.57459" lat="52.18227"><ele>61.4</ele><time>2026-08-03T07:21:59.300Z</time></trkpt><trkpt lon="-1.574395" lat="52.182115"><ele>61.8</ele><time>2026-08-03T07:22:01.500Z</time></trkpt><trkpt lon="-1.5742" lat="52.18196"><ele>62.1</ele><time>2026-08-03T07:22:03.700Z</time></trkpt><trkpt lon="-1.574005" lat="52.181805"><ele>62.5</ele><time>2026-08-03T07:22:05.900Z</time></trkpt><trkpt lon="-1.57381" lat="52.18165"><ele>62.8</ele><time>2026-08-03T07:22:08.100Z</time></trkpt><trkpt lon="-1.57363" lat="52.1814933"><ele>63.2</ele><time>2026-08-03T07:22:10.300Z</time></trkpt><trkpt lon="-1.57345" lat="52.1813367"><ele>63.6</ele><time>2026-08-03T07:22:12.500Z</time></trkpt><trkpt lon="-1.57327" lat="52.18118"><ele>64.0</ele><time>2026-08-03T07:22:14.700Z</time></trkpt><trkpt lon="-1.57309" lat="52.1810267"><ele>64.3</ele><time>2026-08-03T07:22:16.800Z</time></trkpt><trkpt lon="-1.57291" lat="52.1808733"><ele>64.7</ele><time>2026-08-03T07:22:18.900Z</time></trkpt><trkpt lon="-1.57273" lat="52.18072"><ele>65.1</ele><time>2026-08-03T07:22:21.100Z</time></trkpt><trkpt lon="-1.57248" lat="52.18053"><ele>65.7</ele><time>2026-08-03T07:22:24.000Z</time></trkpt><trkpt lon="-1.57225" lat="52.180395"><ele>66.2</ele><time>2026-08-03T07:22:26.300Z</time></trkpt><trkpt lon="-1.57202" lat="52.18026"><ele>66.9</ele><time>2026-08-03T07:22:28.800Z</time></trkpt><trkpt lon="-1.571805" lat="52.180145"><ele>67.9</ele><time>2026-08-03T07:22:31.800Z</time></trkpt><trkpt lon="-1.57159" lat="52.18003"><ele>69.4</ele><time>2026-08-03T07:22:35.300Z</time></trkpt><trkpt lon="-1.5713675" lat="52.1799075"><ele>71.2</ele><time>2026-08-03T07:22:39.600Z</time></trkpt><trkpt lon="-1.571145" lat="52.179785"><ele>73.4</ele><time>2026-08-03T07:22:44.300Z</time></trkpt><trkpt lon="-1.5709225" lat="52.1796625"><ele>75.6</ele><time>2026-08-03T07:22:49.000Z</time></trkpt><trkpt lon="-1.5707" lat="52.17954"><ele>77.6</ele><time>2026-08-03T07:22:53.400Z</time></trkpt><trkpt lon="-1.57048" lat="52.179415"><ele>79.3</ele><time>2026-08-03T07:22:57.500Z</time></trkpt><trkpt lon="-1.57026" lat="52.17929"><ele>81.0</ele><time>2026-08-03T07:23:01.600Z</time></trkpt><trkpt lon="-1.57004" lat="52.179165"><ele>82.7</ele><time>2026-08-03T07:23:05.500Z</time></trkpt><trkpt lon="-1.56982" lat="52.17904"><ele>84.3</ele><time>2026-08-03T07:23:09.500Z</time></trkpt><trkpt lon="-1.5696" lat="52.1789175"><ele>86.0</ele><time>2026-08-03T07:23:13.500Z</time></trkpt><trkpt lon="-1.56938" lat="52.178795"><ele>87.8</ele><time>2026-08-03T07:23:17.700Z</time></trkpt><trkpt lon="-1.56916" lat="52.1786725"><ele>89.5</ele><time>2026-08-03T07:23:21.800Z</time></trkpt><trkpt lon="-1.56894" lat="52.17855"><ele>91.3</ele><time>2026-08-03T07:23:25.900Z</time></trkpt><trkpt lon="-1.56872" lat="52.1784467"><ele>92.8</ele><time>2026-08-03T07:23:29.500Z</time></trkpt><trkpt lon="-1.5685" lat="52.1783434"><ele>94.4</ele><time>2026-08-03T07:23:33.200Z</time></trkpt><trkpt lon="-1.56828" lat="52.17824"><ele>95.9</ele><time>2026-08-03T07:23:36.900Z</time></trkpt><trkpt lon="-1.568055" lat="52.17815"><ele>97.4</ele><time>2026-08-03T07:23:40.500Z</time></trkpt><trkpt lon="-1.56783" lat="52.17806"><ele>99.0</ele><time>2026-08-03T07:23:44.300Z</time></trkpt><trkpt lon="-1.567605" lat="52.17797"><ele>100.6</ele><time>2026-08-03T07:23:48.000Z</time></trkpt><trkpt lon="-1.56738" lat="52.17788"><ele>102.2</ele><time>2026-08-03T07:23:51.700Z</time></trkpt><trkpt lon="-1.5670767" lat="52.17776"><ele>104.3</ele><time>2026-08-03T07:23:56.600Z</time></trkpt><trkpt lon="-1.5667733" lat="52.17764"><ele>106.2</ele><time>2026-08-03T07:24:01.300Z</time></trkpt><trkpt lon="-1.56647" lat="52.17752"><ele>107.8</ele><time>2026-08-03T07:24:05.500Z</time></trkpt><trkpt lon="-1.56612" lat="52.1774067"><ele>109.1</ele><time>2026-08-03T07:24:09.200Z</time></trkpt><trkpt lon="-1.56577" lat="52.1772933"><ele>109.9</ele><time>2026-08-03T07:24:12.300Z</time></trkpt><trkpt lon="-1.56542" lat="52.17718"><ele>110.4</ele><time>2026-08-03T07:24:15.100Z</time></trkpt><trkpt lon="-1.5651025" lat="52.17709"><ele>110.7</ele><time>2026-08-03T07:24:17.500Z</time></trkpt><trkpt lon="-1.564785" lat="52.177"><ele>111.1</ele><time>2026-08-03T07:24:19.900Z</time></trkpt><trkpt lon="-1.5644675" lat="52.17691"><ele>111.5</ele><time>2026-08-03T07:24:22.300Z</time></trkpt><trkpt lon="-1.56415" lat="52.17682"><ele>111.8</ele><time>2026-08-03T07:24:24.700Z</time></trkpt><trkpt lon="-1.563835" lat="52.17673"><ele>112.3</ele><time>2026-08-03T07:24:27.100Z</time></trkpt><trkpt lon="-1.56352" lat="52.17664"><ele>112.9</ele><time>2026-08-03T07:24:29.700Z</time></trkpt><trkpt lon="-1.563205" lat="52.17655"><ele>113.4</ele><time>2026-08-03T07:24:32.200Z</time></trkpt><trkpt lon="-1.56289" lat="52.17646"><ele>113.9</ele><time>2026-08-03T07:24:34.700Z</time></trkpt><trkpt lon="-1.56259" lat="52.1763833"><ele>114.4</ele><time>2026-08-03T07:24:37.000Z</time></trkpt><trkpt lon="-1.56229" lat="52.1763067"><ele>114.7</ele><time>2026-08-03T07:24:39.300Z</time></trkpt><trkpt lon="-1.56199" lat="52.17623"><ele>115.0</ele><time>2026-08-03T07:24:41.500Z</time></trkpt><trkpt lon="-1.56169" lat="52.1761533"><ele>115.1</ele><time>2026-08-03T07:24:43.500Z</time></trkpt><trkpt lon="-1.56139" lat="52.1760767"><ele>115.3</ele><time>2026-08-03T07:24:45.600Z</time></trkpt><trkpt lon="-1.56109" lat="52.176"><ele>115.5</ele><time>2026-08-03T07:24:47.700Z</time></trkpt><trkpt lon="-1.5608225" lat="52.175925"><ele>115.7</ele><time>2026-08-03T07:24:49.700Z</time></trkpt><trkpt lon="-1.560555" lat="52.17585005283"><ele>115.9</ele><time>2026-08-03T07:24:51.600Z</time></trkpt><trkpt lon="-1.56002" lat="52.1757"><ele>116.3</ele><time>2026-08-03T07:24:55.500Z</time></trkpt><trkpt lon="-1.5596633" lat="52.1756"><ele>116.5</ele><time>2026-08-03T07:24:58.000Z</time></trkpt><trkpt lon="-1.5593067" lat="52.1755"><ele>116.7</ele><time>2026-08-03T07:25:00.500Z</time></trkpt><trkpt lon="-1.55895" lat="52.1754"><ele>116.7</ele><time>2026-08-03T07:25:02.900Z</time></trkpt><trkpt lon="-1.55868" lat="52.1753033"><ele>116.6</ele><time>2026-08-03T07:25:04.700Z</time></trkpt><trkpt lon="-1.55814" lat="52.17511"><ele>116.6</ele><time>2026-08-03T07:25:08.500Z</time></trkpt><trkpt lon="-1.55787" lat="52.1750167"><ele>116.5</ele><time>2026-08-03T07:25:10.300Z</time></trkpt><trkpt lon="-1.55733" lat="52.17483"><ele>116.3</ele><time>2026-08-03T07:25:13.900Z</time></trkpt><trkpt lon="-1.55697" lat="52.17469"><ele>116.1</ele><time>2026-08-03T07:25:16.300Z</time></trkpt><trkpt lon="-1.5567" lat="52.17457"><ele>116.0</ele><time>2026-08-03T07:25:18.200Z</time></trkpt><trkpt lon="-1.55645" lat="52.17436"><ele>115.4</ele><time>2026-08-03T07:25:20.500Z</time></trkpt><trkpt lon="-1.55643" lat="52.17432"><ele>115.3</ele><time>2026-08-03T07:25:20.900Z</time></trkpt><trkpt lon="-1.55641" lat="52.17429"><ele>115.2</ele><time>2026-08-03T07:25:21.100Z</time></trkpt><trkpt lon="-1.55645" lat="52.17419"><ele>115.1</ele><time>2026-08-03T07:25:22.100Z</time></trkpt><trkpt lon="-1.55657" lat="52.17406"><ele>115.0</ele><time>2026-08-03T07:25:23.500Z</time></trkpt><trkpt lon="-1.556805" lat="52.173845"><ele>114.9</ele><time>2026-08-03T07:25:25.900Z</time></trkpt><trkpt lon="-1.55704" lat="52.17363"><ele>114.6</ele><time>2026-08-03T07:25:28.300Z</time></trkpt><trkpt lon="-1.5572033" lat="52.17347"><ele>114.4</ele><time>2026-08-03T07:25:30.100Z</time></trkpt><trkpt lon="-1.55753" lat="52.17315"><ele>113.8</ele><time>2026-08-03T07:25:33.400Z</time></trkpt><trkpt lon="-1.5576967" lat="52.1729933"><ele>113.4</ele><time>2026-08-03T07:25:35.100Z</time></trkpt><trkpt lon="-1.55803" lat="52.17268"><ele>112.8</ele><time>2026-08-03T07:25:38.400Z</time></trkpt><trkpt lon="-1.5582333" lat="52.1724733"><ele>112.4</ele><time>2026-08-03T07:25:40.600Z</time></trkpt><trkpt lon="-1.5584367" lat="52.1722667"><ele>112.0</ele><time>2026-08-03T07:25:42.700Z</time></trkpt><trkpt lon="-1.55864" lat="52.17206"><ele>111.7</ele><time>2026-08-03T07:25:44.900Z</time></trkpt><trkpt lon="-1.5588433" lat="52.1718533"><ele>111.4</ele><time>2026-08-03T07:25:47.100Z</time></trkpt><trkpt lon="-1.5590467" lat="52.1716467"><ele>111.2</ele><time>2026-08-03T07:25:49.400Z</time></trkpt><trkpt lon="-1.55925" lat="52.17144"><ele>111.3</ele><time>2026-08-03T07:25:51.800Z</time></trkpt><trkpt lon="-1.5594533" lat="52.17123"><ele>111.3</ele><time>2026-08-03T07:25:54.200Z</time></trkpt><trkpt lon="-1.5596567" lat="52.17102"><ele>111.5</ele><time>2026-08-03T07:25:56.800Z</time></trkpt><trkpt lon="-1.55986" lat="52.17081"><ele>111.8</ele><time>2026-08-03T07:25:59.400Z</time></trkpt><trkpt lon="-1.5600633" lat="52.1706033"><ele>112.1</ele><time>2026-08-03T07:26:02.000Z</time></trkpt><trkpt lon="-1.5602667" lat="52.1703967"><ele>112.3</ele><time>2026-08-03T07:26:04.600Z</time></trkpt><trkpt lon="-1.56047" lat="52.17019"><ele>112.5</ele><time>2026-08-03T07:26:07.100Z</time></trkpt><trkpt lon="-1.5606933" lat="52.1699667"><ele>112.6</ele><time>2026-08-03T07:26:09.700Z</time></trkpt><trkpt lon="-1.5609167" lat="52.1697433"><ele>112.8</ele><time>2026-08-03T07:26:12.500Z</time></trkpt><trkpt lon="-1.56114" lat="52.16952"><ele>112.9</ele><time>2026-08-03T07:26:15.100Z</time></trkpt><trkpt lon="-1.5613667" lat="52.1692967"><ele>113.0</ele><time>2026-08-03T07:26:17.800Z</time></trkpt><trkpt lon="-1.5615933" lat="52.1690733"><ele>113.2</ele><time>2026-08-03T07:26:20.500Z</time></trkpt><trkpt lon="-1.56182" lat="52.16885"><ele>113.3</ele><time>2026-08-03T07:26:23.100Z</time></trkpt><trkpt lon="-1.5620467" lat="52.16863"><ele>113.2</ele><time>2026-08-03T07:26:25.700Z</time></trkpt><trkpt lon="-1.5622733" lat="52.16841"><ele>113.2</ele><time>2026-08-03T07:26:28.200Z</time></trkpt><trkpt lon="-1.5625" lat="52.16819"><ele>113.0</ele><time>2026-08-03T07:26:30.600Z</time></trkpt><trkpt lon="-1.5626675" lat="52.1680225"><ele>112.8</ele><time>2026-08-03T07:26:32.400Z</time></trkpt><trkpt lon="-1.562835" lat="52.167855"><ele>112.5</ele><time>2026-08-03T07:26:34.200Z</time></trkpt><trkpt lon="-1.56317" lat="52.16752"><ele>112.0</ele><time>2026-08-03T07:26:37.800Z</time></trkpt><trkpt lon="-1.5633967" lat="52.1672967"><ele>111.4</ele><time>2026-08-03T07:26:40.000Z</time></trkpt><trkpt lon="-1.5636233" lat="52.1670733"><ele>110.8</ele><time>2026-08-03T07:26:42.300Z</time></trkpt><trkpt lon="-1.56385" lat="52.16685"><ele>110.1</ele><time>2026-08-03T07:26:44.500Z</time></trkpt><trkpt lon="-1.5640767" lat="52.1666267"><ele>109.4</ele><time>2026-08-03T07:26:46.700Z</time></trkpt><trkpt lon="-1.5643033" lat="52.1664033"><ele>108.6</ele><time>2026-08-03T07:26:48.900Z</time></trkpt><trkpt lon="-1.56453" lat="52.16618"><ele>107.9</ele><time>2026-08-03T07:26:51.100Z</time></trkpt><trkpt lon="-1.56475" lat="52.16597"><ele>106.7</ele><time>2026-08-03T07:26:53.000Z</time></trkpt><trkpt lon="-1.56497" lat="52.16576"><ele>105.6</ele><time>2026-08-03T07:26:54.900Z</time></trkpt><trkpt lon="-1.5651575" lat="52.165575"><ele>104.9</ele><time>2026-08-03T07:26:56.700Z</time></trkpt><trkpt lon="-1.565345" lat="52.16539"><ele>104.4</ele><time>2026-08-03T07:26:58.600Z</time></trkpt><trkpt lon="-1.5655325" lat="52.165205"><ele>104.3</ele><time>2026-08-03T07:27:00.600Z</time></trkpt><trkpt lon="-1.56572" lat="52.16502"><ele>104.2</ele><time>2026-08-03T07:27:02.700Z</time></trkpt><trkpt lon="-1.565905" lat="52.1648325"><ele>104.5</ele><time>2026-08-03T07:27:05.100Z</time></trkpt><trkpt lon="-1.56609" lat="52.164645"><ele>104.9</ele><time>2026-08-03T07:27:07.600Z</time></trkpt><trkpt lon="-1.566275" lat="52.1644575"><ele>105.3</ele><time>2026-08-03T07:27:10.000Z</time></trkpt><trkpt lon="-1.56646" lat="52.16427"><ele>105.6</ele><time>2026-08-03T07:27:12.500Z</time></trkpt><trkpt lon="-1.5666475" lat="52.164085"><ele>106.1</ele><time>2026-08-03T07:27:15.000Z</time></trkpt><trkpt lon="-1.566835" lat="52.1639"><ele>106.4</ele><time>2026-08-03T07:27:17.300Z</time></trkpt><trkpt lon="-1.5670225" lat="52.163715"><ele>106.6</ele><time>2026-08-03T07:27:19.700Z</time></trkpt><trkpt lon="-1.56721" lat="52.16353"><ele>106.9</ele><time>2026-08-03T07:27:22.000Z</time></trkpt><trkpt lon="-1.567395" lat="52.163345"><ele>107.1</ele><time>2026-08-03T07:27:24.300Z</time></trkpt><trkpt lon="-1.56758" lat="52.16316"><ele>107.3</ele><time>2026-08-03T07:27:26.600Z</time></trkpt><trkpt lon="-1.567765" lat="52.162975"><ele>107.5</ele><time>2026-08-03T07:27:28.900Z</time></trkpt><trkpt lon="-1.56795" lat="52.16279"><ele>107.7</ele><time>2026-08-03T07:27:31.200Z</time></trkpt><trkpt lon="-1.5681375" lat="52.162605"><ele>107.9</ele><time>2026-08-03T07:27:33.500Z</time></trkpt><trkpt lon="-1.568325" lat="52.16242"><ele>108.2</ele><time>2026-08-03T07:27:35.900Z</time></trkpt><trkpt lon="-1.5685125" lat="52.162235"><ele>108.6</ele><time>2026-08-03T07:27:38.300Z</time></trkpt><trkpt lon="-1.5687" lat="52.16205"><ele>108.9</ele><time>2026-08-03T07:27:40.700Z</time></trkpt><trkpt lon="-1.5689167" lat="52.1618167"><ele>109.3</ele><time>2026-08-03T07:27:43.700Z</time></trkpt><trkpt lon="-1.5691333" lat="52.1615833"><ele>109.5</ele><time>2026-08-03T07:27:46.500Z</time></trkpt><trkpt lon="-1.56935" lat="52.16135"><ele>109.2</ele><time>2026-08-03T07:27:48.900Z</time></trkpt><trkpt lon="-1.56957" lat="52.16112"><ele>108.4</ele><time>2026-08-03T07:27:51.100Z</time></trkpt><trkpt lon="-1.56979" lat="52.16089"><ele>107.3</ele><time>2026-08-03T07:27:53.200Z</time></trkpt><trkpt lon="-1.57001" lat="52.16066"><ele>105.8</ele><time>2026-08-03T07:27:55.100Z</time></trkpt><trkpt lon="-1.57023" lat="52.16043"><ele>104.2</ele><time>2026-08-03T07:27:57.100Z</time></trkpt><trkpt lon="-1.57045" lat="52.1602"><ele>102.8</ele><time>2026-08-03T07:27:59.000Z</time></trkpt><trkpt lon="-1.57067" lat="52.15997"><ele>101.3</ele><time>2026-08-03T07:28:00.900Z</time></trkpt><trkpt lon="-1.57089" lat="52.1597367"><ele>99.7</ele><time>2026-08-03T07:28:02.900Z</time></trkpt><trkpt lon="-1.57111" lat="52.1595033"><ele>98.0</ele><time>2026-08-03T07:28:04.800Z</time></trkpt><trkpt lon="-1.57133" lat="52.15927"><ele>95.8</ele><time>2026-08-03T07:28:06.700Z</time></trkpt><trkpt lon="-1.57143" lat="52.15917"><ele>94.6</ele><time>2026-08-03T07:28:07.500Z</time></trkpt><trkpt lon="-1.5716" lat="52.15901"><ele>92.5</ele><time>2026-08-03T07:28:08.900Z</time></trkpt><trkpt lon="-1.57194" lat="52.15869"><ele>88.2</ele><time>2026-08-03T07:28:11.900Z</time></trkpt><trkpt lon="-1.57211" lat="52.1585267"><ele>86.4</ele><time>2026-08-03T07:28:13.200Z</time></trkpt><trkpt lon="-1.57245" lat="52.1582"><ele>83.4</ele><time>2026-08-03T07:28:15.900Z</time></trkpt><trkpt lon="-1.5726233" lat="52.15802"><ele>82.0</ele><time>2026-08-03T07:28:17.400Z</time></trkpt><trkpt lon="-1.5727967" lat="52.15784"><ele>81.0</ele><time>2026-08-03T07:28:18.900Z</time></trkpt><trkpt lon="-1.57297" lat="52.15766"><ele>80.0</ele><time>2026-08-03T07:28:20.500Z</time></trkpt><trkpt lon="-1.5731467" lat="52.1574767"><ele>79.2</ele><time>2026-08-03T07:28:22.200Z</time></trkpt><trkpt lon="-1.5733234" lat="52.1572934"><ele>78.2</ele><time>2026-08-03T07:28:23.800Z</time></trkpt><trkpt lon="-1.5735" lat="52.15711"><ele>77.3</ele><time>2026-08-03T07:28:25.400Z</time></trkpt><trkpt lon="-1.57387" lat="52.15682"><ele>75.3</ele><time>2026-08-03T07:28:28.100Z</time></trkpt><trkpt lon="-1.57422" lat="52.15658"><ele>73.0</ele><time>2026-08-03T07:28:30.400Z</time></trkpt><trkpt lon="-1.57461" lat="52.15628"><ele>69.6</ele><time>2026-08-03T07:28:33.000Z</time></trkpt><trkpt lon="-1.57483" lat="52.1561"><ele>67.2</ele><time>2026-08-03T07:28:34.700Z</time></trkpt><trkpt lon="-1.57505" lat="52.15592"><ele>65.0</ele><time>2026-08-03T07:28:36.200Z</time></trkpt><trkpt lon="-1.57524" lat="52.1557033"><ele>61.5</ele><time>2026-08-03T07:28:38.200Z</time></trkpt><trkpt lon="-1.57543" lat="52.1554867"><ele>59.1</ele><time>2026-08-03T07:28:39.900Z</time></trkpt><trkpt lon="-1.57562" lat="52.15527"><ele>57.7</ele><time>2026-08-03T07:28:41.700Z</time></trkpt><trkpt lon="-1.57572" lat="52.15514"><ele>57.6</ele><time>2026-08-03T07:28:43.000Z</time></trkpt><trkpt lon="-1.5758467" lat="52.1549667"><ele>57.4</ele><time>2026-08-03T07:28:44.800Z</time></trkpt><trkpt lon="-1.5761" lat="52.15462"><ele>57.7</ele><time>2026-08-03T07:28:48.800Z</time></trkpt><trkpt lon="-1.5762267" lat="52.1544467"><ele>58.2</ele><time>2026-08-03T07:28:51.000Z</time></trkpt><trkpt lon="-1.5763534" lat="52.1542734"><ele>59.0</ele><time>2026-08-03T07:28:53.600Z</time></trkpt><trkpt lon="-1.57648" lat="52.1541"><ele>59.7</ele><time>2026-08-03T07:28:56.100Z</time></trkpt><trkpt lon="-1.57663" lat="52.15392"><ele>60.3</ele><time>2026-08-03T07:28:58.600Z</time></trkpt><trkpt lon="-1.57678" lat="52.15374"><ele>60.6</ele><time>2026-08-03T07:29:00.900Z</time></trkpt><trkpt lon="-1.57698" lat="52.15353"><ele>61.0</ele><time>2026-08-03T07:29:03.600Z</time></trkpt><trkpt lon="-1.57718" lat="52.15332"><ele>61.4</ele><time>2026-08-03T07:29:06.300Z</time></trkpt><trkpt lon="-1.57738" lat="52.15311"><ele>61.9</ele><time>2026-08-03T07:29:09.100Z</time></trkpt><trkpt lon="-1.57758" lat="52.1529"><ele>62.2</ele><time>2026-08-03T07:29:11.700Z</time></trkpt><trkpt lon="-1.57775" lat="52.1527367"><ele>62.6</ele><time>2026-08-03T07:29:13.900Z</time></trkpt><trkpt lon="-1.57792" lat="52.1525734"><ele>62.9</ele><time>2026-08-03T07:29:16.100Z</time></trkpt><trkpt lon="-1.57809" lat="52.15241"><ele>63.2</ele><time>2026-08-03T07:29:18.200Z</time></trkpt><trkpt lon="-1.57826" lat="52.1522433"><ele>63.6</ele><time>2026-08-03T07:29:20.500Z</time></trkpt><trkpt lon="-1.57843" lat="52.1520767"><ele>64.4</ele><time>2026-08-03T07:29:23.100Z</time></trkpt><trkpt lon="-1.5786" lat="52.15191"><ele>65.2</ele><time>2026-08-03T07:29:25.800Z</time></trkpt><trkpt lon="-1.5787825" lat="52.1517375"><ele>66.0</ele><time>2026-08-03T07:29:28.600Z</time></trkpt><trkpt lon="-1.578965" lat="52.151565"><ele>66.8</ele><time>2026-08-03T07:29:31.400Z</time></trkpt><trkpt lon="-1.5791475" lat="52.1513925"><ele>67.7</ele><time>2026-08-03T07:29:34.300Z</time></trkpt><trkpt lon="-1.57933" lat="52.15122"><ele>68.6</ele><time>2026-08-03T07:29:37.200Z</time></trkpt><trkpt lon="-1.579515" lat="52.151045"><ele>69.5</ele><time>2026-08-03T07:29:40.200Z</time></trkpt><trkpt lon="-1.5797" lat="52.15087"><ele>70.3</ele><time>2026-08-03T07:29:42.900Z</time></trkpt><trkpt lon="-1.579885" lat="52.150695"><ele>70.8</ele><time>2026-08-03T07:29:45.500Z</time></trkpt><trkpt lon="-1.58007" lat="52.15052"><ele>71.4</ele><time>2026-08-03T07:29:47.900Z</time></trkpt><trkpt lon="-1.5802525" lat="52.1503325"><ele>71.6</ele><time>2026-08-03T07:29:50.200Z</time></trkpt><trkpt lon="-1.580435" lat="52.150145"><ele>71.4</ele><time>2026-08-03T07:29:52.300Z</time></trkpt><trkpt lon="-1.5806175" lat="52.1499575"><ele>70.7</ele><time>2026-08-03T07:29:54.100Z</time></trkpt><trkpt lon="-1.5808" lat="52.14977"><ele>70.1</ele><time>2026-08-03T07:29:55.900Z</time></trkpt><trkpt lon="-1.5809825" lat="52.14958"><ele>69.0</ele><time>2026-08-03T07:29:57.500Z</time></trkpt><trkpt lon="-1.581165" lat="52.14939"><ele>67.9</ele><time>2026-08-03T07:29:59.200Z</time></trkpt><trkpt lon="-1.5813475" lat="52.1492"><ele>65.9</ele><time>2026-08-03T07:30:00.700Z</time></trkpt><trkpt lon="-1.58153" lat="52.14901"><ele>64.0</ele><time>2026-08-03T07:30:02.200Z</time></trkpt><trkpt lon="-1.5817125" lat="52.1488225"><ele>63.0</ele><time>2026-08-03T07:30:03.800Z</time></trkpt><trkpt lon="-1.581895" lat="52.148635"><ele>62.5</ele><time>2026-08-03T07:30:05.700Z</time></trkpt><trkpt lon="-1.5820775" lat="52.1484475"><ele>62.7</ele><time>2026-08-03T07:30:08.100Z</time></trkpt><trkpt lon="-1.58226" lat="52.14826"><ele>63.1</ele><time>2026-08-03T07:30:10.500Z</time></trkpt><trkpt lon="-1.582445" lat="52.14807"><ele>64.2</ele><time>2026-08-03T07:30:14.000Z</time></trkpt><trkpt lon="-1.58263" lat="52.14788"><ele>65.8</ele><time>2026-08-03T07:30:18.000Z</time></trkpt><trkpt lon="-1.582815" lat="52.14769"><ele>67.4</ele><time>2026-08-03T07:30:22.100Z</time></trkpt><trkpt lon="-1.583" lat="52.1475"><ele>68.8</ele><time>2026-08-03T07:30:26.000Z</time></trkpt><trkpt lon="-1.5831333" lat="52.14736"><ele>70.1</ele><time>2026-08-03T07:30:29.100Z</time></trkpt><trkpt lon="-1.5832667" lat="52.14722"><ele>71.4</ele><time>2026-08-03T07:30:32.300Z</time></trkpt><trkpt lon="-1.5834" lat="52.14708"><ele>72.6</ele><time>2026-08-03T07:30:35.500Z</time></trkpt><trkpt lon="-1.5835667" lat="52.14691"><ele>74.3</ele><time>2026-08-03T07:30:39.600Z</time></trkpt><trkpt lon="-1.5837333" lat="52.14674"><ele>76.1</ele><time>2026-08-03T07:30:43.900Z</time></trkpt><trkpt lon="-1.5839" lat="52.14657"><ele>78.0</ele><time>2026-08-03T07:30:48.300Z</time></trkpt><trkpt lon="-1.584075" lat="52.1464025"><ele>79.8</ele><time>2026-08-03T07:30:52.700Z</time></trkpt><trkpt lon="-1.58425" lat="52.146235"><ele>81.6</ele><time>2026-08-03T07:30:56.900Z</time></trkpt><trkpt lon="-1.584425" lat="52.1460675"><ele>83.1</ele><time>2026-08-03T07:31:00.700Z</time></trkpt><trkpt lon="-1.5846" lat="52.1459"><ele>83.7</ele><time>2026-08-03T07:31:03.200Z</time></trkpt><trkpt lon="-1.584746" lat="52.145748"><ele>84.5</ele><time>2026-08-03T07:31:05.800Z</time></trkpt><trkpt lon="-1.584892" lat="52.145596"><ele>85.4</ele><time>2026-08-03T07:31:08.500Z</time></trkpt><trkpt lon="-1.585038" lat="52.145444"><ele>86.2</ele><time>2026-08-03T07:31:11.100Z</time></trkpt><trkpt lon="-1.585184" lat="52.145292"><ele>86.9</ele><time>2026-08-03T07:31:13.500Z</time></trkpt><trkpt lon="-1.58533" lat="52.14514"><ele>87.7</ele><time>2026-08-03T07:31:16.000Z</time></trkpt><trkpt lon="-1.5855025" lat="52.1449725"><ele>88.6</ele><time>2026-08-03T07:31:18.900Z</time></trkpt><trkpt lon="-1.585675" lat="52.144805"><ele>89.7</ele><time>2026-08-03T07:31:22.200Z</time></trkpt><trkpt lon="-1.5858475" lat="52.1446375"><ele>91.0</ele><time>2026-08-03T07:31:25.600Z</time></trkpt><trkpt lon="-1.58602" lat="52.14447"><ele>92.5</ele><time>2026-08-03T07:31:29.400Z</time></trkpt><trkpt lon="-1.5861733" lat="52.1443167"><ele>93.8</ele><time>2026-08-03T07:31:32.700Z</time></trkpt><trkpt lon="-1.5863267" lat="52.1441634"><ele>95.0</ele><time>2026-08-03T07:31:35.900Z</time></trkpt><trkpt lon="-1.58648" lat="52.14401"><ele>96.2</ele><time>2026-08-03T07:31:39.100Z</time></trkpt><trkpt lon="-1.5866367" lat="52.1438567"><ele>97.3</ele><time>2026-08-03T07:31:42.200Z</time></trkpt><trkpt lon="-1.5867934" lat="52.1437034"><ele>98.3</ele><time>2026-08-03T07:31:45.100Z</time></trkpt><trkpt lon="-1.58695" lat="52.14355"><ele>99.3</ele><time>2026-08-03T07:31:48.000Z</time></trkpt><trkpt lon="-1.5871133" lat="52.14337"><ele>100.4</ele><time>2026-08-03T07:31:51.300Z</time></trkpt><trkpt lon="-1.5872767" lat="52.14319"><ele>101.3</ele><time>2026-08-03T07:31:54.200Z</time></trkpt><trkpt lon="-1.58744" lat="52.14301"><ele>102.2</ele><time>2026-08-03T07:31:57.200Z</time></trkpt><trkpt lon="-1.5876067" lat="52.14283"><ele>103.1</ele><time>2026-08-03T07:32:00.100Z</time></trkpt><trkpt lon="-1.5877733" lat="52.14265"><ele>103.8</ele><time>2026-08-03T07:32:02.700Z</time></trkpt><trkpt lon="-1.58794" lat="52.14247"><ele>104.3</ele><time>2026-08-03T07:32:05.200Z</time></trkpt><trkpt lon="-1.5881033" lat="52.14226"><ele>104.8</ele><time>2026-08-03T07:32:07.800Z</time></trkpt><trkpt lon="-1.5882667" lat="52.14205"><ele>105.1</ele><time>2026-08-03T07:32:10.300Z</time></trkpt><trkpt lon="-1.58843" lat="52.14184"><ele>104.9</ele><time>2026-08-03T07:32:12.500Z</time></trkpt><trkpt lon="-1.5885933" lat="52.14163"><ele>104.7</ele><time>2026-08-03T07:32:14.700Z</time></trkpt><trkpt lon="-1.5887567" lat="52.14142"><ele>104.3</ele><time>2026-08-03T07:32:16.800Z</time></trkpt><trkpt lon="-1.58892" lat="52.14121"><ele>103.8</ele><time>2026-08-03T07:32:18.800Z</time></trkpt><trkpt lon="-1.5890833" lat="52.1410033"><ele>103.3</ele><time>2026-08-03T07:32:20.800Z</time></trkpt><trkpt lon="-1.5892467" lat="52.1407967"><ele>102.9</ele><time>2026-08-03T07:32:22.800Z</time></trkpt><trkpt lon="-1.58941" lat="52.14059"><ele>102.5</ele><time>2026-08-03T07:32:24.900Z</time></trkpt><trkpt lon="-1.589585" lat="52.1403975"><ele>102.2</ele><time>2026-08-03T07:32:26.900Z</time></trkpt><trkpt lon="-1.58976" lat="52.140205"><ele>102.0</ele><time>2026-08-03T07:32:28.900Z</time></trkpt><trkpt lon="-1.589935" lat="52.1400125"><ele>101.9</ele><time>2026-08-03T07:32:31.000Z</time></trkpt><trkpt lon="-1.59011" lat="52.13982"><ele>101.8</ele><time>2026-08-03T07:32:33.100Z</time></trkpt><trkpt lon="-1.5902825" lat="52.13963"><ele>101.8</ele><time>2026-08-03T07:32:35.200Z</time></trkpt><trkpt lon="-1.590455" lat="52.13944"><ele>101.7</ele><time>2026-08-03T07:32:37.300Z</time></trkpt><trkpt lon="-1.5906275" lat="52.13925"><ele>101.7</ele><time>2026-08-03T07:32:39.400Z</time></trkpt><trkpt lon="-1.5908" lat="52.13906"><ele>101.7</ele><time>2026-08-03T07:32:41.500Z</time></trkpt><trkpt lon="-1.5909475" lat="52.138895"><ele>101.6</ele><time>2026-08-03T07:32:43.300Z</time></trkpt><trkpt lon="-1.591095" lat="52.13873"><ele>101.5</ele><time>2026-08-03T07:32:45.100Z</time></trkpt><trkpt lon="-1.59139" lat="52.1384"><ele>101.2</ele><time>2026-08-03T07:32:48.600Z</time></trkpt><trkpt lon="-1.5915833" lat="52.13818"><ele>100.9</ele><time>2026-08-03T07:32:50.900Z</time></trkpt><trkpt lon="-1.5917767" lat="52.13796"><ele>100.5</ele><time>2026-08-03T07:32:53.100Z</time></trkpt><trkpt lon="-1.59197" lat="52.13774"><ele>99.9</ele><time>2026-08-03T07:32:55.300Z</time></trkpt><trkpt lon="-1.592135" lat="52.137525"><ele>99.3</ele><time>2026-08-03T07:32:57.300Z</time></trkpt><trkpt lon="-1.5923" lat="52.13731"><ele>99.1</ele><time>2026-08-03T07:32:59.500Z</time></trkpt><trkpt lon="-1.592465" lat="52.1371"><ele>99.3</ele><time>2026-08-03T07:33:02.000Z</time></trkpt><trkpt lon="-1.59263" lat="52.13689"><ele>99.6</ele><time>2026-08-03T07:33:04.500Z</time></trkpt><trkpt lon="-1.5928" lat="52.1366833"><ele>100.0</ele><time>2026-08-03T07:33:07.100Z</time></trkpt><trkpt lon="-1.59297" lat="52.1364767"><ele>100.8</ele><time>2026-08-03T07:33:10.100Z</time></trkpt><trkpt lon="-1.59314" lat="52.13627"><ele>101.8</ele><time>2026-08-03T07:33:13.300Z</time></trkpt><trkpt lon="-1.5933075" lat="52.13609"><ele>102.7</ele><time>2026-08-03T07:33:16.300Z</time></trkpt><trkpt lon="-1.593475" lat="52.13591"><ele>103.6</ele><time>2026-08-03T07:33:19.200Z</time></trkpt><trkpt lon="-1.5936425" lat="52.13573"><ele>104.2</ele><time>2026-08-03T07:33:21.800Z</time></trkpt><trkpt lon="-1.59381" lat="52.13555"><ele>104.9</ele><time>2026-08-03T07:33:24.300Z</time></trkpt><trkpt lon="-1.5940033" lat="52.1353333"><ele>105.3</ele><time>2026-08-03T07:33:27.100Z</time></trkpt><trkpt lon="-1.5941967" lat="52.1351167"><ele>105.3</ele><time>2026-08-03T07:33:29.600Z</time></trkpt><trkpt lon="-1.59439" lat="52.1349"><ele>105.4</ele><time>2026-08-03T07:33:32.000Z</time></trkpt><trkpt lon="-1.594535" lat="52.1347375"><ele>105.4</ele><time>2026-08-03T07:33:33.900Z</time></trkpt><trkpt lon="-1.59468" lat="52.134575"><ele>105.7</ele><time>2026-08-03T07:33:35.900Z</time></trkpt><trkpt lon="-1.594825" lat="52.1344125"><ele>106.3</ele><time>2026-08-03T07:33:38.200Z</time></trkpt><trkpt lon="-1.59497" lat="52.13425"><ele>107.0</ele><time>2026-08-03T07:33:40.700Z</time></trkpt><trkpt lon="-1.5951567" lat="52.13407"><ele>108.2</ele><time>2026-08-03T07:33:44.200Z</time></trkpt><trkpt lon="-1.5953433" lat="52.13389"><ele>109.6</ele><time>2026-08-03T07:33:48.000Z</time></trkpt><trkpt lon="-1.59553" lat="52.13371"><ele>111.0</ele><time>2026-08-03T07:33:51.700Z</time></trkpt><trkpt lon="-1.5957167" lat="52.13353"><ele>112.2</ele><time>2026-08-03T07:33:55.200Z</time></trkpt><trkpt lon="-1.5959033" lat="52.13335"><ele>113.1</ele><time>2026-08-03T07:33:58.200Z</time></trkpt><trkpt lon="-1.59609" lat="52.13317"><ele>113.8</ele><time>2026-08-03T07:34:00.900Z</time></trkpt><trkpt lon="-1.5962725" lat="52.132975"><ele>114.5</ele><time>2026-08-03T07:34:03.700Z</time></trkpt><trkpt lon="-1.596455" lat="52.13278"><ele>115.1</ele><time>2026-08-03T07:34:06.400Z</time></trkpt><trkpt lon="-1.5966375" lat="52.132585"><ele>115.9</ele><time>2026-08-03T07:34:09.300Z</time></trkpt><trkpt lon="-1.59682" lat="52.13239"><ele>116.5</ele><time>2026-08-03T07:34:12.000Z</time></trkpt><trkpt lon="-1.59665" lat="52.13234"><ele>116.5</ele><time>2026-08-03T07:34:13.200Z</time></trkpt><trkpt lon="-1.59683" lat="52.132115"><ele>116.6</ele><time>2026-08-03T07:34:15.600Z</time></trkpt><trkpt lon="-1.59701" lat="52.13189"><ele>116.6</ele><time>2026-08-03T07:34:18.100Z</time></trkpt><trkpt lon="-1.59722" lat="52.1317"><ele>116.7</ele><time>2026-08-03T07:34:20.400Z</time></trkpt><trkpt lon="-1.59743" lat="52.13151"><ele>116.7</ele><time>2026-08-03T07:34:22.700Z</time></trkpt><trkpt lon="-1.59765" lat="52.131345"><ele>116.8</ele><time>2026-08-03T07:34:24.900Z</time></trkpt><trkpt lon="-1.59787" lat="52.13118"><ele>116.9</ele><time>2026-08-03T07:34:27.000Z</time></trkpt><trkpt lon="-1.59813" lat="52.13099"><ele>117.0</ele><time>2026-08-03T07:34:29.500Z</time></trkpt><trkpt lon="-1.59839" lat="52.1308"><ele>117.1</ele><time>2026-08-03T07:34:32.000Z</time></trkpt><trkpt lon="-1.59862" lat="52.130595"><ele>116.9</ele><time>2026-08-03T07:34:34.400Z</time></trkpt><trkpt lon="-1.59885" lat="52.13039"><ele>116.8</ele><time>2026-08-03T07:34:36.700Z</time></trkpt><trkpt lon="-1.5990067" lat="52.13022"><ele>116.2</ele><time>2026-08-03T07:34:38.400Z</time></trkpt><trkpt lon="-1.59932" lat="52.12988"><ele>114.0</ele><time>2026-08-03T07:34:41.200Z</time></trkpt><trkpt lon="-1.5994767" lat="52.1297067"><ele>112.4</ele><time>2026-08-03T07:34:42.500Z</time></trkpt><trkpt lon="-1.59979" lat="52.12936"><ele>107.0</ele><time>2026-08-03T07:34:45.700Z</time></trkpt><trkpt lon="-1.6000033" lat="52.1291333"><ele>104.1</ele><time>2026-08-03T07:34:47.700Z</time></trkpt><trkpt lon="-1.6002167" lat="52.1289067"><ele>102.0</ele><time>2026-08-03T07:34:49.500Z</time></trkpt><trkpt lon="-1.60043" lat="52.12868"><ele>100.5</ele><time>2026-08-03T07:34:51.400Z</time></trkpt><trkpt lon="-1.60062" lat="52.1285"><ele>99.7</ele><time>2026-08-03T07:34:53.100Z</time></trkpt><trkpt lon="-1.60081" lat="52.12832"><ele>99.2</ele><time>2026-08-03T07:34:54.900Z</time></trkpt><trkpt lon="-1.6009933" lat="52.1281533"><ele>98.6</ele><time>2026-08-03T07:34:56.600Z</time></trkpt><trkpt lon="-1.60136" lat="52.12782"><ele>97.4</ele><time>2026-08-03T07:34:59.900Z</time></trkpt><trkpt lon="-1.6015433" lat="52.1276567"><ele>97.1</ele><time>2026-08-03T07:35:01.700Z</time></trkpt><trkpt lon="-1.60191" lat="52.12733"><ele>96.9</ele><time>2026-08-03T07:35:05.500Z</time></trkpt><trkpt lon="-1.60225" lat="52.127"><ele>97.3</ele><time>2026-08-03T07:35:09.600Z</time></trkpt><trkpt lon="-1.6025" lat="52.1267"><ele>97.7</ele><time>2026-08-03T07:35:13.200Z</time></trkpt><trkpt lon="-1.60263" lat="52.12653"><ele>98.3</ele><time>2026-08-03T07:35:15.700Z</time></trkpt><trkpt lon="-1.60276" lat="52.12636"><ele>99.2</ele><time>2026-08-03T07:35:18.400Z</time></trkpt><trkpt lon="-1.6028933" lat="52.1261667"><ele>100.9</ele><time>2026-08-03T07:35:22.700Z</time></trkpt><trkpt lon="-1.6030267" lat="52.1259733"><ele>102.9</ele><time>2026-08-03T07:35:27.400Z</time></trkpt><trkpt lon="-1.60316" lat="52.12578"><ele>105.1</ele><time>2026-08-03T07:35:32.300Z</time></trkpt><trkpt lon="-1.603275" lat="52.12564"><ele>106.4</ele><time>2026-08-03T07:35:35.600Z</time></trkpt><trkpt lon="-1.60339" lat="52.1255"><ele>107.7</ele><time>2026-08-03T07:35:38.700Z</time></trkpt><trkpt lon="-1.60362" lat="52.12522"><ele>109.9</ele><time>2026-08-03T07:35:44.500Z</time></trkpt><trkpt lon="-1.60376" lat="52.12507"><ele>111.0</ele><time>2026-08-03T07:35:47.500Z</time></trkpt><trkpt lon="-1.6039467" lat="52.1249"><ele>112.2</ele><time>2026-08-03T07:35:50.900Z</time></trkpt><trkpt lon="-1.6041334" lat="52.12473"><ele>113.0</ele><time>2026-08-03T07:35:53.700Z</time></trkpt><trkpt lon="-1.60432" lat="52.12456"><ele>113.7</ele><time>2026-08-03T07:35:56.300Z</time></trkpt><trkpt lon="-1.6045125" lat="52.12438"><ele>113.8</ele><time>2026-08-03T07:35:58.500Z</time></trkpt><trkpt lon="-1.604705" lat="52.1242"><ele>113.4</ele><time>2026-08-03T07:36:00.400Z</time></trkpt><trkpt lon="-1.6048975" lat="52.12402"><ele>112.0</ele><time>2026-08-03T07:36:01.900Z</time></trkpt><trkpt lon="-1.60509" lat="52.12384"><ele>110.4</ele><time>2026-08-03T07:36:03.400Z</time></trkpt><trkpt lon="-1.6052825" lat="52.12366"><ele>108.4</ele><time>2026-08-03T07:36:04.900Z</time></trkpt><trkpt lon="-1.605475" lat="52.12348"><ele>107.0</ele><time>2026-08-03T07:36:06.500Z</time></trkpt><trkpt lon="-1.6056675" lat="52.1233"><ele>105.4</ele><time>2026-08-03T07:36:08.000Z</time></trkpt><trkpt lon="-1.60586" lat="52.12312"><ele>103.7</ele><time>2026-08-03T07:36:09.500Z</time></trkpt><trkpt lon="-1.6060525" lat="52.1229375"><ele>102.8</ele><time>2026-08-03T07:36:11.200Z</time></trkpt><trkpt lon="-1.606245" lat="52.122755"><ele>102.3</ele><time>2026-08-03T07:36:13.000Z</time></trkpt><trkpt lon="-1.6064375" lat="52.1225725"><ele>102.1</ele><time>2026-08-03T07:36:15.000Z</time></trkpt><trkpt lon="-1.60663" lat="52.12239"><ele>101.8</ele><time>2026-08-03T07:36:17.000Z</time></trkpt><trkpt lon="-1.6068225" lat="52.12221"><ele>101.6</ele><time>2026-08-03T07:36:19.000Z</time></trkpt><trkpt lon="-1.607015" lat="52.12203"><ele>101.3</ele><time>2026-08-03T07:36:21.000Z</time></trkpt><trkpt lon="-1.6072075" lat="52.12185"><ele>101.2</ele><time>2026-08-03T07:36:23.000Z</time></trkpt><trkpt lon="-1.6074" lat="52.12167"><ele>101.0</ele><time>2026-08-03T07:36:25.000Z</time></trkpt><trkpt lon="-1.6076333" lat="52.1214433"><ele>101.1</ele><time>2026-08-03T07:36:27.700Z</time></trkpt><trkpt lon="-1.6078667" lat="52.1212167"><ele>101.2</ele><time>2026-08-03T07:36:30.400Z</time></trkpt><trkpt lon="-1.6081" lat="52.12099"><ele>101.5</ele><time>2026-08-03T07:36:33.300Z</time></trkpt><trkpt lon="-1.6082775" lat="52.1208225"><ele>101.7</ele><time>2026-08-03T07:36:35.400Z</time></trkpt><trkpt lon="-1.608455" lat="52.120655"><ele>102.0</ele><time>2026-08-03T07:36:37.600Z</time></trkpt><trkpt lon="-1.6086325" lat="52.1204875"><ele>102.2</ele><time>2026-08-03T07:36:39.700Z</time></trkpt><trkpt lon="-1.60881" lat="52.12032"><ele>102.4</ele><time>2026-08-03T07:36:41.800Z</time></trkpt><trkpt lon="-1.6090467" lat="52.1200933"><ele>102.2</ele><time>2026-08-03T07:36:44.400Z</time></trkpt><trkpt lon="-1.6092833" lat="52.1198667"><ele>101.6</ele><time>2026-08-03T07:36:46.700Z</time></trkpt><trkpt lon="-1.60952" lat="52.11964"><ele>100.7</ele><time>2026-08-03T07:36:48.900Z</time></trkpt><trkpt lon="-1.6097533" lat="52.1194167"><ele>100.1</ele><time>2026-08-03T07:36:51.200Z</time></trkpt><trkpt lon="-1.6099867" lat="52.1191933"><ele>99.9</ele><time>2026-08-03T07:36:53.600Z</time></trkpt><trkpt lon="-1.61022" lat="52.11897"><ele>99.6</ele><time>2026-08-03T07:36:56.100Z</time></trkpt><trkpt lon="-1.6104567" lat="52.1187433"><ele>99.2</ele><time>2026-08-03T07:36:58.500Z</time></trkpt><trkpt lon="-1.6106933" lat="52.1185167"><ele>97.5</ele><time>2026-08-03T07:37:00.400Z</time></trkpt><trkpt lon="-1.61093" lat="52.11829"><ele>95.0</ele><time>2026-08-03T07:37:02.300Z</time></trkpt><trkpt lon="-1.6111667" lat="52.1180633"><ele>91.9</ele><time>2026-08-03T07:37:04.400Z</time></trkpt><trkpt lon="-1.6114033" lat="52.1178367"><ele>88.8</ele><time>2026-08-03T07:37:06.500Z</time></trkpt><trkpt lon="-1.61164" lat="52.11761"><ele>85.5</ele><time>2026-08-03T07:37:08.600Z</time></trkpt><trkpt lon="-1.6118733" lat="52.1173867"><ele>82.3</ele><time>2026-08-03T07:37:10.700Z</time></trkpt><trkpt lon="-1.6121067" lat="52.1171633"><ele>79.6</ele><time>2026-08-03T07:37:12.600Z</time></trkpt><trkpt lon="-1.61234" lat="52.11694"><ele>77.3</ele><time>2026-08-03T07:37:14.400Z</time></trkpt><trkpt lon="-1.6125767" lat="52.1167133"><ele>75.4</ele><time>2026-08-03T07:37:16.300Z</time></trkpt><trkpt lon="-1.6128133" lat="52.1164867"><ele>74.0</ele><time>2026-08-03T07:37:18.300Z</time></trkpt><trkpt lon="-1.61305" lat="52.11626"><ele>72.9</ele><time>2026-08-03T07:37:20.400Z</time></trkpt><trkpt lon="-1.6132867" lat="52.1160367"><ele>72.4</ele><time>2026-08-03T07:37:22.700Z</time></trkpt><trkpt lon="-1.6135233" lat="52.1158133"><ele>72.1</ele><time>2026-08-03T07:37:25.100Z</time></trkpt><trkpt lon="-1.61376" lat="52.11559"><ele>71.5</ele><time>2026-08-03T07:37:27.400Z</time></trkpt><trkpt lon="-1.61398" lat="52.1153733"><ele>71.0</ele><time>2026-08-03T07:37:29.700Z</time></trkpt><trkpt lon="-1.6142" lat="52.1151567"><ele>70.6</ele><time>2026-08-03T07:37:32.000Z</time></trkpt><trkpt lon="-1.61442" lat="52.11494"><ele>70.2</ele><time>2026-08-03T07:37:34.300Z</time></trkpt><trkpt lon="-1.61464" lat="52.1147267"><ele>70.0</ele><time>2026-08-03T07:37:36.600Z</time></trkpt><trkpt lon="-1.61486" lat="52.1145133"><ele>69.8</ele><time>2026-08-03T07:37:39.000Z</time></trkpt><trkpt lon="-1.61508" lat="52.1143"><ele>69.6</ele><time>2026-08-03T07:37:41.300Z</time></trkpt><trkpt lon="-1.6152967" lat="52.1140833"><ele>69.2</ele><time>2026-08-03T07:37:43.600Z</time></trkpt><trkpt lon="-1.6155133" lat="52.1138667"><ele>68.7</ele><time>2026-08-03T07:37:45.800Z</time></trkpt><trkpt lon="-1.61573" lat="52.11365"><ele>67.8</ele><time>2026-08-03T07:37:47.900Z</time></trkpt><trkpt lon="-1.61595" lat="52.1134367"><ele>66.8</ele><time>2026-08-03T07:37:49.900Z</time></trkpt><trkpt lon="-1.61617" lat="52.113223361129"><ele>66.3</ele><time>2026-08-03T07:37:52.100Z</time></trkpt><trkpt lon="-1.61639" lat="52.11301"><ele>66.1</ele><time>2026-08-03T07:37:54.400Z</time></trkpt><trkpt lon="-1.61645" lat="52.11292"><ele>66.0</ele><time>2026-08-03T07:37:55.300Z</time></trkpt><trkpt lon="-1.61676" lat="52.11263"><ele>65.5</ele><time>2026-08-03T07:37:58.500Z</time></trkpt><trkpt lon="-1.61698" lat="52.11244"><ele>65.6</ele><time>2026-08-03T07:38:00.700Z</time></trkpt><trkpt lon="-1.61713" lat="52.11228"><ele>65.6</ele><time>2026-08-03T07:38:02.600Z</time></trkpt><trkpt lon="-1.61735" lat="52.1121"><ele>65.9</ele><time>2026-08-03T07:38:05.000Z</time></trkpt><trkpt lon="-1.6175275" lat="52.111925"><ele>66.0</ele><time>2026-08-03T07:38:07.100Z</time></trkpt><trkpt lon="-1.617705" lat="52.11175"><ele>66.1</ele><time>2026-08-03T07:38:09.200Z</time></trkpt><trkpt lon="-1.6178825" lat="52.111575"><ele>66.1</ele><time>2026-08-03T07:38:11.300Z</time></trkpt><trkpt lon="-1.61806" lat="52.1114"><ele>66.2</ele><time>2026-08-03T07:38:13.300Z</time></trkpt><trkpt lon="-1.61828" lat="52.11119"><ele>66.1</ele><time>2026-08-03T07:38:15.700Z</time></trkpt><trkpt lon="-1.6185" lat="52.11098"><ele>66.0</ele><time>2026-08-03T07:38:18.100Z</time></trkpt><trkpt lon="-1.61872" lat="52.11077"><ele>65.8</ele><time>2026-08-03T07:38:20.400Z</time></trkpt><trkpt lon="-1.6188867" lat="52.1106133"><ele>65.6</ele><time>2026-08-03T07:38:22.200Z</time></trkpt><trkpt lon="-1.61922" lat="52.1103"><ele>65.1</ele><time>2026-08-03T07:38:25.600Z</time></trkpt><trkpt lon="-1.6193833" lat="52.1101433"><ele>65.0</ele><time>2026-08-03T07:38:27.300Z</time></trkpt><trkpt lon="-1.61971" lat="52.10983"><ele>65.0</ele><time>2026-08-03T07:38:30.900Z</time></trkpt><trkpt lon="-1.6198733" lat="52.1096567"><ele>64.9</ele><time>2026-08-03T07:38:32.900Z</time></trkpt><trkpt lon="-1.6202" lat="52.10931"><ele>64.9</ele><time>2026-08-03T07:38:36.800Z</time></trkpt><trkpt lon="-1.6203633" lat="52.1091367"><ele>64.9</ele><time>2026-08-03T07:38:38.800Z</time></trkpt><trkpt lon="-1.62069" lat="52.10879"><ele>65.0</ele><time>2026-08-03T07:38:42.700Z</time></trkpt><trkpt lon="-1.62087" lat="52.10858"><ele>65.1</ele><time>2026-08-03T07:38:45.100Z</time></trkpt><trkpt lon="-1.62105" lat="52.10837"><ele>65.1</ele><time>2026-08-03T07:38:47.400Z</time></trkpt><trkpt lon="-1.62123" lat="52.10816"><ele>65.2</ele><time>2026-08-03T07:38:49.800Z</time></trkpt><trkpt lon="-1.621385" lat="52.107935"><ele>64.9</ele><time>2026-08-03T07:38:52.100Z</time></trkpt><trkpt lon="-1.62154" lat="52.10771"><ele>64.5</ele><time>2026-08-03T07:38:54.200Z</time></trkpt><trkpt lon="-1.62169" lat="52.107485"><ele>64.1</ele><time>2026-08-03T07:38:56.400Z</time></trkpt><trkpt lon="-1.62184" lat="52.10726"><ele>63.5</ele><time>2026-08-03T07:38:58.500Z</time></trkpt><trkpt lon="-1.622" lat="52.10699"><ele>62.1</ele><time>2026-08-03T07:39:00.600Z</time></trkpt><trkpt lon="-1.622115" lat="52.106765"><ele>60.7</ele><time>2026-08-03T07:39:02.300Z</time></trkpt><trkpt lon="-1.62223" lat="52.10654"><ele>59.4</ele><time>2026-08-03T07:39:04.000Z</time></trkpt><trkpt lon="-1.6223233" lat="52.1063367"><ele>58.3</ele><time>2026-08-03T07:39:05.600Z</time></trkpt><trkpt lon="-1.6224167" lat="52.1061334"><ele>57.1</ele><time>2026-08-03T07:39:07.100Z</time></trkpt><trkpt lon="-1.62251" lat="52.10593"><ele>56.0</ele><time>2026-08-03T07:39:08.600Z</time></trkpt><trkpt lon="-1.62261" lat="52.10571"><ele>55.2</ele><time>2026-08-03T07:39:10.500Z</time></trkpt><trkpt lon="-1.62274" lat="52.1055"><ele>54.8</ele><time>2026-08-03T07:39:12.500Z</time></trkpt><trkpt lon="-1.6228767" lat="52.1053167"><ele>54.5</ele><time>2026-08-03T07:39:14.300Z</time></trkpt><trkpt lon="-1.62315" lat="52.10495"><ele>54.1</ele><time>2026-08-03T07:39:18.000Z</time></trkpt><trkpt lon="-1.62327" lat="52.1048"><ele>53.9</ele><time>2026-08-03T07:39:19.600Z</time></trkpt><trkpt lon="-1.62351" lat="52.1045"><ele>54.2</ele><time>2026-08-03T07:39:23.100Z</time></trkpt><trkpt lon="-1.623655" lat="52.104335"><ele>54.5</ele><time>2026-08-03T07:39:25.100Z</time></trkpt><trkpt lon="-1.6238" lat="52.10417"><ele>55.3</ele><time>2026-08-03T07:39:27.700Z</time></trkpt><trkpt lon="-1.623945" lat="52.104005"><ele>56.5</ele><time>2026-08-03T07:39:31.000Z</time></trkpt><trkpt lon="-1.62409" lat="52.10384"><ele>57.7</ele><time>2026-08-03T07:39:34.300Z</time></trkpt><trkpt lon="-1.624235" lat="52.1036775"><ele>59.1</ele><time>2026-08-03T07:39:37.800Z</time></trkpt><trkpt lon="-1.62438" lat="52.103515"><ele>60.3</ele><time>2026-08-03T07:39:41.000Z</time></trkpt><trkpt lon="-1.624525" lat="52.1033525"><ele>61.4</ele><time>2026-08-03T07:39:44.200Z</time></trkpt><trkpt lon="-1.62467" lat="52.10319"><ele>62.6</ele><time>2026-08-03T07:39:47.400Z</time></trkpt><trkpt lon="-1.62483" lat="52.103"><ele>63.6</ele><time>2026-08-03T07:39:50.500Z</time></trkpt><trkpt lon="-1.62499" lat="52.10281"><ele>64.5</ele><time>2026-08-03T07:39:53.500Z</time></trkpt><trkpt lon="-1.62515" lat="52.10262"><ele>65.2</ele><time>2026-08-03T07:39:56.200Z</time></trkpt><trkpt lon="-1.625275" lat="52.10245"><ele>65.8</ele><time>2026-08-03T07:39:58.600Z</time></trkpt><trkpt lon="-1.6254" lat="52.10228"><ele>66.2</ele><time>2026-08-03T07:40:00.700Z</time></trkpt><trkpt lon="-1.62565" lat="52.10194"><ele>67.1</ele><time>2026-08-03T07:40:05.100Z</time></trkpt><trkpt lon="-1.6258133" lat="52.1017133"><ele>67.6</ele><time>2026-08-03T07:40:08.000Z</time></trkpt><trkpt lon="-1.6259767" lat="52.1014867"><ele>68.0</ele><time>2026-08-03T07:40:10.700Z</time></trkpt><trkpt lon="-1.62614" lat="52.10126"><ele>68.3</ele><time>2026-08-03T07:40:13.400Z</time></trkpt><trkpt lon="-1.62628" lat="52.1010533"><ele>68.4</ele><time>2026-08-03T07:40:15.700Z</time></trkpt><trkpt lon="-1.62642" lat="52.1008467"><ele>68.5</ele><time>2026-08-03T07:40:18.000Z</time></trkpt><trkpt lon="-1.62656" lat="52.10064"><ele>68.7</ele><time>2026-08-03T07:40:20.300Z</time></trkpt><trkpt lon="-1.6267033" lat="52.1004333"><ele>68.8</ele><time>2026-08-03T07:40:22.500Z</time></trkpt><trkpt lon="-1.6268467" lat="52.1002267"><ele>68.7</ele><time>2026-08-03T07:40:24.700Z</time></trkpt><trkpt lon="-1.62699" lat="52.10002"><ele>68.6</ele><time>2026-08-03T07:40:26.800Z</time></trkpt><trkpt lon="-1.6271167" lat="52.09984"><ele>68.5</ele><time>2026-08-03T07:40:28.700Z</time></trkpt><trkpt lon="-1.62737" lat="52.09948"><ele>68.4</ele><time>2026-08-03T07:40:32.500Z</time></trkpt><trkpt lon="-1.6275" lat="52.0993033"><ele>68.3</ele><time>2026-08-03T07:40:34.300Z</time></trkpt><trkpt lon="-1.62776" lat="52.09895"><ele>68.2</ele><time>2026-08-03T07:40:38.100Z</time></trkpt><trkpt lon="-1.62792" lat="52.0987"><ele>68.1</ele><time>2026-08-03T07:40:40.600Z</time></trkpt><trkpt lon="-1.628" lat="52.09852"><ele>68.0</ele><time>2026-08-03T07:40:42.400Z</time></trkpt><trkpt lon="-1.62807" lat="52.09832"><ele>67.9</ele><time>2026-08-03T07:40:44.300Z</time></trkpt><trkpt lon="-1.628115" lat="52.0981"><ele>67.7</ele><time>2026-08-03T07:40:46.400Z</time></trkpt><trkpt lon="-1.62816" lat="52.09788"><ele>67.8</ele><time>2026-08-03T07:40:48.700Z</time></trkpt><trkpt lon="-1.62823" lat="52.09764"><ele>68.0</ele><time>2026-08-03T07:40:51.200Z</time></trkpt><trkpt lon="-1.6283" lat="52.09751"><ele>68.3</ele><time>2026-08-03T07:40:52.800Z</time></trkpt><trkpt lon="-1.62836" lat="52.09745"><ele>68.4</ele><time>2026-08-03T07:40:53.600Z</time></trkpt><trkpt lon="-1.62859" lat="52.09726"><ele>68.9</ele><time>2026-08-03T07:40:56.300Z</time></trkpt><trkpt lon="-1.62875" lat="52.09719"><ele>69.1</ele><time>2026-08-03T07:40:57.600Z</time></trkpt><trkpt lon="-1.62895" lat="52.09713"><ele>69.3</ele><time>2026-08-03T07:40:59.100Z</time></trkpt><trkpt lon="-1.62903" lat="52.09711"><ele>69.3</ele><time>2026-08-03T07:40:59.600Z</time></trkpt><trkpt lon="-1.62916" lat="52.09702"><ele>69.2</ele><time>2026-08-03T07:41:00.800Z</time></trkpt><trkpt lon="-1.6292" lat="52.09697"><ele>69.2</ele><time>2026-08-03T07:41:01.300Z</time></trkpt><trkpt lon="-1.62926" lat="52.09691"><ele>69.1</ele><time>2026-08-03T07:41:01.900Z</time></trkpt><trkpt lon="-1.62927" lat="52.09685"><ele>68.9</ele><time>2026-08-03T07:41:02.400Z</time></trkpt><trkpt lon="-1.62929" lat="52.09675"><ele>68.4</ele><time>2026-08-03T07:41:03.100Z</time></trkpt><trkpt lon="-1.62927" lat="52.09664"><ele>67.7</ele><time>2026-08-03T07:41:03.900Z</time></trkpt><trkpt lon="-1.62911" lat="52.09632"><ele>65.7</ele><time>2026-08-03T07:41:06.400Z</time></trkpt><trkpt lon="-1.6290267" lat="52.0960567"><ele>64.2</ele><time>2026-08-03T07:41:08.300Z</time></trkpt><trkpt lon="-1.6289433" lat="52.0957933"><ele>62.7</ele><time>2026-08-03T07:41:10.200Z</time></trkpt><trkpt lon="-1.62886" lat="52.09553"><ele>61.3</ele><time>2026-08-03T07:41:12.200Z</time></trkpt><trkpt lon="-1.6287975" lat="52.09532"><ele>60.0</ele><time>2026-08-03T07:41:13.700Z</time></trkpt><trkpt lon="-1.628735" lat="52.09511"><ele>58.9</ele><time>2026-08-03T07:41:15.300Z</time></trkpt><trkpt lon="-1.6286725" lat="52.0949"><ele>58.3</ele><time>2026-08-03T07:41:17.100Z</time></trkpt><trkpt lon="-1.62861" lat="52.09469"><ele>57.8</ele><time>2026-08-03T07:41:18.900Z</time></trkpt><trkpt lon="-1.62846" lat="52.09433"><ele>55.7</ele><time>2026-08-03T07:41:21.600Z</time></trkpt><trkpt lon="-1.62828" lat="52.09398"><ele>55.7</ele><time>2026-08-03T07:41:25.200Z</time></trkpt><trkpt lon="-1.62818" lat="52.0937867"><ele>55.8</ele><time>2026-08-03T07:41:27.300Z</time></trkpt><trkpt lon="-1.62808" lat="52.0935934"><ele>56.0</ele><time>2026-08-03T07:41:29.400Z</time></trkpt><trkpt lon="-1.62798" lat="52.0934"><ele>56.3</ele><time>2026-08-03T07:41:31.600Z</time></trkpt><trkpt lon="-1.627875" lat="52.09318"><ele>57.1</ele><time>2026-08-03T07:41:34.600Z</time></trkpt><trkpt lon="-1.62777" lat="52.09296"><ele>58.0</ele><time>2026-08-03T07:41:37.700Z</time></trkpt><trkpt lon="-1.627665" lat="52.092745"><ele>59.0</ele><time>2026-08-03T07:41:40.900Z</time></trkpt><trkpt lon="-1.62756" lat="52.09253"><ele>60.0</ele><time>2026-08-03T07:41:44.100Z</time></trkpt><trkpt lon="-1.62746" lat="52.0923533"><ele>60.7</ele><time>2026-08-03T07:41:46.600Z</time></trkpt><trkpt lon="-1.62736" lat="52.0921767"><ele>61.3</ele><time>2026-08-03T07:41:49.000Z</time></trkpt><trkpt lon="-1.62726" lat="52.092"><ele>61.9</ele><time>2026-08-03T07:41:51.300Z</time></trkpt><trkpt lon="-1.62716" lat="52.0918233"><ele>62.4</ele><time>2026-08-03T07:41:53.600Z</time></trkpt><trkpt lon="-1.62696" lat="52.09147"><ele>63.3</ele><time>2026-08-03T07:41:58.000Z</time></trkpt><trkpt lon="-1.626845" lat="52.091245"><ele>63.8</ele><time>2026-08-03T07:42:00.700Z</time></trkpt><trkpt lon="-1.62673" lat="52.09102"><ele>64.3</ele><time>2026-08-03T07:42:03.400Z</time></trkpt><trkpt lon="-1.626615" lat="52.09079"><ele>64.8</ele><time>2026-08-03T07:42:06.200Z</time></trkpt><trkpt lon="-1.6265" lat="52.09056"><ele>65.2</ele><time>2026-08-03T07:42:08.900Z</time></trkpt><trkpt lon="-1.62642" lat="52.09045"><ele>65.4</ele><time>2026-08-03T07:42:10.200Z</time></trkpt><trkpt lon="-1.6263" lat="52.0903"><ele>65.8</ele><time>2026-08-03T07:42:12.200Z</time></trkpt><trkpt lon="-1.62618" lat="52.09017"><ele>66.1</ele><time>2026-08-03T07:42:13.900Z</time></trkpt><trkpt lon="-1.62587" lat="52.0899"><ele>66.9</ele><time>2026-08-03T07:42:17.700Z</time></trkpt><trkpt lon="-1.62562" lat="52.08967"><ele>67.4</ele><time>2026-08-03T07:42:20.900Z</time></trkpt><trkpt lon="-1.62542" lat="52.08938"><ele>67.7</ele><time>2026-08-03T07:42:24.200Z</time></trkpt><trkpt lon="-1.62523" lat="52.08906"><ele>67.4</ele><time>2026-08-03T07:42:27.400Z</time></trkpt><trkpt lon="-1.62512" lat="52.088825"><ele>66.9</ele><time>2026-08-03T07:42:29.500Z</time></trkpt><trkpt lon="-1.62501" lat="52.08859"><ele>65.9</ele><time>2026-08-03T07:42:31.400Z</time></trkpt><trkpt lon="-1.62492" lat="52.08836"><ele>64.5</ele><time>2026-08-03T07:42:33.100Z</time></trkpt><trkpt lon="-1.62486" lat="52.08813"><ele>62.9</ele><time>2026-08-03T07:42:34.700Z</time></trkpt><trkpt lon="-1.6248" lat="52.0879"><ele>61.7</ele><time>2026-08-03T07:42:36.500Z</time></trkpt><trkpt lon="-1.6247633" lat="52.0876767"><ele>61.0</ele><time>2026-08-03T07:42:38.300Z</time></trkpt><trkpt lon="-1.6247266" lat="52.0874534"><ele>60.8</ele><time>2026-08-03T07:42:40.300Z</time></trkpt><trkpt lon="-1.62469" lat="52.08723"><ele>60.5</ele><time>2026-08-03T07:42:42.400Z</time></trkpt><trkpt lon="-1.6246533" lat="52.08701"><ele>60.3</ele><time>2026-08-03T07:42:44.500Z</time></trkpt><trkpt lon="-1.6246166" lat="52.08679"><ele>60.2</ele><time>2026-08-03T07:42:46.600Z</time></trkpt><trkpt lon="-1.62458" lat="52.08657"><ele>60.1</ele><time>2026-08-03T07:42:48.700Z</time></trkpt><trkpt lon="-1.6245433" lat="52.0863467"><ele>60.0</ele><time>2026-08-03T07:42:50.800Z</time></trkpt><trkpt lon="-1.6245066" lat="52.0861234"><ele>59.9</ele><time>2026-08-03T07:42:53.000Z</time></trkpt><trkpt lon="-1.62447" lat="52.0859"><ele>59.8</ele><time>2026-08-03T07:42:55.100Z</time></trkpt><trkpt lon="-1.62445" lat="52.085695"><ele>59.7</ele><time>2026-08-03T07:42:57.000Z</time></trkpt><trkpt lon="-1.62443" lat="52.08549"><ele>59.6</ele><time>2026-08-03T07:42:59.000Z</time></trkpt><trkpt lon="-1.62446" lat="52.08513"><ele>59.4</ele><time>2026-08-03T07:43:02.400Z</time></trkpt><trkpt lon="-1.6245167" lat="52.0849267"><ele>59.3</ele><time>2026-08-03T07:43:04.400Z</time></trkpt><trkpt lon="-1.6245734" lat="52.0847234"><ele>59.3</ele><time>2026-08-03T07:43:06.400Z</time></trkpt><trkpt lon="-1.62463" lat="52.08452"><ele>59.2</ele><time>2026-08-03T07:43:08.400Z</time></trkpt><trkpt lon="-1.62468" lat="52.08426"><ele>59.4</ele><time>2026-08-03T07:43:11.100Z</time></trkpt><trkpt lon="-1.62469" lat="52.08397"><ele>59.8</ele><time>2026-08-03T07:43:14.200Z</time></trkpt><trkpt lon="-1.624665" lat="52.083765"><ele>60.1</ele><time>2026-08-03T07:43:16.500Z</time></trkpt><trkpt lon="-1.62464" lat="52.08356"><ele>60.3</ele><time>2026-08-03T07:43:18.700Z</time></trkpt><trkpt lon="-1.624595" lat="52.083335"><ele>60.5</ele><time>2026-08-03T07:43:21.100Z</time></trkpt><trkpt lon="-1.62455" lat="52.08311"><ele>60.6</ele><time>2026-08-03T07:43:23.400Z</time></trkpt><trkpt lon="-1.6245033" lat="52.08293"><ele>60.7</ele><time>2026-08-03T07:43:25.200Z</time></trkpt><trkpt lon="-1.62441" lat="52.08257"><ele>60.8</ele><time>2026-08-03T07:43:28.900Z</time></trkpt><trkpt lon="-1.6243433" lat="52.0823933"><ele>60.6</ele><time>2026-08-03T07:43:30.500Z</time></trkpt><trkpt lon="-1.62421" lat="52.08204"><ele>60.3</ele><time>2026-08-03T07:43:33.900Z</time></trkpt><trkpt lon="-1.6241" lat="52.081825"><ele>59.7</ele><time>2026-08-03T07:43:35.800Z</time></trkpt><trkpt lon="-1.62399" lat="52.08161"><ele>59.4</ele><time>2026-08-03T07:43:37.900Z</time></trkpt><trkpt lon="-1.62376" lat="52.08126"><ele>59.7</ele><time>2026-08-03T07:43:41.800Z</time></trkpt><trkpt lon="-1.6235967" lat="52.08106"><ele>60.5</ele><time>2026-08-03T07:43:44.800Z</time></trkpt><trkpt lon="-1.6234333" lat="52.08086"><ele>61.7</ele><time>2026-08-03T07:43:48.300Z</time></trkpt><trkpt lon="-1.62327" lat="52.08066"><ele>63.1</ele><time>2026-08-03T07:43:52.100Z</time></trkpt><trkpt lon="-1.62307" lat="52.0804"><ele>64.6</ele><time>2026-08-03T07:43:56.600Z</time></trkpt><trkpt lon="-1.62294" lat="52.0802"><ele>65.5</ele><time>2026-08-03T07:43:59.600Z</time></trkpt><trkpt lon="-1.62281" lat="52.08"><ele>66.3</ele><time>2026-08-03T07:44:02.500Z</time></trkpt><trkpt lon="-1.62268" lat="52.0798"><ele>67.1</ele><time>2026-08-03T07:44:05.400Z</time></trkpt><trkpt lon="-1.6225733" lat="52.0795933"><ele>68.1</ele><time>2026-08-03T07:44:08.500Z</time></trkpt><trkpt lon="-1.6224667" lat="52.0793867"><ele>69.3</ele><time>2026-08-03T07:44:12.000Z</time></trkpt><trkpt lon="-1.62236" lat="52.07918"><ele>70.2</ele><time>2026-08-03T07:44:15.100Z</time></trkpt><trkpt lon="-1.62225" lat="52.0789"><ele>70.8</ele><time>2026-08-03T07:44:18.400Z</time></trkpt><trkpt lon="-1.6221967" lat="52.0787133"><ele>70.7</ele><time>2026-08-03T07:44:20.200Z</time></trkpt><trkpt lon="-1.62209" lat="52.07834"><ele>69.0</ele><time>2026-08-03T07:44:23.100Z</time></trkpt><trkpt lon="-1.62204" lat="52.078115"><ele>68.0</ele><time>2026-08-03T07:44:24.800Z</time></trkpt><trkpt lon="-1.62199" lat="52.07789"><ele>67.5</ele><time>2026-08-03T07:44:26.800Z</time></trkpt><trkpt lon="-1.621915" lat="52.077675"><ele>67.4</ele><time>2026-08-03T07:44:28.900Z</time></trkpt><trkpt lon="-1.62184" lat="52.07746"><ele>67.7</ele><time>2026-08-03T07:44:31.300Z</time></trkpt><trkpt lon="-1.6217767" lat="52.0772633"><ele>68.1</ele><time>2026-08-03T07:44:33.500Z</time></trkpt><trkpt lon="-1.6217133" lat="52.0770667"><ele>68.4</ele><time>2026-08-03T07:44:35.800Z</time></trkpt><trkpt lon="-1.62165" lat="52.07687"><ele>68.8</ele><time>2026-08-03T07:44:38.000Z</time></trkpt><trkpt lon="-1.62157" lat="52.07654"><ele>69.1</ele><time>2026-08-03T07:44:41.500Z</time></trkpt><trkpt lon="-1.62151" lat="52.07619"><ele>69.0</ele><time>2026-08-03T07:44:44.900Z</time></trkpt><trkpt lon="-1.62146" lat="52.07581"><ele>69.1</ele><time>2026-08-03T07:44:48.800Z</time></trkpt><trkpt lon="-1.62134" lat="52.07545"><ele>70.0</ele><time>2026-08-03T07:44:53.100Z</time></trkpt><trkpt lon="-1.62116" lat="52.07511"><ele>71.2</ele><time>2026-08-03T07:44:57.600Z</time></trkpt><trkpt lon="-1.6210275" lat="52.07491"><ele>71.4</ele><time>2026-08-03T07:44:59.900Z</time></trkpt><trkpt lon="-1.620895" lat="52.07471"><ele>71.2</ele><time>2026-08-03T07:45:01.900Z</time></trkpt><trkpt lon="-1.6207625" lat="52.07451"><ele>70.5</ele><time>2026-08-03T07:45:03.700Z</time></trkpt><trkpt lon="-1.62063" lat="52.07431"><ele>69.9</ele><time>2026-08-03T07:45:05.400Z</time></trkpt><trkpt lon="-1.6205" lat="52.07411"><ele>68.8</ele><time>2026-08-03T07:45:07.100Z</time></trkpt><trkpt lon="-1.62037" lat="52.07391"><ele>67.6</ele><time>2026-08-03T07:45:08.600Z</time></trkpt><trkpt lon="-1.62024" lat="52.07371"><ele>66.6</ele><time>2026-08-03T07:45:10.200Z</time></trkpt><trkpt lon="-1.62011" lat="52.07351"><ele>65.7</ele><time>2026-08-03T07:45:11.900Z</time></trkpt><trkpt lon="-1.61996" lat="52.07324"><ele>65.3</ele><time>2026-08-03T07:45:14.500Z</time></trkpt><trkpt lon="-1.6198" lat="52.0729"><ele>65.8</ele><time>2026-08-03T07:45:18.400Z</time></trkpt><trkpt lon="-1.6196967" lat="52.07265"><ele>66.7</ele><time>2026-08-03T07:45:21.700Z</time></trkpt><trkpt lon="-1.6195933" lat="52.0724"><ele>67.7</ele><time>2026-08-03T07:45:25.100Z</time></trkpt><trkpt lon="-1.61949" lat="52.07215"><ele>68.5</ele><time>2026-08-03T07:45:28.400Z</time></trkpt><trkpt lon="-1.61941" lat="52.07193"><ele>69.1</ele><time>2026-08-03T07:45:31.100Z</time></trkpt><trkpt lon="-1.61933" lat="52.07171"><ele>69.5</ele><time>2026-08-03T07:45:33.600Z</time></trkpt><trkpt lon="-1.61925" lat="52.07149"><ele>70.0</ele><time>2026-08-03T07:45:36.200Z</time></trkpt><trkpt lon="-1.61919" lat="52.07124"><ele>70.5</ele><time>2026-08-03T07:45:39.100Z</time></trkpt><trkpt lon="-1.61916" lat="52.071"><ele>71.0</ele><time>2026-08-03T07:45:41.900Z</time></trkpt><trkpt lon="-1.61917" lat="52.07075"><ele>71.5</ele><time>2026-08-03T07:45:44.700Z</time></trkpt><trkpt lon="-1.61922" lat="52.07049"><ele>72.0</ele><time>2026-08-03T07:45:47.700Z</time></trkpt><trkpt lon="-1.61932" lat="52.07028"><ele>72.4</ele><time>2026-08-03T07:45:50.100Z</time></trkpt><trkpt lon="-1.61942" lat="52.07009"><ele>72.8</ele><time>2026-08-03T07:45:52.400Z</time></trkpt><trkpt lon="-1.61966" lat="52.06976"><ele>73.4</ele><time>2026-08-03T07:45:56.400Z</time></trkpt><trkpt lon="-1.61993" lat="52.06942"><ele>73.2</ele><time>2026-08-03T07:46:00.000Z</time></trkpt><trkpt lon="-1.62014" lat="52.06921"><ele>72.3</ele><time>2026-08-03T07:46:02.000Z</time></trkpt><trkpt lon="-1.62038" lat="52.06903"><ele>70.8</ele><time>2026-08-03T07:46:03.700Z</time></trkpt><trkpt lon="-1.6206167" lat="52.0688667"><ele>69.3</ele><time>2026-08-03T07:46:05.200Z</time></trkpt><trkpt lon="-1.6208534" lat="52.0687034"><ele>68.4</ele><time>2026-08-03T07:46:06.900Z</time></trkpt><trkpt lon="-1.62109" lat="52.06854"><ele>67.6</ele><time>2026-08-03T07:46:08.700Z</time></trkpt><trkpt lon="-1.62151" lat="52.06823"><ele>66.7</ele><time>2026-08-03T07:46:12.200Z</time></trkpt><trkpt lon="-1.6217233" lat="52.0680633"><ele>66.4</ele><time>2026-08-03T07:46:14.100Z</time></trkpt><trkpt lon="-1.6219367" lat="52.0678967"><ele>66.1</ele><time>2026-08-03T07:46:16.000Z</time></trkpt><trkpt lon="-1.62215" lat="52.06773"><ele>65.9</ele><time>2026-08-03T07:46:17.900Z</time></trkpt><trkpt lon="-1.62235" lat="52.0675533"><ele>65.5</ele><time>2026-08-03T07:46:19.900Z</time></trkpt><trkpt lon="-1.62255" lat="52.0673767"><ele>65.4</ele><time>2026-08-03T07:46:21.900Z</time></trkpt><trkpt lon="-1.62275" lat="52.0672"><ele>65.3</ele><time>2026-08-03T07:46:23.900Z</time></trkpt><trkpt lon="-1.62293" lat="52.067025"><ele>65.7</ele><time>2026-08-03T07:46:26.300Z</time></trkpt><trkpt lon="-1.62311" lat="52.06685"><ele>65.9</ele><time>2026-08-03T07:46:28.500Z</time></trkpt><trkpt lon="-1.62328" lat="52.06664"><ele>66.0</ele><time>2026-08-03T07:46:30.900Z</time></trkpt><trkpt lon="-1.62345" lat="52.06643"><ele>66.0</ele><time>2026-08-03T07:46:33.100Z</time></trkpt><trkpt lon="-1.623625" lat="52.066225"><ele>65.9</ele><time>2026-08-03T07:46:35.400Z</time></trkpt><trkpt lon="-1.6238" lat="52.06602"><ele>65.9</ele><time>2026-08-03T07:46:37.600Z</time></trkpt><trkpt lon="-1.62395" lat="52.065795"><ele>65.6</ele><time>2026-08-03T07:46:39.800Z</time></trkpt><trkpt lon="-1.6241" lat="52.06557"><ele>65.3</ele><time>2026-08-03T07:46:42.100Z</time></trkpt><trkpt lon="-1.62416" lat="52.06544"><ele>65.0</ele><time>2026-08-03T07:46:43.200Z</time></trkpt><trkpt lon="-1.62421" lat="52.06527"><ele>64.5</ele><time>2026-08-03T07:46:44.700Z</time></trkpt><trkpt lon="-1.6242" lat="52.06516"><ele>64.3</ele><time>2026-08-03T07:46:45.600Z</time></trkpt><trkpt lon="-1.62417" lat="52.06508"><ele>64.2</ele><time>2026-08-03T07:46:46.400Z</time></trkpt><trkpt lon="-1.62397" lat="52.06478"><ele>63.4</ele><time>2026-08-03T07:46:49.200Z</time></trkpt><trkpt lon="-1.62392" lat="52.06467"><ele>63.2</ele><time>2026-08-03T07:46:50.200Z</time></trkpt><trkpt lon="-1.62386" lat="52.06447"><ele>63.0</ele><time>2026-08-03T07:46:52.100Z</time></trkpt><trkpt lon="-1.6238" lat="52.06427"><ele>63.1</ele><time>2026-08-03T07:46:54.100Z</time></trkpt><trkpt lon="-1.62375" lat="52.06409"><ele>63.2</ele><time>2026-08-03T07:46:56.000Z</time></trkpt><trkpt lon="-1.623715" lat="52.06388"><ele>63.4</ele><time>2026-08-03T07:46:58.200Z</time></trkpt><trkpt lon="-1.62368" lat="52.06367"><ele>63.6</ele><time>2026-08-03T07:47:00.400Z</time></trkpt><trkpt lon="-1.623645" lat="52.06346"><ele>63.7</ele><time>2026-08-03T07:47:02.600Z</time></trkpt><trkpt lon="-1.62361" lat="52.06325"><ele>63.9</ele><time>2026-08-03T07:47:04.800Z</time></trkpt><trkpt lon="-1.62359" lat="52.06302"><ele>64.0</ele><time>2026-08-03T07:47:07.100Z</time></trkpt><trkpt lon="-1.6236" lat="52.062800067179"><ele>64.2</ele><time>2026-08-03T07:47:09.400Z</time></trkpt><trkpt lon="-1.62356" lat="52.06272"><ele>64.1</ele><time>2026-08-03T07:47:10.200Z</time></trkpt><trkpt lon="-1.62355" lat="52.0626"><ele>64.0</ele><time>2026-08-03T07:47:11.300Z</time></trkpt><trkpt lon="-1.6235" lat="52.06242"><ele>63.9</ele><time>2026-08-03T07:47:13.000Z</time></trkpt><trkpt lon="-1.62341" lat="52.06227"><ele>63.6</ele><time>2026-08-03T07:47:14.500Z</time></trkpt><trkpt lon="-1.62332" lat="52.06221"><ele>63.5</ele><time>2026-08-03T07:47:15.200Z</time></trkpt><trkpt lon="-1.62319" lat="52.06215"><ele>63.4</ele><time>2026-08-03T07:47:16.100Z</time></trkpt><trkpt lon="-1.623" lat="52.06209"><ele>63.2</ele><time>2026-08-03T07:47:17.300Z</time></trkpt><trkpt lon="-1.62295" lat="52.06207"><ele>63.2</ele><time>2026-08-03T07:47:17.600Z</time></trkpt><trkpt lon="-1.622595" lat="52.062045"><ele>63.2</ele><time>2026-08-03T07:47:19.800Z</time></trkpt><trkpt lon="-1.62224" lat="52.06202"><ele>63.2</ele><time>2026-08-03T07:47:22.000Z</time></trkpt><trkpt lon="-1.62214" lat="52.062"><ele>63.2</ele><time>2026-08-03T07:47:22.600Z</time></trkpt><trkpt lon="-1.62165" lat="52.06183"><ele>63.3</ele><time>2026-08-03T07:47:26.100Z</time></trkpt><trkpt lon="-1.62131" lat="52.0617"><ele>63.3</ele><time>2026-08-03T07:47:28.500Z</time></trkpt><trkpt lon="-1.62085" lat="52.0615"><ele>63.4</ele><time>2026-08-03T07:47:31.900Z</time></trkpt><trkpt lon="-1.62041" lat="52.06128"><ele>63.6</ele><time>2026-08-03T07:47:35.500Z</time></trkpt><trkpt lon="-1.6201567" lat="52.0611633"><ele>64.0</ele><time>2026-08-03T07:47:37.800Z</time></trkpt><trkpt lon="-1.6199033" lat="52.0610467"><ele>64.5</ele><time>2026-08-03T07:47:40.000Z</time></trkpt><trkpt lon="-1.61965" lat="52.06093"><ele>64.9</ele><time>2026-08-03T07:47:42.300Z</time></trkpt><trkpt lon="-1.61942" lat="52.06084"><ele>65.6</ele><time>2026-08-03T07:47:44.600Z</time></trkpt><trkpt lon="-1.61909" lat="52.06072"><ele>67.0</ele><time>2026-08-03T07:47:48.500Z</time></trkpt><trkpt lon="-1.61876" lat="52.0606"><ele>68.2</ele><time>2026-08-03T07:47:52.300Z</time></trkpt><trkpt lon="-1.61843" lat="52.06048"><ele>68.9</ele><time>2026-08-03T07:47:55.100Z</time></trkpt><trkpt lon="-1.6181825" lat="52.0603925"><ele>69.5</ele><time>2026-08-03T07:47:57.400Z</time></trkpt><trkpt lon="-1.617935" lat="52.060305"><ele>70.4</ele><time>2026-08-03T07:48:00.100Z</time></trkpt><trkpt lon="-1.6176875" lat="52.0602175"><ele>71.5</ele><time>2026-08-03T07:48:03.000Z</time></trkpt><trkpt lon="-1.61744" lat="52.06013"><ele>72.5</ele><time>2026-08-03T07:48:06.000Z</time></trkpt><trkpt lon="-1.61714" lat="52.06006"><ele>73.8</ele><time>2026-08-03T07:48:09.400Z</time></trkpt><trkpt lon="-1.61684" lat="52.05999"><ele>74.9</ele><time>2026-08-03T07:48:12.600Z</time></trkpt><trkpt lon="-1.6163" lat="52.05992"><ele>76.3</ele><time>2026-08-03T07:48:17.300Z</time></trkpt><trkpt lon="-1.6159725" lat="52.059895"><ele>76.9</ele><time>2026-08-03T07:48:19.800Z</time></trkpt><trkpt lon="-1.615645" lat="52.05987"><ele>77.3</ele><time>2026-08-03T07:48:22.100Z</time></trkpt><trkpt lon="-1.6153175" lat="52.059845"><ele>77.5</ele><time>2026-08-03T07:48:24.300Z</time></trkpt><trkpt lon="-1.61499" lat="52.05982"><ele>77.7</ele><time>2026-08-03T07:48:26.500Z</time></trkpt><trkpt lon="-1.614665" lat="52.0597975"><ele>77.8</ele><time>2026-08-03T07:48:28.500Z</time></trkpt><trkpt lon="-1.61434" lat="52.059775"><ele>77.8</ele><time>2026-08-03T07:48:30.500Z</time></trkpt><trkpt lon="-1.61369" lat="52.05973"><ele>77.7</ele><time>2026-08-03T07:48:34.400Z</time></trkpt><trkpt lon="-1.6133625" lat="52.059705"><ele>77.8</ele><time>2026-08-03T07:48:36.400Z</time></trkpt><trkpt lon="-1.613035" lat="52.05968"><ele>78.0</ele><time>2026-08-03T07:48:38.600Z</time></trkpt><trkpt lon="-1.6127075" lat="52.059655"><ele>78.2</ele><time>2026-08-03T07:48:40.800Z</time></trkpt><trkpt lon="-1.61238" lat="52.05963"><ele>78.5</ele><time>2026-08-03T07:48:43.000Z</time></trkpt><trkpt lon="-1.6119467" lat="52.0595967"><ele>78.4</ele><time>2026-08-03T07:48:45.500Z</time></trkpt><trkpt lon="-1.6115133" lat="52.0595633"><ele>78.3</ele><time>2026-08-03T07:48:48.100Z</time></trkpt><trkpt lon="-1.61108" lat="52.05953"><ele>78.1</ele><time>2026-08-03T07:48:50.600Z</time></trkpt><trkpt lon="-1.61075" lat="52.0595067"><ele>78.2</ele><time>2026-08-03T07:48:52.700Z</time></trkpt><trkpt lon="-1.61042" lat="52.0594834"><ele>78.3</ele><time>2026-08-03T07:48:54.700Z</time></trkpt><trkpt lon="-1.61009" lat="52.05946"><ele>78.3</ele><time>2026-08-03T07:48:56.800Z</time></trkpt><trkpt lon="-1.6097633" lat="52.0594367"><ele>78.5</ele><time>2026-08-03T07:48:59.000Z</time></trkpt><trkpt lon="-1.6094366" lat="52.0594134"><ele>79.1</ele><time>2026-08-03T07:49:01.400Z</time></trkpt><trkpt lon="-1.60911" lat="52.05939"><ele>79.6</ele><time>2026-08-03T07:49:03.800Z</time></trkpt><trkpt lon="-1.60875" lat="52.05938"><ele>80.0</ele><time>2026-08-03T07:49:06.300Z</time></trkpt><trkpt lon="-1.6084225" lat="52.0594225"><ele>80.3</ele><time>2026-08-03T07:49:08.600Z</time></trkpt><trkpt lon="-1.608095" lat="52.059465"><ele>80.6</ele><time>2026-08-03T07:49:10.800Z</time></trkpt><trkpt lon="-1.6077675" lat="52.0595075"><ele>80.9</ele><time>2026-08-03T07:49:13.100Z</time></trkpt><trkpt lon="-1.60744" lat="52.05955"><ele>81.3</ele><time>2026-08-03T07:49:15.400Z</time></trkpt><trkpt lon="-1.607075" lat="52.05957"><ele>81.6</ele><time>2026-08-03T07:49:17.900Z</time></trkpt><trkpt lon="-1.60671" lat="52.05959"><ele>81.9</ele><time>2026-08-03T07:49:20.300Z</time></trkpt><trkpt lon="-1.6062967" lat="52.0596067"><ele>82.2</ele><time>2026-08-03T07:49:23.100Z</time></trkpt><trkpt lon="-1.6058833" lat="52.0596233"><ele>82.4</ele><time>2026-08-03T07:49:25.700Z</time></trkpt><trkpt lon="-1.60547" lat="52.05964"><ele>82.5</ele><time>2026-08-03T07:49:28.300Z</time></trkpt><trkpt lon="-1.60506" lat="52.0596567"><ele>82.5</ele><time>2026-08-03T07:49:30.800Z</time></trkpt><trkpt lon="-1.60465" lat="52.0596733"><ele>82.6</ele><time>2026-08-03T07:49:33.300Z</time></trkpt><trkpt lon="-1.60424" lat="52.05969"><ele>82.6</ele><time>2026-08-03T07:49:35.800Z</time></trkpt><trkpt lon="-1.60364" lat="52.05977"><ele>82.7</ele><time>2026-08-03T07:49:39.600Z</time></trkpt><trkpt lon="-1.60333" lat="52.0598425"><ele>82.9</ele><time>2026-08-03T07:49:41.700Z</time></trkpt><trkpt lon="-1.60302" lat="52.059915"><ele>83.1</ele><time>2026-08-03T07:49:43.900Z</time></trkpt><trkpt lon="-1.60271" lat="52.0599875"><ele>83.5</ele><time>2026-08-03T07:49:46.200Z</time></trkpt><trkpt lon="-1.6024" lat="52.06006"><ele>83.9</ele><time>2026-08-03T07:49:48.500Z</time></trkpt><trkpt lon="-1.60206" lat="52.060155"><ele>84.5</ele><time>2026-08-03T07:49:51.300Z</time></trkpt><trkpt lon="-1.60172" lat="52.06025"><ele>85.2</ele><time>2026-08-03T07:49:54.100Z</time></trkpt><trkpt lon="-1.601385" lat="52.06035"><ele>85.7</ele><time>2026-08-03T07:49:56.800Z</time></trkpt><trkpt lon="-1.60105" lat="52.06045"><ele>86.0</ele><time>2026-08-03T07:49:59.200Z</time></trkpt><trkpt lon="-1.6006933" lat="52.0605067"><ele>85.8</ele><time>2026-08-03T07:50:01.400Z</time></trkpt><trkpt lon="-1.6003367" lat="52.0605633"><ele>85.7</ele><time>2026-08-03T07:50:03.500Z</time></trkpt><trkpt lon="-1.59998" lat="52.06062"><ele>85.3</ele><time>2026-08-03T07:50:05.500Z</time></trkpt><trkpt lon="-1.5996467" lat="52.06067"><ele>84.8</ele><time>2026-08-03T07:50:07.300Z</time></trkpt><trkpt lon="-1.5993134" lat="52.06072"><ele>84.1</ele><time>2026-08-03T07:50:09.100Z</time></trkpt><trkpt lon="-1.59898" lat="52.06077"><ele>83.5</ele><time>2026-08-03T07:50:10.800Z</time></trkpt><trkpt lon="-1.5986433" lat="52.0608233"><ele>82.7</ele><time>2026-08-03T07:50:12.500Z</time></trkpt><trkpt lon="-1.5983067" lat="52.0608767"><ele>82.0</ele><time>2026-08-03T07:50:14.200Z</time></trkpt><trkpt lon="-1.59797" lat="52.06093"><ele>81.3</ele><time>2026-08-03T07:50:16.000Z</time></trkpt><trkpt lon="-1.5976367" lat="52.0609967"><ele>81.1</ele><time>2026-08-03T07:50:18.000Z</time></trkpt><trkpt lon="-1.5973034" lat="52.0610634"><ele>81.3</ele><time>2026-08-03T07:50:20.300Z</time></trkpt><trkpt lon="-1.59697" lat="52.06113"><ele>81.5</ele><time>2026-08-03T07:50:22.500Z</time></trkpt><trkpt lon="-1.5966033" lat="52.06123"><ele>81.4</ele><time>2026-08-03T07:50:24.900Z</time></trkpt><trkpt lon="-1.5962367" lat="52.06133"><ele>81.2</ele><time>2026-08-03T07:50:27.200Z</time></trkpt><trkpt lon="-1.59587" lat="52.06143"><ele>80.8</ele><time>2026-08-03T07:50:29.400Z</time></trkpt><trkpt lon="-1.59557" lat="52.06154"><ele>80.3</ele><time>2026-08-03T07:50:31.200Z</time></trkpt><trkpt lon="-1.59527" lat="52.06165"><ele>79.8</ele><time>2026-08-03T07:50:33.100Z</time></trkpt><trkpt lon="-1.5949667" lat="52.0617867"><ele>79.1</ele><time>2026-08-03T07:50:35.000Z</time></trkpt><trkpt lon="-1.5946633" lat="52.0619233"><ele>78.1</ele><time>2026-08-03T07:50:36.800Z</time></trkpt><trkpt lon="-1.59436" lat="52.06206"><ele>77.5</ele><time>2026-08-03T07:50:38.700Z</time></trkpt><trkpt lon="-1.59403" lat="52.0622167"><ele>77.3</ele><time>2026-08-03T07:50:41.100Z</time></trkpt><trkpt lon="-1.5937" lat="52.0623733"><ele>77.8</ele><time>2026-08-03T07:50:44.100Z</time></trkpt><trkpt lon="-1.59337" lat="52.06253"><ele>78.6</ele><time>2026-08-03T07:50:47.200Z</time></trkpt><trkpt lon="-1.593075" lat="52.062685"><ele>79.4</ele><time>2026-08-03T07:50:50.300Z</time></trkpt><trkpt lon="-1.59278" lat="52.06284"><ele>80.1</ele><time>2026-08-03T07:50:53.200Z</time></trkpt><trkpt lon="-1.592495" lat="52.062945"><ele>80.4</ele><time>2026-08-03T07:50:55.500Z</time></trkpt><trkpt lon="-1.59221" lat="52.06305"><ele>80.7</ele><time>2026-08-03T07:50:57.700Z</time></trkpt><trkpt lon="-1.5919" lat="52.06313"><ele>80.8</ele><time>2026-08-03T07:50:59.800Z</time></trkpt><trkpt lon="-1.59159" lat="52.06321"><ele>81.0</ele><time>2026-08-03T07:51:02.000Z</time></trkpt><trkpt lon="-1.59124" lat="52.06327"><ele>81.1</ele><time>2026-08-03T07:51:04.300Z</time></trkpt><trkpt lon="-1.59084" lat="52.06332"><ele>81.2</ele><time>2026-08-03T07:51:06.800Z</time></trkpt><trkpt lon="-1.5906" lat="52.06334"><ele>81.3</ele><time>2026-08-03T07:51:08.300Z</time></trkpt><trkpt lon="-1.59017" lat="52.06335"><ele>81.5</ele><time>2026-08-03T07:51:11.100Z</time></trkpt><trkpt lon="-1.58969" lat="52.06333"><ele>81.7</ele><time>2026-08-03T07:51:14.200Z</time></trkpt><trkpt lon="-1.58931" lat="52.06329"><ele>82.0</ele><time>2026-08-03T07:51:16.700Z</time></trkpt><trkpt lon="-1.5889733" lat="52.0632433"><ele>82.1</ele><time>2026-08-03T07:51:18.900Z</time></trkpt><trkpt lon="-1.5886366" lat="52.0631967"><ele>82.3</ele><time>2026-08-03T07:51:21.100Z</time></trkpt><trkpt lon="-1.5883" lat="52.06315"><ele>82.5</ele><time>2026-08-03T07:51:23.400Z</time></trkpt><trkpt lon="-1.5879633" lat="52.0631033"><ele>82.6</ele><time>2026-08-03T07:51:25.500Z</time></trkpt><trkpt lon="-1.5876266" lat="52.0630567"><ele>82.8</ele><time>2026-08-03T07:51:27.700Z</time></trkpt><trkpt lon="-1.58729" lat="52.06301"><ele>82.9</ele><time>2026-08-03T07:51:29.900Z</time></trkpt><trkpt lon="-1.58672" lat="52.06295"><ele>83.2</ele><time>2026-08-03T07:51:33.700Z</time></trkpt><trkpt lon="-1.58636" lat="52.0629333"><ele>83.4</ele><time>2026-08-03T07:51:36.000Z</time></trkpt><trkpt lon="-1.586" lat="52.0629167"><ele>83.5</ele><time>2026-08-03T07:51:38.200Z</time></trkpt><trkpt lon="-1.58564" lat="52.0629"><ele>83.6</ele><time>2026-08-03T07:51:40.500Z</time></trkpt><trkpt lon="-1.58528" lat="52.0628833"><ele>83.8</ele><time>2026-08-03T07:51:42.800Z</time></trkpt><trkpt lon="-1.58492" lat="52.0628667"><ele>84.0</ele><time>2026-08-03T07:51:45.200Z</time></trkpt><trkpt lon="-1.58456" lat="52.06285"><ele>84.2</ele><time>2026-08-03T07:51:47.500Z</time></trkpt><trkpt lon="-1.5842325" lat="52.0628275"><ele>84.5</ele><time>2026-08-03T07:51:49.700Z</time></trkpt><trkpt lon="-1.583905" lat="52.062805"><ele>84.8</ele><time>2026-08-03T07:51:52.000Z</time></trkpt><trkpt lon="-1.5835775" lat="52.0627825"><ele>85.1</ele><time>2026-08-03T07:51:54.200Z</time></trkpt><trkpt lon="-1.58325" lat="52.06276"><ele>85.4</ele><time>2026-08-03T07:51:56.400Z</time></trkpt><trkpt lon="-1.582925" lat="52.062735"><ele>85.8</ele><time>2026-08-03T07:51:58.700Z</time></trkpt><trkpt lon="-1.5826" lat="52.06271"><ele>86.2</ele><time>2026-08-03T07:52:01.000Z</time></trkpt><trkpt lon="-1.582275" lat="52.062685"><ele>86.6</ele><time>2026-08-03T07:52:03.300Z</time></trkpt><trkpt lon="-1.58195" lat="52.06266"><ele>87.0</ele><time>2026-08-03T07:52:05.600Z</time></trkpt><trkpt lon="-1.5816233" lat="52.0626367"><ele>87.5</ele><time>2026-08-03T07:52:08.000Z</time></trkpt><trkpt lon="-1.5812966" lat="52.0626134"><ele>87.8</ele><time>2026-08-03T07:52:10.200Z</time></trkpt><trkpt lon="-1.58097" lat="52.06259"><ele>88.1</ele><time>2026-08-03T07:52:12.400Z</time></trkpt><trkpt lon="-1.5804" lat="52.06256"><ele>88.5</ele><time>2026-08-03T07:52:16.200Z</time></trkpt><trkpt lon="-1.57997" lat="52.06255"><ele>88.7</ele><time>2026-08-03T07:52:19.000Z</time></trkpt><trkpt lon="-1.5795667" lat="52.0625633"><ele>88.8</ele><time>2026-08-03T07:52:21.500Z</time></trkpt><trkpt lon="-1.5791633" lat="52.0625767"><ele>88.9</ele><time>2026-08-03T07:52:24.000Z</time></trkpt><trkpt lon="-1.57876" lat="52.06259"><ele>89.0</ele><time>2026-08-03T07:52:26.500Z</time></trkpt><trkpt lon="-1.57837" lat="52.06258"><ele>89.0</ele><time>2026-08-03T07:52:28.800Z</time></trkpt><trkpt lon="-1.57787" lat="52.06254"><ele>88.9</ele><time>2026-08-03T07:52:31.800Z</time></trkpt><trkpt lon="-1.57747" lat="52.06247"><ele>89.0</ele><time>2026-08-03T07:52:34.400Z</time></trkpt><trkpt lon="-1.577105" lat="52.06237"><ele>89.1</ele><time>2026-08-03T07:52:36.900Z</time></trkpt><trkpt lon="-1.57674" lat="52.06227"><ele>89.4</ele><time>2026-08-03T07:52:39.500Z</time></trkpt><trkpt lon="-1.576375" lat="52.06217"><ele>90.0</ele><time>2026-08-03T07:52:42.400Z</time></trkpt><trkpt lon="-1.57601" lat="52.06207"><ele>90.9</ele><time>2026-08-03T07:52:45.600Z</time></trkpt><trkpt lon="-1.57551" lat="52.06197"><ele>92.2</ele><time>2026-08-03T07:52:50.100Z</time></trkpt><trkpt lon="-1.575205" lat="52.061915"><ele>93.1</ele><time>2026-08-03T07:52:52.900Z</time></trkpt><trkpt lon="-1.5749" lat="52.06186"><ele>94.1</ele><time>2026-08-03T07:52:55.900Z</time></trkpt><trkpt lon="-1.5745533" lat="52.0618067"><ele>95.3</ele><time>2026-08-03T07:52:59.500Z</time></trkpt><trkpt lon="-1.5742067" lat="52.0617533"><ele>96.6</ele><time>2026-08-03T07:53:03.100Z</time></trkpt><trkpt lon="-1.57386" lat="52.0617"><ele>97.9</ele><time>2026-08-03T07:53:06.800Z</time></trkpt><trkpt lon="-1.57355" lat="52.061645"><ele>98.9</ele><time>2026-08-03T07:53:09.800Z</time></trkpt><trkpt lon="-1.57324" lat="52.06159"><ele>99.5</ele><time>2026-08-03T07:53:12.300Z</time></trkpt><trkpt lon="-1.57286" lat="52.0615133"><ele>99.9</ele><time>2026-08-03T07:53:15.100Z</time></trkpt><trkpt lon="-1.57248" lat="52.0614367"><ele>100.9</ele><time>2026-08-03T07:53:18.300Z</time></trkpt><trkpt lon="-1.5721" lat="52.06136"><ele>102.4</ele><time>2026-08-03T07:53:22.500Z</time></trkpt><trkpt lon="-1.57175" lat="52.06128"><ele>103.6</ele><time>2026-08-03T07:53:26.100Z</time></trkpt><trkpt lon="-1.5714" lat="52.0612"><ele>104.3</ele><time>2026-08-03T07:53:28.900Z</time></trkpt><trkpt lon="-1.57105" lat="52.06112"><ele>104.6</ele><time>2026-08-03T07:53:31.500Z</time></trkpt><trkpt lon="-1.5707" lat="52.06104"><ele>104.6</ele><time>2026-08-03T07:53:33.800Z</time></trkpt><trkpt lon="-1.57034" lat="52.06098"><ele>104.7</ele><time>2026-08-03T07:53:36.000Z</time></trkpt><trkpt lon="-1.56988" lat="52.06093"><ele>104.8</ele><time>2026-08-03T07:53:38.900Z</time></trkpt><trkpt lon="-1.56959" lat="52.0609067"><ele>104.9</ele><time>2026-08-03T07:53:40.800Z</time></trkpt><trkpt lon="-1.56901" lat="52.06086"><ele>104.5</ele><time>2026-08-03T07:53:44.100Z</time></trkpt><trkpt lon="-1.56851" lat="52.06078"><ele>104.1</ele><time>2026-08-03T07:53:47.000Z</time></trkpt><trkpt lon="-1.56803" lat="52.06067"><ele>103.5</ele><time>2026-08-03T07:53:49.800Z</time></trkpt><trkpt lon="-1.5677067" lat="52.06058"><ele>103.5</ele><time>2026-08-03T07:53:51.900Z</time></trkpt><trkpt lon="-1.5673833" lat="52.06049"><ele>103.9</ele><time>2026-08-03T07:53:54.300Z</time></trkpt><trkpt lon="-1.56706" lat="52.0604"><ele>105.0</ele><time>2026-08-03T07:53:57.700Z</time></trkpt><trkpt lon="-1.5668175" lat="52.0603325"><ele>106.2</ele><time>2026-08-03T07:54:00.900Z</time></trkpt><trkpt lon="-1.566575" lat="52.060265"><ele>107.8</ele><time>2026-08-03T07:54:04.500Z</time></trkpt><trkpt lon="-1.5663325" lat="52.0601975"><ele>109.3</ele><time>2026-08-03T07:54:08.100Z</time></trkpt><trkpt lon="-1.56609" lat="52.06013"><ele>110.8</ele><time>2026-08-03T07:54:11.700Z</time></trkpt><trkpt lon="-1.56567" lat="52.06003"><ele>113.4</ele><time>2026-08-03T07:54:17.900Z</time></trkpt><trkpt lon="-1.565445" lat="52.06"><ele>114.9</ele><time>2026-08-03T07:54:21.300Z</time></trkpt><trkpt lon="-1.56522" lat="52.05997"><ele>116.6</ele><time>2026-08-03T07:54:24.900Z</time></trkpt><trkpt lon="-1.564974" lat="52.059942"><ele>118.6</ele><time>2026-08-03T07:54:29.100Z</time></trkpt><trkpt lon="-1.564728" lat="52.059914"><ele>120.6</ele><time>2026-08-03T07:54:33.200Z</time></trkpt><trkpt lon="-1.564482" lat="52.059886"><ele>122.2</ele><time>2026-08-03T07:54:37.000Z</time></trkpt><trkpt lon="-1.564236" lat="52.059858"><ele>123.6</ele><time>2026-08-03T07:54:40.300Z</time></trkpt><trkpt lon="-1.56399" lat="52.05983"><ele>125.0</ele><time>2026-08-03T07:54:43.600Z</time></trkpt><trkpt lon="-1.56375" lat="52.05981"><ele>126.3</ele><time>2026-08-03T07:54:46.700Z</time></trkpt><trkpt lon="-1.56351" lat="52.05979"><ele>127.6</ele><time>2026-08-03T07:54:49.900Z</time></trkpt><trkpt lon="-1.56305" lat="52.05981"><ele>130.2</ele><time>2026-08-03T07:54:56.100Z</time></trkpt><trkpt lon="-1.56265" lat="52.05987"><ele>132.3</ele><time>2026-08-03T07:55:01.200Z</time></trkpt><trkpt lon="-1.56232" lat="52.0599225"><ele>133.9</ele><time>2026-08-03T07:55:05.300Z</time></trkpt><trkpt lon="-1.56199" lat="52.059975"><ele>135.3</ele><time>2026-08-03T07:55:09.000Z</time></trkpt><trkpt lon="-1.56166" lat="52.0600275"><ele>136.5</ele><time>2026-08-03T07:55:12.500Z</time></trkpt><trkpt lon="-1.56133" lat="52.06008"><ele>137.7</ele><time>2026-08-03T07:55:15.800Z</time></trkpt><trkpt lon="-1.56083" lat="52.06012"><ele>138.8</ele><time>2026-08-03T07:55:20.000Z</time></trkpt><trkpt lon="-1.56052" lat="52.0601"><ele>139.6</ele><time>2026-08-03T07:55:22.600Z</time></trkpt><trkpt lon="-1.56017" lat="52.06004"><ele>140.5</ele><time>2026-08-03T07:55:25.600Z</time></trkpt><trkpt lon="-1.55994" lat="52.05999"><ele>140.8</ele><time>2026-08-03T07:55:27.400Z</time></trkpt><trkpt lon="-1.5596" lat="52.05986"><ele>140.9</ele><time>2026-08-03T07:55:29.900Z</time></trkpt><trkpt lon="-1.55928" lat="52.05968"><ele>140.1</ele><time>2026-08-03T07:55:32.100Z</time></trkpt><trkpt lon="-1.55901" lat="52.05948"><ele>138.8</ele><time>2026-08-03T07:55:34.000Z</time></trkpt><trkpt lon="-1.55874" lat="52.05928"><ele>137.5</ele><time>2026-08-03T07:55:35.900Z</time></trkpt><trkpt lon="-1.55835" lat="52.05908"><ele>136.5</ele><time>2026-08-03T07:55:38.500Z</time></trkpt><trkpt lon="-1.55811" lat="52.05892"><ele>136.2</ele><time>2026-08-03T07:55:40.400Z</time></trkpt><trkpt lon="-1.55794" lat="52.05875"><ele>135.9</ele><time>2026-08-03T07:55:42.200Z</time></trkpt><trkpt lon="-1.55784" lat="52.05862"><ele>135.7</ele><time>2026-08-03T07:55:43.500Z</time></trkpt><trkpt lon="-1.55766" lat="52.05834"><ele>135.3</ele><time>2026-08-03T07:55:46.300Z</time></trkpt><trkpt lon="-1.55761" lat="52.05824"><ele>135.1</ele><time>2026-08-03T07:55:47.200Z</time></trkpt><trkpt lon="-1.55753" lat="52.05803"><ele>134.7</ele><time>2026-08-03T07:55:49.100Z</time></trkpt><trkpt lon="-1.55745" lat="52.05782"><ele>134.2</ele><time>2026-08-03T07:55:50.900Z</time></trkpt><trkpt lon="-1.55735" lat="52.05758"><ele>133.6</ele><time>2026-08-03T07:55:53.100Z</time></trkpt><trkpt lon="-1.55725" lat="52.05734"><ele>133.2</ele><time>2026-08-03T07:55:55.300Z</time></trkpt><trkpt lon="-1.55715" lat="52.057095"><ele>132.6</ele><time>2026-08-03T07:55:57.400Z</time></trkpt><trkpt lon="-1.55705" lat="52.05685"><ele>131.8</ele><time>2026-08-03T07:55:59.500Z</time></trkpt><trkpt lon="-1.5569733" lat="52.05666"><ele>131.0</ele><time>2026-08-03T07:56:01.000Z</time></trkpt><trkpt lon="-1.55682" lat="52.05628"><ele>129.4</ele><time>2026-08-03T07:56:04.100Z</time></trkpt><trkpt lon="-1.556745" lat="52.056065"><ele>128.7</ele><time>2026-08-03T07:56:05.900Z</time></trkpt><trkpt lon="-1.55667" lat="52.05585"><ele>128.3</ele><time>2026-08-03T07:56:07.800Z</time></trkpt><trkpt lon="-1.55665" lat="52.05553"><ele>128.5</ele><time>2026-08-03T07:56:11.100Z</time></trkpt><trkpt lon="-1.55667" lat="52.05527"><ele>128.7</ele><time>2026-08-03T07:56:13.800Z</time></trkpt><trkpt lon="-1.55669" lat="52.05501"><ele>129.0</ele><time>2026-08-03T07:56:16.600Z</time></trkpt><trkpt lon="-1.5567067" lat="52.0548333"><ele>129.2</ele><time>2026-08-03T07:56:18.500Z</time></trkpt><trkpt lon="-1.55674" lat="52.05448"><ele>129.6</ele><time>2026-08-03T07:56:22.300Z</time></trkpt><trkpt lon="-1.5567275" lat="52.0542625"><ele>129.4</ele><time>2026-08-03T07:56:24.400Z</time></trkpt><trkpt lon="-1.556715" lat="52.054045"><ele>128.9</ele><time>2026-08-03T07:56:26.200Z</time></trkpt><trkpt lon="-1.5567025" lat="52.0538275"><ele>128.2</ele><time>2026-08-03T07:56:28.000Z</time></trkpt><trkpt lon="-1.55669" lat="52.05361"><ele>127.6</ele><time>2026-08-03T07:56:29.800Z</time></trkpt><trkpt lon="-1.55665" lat="52.05342"><ele>126.8</ele><time>2026-08-03T07:56:31.300Z</time></trkpt><trkpt lon="-1.55656" lat="52.05322"><ele>125.5</ele><time>2026-08-03T07:56:32.800Z</time></trkpt><trkpt lon="-1.55648" lat="52.05311"><ele>124.6</ele><time>2026-08-03T07:56:33.600Z</time></trkpt><trkpt lon="-1.55638" lat="52.05302"><ele>123.9</ele><time>2026-08-03T07:56:34.400Z</time></trkpt><trkpt lon="-1.55618" lat="52.05286"><ele>122.7</ele><time>2026-08-03T07:56:35.800Z</time></trkpt><trkpt lon="-1.55613" lat="52.05283"><ele>122.4</ele><time>2026-08-03T07:56:36.100Z</time></trkpt><trkpt lon="-1.5558" lat="52.05267"><ele>120.5</ele><time>2026-08-03T07:56:38.000Z</time></trkpt><trkpt lon="-1.55561" lat="52.0526"><ele>119.2</ele><time>2026-08-03T07:56:38.900Z</time></trkpt><trkpt lon="-1.55528" lat="52.0525267"><ele>117.0</ele><time>2026-08-03T07:56:40.400Z</time></trkpt><trkpt lon="-1.55495" lat="52.0524534"><ele>116.4</ele><time>2026-08-03T07:56:42.200Z</time></trkpt><trkpt lon="-1.55462" lat="52.05238"><ele>116.0</ele><time>2026-08-03T07:56:44.100Z</time></trkpt><trkpt lon="-1.55406" lat="52.05227"><ele>114.8</ele><time>2026-08-03T07:56:47.100Z</time></trkpt><trkpt lon="-1.55375" lat="52.05224"><ele>114.6</ele><time>2026-08-03T07:56:48.900Z</time></trkpt><trkpt lon="-1.5533367" lat="52.0522"><ele>114.7</ele><time>2026-08-03T07:56:51.400Z</time></trkpt><trkpt lon="-1.5529233" lat="52.05216"><ele>114.7</ele><time>2026-08-03T07:56:53.900Z</time></trkpt><trkpt lon="-1.55251" lat="52.05212"><ele>114.8</ele><time>2026-08-03T07:56:56.500Z</time></trkpt><trkpt lon="-1.552485" lat="52.0523225"><ele>114.8</ele><time>2026-08-03T07:56:58.500Z</time></trkpt><trkpt lon="-1.55246" lat="52.052525"><ele>115.1</ele><time>2026-08-03T07:57:00.800Z</time></trkpt><trkpt lon="-1.552435" lat="52.0527275"><ele>115.5</ele><time>2026-08-03T07:57:03.000Z</time></trkpt><trkpt lon="-1.55241" lat="52.05293"><ele>115.8</ele><time>2026-08-03T07:57:05.300Z</time></trkpt><trkpt lon="-1.552405" lat="52.053135"><ele>116.2</ele><time>2026-08-03T07:57:07.600Z</time></trkpt><trkpt lon="-1.5524" lat="52.05334"><ele>116.7</ele><time>2026-08-03T07:57:10.000Z</time></trkpt><trkpt lon="-1.552395" lat="52.053545"><ele>117.1</ele><time>2026-08-03T07:57:12.400Z</time></trkpt><trkpt lon="-1.55239" lat="52.05375"><ele>117.6</ele><time>2026-08-03T07:57:14.800Z</time></trkpt><trkpt lon="-1.552335" lat="52.053945"><ele>118.0</ele><time>2026-08-03T07:57:17.000Z</time></trkpt><trkpt lon="-1.55228" lat="52.05414"><ele>118.3</ele><time>2026-08-03T07:57:19.200Z</time></trkpt><trkpt lon="-1.5522067" lat="52.0543233"><ele>118.5</ele><time>2026-08-03T07:57:21.300Z</time></trkpt><trkpt lon="-1.55206" lat="52.05469"><ele>119.2</ele><time>2026-08-03T07:57:25.500Z</time></trkpt><trkpt lon="-1.5519867" lat="52.0548767"><ele>119.8</ele><time>2026-08-03T07:57:27.900Z</time></trkpt><trkpt lon="-1.5519134" lat="52.0550634"><ele>120.5</ele><time>2026-08-03T07:57:30.400Z</time></trkpt><trkpt lon="-1.55184" lat="52.05525"><ele>121.1</ele><time>2026-08-03T07:57:32.900Z</time></trkpt><trkpt lon="-1.551735" lat="52.05545"><ele>122.1</ele><time>2026-08-03T07:57:35.900Z</time></trkpt><trkpt lon="-1.55163" lat="52.05565"><ele>123.0</ele><time>2026-08-03T07:57:38.900Z</time></trkpt><trkpt lon="-1.5515025" lat="52.05581"><ele>123.9</ele><time>2026-08-03T07:57:41.600Z</time></trkpt><trkpt lon="-1.551375" lat="52.05597"><ele>124.7</ele><time>2026-08-03T07:57:44.200Z</time></trkpt><trkpt lon="-1.5512475" lat="52.05613"><ele>125.5</ele><time>2026-08-03T07:57:46.700Z</time></trkpt><trkpt lon="-1.55112" lat="52.05629"><ele>126.3</ele><time>2026-08-03T07:57:49.300Z</time></trkpt><trkpt lon="-1.5509925" lat="52.0564525"><ele>127.2</ele><time>2026-08-03T07:57:52.100Z</time></trkpt><trkpt lon="-1.550865" lat="52.056615"><ele>128.1</ele><time>2026-08-03T07:57:54.800Z</time></trkpt><trkpt lon="-1.5507375" lat="52.0567775"><ele>128.8</ele><time>2026-08-03T07:57:57.300Z</time></trkpt><trkpt lon="-1.55061" lat="52.05694"><ele>129.6</ele><time>2026-08-03T07:57:59.800Z</time></trkpt><trkpt lon="-1.550485" lat="52.0571"><ele>130.2</ele><time>2026-08-03T07:58:02.100Z</time></trkpt><trkpt lon="-1.55036" lat="52.05726"><ele>130.7</ele><time>2026-08-03T07:58:04.200Z</time></trkpt><trkpt lon="-1.55011" lat="52.05758"><ele>131.4</ele><time>2026-08-03T07:58:08.300Z</time></trkpt><trkpt lon="-1.54994" lat="52.0577967"><ele>131.7</ele><time>2026-08-03T07:58:10.900Z</time></trkpt><trkpt lon="-1.54977" lat="52.0580133"><ele>132.0</ele><time>2026-08-03T07:58:13.500Z</time></trkpt><trkpt lon="-1.5496" lat="52.05823"><ele>132.0</ele><time>2026-08-03T07:58:15.900Z</time></trkpt><trkpt lon="-1.54935" lat="52.05858"><ele>132.1</ele><time>2026-08-03T07:58:19.700Z</time></trkpt><trkpt lon="-1.54925" lat="52.05877"><ele>132.2</ele><time>2026-08-03T07:58:21.700Z</time></trkpt><trkpt lon="-1.54915" lat="52.05896"><ele>132.4</ele><time>2026-08-03T07:58:23.800Z</time></trkpt><trkpt lon="-1.54908" lat="52.05913"><ele>132.7</ele><time>2026-08-03T07:58:25.800Z</time></trkpt><trkpt lon="-1.54894" lat="52.05947"><ele>133.7</ele><time>2026-08-03T07:58:30.100Z</time></trkpt><trkpt lon="-1.54884" lat="52.05972"><ele>134.6</ele><time>2026-08-03T07:58:33.400Z</time></trkpt><trkpt lon="-1.54874" lat="52.05997"><ele>135.5</ele><time>2026-08-03T07:58:36.700Z</time></trkpt><trkpt lon="-1.54867" lat="52.06016"><ele>136.2</ele><time>2026-08-03T07:58:39.300Z</time></trkpt><trkpt lon="-1.54864" lat="52.06035"><ele>136.9</ele><time>2026-08-03T07:58:41.800Z</time></trkpt><trkpt lon="-1.54863" lat="52.06055"><ele>137.7</ele><time>2026-08-03T07:58:44.500Z</time></trkpt><trkpt lon="-1.5486467" lat="52.0607467"><ele>138.4</ele><time>2026-08-03T07:58:47.100Z</time></trkpt><trkpt lon="-1.5486633" lat="52.0609434"><ele>139.1</ele><time>2026-08-03T07:58:49.600Z</time></trkpt><trkpt lon="-1.54868" lat="52.06114"><ele>139.8</ele><time>2026-08-03T07:58:52.200Z</time></trkpt><trkpt lon="-1.5486967" lat="52.06134"><ele>140.2</ele><time>2026-08-03T07:58:54.500Z</time></trkpt><trkpt lon="-1.54873" lat="52.06174"><ele>140.4</ele><time>2026-08-03T07:58:58.500Z</time></trkpt><trkpt lon="-1.54872" lat="52.06182"><ele>140.3</ele><time>2026-08-03T07:58:59.300Z</time></trkpt><trkpt lon="-1.54869" lat="52.06188"><ele>140.2</ele><time>2026-08-03T07:58:59.900Z</time></trkpt><trkpt lon="-1.54864" lat="52.06192"><ele>140.1</ele><time>2026-08-03T07:59:00.300Z</time></trkpt><trkpt lon="-1.54852" lat="52.06197"><ele>139.9</ele><time>2026-08-03T07:59:01.000Z</time></trkpt><trkpt lon="-1.54817" lat="52.062125"><ele>138.7</ele><time>2026-08-03T07:59:03.000Z</time></trkpt><trkpt lon="-1.54782" lat="52.06228"><ele>137.2</ele><time>2026-08-03T07:59:05.000Z</time></trkpt><trkpt lon="-1.54772" lat="52.0623"><ele>136.8</ele><time>2026-08-03T07:59:05.400Z</time></trkpt><trkpt lon="-1.54752" lat="52.0623"><ele>136.2</ele><time>2026-08-03T07:59:06.300Z</time></trkpt><trkpt lon="-1.5473" lat="52.06224"><ele>135.5</ele><time>2026-08-03T07:59:07.500Z</time></trkpt><trkpt lon="-1.54703" lat="52.06211"><ele>134.6</ele><time>2026-08-03T07:59:09.100Z</time></trkpt><trkpt lon="-1.54676" lat="52.06198"><ele>133.6</ele><time>2026-08-03T07:59:10.600Z</time></trkpt><trkpt lon="-1.54658" lat="52.06191"><ele>132.8</ele><time>2026-08-03T07:59:11.600Z</time></trkpt><trkpt lon="-1.54639" lat="52.06186"><ele>132.0</ele><time>2026-08-03T07:59:12.500Z</time></trkpt><trkpt lon="-1.545975" lat="52.06186"><ele>130.5</ele><time>2026-08-03T07:59:14.300Z</time></trkpt><trkpt lon="-1.54556" lat="52.06186"><ele>129.1</ele><time>2026-08-03T07:59:16.200Z</time></trkpt><trkpt lon="-1.54525" lat="52.06188"><ele>128.4</ele><time>2026-08-03T07:59:17.700Z</time></trkpt><trkpt lon="-1.54496" lat="52.06192"><ele>127.9</ele><time>2026-08-03T07:59:19.200Z</time></trkpt><trkpt lon="-1.54468" lat="52.06199"><ele>127.6</ele><time>2026-08-03T07:59:20.900Z</time></trkpt><trkpt lon="-1.54439" lat="52.0620933"><ele>127.5</ele><time>2026-08-03T07:59:22.900Z</time></trkpt><trkpt lon="-1.5441" lat="52.0621967"><ele>127.6</ele><time>2026-08-03T07:59:24.900Z</time></trkpt><trkpt lon="-1.54381" lat="52.0623"><ele>127.6</ele><time>2026-08-03T07:59:27.000Z</time></trkpt><trkpt lon="-1.5435033" lat="52.0624267"><ele>127.8</ele><time>2026-08-03T07:59:29.300Z</time></trkpt><trkpt lon="-1.5431967" lat="52.0625533"><ele>128.0</ele><time>2026-08-03T07:59:31.700Z</time></trkpt><trkpt lon="-1.54289" lat="52.06268"><ele>128.1</ele><time>2026-08-03T07:59:34.000Z</time></trkpt><trkpt lon="-1.54265" lat="52.06282"><ele>128.2</ele><time>2026-08-03T07:59:36.100Z</time></trkpt><trkpt lon="-1.54234" lat="52.06302"><ele>128.4</ele><time>2026-08-03T07:59:38.900Z</time></trkpt><trkpt lon="-1.5421467" lat="52.06317"><ele>128.2</ele><time>2026-08-03T07:59:40.700Z</time></trkpt><trkpt lon="-1.54176" lat="52.06347"><ele>128.0</ele><time>2026-08-03T07:59:44.300Z</time></trkpt><trkpt lon="-1.54153" lat="52.06363"><ele>127.6</ele><time>2026-08-03T07:59:46.200Z</time></trkpt><trkpt lon="-1.54137" lat="52.06372"><ele>127.2</ele><time>2026-08-03T07:59:47.300Z</time></trkpt><trkpt lon="-1.54114" lat="52.06381"><ele>126.7</ele><time>2026-08-03T07:59:48.700Z</time></trkpt><trkpt lon="-1.54088" lat="52.06391"><ele>126.0</ele><time>2026-08-03T07:59:50.200Z</time></trkpt><trkpt lon="-1.54052" lat="52.06401"><ele>125.1</ele><time>2026-08-03T07:59:52.200Z</time></trkpt><trkpt lon="-1.540175" lat="52.06407"><ele>124.5</ele><time>2026-08-03T07:59:54.000Z</time></trkpt><trkpt lon="-1.53983" lat="52.06413"><ele>124.4</ele><time>2026-08-03T07:59:56.100Z</time></trkpt><trkpt lon="-1.53951" lat="52.06417"><ele>124.8</ele><time>2026-08-03T07:59:58.400Z</time></trkpt><trkpt lon="-1.53919" lat="52.06421"><ele>125.2</ele><time>2026-08-03T08:00:00.700Z</time></trkpt><trkpt lon="-1.53888" lat="52.06424"><ele>125.5</ele><time>2026-08-03T08:00:02.800Z</time></trkpt><trkpt lon="-1.53849" lat="52.064255"><ele>125.2</ele><time>2026-08-03T08:00:05.000Z</time></trkpt><trkpt lon="-1.5381" lat="52.06427"><ele>124.4</ele><time>2026-08-03T08:00:07.000Z</time></trkpt><trkpt lon="-1.537705" lat="52.064285"><ele>123.5</ele><time>2026-08-03T08:00:08.900Z</time></trkpt><trkpt lon="-1.53731" lat="52.0643"><ele>122.7</ele><time>2026-08-03T08:00:10.900Z</time></trkpt><trkpt lon="-1.53715" lat="52.06433"><ele>122.4</ele><time>2026-08-03T08:00:11.800Z</time></trkpt><trkpt lon="-1.53702" lat="52.06438"><ele>122.3</ele><time>2026-08-03T08:00:12.600Z</time></trkpt><trkpt lon="-1.53678" lat="52.06467"><ele>122.1</ele><time>2026-08-03T08:00:15.700Z</time></trkpt><trkpt lon="-1.53673" lat="52.0648433"><ele>122.2</ele><time>2026-08-03T08:00:17.500Z</time></trkpt><trkpt lon="-1.53663" lat="52.06519"><ele>122.7</ele><time>2026-08-03T08:00:21.300Z</time></trkpt><trkpt lon="-1.53661" lat="52.06535"><ele>122.9</ele><time>2026-08-03T08:00:23.100Z</time></trkpt><trkpt lon="-1.5366267" lat="52.0655233"><ele>123.2</ele><time>2026-08-03T08:00:25.000Z</time></trkpt><trkpt lon="-1.53666" lat="52.06587"><ele>123.9</ele><time>2026-08-03T08:00:29.000Z</time></trkpt><trkpt lon="-1.536685" lat="52.066125"><ele>124.3</ele><time>2026-08-03T08:00:31.800Z</time></trkpt><trkpt lon="-1.53671" lat="52.06638"><ele>124.7</ele><time>2026-08-03T08:00:34.700Z</time></trkpt><trkpt lon="-1.53672" lat="52.06654"><ele>125.0</ele><time>2026-08-03T08:00:36.500Z</time></trkpt><trkpt lon="-1.5367" lat="52.06681"><ele>125.5</ele><time>2026-08-03T08:00:39.500Z</time></trkpt><trkpt lon="-1.53664" lat="52.067"><ele>125.7</ele><time>2026-08-03T08:00:41.600Z</time></trkpt><trkpt lon="-1.53656" lat="52.06738"><ele>126.2</ele><time>2026-08-03T08:00:45.800Z</time></trkpt><trkpt lon="-1.536545" lat="52.0676"><ele>126.5</ele><time>2026-08-03T08:00:48.200Z</time></trkpt><trkpt lon="-1.53653" lat="52.06782"><ele>126.8</ele><time>2026-08-03T08:00:50.600Z</time></trkpt><trkpt lon="-1.53651" lat="52.0680275"><ele>127.1</ele><time>2026-08-03T08:00:52.800Z</time></trkpt><trkpt lon="-1.53649" lat="52.068235"><ele>127.3</ele><time>2026-08-03T08:00:55.100Z</time></trkpt><trkpt lon="-1.53647" lat="52.0684425"><ele>127.7</ele><time>2026-08-03T08:00:57.400Z</time></trkpt><trkpt lon="-1.53645" lat="52.06865"><ele>128.0</ele><time>2026-08-03T08:00:59.700Z</time></trkpt><trkpt lon="-1.5364325" lat="52.068855"><ele>128.3</ele><time>2026-08-03T08:01:01.900Z</time></trkpt><trkpt lon="-1.536415" lat="52.06906"><ele>128.5</ele><time>2026-08-03T08:01:04.100Z</time></trkpt><trkpt lon="-1.5363975" lat="52.069265"><ele>128.6</ele><time>2026-08-03T08:01:06.300Z</time></trkpt><trkpt lon="-1.53638" lat="52.06947"><ele>128.8</ele><time>2026-08-03T08:01:08.400Z</time></trkpt><trkpt lon="-1.53636" lat="52.069675"><ele>128.9</ele><time>2026-08-03T08:01:10.500Z</time></trkpt><trkpt lon="-1.53634" lat="52.06988"><ele>129.1</ele><time>2026-08-03T08:01:12.700Z</time></trkpt><trkpt lon="-1.53632" lat="52.070085"><ele>129.3</ele><time>2026-08-03T08:01:14.800Z</time></trkpt><trkpt lon="-1.5363" lat="52.07029"><ele>129.5</ele><time>2026-08-03T08:01:17.000Z</time></trkpt><trkpt lon="-1.5362233" lat="52.0705267"><ele>129.8</ele><time>2026-08-03T08:01:19.600Z</time></trkpt><trkpt lon="-1.5361467" lat="52.0707633"><ele>130.0</ele><time>2026-08-03T08:01:22.200Z</time></trkpt><trkpt lon="-1.53607" lat="52.071"><ele>130.3</ele><time>2026-08-03T08:01:24.800Z</time></trkpt><trkpt lon="-1.53596" lat="52.0712333"><ele>130.7</ele><time>2026-08-03T08:01:27.500Z</time></trkpt><trkpt lon="-1.53585" lat="52.0714667"><ele>131.0</ele><time>2026-08-03T08:01:30.100Z</time></trkpt><trkpt lon="-1.53574" lat="52.0717"><ele>131.3</ele><time>2026-08-03T08:01:32.800Z</time></trkpt><trkpt lon="-1.53562" lat="52.07204"><ele>131.7</ele><time>2026-08-03T08:01:36.500Z</time></trkpt><trkpt lon="-1.53563" lat="52.0722533"><ele>132.1</ele><time>2026-08-03T08:01:38.900Z</time></trkpt><trkpt lon="-1.53564" lat="52.0724667"><ele>132.4</ele><time>2026-08-03T08:01:41.300Z</time></trkpt><trkpt lon="-1.53565" lat="52.07268"><ele>132.8</ele><time>2026-08-03T08:01:43.700Z</time></trkpt><trkpt lon="-1.53567" lat="52.0729433"><ele>133.2</ele><time>2026-08-03T08:01:46.600Z</time></trkpt><trkpt lon="-1.53569" lat="52.0732067"><ele>133.5</ele><time>2026-08-03T08:01:49.400Z</time></trkpt><trkpt lon="-1.53571" lat="52.07347"><ele>133.9</ele><time>2026-08-03T08:01:52.300Z</time></trkpt><trkpt lon="-1.5357275" lat="52.0736675"><ele>134.1</ele><time>2026-08-03T08:01:54.400Z</time></trkpt><trkpt lon="-1.535745" lat="52.073865"><ele>134.4</ele><time>2026-08-03T08:01:56.600Z</time></trkpt><trkpt lon="-1.5357625" lat="52.0740625"><ele>134.6</ele><time>2026-08-03T08:01:58.800Z</time></trkpt><trkpt lon="-1.53578" lat="52.07426"><ele>134.9</ele><time>2026-08-03T08:02:00.900Z</time></trkpt><trkpt lon="-1.535795" lat="52.0744575"><ele>135.1</ele><time>2026-08-03T08:02:03.000Z</time></trkpt><trkpt lon="-1.53581" lat="52.074655"><ele>135.4</ele><time>2026-08-03T08:02:05.200Z</time></trkpt><trkpt lon="-1.535825" lat="52.0748525"><ele>135.7</ele><time>2026-08-03T08:02:07.400Z</time></trkpt><trkpt lon="-1.53584" lat="52.07505"><ele>136.0</ele><time>2026-08-03T08:02:09.600Z</time></trkpt><trkpt lon="-1.5358633" lat="52.0753167"><ele>136.2</ele><time>2026-08-03T08:02:12.300Z</time></trkpt><trkpt lon="-1.5358867" lat="52.0755833"><ele>136.4</ele><time>2026-08-03T08:02:15.100Z</time></trkpt><trkpt lon="-1.53591" lat="52.07585"><ele>136.5</ele><time>2026-08-03T08:02:17.800Z</time></trkpt><trkpt lon="-1.53591" lat="52.076065"><ele>136.4</ele><time>2026-08-03T08:02:19.900Z</time></trkpt><trkpt lon="-1.53591" lat="52.07628"><ele>136.4</ele><time>2026-08-03T08:02:21.900Z</time></trkpt><trkpt lon="-1.53588" lat="52.07642"><ele>136.3</ele><time>2026-08-03T08:02:23.300Z</time></trkpt><trkpt lon="-1.53579" lat="52.076675"><ele>136.2</ele><time>2026-08-03T08:02:25.800Z</time></trkpt><trkpt lon="-1.5357" lat="52.07693"><ele>136.0</ele><time>2026-08-03T08:02:28.200Z</time></trkpt><trkpt lon="-1.535605" lat="52.077185"><ele>135.7</ele><time>2026-08-03T08:02:30.600Z</time></trkpt><trkpt lon="-1.53551" lat="52.07744"><ele>134.9</ele><time>2026-08-03T08:02:32.700Z</time></trkpt><trkpt lon="-1.5353967" lat="52.0776233"><ele>133.9</ele><time>2026-08-03T08:02:34.200Z</time></trkpt><trkpt lon="-1.53517" lat="52.07799"><ele>131.1</ele><time>2026-08-03T08:02:37.000Z</time></trkpt><trkpt lon="-1.53504" lat="52.0783"><ele>128.2</ele><time>2026-08-03T08:02:39.200Z</time></trkpt><trkpt lon="-1.53489" lat="52.07868"><ele>124.2</ele><time>2026-08-03T08:02:41.900Z</time></trkpt><trkpt lon="-1.53487" lat="52.07885"><ele>122.1</ele><time>2026-08-03T08:02:43.300Z</time></trkpt><trkpt lon="-1.53479" lat="52.0791233"><ele>118.6</ele><time>2026-08-03T08:02:45.500Z</time></trkpt><trkpt lon="-1.53471" lat="52.0793967"><ele>114.9</ele><time>2026-08-03T08:02:47.700Z</time></trkpt><trkpt lon="-1.53463" lat="52.07967"><ele>111.8</ele><time>2026-08-03T08:02:49.800Z</time></trkpt><trkpt lon="-1.53453" lat="52.07988"><ele>109.8</ele><time>2026-08-03T08:02:51.300Z</time></trkpt><trkpt lon="-1.53443" lat="52.08009"><ele>108.2</ele><time>2026-08-03T08:02:52.900Z</time></trkpt><trkpt lon="-1.53433" lat="52.0803"><ele>106.6</ele><time>2026-08-03T08:02:54.400Z</time></trkpt><trkpt lon="-1.534225" lat="52.080505"><ele>106.0</ele><time>2026-08-03T08:02:56.200Z</time></trkpt><trkpt lon="-1.53412" lat="52.08071"><ele>106.6</ele><time>2026-08-03T08:02:58.800Z</time></trkpt><trkpt lon="-1.5339" lat="52.08096"><ele>109.0</ele><time>2026-08-03T08:03:04.600Z</time></trkpt><trkpt lon="-1.53372" lat="52.08114"><ele>111.2</ele><time>2026-08-03T08:03:09.600Z</time></trkpt><trkpt lon="-1.53354" lat="52.08132"><ele>113.0</ele><time>2026-08-03T08:03:14.100Z</time></trkpt><trkpt lon="-1.53349" lat="52.08145"><ele>113.7</ele><time>2026-08-03T08:03:16.100Z</time></trkpt><trkpt lon="-1.53354" lat="52.08158"><ele>113.6</ele><time>2026-08-03T08:03:17.400Z</time></trkpt><trkpt lon="-1.5337" lat="52.08173"><ele>113.1</ele><time>2026-08-03T08:03:18.900Z</time></trkpt><trkpt lon="-1.53395" lat="52.08194"><ele>111.2</ele><time>2026-08-03T08:03:20.700Z</time></trkpt><trkpt lon="-1.53426" lat="52.08213"><ele>108.5</ele><time>2026-08-03T08:03:22.600Z</time></trkpt><trkpt lon="-1.53457" lat="52.08232"><ele>105.7</ele><time>2026-08-03T08:03:24.500Z</time></trkpt><trkpt lon="-1.53488" lat="52.08251"><ele>103.3</ele><time>2026-08-03T08:03:26.400Z</time></trkpt><trkpt lon="-1.5351367" lat="52.08266"><ele>101.8</ele><time>2026-08-03T08:03:27.900Z</time></trkpt><trkpt lon="-1.5353933" lat="52.08281"><ele>100.9</ele><time>2026-08-03T08:03:29.600Z</time></trkpt><trkpt lon="-1.53565" lat="52.08296"><ele>100.0</ele><time>2026-08-03T08:03:31.300Z</time></trkpt><trkpt lon="-1.535975" lat="52.08314"><ele>99.3</ele><time>2026-08-03T08:03:33.600Z</time></trkpt><trkpt lon="-1.5363" lat="52.08332"><ele>98.8</ele><time>2026-08-03T08:03:36.000Z</time></trkpt><trkpt lon="-1.53657" lat="52.08356"><ele>98.3</ele><time>2026-08-03T08:03:38.600Z</time></trkpt><trkpt lon="-1.53662" lat="52.08369"><ele>98.2</ele><time>2026-08-03T08:03:39.800Z</time></trkpt><trkpt lon="-1.53664" lat="52.0838"><ele>98.3</ele><time>2026-08-03T08:03:41.000Z</time></trkpt><trkpt lon="-1.53659" lat="52.08401"><ele>98.5</ele><time>2026-08-03T08:03:43.200Z</time></trkpt><trkpt lon="-1.5365" lat="52.08412"><ele>98.6</ele><time>2026-08-03T08:03:44.500Z</time></trkpt><trkpt lon="-1.53631" lat="52.08427"><ele>98.7</ele><time>2026-08-03T08:03:46.400Z</time></trkpt><trkpt lon="-1.53602" lat="52.08438"><ele>98.8</ele><time>2026-08-03T08:03:48.600Z</time></trkpt><trkpt lon="-1.53571" lat="52.084475"><ele>99.1</ele><time>2026-08-03T08:03:50.900Z</time></trkpt><trkpt lon="-1.5354" lat="52.08457"><ele>99.8</ele><time>2026-08-03T08:03:53.600Z</time></trkpt><trkpt lon="-1.53515" lat="52.0846567"><ele>100.5</ele><time>2026-08-03T08:03:56.000Z</time></trkpt><trkpt lon="-1.5349" lat="52.0847434"><ele>101.5</ele><time>2026-08-03T08:03:58.800Z</time></trkpt><trkpt lon="-1.53465" lat="52.08483"><ele>102.4</ele><time>2026-08-03T08:04:01.600Z</time></trkpt><trkpt lon="-1.53435" lat="52.08492"><ele>103.7</ele><time>2026-08-03T08:04:05.200Z</time></trkpt><trkpt lon="-1.53405" lat="52.08501"><ele>105.1</ele><time>2026-08-03T08:04:08.800Z</time></trkpt><trkpt lon="-1.5337267" lat="52.0851133"><ele>106.6</ele><time>2026-08-03T08:04:12.900Z</time></trkpt><trkpt lon="-1.5334033" lat="52.0852167"><ele>107.6</ele><time>2026-08-03T08:04:16.000Z</time></trkpt><trkpt lon="-1.53308" lat="52.08532"><ele>107.4</ele><time>2026-08-03T08:04:18.100Z</time></trkpt><trkpt lon="-1.532765" lat="52.0854075"><ele>106.8</ele><time>2026-08-03T08:04:19.800Z</time></trkpt><trkpt lon="-1.53245" lat="52.085495"><ele>106.2</ele><time>2026-08-03T08:04:21.600Z</time></trkpt><trkpt lon="-1.532135" lat="52.0855825"><ele>105.6</ele><time>2026-08-03T08:04:23.400Z</time></trkpt><trkpt lon="-1.53182" lat="52.08567"><ele>105.0</ele><time>2026-08-03T08:04:25.200Z</time></trkpt><trkpt lon="-1.531505" lat="52.0857575"><ele>104.4</ele><time>2026-08-03T08:04:26.900Z</time></trkpt><trkpt lon="-1.53119" lat="52.085845"><ele>103.8</ele><time>2026-08-03T08:04:28.700Z</time></trkpt><trkpt lon="-1.530875" lat="52.0859325"><ele>103.5</ele><time>2026-08-03T08:04:30.600Z</time></trkpt><trkpt lon="-1.53056" lat="52.08602"><ele>103.1</ele><time>2026-08-03T08:04:32.500Z</time></trkpt><trkpt lon="-1.530185" lat="52.08612"><ele>103.0</ele><time>2026-08-03T08:04:34.900Z</time></trkpt><trkpt lon="-1.52981" lat="52.08622"><ele>103.1</ele><time>2026-08-03T08:04:37.400Z</time></trkpt><trkpt lon="-1.5296" lat="52.08625"><ele>103.1</ele><time>2026-08-03T08:04:38.700Z</time></trkpt><trkpt lon="-1.52928" lat="52.08628"><ele>103.4</ele><time>2026-08-03T08:04:40.900Z</time></trkpt><trkpt lon="-1.52896" lat="52.08631"><ele>103.6</ele><time>2026-08-03T08:04:43.000Z</time></trkpt><trkpt lon="-1.52864" lat="52.08634"><ele>103.7</ele><time>2026-08-03T08:04:45.100Z</time></trkpt><trkpt lon="-1.5282533" lat="52.0863467"><ele>104.1</ele><time>2026-08-03T08:04:47.700Z</time></trkpt><trkpt lon="-1.5278667" lat="52.0863533"><ele>104.7</ele><time>2026-08-03T08:04:50.600Z</time></trkpt><trkpt lon="-1.52748" lat="52.08636"><ele>105.5</ele><time>2026-08-03T08:04:53.600Z</time></trkpt><trkpt lon="-1.5272067" lat="52.08634"><ele>106.1</ele><time>2026-08-03T08:04:55.800Z</time></trkpt><trkpt lon="-1.52666" lat="52.0863"><ele>107.4</ele><time>2026-08-03T08:05:00.300Z</time></trkpt><trkpt lon="-1.52638" lat="52.0862675"><ele>108.0</ele><time>2026-08-03T08:05:02.600Z</time></trkpt><trkpt lon="-1.5261" lat="52.086235"><ele>108.9</ele><time>2026-08-03T08:05:05.200Z</time></trkpt><trkpt lon="-1.52554" lat="52.08617"><ele>110.4</ele><time>2026-08-03T08:05:10.200Z</time></trkpt><trkpt lon="-1.52526" lat="52.086135"><ele>110.9</ele><time>2026-08-03T08:05:12.300Z</time></trkpt><trkpt lon="-1.52498" lat="52.0861"><ele>111.5</ele><time>2026-08-03T08:05:14.600Z</time></trkpt><trkpt lon="-1.5247" lat="52.086065"><ele>112.4</ele><time>2026-08-03T08:05:17.200Z</time></trkpt><trkpt lon="-1.52442" lat="52.08603"><ele>113.2</ele><time>2026-08-03T08:05:19.800Z</time></trkpt><trkpt lon="-1.52408" lat="52.08601"><ele>114.0</ele><time>2026-08-03T08:05:22.600Z</time></trkpt><trkpt lon="-1.52382" lat="52.08604"><ele>114.7</ele><time>2026-08-03T08:05:24.900Z</time></trkpt><trkpt lon="-1.52367" lat="52.08609"><ele>115.1</ele><time>2026-08-03T08:05:26.300Z</time></trkpt><trkpt lon="-1.5234367" lat="52.0861967"><ele>115.9</ele><time>2026-08-03T08:05:29.000Z</time></trkpt><trkpt lon="-1.5232034" lat="52.0863034"><ele>117.0</ele><time>2026-08-03T08:05:32.000Z</time></trkpt><trkpt lon="-1.52297" lat="52.08641"><ele>118.1</ele><time>2026-08-03T08:05:35.000Z</time></trkpt><trkpt lon="-1.52274" lat="52.0865367"><ele>119.0</ele><time>2026-08-03T08:05:37.900Z</time></trkpt><trkpt lon="-1.52228" lat="52.08679"><ele>118.6</ele><time>2026-08-03T08:05:41.400Z</time></trkpt><trkpt lon="-1.5220533" lat="52.0869167"><ele>117.7</ele><time>2026-08-03T08:05:42.800Z</time></trkpt><trkpt lon="-1.5216" lat="52.08717"><ele>115.8</ele><time>2026-08-03T08:05:45.500Z</time></trkpt><trkpt lon="-1.52112" lat="52.08742"><ele>114.7</ele><time>2026-08-03T08:05:48.800Z</time></trkpt><trkpt lon="-1.52087" lat="52.08753"><ele>114.5</ele><time>2026-08-03T08:05:50.500Z</time></trkpt><trkpt lon="-1.5206" lat="52.08762"><ele>114.4</ele><time>2026-08-03T08:05:52.300Z</time></trkpt><trkpt lon="-1.52032" lat="52.08769"><ele>114.6</ele><time>2026-08-03T08:05:54.300Z</time></trkpt><trkpt lon="-1.52003" lat="52.087745"><ele>115.1</ele><time>2026-08-03T08:05:56.500Z</time></trkpt><trkpt lon="-1.51974" lat="52.0878"><ele>115.6</ele><time>2026-08-03T08:05:58.800Z</time></trkpt><trkpt lon="-1.51946" lat="52.08786"><ele>116.2</ele><time>2026-08-03T08:06:01.100Z</time></trkpt><trkpt lon="-1.5191867" lat="52.08792"><ele>116.8</ele><time>2026-08-03T08:06:03.300Z</time></trkpt><trkpt lon="-1.51864" lat="52.08804"><ele>117.3</ele><time>2026-08-03T08:06:07.300Z</time></trkpt><trkpt lon="-1.51823" lat="52.088105"><ele>117.1</ele><time>2026-08-03T08:06:09.700Z</time></trkpt><trkpt lon="-1.51782" lat="52.08817"><ele>116.9</ele><time>2026-08-03T08:06:12.100Z</time></trkpt><trkpt lon="-1.51741" lat="52.08824"><ele>116.3</ele><time>2026-08-03T08:06:14.400Z</time></trkpt><trkpt lon="-1.517" lat="52.08831"><ele>116.0</ele><time>2026-08-03T08:06:16.800Z</time></trkpt><trkpt lon="-1.51662" lat="52.088385"><ele>115.7</ele><time>2026-08-03T08:06:19.000Z</time></trkpt><trkpt lon="-1.51624" lat="52.08846"><ele>115.1</ele><time>2026-08-03T08:06:21.100Z</time></trkpt><trkpt lon="-1.51588" lat="52.088525"><ele>114.3</ele><time>2026-08-03T08:06:23.000Z</time></trkpt><trkpt lon="-1.51552" lat="52.08859"><ele>113.3</ele><time>2026-08-03T08:06:24.800Z</time></trkpt><trkpt lon="-1.515155" lat="52.088655"><ele>112.5</ele><time>2026-08-03T08:06:26.600Z</time></trkpt><trkpt lon="-1.51479" lat="52.08872"><ele>111.7</ele><time>2026-08-03T08:06:28.500Z</time></trkpt><trkpt lon="-1.51445" lat="52.0888"><ele>111.2</ele><time>2026-08-03T08:06:30.500Z</time></trkpt><trkpt lon="-1.51426" lat="52.08885"><ele>110.9</ele><time>2026-08-03T08:06:31.600Z</time></trkpt><trkpt lon="-1.51412" lat="52.08891"><ele>110.8</ele><time>2026-08-03T08:06:32.500Z</time></trkpt><trkpt lon="-1.51404" lat="52.08895"><ele>110.7</ele><time>2026-08-03T08:06:33.100Z</time></trkpt><trkpt lon="-1.51396" lat="52.089"><ele>110.7</ele><time>2026-08-03T08:06:33.800Z</time></trkpt><trkpt lon="-1.5139" lat="52.08906"><ele>110.6</ele><time>2026-08-03T08:06:34.400Z</time></trkpt><trkpt lon="-1.5138" lat="52.08922"><ele>110.6</ele><time>2026-08-03T08:06:36.100Z</time></trkpt><trkpt lon="-1.51372" lat="52.08941"><ele>111.1</ele><time>2026-08-03T08:06:38.400Z</time></trkpt><trkpt lon="-1.51364" lat="52.08972"><ele>111.8</ele><time>2026-08-03T08:06:42.000Z</time></trkpt><trkpt lon="-1.51353" lat="52.08999"><ele>113.0</ele><time>2026-08-03T08:06:46.000Z</time></trkpt><trkpt lon="-1.51345" lat="52.0901"><ele>113.5</ele><time>2026-08-03T08:06:47.700Z</time></trkpt><trkpt lon="-1.51337" lat="52.09018"><ele>113.8</ele><time>2026-08-03T08:06:48.900Z</time></trkpt><trkpt lon="-1.51333" lat="52.09021"><ele>113.9</ele><time>2026-08-03T08:06:49.300Z</time></trkpt><trkpt lon="-1.51323" lat="52.09023"><ele>114.1</ele><time>2026-08-03T08:06:50.100Z</time></trkpt><trkpt lon="-1.5131" lat="52.09025"><ele>114.3</ele><time>2026-08-03T08:06:51.100Z</time></trkpt><trkpt lon="-1.51256" lat="52.09022"><ele>114.5</ele><time>2026-08-03T08:06:54.500Z</time></trkpt><trkpt lon="-1.51226" lat="52.09022"><ele>114.6</ele><time>2026-08-03T08:06:56.400Z</time></trkpt><trkpt lon="-1.51211" lat="52.09022"><ele>114.7</ele><time>2026-08-03T08:06:57.400Z</time></trkpt><trkpt lon="-1.511815" lat="52.090275"><ele>114.9</ele><time>2026-08-03T08:06:59.400Z</time></trkpt><trkpt lon="-1.51152" lat="52.09033"><ele>115.1</ele><time>2026-08-03T08:07:01.500Z</time></trkpt><trkpt lon="-1.51134" lat="52.09034"><ele>115.2</ele><time>2026-08-03T08:07:02.700Z</time></trkpt><trkpt lon="-1.51109" lat="52.09033"><ele>115.5</ele><time>2026-08-03T08:07:04.400Z</time></trkpt><trkpt lon="-1.51091" lat="52.09029"><ele>115.7</ele><time>2026-08-03T08:07:05.700Z</time></trkpt><trkpt lon="-1.51076" lat="52.09025"><ele>115.9</ele><time>2026-08-03T08:07:06.800Z</time></trkpt><trkpt lon="-1.51025" lat="52.09006"><ele>116.3</ele><time>2026-08-03T08:07:10.800Z</time></trkpt><trkpt lon="-1.50993" lat="52.08995"><ele>116.6</ele><time>2026-08-03T08:07:13.200Z</time></trkpt><trkpt lon="-1.50986" lat="52.08993"><ele>116.7</ele><time>2026-08-03T08:07:13.800Z</time></trkpt><trkpt lon="-1.50948" lat="52.08988"><ele>116.8</ele><time>2026-08-03T08:07:16.200Z</time></trkpt><trkpt lon="-1.5089" lat="52.08985"><ele>117.1</ele><time>2026-08-03T08:07:19.900Z</time></trkpt><trkpt lon="-1.50848" lat="52.08984"><ele>117.0</ele><time>2026-08-03T08:07:22.400Z</time></trkpt><trkpt lon="-1.50832" lat="52.08985"><ele>117.0</ele><time>2026-08-03T08:07:23.400Z</time></trkpt><trkpt lon="-1.50825" lat="52.08986"><ele>117.0</ele><time>2026-08-03T08:07:23.800Z</time></trkpt><trkpt lon="-1.50821" lat="52.08988"><ele>116.9</ele><time>2026-08-03T08:07:24.100Z</time></trkpt><trkpt lon="-1.50818" lat="52.08992"><ele>116.9</ele><time>2026-08-03T08:07:24.500Z</time></trkpt><trkpt lon="-1.50818" lat="52.09014"><ele>116.4</ele><time>2026-08-03T08:07:26.400Z</time></trkpt><trkpt lon="-1.50821" lat="52.0905"><ele>115.8</ele><time>2026-08-03T08:07:29.600Z</time></trkpt><trkpt lon="-1.50817" lat="52.09064"><ele>115.7</ele><time>2026-08-03T08:07:30.900Z</time></trkpt><trkpt lon="-1.50812" lat="52.09071"><ele>115.6</ele><time>2026-08-03T08:07:31.600Z</time></trkpt><trkpt lon="-1.50807" lat="52.09075"><ele>115.6</ele><time>2026-08-03T08:07:32.100Z</time></trkpt><trkpt lon="-1.50763" lat="52.09105"><ele>115.5</ele><time>2026-08-03T08:07:36.000Z</time></trkpt><trkpt lon="-1.50754" lat="52.09112"><ele>115.4</ele><time>2026-08-03T08:07:36.800Z</time></trkpt><trkpt lon="-1.50748" lat="52.09119"><ele>115.3</ele><time>2026-08-03T08:07:37.500Z</time></trkpt><trkpt lon="-1.507335" lat="52.091405"><ele>115.1</ele><time>2026-08-03T08:07:39.700Z</time></trkpt><trkpt lon="-1.50719" lat="52.09162"><ele>114.8</ele><time>2026-08-03T08:07:41.800Z</time></trkpt><trkpt lon="-1.50704" lat="52.09185"><ele>114.5</ele><time>2026-08-03T08:07:44.100Z</time></trkpt><trkpt lon="-1.50689" lat="52.09208"><ele>114.1</ele><time>2026-08-03T08:07:46.300Z</time></trkpt><trkpt lon="-1.5067667" lat="52.0922933"><ele>113.7</ele><time>2026-08-03T08:07:48.300Z</time></trkpt><trkpt lon="-1.5066433" lat="52.0925067"><ele>113.1</ele><time>2026-08-03T08:07:50.200Z</time></trkpt><trkpt lon="-1.50652" lat="52.09272"><ele>112.5</ele><time>2026-08-03T08:07:52.100Z</time></trkpt><trkpt lon="-1.50637" lat="52.09308"><ele>111.6</ele><time>2026-08-03T08:07:55.300Z</time></trkpt><trkpt lon="-1.5062867" lat="52.0932967"><ele>111.1</ele><time>2026-08-03T08:07:57.200Z</time></trkpt><trkpt lon="-1.5062034" lat="52.0935134"><ele>110.6</ele><time>2026-08-03T08:07:59.100Z</time></trkpt><trkpt lon="-1.50612" lat="52.09373"><ele>110.1</ele><time>2026-08-03T08:08:01.100Z</time></trkpt><trkpt lon="-1.50609" lat="52.09389"><ele>109.7</ele><time>2026-08-03T08:08:02.400Z</time></trkpt><trkpt lon="-1.5061" lat="52.09401"><ele>109.4</ele><time>2026-08-03T08:08:03.500Z</time></trkpt><trkpt lon="-1.50612" lat="52.09409"><ele>109.3</ele><time>2026-08-03T08:08:04.200Z</time></trkpt><trkpt lon="-1.50616" lat="52.09419"><ele>109.1</ele><time>2026-08-03T08:08:05.100Z</time></trkpt><trkpt lon="-1.50626" lat="52.09441"><ele>108.7</ele><time>2026-08-03T08:08:07.100Z</time></trkpt><trkpt lon="-1.50629" lat="52.09453"><ele>108.5</ele><time>2026-08-03T08:08:08.200Z</time></trkpt><trkpt lon="-1.50626" lat="52.09462"><ele>108.4</ele><time>2026-08-03T08:08:09.000Z</time></trkpt><trkpt lon="-1.5062" lat="52.09474"><ele>108.3</ele><time>2026-08-03T08:08:10.200Z</time></trkpt><trkpt lon="-1.5058933" lat="52.09493"><ele>108.2</ele><time>2026-08-03T08:08:12.800Z</time></trkpt><trkpt lon="-1.5055867" lat="52.09512"><ele>108.0</ele><time>2026-08-03T08:08:15.300Z</time></trkpt><trkpt lon="-1.50528" lat="52.09531"><ele>107.9</ele><time>2026-08-03T08:08:17.900Z</time></trkpt><trkpt lon="-1.50511" lat="52.0954"><ele>107.9</ele><time>2026-08-03T08:08:19.200Z</time></trkpt><trkpt lon="-1.50495" lat="52.09546"><ele>107.8</ele><time>2026-08-03T08:08:20.300Z</time></trkpt><trkpt lon="-1.504595" lat="52.095555"><ele>107.8</ele><time>2026-08-03T08:08:22.600Z</time></trkpt><trkpt lon="-1.50424" lat="52.09565"><ele>107.7</ele><time>2026-08-03T08:08:24.900Z</time></trkpt><trkpt lon="-1.50389" lat="52.09577"><ele>107.6</ele><time>2026-08-03T08:08:27.200Z</time></trkpt><trkpt lon="-1.503555" lat="52.09591"><ele>107.5</ele><time>2026-08-03T08:08:29.600Z</time></trkpt><trkpt lon="-1.50322" lat="52.09605"><ele>107.4</ele><time>2026-08-03T08:08:32.000Z</time></trkpt><trkpt lon="-1.50312" lat="52.0961"><ele>107.3</ele><time>2026-08-03T08:08:32.700Z</time></trkpt><trkpt lon="-1.503" lat="52.09619"><ele>107.3</ele><time>2026-08-03T08:08:33.800Z</time></trkpt><trkpt lon="-1.50293" lat="52.09631"><ele>107.2</ele><time>2026-08-03T08:08:35.000Z</time></trkpt><trkpt lon="-1.50282" lat="52.09656"><ele>107.2</ele><time>2026-08-03T08:08:37.600Z</time></trkpt><trkpt lon="-1.50275" lat="52.09668"><ele>107.3</ele><time>2026-08-03T08:08:38.800Z</time></trkpt><trkpt lon="-1.502565" lat="52.096915"><ele>107.3</ele><time>2026-08-03T08:08:41.400Z</time></trkpt><trkpt lon="-1.50238" lat="52.09715"><ele>107.6</ele><time>2026-08-03T08:08:44.200Z</time></trkpt><trkpt lon="-1.502195" lat="52.097385"><ele>107.9</ele><time>2026-08-03T08:08:47.000Z</time></trkpt><trkpt lon="-1.50201" lat="52.09762"><ele>108.2</ele><time>2026-08-03T08:08:49.900Z</time></trkpt><trkpt lon="-1.5018467" lat="52.09783"><ele>108.6</ele><time>2026-08-03T08:08:52.500Z</time></trkpt><trkpt lon="-1.5016833" lat="52.09804"><ele>108.9</ele><time>2026-08-03T08:08:55.000Z</time></trkpt><trkpt lon="-1.50152" lat="52.09825"><ele>109.3</ele><time>2026-08-03T08:08:57.600Z</time></trkpt><trkpt lon="-1.50136" lat="52.09846"><ele>109.6</ele><time>2026-08-03T08:09:00.100Z</time></trkpt><trkpt lon="-1.5012" lat="52.09867"><ele>109.9</ele><time>2026-08-03T08:09:02.600Z</time></trkpt><trkpt lon="-1.50104" lat="52.09888"><ele>110.2</ele><time>2026-08-03T08:09:05.200Z</time></trkpt><trkpt lon="-1.5008767" lat="52.09909"><ele>110.4</ele><time>2026-08-03T08:09:07.600Z</time></trkpt><trkpt lon="-1.5007133" lat="52.0993"><ele>110.5</ele><time>2026-08-03T08:09:10.000Z</time></trkpt><trkpt lon="-1.50055" lat="52.09951"><ele>110.7</ele><time>2026-08-03T08:09:12.400Z</time></trkpt><trkpt lon="-1.50033" lat="52.09972"><ele>110.9</ele><time>2026-08-03T08:09:15.000Z</time></trkpt><trkpt lon="-1.50008" lat="52.09991"><ele>111.1</ele><time>2026-08-03T08:09:17.600Z</time></trkpt><trkpt lon="-1.49978" lat="52.10011"><ele>111.2</ele><time>2026-08-03T08:09:20.300Z</time></trkpt><trkpt lon="-1.49961" lat="52.10027"><ele>111.4</ele><time>2026-08-03T08:09:22.400Z</time></trkpt><trkpt lon="-1.49954" lat="52.10036"><ele>111.6</ele><time>2026-08-03T08:09:23.500Z</time></trkpt><trkpt lon="-1.49946" lat="52.100555"><ele>111.7</ele><time>2026-08-03T08:09:25.600Z</time></trkpt><trkpt lon="-1.49938" lat="52.10075"><ele>111.8</ele><time>2026-08-03T08:09:27.600Z</time></trkpt><trkpt lon="-1.49929" lat="52.101005"><ele>112.2</ele><time>2026-08-03T08:09:30.500Z</time></trkpt><trkpt lon="-1.4992" lat="52.10126"><ele>112.0</ele><time>2026-08-03T08:09:32.900Z</time></trkpt><trkpt lon="-1.49909" lat="52.1014675"><ele>111.9</ele><time>2026-08-03T08:09:35.000Z</time></trkpt><trkpt lon="-1.49898" lat="52.101675"><ele>112.1</ele><time>2026-08-03T08:09:37.300Z</time></trkpt><trkpt lon="-1.49887" lat="52.1018825"><ele>112.7</ele><time>2026-08-03T08:09:39.900Z</time></trkpt><trkpt lon="-1.49876" lat="52.10209"><ele>113.3</ele><time>2026-08-03T08:09:42.600Z</time></trkpt><trkpt lon="-1.498625" lat="52.10229"><ele>113.7</ele><time>2026-08-03T08:09:45.000Z</time></trkpt><trkpt lon="-1.49849" lat="52.10249"><ele>113.8</ele><time>2026-08-03T08:09:47.200Z</time></trkpt><trkpt lon="-1.49843" lat="52.10256"><ele>113.9</ele><time>2026-08-03T08:09:48.100Z</time></trkpt><trkpt lon="-1.49827" lat="52.10273"><ele>114.1</ele><time>2026-08-03T08:09:50.200Z</time></trkpt><trkpt lon="-1.498015" lat="52.10294"><ele>114.5</ele><time>2026-08-03T08:09:53.100Z</time></trkpt><trkpt lon="-1.49776" lat="52.103150081261"><ele>115.0</ele><time>2026-08-03T08:09:56.100Z</time></trkpt><trkpt lon="-1.49771" lat="52.1032"><ele>115.1</ele><time>2026-08-03T08:09:56.700Z</time></trkpt><trkpt lon="-1.49769" lat="52.10323"><ele>115.1</ele><time>2026-08-03T08:09:57.100Z</time></trkpt><trkpt lon="-1.49768" lat="52.1033"><ele>115.2</ele><time>2026-08-03T08:09:57.800Z</time></trkpt><trkpt lon="-1.49752" lat="52.10333"><ele>115.3</ele><time>2026-08-03T08:09:58.900Z</time></trkpt><trkpt lon="-1.49745" lat="52.10337"><ele>115.4</ele><time>2026-08-03T08:09:59.600Z</time></trkpt><trkpt lon="-1.4971" lat="52.10361"><ele>115.6</ele><time>2026-08-03T08:10:02.800Z</time></trkpt><trkpt lon="-1.4968875" lat="52.1037775"><ele>115.5</ele><time>2026-08-03T08:10:04.900Z</time></trkpt><trkpt lon="-1.496675" lat="52.103945"><ele>115.5</ele><time>2026-08-03T08:10:06.900Z</time></trkpt><trkpt lon="-1.4964625" lat="52.1041125"><ele>115.5</ele><time>2026-08-03T08:10:09.000Z</time></trkpt><trkpt lon="-1.49625" lat="52.10428"><ele>115.4</ele><time>2026-08-03T08:10:11.100Z</time></trkpt><trkpt lon="-1.496035" lat="52.1044475"><ele>115.4</ele><time>2026-08-03T08:10:13.100Z</time></trkpt><trkpt lon="-1.49582" lat="52.104615"><ele>115.5</ele><time>2026-08-03T08:10:15.300Z</time></trkpt><trkpt lon="-1.495605" lat="52.1047825"><ele>115.8</ele><time>2026-08-03T08:10:17.600Z</time></trkpt><trkpt lon="-1.49539" lat="52.10495"><ele>116.1</ele><time>2026-08-03T08:10:20.000Z</time></trkpt><trkpt lon="-1.4951775" lat="52.105115"><ele>116.5</ele><time>2026-08-03T08:10:22.300Z</time></trkpt><trkpt lon="-1.494965" lat="52.10528"><ele>116.8</ele><time>2026-08-03T08:10:24.600Z</time></trkpt><trkpt lon="-1.4947525" lat="52.105445"><ele>117.1</ele><time>2026-08-03T08:10:27.000Z</time></trkpt><trkpt lon="-1.49454" lat="52.10561"><ele>117.4</ele><time>2026-08-03T08:10:29.300Z</time></trkpt><trkpt lon="-1.494325" lat="52.1057775"><ele>117.8</ele><time>2026-08-03T08:10:31.700Z</time></trkpt><trkpt lon="-1.49411" lat="52.105945"><ele>118.3</ele><time>2026-08-03T08:10:34.100Z</time></trkpt><trkpt lon="-1.493895" lat="52.1061125"><ele>118.7</ele><time>2026-08-03T08:10:36.600Z</time></trkpt><trkpt lon="-1.49368" lat="52.10628"><ele>119.1</ele><time>2026-08-03T08:10:39.000Z</time></trkpt><trkpt lon="-1.4934625" lat="52.106445"><ele>119.3</ele><time>2026-08-03T08:10:41.200Z</time></trkpt><trkpt lon="-1.493245" lat="52.10661"><ele>119.5</ele><time>2026-08-03T08:10:43.500Z</time></trkpt><trkpt lon="-1.4930275" lat="52.106775"><ele>119.6</ele><time>2026-08-03T08:10:45.700Z</time></trkpt><trkpt lon="-1.49281" lat="52.10694"><ele>119.8</ele><time>2026-08-03T08:10:47.900Z</time></trkpt><trkpt lon="-1.49259" lat="52.1071025"><ele>119.7</ele><time>2026-08-03T08:10:49.900Z</time></trkpt><trkpt lon="-1.49237" lat="52.107265"><ele>119.6</ele><time>2026-08-03T08:10:51.900Z</time></trkpt><trkpt lon="-1.49215" lat="52.1074275"><ele>119.3</ele><time>2026-08-03T08:10:53.800Z</time></trkpt><trkpt lon="-1.49193" lat="52.10759"><ele>119.0</ele><time>2026-08-03T08:10:55.700Z</time></trkpt><trkpt lon="-1.4916633" lat="52.1077967"><ele>118.8</ele><time>2026-08-03T08:10:58.200Z</time></trkpt><trkpt lon="-1.4913967" lat="52.1080033"><ele>118.7</ele><time>2026-08-03T08:11:00.700Z</time></trkpt><trkpt lon="-1.49113" lat="52.10821"><ele>118.9</ele><time>2026-08-03T08:11:03.400Z</time></trkpt><trkpt lon="-1.4908633" lat="52.10842"><ele>119.2</ele><time>2026-08-03T08:11:06.300Z</time></trkpt><trkpt lon="-1.4905967" lat="52.10863"><ele>119.5</ele><time>2026-08-03T08:11:09.100Z</time></trkpt><trkpt lon="-1.49033" lat="52.10884"><ele>119.5</ele><time>2026-08-03T08:11:11.800Z</time></trkpt><trkpt lon="-1.4901275" lat="52.108995"><ele>119.5</ele><time>2026-08-03T08:11:13.700Z</time></trkpt><trkpt lon="-1.489925" lat="52.10915"><ele>119.6</ele><time>2026-08-03T08:11:15.700Z</time></trkpt><trkpt lon="-1.48952" lat="52.10946"><ele>119.6</ele><time>2026-08-03T08:11:19.600Z</time></trkpt><trkpt lon="-1.4893125" lat="52.10962"><ele>119.7</ele><time>2026-08-03T08:11:21.700Z</time></trkpt><trkpt lon="-1.489105" lat="52.10978"><ele>120.1</ele><time>2026-08-03T08:11:24.000Z</time></trkpt><trkpt lon="-1.4888975" lat="52.10994"><ele>120.5</ele><time>2026-08-03T08:11:26.300Z</time></trkpt><trkpt lon="-1.48869" lat="52.1101"><ele>120.9</ele><time>2026-08-03T08:11:28.600Z</time></trkpt><trkpt lon="-1.48848" lat="52.1102625"><ele>121.1</ele><time>2026-08-03T08:11:30.900Z</time></trkpt><trkpt lon="-1.48827" lat="52.110425"><ele>121.2</ele><time>2026-08-03T08:11:33.000Z</time></trkpt><trkpt lon="-1.48806" lat="52.1105875"><ele>121.4</ele><time>2026-08-03T08:11:35.100Z</time></trkpt><trkpt lon="-1.48785" lat="52.11075"><ele>121.5</ele><time>2026-08-03T08:11:37.300Z</time></trkpt><trkpt lon="-1.4876425" lat="52.11091"><ele>121.6</ele><time>2026-08-03T08:11:39.400Z</time></trkpt><trkpt lon="-1.487435" lat="52.11107"><ele>121.9</ele><time>2026-08-03T08:11:41.600Z</time></trkpt><trkpt lon="-1.4872275" lat="52.11123"><ele>122.1</ele><time>2026-08-03T08:11:43.800Z</time></trkpt><trkpt lon="-1.48702" lat="52.11139"><ele>122.3</ele><time>2026-08-03T08:11:45.900Z</time></trkpt><trkpt lon="-1.48681" lat="52.11155"><ele>122.1</ele><time>2026-08-03T08:11:47.800Z</time></trkpt><trkpt lon="-1.4866" lat="52.11171"><ele>121.7</ele><time>2026-08-03T08:11:49.700Z</time></trkpt><trkpt lon="-1.48639" lat="52.11187"><ele>121.3</ele><time>2026-08-03T08:11:51.500Z</time></trkpt><trkpt lon="-1.48618" lat="52.11203"><ele>120.9</ele><time>2026-08-03T08:11:53.300Z</time></trkpt><trkpt lon="-1.4859725" lat="52.11219"><ele>121.0</ele><time>2026-08-03T08:11:55.300Z</time></trkpt><trkpt lon="-1.485765" lat="52.11235"><ele>121.0</ele><time>2026-08-03T08:11:57.300Z</time></trkpt><trkpt lon="-1.4855575" lat="52.11251"><ele>120.9</ele><time>2026-08-03T08:11:59.300Z</time></trkpt><trkpt lon="-1.48535" lat="52.11267"><ele>120.8</ele><time>2026-08-03T08:12:01.200Z</time></trkpt><trkpt lon="-1.48514" lat="52.11283"><ele>120.7</ele><time>2026-08-03T08:12:03.200Z</time></trkpt><trkpt lon="-1.48493" lat="52.11299"><ele>120.6</ele><time>2026-08-03T08:12:05.100Z</time></trkpt><trkpt lon="-1.48472" lat="52.11315"><ele>120.8</ele><time>2026-08-03T08:12:07.300Z</time></trkpt><trkpt lon="-1.48451" lat="52.11331"><ele>121.0</ele><time>2026-08-03T08:12:09.500Z</time></trkpt><trkpt lon="-1.4842475" lat="52.113212582735"><ele>120.9</ele><time>2026-08-03T08:12:11.300Z</time></trkpt><trkpt lon="-1.483985" lat="52.113115"><ele>121.2</ele><time>2026-08-03T08:12:13.300Z</time></trkpt><trkpt lon="-1.4837225" lat="52.1130175"><ele>122.0</ele><time>2026-08-03T08:12:15.900Z</time></trkpt><trkpt lon="-1.48346" lat="52.11292"><ele>122.9</ele><time>2026-08-03T08:12:18.800Z</time></trkpt><trkpt lon="-1.483248" lat="52.112842"><ele>124.1</ele><time>2026-08-03T08:12:21.900Z</time></trkpt><trkpt lon="-1.483036" lat="52.112764"><ele>125.7</ele><time>2026-08-03T08:12:25.400Z</time></trkpt><trkpt lon="-1.482824" lat="52.112686"><ele>127.5</ele><time>2026-08-03T08:12:29.400Z</time></trkpt><trkpt lon="-1.482612" lat="52.112608"><ele>129.7</ele><time>2026-08-03T08:12:33.700Z</time></trkpt><trkpt lon="-1.4824" lat="52.11253"><ele>131.8</ele><time>2026-08-03T08:12:38.100Z</time></trkpt><trkpt lon="-1.48219" lat="52.112452"><ele>134.0</ele><time>2026-08-03T08:12:42.500Z</time></trkpt><trkpt lon="-1.48198" lat="52.112374"><ele>136.3</ele><time>2026-08-03T08:12:47.000Z</time></trkpt><trkpt lon="-1.48177" lat="52.112296"><ele>138.3</ele><time>2026-08-03T08:12:51.300Z</time></trkpt><trkpt lon="-1.48156" lat="52.112218"><ele>140.1</ele><time>2026-08-03T08:12:55.200Z</time></trkpt><trkpt lon="-1.48135" lat="52.11214"><ele>141.8</ele><time>2026-08-03T08:12:58.900Z</time></trkpt><trkpt lon="-1.481085" lat="52.1120425"><ele>143.4</ele><time>2026-08-03T08:13:02.800Z</time></trkpt><trkpt lon="-1.48082" lat="52.111945"><ele>144.5</ele><time>2026-08-03T08:13:05.900Z</time></trkpt><trkpt lon="-1.480555" lat="52.1118475"><ele>145.2</ele><time>2026-08-03T08:13:08.500Z</time></trkpt><trkpt lon="-1.48029" lat="52.11175"><ele>146.0</ele><time>2026-08-03T08:13:11.100Z</time></trkpt><trkpt lon="-1.480025" lat="52.1116525"><ele>146.8</ele><time>2026-08-03T08:13:13.700Z</time></trkpt><trkpt lon="-1.47976" lat="52.111555"><ele>147.6</ele><time>2026-08-03T08:13:16.400Z</time></trkpt><trkpt lon="-1.479495" lat="52.1114575"><ele>148.6</ele><time>2026-08-03T08:13:19.400Z</time></trkpt><trkpt lon="-1.47923" lat="52.11136"><ele>149.7</ele><time>2026-08-03T08:13:22.600Z</time></trkpt><trkpt lon="-1.47902" lat="52.1113"><ele>150.8</ele><time>2026-08-03T08:13:25.300Z</time></trkpt><trkpt lon="-1.47856" lat="52.11124"><ele>153.6</ele><time>2026-08-03T08:13:31.700Z</time></trkpt><trkpt lon="-1.47835" lat="52.11124"><ele>155.0</ele><time>2026-08-03T08:13:34.900Z</time></trkpt><trkpt lon="-1.47814" lat="52.11124"><ele>156.6</ele><time>2026-08-03T08:13:38.300Z</time></trkpt><trkpt lon="-1.47798" lat="52.111275"><ele>157.9</ele><time>2026-08-03T08:13:41.100Z</time></trkpt><trkpt lon="-1.47782" lat="52.11131"><ele>159.2</ele><time>2026-08-03T08:13:43.900Z</time></trkpt><trkpt lon="-1.47762" lat="52.1114"><ele>161.3</ele><time>2026-08-03T08:13:48.100Z</time></trkpt><trkpt lon="-1.4775" lat="52.11147"><ele>162.6</ele><time>2026-08-03T08:13:51.000Z</time></trkpt><trkpt lon="-1.47737" lat="52.11156"><ele>164.3</ele><time>2026-08-03T08:13:54.400Z</time></trkpt><trkpt lon="-1.477215" lat="52.111675"><ele>166.3</ele><time>2026-08-03T08:13:58.600Z</time></trkpt><trkpt lon="-1.47706" lat="52.11179"><ele>168.6</ele><time>2026-08-03T08:14:03.200Z</time></trkpt><trkpt lon="-1.47696" lat="52.11184"><ele>169.9</ele><time>2026-08-03T08:14:05.700Z</time></trkpt><trkpt lon="-1.47684" lat="52.11187"><ele>171.1</ele><time>2026-08-03T08:14:08.200Z</time></trkpt><trkpt lon="-1.47667" lat="52.11188"><ele>172.8</ele><time>2026-08-03T08:14:11.700Z</time></trkpt><trkpt lon="-1.47658" lat="52.11186"><ele>173.8</ele><time>2026-08-03T08:14:13.600Z</time></trkpt><trkpt lon="-1.47648" lat="52.11182"><ele>175.0</ele><time>2026-08-03T08:14:16.000Z</time></trkpt><trkpt lon="-1.47641" lat="52.11177"><ele>176.0</ele><time>2026-08-03T08:14:18.100Z</time></trkpt><trkpt lon="-1.4763033" lat="52.1116533"><ele>178.2</ele><time>2026-08-03T08:14:22.400Z</time></trkpt><trkpt lon="-1.4761967" lat="52.1115367"><ele>180.3</ele><time>2026-08-03T08:14:26.700Z</time></trkpt><trkpt lon="-1.47609" lat="52.11142"><ele>182.3</ele><time>2026-08-03T08:14:30.700Z</time></trkpt><trkpt lon="-1.4759767" lat="52.1113233"><ele>184.1</ele><time>2026-08-03T08:14:34.300Z</time></trkpt><trkpt lon="-1.4758633" lat="52.1112267"><ele>185.9</ele><time>2026-08-03T08:14:38.000Z</time></trkpt><trkpt lon="-1.47575" lat="52.11113"><ele>187.7</ele><time>2026-08-03T08:14:41.600Z</time></trkpt><trkpt lon="-1.47564" lat="52.11102"><ele>189.6</ele><time>2026-08-03T08:14:45.400Z</time></trkpt><trkpt lon="-1.47555" lat="52.11089"><ele>191.7</ele><time>2026-08-03T08:14:49.600Z</time></trkpt><trkpt lon="-1.47548" lat="52.11078"><ele>193.5</ele><time>2026-08-03T08:14:53.300Z</time></trkpt><trkpt lon="-1.47541" lat="52.1106"><ele>196.5</ele><time>2026-08-03T08:14:59.300Z</time></trkpt><trkpt lon="-1.47534" lat="52.11042"><ele>199.6</ele><time>2026-08-03T08:15:05.500Z</time></trkpt><trkpt lon="-1.47527" lat="52.11024"><ele>202.9</ele><time>2026-08-03T08:15:11.900Z</time></trkpt><trkpt lon="-1.47518" lat="52.11009"><ele>205.8</ele><time>2026-08-03T08:15:17.400Z</time></trkpt><trkpt lon="-1.47512" lat="52.11002"><ele>207.2</ele><time>2026-08-03T08:15:20.200Z</time></trkpt><trkpt lon="-1.47504" lat="52.10996"><ele>208.5</ele><time>2026-08-03T08:15:22.700Z</time></trkpt><trkpt lon="-1.47489" lat="52.10989"><ele>210.2</ele><time>2026-08-03T08:15:26.300Z</time></trkpt><trkpt lon="-1.4747" lat="52.10985"><ele>211.7</ele><time>2026-08-03T08:15:29.500Z</time></trkpt><trkpt lon="-1.47438" lat="52.109815"><ele>213.5</ele><time>2026-08-03T08:15:33.700Z</time></trkpt><trkpt lon="-1.47406" lat="52.10978"><ele>214.7</ele><time>2026-08-03T08:15:37.100Z</time></trkpt><trkpt lon="-1.4737933" lat="52.10976"><ele>215.4</ele><time>2026-08-03T08:15:39.300Z</time></trkpt><trkpt lon="-1.47326" lat="52.10972"><ele>215.9</ele><time>2026-08-03T08:15:43.000Z</time></trkpt><trkpt lon="-1.47291" lat="52.1097"><ele>216.0</ele><time>2026-08-03T08:15:45.200Z</time></trkpt><trkpt lon="-1.47256" lat="52.109680083761"><ele>215.9</ele><time>2026-08-03T08:15:47.300Z</time></trkpt><trkpt lon="-1.47221" lat="52.10966"><ele>215.9</ele><time>2026-08-03T08:15:49.400Z</time></trkpt><trkpt lon="-1.4717733" lat="52.1096333"><ele>215.8</ele><time>2026-08-03T08:15:51.900Z</time></trkpt><trkpt lon="-1.4713367" lat="52.1096067"><ele>215.5</ele><time>2026-08-03T08:15:54.400Z</time></trkpt><trkpt lon="-1.4709" lat="52.10958"><ele>215.2</ele><time>2026-08-03T08:15:56.900Z</time></trkpt><trkpt lon="-1.47058" lat="52.10958"><ele>215.1</ele><time>2026-08-03T08:15:58.800Z</time></trkpt><trkpt lon="-1.47037" lat="52.10963"><ele>215.1</ele><time>2026-08-03T08:16:00.100Z</time></trkpt><trkpt lon="-1.47016" lat="52.10972"><ele>215.0</ele><time>2026-08-03T08:16:01.600Z</time></trkpt><trkpt lon="-1.47003" lat="52.10979"><ele>215.0</ele><time>2026-08-03T08:16:02.600Z</time></trkpt><trkpt lon="-1.46987" lat="52.10987"><ele>215.0</ele><time>2026-08-03T08:16:03.800Z</time></trkpt><trkpt lon="-1.46965" lat="52.11"><ele>214.9</ele><time>2026-08-03T08:16:05.700Z</time></trkpt><trkpt lon="-1.46947" lat="52.11013"><ele>214.9</ele><time>2026-08-03T08:16:07.300Z</time></trkpt><trkpt lon="-1.4693175" lat="52.11031"><ele>214.9</ele><time>2026-08-03T08:16:09.300Z</time></trkpt><trkpt lon="-1.469165" lat="52.11049"><ele>215.0</ele><time>2026-08-03T08:16:11.300Z</time></trkpt><trkpt lon="-1.4690125" lat="52.11067"><ele>215.0</ele><time>2026-08-03T08:16:13.300Z</time></trkpt><trkpt lon="-1.46886" lat="52.11085"><ele>215.0</ele><time>2026-08-03T08:16:15.300Z</time></trkpt><trkpt lon="-1.4686767" lat="52.1110733"><ele>215.1</ele><time>2026-08-03T08:16:17.800Z</time></trkpt><trkpt lon="-1.4684933" lat="52.1112967"><ele>215.2</ele><time>2026-08-03T08:16:20.400Z</time></trkpt><trkpt lon="-1.46831" lat="52.11152"><ele>215.4</ele><time>2026-08-03T08:16:23.000Z</time></trkpt><trkpt lon="-1.4681033" lat="52.11172"><ele>215.4</ele><time>2026-08-03T08:16:25.300Z</time></trkpt><trkpt lon="-1.4678967" lat="52.11192"><ele>215.5</ele><time>2026-08-03T08:16:27.700Z</time></trkpt><trkpt lon="-1.46769" lat="52.11212"><ele>215.5</ele><time>2026-08-03T08:16:30.000Z</time></trkpt><trkpt lon="-1.4675" lat="52.11227"><ele>215.5</ele><time>2026-08-03T08:16:31.900Z</time></trkpt><trkpt lon="-1.4673" lat="52.1124"><ele>215.5</ele><time>2026-08-03T08:16:33.600Z</time></trkpt><trkpt lon="-1.46715" lat="52.11247"><ele>215.6</ele><time>2026-08-03T08:16:34.800Z</time></trkpt><trkpt lon="-1.46697" lat="52.11252"><ele>215.6</ele><time>2026-08-03T08:16:36.000Z</time></trkpt><trkpt lon="-1.46677" lat="52.11255"><ele>215.6</ele><time>2026-08-03T08:16:37.200Z</time></trkpt><trkpt lon="-1.46679" lat="52.11263"><ele>215.5</ele><time>2026-08-03T08:16:38.000Z</time></trkpt><trkpt lon="-1.46679" lat="52.11268"><ele>215.4</ele><time>2026-08-03T08:16:38.400Z</time></trkpt><trkpt lon="-1.46675" lat="52.11273"><ele>215.2</ele><time>2026-08-03T08:16:38.900Z</time></trkpt><trkpt lon="-1.466555" lat="52.1128975"><ele>214.9</ele><time>2026-08-03T08:16:40.700Z</time></trkpt><trkpt lon="-1.46636" lat="52.113065"><ele>214.7</ele><time>2026-08-03T08:16:42.600Z</time></trkpt><trkpt lon="-1.466165" lat="52.1132325"><ele>214.7</ele><time>2026-08-03T08:16:44.600Z</time></trkpt><trkpt lon="-1.46597" lat="52.1134"><ele>214.8</ele><time>2026-08-03T08:16:46.700Z</time></trkpt><trkpt lon="-1.46577" lat="52.1135967"><ele>214.8</ele><time>2026-08-03T08:16:49.000Z</time></trkpt><trkpt lon="-1.46557" lat="52.1137933"><ele>214.9</ele><time>2026-08-03T08:16:51.300Z</time></trkpt><trkpt lon="-1.46537" lat="52.11399"><ele>215.0</ele><time>2026-08-03T08:16:53.700Z</time></trkpt><trkpt lon="-1.465205" lat="52.114195"><ele>215.1</ele><time>2026-08-03T08:16:56.000Z</time></trkpt><trkpt lon="-1.46504" lat="52.1144"><ele>215.2</ele><time>2026-08-03T08:16:58.300Z</time></trkpt><trkpt lon="-1.4649" lat="52.11463"><ele>215.3</ele><time>2026-08-03T08:17:00.800Z</time></trkpt><trkpt lon="-1.46476" lat="52.11486"><ele>215.4</ele><time>2026-08-03T08:17:03.300Z</time></trkpt><trkpt lon="-1.46462" lat="52.11509"><ele>215.7</ele><time>2026-08-03T08:17:05.900Z</time></trkpt><trkpt lon="-1.46439" lat="52.11538"><ele>215.8</ele><time>2026-08-03T08:17:09.200Z</time></trkpt><trkpt lon="-1.46418" lat="52.11572"><ele>216.0</ele><time>2026-08-03T08:17:12.900Z</time></trkpt><trkpt lon="-1.4641067" lat="52.1159"><ele>216.1</ele><time>2026-08-03T08:17:14.800Z</time></trkpt><trkpt lon="-1.46396" lat="52.11626"><ele>216.3</ele><time>2026-08-03T08:17:18.500Z</time></trkpt><trkpt lon="-1.4638833" lat="52.1164433"><ele>216.3</ele><time>2026-08-03T08:17:20.400Z</time></trkpt><trkpt lon="-1.46373" lat="52.11681"><ele>216.2</ele><time>2026-08-03T08:17:24.100Z</time></trkpt><trkpt lon="-1.4635933" lat="52.11705"><ele>216.2</ele><time>2026-08-03T08:17:26.500Z</time></trkpt><trkpt lon="-1.4634567" lat="52.11729"><ele>216.1</ele><time>2026-08-03T08:17:29.000Z</time></trkpt><trkpt lon="-1.46332" lat="52.11753"><ele>215.9</ele><time>2026-08-03T08:17:31.300Z</time></trkpt><trkpt lon="-1.4631467" lat="52.1177567"><ele>215.7</ele><time>2026-08-03T08:17:33.700Z</time></trkpt><trkpt lon="-1.4629733" lat="52.1179833"><ele>215.5</ele><time>2026-08-03T08:17:36.000Z</time></trkpt><trkpt lon="-1.4628" lat="52.11821"><ele>215.3</ele><time>2026-08-03T08:17:38.400Z</time></trkpt><trkpt lon="-1.4626267" lat="52.1184367"><ele>215.1</ele><time>2026-08-03T08:17:40.700Z</time></trkpt><trkpt lon="-1.4624533" lat="52.1186633"><ele>214.8</ele><time>2026-08-03T08:17:43.000Z</time></trkpt><trkpt lon="-1.46228" lat="52.11889"><ele>214.4</ele><time>2026-08-03T08:17:45.200Z</time></trkpt><trkpt lon="-1.4621067" lat="52.11912"><ele>214.1</ele><time>2026-08-03T08:17:47.600Z</time></trkpt><trkpt lon="-1.4619333" lat="52.11935"><ele>213.9</ele><time>2026-08-03T08:17:49.900Z</time></trkpt><trkpt lon="-1.46176" lat="52.11958"><ele>213.8</ele><time>2026-08-03T08:17:52.400Z</time></trkpt><trkpt lon="-1.46154" lat="52.11983"><ele>214.0</ele><time>2026-08-03T08:17:55.300Z</time></trkpt><trkpt lon="-1.46142" lat="52.11993"><ele>214.2</ele><time>2026-08-03T08:17:56.700Z</time></trkpt><trkpt lon="-1.4611267" lat="52.1201033"><ele>214.6</ele><time>2026-08-03T08:17:59.400Z</time></trkpt><trkpt lon="-1.4608333" lat="52.1202767"><ele>215.0</ele><time>2026-08-03T08:18:02.200Z</time></trkpt><trkpt lon="-1.46054" lat="52.12045"><ele>215.4</ele><time>2026-08-03T08:18:05.000Z</time></trkpt><trkpt lon="-1.4603225" lat="52.1205825"><ele>215.7</ele><time>2026-08-03T08:18:07.100Z</time></trkpt><trkpt lon="-1.460105" lat="52.120715"><ele>215.9</ele><time>2026-08-03T08:18:09.100Z</time></trkpt><trkpt lon="-1.45967" lat="52.12098"><ele>216.0</ele><time>2026-08-03T08:18:12.800Z</time></trkpt><trkpt lon="-1.4594" lat="52.1211367"><ele>215.9</ele><time>2026-08-03T08:18:15.000Z</time></trkpt><trkpt lon="-1.45913" lat="52.1212933"><ele>215.8</ele><time>2026-08-03T08:18:17.200Z</time></trkpt><trkpt lon="-1.45886" lat="52.12145"><ele>215.8</ele><time>2026-08-03T08:18:19.400Z</time></trkpt><trkpt lon="-1.4585933" lat="52.12161"><ele>215.4</ele><time>2026-08-03T08:18:21.400Z</time></trkpt><trkpt lon="-1.4583267" lat="52.12177"><ele>215.1</ele><time>2026-08-03T08:18:23.500Z</time></trkpt><trkpt lon="-1.45806" lat="52.12193"><ele>214.7</ele><time>2026-08-03T08:18:25.600Z</time></trkpt><trkpt lon="-1.45779" lat="52.1220867"><ele>214.5</ele><time>2026-08-03T08:18:27.700Z</time></trkpt><trkpt lon="-1.45752" lat="52.1222433"><ele>214.4</ele><time>2026-08-03T08:18:29.900Z</time></trkpt><trkpt lon="-1.45725" lat="52.1224"><ele>214.3</ele><time>2026-08-03T08:18:32.000Z</time></trkpt><trkpt lon="-1.456975" lat="52.122565"><ele>214.2</ele><time>2026-08-03T08:18:34.300Z</time></trkpt><trkpt lon="-1.4567" lat="52.12273"><ele>213.9</ele><time>2026-08-03T08:18:36.400Z</time></trkpt><trkpt lon="-1.45655" lat="52.12284"><ele>213.8</ele><time>2026-08-03T08:18:37.800Z</time></trkpt><trkpt lon="-1.456325" lat="52.12308"><ele>213.2</ele><time>2026-08-03T08:18:40.200Z</time></trkpt><trkpt lon="-1.4561" lat="52.12332"><ele>212.7</ele><time>2026-08-03T08:18:42.600Z</time></trkpt><trkpt lon="-1.45574" lat="52.12354"><ele>212.2</ele><time>2026-08-03T08:18:45.400Z</time></trkpt><trkpt lon="-1.4554367" lat="52.1236933"><ele>211.9</ele><time>2026-08-03T08:18:47.600Z</time></trkpt><trkpt lon="-1.4551333" lat="52.1238467"><ele>211.9</ele><time>2026-08-03T08:18:49.900Z</time></trkpt><trkpt lon="-1.45483" lat="52.124"><ele>211.8</ele><time>2026-08-03T08:18:52.300Z</time></trkpt><trkpt lon="-1.45454" lat="52.1241133"><ele>211.6</ele><time>2026-08-03T08:18:54.200Z</time></trkpt><trkpt lon="-1.45425" lat="52.1242267"><ele>211.6</ele><time>2026-08-03T08:18:56.300Z</time></trkpt><trkpt lon="-1.45396" lat="52.12434"><ele>211.5</ele><time>2026-08-03T08:18:58.300Z</time></trkpt><trkpt lon="-1.453675" lat="52.124485"><ele>211.7</ele><time>2026-08-03T08:19:00.700Z</time></trkpt><trkpt lon="-1.45339" lat="52.12463"><ele>212.0</ele><time>2026-08-03T08:19:03.200Z</time></trkpt><trkpt lon="-1.453105" lat="52.124775"><ele>212.3</ele><time>2026-08-03T08:19:05.600Z</time></trkpt><trkpt lon="-1.45282" lat="52.12492"><ele>212.5</ele><time>2026-08-03T08:19:08.100Z</time></trkpt><trkpt lon="-1.45258" lat="52.1250425"><ele>212.9</ele><time>2026-08-03T08:19:10.200Z</time></trkpt><trkpt lon="-1.45234" lat="52.125165"><ele>213.3</ele><time>2026-08-03T08:19:12.400Z</time></trkpt><trkpt lon="-1.45186" lat="52.12541"><ele>213.9</ele><time>2026-08-03T08:19:16.700Z</time></trkpt><trkpt lon="-1.45154" lat="52.1255733"><ele>213.9</ele><time>2026-08-03T08:19:19.200Z</time></trkpt><trkpt lon="-1.45122" lat="52.1257367"><ele>214.0</ele><time>2026-08-03T08:19:21.700Z</time></trkpt><trkpt lon="-1.4509" lat="52.1259"><ele>214.0</ele><time>2026-08-03T08:19:24.200Z</time></trkpt><trkpt lon="-1.45058" lat="52.1260633"><ele>214.1</ele><time>2026-08-03T08:19:26.800Z</time></trkpt><trkpt lon="-1.45026" lat="52.1262267"><ele>214.3</ele><time>2026-08-03T08:19:29.500Z</time></trkpt><trkpt lon="-1.44994" lat="52.12639"><ele>214.6</ele><time>2026-08-03T08:19:32.200Z</time></trkpt><trkpt lon="-1.44962" lat="52.1265533"><ele>214.8</ele><time>2026-08-03T08:19:34.900Z</time></trkpt><trkpt lon="-1.4493" lat="52.1267167"><ele>215.1</ele><time>2026-08-03T08:19:37.600Z</time></trkpt><trkpt lon="-1.44898" lat="52.12688"><ele>215.3</ele><time>2026-08-03T08:19:40.300Z</time></trkpt><trkpt lon="-1.44862" lat="52.12702"><ele>215.6</ele><time>2026-08-03T08:19:43.100Z</time></trkpt><trkpt lon="-1.4483367" lat="52.1271867"><ele>215.7</ele><time>2026-08-03T08:19:45.500Z</time></trkpt><trkpt lon="-1.4480533" lat="52.1273533"><ele>215.7</ele><time>2026-08-03T08:19:47.900Z</time></trkpt><trkpt lon="-1.44777" lat="52.12752"><ele>216.1</ele><time>2026-08-03T08:19:50.600Z</time></trkpt><trkpt lon="-1.447565" lat="52.12767"><ele>216.4</ele><time>2026-08-03T08:19:52.800Z</time></trkpt><trkpt lon="-1.44736" lat="52.12782"><ele>216.7</ele><time>2026-08-03T08:19:54.900Z</time></trkpt><trkpt lon="-1.447175" lat="52.12798"><ele>217.0</ele><time>2026-08-03T08:19:57.100Z</time></trkpt><trkpt lon="-1.44699" lat="52.12814"><ele>217.2</ele><time>2026-08-03T08:19:59.200Z</time></trkpt><trkpt lon="-1.44689" lat="52.12827"><ele>217.3</ele><time>2026-08-03T08:20:00.700Z</time></trkpt><trkpt lon="-1.4467533" lat="52.1284433"><ele>217.4</ele><time>2026-08-03T08:20:02.600Z</time></trkpt><trkpt lon="-1.44648" lat="52.12879"><ele>217.5</ele><time>2026-08-03T08:20:06.500Z</time></trkpt><trkpt lon="-1.4463467" lat="52.1289633"><ele>217.4</ele><time>2026-08-03T08:20:08.300Z</time></trkpt><trkpt lon="-1.44608" lat="52.12931"><ele>217.3</ele><time>2026-08-03T08:20:12.000Z</time></trkpt><trkpt lon="-1.4459667" lat="52.1295033"><ele>217.4</ele><time>2026-08-03T08:20:14.100Z</time></trkpt><trkpt lon="-1.4458534" lat="52.1296967"><ele>217.7</ele><time>2026-08-03T08:20:16.300Z</time></trkpt><trkpt lon="-1.44574" lat="52.12989"><ele>217.9</ele><time>2026-08-03T08:20:18.500Z</time></trkpt><trkpt lon="-1.4456267" lat="52.1300833"><ele>218.2</ele><time>2026-08-03T08:20:20.800Z</time></trkpt><trkpt lon="-1.4455134" lat="52.1302767"><ele>218.5</ele><time>2026-08-03T08:20:23.000Z</time></trkpt><trkpt lon="-1.4454" lat="52.13047"><ele>218.8</ele><time>2026-08-03T08:20:25.300Z</time></trkpt><trkpt lon="-1.4452867" lat="52.1306667"><ele>219.0</ele><time>2026-08-03T08:20:27.500Z</time></trkpt><trkpt lon="-1.4451734" lat="52.1308634"><ele>219.1</ele><time>2026-08-03T08:20:29.600Z</time></trkpt><trkpt lon="-1.44506" lat="52.13106"><ele>219.0</ele><time>2026-08-03T08:20:31.600Z</time></trkpt><trkpt lon="-1.444905" lat="52.131305"><ele>216.7</ele><time>2026-08-03T08:20:33.400Z</time></trkpt><trkpt lon="-1.44475" lat="52.13155"><ele>213.6</ele><time>2026-08-03T08:20:35.500Z</time></trkpt><trkpt lon="-1.444675" lat="52.131775"><ele>210.5</ele><time>2026-08-03T08:20:37.300Z</time></trkpt><trkpt lon="-1.4446" lat="52.132"><ele>207.1</ele><time>2026-08-03T08:20:39.100Z</time></trkpt><trkpt lon="-1.44459" lat="52.13225"><ele>203.0</ele><time>2026-08-03T08:20:41.100Z</time></trkpt><trkpt lon="-1.44463" lat="52.13259"><ele>197.5</ele><time>2026-08-03T08:20:43.800Z</time></trkpt><trkpt lon="-1.44471" lat="52.13284"><ele>193.7</ele><time>2026-08-03T08:20:45.800Z</time></trkpt><trkpt lon="-1.44482" lat="52.13307"><ele>190.1</ele><time>2026-08-03T08:20:47.600Z</time></trkpt><trkpt lon="-1.44504" lat="52.13337"><ele>184.8</ele><time>2026-08-03T08:20:50.200Z</time></trkpt><trkpt lon="-1.445285" lat="52.133615"><ele>180.6</ele><time>2026-08-03T08:20:52.500Z</time></trkpt><trkpt lon="-1.44553" lat="52.13386"><ele>176.6</ele><time>2026-08-03T08:20:54.800Z</time></trkpt><trkpt lon="-1.44562" lat="52.13396"><ele>175.0</ele><time>2026-08-03T08:20:55.700Z</time></trkpt><trkpt lon="-1.44572" lat="52.13417"><ele>171.8</ele><time>2026-08-03T08:20:57.400Z</time></trkpt><trkpt lon="-1.44576" lat="52.13429"><ele>169.9</ele><time>2026-08-03T08:20:58.300Z</time></trkpt><trkpt lon="-1.44579" lat="52.13458"><ele>165.3</ele><time>2026-08-03T08:21:00.600Z</time></trkpt><trkpt lon="-1.44582" lat="52.13487"><ele>161.1</ele><time>2026-08-03T08:21:02.900Z</time></trkpt><trkpt lon="-1.445855" lat="52.13516"><ele>157.2</ele><time>2026-08-03T08:21:05.200Z</time></trkpt><trkpt lon="-1.44589" lat="52.13545"><ele>154.0</ele><time>2026-08-03T08:21:07.500Z</time></trkpt><trkpt lon="-1.44593" lat="52.135665"><ele>152.0</ele><time>2026-08-03T08:21:09.000Z</time></trkpt><trkpt lon="-1.44597" lat="52.13588"><ele>150.1</ele><time>2026-08-03T08:21:10.500Z</time></trkpt><trkpt lon="-1.44602" lat="52.13601"><ele>148.9</ele><time>2026-08-03T08:21:11.400Z</time></trkpt><trkpt lon="-1.44608" lat="52.1361"><ele>147.8</ele><time>2026-08-03T08:21:12.100Z</time></trkpt><trkpt lon="-1.44615" lat="52.13617"><ele>146.9</ele><time>2026-08-03T08:21:12.700Z</time></trkpt><trkpt lon="-1.44638" lat="52.13631"><ele>144.2</ele><time>2026-08-03T08:21:14.300Z</time></trkpt><trkpt lon="-1.44668" lat="52.13644"><ele>141.7</ele><time>2026-08-03T08:21:16.000Z</time></trkpt><trkpt lon="-1.44699" lat="52.13655"><ele>137.7</ele><time>2026-08-03T08:21:17.800Z</time></trkpt><trkpt lon="-1.44736" lat="52.13664"><ele>134.2</ele><time>2026-08-03T08:21:19.700Z</time></trkpt><trkpt lon="-1.44773" lat="52.13673"><ele>130.8</ele><time>2026-08-03T08:21:21.600Z</time></trkpt><trkpt lon="-1.4480533" lat="52.1367867"><ele>128.4</ele><time>2026-08-03T08:21:23.300Z</time></trkpt><trkpt lon="-1.4487" lat="52.1369"><ele>124.5</ele><time>2026-08-03T08:21:26.100Z</time></trkpt><trkpt lon="-1.44887" lat="52.13696"><ele>123.6</ele><time>2026-08-03T08:21:26.900Z</time></trkpt><trkpt lon="-1.44914" lat="52.13708"><ele>122.1</ele><time>2026-08-03T08:21:28.400Z</time></trkpt><trkpt lon="-1.4494333" lat="52.1372267"><ele>120.4</ele><time>2026-08-03T08:21:30.000Z</time></trkpt><trkpt lon="-1.4497266" lat="52.1373734"><ele>118.7</ele><time>2026-08-03T08:21:31.600Z</time></trkpt><trkpt lon="-1.45002" lat="52.13752"><ele>117.0</ele><time>2026-08-03T08:21:33.300Z</time></trkpt><trkpt lon="-1.45028" lat="52.13768"><ele>115.4</ele><time>2026-08-03T08:21:34.900Z</time></trkpt><trkpt lon="-1.45047" lat="52.13782"><ele>114.2</ele><time>2026-08-03T08:21:36.200Z</time></trkpt><trkpt lon="-1.45067" lat="52.13805"><ele>112.7</ele><time>2026-08-03T08:21:38.000Z</time></trkpt><trkpt lon="-1.45081" lat="52.13826"><ele>111.7</ele><time>2026-08-03T08:21:39.800Z</time></trkpt><trkpt lon="-1.4509" lat="52.138465"><ele>111.1</ele><time>2026-08-03T08:21:41.600Z</time></trkpt><trkpt lon="-1.45099" lat="52.13867"><ele>110.8</ele><time>2026-08-03T08:21:43.400Z</time></trkpt><trkpt lon="-1.45088" lat="52.13867"><ele>110.6</ele><time>2026-08-03T08:21:44.000Z</time></trkpt><trkpt lon="-1.45077" lat="52.1387"><ele>110.4</ele><time>2026-08-03T08:21:44.600Z</time></trkpt><trkpt lon="-1.45055" lat="52.13873"><ele>110.1</ele><time>2026-08-03T08:21:45.800Z</time></trkpt><trkpt lon="-1.45032" lat="52.13874"><ele>109.9</ele><time>2026-08-03T08:21:47.100Z</time></trkpt><trkpt lon="-1.45015" lat="52.13876"><ele>110.0</ele><time>2026-08-03T08:21:48.200Z</time></trkpt><trkpt lon="-1.44998" lat="52.13881"><ele>110.1</ele><time>2026-08-03T08:21:49.400Z</time></trkpt><trkpt lon="-1.44946" lat="52.13902"><ele>110.6</ele><time>2026-08-03T08:21:53.600Z</time></trkpt><trkpt lon="-1.4491267" lat="52.13915"><ele>110.8</ele><time>2026-08-03T08:21:56.200Z</time></trkpt><trkpt lon="-1.4487933" lat="52.13928"><ele>111.3</ele><time>2026-08-03T08:21:58.900Z</time></trkpt><trkpt lon="-1.44846" lat="52.13941"><ele>111.7</ele><time>2026-08-03T08:22:01.600Z</time></trkpt><trkpt lon="-1.44825" lat="52.13948"><ele>112.0</ele><time>2026-08-03T08:22:03.300Z</time></trkpt><trkpt lon="-1.44808" lat="52.13952"><ele>112.3</ele><time>2026-08-03T08:22:04.600Z</time></trkpt><trkpt lon="-1.44772" lat="52.13957"><ele>112.8</ele><time>2026-08-03T08:22:07.300Z</time></trkpt><trkpt lon="-1.4473867" lat="52.1396033"><ele>113.2</ele><time>2026-08-03T08:22:09.600Z</time></trkpt><trkpt lon="-1.4470534" lat="52.1396367"><ele>113.6</ele><time>2026-08-03T08:22:12.000Z</time></trkpt><trkpt lon="-1.44672" lat="52.13967"><ele>114.1</ele><time>2026-08-03T08:22:14.400Z</time></trkpt><trkpt lon="-1.44644" lat="52.13975"><ele>114.1</ele><time>2026-08-03T08:22:16.300Z</time></trkpt><trkpt lon="-1.44631" lat="52.13984"><ele>113.9</ele><time>2026-08-03T08:22:17.300Z</time></trkpt><trkpt lon="-1.44621" lat="52.13996"><ele>113.5</ele><time>2026-08-03T08:22:18.500Z</time></trkpt><trkpt lon="-1.4461133" lat="52.1401833"><ele>112.8</ele><time>2026-08-03T08:22:20.400Z</time></trkpt><trkpt lon="-1.4460167" lat="52.1404067"><ele>112.1</ele><time>2026-08-03T08:22:22.300Z</time></trkpt><trkpt lon="-1.44592" lat="52.14063"><ele>111.4</ele><time>2026-08-03T08:22:24.200Z</time></trkpt><trkpt lon="-1.44579" lat="52.14087"><ele>110.8</ele><time>2026-08-03T08:22:26.300Z</time></trkpt><trkpt lon="-1.44566" lat="52.14111"><ele>110.1</ele><time>2026-08-03T08:22:28.500Z</time></trkpt><trkpt lon="-1.445535" lat="52.14135"><ele>109.4</ele><time>2026-08-03T08:22:30.600Z</time></trkpt><trkpt lon="-1.44541" lat="52.14159"><ele>108.7</ele><time>2026-08-03T08:22:32.700Z</time></trkpt><trkpt lon="-1.44537" lat="52.14171"><ele>108.4</ele><time>2026-08-03T08:22:33.700Z</time></trkpt><trkpt lon="-1.44537" lat="52.14183"><ele>108.0</ele><time>2026-08-03T08:22:34.700Z</time></trkpt><trkpt lon="-1.44541" lat="52.14191"><ele>107.9</ele><time>2026-08-03T08:22:35.400Z</time></trkpt><trkpt lon="-1.44547" lat="52.142"><ele>107.7</ele><time>2026-08-03T08:22:36.300Z</time></trkpt><trkpt lon="-1.44566" lat="52.14223"><ele>107.1</ele><time>2026-08-03T08:22:38.500Z</time></trkpt><trkpt lon="-1.44573" lat="52.14234"><ele>107.0</ele><time>2026-08-03T08:22:39.600Z</time></trkpt><trkpt lon="-1.44575" lat="52.14245"><ele>106.9</ele><time>2026-08-03T08:22:40.600Z</time></trkpt><trkpt lon="-1.44576" lat="52.14262"><ele>106.7</ele><time>2026-08-03T08:22:42.200Z</time></trkpt><trkpt lon="-1.44579" lat="52.14277"><ele>106.4</ele><time>2026-08-03T08:22:43.500Z</time></trkpt><trkpt lon="-1.44588" lat="52.14297"><ele>106.2</ele><time>2026-08-03T08:22:45.400Z</time></trkpt><trkpt lon="-1.44609" lat="52.14332"><ele>105.5</ele><time>2026-08-03T08:22:48.700Z</time></trkpt><trkpt lon="-1.44615" lat="52.1435"><ele>105.1</ele><time>2026-08-03T08:22:50.300Z</time></trkpt><trkpt lon="-1.44616" lat="52.14368"><ele>104.6</ele><time>2026-08-03T08:22:51.800Z</time></trkpt><trkpt lon="-1.44614" lat="52.14387"><ele>104.1</ele><time>2026-08-03T08:22:53.400Z</time></trkpt><trkpt lon="-1.44604" lat="52.14418"><ele>103.3</ele><time>2026-08-03T08:22:56.100Z</time></trkpt><trkpt lon="-1.44595" lat="52.14433"><ele>102.9</ele><time>2026-08-03T08:22:57.500Z</time></trkpt><trkpt lon="-1.44583" lat="52.14448"><ele>102.5</ele><time>2026-08-03T08:22:58.900Z</time></trkpt><trkpt lon="-1.4457" lat="52.14459"><ele>102.2</ele><time>2026-08-03T08:23:00.100Z</time></trkpt><trkpt lon="-1.44551" lat="52.14469"><ele>101.9</ele><time>2026-08-03T08:23:01.400Z</time></trkpt><trkpt lon="-1.44517" lat="52.14481"><ele>101.4</ele><time>2026-08-03T08:23:03.500Z</time></trkpt><trkpt lon="-1.444845" lat="52.144875"><ele>101.1</ele><time>2026-08-03T08:23:05.400Z</time></trkpt><trkpt lon="-1.44452" lat="52.14494"><ele>101.0</ele><time>2026-08-03T08:23:07.400Z</time></trkpt><trkpt lon="-1.444195" lat="52.145005"><ele>101.1</ele><time>2026-08-03T08:23:09.500Z</time></trkpt><trkpt lon="-1.44387" lat="52.14507"><ele>101.1</ele><time>2026-08-03T08:23:11.600Z</time></trkpt><trkpt lon="-1.44348" lat="52.1452"><ele>101.3</ele><time>2026-08-03T08:23:14.400Z</time></trkpt><trkpt lon="-1.4432" lat="52.14534"><ele>101.4</ele><time>2026-08-03T08:23:16.600Z</time></trkpt><trkpt lon="-1.44296" lat="52.14548"><ele>101.5</ele><time>2026-08-03T08:23:18.700Z</time></trkpt><trkpt lon="-1.44279" lat="52.14562"><ele>101.6</ele><time>2026-08-03T08:23:20.500Z</time></trkpt><trkpt lon="-1.44261" lat="52.14579"><ele>101.7</ele><time>2026-08-03T08:23:22.500Z</time></trkpt><trkpt lon="-1.44234" lat="52.14608"><ele>101.8</ele><time>2026-08-03T08:23:25.900Z</time></trkpt><trkpt lon="-1.44214" lat="52.1462933"><ele>101.9</ele><time>2026-08-03T08:23:28.400Z</time></trkpt><trkpt lon="-1.44194" lat="52.1465067"><ele>102.1</ele><time>2026-08-03T08:23:30.900Z</time></trkpt><trkpt lon="-1.44174" lat="52.14672"><ele>102.2</ele><time>2026-08-03T08:23:33.400Z</time></trkpt><trkpt lon="-1.4415367" lat="52.1469333"><ele>102.3</ele><time>2026-08-03T08:23:35.900Z</time></trkpt><trkpt lon="-1.4413333" lat="52.1471467"><ele>102.5</ele><time>2026-08-03T08:23:38.500Z</time></trkpt><trkpt lon="-1.44113" lat="52.14736"><ele>102.5</ele><time>2026-08-03T08:23:41.000Z</time></trkpt><trkpt lon="-1.4409267" lat="52.1475733"><ele>102.6</ele><time>2026-08-03T08:23:43.400Z</time></trkpt><trkpt lon="-1.4407233" lat="52.1477867"><ele>102.7</ele><time>2026-08-03T08:23:45.900Z</time></trkpt><trkpt lon="-1.44052" lat="52.148"><ele>102.8</ele><time>2026-08-03T08:23:48.400Z</time></trkpt><trkpt lon="-1.44032" lat="52.1482133"><ele>102.9</ele><time>2026-08-03T08:23:50.900Z</time></trkpt><trkpt lon="-1.44012" lat="52.1484267"><ele>103.0</ele><time>2026-08-03T08:23:53.400Z</time></trkpt><trkpt lon="-1.43992" lat="52.14864"><ele>103.1</ele><time>2026-08-03T08:23:55.900Z</time></trkpt><trkpt lon="-1.4397167" lat="52.1488533"><ele>103.2</ele><time>2026-08-03T08:23:58.400Z</time></trkpt><trkpt lon="-1.4395133" lat="52.1490667"><ele>103.4</ele><time>2026-08-03T08:24:01.000Z</time></trkpt><trkpt lon="-1.43931" lat="52.14928"><ele>103.6</ele><time>2026-08-03T08:24:03.500Z</time></trkpt><trkpt lon="-1.4391567" lat="52.1494667"><ele>103.8</ele><time>2026-08-03T08:24:05.800Z</time></trkpt><trkpt lon="-1.4390034" lat="52.1496534"><ele>103.9</ele><time>2026-08-03T08:24:07.900Z</time></trkpt><trkpt lon="-1.43885" lat="52.14984"><ele>104.1</ele><time>2026-08-03T08:24:10.100Z</time></trkpt><trkpt lon="-1.43863" lat="52.1502"><ele>104.4</ele><time>2026-08-03T08:24:14.100Z</time></trkpt><trkpt lon="-1.43855" lat="52.15041"><ele>104.6</ele><time>2026-08-03T08:24:16.400Z</time></trkpt><trkpt lon="-1.4385" lat="52.15071"><ele>104.7</ele><time>2026-08-03T08:24:19.400Z</time></trkpt><trkpt lon="-1.4385067" lat="52.1509"><ele>104.9</ele><time>2026-08-03T08:24:21.400Z</time></trkpt><trkpt lon="-1.43852" lat="52.15128"><ele>105.2</ele><time>2026-08-03T08:24:25.400Z</time></trkpt><trkpt lon="-1.4385333" lat="52.1514733"><ele>105.3</ele><time>2026-08-03T08:24:27.400Z</time></trkpt><trkpt lon="-1.43856" lat="52.15186"><ele>105.5</ele><time>2026-08-03T08:24:31.300Z</time></trkpt><trkpt lon="-1.4385733" lat="52.1520533"><ele>105.5</ele><time>2026-08-03T08:24:33.200Z</time></trkpt><trkpt lon="-1.4386" lat="52.15244"><ele>105.6</ele><time>2026-08-03T08:24:37.100Z</time></trkpt><trkpt lon="-1.43862" lat="52.1527"><ele>105.6</ele><time>2026-08-03T08:24:39.600Z</time></trkpt><trkpt lon="-1.43864" lat="52.15296"><ele>105.7</ele><time>2026-08-03T08:24:42.200Z</time></trkpt><trkpt lon="-1.43866" lat="52.15322"><ele>105.7</ele><time>2026-08-03T08:24:44.800Z</time></trkpt><trkpt lon="-1.4386775" lat="52.1534175"><ele>105.7</ele><time>2026-08-03T08:24:46.800Z</time></trkpt><trkpt lon="-1.438695" lat="52.153615"><ele>105.8</ele><time>2026-08-03T08:24:48.700Z</time></trkpt><trkpt lon="-1.43873" lat="52.15401"><ele>105.8</ele><time>2026-08-03T08:24:52.600Z</time></trkpt><trkpt lon="-1.43875" lat="52.15427"><ele>105.8</ele><time>2026-08-03T08:24:55.100Z</time></trkpt><trkpt lon="-1.43877" lat="52.15453"><ele>105.7</ele><time>2026-08-03T08:24:57.600Z</time></trkpt><trkpt lon="-1.43879" lat="52.15479"><ele>105.8</ele><time>2026-08-03T08:25:00.200Z</time></trkpt><trkpt lon="-1.4388133" lat="52.1550533"><ele>105.7</ele><time>2026-08-03T08:25:02.800Z</time></trkpt><trkpt lon="-1.4388367" lat="52.1553167"><ele>105.7</ele><time>2026-08-03T08:25:05.400Z</time></trkpt><trkpt lon="-1.43886" lat="52.15558"><ele>105.8</ele><time>2026-08-03T08:25:08.000Z</time></trkpt><trkpt lon="-1.43884" lat="52.15583"><ele>105.8</ele><time>2026-08-03T08:25:10.400Z</time></trkpt><trkpt lon="-1.43876" lat="52.1561"><ele>105.8</ele><time>2026-08-03T08:25:13.100Z</time></trkpt><trkpt lon="-1.43865" lat="52.15631"><ele>106.0</ele><time>2026-08-03T08:25:15.500Z</time></trkpt><trkpt lon="-1.43851" lat="52.15648"><ele>106.2</ele><time>2026-08-03T08:25:17.500Z</time></trkpt><trkpt lon="-1.43827" lat="52.15673"><ele>106.6</ele><time>2026-08-03T08:25:20.700Z</time></trkpt><trkpt lon="-1.43805" lat="52.15691"><ele>106.9</ele><time>2026-08-03T08:25:23.100Z</time></trkpt><trkpt lon="-1.43783" lat="52.15709"><ele>107.3</ele><time>2026-08-03T08:25:25.600Z</time></trkpt><trkpt lon="-1.437605" lat="52.157265"><ele>107.6</ele><time>2026-08-03T08:25:28.100Z</time></trkpt><trkpt lon="-1.43738" lat="52.15744"><ele>107.9</ele><time>2026-08-03T08:25:30.500Z</time></trkpt><trkpt lon="-1.4371333" lat="52.15765"><ele>108.3</ele><time>2026-08-03T08:25:33.400Z</time></trkpt><trkpt lon="-1.4368867" lat="52.15786"><ele>108.7</ele><time>2026-08-03T08:25:36.200Z</time></trkpt><trkpt lon="-1.43664" lat="52.15807"><ele>109.1</ele><time>2026-08-03T08:25:39.100Z</time></trkpt><trkpt lon="-1.4364633" lat="52.15828"><ele>109.3</ele><time>2026-08-03T08:25:41.600Z</time></trkpt><trkpt lon="-1.4362867" lat="52.15849"><ele>109.5</ele><time>2026-08-03T08:25:44.000Z</time></trkpt><trkpt lon="-1.43611" lat="52.1587"><ele>109.6</ele><time>2026-08-03T08:25:46.400Z</time></trkpt><trkpt lon="-1.435925" lat="52.158925"><ele>109.7</ele><time>2026-08-03T08:25:49.000Z</time></trkpt><trkpt lon="-1.43574" lat="52.15915"><ele>109.8</ele><time>2026-08-03T08:25:51.500Z</time></trkpt><trkpt lon="-1.435555" lat="52.15938"><ele>109.7</ele><time>2026-08-03T08:25:54.000Z</time></trkpt><trkpt lon="-1.43537" lat="52.15961"><ele>109.7</ele><time>2026-08-03T08:25:56.400Z</time></trkpt><trkpt lon="-1.43577" lat="52.1599"><ele>108.8</ele><time>2026-08-03T08:25:59.700Z</time></trkpt><trkpt lon="-1.4360067" lat="52.16007"><ele>108.5</ele><time>2026-08-03T08:26:01.700Z</time></trkpt><trkpt lon="-1.4362433" lat="52.16024"><ele>108.3</ele><time>2026-08-03T08:26:03.800Z</time></trkpt><trkpt lon="-1.43648" lat="52.16041"><ele>108.0</ele><time>2026-08-03T08:26:05.900Z</time></trkpt><trkpt lon="-1.4367167" lat="52.16058"><ele>107.8</ele><time>2026-08-03T08:26:07.900Z</time></trkpt><trkpt lon="-1.4369533" lat="52.16075"><ele>107.7</ele><time>2026-08-03T08:26:10.000Z</time></trkpt><trkpt lon="-1.43719" lat="52.16092"><ele>107.5</ele><time>2026-08-03T08:26:12.100Z</time></trkpt><trkpt lon="-1.43739" lat="52.16108"><ele>107.4</ele><time>2026-08-03T08:26:14.100Z</time></trkpt><trkpt lon="-1.43779" lat="52.1614"><ele>107.0</ele><time>2026-08-03T08:26:17.800Z</time></trkpt><trkpt lon="-1.4379933" lat="52.1616133"><ele>106.7</ele><time>2026-08-03T08:26:20.000Z</time></trkpt><trkpt lon="-1.4381967" lat="52.1618267"><ele>106.3</ele><time>2026-08-03T08:26:22.200Z</time></trkpt><trkpt lon="-1.4384" lat="52.16204"><ele>105.8</ele><time>2026-08-03T08:26:24.400Z</time></trkpt><trkpt lon="-1.43857" lat="52.16226"><ele>105.2</ele><time>2026-08-03T08:26:26.500Z</time></trkpt><trkpt lon="-1.43874" lat="52.16248"><ele>104.7</ele><time>2026-08-03T08:26:28.600Z</time></trkpt><trkpt lon="-1.43891" lat="52.1627"><ele>104.1</ele><time>2026-08-03T08:26:30.700Z</time></trkpt><trkpt lon="-1.439025" lat="52.1628975"><ele>103.8</ele><time>2026-08-03T08:26:32.600Z</time></trkpt><trkpt lon="-1.43914" lat="52.163095"><ele>103.4</ele><time>2026-08-03T08:26:34.400Z</time></trkpt><trkpt lon="-1.439255" lat="52.1632925"><ele>103.2</ele><time>2026-08-03T08:26:36.300Z</time></trkpt><trkpt lon="-1.43937" lat="52.16349"><ele>102.9</ele><time>2026-08-03T08:26:38.200Z</time></trkpt><trkpt lon="-1.439485" lat="52.16369"><ele>102.7</ele><time>2026-08-03T08:26:40.200Z</time></trkpt><trkpt lon="-1.4396" lat="52.16389"><ele>102.6</ele><time>2026-08-03T08:26:42.200Z</time></trkpt><trkpt lon="-1.439715" lat="52.16409"><ele>102.6</ele><time>2026-08-03T08:26:44.300Z</time></trkpt><trkpt lon="-1.43983" lat="52.16429"><ele>102.5</ele><time>2026-08-03T08:26:46.300Z</time></trkpt><trkpt lon="-1.43994" lat="52.1645"><ele>102.5</ele><time>2026-08-03T08:26:48.500Z</time></trkpt><trkpt lon="-1.43997" lat="52.16463"><ele>102.4</ele><time>2026-08-03T08:26:49.700Z</time></trkpt><trkpt lon="-1.43997" lat="52.16473"><ele>102.4</ele><time>2026-08-03T08:26:50.700Z</time></trkpt><trkpt lon="-1.43992" lat="52.16477"><ele>102.4</ele><time>2026-08-03T08:26:51.200Z</time></trkpt><trkpt lon="-1.4399" lat="52.16482"><ele>102.4</ele><time>2026-08-03T08:26:51.600Z</time></trkpt><trkpt lon="-1.43981" lat="52.16486"><ele>102.3</ele><time>2026-08-03T08:26:52.300Z</time></trkpt><trkpt lon="-1.43968" lat="52.1649"><ele>102.4</ele><time>2026-08-03T08:26:53.200Z</time></trkpt><trkpt lon="-1.43961" lat="52.16489"><ele>102.4</ele><time>2026-08-03T08:26:53.700Z</time></trkpt><trkpt lon="-1.43938" lat="52.16488"><ele>102.6</ele><time>2026-08-03T08:26:55.200Z</time></trkpt><trkpt lon="-1.43889" lat="52.164810091562"><ele>103.4</ele><time>2026-08-03T08:26:58.900Z</time></trkpt><trkpt lon="-1.4385567" lat="52.1647533"><ele>104.4</ele><time>2026-08-03T08:27:02.000Z</time></trkpt><trkpt lon="-1.4382233" lat="52.1646967"><ele>105.6</ele><time>2026-08-03T08:27:05.500Z</time></trkpt><trkpt lon="-1.43789" lat="52.16464"><ele>106.8</ele><time>2026-08-03T08:27:09.000Z</time></trkpt><trkpt lon="-1.43762" lat="52.164615"><ele>107.8</ele><time>2026-08-03T08:27:11.800Z</time></trkpt><trkpt lon="-1.43735" lat="52.16459"><ele>108.8</ele><time>2026-08-03T08:27:14.600Z</time></trkpt><trkpt lon="-1.43683" lat="52.16456"><ele>110.6</ele><time>2026-08-03T08:27:19.800Z</time></trkpt><trkpt lon="-1.43658" lat="52.16457"><ele>111.3</ele><time>2026-08-03T08:27:22.000Z</time></trkpt><trkpt lon="-1.4362725" lat="52.164605"><ele>111.8</ele><time>2026-08-03T08:27:24.400Z</time></trkpt><trkpt lon="-1.435965" lat="52.16464"><ele>112.0</ele><time>2026-08-03T08:27:26.400Z</time></trkpt><trkpt lon="-1.43535" lat="52.16471"><ele>111.9</ele><time>2026-08-03T08:27:30.100Z</time></trkpt><trkpt lon="-1.43488" lat="52.16474"><ele>111.5</ele><time>2026-08-03T08:27:32.700Z</time></trkpt><trkpt lon="-1.43449" lat="52.16476"><ele>111.3</ele><time>2026-08-03T08:27:35.000Z</time></trkpt><trkpt lon="-1.434145" lat="52.164765"><ele>111.2</ele><time>2026-08-03T08:27:37.000Z</time></trkpt><trkpt lon="-1.4338" lat="52.16477"><ele>111.4</ele><time>2026-08-03T08:27:39.200Z</time></trkpt><trkpt lon="-1.43358" lat="52.16477"><ele>111.7</ele><time>2026-08-03T08:27:40.800Z</time></trkpt><trkpt lon="-1.43325" lat="52.16476"><ele>112.3</ele><time>2026-08-03T08:27:43.300Z</time></trkpt><trkpt lon="-1.43292" lat="52.16475"><ele>112.9</ele><time>2026-08-03T08:27:45.800Z</time></trkpt><trkpt lon="-1.43259" lat="52.16474"><ele>113.6</ele><time>2026-08-03T08:27:48.400Z</time></trkpt><trkpt lon="-1.43226" lat="52.1647333"><ele>114.4</ele><time>2026-08-03T08:27:51.100Z</time></trkpt><trkpt lon="-1.43193" lat="52.1647267"><ele>115.2</ele><time>2026-08-03T08:27:53.900Z</time></trkpt><trkpt lon="-1.4316" lat="52.16472"><ele>116.0</ele><time>2026-08-03T08:27:56.600Z</time></trkpt><trkpt lon="-1.4313367" lat="52.1647233"><ele>116.7</ele><time>2026-08-03T08:27:58.900Z</time></trkpt><trkpt lon="-1.43081" lat="52.16473"><ele>117.8</ele><time>2026-08-03T08:28:03.000Z</time></trkpt><trkpt lon="-1.4304533" lat="52.16471"><ele>118.5</ele><time>2026-08-03T08:28:05.900Z</time></trkpt><trkpt lon="-1.4300967" lat="52.16469"><ele>119.5</ele><time>2026-08-03T08:28:09.000Z</time></trkpt><trkpt lon="-1.42974" lat="52.16467"><ele>120.6</ele><time>2026-08-03T08:28:12.300Z</time></trkpt><trkpt lon="-1.42942" lat="52.1646267"><ele>121.5</ele><time>2026-08-03T08:28:15.200Z</time></trkpt><trkpt lon="-1.4291" lat="52.1645833"><ele>122.4</ele><time>2026-08-03T08:28:18.200Z</time></trkpt><trkpt lon="-1.42878" lat="52.16454"><ele>123.5</ele><time>2026-08-03T08:28:21.400Z</time></trkpt><trkpt lon="-1.428518" lat="52.164534092289"><ele>124.6</ele><time>2026-08-03T08:28:24.300Z</time></trkpt><trkpt lon="-1.428256" lat="52.164528"><ele>125.7</ele><time>2026-08-03T08:28:27.200Z</time></trkpt><trkpt lon="-1.427994" lat="52.164522"><ele>126.9</ele><time>2026-08-03T08:28:30.200Z</time></trkpt><trkpt lon="-1.427732" lat="52.164516"><ele>128.2</ele><time>2026-08-03T08:28:33.400Z</time></trkpt><trkpt lon="-1.42747" lat="52.16451"><ele>129.4</ele><time>2026-08-03T08:28:36.500Z</time></trkpt><trkpt lon="-1.427208" lat="52.164502"><ele>130.8</ele><time>2026-08-03T08:28:40.000Z</time></trkpt><trkpt lon="-1.426946" lat="52.164494"><ele>132.5</ele><time>2026-08-03T08:28:43.800Z</time></trkpt><trkpt lon="-1.426684" lat="52.164486"><ele>134.5</ele><time>2026-08-03T08:28:48.000Z</time></trkpt><trkpt lon="-1.426422" lat="52.164478"><ele>136.6</ele><time>2026-08-03T08:28:52.400Z</time></trkpt><trkpt lon="-1.42616" lat="52.16447"><ele>138.8</ele><time>2026-08-03T08:28:57.000Z</time></trkpt><trkpt lon="-1.4259133" lat="52.16446"><ele>140.9</ele><time>2026-08-03T08:29:01.300Z</time></trkpt><trkpt lon="-1.4256667" lat="52.16445"><ele>143.2</ele><time>2026-08-03T08:29:05.900Z</time></trkpt><trkpt lon="-1.42542" lat="52.16444"><ele>145.6</ele><time>2026-08-03T08:29:10.700Z</time></trkpt><trkpt lon="-1.42517" lat="52.1644333"><ele>148.1</ele><time>2026-08-03T08:29:15.700Z</time></trkpt><trkpt lon="-1.42492" lat="52.1644267"><ele>150.5</ele><time>2026-08-03T08:29:20.500Z</time></trkpt><trkpt lon="-1.42467" lat="52.16442"><ele>152.8</ele><time>2026-08-03T08:29:25.100Z</time></trkpt><trkpt lon="-1.42436" lat="52.1643"><ele>155.8</ele><time>2026-08-03T08:29:31.400Z</time></trkpt><trkpt lon="-1.42405" lat="52.16418"><ele>158.4</ele><time>2026-08-03T08:29:37.100Z</time></trkpt><trkpt lon="-1.42376" lat="52.164135"><ele>160.4</ele><time>2026-08-03T08:29:41.600Z</time></trkpt><trkpt lon="-1.42347" lat="52.16409"><ele>162.2</ele><time>2026-08-03T08:29:45.800Z</time></trkpt><trkpt lon="-1.42327" lat="52.1640633"><ele>163.4</ele><time>2026-08-03T08:29:48.600Z</time></trkpt><trkpt lon="-1.42287" lat="52.16401"><ele>165.8</ele><time>2026-08-03T08:29:54.200Z</time></trkpt><trkpt lon="-1.42255" lat="52.16405"><ele>168.0</ele><time>2026-08-03T08:29:59.200Z</time></trkpt><trkpt lon="-1.42229" lat="52.16414"><ele>170.5</ele><time>2026-08-03T08:30:04.300Z</time></trkpt><trkpt lon="-1.42213" lat="52.164225"><ele>172.2</ele><time>2026-08-03T08:30:07.900Z</time></trkpt><trkpt lon="-1.42197" lat="52.16431"><ele>173.8</ele><time>2026-08-03T08:30:11.200Z</time></trkpt><trkpt lon="-1.42163" lat="52.1644"><ele>175.3</ele><time>2026-08-03T08:30:15.300Z</time></trkpt><trkpt lon="-1.42143" lat="52.16443"><ele>175.7</ele><time>2026-08-03T08:30:16.900Z</time></trkpt><trkpt lon="-1.42127" lat="52.16436"><ele>175.9</ele><time>2026-08-03T08:30:18.300Z</time></trkpt><trkpt lon="-1.42094" lat="52.16417"><ele>176.9</ele><time>2026-08-03T08:30:21.900Z</time></trkpt><trkpt lon="-1.4206" lat="52.16393"><ele>178.6</ele><time>2026-08-03T08:30:26.900Z</time></trkpt><trkpt lon="-1.42036" lat="52.16367"><ele>180.2</ele><time>2026-08-03T08:30:31.600Z</time></trkpt><trkpt lon="-1.42018" lat="52.1634"><ele>181.7</ele><time>2026-08-03T08:30:36.100Z</time></trkpt><trkpt lon="-1.42003" lat="52.1632"><ele>182.6</ele><time>2026-08-03T08:30:39.200Z</time></trkpt><trkpt lon="-1.41986" lat="52.16303"><ele>183.1</ele><time>2026-08-03T08:30:41.500Z</time></trkpt><trkpt lon="-1.41949" lat="52.16284"><ele>183.2</ele><time>2026-08-03T08:30:44.500Z</time></trkpt><trkpt lon="-1.41923" lat="52.1627467"><ele>183.3</ele><time>2026-08-03T08:30:46.400Z</time></trkpt><trkpt lon="-1.41897" lat="52.1626533"><ele>183.4</ele><time>2026-08-03T08:30:48.300Z</time></trkpt><trkpt lon="-1.41871" lat="52.16256"><ele>184.0</ele><time>2026-08-03T08:30:50.600Z</time></trkpt><trkpt lon="-1.4184167" lat="52.16248"><ele>185.2</ele><time>2026-08-03T08:30:54.100Z</time></trkpt><trkpt lon="-1.4181233" lat="52.1624"><ele>186.8</ele><time>2026-08-03T08:30:57.900Z</time></trkpt><trkpt lon="-1.41783" lat="52.162320093142"><ele>188.3</ele><time>2026-08-03T08:31:01.700Z</time></trkpt><trkpt lon="-1.417585" lat="52.162265"><ele>189.7</ele><time>2026-08-03T08:31:05.100Z</time></trkpt><trkpt lon="-1.41734" lat="52.16221"><ele>191.2</ele><time>2026-08-03T08:31:08.700Z</time></trkpt><trkpt lon="-1.41703" lat="52.1621533"><ele>193.4</ele><time>2026-08-03T08:31:13.500Z</time></trkpt><trkpt lon="-1.41672" lat="52.1620967"><ele>195.2</ele><time>2026-08-03T08:31:17.900Z</time></trkpt><trkpt lon="-1.41641" lat="52.16204"><ele>196.4</ele><time>2026-08-03T08:31:21.300Z</time></trkpt><trkpt lon="-1.41604" lat="52.161955"><ele>196.9</ele><time>2026-08-03T08:31:24.100Z</time></trkpt><trkpt lon="-1.41567" lat="52.161870093311"><ele>196.9</ele><time>2026-08-03T08:31:26.400Z</time></trkpt><trkpt lon="-1.415305" lat="52.16179"><ele>196.5</ele><time>2026-08-03T08:31:28.500Z</time></trkpt><trkpt lon="-1.41494" lat="52.16171"><ele>196.1</ele><time>2026-08-03T08:31:30.600Z</time></trkpt><trkpt lon="-1.41465" lat="52.16161"><ele>196.1</ele><time>2026-08-03T08:31:32.700Z</time></trkpt><trkpt lon="-1.41434" lat="52.16148"><ele>196.3</ele><time>2026-08-03T08:31:35.100Z</time></trkpt><trkpt lon="-1.41403" lat="52.16135"><ele>196.9</ele><time>2026-08-03T08:31:37.800Z</time></trkpt><trkpt lon="-1.41372" lat="52.16122"><ele>197.0</ele><time>2026-08-03T08:31:40.100Z</time></trkpt><trkpt lon="-1.4134133" lat="52.16109"><ele>196.7</ele><time>2026-08-03T08:31:42.200Z</time></trkpt><trkpt lon="-1.4131067" lat="52.16096"><ele>196.5</ele><time>2026-08-03T08:31:44.300Z</time></trkpt><trkpt lon="-1.4128" lat="52.16083"><ele>196.6</ele><time>2026-08-03T08:31:46.700Z</time></trkpt><trkpt lon="-1.41246" lat="52.1607"><ele>196.9</ele><time>2026-08-03T08:31:49.300Z</time></trkpt><trkpt lon="-1.41212" lat="52.16057"><ele>197.5</ele><time>2026-08-03T08:31:52.200Z</time></trkpt><trkpt lon="-1.4118225" lat="52.16046"><ele>198.5</ele><time>2026-08-03T08:31:55.300Z</time></trkpt><trkpt lon="-1.411525" lat="52.16035"><ele>199.8</ele><time>2026-08-03T08:31:59.000Z</time></trkpt><trkpt lon="-1.4112275" lat="52.16024"><ele>200.3</ele><time>2026-08-03T08:32:01.500Z</time></trkpt><trkpt lon="-1.41093" lat="52.16013"><ele>200.8</ele><time>2026-08-03T08:32:03.900Z</time></trkpt><trkpt lon="-1.4106325" lat="52.16002"><ele>200.9</ele><time>2026-08-03T08:32:06.100Z</time></trkpt><trkpt lon="-1.410335" lat="52.15991"><ele>201.0</ele><time>2026-08-03T08:32:08.300Z</time></trkpt><trkpt lon="-1.4100375" lat="52.1598"><ele>201.2</ele><time>2026-08-03T08:32:10.600Z</time></trkpt><trkpt lon="-1.40974" lat="52.15969"><ele>201.5</ele><time>2026-08-03T08:32:12.800Z</time></trkpt><trkpt lon="-1.4094425" lat="52.1595825"><ele>201.3</ele><time>2026-08-03T08:32:14.900Z</time></trkpt><trkpt lon="-1.409145" lat="52.159475"><ele>201.5</ele><time>2026-08-03T08:32:17.000Z</time></trkpt><trkpt lon="-1.4088475" lat="52.1593675"><ele>201.7</ele><time>2026-08-03T08:32:19.300Z</time></trkpt><trkpt lon="-1.40855" lat="52.15926"><ele>202.4</ele><time>2026-08-03T08:32:22.000Z</time></trkpt><trkpt lon="-1.408255" lat="52.15915"><ele>203.3</ele><time>2026-08-03T08:32:24.900Z</time></trkpt><trkpt lon="-1.40796" lat="52.15904"><ele>203.9</ele><time>2026-08-03T08:32:27.500Z</time></trkpt><trkpt lon="-1.407665" lat="52.15893"><ele>203.5</ele><time>2026-08-03T08:32:29.400Z</time></trkpt><trkpt lon="-1.40737" lat="52.15882"><ele>202.9</ele><time>2026-08-03T08:32:31.200Z</time></trkpt><trkpt lon="-1.4071" lat="52.1587033"><ele>201.7</ele><time>2026-08-03T08:32:32.600Z</time></trkpt><trkpt lon="-1.40656" lat="52.15847"><ele>200.1</ele><time>2026-08-03T08:32:35.800Z</time></trkpt><trkpt lon="-1.40629" lat="52.1583533"><ele>199.8</ele><time>2026-08-03T08:32:37.600Z</time></trkpt><trkpt lon="-1.40575" lat="52.15812"><ele>199.3</ele><time>2026-08-03T08:32:41.300Z</time></trkpt><trkpt lon="-1.40538" lat="52.158"><ele>198.1</ele><time>2026-08-03T08:32:43.200Z</time></trkpt><trkpt lon="-1.40501" lat="52.15788"><ele>196.4</ele><time>2026-08-03T08:32:45.100Z</time></trkpt><trkpt lon="-1.40464" lat="52.15776"><ele>195.2</ele><time>2026-08-03T08:32:47.000Z</time></trkpt><trkpt lon="-1.40427" lat="52.15764"><ele>194.6</ele><time>2026-08-03T08:32:49.200Z</time></trkpt><trkpt lon="-1.4039" lat="52.15752"><ele>194.3</ele><time>2026-08-03T08:32:51.600Z</time></trkpt><trkpt lon="-1.40353" lat="52.1574"><ele>194.0</ele><time>2026-08-03T08:32:53.900Z</time></trkpt><trkpt lon="-1.40316" lat="52.1572767"><ele>193.5</ele><time>2026-08-03T08:32:56.200Z</time></trkpt><trkpt lon="-1.40279" lat="52.1571533"><ele>192.8</ele><time>2026-08-03T08:32:58.400Z</time></trkpt><trkpt lon="-1.40242" lat="52.15703"><ele>192.1</ele><time>2026-08-03T08:33:00.600Z</time></trkpt><trkpt lon="-1.4020467" lat="52.15691"><ele>191.3</ele><time>2026-08-03T08:33:02.700Z</time></trkpt><trkpt lon="-1.4016733" lat="52.15679"><ele>190.1</ele><time>2026-08-03T08:33:04.700Z</time></trkpt><trkpt lon="-1.4013" lat="52.15667"><ele>188.5</ele><time>2026-08-03T08:33:06.500Z</time></trkpt><trkpt lon="-1.40093" lat="52.15655"><ele>186.5</ele><time>2026-08-03T08:33:08.300Z</time></trkpt><trkpt lon="-1.40056" lat="52.15643"><ele>184.9</ele><time>2026-08-03T08:33:10.100Z</time></trkpt><trkpt lon="-1.40019" lat="52.15631"><ele>183.8</ele><time>2026-08-03T08:33:12.100Z</time></trkpt><trkpt lon="-1.39982" lat="52.1561867"><ele>183.0</ele><time>2026-08-03T08:33:14.300Z</time></trkpt><trkpt lon="-1.39945" lat="52.1560633"><ele>182.6</ele><time>2026-08-03T08:33:16.600Z</time></trkpt><trkpt lon="-1.39908" lat="52.15594"><ele>182.4</ele><time>2026-08-03T08:33:19.000Z</time></trkpt><trkpt lon="-1.3989" lat="52.15589"><ele>181.3</ele><time>2026-08-03T08:33:19.800Z</time></trkpt><trkpt lon="-1.3989" lat="52.15613"><ele>179.4</ele><time>2026-08-03T08:33:21.500Z</time></trkpt><trkpt lon="-1.39886" lat="52.15637"><ele>176.3</ele><time>2026-08-03T08:33:23.400Z</time></trkpt><trkpt lon="-1.3987667" lat="52.1566133"><ele>172.6</ele><time>2026-08-03T08:33:25.400Z</time></trkpt><trkpt lon="-1.3986733" lat="52.1568567"><ele>169.2</ele><time>2026-08-03T08:33:27.400Z</time></trkpt><trkpt lon="-1.39858" lat="52.1571"><ele>166.4</ele><time>2026-08-03T08:33:29.300Z</time></trkpt><trkpt lon="-1.39857" lat="52.15715"><ele>165.9</ele><time>2026-08-03T08:33:29.700Z</time></trkpt><trkpt lon="-1.39855" lat="52.1573"><ele>164.5</ele><time>2026-08-03T08:33:30.700Z</time></trkpt><trkpt lon="-1.39854" lat="52.1576"><ele>161.5</ele><time>2026-08-03T08:33:32.800Z</time></trkpt><trkpt lon="-1.39848" lat="52.15769"><ele>160.6</ele><time>2026-08-03T08:33:33.500Z</time></trkpt><trkpt lon="-1.39842" lat="52.15775"><ele>160.0</ele><time>2026-08-03T08:33:34.000Z</time></trkpt><trkpt lon="-1.39812" lat="52.15794"><ele>158.0</ele><time>2026-08-03T08:33:35.800Z</time></trkpt><trkpt lon="-1.3978" lat="52.15804"><ele>156.6</ele><time>2026-08-03T08:33:37.400Z</time></trkpt><trkpt lon="-1.39748" lat="52.15814"><ele>155.4</ele><time>2026-08-03T08:33:39.000Z</time></trkpt><trkpt lon="-1.39694" lat="52.15835"><ele>153.6</ele><time>2026-08-03T08:33:42.000Z</time></trkpt><trkpt lon="-1.39661" lat="52.15858"><ele>152.6</ele><time>2026-08-03T08:33:44.500Z</time></trkpt><trkpt lon="-1.3964" lat="52.15885"><ele>151.2</ele><time>2026-08-03T08:33:46.700Z</time></trkpt><trkpt lon="-1.39629" lat="52.159095"><ele>149.6</ele><time>2026-08-03T08:33:48.500Z</time></trkpt><trkpt lon="-1.39618" lat="52.15934"><ele>148.0</ele><time>2026-08-03T08:33:50.400Z</time></trkpt><trkpt lon="-1.39611" lat="52.15968"><ele>146.6</ele><time>2026-08-03T08:33:53.000Z</time></trkpt><trkpt lon="-1.39611" lat="52.1598667"><ele>146.1</ele><time>2026-08-03T08:33:54.600Z</time></trkpt><trkpt lon="-1.39611" lat="52.16024"><ele>145.3</ele><time>2026-08-03T08:33:57.800Z</time></trkpt><trkpt lon="-1.39608" lat="52.16047"><ele>144.9</ele><time>2026-08-03T08:33:59.900Z</time></trkpt><trkpt lon="-1.39605" lat="52.1607"><ele>144.7</ele><time>2026-08-03T08:34:02.000Z</time></trkpt><trkpt lon="-1.3959367" lat="52.1609433"><ele>144.6</ele><time>2026-08-03T08:34:04.500Z</time></trkpt><trkpt lon="-1.3958233" lat="52.1611867"><ele>144.5</ele><time>2026-08-03T08:34:06.900Z</time></trkpt><trkpt lon="-1.39571" lat="52.16143"><ele>144.0</ele><time>2026-08-03T08:34:09.100Z</time></trkpt><trkpt lon="-1.395615" lat="52.16165"><ele>143.0</ele><time>2026-08-03T08:34:10.800Z</time></trkpt><trkpt lon="-1.39552" lat="52.16187"><ele>141.6</ele><time>2026-08-03T08:34:12.500Z</time></trkpt><trkpt lon="-1.39543" lat="52.162095"><ele>139.6</ele><time>2026-08-03T08:34:14.100Z</time></trkpt><trkpt lon="-1.39534" lat="52.16232"><ele>137.2</ele><time>2026-08-03T08:34:15.700Z</time></trkpt><trkpt lon="-1.3952767" lat="52.1625167"><ele>135.1</ele><time>2026-08-03T08:34:17.100Z</time></trkpt><trkpt lon="-1.39515" lat="52.16291"><ele>131.2</ele><time>2026-08-03T08:34:19.900Z</time></trkpt><trkpt lon="-1.39501" lat="52.16331"><ele>128.1</ele><time>2026-08-03T08:34:22.800Z</time></trkpt><trkpt lon="-1.39497" lat="52.16341"><ele>127.6</ele><time>2026-08-03T08:34:23.600Z</time></trkpt><trkpt lon="-1.3948833" lat="52.1636033"><ele>126.9</ele><time>2026-08-03T08:34:25.200Z</time></trkpt><trkpt lon="-1.39471" lat="52.16399"><ele>125.6</ele><time>2026-08-03T08:34:28.500Z</time></trkpt><trkpt lon="-1.39457" lat="52.16416"><ele>125.0</ele><time>2026-08-03T08:34:30.000Z</time></trkpt><trkpt lon="-1.39444" lat="52.16427"><ele>124.5</ele><time>2026-08-03T08:34:31.100Z</time></trkpt><trkpt lon="-1.39419" lat="52.16434"><ele>124.1</ele><time>2026-08-03T08:34:32.600Z</time></trkpt><trkpt lon="-1.39409" lat="52.16438"><ele>123.8</ele><time>2026-08-03T08:34:33.200Z</time></trkpt><trkpt lon="-1.39401" lat="52.16443"><ele>123.5</ele><time>2026-08-03T08:34:33.700Z</time></trkpt><trkpt lon="-1.39395" lat="52.16448"><ele>123.1</ele><time>2026-08-03T08:34:34.100Z</time></trkpt><trkpt lon="-1.39391" lat="52.16453"><ele>122.7</ele><time>2026-08-03T08:34:34.500Z</time></trkpt><trkpt lon="-1.39386" lat="52.16461"><ele>122.1</ele><time>2026-08-03T08:34:35.100Z</time></trkpt><trkpt lon="-1.39374" lat="52.16492"><ele>120.0</ele><time>2026-08-03T08:34:37.400Z</time></trkpt><trkpt lon="-1.39371" lat="52.16505"><ele>119.2</ele><time>2026-08-03T08:34:38.300Z</time></trkpt><trkpt lon="-1.3937" lat="52.16511"><ele>118.8</ele><time>2026-08-03T08:34:38.700Z</time></trkpt><trkpt lon="-1.3938" lat="52.16537"><ele>117.1</ele><time>2026-08-03T08:34:40.700Z</time></trkpt><trkpt lon="-1.39375" lat="52.16556"><ele>116.1</ele><time>2026-08-03T08:34:42.100Z</time></trkpt><trkpt lon="-1.39361" lat="52.16587"><ele>115.3</ele><time>2026-08-03T08:34:44.800Z</time></trkpt><trkpt lon="-1.39362" lat="52.16603"><ele>115.0</ele><time>2026-08-03T08:34:46.200Z</time></trkpt><trkpt lon="-1.39366" lat="52.16611"><ele>114.9</ele><time>2026-08-03T08:34:47.000Z</time></trkpt><trkpt lon="-1.39381" lat="52.16625"><ele>114.8</ele><time>2026-08-03T08:34:48.600Z</time></trkpt><trkpt lon="-1.39388" lat="52.16633"><ele>114.8</ele><time>2026-08-03T08:34:49.400Z</time></trkpt><trkpt lon="-1.39389" lat="52.16636"><ele>114.7</ele><time>2026-08-03T08:34:49.700Z</time></trkpt><trkpt lon="-1.39388" lat="52.16643"><ele>114.7</ele><time>2026-08-03T08:34:50.400Z</time></trkpt><trkpt lon="-1.39368" lat="52.16676"><ele>114.2</ele><time>2026-08-03T08:34:53.500Z</time></trkpt><trkpt lon="-1.39358" lat="52.16695"><ele>113.9</ele><time>2026-08-03T08:34:55.300Z</time></trkpt><trkpt lon="-1.39335" lat="52.16722"><ele>113.4</ele><time>2026-08-03T08:34:58.100Z</time></trkpt><trkpt lon="-1.39331" lat="52.1673"><ele>113.3</ele><time>2026-08-03T08:34:58.800Z</time></trkpt><trkpt lon="-1.39326" lat="52.16748"><ele>113.2</ele><time>2026-08-03T08:35:00.500Z</time></trkpt><trkpt lon="-1.39319" lat="52.16761"><ele>113.1</ele><time>2026-08-03T08:35:01.800Z</time></trkpt><trkpt lon="-1.39316" lat="52.16772"><ele>112.9</ele><time>2026-08-03T08:35:02.800Z</time></trkpt><trkpt lon="-1.39311" lat="52.16802"><ele>112.7</ele><time>2026-08-03T08:35:05.700Z</time></trkpt><trkpt lon="-1.39306" lat="52.16816"><ele>112.6</ele><time>2026-08-03T08:35:07.000Z</time></trkpt><trkpt lon="-1.39286" lat="52.16841"><ele>112.6</ele><time>2026-08-03T08:35:09.700Z</time></trkpt><trkpt lon="-1.39271" lat="52.16857"><ele>112.5</ele><time>2026-08-03T08:35:11.500Z</time></trkpt><trkpt lon="-1.39276" lat="52.16863"><ele>112.5</ele><time>2026-08-03T08:35:12.100Z</time></trkpt><trkpt lon="-1.39284" lat="52.16889"><ele>112.4</ele><time>2026-08-03T08:35:14.700Z</time></trkpt><trkpt lon="-1.39291" lat="52.16897"><ele>112.4</ele><time>2026-08-03T08:35:15.600Z</time></trkpt><trkpt lon="-1.39304" lat="52.16906"><ele>112.4</ele><time>2026-08-03T08:35:16.800Z</time></trkpt><trkpt lon="-1.3933133" lat="52.1691867"><ele>112.5</ele><time>2026-08-03T08:35:18.800Z</time></trkpt><trkpt lon="-1.3935866" lat="52.1693134"><ele>112.5</ele><time>2026-08-03T08:35:20.900Z</time></trkpt><trkpt lon="-1.39386" lat="52.16944"><ele>112.5</ele><time>2026-08-03T08:35:22.900Z</time></trkpt><trkpt lon="-1.3941367" lat="52.1695667"><ele>112.5</ele><time>2026-08-03T08:35:25.000Z</time></trkpt><trkpt lon="-1.3944133" lat="52.1696934"><ele>112.4</ele><time>2026-08-03T08:35:27.000Z</time></trkpt><trkpt lon="-1.39469" lat="52.16982"><ele>112.4</ele><time>2026-08-03T08:35:29.100Z</time></trkpt><trkpt lon="-1.39486" lat="52.16991"><ele>112.3</ele><time>2026-08-03T08:35:30.400Z</time></trkpt><trkpt lon="-1.39513" lat="52.17003"><ele>112.2</ele><time>2026-08-03T08:35:32.300Z</time></trkpt><trkpt lon="-1.39544" lat="52.1701533"><ele>111.9</ele><time>2026-08-03T08:35:34.400Z</time></trkpt><trkpt lon="-1.39575" lat="52.1702767"><ele>111.6</ele><time>2026-08-03T08:35:36.400Z</time></trkpt><trkpt lon="-1.39606" lat="52.1704"><ele>111.3</ele><time>2026-08-03T08:35:38.500Z</time></trkpt><trkpt lon="-1.3963733" lat="52.1705233"><ele>110.9</ele><time>2026-08-03T08:35:40.500Z</time></trkpt><trkpt lon="-1.3966867" lat="52.1706467"><ele>110.6</ele><time>2026-08-03T08:35:42.600Z</time></trkpt><trkpt lon="-1.397" lat="52.17077"><ele>110.3</ele><time>2026-08-03T08:35:44.700Z</time></trkpt><trkpt lon="-1.39731" lat="52.1708933"><ele>110.0</ele><time>2026-08-03T08:35:46.700Z</time></trkpt><trkpt lon="-1.39762" lat="52.1710167"><ele>109.8</ele><time>2026-08-03T08:35:48.800Z</time></trkpt><trkpt lon="-1.39793" lat="52.17114"><ele>109.6</ele><time>2026-08-03T08:35:50.900Z</time></trkpt><trkpt lon="-1.39824" lat="52.1712633"><ele>109.5</ele><time>2026-08-03T08:35:53.100Z</time></trkpt><trkpt lon="-1.39855" lat="52.171386796708"><ele>109.4</ele><time>2026-08-03T08:35:55.300Z</time></trkpt><trkpt lon="-1.39886" lat="52.17151"><ele>109.6</ele><time>2026-08-03T08:35:57.600Z</time></trkpt><trkpt lon="-1.3991567" lat="52.1716033"><ele>109.9</ele><time>2026-08-03T08:35:59.900Z</time></trkpt><trkpt lon="-1.3994533" lat="52.1716967"><ele>110.2</ele><time>2026-08-03T08:36:02.200Z</time></trkpt><trkpt lon="-1.39975" lat="52.17179"><ele>110.6</ele><time>2026-08-03T08:36:04.400Z</time></trkpt><trkpt lon="-1.4000467" lat="52.1718833"><ele>110.8</ele><time>2026-08-03T08:36:06.600Z</time></trkpt><trkpt lon="-1.4003433" lat="52.1719767"><ele>111.1</ele><time>2026-08-03T08:36:08.800Z</time></trkpt><trkpt lon="-1.40064" lat="52.17207"><ele>111.3</ele><time>2026-08-03T08:36:11.100Z</time></trkpt><trkpt lon="-1.4008967" lat="52.1721567"><ele>111.5</ele><time>2026-08-03T08:36:13.000Z</time></trkpt><trkpt lon="-1.40141" lat="52.17233"><ele>111.6</ele><time>2026-08-03T08:36:16.600Z</time></trkpt><trkpt lon="-1.401795" lat="52.172455"><ele>111.7</ele><time>2026-08-03T08:36:19.300Z</time></trkpt><trkpt lon="-1.40218" lat="52.17258"><ele>111.6</ele><time>2026-08-03T08:36:21.800Z</time></trkpt><trkpt lon="-1.4024767" lat="52.1726633"><ele>111.7</ele><time>2026-08-03T08:36:23.800Z</time></trkpt><trkpt lon="-1.40307" lat="52.17283"><ele>111.8</ele><time>2026-08-03T08:36:27.900Z</time></trkpt><trkpt lon="-1.4033433" lat="52.1728833"><ele>112.0</ele><time>2026-08-03T08:36:29.700Z</time></trkpt><trkpt lon="-1.40389" lat="52.17299"><ele>112.2</ele><time>2026-08-03T08:36:33.400Z</time></trkpt><trkpt lon="-1.4041633" lat="52.1730433"><ele>112.4</ele><time>2026-08-03T08:36:35.300Z</time></trkpt><trkpt lon="-1.40471" lat="52.17315"><ele>113.2</ele><time>2026-08-03T08:36:39.300Z</time></trkpt><trkpt lon="-1.405125" lat="52.173225"><ele>113.9</ele><time>2026-08-03T08:36:42.500Z</time></trkpt><trkpt lon="-1.40554" lat="52.1733"><ele>114.2</ele><time>2026-08-03T08:36:45.300Z</time></trkpt><trkpt lon="-1.4058825" lat="52.1733675"><ele>114.0</ele><time>2026-08-03T08:36:47.400Z</time></trkpt><trkpt lon="-1.406225" lat="52.173435"><ele>113.9</ele><time>2026-08-03T08:36:49.500Z</time></trkpt><trkpt lon="-1.4065675" lat="52.1735025"><ele>113.4</ele><time>2026-08-03T08:36:51.400Z</time></trkpt><trkpt lon="-1.40691" lat="52.17357"><ele>112.9</ele><time>2026-08-03T08:36:53.300Z</time></trkpt><trkpt lon="-1.40725" lat="52.1736375"><ele>112.2</ele><time>2026-08-03T08:36:55.100Z</time></trkpt><trkpt lon="-1.40759" lat="52.173705"><ele>111.5</ele><time>2026-08-03T08:36:56.900Z</time></trkpt><trkpt lon="-1.40793" lat="52.1737725"><ele>111.3</ele><time>2026-08-03T08:36:58.900Z</time></trkpt><trkpt lon="-1.40827" lat="52.17384"><ele>111.1</ele><time>2026-08-03T08:37:00.900Z</time></trkpt><trkpt lon="-1.4088" lat="52.1739"><ele>111.5</ele><time>2026-08-03T08:37:04.600Z</time></trkpt><trkpt lon="-1.409125" lat="52.1739175"><ele>112.0</ele><time>2026-08-03T08:37:06.900Z</time></trkpt><trkpt lon="-1.40945" lat="52.173935"><ele>112.5</ele><time>2026-08-03T08:37:09.300Z</time></trkpt><trkpt lon="-1.409775" lat="52.1739525"><ele>112.8</ele><time>2026-08-03T08:37:11.500Z</time></trkpt><trkpt lon="-1.4101" lat="52.17397"><ele>113.2</ele><time>2026-08-03T08:37:13.800Z</time></trkpt><trkpt lon="-1.4104333" lat="52.1740267"><ele>113.4</ele><time>2026-08-03T08:37:16.000Z</time></trkpt><trkpt lon="-1.4107666" lat="52.1740834"><ele>113.4</ele><time>2026-08-03T08:37:18.100Z</time></trkpt><trkpt lon="-1.4111" lat="52.17414"><ele>113.3</ele><time>2026-08-03T08:37:20.100Z</time></trkpt><trkpt lon="-1.411455" lat="52.17421"><ele>113.3</ele><time>2026-08-03T08:37:22.300Z</time></trkpt><trkpt lon="-1.41181" lat="52.17428"><ele>113.2</ele><time>2026-08-03T08:37:24.500Z</time></trkpt><trkpt lon="-1.41219" lat="52.17437"><ele>113.0</ele><time>2026-08-03T08:37:26.800Z</time></trkpt><trkpt lon="-1.41257" lat="52.17446"><ele>112.7</ele><time>2026-08-03T08:37:29.100Z</time></trkpt><trkpt lon="-1.41301" lat="52.17459"><ele>112.4</ele><time>2026-08-03T08:37:31.900Z</time></trkpt><trkpt lon="-1.413285" lat="52.174705"><ele>112.1</ele><time>2026-08-03T08:37:33.700Z</time></trkpt><trkpt lon="-1.41356" lat="52.17482"><ele>111.7</ele><time>2026-08-03T08:37:35.500Z</time></trkpt><trkpt lon="-1.41403" lat="52.17494"><ele>111.4</ele><time>2026-08-03T08:37:38.400Z</time></trkpt><trkpt lon="-1.4143233" lat="52.1749733"><ele>111.2</ele><time>2026-08-03T08:37:40.100Z</time></trkpt><trkpt lon="-1.41491" lat="52.17504"><ele>110.8</ele><time>2026-08-03T08:37:43.500Z</time></trkpt><trkpt lon="-1.41527" lat="52.175045"><ele>110.7</ele><time>2026-08-03T08:37:45.600Z</time></trkpt><trkpt lon="-1.41563" lat="52.17505"><ele>110.6</ele><time>2026-08-03T08:37:47.700Z</time></trkpt><trkpt lon="-1.4159975" lat="52.1750425"><ele>110.4</ele><time>2026-08-03T08:37:49.800Z</time></trkpt><trkpt lon="-1.416365" lat="52.175035"><ele>110.2</ele><time>2026-08-03T08:37:51.900Z</time></trkpt><trkpt lon="-1.4167325" lat="52.1750275"><ele>110.1</ele><time>2026-08-03T08:37:54.000Z</time></trkpt><trkpt lon="-1.4171" lat="52.17502"><ele>109.9</ele><time>2026-08-03T08:37:56.100Z</time></trkpt><trkpt lon="-1.4170267" lat="52.175263398065"><ele>109.7</ele><time>2026-08-03T08:37:58.400Z</time></trkpt><trkpt lon="-1.4169533" lat="52.1755067"><ele>109.6</ele><time>2026-08-03T08:38:00.800Z</time></trkpt><trkpt lon="-1.41688" lat="52.17575"><ele>110.0</ele><time>2026-08-03T08:38:03.500Z</time></trkpt><trkpt lon="-1.41691" lat="52.17607"><ele>110.6</ele><time>2026-08-03T08:38:07.200Z</time></trkpt><trkpt lon="-1.41692" lat="52.17613"><ele>110.5</ele><time>2026-08-03T08:38:07.700Z</time></trkpt><trkpt lon="-1.41693" lat="52.17625"><ele>110.1</ele><time>2026-08-03T08:38:08.700Z</time></trkpt><trkpt lon="-1.41696" lat="52.17647"><ele>109.6</ele><time>2026-08-03T08:38:10.600Z</time></trkpt><trkpt lon="-1.41699" lat="52.17669"><ele>108.7</ele><time>2026-08-03T08:38:12.300Z</time></trkpt><trkpt lon="-1.41702" lat="52.17691"><ele>107.7</ele><time>2026-08-03T08:38:14.000Z</time></trkpt><trkpt lon="-1.41703" lat="52.177155"><ele>107.1</ele><time>2026-08-03T08:38:16.100Z</time></trkpt><trkpt lon="-1.41704" lat="52.1774"><ele>106.8</ele><time>2026-08-03T08:38:18.300Z</time></trkpt><trkpt lon="-1.41705" lat="52.177645"><ele>106.5</ele><time>2026-08-03T08:38:20.500Z</time></trkpt><trkpt lon="-1.41706" lat="52.17789"><ele>106.2</ele><time>2026-08-03T08:38:22.800Z</time></trkpt><trkpt lon="-1.41698" lat="52.1780667"><ele>106.0</ele><time>2026-08-03T08:38:24.500Z</time></trkpt><trkpt lon="-1.41682" lat="52.17842"><ele>105.5</ele><time>2026-08-03T08:38:27.800Z</time></trkpt><trkpt lon="-1.4166833" lat="52.1786667"><ele>105.3</ele><time>2026-08-03T08:38:30.200Z</time></trkpt><trkpt lon="-1.4165467" lat="52.1789133"><ele>105.0</ele><time>2026-08-03T08:38:32.600Z</time></trkpt><trkpt lon="-1.41641" lat="52.17916"><ele>104.7</ele><time>2026-08-03T08:38:35.000Z</time></trkpt><trkpt lon="-1.41627" lat="52.1794033"><ele>104.3</ele><time>2026-08-03T08:38:37.300Z</time></trkpt><trkpt lon="-1.41613" lat="52.1796467"><ele>104.1</ele><time>2026-08-03T08:38:39.700Z</time></trkpt><trkpt lon="-1.41599" lat="52.17989"><ele>103.9</ele><time>2026-08-03T08:38:42.100Z</time></trkpt><trkpt lon="-1.4158533" lat="52.1801233"><ele>103.6</ele><time>2026-08-03T08:38:44.400Z</time></trkpt><trkpt lon="-1.4157167" lat="52.1803567"><ele>103.3</ele><time>2026-08-03T08:38:46.700Z</time></trkpt><trkpt lon="-1.41558" lat="52.18059"><ele>103.1</ele><time>2026-08-03T08:38:49.000Z</time></trkpt><trkpt lon="-1.4154467" lat="52.18082"><ele>102.8</ele><time>2026-08-03T08:38:51.200Z</time></trkpt><trkpt lon="-1.4153133" lat="52.18105"><ele>102.5</ele><time>2026-08-03T08:38:53.500Z</time></trkpt><trkpt lon="-1.41518" lat="52.18128"><ele>102.2</ele><time>2026-08-03T08:38:55.700Z</time></trkpt><trkpt lon="-1.41506" lat="52.18152"><ele>102.0</ele><time>2026-08-03T08:38:58.000Z</time></trkpt><trkpt lon="-1.41494" lat="52.18176"><ele>101.7</ele><time>2026-08-03T08:39:00.300Z</time></trkpt><trkpt lon="-1.41482" lat="52.182005"><ele>101.3</ele><time>2026-08-03T08:39:02.600Z</time></trkpt><trkpt lon="-1.4147" lat="52.18225"><ele>100.8</ele><time>2026-08-03T08:39:04.900Z</time></trkpt><trkpt lon="-1.4146" lat="52.18249"><ele>100.3</ele><time>2026-08-03T08:39:07.000Z</time></trkpt><trkpt lon="-1.4145" lat="52.18273"><ele>99.7</ele><time>2026-08-03T08:39:09.200Z</time></trkpt><trkpt lon="-1.4144" lat="52.18297"><ele>99.1</ele><time>2026-08-03T08:39:11.300Z</time></trkpt><trkpt lon="-1.4143" lat="52.18321"><ele>98.5</ele><time>2026-08-03T08:39:13.400Z</time></trkpt><trkpt lon="-1.4142" lat="52.18345"><ele>97.9</ele><time>2026-08-03T08:39:15.500Z</time></trkpt><trkpt lon="-1.4141" lat="52.18369"><ele>97.4</ele><time>2026-08-03T08:39:17.700Z</time></trkpt><trkpt lon="-1.414" lat="52.1839333"><ele>96.9</ele><time>2026-08-03T08:39:19.900Z</time></trkpt><trkpt lon="-1.4139" lat="52.1841767"><ele>96.4</ele><time>2026-08-03T08:39:22.100Z</time></trkpt><trkpt lon="-1.4138" lat="52.18442"><ele>96.0</ele><time>2026-08-03T08:39:24.300Z</time></trkpt><trkpt lon="-1.41374" lat="52.18458"><ele>95.7</ele><time>2026-08-03T08:39:25.700Z</time></trkpt><trkpt lon="-1.41375" lat="52.18472"><ele>95.4</ele><time>2026-08-03T08:39:27.000Z</time></trkpt><trkpt lon="-1.41379" lat="52.18489"><ele>95.3</ele><time>2026-08-03T08:39:28.600Z</time></trkpt><trkpt lon="-1.41387" lat="52.1851167"><ele>94.9</ele><time>2026-08-03T08:39:30.600Z</time></trkpt><trkpt lon="-1.41395" lat="52.1853433"><ele>94.5</ele><time>2026-08-03T08:39:32.700Z</time></trkpt><trkpt lon="-1.41403" lat="52.18557"><ele>94.2</ele><time>2026-08-03T08:39:34.800Z</time></trkpt><trkpt lon="-1.41408" lat="52.18567"><ele>94.1</ele><time>2026-08-03T08:39:35.800Z</time></trkpt><trkpt lon="-1.4143" lat="52.1859"><ele>93.8</ele><time>2026-08-03T08:39:38.200Z</time></trkpt><trkpt lon="-1.41455" lat="52.18613"><ele>93.7</ele><time>2026-08-03T08:39:40.900Z</time></trkpt><trkpt lon="-1.41468" lat="52.18632"><ele>93.8</ele><time>2026-08-03T08:39:42.900Z</time></trkpt><trkpt lon="-1.41484" lat="52.18666"><ele>93.9</ele><time>2026-08-03T08:39:46.500Z</time></trkpt><trkpt lon="-1.41494" lat="52.18691"><ele>94.0</ele><time>2026-08-03T08:39:49.100Z</time></trkpt><trkpt lon="-1.41499" lat="52.18711"><ele>94.2</ele><time>2026-08-03T08:39:51.200Z</time></trkpt><trkpt lon="-1.41504" lat="52.18722"><ele>94.3</ele><time>2026-08-03T08:39:52.400Z</time></trkpt><trkpt lon="-1.4152" lat="52.18739"><ele>94.4</ele><time>2026-08-03T08:39:54.400Z</time></trkpt><trkpt lon="-1.4153" lat="52.18746"><ele>94.5</ele><time>2026-08-03T08:39:55.400Z</time></trkpt><trkpt lon="-1.41547" lat="52.18754"><ele>94.6</ele><time>2026-08-03T08:39:56.800Z</time></trkpt><trkpt lon="-1.41569" lat="52.18759"><ele>94.7</ele><time>2026-08-03T08:39:58.300Z</time></trkpt><trkpt lon="-1.41596" lat="52.1876"><ele>94.8</ele><time>2026-08-03T08:40:00.000Z</time></trkpt><trkpt lon="-1.416315" lat="52.187595"><ele>94.9</ele><time>2026-08-03T08:40:02.200Z</time></trkpt><trkpt lon="-1.41667" lat="52.18759"><ele>95.1</ele><time>2026-08-03T08:40:04.500Z</time></trkpt><trkpt lon="-1.4170367" lat="52.1875833"><ele>95.3</ele><time>2026-08-03T08:40:06.900Z</time></trkpt><trkpt lon="-1.4174033" lat="52.1875767"><ele>95.4</ele><time>2026-08-03T08:40:09.200Z</time></trkpt><trkpt lon="-1.41777" lat="52.18757"><ele>95.7</ele><time>2026-08-03T08:40:11.600Z</time></trkpt><trkpt lon="-1.41827" lat="52.18755"><ele>96.0</ele><time>2026-08-03T08:40:14.900Z</time></trkpt><trkpt lon="-1.418665" lat="52.187520099733"><ele>96.1</ele><time>2026-08-03T08:40:17.300Z</time></trkpt><trkpt lon="-1.41906" lat="52.18749"><ele>96.3</ele><time>2026-08-03T08:40:19.900Z</time></trkpt><trkpt lon="-1.41923" lat="52.1875"><ele>96.5</ele><time>2026-08-03T08:40:21.100Z</time></trkpt><trkpt lon="-1.41929" lat="52.18754"><ele>96.6</ele><time>2026-08-03T08:40:21.700Z</time></trkpt><trkpt lon="-1.41932" lat="52.18761"><ele>96.6</ele><time>2026-08-03T08:40:22.400Z</time></trkpt><trkpt lon="-1.41936" lat="52.18775"><ele>96.7</ele><time>2026-08-03T08:40:23.900Z</time></trkpt><trkpt lon="-1.41938" lat="52.18799"><ele>97.1</ele><time>2026-08-03T08:40:26.600Z</time></trkpt><trkpt lon="-1.419375" lat="52.188215"><ele>97.6</ele><time>2026-08-03T08:40:29.100Z</time></trkpt><trkpt lon="-1.41937" lat="52.18844"><ele>97.9</ele><time>2026-08-03T08:40:31.600Z</time></trkpt><trkpt lon="-1.41932" lat="52.18862"><ele>98.5</ele><time>2026-08-03T08:40:33.900Z</time></trkpt><trkpt lon="-1.41925" lat="52.188835"><ele>98.9</ele><time>2026-08-03T08:40:36.300Z</time></trkpt><trkpt lon="-1.41918" lat="52.18905"><ele>99.0</ele><time>2026-08-03T08:40:38.600Z</time></trkpt><trkpt lon="-1.41915" lat="52.1893067"><ele>98.8</ele><time>2026-08-03T08:40:41.000Z</time></trkpt><trkpt lon="-1.41912" lat="52.1895633"><ele>98.5</ele><time>2026-08-03T08:40:43.300Z</time></trkpt><trkpt lon="-1.41909" lat="52.18982"><ele>98.1</ele><time>2026-08-03T08:40:45.600Z</time></trkpt><trkpt lon="-1.41906" lat="52.19008"><ele>97.6</ele><time>2026-08-03T08:40:47.900Z</time></trkpt><trkpt lon="-1.41903" lat="52.19034"><ele>97.1</ele><time>2026-08-03T08:40:50.200Z</time></trkpt><trkpt lon="-1.419" lat="52.1906"><ele>96.5</ele><time>2026-08-03T08:40:52.500Z</time></trkpt><trkpt lon="-1.41897" lat="52.19092"><ele>95.8</ele><time>2026-08-03T08:40:55.200Z</time></trkpt><trkpt lon="-1.41895" lat="52.1911267"><ele>95.4</ele><time>2026-08-03T08:40:57.100Z</time></trkpt><trkpt lon="-1.41893" lat="52.1913334"><ele>95.2</ele><time>2026-08-03T08:40:58.900Z</time></trkpt><trkpt lon="-1.41891" lat="52.19154"><ele>94.9</ele><time>2026-08-03T08:41:00.800Z</time></trkpt><trkpt lon="-1.4189" lat="52.1917933"><ele>94.7</ele><time>2026-08-03T08:41:03.200Z</time></trkpt><trkpt lon="-1.41889" lat="52.1920467"><ele>94.6</ele><time>2026-08-03T08:41:05.600Z</time></trkpt><trkpt lon="-1.41888" lat="52.1923"><ele>94.4</ele><time>2026-08-03T08:41:08.000Z</time></trkpt><trkpt lon="-1.41887" lat="52.19255"><ele>94.3</ele><time>2026-08-03T08:41:10.400Z</time></trkpt><trkpt lon="-1.41886" lat="52.1928"><ele>94.2</ele><time>2026-08-03T08:41:12.700Z</time></trkpt><trkpt lon="-1.41885" lat="52.19305"><ele>93.8</ele><time>2026-08-03T08:41:15.000Z</time></trkpt><trkpt lon="-1.41885" lat="52.19322"><ele>93.5</ele><time>2026-08-03T08:41:16.500Z</time></trkpt><trkpt lon="-1.41895" lat="52.19351"><ele>93.1</ele><time>2026-08-03T08:41:19.200Z</time></trkpt><trkpt lon="-1.41904" lat="52.1937"><ele>92.9</ele><time>2026-08-03T08:41:21.000Z</time></trkpt><trkpt lon="-1.41917" lat="52.1939167"><ele>92.4</ele><time>2026-08-03T08:41:23.000Z</time></trkpt><trkpt lon="-1.4193" lat="52.1941333"><ele>91.9</ele><time>2026-08-03T08:41:25.000Z</time></trkpt><trkpt lon="-1.41943" lat="52.19435"><ele>91.5</ele><time>2026-08-03T08:41:27.100Z</time></trkpt><trkpt lon="-1.4195633" lat="52.19457"><ele>91.1</ele><time>2026-08-03T08:41:29.100Z</time></trkpt><trkpt lon="-1.4196967" lat="52.19479"><ele>90.7</ele><time>2026-08-03T08:41:31.200Z</time></trkpt><trkpt lon="-1.41983" lat="52.19501"><ele>90.4</ele><time>2026-08-03T08:41:33.400Z</time></trkpt><trkpt lon="-1.41991" lat="52.19526"><ele>90.0</ele><time>2026-08-03T08:41:35.600Z</time></trkpt><trkpt lon="-1.41996" lat="52.1955"><ele>89.7</ele><time>2026-08-03T08:41:37.900Z</time></trkpt><trkpt lon="-1.420005" lat="52.19575"><ele>89.5</ele><time>2026-08-03T08:41:40.200Z</time></trkpt><trkpt lon="-1.42005" lat="52.196"><ele>89.3</ele><time>2026-08-03T08:41:42.600Z</time></trkpt><trkpt lon="-1.42009" lat="52.1961"><ele>89.2</ele><time>2026-08-03T08:41:43.500Z</time></trkpt><trkpt lon="-1.42016" lat="52.1962"><ele>89.1</ele><time>2026-08-03T08:41:44.500Z</time></trkpt><trkpt lon="-1.42028" lat="52.19628"><ele>89.1</ele><time>2026-08-03T08:41:45.600Z</time></trkpt><trkpt lon="-1.42046" lat="52.19636"><ele>89.0</ele><time>2026-08-03T08:41:46.900Z</time></trkpt><trkpt lon="-1.42071" lat="52.19645"><ele>89.1</ele><time>2026-08-03T08:41:48.700Z</time></trkpt><trkpt lon="-1.42102" lat="52.196535"><ele>89.2</ele><time>2026-08-03T08:41:50.800Z</time></trkpt><trkpt lon="-1.42133" lat="52.19662"><ele>89.5</ele><time>2026-08-03T08:41:53.100Z</time></trkpt><trkpt lon="-1.42164" lat="52.196705"><ele>89.7</ele><time>2026-08-03T08:41:55.300Z</time></trkpt><trkpt lon="-1.42195" lat="52.19679"><ele>89.9</ele><time>2026-08-03T08:41:57.500Z</time></trkpt><trkpt lon="-1.4222525" lat="52.19687"><ele>90.1</ele><time>2026-08-03T08:41:59.600Z</time></trkpt><trkpt lon="-1.422555" lat="52.19695"><ele>90.3</ele><time>2026-08-03T08:42:01.800Z</time></trkpt><trkpt lon="-1.4228575" lat="52.19703"><ele>90.5</ele><time>2026-08-03T08:42:04.000Z</time></trkpt><trkpt lon="-1.42316" lat="52.19711"><ele>90.8</ele><time>2026-08-03T08:42:06.200Z</time></trkpt><trkpt lon="-1.423495" lat="52.1971775"><ele>90.9</ele><time>2026-08-03T08:42:08.400Z</time></trkpt><trkpt lon="-1.42383" lat="52.197245"><ele>91.0</ele><time>2026-08-03T08:42:10.600Z</time></trkpt><trkpt lon="-1.424165" lat="52.1973125"><ele>91.0</ele><time>2026-08-03T08:42:12.700Z</time></trkpt><trkpt lon="-1.4245" lat="52.19738"><ele>90.9</ele><time>2026-08-03T08:42:14.800Z</time></trkpt><trkpt lon="-1.42466" lat="52.19743"><ele>90.9</ele><time>2026-08-03T08:42:15.800Z</time></trkpt><trkpt lon="-1.42489" lat="52.1975"><ele>90.8</ele><time>2026-08-03T08:42:17.300Z</time></trkpt><trkpt lon="-1.42523" lat="52.19763"><ele>90.5</ele><time>2026-08-03T08:42:19.500Z</time></trkpt><trkpt lon="-1.42557" lat="52.19776"><ele>90.2</ele><time>2026-08-03T08:42:21.800Z</time></trkpt><trkpt lon="-1.4258333" lat="52.1978833"><ele>89.9</ele><time>2026-08-03T08:42:23.600Z</time></trkpt><trkpt lon="-1.42636" lat="52.19813"><ele>89.2</ele><time>2026-08-03T08:42:27.200Z</time></trkpt><trkpt lon="-1.42663" lat="52.19827"><ele>89.0</ele><time>2026-08-03T08:42:29.200Z</time></trkpt><trkpt lon="-1.4269" lat="52.19841"><ele>89.0</ele><time>2026-08-03T08:42:31.300Z</time></trkpt><trkpt lon="-1.42717" lat="52.19855"><ele>88.9</ele><time>2026-08-03T08:42:33.400Z</time></trkpt><trkpt lon="-1.42744" lat="52.19869"><ele>88.9</ele><time>2026-08-03T08:42:35.500Z</time></trkpt><trkpt lon="-1.42765" lat="52.19885"><ele>89.1</ele><time>2026-08-03T08:42:37.700Z</time></trkpt><trkpt lon="-1.42779" lat="52.19902"><ele>89.5</ele><time>2026-08-03T08:42:39.900Z</time></trkpt><trkpt lon="-1.4279" lat="52.19923"><ele>90.1</ele><time>2026-08-03T08:42:42.600Z</time></trkpt><trkpt lon="-1.42798" lat="52.1994667"><ele>91.0</ele><time>2026-08-03T08:42:45.700Z</time></trkpt><trkpt lon="-1.42806" lat="52.1997033"><ele>91.9</ele><time>2026-08-03T08:42:48.900Z</time></trkpt><trkpt lon="-1.42814" lat="52.19994"><ele>92.7</ele><time>2026-08-03T08:42:52.000Z</time></trkpt><trkpt lon="-1.4282233" lat="52.2001767"><ele>93.5</ele><time>2026-08-03T08:42:55.100Z</time></trkpt><trkpt lon="-1.4283067" lat="52.2004133"><ele>94.3</ele><time>2026-08-03T08:42:58.100Z</time></trkpt><trkpt lon="-1.42839" lat="52.20065"><ele>94.9</ele><time>2026-08-03T08:43:01.000Z</time></trkpt><trkpt lon="-1.42837" lat="52.20079"><ele>95.1</ele><time>2026-08-03T08:43:02.600Z</time></trkpt><trkpt lon="-1.42833" lat="52.20088"><ele>95.2</ele><time>2026-08-03T08:43:03.600Z</time></trkpt><trkpt lon="-1.42812" lat="52.20116"><ele>95.5</ele><time>2026-08-03T08:43:06.800Z</time></trkpt><trkpt lon="-1.42798" lat="52.201355"><ele>95.4</ele><time>2026-08-03T08:43:08.900Z</time></trkpt><trkpt lon="-1.42784" lat="52.20155"><ele>95.4</ele><time>2026-08-03T08:43:10.900Z</time></trkpt><trkpt lon="-1.4277" lat="52.201745"><ele>95.3</ele><time>2026-08-03T08:43:13.000Z</time></trkpt><trkpt lon="-1.42756" lat="52.20194"><ele>95.2</ele><time>2026-08-03T08:43:15.000Z</time></trkpt><trkpt lon="-1.4274225" lat="52.2021375"><ele>95.3</ele><time>2026-08-03T08:43:17.100Z</time></trkpt><trkpt lon="-1.427285" lat="52.202335"><ele>95.3</ele><time>2026-08-03T08:43:19.200Z</time></trkpt><trkpt lon="-1.4271475" lat="52.2025325"><ele>95.3</ele><time>2026-08-03T08:43:21.400Z</time></trkpt><trkpt lon="-1.42701" lat="52.20273"><ele>95.4</ele><time>2026-08-03T08:43:23.500Z</time></trkpt><trkpt lon="-1.42683" lat="52.20308"><ele>95.4</ele><time>2026-08-03T08:43:27.100Z</time></trkpt><trkpt lon="-1.42679" lat="52.20319"><ele>95.5</ele><time>2026-08-03T08:43:28.300Z</time></trkpt><trkpt lon="-1.42679" lat="52.20329"><ele>95.5</ele><time>2026-08-03T08:43:29.300Z</time></trkpt><trkpt lon="-1.42685" lat="52.20344"><ele>95.5</ele><time>2026-08-03T08:43:30.800Z</time></trkpt><trkpt lon="-1.426995" lat="52.2036275"><ele>95.6</ele><time>2026-08-03T08:43:32.900Z</time></trkpt><trkpt lon="-1.42714" lat="52.203815"><ele>95.7</ele><time>2026-08-03T08:43:35.000Z</time></trkpt><trkpt lon="-1.427285" lat="52.2040025"><ele>95.9</ele><time>2026-08-03T08:43:37.100Z</time></trkpt><trkpt lon="-1.42743" lat="52.20419"><ele>96.0</ele><time>2026-08-03T08:43:39.300Z</time></trkpt><trkpt lon="-1.427585" lat="52.204415"><ele>96.4</ele><time>2026-08-03T08:43:42.000Z</time></trkpt><trkpt lon="-1.42774" lat="52.20464"><ele>96.9</ele><time>2026-08-03T08:43:44.800Z</time></trkpt><trkpt lon="-1.42785" lat="52.20473"><ele>97.1</ele><time>2026-08-03T08:43:46.100Z</time></trkpt><trkpt lon="-1.42796" lat="52.20479"><ele>97.2</ele><time>2026-08-03T08:43:47.100Z</time></trkpt><trkpt lon="-1.42826" lat="52.20492"><ele>97.9</ele><time>2026-08-03T08:43:49.800Z</time></trkpt><trkpt lon="-1.42841" lat="52.205"><ele>98.5</ele><time>2026-08-03T08:43:51.700Z</time></trkpt><trkpt lon="-1.42853" lat="52.20511"><ele>99.1</ele><time>2026-08-03T08:43:53.500Z</time></trkpt><trkpt lon="-1.42878" lat="52.20543"><ele>99.9</ele><time>2026-08-03T08:43:57.700Z</time></trkpt><trkpt lon="-1.428935" lat="52.20562"><ele>99.8</ele><time>2026-08-03T08:43:59.700Z</time></trkpt><trkpt lon="-1.42909" lat="52.20581"><ele>99.5</ele><time>2026-08-03T08:44:01.700Z</time></trkpt><trkpt lon="-1.42919" lat="52.20591"><ele>99.2</ele><time>2026-08-03T08:44:02.700Z</time></trkpt><trkpt lon="-1.42938" lat="52.20608"><ele>98.6</ele><time>2026-08-03T08:44:04.400Z</time></trkpt><trkpt lon="-1.42963" lat="52.2063"><ele>97.6</ele><time>2026-08-03T08:44:06.500Z</time></trkpt><trkpt lon="-1.42988" lat="52.20652"><ele>96.4</ele><time>2026-08-03T08:44:08.500Z</time></trkpt><trkpt lon="-1.43011" lat="52.2067133"><ele>95.3</ele><time>2026-08-03T08:44:10.300Z</time></trkpt><trkpt lon="-1.43034" lat="52.2069067"><ele>94.1</ele><time>2026-08-03T08:44:12.100Z</time></trkpt><trkpt lon="-1.43057" lat="52.2071"><ele>92.9</ele><time>2026-08-03T08:44:13.900Z</time></trkpt><trkpt lon="-1.4308" lat="52.2072933"><ele>92.1</ele><time>2026-08-03T08:44:15.800Z</time></trkpt><trkpt lon="-1.43103" lat="52.2074867"><ele>91.6</ele><time>2026-08-03T08:44:17.900Z</time></trkpt><trkpt lon="-1.43126" lat="52.20768"><ele>91.3</ele><time>2026-08-03T08:44:20.100Z</time></trkpt><trkpt lon="-1.4315" lat="52.20792"><ele>91.5</ele><time>2026-08-03T08:44:23.000Z</time></trkpt><trkpt lon="-1.431675" lat="52.2080725"><ele>92.1</ele><time>2026-08-03T08:44:25.400Z</time></trkpt><trkpt lon="-1.43185" lat="52.208225"><ele>92.9</ele><time>2026-08-03T08:44:28.000Z</time></trkpt><trkpt lon="-1.432025" lat="52.2083775"><ele>93.9</ele><time>2026-08-03T08:44:30.900Z</time></trkpt><trkpt lon="-1.4322" lat="52.20853"><ele>94.8</ele><time>2026-08-03T08:44:33.800Z</time></trkpt><trkpt lon="-1.43234" lat="52.208675"><ele>95.7</ele><time>2026-08-03T08:44:36.400Z</time></trkpt><trkpt lon="-1.43248" lat="52.20882"><ele>96.4</ele><time>2026-08-03T08:44:38.700Z</time></trkpt><trkpt lon="-1.43276" lat="52.20911"><ele>97.6</ele><time>2026-08-03T08:44:43.100Z</time></trkpt><trkpt lon="-1.4329467" lat="52.2093067"><ele>98.4</ele><time>2026-08-03T08:44:46.100Z</time></trkpt><trkpt lon="-1.4331333" lat="52.2095033"><ele>99.1</ele><time>2026-08-03T08:44:48.900Z</time></trkpt><trkpt lon="-1.43332" lat="52.2097"><ele>99.6</ele><time>2026-08-03T08:44:51.500Z</time></trkpt><trkpt lon="-1.43354" lat="52.20997"><ele>100.3</ele><time>2026-08-03T08:44:55.100Z</time></trkpt><trkpt lon="-1.43368" lat="52.21017"><ele>100.7</ele><time>2026-08-03T08:44:57.500Z</time></trkpt><trkpt lon="-1.43381" lat="52.21044"><ele>101.4</ele><time>2026-08-03T08:45:00.800Z</time></trkpt><trkpt lon="-1.43388" lat="52.210635"><ele>101.8</ele><time>2026-08-03T08:45:03.100Z</time></trkpt><trkpt lon="-1.43395" lat="52.21083"><ele>102.2</ele><time>2026-08-03T08:45:05.400Z</time></trkpt><trkpt lon="-1.43399" lat="52.21113"><ele>102.9</ele><time>2026-08-03T08:45:08.900Z</time></trkpt><trkpt lon="-1.43396" lat="52.21148"><ele>103.6</ele><time>2026-08-03T08:45:12.900Z</time></trkpt><trkpt lon="-1.43394" lat="52.21163"><ele>103.8</ele><time>2026-08-03T08:45:14.600Z</time></trkpt><trkpt lon="-1.4339" lat="52.2118067"><ele>104.2</ele><time>2026-08-03T08:45:16.600Z</time></trkpt><trkpt lon="-1.43382" lat="52.21216"><ele>104.9</ele><time>2026-08-03T08:45:20.700Z</time></trkpt><trkpt lon="-1.43376" lat="52.21235"><ele>105.1</ele><time>2026-08-03T08:45:22.800Z</time></trkpt><trkpt lon="-1.4337" lat="52.21254"><ele>105.4</ele><time>2026-08-03T08:45:24.900Z</time></trkpt><trkpt lon="-1.43364" lat="52.21273"><ele>105.7</ele><time>2026-08-03T08:45:27.000Z</time></trkpt><trkpt lon="-1.43362" lat="52.21288"><ele>105.9</ele><time>2026-08-03T08:45:28.700Z</time></trkpt><trkpt lon="-1.43363" lat="52.213"><ele>106.0</ele><time>2026-08-03T08:45:30.000Z</time></trkpt><trkpt lon="-1.43367" lat="52.21306"><ele>106.1</ele><time>2026-08-03T08:45:30.700Z</time></trkpt><trkpt lon="-1.43374" lat="52.21313"><ele>106.2</ele><time>2026-08-03T08:45:31.600Z</time></trkpt><trkpt lon="-1.43383" lat="52.2132"><ele>106.3</ele><time>2026-08-03T08:45:32.500Z</time></trkpt><trkpt lon="-1.43408" lat="52.21334"><ele>106.7</ele><time>2026-08-03T08:45:34.900Z</time></trkpt><trkpt lon="-1.43426" lat="52.21341"><ele>107.0</ele><time>2026-08-03T08:45:36.400Z</time></trkpt><trkpt lon="-1.434065" lat="52.21359"><ele>106.9</ele><time>2026-08-03T08:45:38.400Z</time></trkpt><trkpt lon="-1.43387" lat="52.21377"><ele>106.8</ele><time>2026-08-03T08:45:40.500Z</time></trkpt><trkpt lon="-1.43374" lat="52.21397"><ele>107.0</ele><time>2026-08-03T08:45:42.700Z</time></trkpt><trkpt lon="-1.43361" lat="52.21417"><ele>107.1</ele><time>2026-08-03T08:45:44.900Z</time></trkpt><trkpt lon="-1.43341" lat="52.21435"><ele>107.0</ele><time>2026-08-03T08:45:47.000Z</time></trkpt><trkpt lon="-1.43335" lat="52.21442"><ele>107.0</ele><time>2026-08-03T08:45:47.800Z</time></trkpt><trkpt lon="-1.43315" lat="52.21469"><ele>107.1</ele><time>2026-08-03T08:45:50.800Z</time></trkpt><trkpt lon="-1.43307" lat="52.21488"><ele>107.4</ele><time>2026-08-03T08:45:52.900Z</time></trkpt><trkpt lon="-1.43299" lat="52.21507"><ele>107.7</ele><time>2026-08-03T08:45:55.100Z</time></trkpt><trkpt lon="-1.432925" lat="52.2153"><ele>108.2</ele><time>2026-08-03T08:45:57.800Z</time></trkpt><trkpt lon="-1.43286" lat="52.21553"><ele>108.6</ele><time>2026-08-03T08:46:00.400Z</time></trkpt><trkpt lon="-1.4327967" lat="52.2157567"><ele>109.0</ele><time>2026-08-03T08:46:02.900Z</time></trkpt><trkpt lon="-1.4327333" lat="52.2159833"><ele>109.2</ele><time>2026-08-03T08:46:05.400Z</time></trkpt><trkpt lon="-1.43267" lat="52.21621"><ele>109.4</ele><time>2026-08-03T08:46:07.800Z</time></trkpt><trkpt lon="-1.43263" lat="52.21641"><ele>109.2</ele><time>2026-08-03T08:46:09.700Z</time></trkpt><trkpt lon="-1.43259" lat="52.21661"><ele>109.1</ele><time>2026-08-03T08:46:11.600Z</time></trkpt><trkpt lon="-1.43254" lat="52.21692"><ele>109.3</ele><time>2026-08-03T08:46:14.800Z</time></trkpt><trkpt lon="-1.43255" lat="52.21704"><ele>109.6</ele><time>2026-08-03T08:46:16.200Z</time></trkpt><trkpt lon="-1.43259" lat="52.21715"><ele>109.9</ele><time>2026-08-03T08:46:17.500Z</time></trkpt><trkpt lon="-1.43265" lat="52.21726"><ele>110.5</ele><time>2026-08-03T08:46:19.400Z</time></trkpt><trkpt lon="-1.43275" lat="52.2174167"><ele>111.8</ele><time>2026-08-03T08:46:22.700Z</time></trkpt><trkpt lon="-1.43285" lat="52.2175734"><ele>113.4</ele><time>2026-08-03T08:46:26.300Z</time></trkpt><trkpt lon="-1.43295" lat="52.21773"><ele>114.9</ele><time>2026-08-03T08:46:30.000Z</time></trkpt><trkpt lon="-1.43305" lat="52.2178833"><ele>116.5</ele><time>2026-08-03T08:46:33.700Z</time></trkpt><trkpt lon="-1.43315" lat="52.2180367"><ele>117.9</ele><time>2026-08-03T08:46:37.200Z</time></trkpt><trkpt lon="-1.43325" lat="52.21819"><ele>119.3</ele><time>2026-08-03T08:46:40.600Z</time></trkpt><trkpt lon="-1.433345" lat="52.218355"><ele>120.6</ele><time>2026-08-03T08:46:43.900Z</time></trkpt><trkpt lon="-1.43344" lat="52.21852"><ele>121.7</ele><time>2026-08-03T08:46:46.900Z</time></trkpt><trkpt lon="-1.433535" lat="52.21874"><ele>123.0</ele><time>2026-08-03T08:46:50.600Z</time></trkpt><trkpt lon="-1.43363" lat="52.21896"><ele>124.0</ele><time>2026-08-03T08:46:53.800Z</time></trkpt><trkpt lon="-1.4337" lat="52.21919"><ele>124.6</ele><time>2026-08-03T08:46:56.600Z</time></trkpt><trkpt lon="-1.43371" lat="52.21938"><ele>124.8</ele><time>2026-08-03T08:46:58.700Z</time></trkpt><trkpt lon="-1.43368" lat="52.21958"><ele>125.0</ele><time>2026-08-03T08:47:00.800Z</time></trkpt><trkpt lon="-1.43362" lat="52.2199"><ele>125.0</ele><time>2026-08-03T08:47:04.000Z</time></trkpt><trkpt lon="-1.43352" lat="52.22022"><ele>124.9</ele><time>2026-08-03T08:47:07.100Z</time></trkpt><trkpt lon="-1.4334" lat="52.2205"><ele>124.7</ele><time>2026-08-03T08:47:09.800Z</time></trkpt><trkpt lon="-1.4332733" lat="52.2207133"><ele>124.5</ele><time>2026-08-03T08:47:12.000Z</time></trkpt><trkpt lon="-1.4331467" lat="52.2209267"><ele>124.4</ele><time>2026-08-03T08:47:14.100Z</time></trkpt><trkpt lon="-1.43302" lat="52.22114"><ele>124.1</ele><time>2026-08-03T08:47:16.200Z</time></trkpt><trkpt lon="-1.4328967" lat="52.2213567"><ele>123.7</ele><time>2026-08-03T08:47:18.200Z</time></trkpt><trkpt lon="-1.4327733" lat="52.2215733"><ele>123.3</ele><time>2026-08-03T08:47:20.200Z</time></trkpt><trkpt lon="-1.43265" lat="52.22179"><ele>122.9</ele><time>2026-08-03T08:47:22.300Z</time></trkpt><trkpt lon="-1.43255" lat="52.2220267"><ele>122.6</ele><time>2026-08-03T08:47:24.500Z</time></trkpt><trkpt lon="-1.43245" lat="52.2222633"><ele>122.2</ele><time>2026-08-03T08:47:26.700Z</time></trkpt><trkpt lon="-1.43235" lat="52.2225"><ele>121.7</ele><time>2026-08-03T08:47:28.800Z</time></trkpt><trkpt lon="-1.43223" lat="52.22279"><ele>121.0</ele><time>2026-08-03T08:47:31.400Z</time></trkpt><trkpt lon="-1.432105" lat="52.2229925"><ele>120.5</ele><time>2026-08-03T08:47:33.200Z</time></trkpt><trkpt lon="-1.43198" lat="52.223195"><ele>119.9</ele><time>2026-08-03T08:47:35.000Z</time></trkpt><trkpt lon="-1.431855" lat="52.2233975"><ele>119.2</ele><time>2026-08-03T08:47:36.800Z</time></trkpt><trkpt lon="-1.43173" lat="52.2236"><ele>118.5</ele><time>2026-08-03T08:47:38.600Z</time></trkpt><trkpt lon="-1.43168" lat="52.22375"><ele>117.9</ele><time>2026-08-03T08:47:39.800Z</time></trkpt><trkpt lon="-1.43166" lat="52.223985"><ele>117.3</ele><time>2026-08-03T08:47:41.800Z</time></trkpt><trkpt lon="-1.43164" lat="52.22422"><ele>116.3</ele><time>2026-08-03T08:47:43.600Z</time></trkpt><trkpt lon="-1.431615" lat="52.22445"><ele>115.2</ele><time>2026-08-03T08:47:45.300Z</time></trkpt><trkpt lon="-1.43159" lat="52.22468"><ele>113.9</ele><time>2026-08-03T08:47:47.000Z</time></trkpt><trkpt lon="-1.43156" lat="52.22491"><ele>112.6</ele><time>2026-08-03T08:47:48.700Z</time></trkpt><trkpt lon="-1.43153" lat="52.22514"><ele>111.3</ele><time>2026-08-03T08:47:50.300Z</time></trkpt><trkpt lon="-1.43145" lat="52.22529"><ele>110.2</ele><time>2026-08-03T08:47:51.400Z</time></trkpt><trkpt lon="-1.431285" lat="52.22552"><ele>108.1</ele><time>2026-08-03T08:47:53.200Z</time></trkpt><trkpt lon="-1.43112" lat="52.22575"><ele>105.9</ele><time>2026-08-03T08:47:54.900Z</time></trkpt><trkpt lon="-1.430935" lat="52.225955"><ele>104.0</ele><time>2026-08-03T08:47:56.600Z</time></trkpt><trkpt lon="-1.43075" lat="52.22616"><ele>102.3</ele><time>2026-08-03T08:47:58.200Z</time></trkpt><trkpt lon="-1.43064" lat="52.22634"><ele>100.9</ele><time>2026-08-03T08:47:59.600Z</time></trkpt><trkpt lon="-1.43042" lat="52.2267"><ele>98.6</ele><time>2026-08-03T08:48:02.300Z</time></trkpt><trkpt lon="-1.43037" lat="52.22688"><ele>97.7</ele><time>2026-08-03T08:48:03.700Z</time></trkpt><trkpt lon="-1.43027" lat="52.22724"><ele>96.6</ele><time>2026-08-03T08:48:06.700Z</time></trkpt><trkpt lon="-1.4302167" lat="52.2274233"><ele>96.7</ele><time>2026-08-03T08:48:08.600Z</time></trkpt><trkpt lon="-1.43011" lat="52.22779"><ele>97.0</ele><time>2026-08-03T08:48:12.400Z</time></trkpt><trkpt lon="-1.4300433" lat="52.228"><ele>97.5</ele><time>2026-08-03T08:48:15.000Z</time></trkpt><trkpt lon="-1.4299767" lat="52.22821"><ele>98.5</ele><time>2026-08-03T08:48:18.100Z</time></trkpt><trkpt lon="-1.42991" lat="52.22842"><ele>99.6</ele><time>2026-08-03T08:48:21.500Z</time></trkpt><trkpt lon="-1.4298467" lat="52.2286067"><ele>100.8</ele><time>2026-08-03T08:48:24.700Z</time></trkpt><trkpt lon="-1.4297834" lat="52.2287934"><ele>101.6</ele><time>2026-08-03T08:48:27.500Z</time></trkpt><trkpt lon="-1.42972" lat="52.22898"><ele>102.5</ele><time>2026-08-03T08:48:30.200Z</time></trkpt><trkpt lon="-1.4296533" lat="52.2291633"><ele>103.2</ele><time>2026-08-03T08:48:32.700Z</time></trkpt><trkpt lon="-1.4295867" lat="52.2293467"><ele>103.8</ele><time>2026-08-03T08:48:35.100Z</time></trkpt><trkpt lon="-1.42952" lat="52.22953"><ele>104.4</ele><time>2026-08-03T08:48:37.500Z</time></trkpt><trkpt lon="-1.4294333" lat="52.2297333"><ele>104.7</ele><time>2026-08-03T08:48:39.700Z</time></trkpt><trkpt lon="-1.4293467" lat="52.2299367"><ele>104.5</ele><time>2026-08-03T08:48:41.700Z</time></trkpt><trkpt lon="-1.42926" lat="52.23014"><ele>104.4</ele><time>2026-08-03T08:48:43.700Z</time></trkpt><trkpt lon="-1.42917" lat="52.2303433"><ele>104.5</ele><time>2026-08-03T08:48:45.800Z</time></trkpt><trkpt lon="-1.42908" lat="52.2305467"><ele>104.8</ele><time>2026-08-03T08:48:48.100Z</time></trkpt><trkpt lon="-1.42899" lat="52.23075"><ele>105.1</ele><time>2026-08-03T08:48:50.400Z</time></trkpt><trkpt lon="-1.42894" lat="52.23099"><ele>105.5</ele><time>2026-08-03T08:48:53.100Z</time></trkpt><trkpt lon="-1.42894" lat="52.23112"><ele>105.7</ele><time>2026-08-03T08:48:54.600Z</time></trkpt><trkpt lon="-1.42905" lat="52.23132"><ele>106.2</ele><time>2026-08-03T08:48:57.000Z</time></trkpt><trkpt lon="-1.4292633" lat="52.2315067"><ele>106.7</ele><time>2026-08-03T08:48:59.700Z</time></trkpt><trkpt lon="-1.4294767" lat="52.2316933"><ele>106.9</ele><time>2026-08-03T08:49:02.000Z</time></trkpt><trkpt lon="-1.42969" lat="52.23188"><ele>106.7</ele><time>2026-08-03T08:49:04.200Z</time></trkpt><trkpt lon="-1.4299033" lat="52.23207"><ele>106.2</ele><time>2026-08-03T08:49:06.200Z</time></trkpt><trkpt lon="-1.4301167" lat="52.23226"><ele>105.5</ele><time>2026-08-03T08:49:08.100Z</time></trkpt><trkpt lon="-1.43033" lat="52.23245"><ele>104.9</ele><time>2026-08-03T08:49:10.000Z</time></trkpt><trkpt lon="-1.4305467" lat="52.23264"><ele>104.1</ele><time>2026-08-03T08:49:11.900Z</time></trkpt><trkpt lon="-1.4307633" lat="52.23283"><ele>103.2</ele><time>2026-08-03T08:49:13.800Z</time></trkpt><trkpt lon="-1.43098" lat="52.23302"><ele>102.6</ele><time>2026-08-03T08:49:15.700Z</time></trkpt><trkpt lon="-1.43116" lat="52.2331933"><ele>102.1</ele><time>2026-08-03T08:49:17.500Z</time></trkpt><trkpt lon="-1.43134" lat="52.2333667"><ele>101.9</ele><time>2026-08-03T08:49:19.400Z</time></trkpt><trkpt lon="-1.43152" lat="52.23354"><ele>101.7</ele><time>2026-08-03T08:49:21.300Z</time></trkpt><trkpt lon="-1.43158" lat="52.23364"><ele>101.6</ele><time>2026-08-03T08:49:22.300Z</time></trkpt><trkpt lon="-1.43152" lat="52.23378"><ele>101.5</ele><time>2026-08-03T08:49:23.600Z</time></trkpt><trkpt lon="-1.4311" lat="52.23369"><ele>101.4</ele><time>2026-08-03T08:49:26.300Z</time></trkpt><trkpt lon="-1.43071" lat="52.233605"><ele>101.4</ele><time>2026-08-03T08:49:28.700Z</time></trkpt><trkpt lon="-1.43032" lat="52.23352"><ele>101.2</ele><time>2026-08-03T08:49:31.100Z</time></trkpt><trkpt lon="-1.43012" lat="52.23347"><ele>100.9</ele><time>2026-08-03T08:49:32.200Z</time></trkpt><trkpt lon="-1.4297567" lat="52.2333933"><ele>100.0</ele><time>2026-08-03T08:49:34.100Z</time></trkpt><trkpt lon="-1.4293933" lat="52.2333167"><ele>99.1</ele><time>2026-08-03T08:49:35.900Z</time></trkpt><trkpt lon="-1.42903" lat="52.23324"><ele>98.7</ele><time>2026-08-03T08:49:38.000Z</time></trkpt><trkpt lon="-1.42869" lat="52.233165"><ele>98.5</ele><time>2026-08-03T08:49:40.100Z</time></trkpt><trkpt lon="-1.42835" lat="52.23309"><ele>98.4</ele><time>2026-08-03T08:49:42.200Z</time></trkpt><trkpt lon="-1.42801" lat="52.233015"><ele>97.9</ele><time>2026-08-03T08:49:44.100Z</time></trkpt><trkpt lon="-1.42767" lat="52.23294"><ele>97.5</ele><time>2026-08-03T08:49:46.000Z</time></trkpt><trkpt lon="-1.4273275" lat="52.232865"><ele>96.6</ele><time>2026-08-03T08:49:47.800Z</time></trkpt><trkpt lon="-1.426985" lat="52.23279"><ele>95.4</ele><time>2026-08-03T08:49:49.400Z</time></trkpt><trkpt lon="-1.4266425" lat="52.232715"><ele>94.0</ele><time>2026-08-03T08:49:51.000Z</time></trkpt><trkpt lon="-1.4263" lat="52.23264"><ele>92.7</ele><time>2026-08-03T08:49:52.600Z</time></trkpt><trkpt lon="-1.4259233" lat="52.2325567"><ele>91.2</ele><time>2026-08-03T08:49:54.400Z</time></trkpt><trkpt lon="-1.4255467" lat="52.2324733"><ele>90.0</ele><time>2026-08-03T08:49:56.200Z</time></trkpt><trkpt lon="-1.42517" lat="52.23239"><ele>89.4</ele><time>2026-08-03T08:49:58.200Z</time></trkpt><trkpt lon="-1.42479" lat="52.2323067106061"><ele>89.2</ele><time>2026-08-03T08:50:00.600Z</time></trkpt><trkpt lon="-1.42441" lat="52.2322233"><ele>89.4</ele><time>2026-08-03T08:50:03.200Z</time></trkpt><trkpt lon="-1.42403" lat="52.23214"><ele>89.8</ele><time>2026-08-03T08:50:05.900Z</time></trkpt><trkpt lon="-1.423635" lat="52.232055"><ele>90.5</ele><time>2026-08-03T08:50:09.000Z</time></trkpt><trkpt lon="-1.42324" lat="52.23197"><ele>91.2</ele><time>2026-08-03T08:50:12.100Z</time></trkpt><trkpt lon="-1.4228867" lat="52.2318933"><ele>91.6</ele><time>2026-08-03T08:50:14.600Z</time></trkpt><trkpt lon="-1.4225333" lat="52.2318167"><ele>91.8</ele><time>2026-08-03T08:50:17.100Z</time></trkpt><trkpt lon="-1.42218" lat="52.23174"><ele>92.0</ele><time>2026-08-03T08:50:19.500Z</time></trkpt><trkpt lon="-1.4218267" lat="52.2316633"><ele>92.1</ele><time>2026-08-03T08:50:21.800Z</time></trkpt><trkpt lon="-1.4214733" lat="52.2315867"><ele>92.2</ele><time>2026-08-03T08:50:24.200Z</time></trkpt><trkpt lon="-1.42112" lat="52.23151"><ele>92.4</ele><time>2026-08-03T08:50:26.600Z</time></trkpt><trkpt lon="-1.4207667" lat="52.23143"><ele>92.6</ele><time>2026-08-03T08:50:29.000Z</time></trkpt><trkpt lon="-1.4204133" lat="52.2313500106368"><ele>92.5</ele><time>2026-08-03T08:50:31.200Z</time></trkpt><trkpt lon="-1.42006" lat="52.23127"><ele>92.4</ele><time>2026-08-03T08:50:33.400Z</time></trkpt><trkpt lon="-1.41963" lat="52.2312"><ele>91.8</ele><time>2026-08-03T08:50:35.700Z</time></trkpt><trkpt lon="-1.419265" lat="52.231155"><ele>91.1</ele><time>2026-08-03T08:50:37.600Z</time></trkpt><trkpt lon="-1.4189" lat="52.23111"><ele>90.1</ele><time>2026-08-03T08:50:39.400Z</time></trkpt><trkpt lon="-1.41854" lat="52.23107"><ele>88.9</ele><time>2026-08-03T08:50:41.000Z</time></trkpt><trkpt lon="-1.41818" lat="52.23103"><ele>87.7</ele><time>2026-08-03T08:50:42.600Z</time></trkpt><trkpt lon="-1.41782" lat="52.23099"><ele>86.1</ele><time>2026-08-03T08:50:44.200Z</time></trkpt><trkpt lon="-1.41746" lat="52.23095"><ele>84.5</ele><time>2026-08-03T08:50:45.800Z</time></trkpt><trkpt lon="-1.4171" lat="52.2309125106596"><ele>82.8</ele><time>2026-08-03T08:50:47.300Z</time></trkpt><trkpt lon="-1.41674" lat="52.230875"><ele>81.3</ele><time>2026-08-03T08:50:48.900Z</time></trkpt><trkpt lon="-1.41638" lat="52.2308375"><ele>80.3</ele><time>2026-08-03T08:50:50.600Z</time></trkpt><trkpt lon="-1.41602" lat="52.2308"><ele>79.3</ele><time>2026-08-03T08:50:52.300Z</time></trkpt><trkpt lon="-1.41563" lat="52.23075"><ele>79.1</ele><time>2026-08-03T08:50:54.600Z</time></trkpt><trkpt lon="-1.4153" lat="52.23072"><ele>79.0</ele><time>2026-08-03T08:50:56.600Z</time></trkpt><trkpt lon="-1.415" lat="52.23071"><ele>78.9</ele><time>2026-08-03T08:50:58.300Z</time></trkpt><trkpt lon="-1.41468" lat="52.23073"><ele>78.6</ele><time>2026-08-03T08:51:00.100Z</time></trkpt><trkpt lon="-1.41434" lat="52.23079"><ele>78.3</ele><time>2026-08-03T08:51:02.000Z</time></trkpt><trkpt lon="-1.41408" lat="52.23091"><ele>78.4</ele><time>2026-08-03T08:51:04.100Z</time></trkpt><trkpt lon="-1.41377" lat="52.23106"><ele>78.6</ele><time>2026-08-03T08:51:06.600Z</time></trkpt><trkpt lon="-1.413455" lat="52.231225"><ele>79.2</ele><time>2026-08-03T08:51:09.600Z</time></trkpt><trkpt lon="-1.41314" lat="52.23139"><ele>80.0</ele><time>2026-08-03T08:51:12.700Z</time></trkpt><trkpt lon="-1.4129167" lat="52.2315533"><ele>80.7</ele><time>2026-08-03T08:51:15.400Z</time></trkpt><trkpt lon="-1.4126934" lat="52.2317167"><ele>81.2</ele><time>2026-08-03T08:51:18.000Z</time></trkpt><trkpt lon="-1.41247" lat="52.23188"><ele>81.8</ele><time>2026-08-03T08:51:20.500Z</time></trkpt><trkpt lon="-1.41228" lat="52.23207"><ele>82.2</ele><time>2026-08-03T08:51:23.000Z</time></trkpt><trkpt lon="-1.41195" lat="52.23239"><ele>82.6</ele><time>2026-08-03T08:51:27.100Z</time></trkpt><trkpt lon="-1.41162" lat="52.23265"><ele>82.4</ele><time>2026-08-03T08:51:30.200Z</time></trkpt><trkpt lon="-1.4113775" lat="52.232805"><ele>82.2</ele><time>2026-08-03T08:51:32.200Z</time></trkpt><trkpt lon="-1.411135" lat="52.23296"><ele>81.8</ele><time>2026-08-03T08:51:34.100Z</time></trkpt><trkpt lon="-1.4108925" lat="52.233115"><ele>81.2</ele><time>2026-08-03T08:51:35.900Z</time></trkpt><trkpt lon="-1.41065" lat="52.23327"><ele>80.6</ele><time>2026-08-03T08:51:37.700Z</time></trkpt><trkpt lon="-1.41041" lat="52.2334275"><ele>79.9</ele><time>2026-08-03T08:51:39.400Z</time></trkpt><trkpt lon="-1.41017" lat="52.233585"><ele>79.2</ele><time>2026-08-03T08:51:41.200Z</time></trkpt><trkpt lon="-1.40993" lat="52.2337425"><ele>78.7</ele><time>2026-08-03T08:51:43.000Z</time></trkpt><trkpt lon="-1.40969" lat="52.2339"><ele>78.1</ele><time>2026-08-03T08:51:44.900Z</time></trkpt><trkpt lon="-1.40946" lat="52.234115"><ele>77.7</ele><time>2026-08-03T08:51:47.200Z</time></trkpt><trkpt lon="-1.40923" lat="52.23433"><ele>77.4</ele><time>2026-08-03T08:51:49.500Z</time></trkpt><trkpt lon="-1.409" lat="52.23455"><ele>77.1</ele><time>2026-08-03T08:51:51.900Z</time></trkpt><trkpt lon="-1.40877" lat="52.23477"><ele>77.0</ele><time>2026-08-03T08:51:54.400Z</time></trkpt><trkpt lon="-1.40855" lat="52.23495"><ele>77.0</ele><time>2026-08-03T08:51:56.600Z</time></trkpt><trkpt lon="-1.40827" lat="52.23512"><ele>77.0</ele><time>2026-08-03T08:51:58.900Z</time></trkpt><trkpt lon="-1.407955" lat="52.23527"><ele>76.9</ele><time>2026-08-03T08:52:01.300Z</time></trkpt><trkpt lon="-1.40764" lat="52.23542"><ele>76.9</ele><time>2026-08-03T08:52:03.700Z</time></trkpt><trkpt lon="-1.40729" lat="52.2356"><ele>76.7</ele><time>2026-08-03T08:52:06.300Z</time></trkpt><trkpt lon="-1.407055" lat="52.235745"><ele>76.6</ele><time>2026-08-03T08:52:08.200Z</time></trkpt><trkpt lon="-1.40682" lat="52.23589"><ele>76.6</ele><time>2026-08-03T08:52:10.300Z</time></trkpt><trkpt lon="-1.40663" lat="52.23603"><ele>76.7</ele><time>2026-08-03T08:52:12.100Z</time></trkpt><trkpt lon="-1.40646" lat="52.23619"><ele>76.7</ele><time>2026-08-03T08:52:14.000Z</time></trkpt><trkpt lon="-1.40631" lat="52.236375"><ele>76.8</ele><time>2026-08-03T08:52:16.100Z</time></trkpt><trkpt lon="-1.40616" lat="52.23656"><ele>76.9</ele><time>2026-08-03T08:52:18.200Z</time></trkpt><trkpt lon="-1.406035" lat="52.2367425"><ele>77.2</ele><time>2026-08-03T08:52:20.300Z</time></trkpt><trkpt lon="-1.40591" lat="52.236925"><ele>77.5</ele><time>2026-08-03T08:52:22.500Z</time></trkpt><trkpt lon="-1.405785" lat="52.2371075"><ele>78.1</ele><time>2026-08-03T08:52:24.900Z</time></trkpt><trkpt lon="-1.40566" lat="52.23729"><ele>78.6</ele><time>2026-08-03T08:52:27.300Z</time></trkpt><trkpt lon="-1.405535" lat="52.2374725"><ele>79.2</ele><time>2026-08-03T08:52:29.800Z</time></trkpt><trkpt lon="-1.40541" lat="52.237655"><ele>79.8</ele><time>2026-08-03T08:52:32.200Z</time></trkpt><trkpt lon="-1.405285" lat="52.2378375"><ele>80.3</ele><time>2026-08-03T08:52:34.600Z</time></trkpt><trkpt lon="-1.40516" lat="52.23802"><ele>80.8</ele><time>2026-08-03T08:52:36.900Z</time></trkpt><trkpt lon="-1.4050175" lat="52.238215"><ele>81.4</ele><time>2026-08-03T08:52:39.500Z</time></trkpt><trkpt lon="-1.404875" lat="52.23841"><ele>81.8</ele><time>2026-08-03T08:52:41.900Z</time></trkpt><trkpt lon="-1.4047325" lat="52.238605"><ele>82.1</ele><time>2026-08-03T08:52:44.300Z</time></trkpt><trkpt lon="-1.40459" lat="52.2388"><ele>82.4</ele><time>2026-08-03T08:52:46.600Z</time></trkpt><trkpt lon="-1.4044475" lat="52.2389975"><ele>82.6</ele><time>2026-08-03T08:52:48.900Z</time></trkpt><trkpt lon="-1.404305" lat="52.239195"><ele>82.7</ele><time>2026-08-03T08:52:51.100Z</time></trkpt><trkpt lon="-1.4041625" lat="52.2393925"><ele>82.7</ele><time>2026-08-03T08:52:53.200Z</time></trkpt><trkpt lon="-1.40402" lat="52.23959"><ele>82.6</ele><time>2026-08-03T08:52:55.300Z</time></trkpt><trkpt lon="-1.4038775" lat="52.239785"><ele>82.6</ele><time>2026-08-03T08:52:57.400Z</time></trkpt><trkpt lon="-1.403735" lat="52.23998"><ele>82.6</ele><time>2026-08-03T08:52:59.400Z</time></trkpt><trkpt lon="-1.4035925" lat="52.240175"><ele>82.6</ele><time>2026-08-03T08:53:01.500Z</time></trkpt><trkpt lon="-1.40345" lat="52.24037"><ele>82.6</ele><time>2026-08-03T08:53:03.600Z</time></trkpt><trkpt lon="-1.40333" lat="52.24054"><ele>82.6</ele><time>2026-08-03T08:53:05.500Z</time></trkpt><trkpt lon="-1.40309" lat="52.24088"><ele>82.7</ele><time>2026-08-03T08:53:09.100Z</time></trkpt><trkpt lon="-1.40292" lat="52.241085"><ele>82.7</ele><time>2026-08-03T08:53:11.300Z</time></trkpt><trkpt lon="-1.40275" lat="52.24129"><ele>82.7</ele><time>2026-08-03T08:53:13.600Z</time></trkpt><trkpt lon="-1.40261" lat="52.2415"><ele>82.7</ele><time>2026-08-03T08:53:15.800Z</time></trkpt><trkpt lon="-1.4025267" lat="52.2417"><ele>82.9</ele><time>2026-08-03T08:53:18.000Z</time></trkpt><trkpt lon="-1.4024434" lat="52.2419"><ele>83.3</ele><time>2026-08-03T08:53:20.400Z</time></trkpt><trkpt lon="-1.40236" lat="52.2421"><ele>83.7</ele><time>2026-08-03T08:53:22.700Z</time></trkpt><trkpt lon="-1.4022767" lat="52.2422767"><ele>84.1</ele><time>2026-08-03T08:53:24.800Z</time></trkpt><trkpt lon="-1.40211" lat="52.24263"><ele>85.0</ele><time>2026-08-03T08:53:29.100Z</time></trkpt><trkpt lon="-1.401995" lat="52.242855"><ele>85.4</ele><time>2026-08-03T08:53:31.800Z</time></trkpt><trkpt lon="-1.40188" lat="52.24308"><ele>85.5</ele><time>2026-08-03T08:53:34.200Z</time></trkpt><trkpt lon="-1.40169" lat="52.24339"><ele>85.7</ele><time>2026-08-03T08:53:37.600Z</time></trkpt><trkpt lon="-1.4016" lat="52.24349"><ele>85.8</ele><time>2026-08-03T08:53:38.800Z</time></trkpt><trkpt lon="-1.40143" lat="52.24367"><ele>85.9</ele><time>2026-08-03T08:53:40.900Z</time></trkpt><trkpt lon="-1.4012075" lat="52.24384"><ele>86.1</ele><time>2026-08-03T08:53:43.200Z</time></trkpt><trkpt lon="-1.400985" lat="52.24401"><ele>86.2</ele><time>2026-08-03T08:53:45.400Z</time></trkpt><trkpt lon="-1.4007625" lat="52.24418"><ele>86.4</ele><time>2026-08-03T08:53:47.600Z</time></trkpt><trkpt lon="-1.40054" lat="52.24435"><ele>86.5</ele><time>2026-08-03T08:53:49.900Z</time></trkpt><trkpt lon="-1.40039" lat="52.24445"><ele>86.6</ele><time>2026-08-03T08:53:51.300Z</time></trkpt><trkpt lon="-1.40016" lat="52.24462"><ele>86.7</ele><time>2026-08-03T08:53:53.500Z</time></trkpt><trkpt lon="-1.40008" lat="52.24471"><ele>86.7</ele><time>2026-08-03T08:53:54.600Z</time></trkpt><trkpt lon="-1.4001" lat="52.24476"><ele>86.8</ele><time>2026-08-03T08:53:55.100Z</time></trkpt><trkpt lon="-1.40009" lat="52.24478"><ele>86.8</ele><time>2026-08-03T08:53:55.300Z</time></trkpt><trkpt lon="-1.40005" lat="52.24482"><ele>86.9</ele><time>2026-08-03T08:53:55.800Z</time></trkpt><trkpt lon="-1.4" lat="52.24485"><ele>86.9</ele><time>2026-08-03T08:53:56.300Z</time></trkpt><trkpt lon="-1.3999" lat="52.24486"><ele>87.1</ele><time>2026-08-03T08:53:57.000Z</time></trkpt><trkpt lon="-1.39953" lat="52.24509"><ele>87.3</ele><time>2026-08-03T08:54:00.400Z</time></trkpt><trkpt lon="-1.39933" lat="52.24524"><ele>87.4</ele><time>2026-08-03T08:54:02.400Z</time></trkpt><trkpt lon="-1.3991" lat="52.24545"><ele>87.3</ele><time>2026-08-03T08:54:04.800Z</time></trkpt><trkpt lon="-1.39892" lat="52.24564"><ele>87.4</ele><time>2026-08-03T08:54:07.000Z</time></trkpt><trkpt lon="-1.39874" lat="52.24583"><ele>87.5</ele><time>2026-08-03T08:54:09.200Z</time></trkpt><trkpt lon="-1.39853" lat="52.24614"><ele>87.8</ele><time>2026-08-03T08:54:12.800Z</time></trkpt><trkpt lon="-1.398405" lat="52.24637"><ele>87.9</ele><time>2026-08-03T08:54:15.200Z</time></trkpt><trkpt lon="-1.39828" lat="52.2466"><ele>87.8</ele><time>2026-08-03T08:54:17.500Z</time></trkpt><trkpt lon="-1.39815" lat="52.246825"><ele>87.8</ele><time>2026-08-03T08:54:19.900Z</time></trkpt><trkpt lon="-1.39802" lat="52.24705"><ele>87.9</ele><time>2026-08-03T08:54:22.200Z</time></trkpt><trkpt lon="-1.39794" lat="52.24724"><ele>87.9</ele><time>2026-08-03T08:54:24.200Z</time></trkpt><trkpt lon="-1.39784" lat="52.24744"><ele>88.0</ele><time>2026-08-03T08:54:26.300Z</time></trkpt><trkpt lon="-1.39774" lat="52.24764"><ele>88.2</ele><time>2026-08-03T08:54:28.500Z</time></trkpt><trkpt lon="-1.39764" lat="52.24784"><ele>88.4</ele><time>2026-08-03T08:54:30.800Z</time></trkpt><trkpt lon="-1.39755" lat="52.24804"><ele>88.7</ele><time>2026-08-03T08:54:33.000Z</time></trkpt><trkpt lon="-1.39758" lat="52.24827"><ele>89.0</ele><time>2026-08-03T08:54:35.500Z</time></trkpt><trkpt lon="-1.39761" lat="52.24835"><ele>89.1</ele><time>2026-08-03T08:54:36.400Z</time></trkpt><trkpt lon="-1.39768" lat="52.24838"><ele>89.2</ele><time>2026-08-03T08:54:37.000Z</time></trkpt><trkpt lon="-1.39791" lat="52.2484633"><ele>89.5</ele><time>2026-08-03T08:54:38.900Z</time></trkpt><trkpt lon="-1.39837" lat="52.24863"><ele>90.4</ele><time>2026-08-03T08:54:42.800Z</time></trkpt><trkpt lon="-1.39844" lat="52.24865"><ele>90.5</ele><time>2026-08-03T08:54:43.400Z</time></trkpt><trkpt lon="-1.3987667" lat="52.24873"><ele>91.1</ele><time>2026-08-03T08:54:46.000Z</time></trkpt><trkpt lon="-1.3990933" lat="52.24881"><ele>91.9</ele><time>2026-08-03T08:54:48.800Z</time></trkpt><trkpt lon="-1.39942" lat="52.24889"><ele>92.5</ele><time>2026-08-03T08:54:51.400Z</time></trkpt><trkpt lon="-1.39938" lat="52.24895"><ele>92.5</ele><time>2026-08-03T08:54:52.100Z</time></trkpt><trkpt lon="-1.39932" lat="52.249"><ele>92.5</ele><time>2026-08-03T08:54:52.700Z</time></trkpt><trkpt lon="-1.39924" lat="52.24905"><ele>92.5</ele><time>2026-08-03T08:54:53.300Z</time></trkpt><trkpt lon="-1.399" lat="52.24916"><ele>92.4</ele><time>2026-08-03T08:54:55.100Z</time></trkpt><trkpt lon="-1.39885" lat="52.24919"><ele>92.2</ele><time>2026-08-03T08:54:56.000Z</time></trkpt><trkpt lon="-1.3984567" lat="52.24925"><ele>92.0</ele><time>2026-08-03T08:54:58.300Z</time></trkpt><trkpt lon="-1.3980633" lat="52.24931"><ele>91.6</ele><time>2026-08-03T08:55:00.500Z</time></trkpt><trkpt lon="-1.39767" lat="52.24937"><ele>91.4</ele><time>2026-08-03T08:55:02.800Z</time></trkpt><trkpt lon="-1.39709" lat="52.24949"><ele>91.0</ele><time>2026-08-03T08:55:06.300Z</time></trkpt><trkpt lon="-1.39695" lat="52.24952"><ele>90.9</ele><time>2026-08-03T08:55:07.100Z</time></trkpt><trkpt lon="-1.3965667" lat="52.2496333"><ele>90.6</ele><time>2026-08-03T08:55:09.500Z</time></trkpt><trkpt lon="-1.3961833" lat="52.2497467"><ele>90.2</ele><time>2026-08-03T08:55:11.800Z</time></trkpt><trkpt lon="-1.3958" lat="52.24986"><ele>89.7</ele><time>2026-08-03T08:55:14.100Z</time></trkpt><trkpt lon="-1.3955233" lat="52.24995"><ele>89.1</ele><time>2026-08-03T08:55:15.700Z</time></trkpt><trkpt lon="-1.39497" lat="52.25013"><ele>88.3</ele><time>2026-08-03T08:55:19.000Z</time></trkpt><trkpt lon="-1.3946167" lat="52.25026"><ele>87.9</ele><time>2026-08-03T08:55:21.300Z</time></trkpt><trkpt lon="-1.3942633" lat="52.25039"><ele>87.5</ele><time>2026-08-03T08:55:23.500Z</time></trkpt><trkpt lon="-1.39391" lat="52.25052"><ele>87.0</ele><time>2026-08-03T08:55:25.800Z</time></trkpt><trkpt lon="-1.3935567" lat="52.25065"><ele>86.7</ele><time>2026-08-03T08:55:28.000Z</time></trkpt><trkpt lon="-1.3932033" lat="52.25078"><ele>86.3</ele><time>2026-08-03T08:55:30.300Z</time></trkpt><trkpt lon="-1.39285" lat="52.25091"><ele>85.8</ele><time>2026-08-03T08:55:32.500Z</time></trkpt><trkpt lon="-1.39255" lat="52.251"><ele>85.4</ele><time>2026-08-03T08:55:34.300Z</time></trkpt><trkpt lon="-1.39231" lat="52.25105"><ele>85.0</ele><time>2026-08-03T08:55:35.600Z</time></trkpt><trkpt lon="-1.39209" lat="52.25108"><ele>84.4</ele><time>2026-08-03T08:55:36.700Z</time></trkpt><trkpt lon="-1.39183" lat="52.2511"><ele>83.6</ele><time>2026-08-03T08:55:37.900Z</time></trkpt><trkpt lon="-1.39145" lat="52.2511"><ele>82.3</ele><time>2026-08-03T08:55:39.600Z</time></trkpt><trkpt lon="-1.39123" lat="52.25111"><ele>81.4</ele><time>2026-08-03T08:55:40.500Z</time></trkpt><trkpt lon="-1.39108" lat="52.25113"><ele>80.8</ele><time>2026-08-03T08:55:41.200Z</time></trkpt><trkpt lon="-1.39084" lat="52.25119"><ele>79.9</ele><time>2026-08-03T08:55:42.300Z</time></trkpt><trkpt lon="-1.3906" lat="52.25128"><ele>79.3</ele><time>2026-08-03T08:55:43.700Z</time></trkpt><trkpt lon="-1.39023" lat="52.25148"><ele>78.8</ele><time>2026-08-03T08:55:46.400Z</time></trkpt><trkpt lon="-1.39003" lat="52.25159"><ele>78.9</ele><time>2026-08-03T08:55:48.100Z</time></trkpt><trkpt lon="-1.3898133" lat="52.25173"><ele>79.1</ele><time>2026-08-03T08:55:50.100Z</time></trkpt><trkpt lon="-1.3895967" lat="52.25187"><ele>79.7</ele><time>2026-08-03T08:55:52.500Z</time></trkpt><trkpt lon="-1.38938" lat="52.25201"><ele>80.4</ele><time>2026-08-03T08:55:55.100Z</time></trkpt><trkpt lon="-1.389175" lat="52.252125"><ele>81.8</ele><time>2026-08-03T08:55:58.500Z</time></trkpt><trkpt lon="-1.38897" lat="52.25224"><ele>83.2</ele><time>2026-08-03T08:56:02.000Z</time></trkpt><trkpt lon="-1.38892" lat="52.25225"><ele>83.4</ele><time>2026-08-03T08:56:02.600Z</time></trkpt><trkpt lon="-1.38886" lat="52.25226"><ele>83.7</ele><time>2026-08-03T08:56:03.300Z</time></trkpt><trkpt lon="-1.38867" lat="52.25225"><ele>84.3</ele><time>2026-08-03T08:56:05.100Z</time></trkpt><trkpt lon="-1.38852" lat="52.2522300110102"><ele>84.6</ele><time>2026-08-03T08:56:06.300Z</time></trkpt><trkpt lon="-1.38841" lat="52.25236"><ele>85.2</ele><time>2026-08-03T08:56:08.200Z</time></trkpt><trkpt lon="-1.38826" lat="52.252555"><ele>85.8</ele><time>2026-08-03T08:56:10.900Z</time></trkpt><trkpt lon="-1.38811" lat="52.25275"><ele>86.9</ele><time>2026-08-03T08:56:14.300Z</time></trkpt><trkpt lon="-1.38793" lat="52.25293"><ele>87.6</ele><time>2026-08-03T08:56:17.000Z</time></trkpt><trkpt lon="-1.38783" lat="52.25308"><ele>88.2</ele><time>2026-08-03T08:56:19.100Z</time></trkpt><trkpt lon="-1.38772" lat="52.25334"><ele>89.1</ele><time>2026-08-03T08:56:22.500Z</time></trkpt><trkpt lon="-1.38767" lat="52.25369"><ele>90.1</ele><time>2026-08-03T08:56:26.800Z</time></trkpt><trkpt lon="-1.38769" lat="52.25398"><ele>90.8</ele><time>2026-08-03T08:56:30.200Z</time></trkpt><trkpt lon="-1.3877475" lat="52.254185"><ele>91.3</ele><time>2026-08-03T08:56:32.700Z</time></trkpt><trkpt lon="-1.387805" lat="52.25439"><ele>91.8</ele><time>2026-08-03T08:56:35.100Z</time></trkpt><trkpt lon="-1.3878625" lat="52.254595"><ele>92.3</ele><time>2026-08-03T08:56:37.500Z</time></trkpt><trkpt lon="-1.38792" lat="52.2548"><ele>92.7</ele><time>2026-08-03T08:56:39.900Z</time></trkpt><trkpt lon="-1.387975" lat="52.255005"><ele>93.2</ele><time>2026-08-03T08:56:42.300Z</time></trkpt><trkpt lon="-1.38803" lat="52.25521"><ele>93.5</ele><time>2026-08-03T08:56:44.600Z</time></trkpt><trkpt lon="-1.388085" lat="52.255415"><ele>93.8</ele><time>2026-08-03T08:56:46.900Z</time></trkpt><trkpt lon="-1.38814" lat="52.25562"><ele>94.2</ele><time>2026-08-03T08:56:49.200Z</time></trkpt><trkpt lon="-1.38831" lat="52.25563"><ele>94.1</ele><time>2026-08-03T08:56:50.200Z</time></trkpt><trkpt lon="-1.38859" lat="52.25568"><ele>94.1</ele><time>2026-08-03T08:56:52.000Z</time></trkpt><trkpt lon="-1.388915" lat="52.255755"><ele>94.0</ele><time>2026-08-03T08:56:54.000Z</time></trkpt><trkpt lon="-1.38924" lat="52.25583"><ele>94.1</ele><time>2026-08-03T08:56:56.100Z</time></trkpt><trkpt lon="-1.3895533" lat="52.2559367"><ele>94.0</ele><time>2026-08-03T08:56:58.200Z</time></trkpt><trkpt lon="-1.3898666" lat="52.2560434"><ele>94.1</ele><time>2026-08-03T08:57:00.400Z</time></trkpt><trkpt lon="-1.39018" lat="52.25615"><ele>94.1</ele><time>2026-08-03T08:57:02.600Z</time></trkpt><trkpt lon="-1.39038" lat="52.2562200110657"><ele>94.2</ele><time>2026-08-03T08:57:04.000Z</time></trkpt><trkpt lon="-1.39056" lat="52.25627"><ele>94.2</ele><time>2026-08-03T08:57:05.200Z</time></trkpt><trkpt lon="-1.390915" lat="52.25635"><ele>94.3</ele><time>2026-08-03T08:57:07.600Z</time></trkpt><trkpt lon="-1.39127" lat="52.25643"><ele>94.5</ele><time>2026-08-03T08:57:10.000Z</time></trkpt><trkpt lon="-1.39172" lat="52.25647"><ele>95.0</ele><time>2026-08-03T08:57:13.100Z</time></trkpt><trkpt lon="-1.3920433" lat="52.25647"><ele>95.3</ele><time>2026-08-03T08:57:15.300Z</time></trkpt><trkpt lon="-1.3923667" lat="52.25647"><ele>95.7</ele><time>2026-08-03T08:57:17.600Z</time></trkpt><trkpt lon="-1.39269" lat="52.25647"><ele>96.1</ele><time>2026-08-03T08:57:19.900Z</time></trkpt><trkpt lon="-1.39298" lat="52.25646"><ele>96.5</ele><time>2026-08-03T08:57:21.900Z</time></trkpt><trkpt lon="-1.3933033" lat="52.25647"><ele>97.0</ele><time>2026-08-03T08:57:24.300Z</time></trkpt><trkpt lon="-1.3936266" lat="52.25648"><ele>97.8</ele><time>2026-08-03T08:57:26.900Z</time></trkpt><trkpt lon="-1.39395" lat="52.25649"><ele>98.5</ele><time>2026-08-03T08:57:29.600Z</time></trkpt><trkpt lon="-1.39427" lat="52.2565"><ele>99.5</ele><time>2026-08-03T08:57:32.500Z</time></trkpt><trkpt lon="-1.39459" lat="52.25651"><ele>100.2</ele><time>2026-08-03T08:57:35.200Z</time></trkpt><trkpt lon="-1.39491" lat="52.25652"><ele>100.9</ele><time>2026-08-03T08:57:37.700Z</time></trkpt><trkpt lon="-1.395295" lat="52.256545"><ele>101.1</ele><time>2026-08-03T08:57:40.200Z</time></trkpt><trkpt lon="-1.39568" lat="52.25657"><ele>101.0</ele><time>2026-08-03T08:57:42.400Z</time></trkpt><trkpt lon="-1.39605" lat="52.25661"><ele>100.9</ele><time>2026-08-03T08:57:44.600Z</time></trkpt><trkpt lon="-1.39638" lat="52.25667"><ele>100.7</ele><time>2026-08-03T08:57:46.600Z</time></trkpt><trkpt lon="-1.39671" lat="52.25675"><ele>100.6</ele><time>2026-08-03T08:57:48.700Z</time></trkpt><trkpt lon="-1.39705" lat="52.2568767"><ele>100.5</ele><time>2026-08-03T08:57:51.000Z</time></trkpt><trkpt lon="-1.39739" lat="52.2570033"><ele>100.4</ele><time>2026-08-03T08:57:53.300Z</time></trkpt><trkpt lon="-1.39773" lat="52.25713"><ele>100.3</ele><time>2026-08-03T08:57:55.600Z</time></trkpt><trkpt lon="-1.39796" lat="52.25723"><ele>100.2</ele><time>2026-08-03T08:57:57.300Z</time></trkpt><trkpt lon="-1.39851" lat="52.2574"><ele>99.8</ele><time>2026-08-03T08:58:00.700Z</time></trkpt><trkpt lon="-1.39879" lat="52.25747"><ele>99.4</ele><time>2026-08-03T08:58:02.300Z</time></trkpt><trkpt lon="-1.39925" lat="52.25758"><ele>98.1</ele><time>2026-08-03T08:58:04.700Z</time></trkpt><trkpt lon="-1.3995" lat="52.25762"><ele>97.4</ele><time>2026-08-03T08:58:05.900Z</time></trkpt><trkpt lon="-1.39958" lat="52.25764"><ele>97.0</ele><time>2026-08-03T08:58:06.200Z</time></trkpt><trkpt lon="-1.3998933" lat="52.2576767"><ele>95.3</ele><time>2026-08-03T08:58:07.600Z</time></trkpt><trkpt lon="-1.40052" lat="52.25775"><ele>91.5</ele><time>2026-08-03T08:58:10.300Z</time></trkpt><trkpt lon="-1.40108" lat="52.25784"><ele>88.4</ele><time>2026-08-03T08:58:12.700Z</time></trkpt><trkpt lon="-1.4014" lat="52.2579067"><ele>87.0</ele><time>2026-08-03T08:58:14.200Z</time></trkpt><trkpt lon="-1.40204" lat="52.25804"><ele>85.2</ele><time>2026-08-03T08:58:17.400Z</time></trkpt><trkpt lon="-1.4024" lat="52.25813"><ele>84.6</ele><time>2026-08-03T08:58:19.400Z</time></trkpt><trkpt lon="-1.40271" lat="52.25825"><ele>84.4</ele><time>2026-08-03T08:58:21.500Z</time></trkpt><trkpt lon="-1.40284" lat="52.25833"><ele>84.3</ele><time>2026-08-03T08:58:22.600Z</time></trkpt><trkpt lon="-1.40309" lat="52.2585"><ele>84.2</ele><time>2026-08-03T08:58:24.700Z</time></trkpt><trkpt lon="-1.40335" lat="52.25881"><ele>83.8</ele><time>2026-08-03T08:58:28.000Z</time></trkpt><trkpt lon="-1.40346" lat="52.25892"><ele>83.4</ele><time>2026-08-03T08:58:29.000Z</time></trkpt><trkpt lon="-1.40367" lat="52.25907"><ele>82.4</ele><time>2026-08-03T08:58:30.500Z</time></trkpt><trkpt lon="-1.404" lat="52.25924"><ele>80.8</ele><time>2026-08-03T08:58:32.400Z</time></trkpt><trkpt lon="-1.40428" lat="52.2593533"><ele>79.5</ele><time>2026-08-03T08:58:33.800Z</time></trkpt><trkpt lon="-1.40484" lat="52.25958"><ele>77.2</ele><time>2026-08-03T08:58:36.800Z</time></trkpt><trkpt lon="-1.40512" lat="52.25969"><ele>76.3</ele><time>2026-08-03T08:58:38.300Z</time></trkpt><trkpt lon="-1.40568" lat="52.25991"><ele>74.8</ele><time>2026-08-03T08:58:41.600Z</time></trkpt><trkpt lon="-1.405965" lat="52.26002"><ele>74.0</ele><time>2026-08-03T08:58:43.200Z</time></trkpt><trkpt lon="-1.40625" lat="52.26013"><ele>73.3</ele><time>2026-08-03T08:58:44.900Z</time></trkpt><trkpt lon="-1.40679" lat="52.26027"><ele>71.8</ele><time>2026-08-03T08:58:47.700Z</time></trkpt><trkpt lon="-1.40705" lat="52.2603"><ele>71.1</ele><time>2026-08-03T08:58:48.900Z</time></trkpt><trkpt lon="-1.40737" lat="52.2603167"><ele>70.5</ele><time>2026-08-03T08:58:50.500Z</time></trkpt><trkpt lon="-1.40801" lat="52.26035"><ele>70.0</ele><time>2026-08-03T08:58:54.100Z</time></trkpt><trkpt lon="-1.40819" lat="52.26037"><ele>69.9</ele><time>2026-08-03T08:58:55.200Z</time></trkpt><trkpt lon="-1.40844" lat="52.26042"><ele>70.0</ele><time>2026-08-03T08:58:56.800Z</time></trkpt><trkpt lon="-1.40856" lat="52.26046"><ele>70.0</ele><time>2026-08-03T08:58:57.600Z</time></trkpt><trkpt lon="-1.40874" lat="52.26053"><ele>70.1</ele><time>2026-08-03T08:58:59.000Z</time></trkpt><trkpt lon="-1.40883" lat="52.26059"><ele>70.2</ele><time>2026-08-03T08:58:59.900Z</time></trkpt><trkpt lon="-1.40906" lat="52.26079"><ele>70.7</ele><time>2026-08-03T08:59:02.700Z</time></trkpt><trkpt lon="-1.40921" lat="52.26089"><ele>71.1</ele><time>2026-08-03T08:59:04.300Z</time></trkpt><trkpt lon="-1.40938" lat="52.26099"><ele>71.6</ele><time>2026-08-03T08:59:06.200Z</time></trkpt><trkpt lon="-1.40951" lat="52.26105"><ele>71.9</ele><time>2026-08-03T08:59:07.400Z</time></trkpt><trkpt lon="-1.40966" lat="52.26111"><ele>72.3</ele><time>2026-08-03T08:59:08.900Z</time></trkpt><trkpt lon="-1.41007" lat="52.26123"><ele>73.5</ele><time>2026-08-03T08:59:12.800Z</time></trkpt><trkpt lon="-1.41057" lat="52.26134"><ele>74.8</ele><time>2026-08-03T08:59:17.200Z</time></trkpt><trkpt lon="-1.41075" lat="52.26137"><ele>75.4</ele><time>2026-08-03T08:59:18.900Z</time></trkpt><trkpt lon="-1.41121" lat="52.26146"><ele>77.3</ele><time>2026-08-03T08:59:24.200Z</time></trkpt><trkpt lon="-1.411455" lat="52.261525"><ele>78.8</ele><time>2026-08-03T08:59:27.600Z</time></trkpt><trkpt lon="-1.4117" lat="52.26159"><ele>80.2</ele><time>2026-08-03T08:59:31.200Z</time></trkpt><trkpt lon="-1.41202" lat="52.2616833"><ele>82.6</ele><time>2026-08-03T08:59:36.500Z</time></trkpt><trkpt lon="-1.41234" lat="52.2617767"><ele>85.0</ele><time>2026-08-03T08:59:41.700Z</time></trkpt><trkpt lon="-1.41266" lat="52.26187"><ele>86.9</ele><time>2026-08-03T08:59:46.500Z</time></trkpt><trkpt lon="-1.41298" lat="52.2619633"><ele>88.5</ele><time>2026-08-03T08:59:50.400Z</time></trkpt><trkpt lon="-1.4133" lat="52.2620567"><ele>89.8</ele><time>2026-08-03T08:59:54.100Z</time></trkpt><trkpt lon="-1.41362" lat="52.26215"><ele>90.9</ele><time>2026-08-03T08:59:57.400Z</time></trkpt><trkpt lon="-1.4139433" lat="52.2622467"><ele>91.8</ele><time>2026-08-03T09:00:00.500Z</time></trkpt><trkpt lon="-1.4142667" lat="52.2623433"><ele>92.7</ele><time>2026-08-03T09:00:03.500Z</time></trkpt><trkpt lon="-1.41459" lat="52.26244"><ele>93.4</ele><time>2026-08-03T09:00:06.300Z</time></trkpt><trkpt lon="-1.4149167" lat="52.2625233"><ele>94.0</ele><time>2026-08-03T09:00:08.900Z</time></trkpt><trkpt lon="-1.4152433" lat="52.2626067"><ele>94.6</ele><time>2026-08-03T09:00:11.500Z</time></trkpt><trkpt lon="-1.41557" lat="52.26269"><ele>95.2</ele><time>2026-08-03T09:00:14.100Z</time></trkpt><trkpt lon="-1.41586" lat="52.2627533"><ele>95.6</ele><time>2026-08-03T09:00:16.300Z</time></trkpt><trkpt lon="-1.41644" lat="52.26288"><ele>96.3</ele><time>2026-08-03T09:00:20.600Z</time></trkpt><trkpt lon="-1.416815" lat="52.26295"><ele>96.6</ele><time>2026-08-03T09:00:23.200Z</time></trkpt><trkpt lon="-1.41719" lat="52.26302"><ele>97.1</ele><time>2026-08-03T09:00:25.900Z</time></trkpt><trkpt lon="-1.4175" lat="52.263105"><ele>97.5</ele><time>2026-08-03T09:00:28.300Z</time></trkpt><trkpt lon="-1.41781" lat="52.26319"><ele>97.5</ele><time>2026-08-03T09:00:30.400Z</time></trkpt><trkpt lon="-1.41828" lat="52.26337"><ele>96.8</ele><time>2026-08-03T09:00:33.300Z</time></trkpt><trkpt lon="-1.4187" lat="52.26359"><ele>95.3</ele><time>2026-08-03T09:00:35.900Z</time></trkpt><trkpt lon="-1.41915" lat="52.26389"><ele>93.0</ele><time>2026-08-03T09:00:38.800Z</time></trkpt><trkpt lon="-1.4194133" lat="52.26405"><ele>91.3</ele><time>2026-08-03T09:00:40.400Z</time></trkpt><trkpt lon="-1.4196766" lat="52.26421"><ele>88.4</ele><time>2026-08-03T09:00:42.200Z</time></trkpt><trkpt lon="-1.41994" lat="52.26437"><ele>85.6</ele><time>2026-08-03T09:00:44.000Z</time></trkpt><trkpt lon="-1.4202033" lat="52.26453"><ele>83.5</ele><time>2026-08-03T09:00:45.600Z</time></trkpt><trkpt lon="-1.4204666" lat="52.26469"><ele>82.0</ele><time>2026-08-03T09:00:47.200Z</time></trkpt><trkpt lon="-1.42073" lat="52.26485"><ele>80.7</ele><time>2026-08-03T09:00:48.800Z</time></trkpt><trkpt lon="-1.42104" lat="52.2649525"><ele>79.9</ele><time>2026-08-03T09:00:50.600Z</time></trkpt><trkpt lon="-1.42135" lat="52.265055"><ele>79.4</ele><time>2026-08-03T09:00:52.400Z</time></trkpt><trkpt lon="-1.42166" lat="52.2651575"><ele>79.2</ele><time>2026-08-03T09:00:54.400Z</time></trkpt><trkpt lon="-1.42197" lat="52.26526"><ele>79.0</ele><time>2026-08-03T09:00:56.400Z</time></trkpt><trkpt lon="-1.42228" lat="52.26536"><ele>78.7</ele><time>2026-08-03T09:00:58.400Z</time></trkpt><trkpt lon="-1.42259" lat="52.26546"><ele>78.4</ele><time>2026-08-03T09:01:00.300Z</time></trkpt><trkpt lon="-1.4229" lat="52.26556"><ele>78.2</ele><time>2026-08-03T09:01:02.300Z</time></trkpt><trkpt lon="-1.42321" lat="52.26566"><ele>77.9</ele><time>2026-08-03T09:01:04.300Z</time></trkpt><trkpt lon="-1.4235667" lat="52.2657833"><ele>78.0</ele><time>2026-08-03T09:01:06.800Z</time></trkpt><trkpt lon="-1.4239233" lat="52.2659067"><ele>78.1</ele><time>2026-08-03T09:01:09.300Z</time></trkpt><trkpt lon="-1.42428" lat="52.26603"><ele>78.4</ele><time>2026-08-03T09:01:12.000Z</time></trkpt><trkpt lon="-1.4246333" lat="52.26615"><ele>78.9</ele><time>2026-08-03T09:01:14.800Z</time></trkpt><trkpt lon="-1.4249867" lat="52.26627"><ele>79.4</ele><time>2026-08-03T09:01:17.600Z</time></trkpt><trkpt lon="-1.42534" lat="52.26639"><ele>79.8</ele><time>2026-08-03T09:01:20.400Z</time></trkpt><trkpt lon="-1.4256967" lat="52.26651"><ele>80.1</ele><time>2026-08-03T09:01:23.100Z</time></trkpt><trkpt lon="-1.4260533" lat="52.26663"><ele>80.4</ele><time>2026-08-03T09:01:25.800Z</time></trkpt><trkpt lon="-1.42641" lat="52.26675"><ele>80.7</ele><time>2026-08-03T09:01:28.500Z</time></trkpt><trkpt lon="-1.42665" lat="52.26687"><ele>81.0</ele><time>2026-08-03T09:01:30.600Z</time></trkpt><trkpt lon="-1.42679" lat="52.26698"><ele>81.1</ele><time>2026-08-03T09:01:32.000Z</time></trkpt><trkpt lon="-1.42689" lat="52.2671"><ele>81.1</ele><time>2026-08-03T09:01:33.300Z</time></trkpt><trkpt lon="-1.42702" lat="52.267295"><ele>81.0</ele><time>2026-08-03T09:01:35.300Z</time></trkpt><trkpt lon="-1.42715" lat="52.26749"><ele>80.9</ele><time>2026-08-03T09:01:37.300Z</time></trkpt><trkpt lon="-1.42728" lat="52.267685"><ele>80.4</ele><time>2026-08-03T09:01:39.100Z</time></trkpt><trkpt lon="-1.42741" lat="52.26788"><ele>79.8</ele><time>2026-08-03T09:01:40.900Z</time></trkpt><trkpt lon="-1.4275333" lat="52.26806"><ele>79.4</ele><time>2026-08-03T09:01:42.600Z</time></trkpt><trkpt lon="-1.42778" lat="52.26842"><ele>79.2</ele><time>2026-08-03T09:01:46.300Z</time></trkpt><trkpt lon="-1.42791" lat="52.26857"><ele>79.0</ele><time>2026-08-03T09:01:47.900Z</time></trkpt><trkpt lon="-1.42812" lat="52.26875"><ele>78.7</ele><time>2026-08-03T09:01:49.900Z</time></trkpt><trkpt lon="-1.42833" lat="52.26893"><ele>78.0</ele><time>2026-08-03T09:01:51.700Z</time></trkpt><trkpt lon="-1.42854" lat="52.26911"><ele>76.7</ele><time>2026-08-03T09:01:53.300Z</time></trkpt><trkpt lon="-1.42875" lat="52.26929"><ele>75.4</ele><time>2026-08-03T09:01:54.900Z</time></trkpt><trkpt lon="-1.4289575" lat="52.26947"><ele>73.6</ele><time>2026-08-03T09:01:56.400Z</time></trkpt><trkpt lon="-1.429165" lat="52.26965"><ele>71.6</ele><time>2026-08-03T09:01:57.900Z</time></trkpt><trkpt lon="-1.4293725" lat="52.26983"><ele>70.1</ele><time>2026-08-03T09:01:59.500Z</time></trkpt><trkpt lon="-1.42958" lat="52.27001"><ele>68.7</ele><time>2026-08-03T09:02:01.000Z</time></trkpt><trkpt lon="-1.42979" lat="52.27013"><ele>68.3</ele><time>2026-08-03T09:02:02.500Z</time></trkpt><trkpt lon="-1.42994" lat="52.27018"><ele>68.3</ele><time>2026-08-03T09:02:03.600Z</time></trkpt><trkpt lon="-1.43006" lat="52.2702"><ele>68.3</ele><time>2026-08-03T09:02:04.300Z</time></trkpt><trkpt lon="-1.4302" lat="52.2702"><ele>68.3</ele><time>2026-08-03T09:02:05.200Z</time></trkpt><trkpt lon="-1.43038" lat="52.2702"><ele>68.4</ele><time>2026-08-03T09:02:06.400Z</time></trkpt><trkpt lon="-1.43048" lat="52.27018"><ele>68.5</ele><time>2026-08-03T09:02:07.100Z</time></trkpt><trkpt lon="-1.43084" lat="52.270065"><ele>68.8</ele><time>2026-08-03T09:02:09.800Z</time></trkpt><trkpt lon="-1.4312" lat="52.26995"><ele>69.3</ele><time>2026-08-03T09:02:12.600Z</time></trkpt><trkpt lon="-1.43135" lat="52.26992"><ele>69.3</ele><time>2026-08-03T09:02:13.500Z</time></trkpt><trkpt lon="-1.43165" lat="52.26987"><ele>69.4</ele><time>2026-08-03T09:02:15.400Z</time></trkpt><trkpt lon="-1.43199" lat="52.26985"><ele>69.4</ele><time>2026-08-03T09:02:17.500Z</time></trkpt><trkpt lon="-1.43235" lat="52.26984"><ele>69.7</ele><time>2026-08-03T09:02:19.900Z</time></trkpt><trkpt lon="-1.432695" lat="52.269855"><ele>70.0</ele><time>2026-08-03T09:02:22.200Z</time></trkpt><trkpt lon="-1.43304" lat="52.26987"><ele>70.3</ele><time>2026-08-03T09:02:24.500Z</time></trkpt><trkpt lon="-1.4334467" lat="52.2698833"><ele>70.1</ele><time>2026-08-03T09:02:26.900Z</time></trkpt><trkpt lon="-1.4338533" lat="52.2698967"><ele>69.5</ele><time>2026-08-03T09:02:29.000Z</time></trkpt><trkpt lon="-1.43426" lat="52.26991"><ele>68.9</ele><time>2026-08-03T09:02:31.100Z</time></trkpt><trkpt lon="-1.4346633" lat="52.2699267"><ele>68.3</ele><time>2026-08-03T09:02:33.300Z</time></trkpt><trkpt lon="-1.4350667" lat="52.2699433"><ele>67.9</ele><time>2026-08-03T09:02:35.500Z</time></trkpt><trkpt lon="-1.43547" lat="52.26996"><ele>67.6</ele><time>2026-08-03T09:02:37.700Z</time></trkpt><trkpt lon="-1.43566" lat="52.27001"><ele>67.4</ele><time>2026-08-03T09:02:38.800Z</time></trkpt><trkpt lon="-1.43574" lat="52.27005"><ele>67.3</ele><time>2026-08-03T09:02:39.400Z</time></trkpt><trkpt lon="-1.43585" lat="52.27016"><ele>67.1</ele><time>2026-08-03T09:02:40.600Z</time></trkpt><trkpt lon="-1.43587" lat="52.27026"><ele>66.9</ele><time>2026-08-03T09:02:41.400Z</time></trkpt><trkpt lon="-1.435865" lat="52.270505"><ele>66.4</ele><time>2026-08-03T09:02:43.600Z</time></trkpt><trkpt lon="-1.43586" lat="52.27075"><ele>66.0</ele><time>2026-08-03T09:02:45.800Z</time></trkpt><trkpt lon="-1.435855" lat="52.270995"><ele>65.8</ele><time>2026-08-03T09:02:48.100Z</time></trkpt><trkpt lon="-1.43585" lat="52.27124"><ele>65.5</ele><time>2026-08-03T09:02:50.300Z</time></trkpt><trkpt lon="-1.43585" lat="52.27144"><ele>65.5</ele><time>2026-08-03T09:02:52.300Z</time></trkpt><trkpt lon="-1.43589" lat="52.27181"><ele>65.6</ele><time>2026-08-03T09:02:55.900Z</time></trkpt><trkpt lon="-1.43596" lat="52.27201"><ele>65.6</ele><time>2026-08-03T09:02:58.000Z</time></trkpt><trkpt lon="-1.436" lat="52.27212"><ele>65.7</ele><time>2026-08-03T09:02:59.200Z</time></trkpt><trkpt lon="-1.43605" lat="52.27219"><ele>65.9</ele><time>2026-08-03T09:03:00.100Z</time></trkpt><trkpt lon="-1.43628" lat="52.27242"><ele>66.8</ele><time>2026-08-03T09:03:03.500Z</time></trkpt><trkpt lon="-1.43645" lat="52.27264"><ele>66.8</ele><time>2026-08-03T09:03:05.900Z</time></trkpt><trkpt lon="-1.43649" lat="52.27281"><ele>66.7</ele><time>2026-08-03T09:03:07.500Z</time></trkpt><trkpt lon="-1.43651" lat="52.273"><ele>66.5</ele><time>2026-08-03T09:03:09.200Z</time></trkpt><trkpt lon="-1.4365" lat="52.27332"><ele>66.2</ele><time>2026-08-03T09:03:12.200Z</time></trkpt><trkpt lon="-1.43649" lat="52.27343"><ele>66.1</ele><time>2026-08-03T09:03:13.200Z</time></trkpt><trkpt lon="-1.4364867" lat="52.2736233"><ele>66.0</ele><time>2026-08-03T09:03:15.100Z</time></trkpt><trkpt lon="-1.43648" lat="52.27401"><ele>66.1</ele><time>2026-08-03T09:03:18.900Z</time></trkpt><trkpt lon="-1.4365" lat="52.27412"><ele>66.2</ele><time>2026-08-03T09:03:20.000Z</time></trkpt><trkpt lon="-1.43655" lat="52.27421"><ele>66.2</ele><time>2026-08-03T09:03:21.000Z</time></trkpt><trkpt lon="-1.43666" lat="52.27431"><ele>66.2</ele><time>2026-08-03T09:03:22.200Z</time></trkpt><trkpt lon="-1.43674" lat="52.27436"><ele>66.2</ele><time>2026-08-03T09:03:22.900Z</time></trkpt><trkpt lon="-1.43685" lat="52.27441"><ele>66.3</ele><time>2026-08-03T09:03:23.700Z</time></trkpt><trkpt lon="-1.4373" lat="52.27457"><ele>66.3</ele><time>2026-08-03T09:03:26.900Z</time></trkpt><trkpt lon="-1.43767" lat="52.27468"><ele>66.4</ele><time>2026-08-03T09:03:29.400Z</time></trkpt><trkpt lon="-1.4380767" lat="52.27477"><ele>66.5</ele><time>2026-08-03T09:03:32.100Z</time></trkpt><trkpt lon="-1.4384833" lat="52.27486"><ele>66.7</ele><time>2026-08-03T09:03:34.800Z</time></trkpt><trkpt lon="-1.43889" lat="52.27495"><ele>66.9</ele><time>2026-08-03T09:03:37.600Z</time></trkpt><trkpt lon="-1.4393" lat="52.2750367"><ele>67.1</ele><time>2026-08-03T09:03:40.300Z</time></trkpt><trkpt lon="-1.43971" lat="52.2751233"><ele>67.0</ele><time>2026-08-03T09:03:42.900Z</time></trkpt><trkpt lon="-1.44012" lat="52.27521"><ele>66.6</ele><time>2026-08-03T09:03:45.300Z</time></trkpt><trkpt lon="-1.4404275" lat="52.275275"><ele>66.4</ele><time>2026-08-03T09:03:47.100Z</time></trkpt><trkpt lon="-1.440735" lat="52.27534"><ele>66.3</ele><time>2026-08-03T09:03:49.000Z</time></trkpt><trkpt lon="-1.44135" lat="52.27547"><ele>66.1</ele><time>2026-08-03T09:03:52.800Z</time></trkpt><trkpt lon="-1.44189" lat="52.2756"><ele>66.2</ele><time>2026-08-03T09:03:56.300Z</time></trkpt><trkpt lon="-1.4422367" lat="52.2756733"><ele>66.2</ele><time>2026-08-03T09:03:58.500Z</time></trkpt><trkpt lon="-1.4425833" lat="52.2757467"><ele>66.5</ele><time>2026-08-03T09:04:01.000Z</time></trkpt><trkpt lon="-1.44293" lat="52.27582"><ele>66.9</ele><time>2026-08-03T09:04:03.500Z</time></trkpt><trkpt lon="-1.4432767" lat="52.2758933"><ele>67.2</ele><time>2026-08-03T09:04:05.900Z</time></trkpt><trkpt lon="-1.4436233" lat="52.2759667"><ele>67.4</ele><time>2026-08-03T09:04:08.300Z</time></trkpt><trkpt lon="-1.44397" lat="52.27604"><ele>67.7</ele><time>2026-08-03T09:04:10.700Z</time></trkpt><trkpt lon="-1.44427" lat="52.27609"><ele>67.6</ele><time>2026-08-03T09:04:12.600Z</time></trkpt><trkpt lon="-1.4447" lat="52.27613"><ele>67.6</ele><time>2026-08-03T09:04:15.100Z</time></trkpt><trkpt lon="-1.445085" lat="52.27614"><ele>67.5</ele><time>2026-08-03T09:04:17.400Z</time></trkpt><trkpt lon="-1.44547" lat="52.27615"><ele>67.1</ele><time>2026-08-03T09:04:19.500Z</time></trkpt><trkpt lon="-1.4458633" lat="52.2761433"><ele>66.7</ele><time>2026-08-03T09:04:21.600Z</time></trkpt><trkpt lon="-1.4462567" lat="52.2761367"><ele>66.4</ele><time>2026-08-03T09:04:23.800Z</time></trkpt><trkpt lon="-1.44665" lat="52.27613"><ele>66.0</ele><time>2026-08-03T09:04:26.000Z</time></trkpt><trkpt lon="-1.44704" lat="52.27615"><ele>65.9</ele><time>2026-08-03T09:04:28.300Z</time></trkpt><trkpt lon="-1.44726" lat="52.27617"><ele>65.8</ele><time>2026-08-03T09:04:29.600Z</time></trkpt><trkpt lon="-1.44749" lat="52.27619"><ele>65.9</ele><time>2026-08-03T09:04:31.000Z</time></trkpt><trkpt lon="-1.4479" lat="52.27627"><ele>66.3</ele><time>2026-08-03T09:04:33.900Z</time></trkpt><trkpt lon="-1.44818" lat="52.27635"><ele>66.6</ele><time>2026-08-03T09:04:36.000Z</time></trkpt><trkpt lon="-1.44852" lat="52.27646"><ele>66.9</ele><time>2026-08-03T09:04:38.600Z</time></trkpt><trkpt lon="-1.44886" lat="52.27661"><ele>67.3</ele><time>2026-08-03T09:04:41.400Z</time></trkpt><trkpt lon="-1.44916" lat="52.27676"><ele>67.8</ele><time>2026-08-03T09:04:44.100Z</time></trkpt><trkpt lon="-1.44943" lat="52.27694"><ele>68.3</ele><time>2026-08-03T09:04:46.900Z</time></trkpt><trkpt lon="-1.4496467" lat="52.2771333"><ele>68.9</ele><time>2026-08-03T09:04:49.700Z</time></trkpt><trkpt lon="-1.4498633" lat="52.2773267"><ele>69.6</ele><time>2026-08-03T09:04:52.600Z</time></trkpt><trkpt lon="-1.45008" lat="52.27752"><ele>70.6</ele><time>2026-08-03T09:04:55.900Z</time></trkpt><trkpt lon="-1.4502825" lat="52.27769"><ele>71.7</ele><time>2026-08-03T09:04:59.200Z</time></trkpt><trkpt lon="-1.450485" lat="52.27786"><ele>73.0</ele><time>2026-08-03T09:05:02.800Z</time></trkpt><trkpt lon="-1.4506875" lat="52.27803"><ele>74.4</ele><time>2026-08-03T09:05:06.500Z</time></trkpt><trkpt lon="-1.45089" lat="52.2782"><ele>75.8</ele><time>2026-08-03T09:05:10.100Z</time></trkpt><trkpt lon="-1.4511" lat="52.278385"><ele>76.8</ele><time>2026-08-03T09:05:13.400Z</time></trkpt><trkpt lon="-1.45131" lat="52.27857"><ele>77.8</ele><time>2026-08-03T09:05:16.700Z</time></trkpt><trkpt lon="-1.45152" lat="52.278755"><ele>78.8</ele><time>2026-08-03T09:05:19.900Z</time></trkpt><trkpt lon="-1.45173" lat="52.27894"><ele>79.7</ele><time>2026-08-03T09:05:23.000Z</time></trkpt><trkpt lon="-1.451915" lat="52.279095"><ele>80.4</ele><time>2026-08-03T09:05:25.500Z</time></trkpt><trkpt lon="-1.4521" lat="52.27925"><ele>81.1</ele><time>2026-08-03T09:05:28.100Z</time></trkpt><trkpt lon="-1.45229" lat="52.2793867"><ele>82.0</ele><time>2026-08-03T09:05:30.800Z</time></trkpt><trkpt lon="-1.45248" lat="52.2795233"><ele>83.1</ele><time>2026-08-03T09:05:33.900Z</time></trkpt><trkpt lon="-1.45267" lat="52.27966"><ele>84.5</ele><time>2026-08-03T09:05:37.400Z</time></trkpt><trkpt lon="-1.45286" lat="52.2798"><ele>86.2</ele><time>2026-08-03T09:05:41.300Z</time></trkpt><trkpt lon="-1.45305" lat="52.27994"><ele>88.2</ele><time>2026-08-03T09:05:45.800Z</time></trkpt><trkpt lon="-1.45324" lat="52.28008"><ele>90.2</ele><time>2026-08-03T09:05:50.300Z</time></trkpt><trkpt lon="-1.45341" lat="52.28018"><ele>91.9</ele><time>2026-08-03T09:05:53.900Z</time></trkpt><trkpt lon="-1.45358" lat="52.28026"><ele>93.1</ele><time>2026-08-03T09:05:56.900Z</time></trkpt><trkpt lon="-1.45398" lat="52.28043"><ele>95.2</ele><time>2026-08-03T09:06:02.300Z</time></trkpt><trkpt lon="-1.45446" lat="52.28064"><ele>96.0</ele><time>2026-08-03T09:06:06.500Z</time></trkpt><trkpt lon="-1.45475" lat="52.28078"><ele>96.1</ele><time>2026-08-03T09:06:08.700Z</time></trkpt><trkpt lon="-1.45519" lat="52.28103"><ele>96.0</ele><time>2026-08-03T09:06:12.300Z</time></trkpt><trkpt lon="-1.45539" lat="52.28115"><ele>96.0</ele><time>2026-08-03T09:06:13.900Z</time></trkpt><trkpt lon="-1.45564" lat="52.28133"><ele>95.9</ele><time>2026-08-03T09:06:16.200Z</time></trkpt><trkpt lon="-1.4559" lat="52.28154"><ele>95.2</ele><time>2026-08-03T09:06:18.500Z</time></trkpt><trkpt lon="-1.45613" lat="52.28178"><ele>94.0</ele><time>2026-08-03T09:06:20.600Z</time></trkpt><trkpt lon="-1.45629" lat="52.2819933"><ele>92.6</ele><time>2026-08-03T09:06:22.300Z</time></trkpt><trkpt lon="-1.45645" lat="52.2822067"><ele>91.2</ele><time>2026-08-03T09:06:23.900Z</time></trkpt><trkpt lon="-1.45661" lat="52.28242"><ele>89.8</ele><time>2026-08-03T09:06:25.600Z</time></trkpt><trkpt lon="-1.45684" lat="52.28268"><ele>88.0</ele><time>2026-08-03T09:06:27.800Z</time></trkpt><trkpt lon="-1.45691" lat="52.28275"><ele>87.5</ele><time>2026-08-03T09:06:28.300Z</time></trkpt><trkpt lon="-1.45728" lat="52.28306"><ele>85.0</ele><time>2026-08-03T09:06:31.100Z</time></trkpt><trkpt lon="-1.45767" lat="52.28333"><ele>83.3</ele><time>2026-08-03T09:06:33.800Z</time></trkpt><trkpt lon="-1.457985" lat="52.283495"><ele>82.6</ele><time>2026-08-03T09:06:35.900Z</time></trkpt><trkpt lon="-1.4583" lat="52.28366"><ele>82.3</ele><time>2026-08-03T09:06:38.200Z</time></trkpt><trkpt lon="-1.4586" lat="52.28378"><ele>82.1</ele><time>2026-08-03T09:06:40.300Z</time></trkpt><trkpt lon="-1.45866" lat="52.28375"><ele>82.2</ele><time>2026-08-03T09:06:40.800Z</time></trkpt><trkpt lon="-1.45873" lat="52.28372"><ele>82.2</ele><time>2026-08-03T09:06:41.300Z</time></trkpt><trkpt lon="-1.45881" lat="52.28371"><ele>82.3</ele><time>2026-08-03T09:06:41.900Z</time></trkpt><trkpt lon="-1.45902" lat="52.28358"><ele>82.4</ele><time>2026-08-03T09:06:43.800Z</time></trkpt><trkpt lon="-1.45926" lat="52.28329"><ele>82.7</ele><time>2026-08-03T09:06:47.200Z</time></trkpt><trkpt lon="-1.459465" lat="52.28308"><ele>83.0</ele><time>2026-08-03T09:06:49.800Z</time></trkpt><trkpt lon="-1.45967" lat="52.28287"><ele>83.4</ele><time>2026-08-03T09:06:52.600Z</time></trkpt><trkpt lon="-1.4598633" lat="52.28269"><ele>83.8</ele><time>2026-08-03T09:06:55.000Z</time></trkpt><trkpt lon="-1.4600567" lat="52.28251"><ele>84.2</ele><time>2026-08-03T09:06:57.400Z</time></trkpt><trkpt lon="-1.46025" lat="52.28233"><ele>84.6</ele><time>2026-08-03T09:06:59.800Z</time></trkpt><trkpt lon="-1.4604333" lat="52.28216"><ele>85.0</ele><time>2026-08-03T09:07:02.200Z</time></trkpt><trkpt lon="-1.4606167" lat="52.28199"><ele>85.3</ele><time>2026-08-03T09:07:04.400Z</time></trkpt><trkpt lon="-1.4608" lat="52.28182"><ele>85.7</ele><time>2026-08-03T09:07:06.700Z</time></trkpt><trkpt lon="-1.4609833" lat="52.28164"><ele>86.1</ele><time>2026-08-03T09:07:09.100Z</time></trkpt><trkpt lon="-1.4611667" lat="52.28146"><ele>86.4</ele><time>2026-08-03T09:07:11.400Z</time></trkpt><trkpt lon="-1.46135" lat="52.28128"><ele>86.6</ele><time>2026-08-03T09:07:13.700Z</time></trkpt><trkpt lon="-1.4615" lat="52.2811167"><ele>86.4</ele><time>2026-08-03T09:07:15.400Z</time></trkpt><trkpt lon="-1.4618" lat="52.28079"><ele>86.1</ele><time>2026-08-03T09:07:18.900Z</time></trkpt><trkpt lon="-1.4619533" lat="52.2806267"><ele>85.7</ele><time>2026-08-03T09:07:20.600Z</time></trkpt><trkpt lon="-1.46226" lat="52.2803"><ele>83.8</ele><time>2026-08-03T09:07:23.400Z</time></trkpt><trkpt lon="-1.4624467" lat="52.2800833"><ele>81.9</ele><time>2026-08-03T09:07:25.100Z</time></trkpt><trkpt lon="-1.4626333" lat="52.2798667"><ele>79.6</ele><time>2026-08-03T09:07:26.800Z</time></trkpt><trkpt lon="-1.46282" lat="52.27965"><ele>77.0</ele><time>2026-08-03T09:07:28.600Z</time></trkpt><trkpt lon="-1.46301" lat="52.2794333"><ele>74.3</ele><time>2026-08-03T09:07:30.400Z</time></trkpt><trkpt lon="-1.4632" lat="52.2792167"><ele>71.9</ele><time>2026-08-03T09:07:32.100Z</time></trkpt><trkpt lon="-1.46339" lat="52.279"><ele>69.9</ele><time>2026-08-03T09:07:33.800Z</time></trkpt><trkpt lon="-1.4635767" lat="52.2787833"><ele>68.4</ele><time>2026-08-03T09:07:35.600Z</time></trkpt><trkpt lon="-1.4637633" lat="52.2785667"><ele>67.2</ele><time>2026-08-03T09:07:37.400Z</time></trkpt><trkpt lon="-1.46395" lat="52.27835"><ele>66.2</ele><time>2026-08-03T09:07:39.300Z</time></trkpt><trkpt lon="-1.46423" lat="52.27806"><ele>65.0</ele><time>2026-08-03T09:07:42.000Z</time></trkpt><trkpt lon="-1.46457" lat="52.27774"><ele>63.9</ele><time>2026-08-03T09:07:45.200Z</time></trkpt><trkpt lon="-1.464775" lat="52.27753"><ele>63.7</ele><time>2026-08-03T09:07:47.500Z</time></trkpt><trkpt lon="-1.46498" lat="52.27732"><ele>63.8</ele><time>2026-08-03T09:07:49.900Z</time></trkpt><trkpt lon="-1.465185" lat="52.27711"><ele>63.9</ele><time>2026-08-03T09:07:52.400Z</time></trkpt><trkpt lon="-1.46539" lat="52.2769"><ele>64.0</ele><time>2026-08-03T09:07:54.900Z</time></trkpt><trkpt lon="-1.4655633" lat="52.2766767"><ele>64.2</ele><time>2026-08-03T09:07:57.500Z</time></trkpt><trkpt lon="-1.4657367" lat="52.2764533"><ele>64.6</ele><time>2026-08-03T09:08:00.200Z</time></trkpt><trkpt lon="-1.46591" lat="52.27623"><ele>64.8</ele><time>2026-08-03T09:08:02.800Z</time></trkpt><trkpt lon="-1.4660867" lat="52.2760067"><ele>64.7</ele><time>2026-08-03T09:08:05.100Z</time></trkpt><trkpt lon="-1.4662633" lat="52.2757833"><ele>64.2</ele><time>2026-08-03T09:08:07.300Z</time></trkpt><trkpt lon="-1.46644" lat="52.27556"><ele>63.7</ele><time>2026-08-03T09:08:09.500Z</time></trkpt><trkpt lon="-1.46656" lat="52.27539"><ele>63.3</ele><time>2026-08-03T09:08:11.100Z</time></trkpt><trkpt lon="-1.46672" lat="52.2751767"><ele>62.1</ele><time>2026-08-03T09:08:12.800Z</time></trkpt><trkpt lon="-1.46688" lat="52.2749633"><ele>61.2</ele><time>2026-08-03T09:08:14.700Z</time></trkpt><trkpt lon="-1.46704" lat="52.27475"><ele>60.5</ele><time>2026-08-03T09:08:16.600Z</time></trkpt><trkpt lon="-1.4671967" lat="52.2745367"><ele>60.1</ele><time>2026-08-03T09:08:18.700Z</time></trkpt><trkpt lon="-1.4673533" lat="52.2743233"><ele>59.9</ele><time>2026-08-03T09:08:20.900Z</time></trkpt><trkpt lon="-1.46751" lat="52.27411"><ele>60.0</ele><time>2026-08-03T09:08:23.200Z</time></trkpt><trkpt lon="-1.4676467" lat="52.2739467"><ele>60.1</ele><time>2026-08-03T09:08:25.100Z</time></trkpt><trkpt lon="-1.46792" lat="52.27362"><ele>60.5</ele><time>2026-08-03T09:08:29.000Z</time></trkpt><trkpt lon="-1.46821" lat="52.27328"><ele>60.8</ele><time>2026-08-03T09:08:33.000Z</time></trkpt><trkpt lon="-1.46841" lat="52.27305"><ele>61.0</ele><time>2026-08-03T09:08:35.700Z</time></trkpt><trkpt lon="-1.46861" lat="52.27282"><ele>61.3</ele><time>2026-08-03T09:08:38.600Z</time></trkpt><trkpt lon="-1.46881" lat="52.27259"><ele>61.7</ele><time>2026-08-03T09:08:41.400Z</time></trkpt><trkpt lon="-1.46901" lat="52.2723633"><ele>62.3</ele><time>2026-08-03T09:08:44.400Z</time></trkpt><trkpt lon="-1.46921" lat="52.2721367"><ele>63.0</ele><time>2026-08-03T09:08:47.600Z</time></trkpt><trkpt lon="-1.46941" lat="52.27191"><ele>63.8</ele><time>2026-08-03T09:08:50.800Z</time></trkpt><trkpt lon="-1.469565" lat="52.2717275"><ele>64.5</ele><time>2026-08-03T09:08:53.400Z</time></trkpt><trkpt lon="-1.46972" lat="52.271545"><ele>65.1</ele><time>2026-08-03T09:08:55.900Z</time></trkpt><trkpt lon="-1.469875" lat="52.2713625"><ele>65.6</ele><time>2026-08-03T09:08:58.300Z</time></trkpt><trkpt lon="-1.47003" lat="52.27118"><ele>66.1</ele><time>2026-08-03T09:09:00.700Z</time></trkpt><trkpt lon="-1.4701667" lat="52.2710133"><ele>66.3</ele><time>2026-08-03T09:09:02.800Z</time></trkpt><trkpt lon="-1.47044" lat="52.27068"><ele>66.7</ele><time>2026-08-03T09:09:06.800Z</time></trkpt><trkpt lon="-1.4705733" lat="52.2705167"><ele>66.9</ele><time>2026-08-03T09:09:08.700Z</time></trkpt><trkpt lon="-1.47084" lat="52.27019"><ele>67.3</ele><time>2026-08-03T09:09:12.600Z</time></trkpt><trkpt lon="-1.471015" lat="52.26999"><ele>67.6</ele><time>2026-08-03T09:09:15.100Z</time></trkpt><trkpt lon="-1.47119" lat="52.26979"><ele>68.0</ele><time>2026-08-03T09:09:17.700Z</time></trkpt><trkpt lon="-1.4714" lat="52.26956"><ele>68.5</ele><time>2026-08-03T09:09:20.600Z</time></trkpt><trkpt lon="-1.47161" lat="52.26933"><ele>68.9</ele><time>2026-08-03T09:09:23.600Z</time></trkpt><trkpt lon="-1.4717467" lat="52.26918"><ele>69.2</ele><time>2026-08-03T09:09:25.500Z</time></trkpt><trkpt lon="-1.47202" lat="52.26888"><ele>69.6</ele><time>2026-08-03T09:09:29.200Z</time></trkpt><trkpt lon="-1.47221" lat="52.26865"><ele>69.8</ele><time>2026-08-03T09:09:31.900Z</time></trkpt><trkpt lon="-1.47259" lat="52.26842"><ele>69.9</ele><time>2026-08-03T09:09:35.200Z</time></trkpt><trkpt lon="-1.47259" lat="52.26841"><ele>70.0</ele><time>2026-08-03T09:09:35.300Z</time></trkpt><trkpt lon="-1.47273" lat="52.26838"><ele>70.0</ele><time>2026-08-03T09:09:36.200Z</time></trkpt><trkpt lon="-1.47297" lat="52.26838"><ele>70.0</ele><time>2026-08-03T09:09:37.700Z</time></trkpt><trkpt lon="-1.47317" lat="52.26841"><ele>70.1</ele><time>2026-08-03T09:09:38.900Z</time></trkpt><trkpt lon="-1.47324" lat="52.26844"><ele>70.1</ele><time>2026-08-03T09:09:39.400Z</time></trkpt><trkpt lon="-1.47333" lat="52.26847"><ele>70.1</ele><time>2026-08-03T09:09:40.100Z</time></trkpt><trkpt lon="-1.47382" lat="52.26866"><ele>70.1</ele><time>2026-08-03T09:09:43.500Z</time></trkpt><trkpt lon="-1.47426" lat="52.26886"><ele>70.3</ele><time>2026-08-03T09:09:47.000Z</time></trkpt><trkpt lon="-1.4745433" lat="52.2690033"><ele>70.9</ele><time>2026-08-03T09:09:49.700Z</time></trkpt><trkpt lon="-1.4748267" lat="52.2691467"><ele>71.4</ele><time>2026-08-03T09:09:52.300Z</time></trkpt><trkpt lon="-1.47511" lat="52.26929"><ele>72.1</ele><time>2026-08-03T09:09:55.100Z</time></trkpt><trkpt lon="-1.47539" lat="52.26943"><ele>72.8</ele><time>2026-08-03T09:09:57.900Z</time></trkpt><trkpt lon="-1.47567" lat="52.26957"><ele>73.6</ele><time>2026-08-03T09:10:00.800Z</time></trkpt><trkpt lon="-1.47595" lat="52.26971"><ele>74.7</ele><time>2026-08-03T09:10:04.100Z</time></trkpt><trkpt lon="-1.4761767" lat="52.2698267"><ele>75.6</ele><time>2026-08-03T09:10:06.900Z</time></trkpt><trkpt lon="-1.4764033" lat="52.2699434"><ele>76.7</ele><time>2026-08-03T09:10:09.900Z</time></trkpt><trkpt lon="-1.47663" lat="52.27006"><ele>77.7</ele><time>2026-08-03T09:10:12.900Z</time></trkpt><trkpt lon="-1.4768567" lat="52.2701767"><ele>78.9</ele><time>2026-08-03T09:10:16.100Z</time></trkpt><trkpt lon="-1.4770833" lat="52.2702933"><ele>80.2</ele><time>2026-08-03T09:10:19.400Z</time></trkpt><trkpt lon="-1.47731" lat="52.27041"><ele>81.5</ele><time>2026-08-03T09:10:22.800Z</time></trkpt><trkpt lon="-1.4774633" lat="52.2704933"><ele>82.3</ele><time>2026-08-03T09:10:25.000Z</time></trkpt><trkpt lon="-1.47777" lat="52.27066"><ele>84.1</ele><time>2026-08-03T09:10:29.600Z</time></trkpt><trkpt lon="-1.4779825" lat="52.270775"><ele>85.4</ele><time>2026-08-03T09:10:32.900Z</time></trkpt><trkpt lon="-1.478195" lat="52.27089"><ele>86.8</ele><time>2026-08-03T09:10:36.400Z</time></trkpt><trkpt lon="-1.4784075" lat="52.271005"><ele>88.2</ele><time>2026-08-03T09:10:39.800Z</time></trkpt><trkpt lon="-1.47862" lat="52.27112"><ele>89.6</ele><time>2026-08-03T09:10:43.300Z</time></trkpt><trkpt lon="-1.4789" lat="52.2712733"><ele>91.0</ele><time>2026-08-03T09:10:47.300Z</time></trkpt><trkpt lon="-1.47918" lat="52.2714267"><ele>91.9</ele><time>2026-08-03T09:10:50.300Z</time></trkpt><trkpt lon="-1.47946" lat="52.27158"><ele>91.8</ele><time>2026-08-03T09:10:52.500Z</time></trkpt><trkpt lon="-1.47973" lat="52.27175"><ele>91.6</ele><time>2026-08-03T09:10:54.700Z</time></trkpt><trkpt lon="-1.47997" lat="52.27191"><ele>91.1</ele><time>2026-08-03T09:10:56.600Z</time></trkpt><trkpt lon="-1.48021" lat="52.27207"><ele>90.5</ele><time>2026-08-03T09:10:58.400Z</time></trkpt><trkpt lon="-1.48045" lat="52.27227"><ele>89.9</ele><time>2026-08-03T09:11:00.500Z</time></trkpt><trkpt lon="-1.48069" lat="52.27247"><ele>89.0</ele><time>2026-08-03T09:11:02.500Z</time></trkpt><trkpt lon="-1.48088" lat="52.27265"><ele>88.2</ele><time>2026-08-03T09:11:04.200Z</time></trkpt><trkpt lon="-1.4810533" lat="52.27284"><ele>87.4</ele><time>2026-08-03T09:11:05.900Z</time></trkpt><trkpt lon="-1.4812266" lat="52.27303"><ele>86.8</ele><time>2026-08-03T09:11:07.800Z</time></trkpt><trkpt lon="-1.4814" lat="52.27322"><ele>86.2</ele><time>2026-08-03T09:11:09.600Z</time></trkpt><trkpt lon="-1.4815733" lat="52.2734067"><ele>85.9</ele><time>2026-08-03T09:11:11.500Z</time></trkpt><trkpt lon="-1.4817466" lat="52.2735934"><ele>85.9</ele><time>2026-08-03T09:11:13.600Z</time></trkpt><trkpt lon="-1.48192" lat="52.27378"><ele>86.0</ele><time>2026-08-03T09:11:15.800Z</time></trkpt><trkpt lon="-1.48209" lat="52.27396"><ele>86.1</ele><time>2026-08-03T09:11:18.000Z</time></trkpt><trkpt lon="-1.48226" lat="52.27414"><ele>86.2</ele><time>2026-08-03T09:11:20.100Z</time></trkpt><trkpt lon="-1.48243" lat="52.27432"><ele>86.4</ele><time>2026-08-03T09:11:22.200Z</time></trkpt><trkpt lon="-1.48258" lat="52.27446"><ele>86.8</ele><time>2026-08-03T09:11:24.200Z</time></trkpt><trkpt lon="-1.48272" lat="52.27457"><ele>87.3</ele><time>2026-08-03T09:11:26.000Z</time></trkpt><trkpt lon="-1.483" lat="52.27472"><ele>87.8</ele><time>2026-08-03T09:11:28.600Z</time></trkpt><trkpt lon="-1.48328" lat="52.27485"><ele>87.9</ele><time>2026-08-03T09:11:30.800Z</time></trkpt><trkpt lon="-1.48374" lat="52.27501"><ele>87.8</ele><time>2026-08-03T09:11:34.000Z</time></trkpt><trkpt lon="-1.4840833" lat="52.2751167"><ele>87.8</ele><time>2026-08-03T09:11:36.200Z</time></trkpt><trkpt lon="-1.4844267" lat="52.2752233"><ele>87.6</ele><time>2026-08-03T09:11:38.400Z</time></trkpt><trkpt lon="-1.48477" lat="52.27533"><ele>87.4</ele><time>2026-08-03T09:11:40.600Z</time></trkpt><trkpt lon="-1.4852" lat="52.27545"><ele>87.2</ele><time>2026-08-03T09:11:43.300Z</time></trkpt><trkpt lon="-1.48549" lat="52.2755233"><ele>87.0</ele><time>2026-08-03T09:11:45.100Z</time></trkpt><trkpt lon="-1.48607" lat="52.27567"><ele>86.7</ele><time>2026-08-03T09:11:48.700Z</time></trkpt><trkpt lon="-1.48636" lat="52.2757433"><ele>86.6</ele><time>2026-08-03T09:11:50.500Z</time></trkpt><trkpt lon="-1.48694" lat="52.27589"><ele>86.5</ele><time>2026-08-03T09:11:54.200Z</time></trkpt><trkpt lon="-1.48719" lat="52.27594"><ele>86.4</ele><time>2026-08-03T09:11:55.700Z</time></trkpt><trkpt lon="-1.48757" lat="52.27598"><ele>86.3</ele><time>2026-08-03T09:11:58.000Z</time></trkpt><trkpt lon="-1.48783" lat="52.27599"><ele>86.3</ele><time>2026-08-03T09:11:59.500Z</time></trkpt><trkpt lon="-1.4882567" lat="52.2759833"><ele>86.2</ele><time>2026-08-03T09:12:02.000Z</time></trkpt><trkpt lon="-1.4886833" lat="52.2759767"><ele>86.0</ele><time>2026-08-03T09:12:04.500Z</time></trkpt><trkpt lon="-1.48911" lat="52.27597"><ele>85.7</ele><time>2026-08-03T09:12:06.900Z</time></trkpt><trkpt lon="-1.4896" lat="52.27601"><ele>85.2</ele><time>2026-08-03T09:12:09.600Z</time></trkpt><trkpt lon="-1.4899233" lat="52.27604"><ele>84.7</ele><time>2026-08-03T09:12:11.300Z</time></trkpt><trkpt lon="-1.49057" lat="52.2761"><ele>83.7</ele><time>2026-08-03T09:12:14.700Z</time></trkpt><trkpt lon="-1.49107" lat="52.27617"><ele>82.9</ele><time>2026-08-03T09:12:17.300Z</time></trkpt><trkpt lon="-1.49114" lat="52.27618"><ele>82.8</ele><time>2026-08-03T09:12:17.700Z</time></trkpt><trkpt lon="-1.49133" lat="52.27623"><ele>82.3</ele><time>2026-08-03T09:12:18.700Z</time></trkpt><trkpt lon="-1.49156" lat="52.27629"><ele>81.7</ele><time>2026-08-03T09:12:19.900Z</time></trkpt><trkpt lon="-1.4919133" lat="52.2763967"><ele>80.5</ele><time>2026-08-03T09:12:21.700Z</time></trkpt><trkpt lon="-1.4922667" lat="52.2765033"><ele>79.3</ele><time>2026-08-03T09:12:23.500Z</time></trkpt><trkpt lon="-1.49262" lat="52.27661"><ele>77.7</ele><time>2026-08-03T09:12:25.200Z</time></trkpt><trkpt lon="-1.49304" lat="52.27671"><ele>76.1</ele><time>2026-08-03T09:12:27.200Z</time></trkpt><trkpt lon="-1.49363" lat="52.27683"><ele>74.3</ele><time>2026-08-03T09:12:30.000Z</time></trkpt><trkpt lon="-1.49421" lat="52.27696"><ele>72.7</ele><time>2026-08-03T09:12:33.000Z</time></trkpt><trkpt lon="-1.49437" lat="52.27701"><ele>72.6</ele><time>2026-08-03T09:12:34.000Z</time></trkpt><trkpt lon="-1.49455" lat="52.27708"><ele>72.1</ele><time>2026-08-03T09:12:35.000Z</time></trkpt><trkpt lon="-1.49478" lat="52.27721"><ele>71.2</ele><time>2026-08-03T09:12:36.400Z</time></trkpt><trkpt lon="-1.495065" lat="52.27737"><ele>70.0</ele><time>2026-08-03T09:12:38.200Z</time></trkpt><trkpt lon="-1.49535" lat="52.27753"><ele>69.0</ele><time>2026-08-03T09:12:40.000Z</time></trkpt><trkpt lon="-1.49569" lat="52.27776"><ele>67.9</ele><time>2026-08-03T09:12:42.500Z</time></trkpt><trkpt lon="-1.49609" lat="52.27793"><ele>67.0</ele><time>2026-08-03T09:12:45.000Z</time></trkpt><trkpt lon="-1.49634" lat="52.27801"><ele>66.7</ele><time>2026-08-03T09:12:46.500Z</time></trkpt><trkpt lon="-1.49655" lat="52.27805"><ele>66.4</ele><time>2026-08-03T09:12:47.600Z</time></trkpt><trkpt lon="-1.49698" lat="52.27809"><ele>65.8</ele><time>2026-08-03T09:12:49.900Z</time></trkpt><trkpt lon="-1.4973033" lat="52.2781367"><ele>65.3</ele><time>2026-08-03T09:12:51.700Z</time></trkpt><trkpt lon="-1.49795" lat="52.27823"><ele>64.4</ele><time>2026-08-03T09:12:55.200Z</time></trkpt><trkpt lon="-1.49828" lat="52.27828"><ele>64.2</ele><time>2026-08-03T09:12:57.100Z</time></trkpt><trkpt lon="-1.4987" lat="52.27837"><ele>64.1</ele><time>2026-08-03T09:12:59.700Z</time></trkpt><trkpt lon="-1.49897" lat="52.27844"><ele>64.2</ele><time>2026-08-03T09:13:01.600Z</time></trkpt><trkpt lon="-1.49951" lat="52.27858"><ele>64.6</ele><time>2026-08-03T09:13:05.400Z</time></trkpt><trkpt lon="-1.49986" lat="52.27868"><ele>65.2</ele><time>2026-08-03T09:13:08.200Z</time></trkpt><trkpt lon="-1.500205" lat="52.2787900121009"><ele>65.9</ele><time>2026-08-03T09:13:11.100Z</time></trkpt><trkpt lon="-1.50055" lat="52.2789"><ele>66.6</ele><time>2026-08-03T09:13:14.000Z</time></trkpt><trkpt lon="-1.5007" lat="52.27896"><ele>66.8</ele><time>2026-08-03T09:13:15.300Z</time></trkpt><trkpt lon="-1.50088" lat="52.27907"><ele>66.9</ele><time>2026-08-03T09:13:16.900Z</time></trkpt><trkpt lon="-1.50108" lat="52.27923"><ele>67.1</ele><time>2026-08-03T09:13:19.000Z</time></trkpt><trkpt lon="-1.5013" lat="52.279445"><ele>67.0</ele><time>2026-08-03T09:13:21.400Z</time></trkpt><trkpt lon="-1.50152" lat="52.27966"><ele>66.5</ele><time>2026-08-03T09:13:23.600Z</time></trkpt><trkpt lon="-1.501695" lat="52.279845"><ele>65.8</ele><time>2026-08-03T09:13:25.400Z</time></trkpt><trkpt lon="-1.50187" lat="52.28003"><ele>64.9</ele><time>2026-08-03T09:13:27.100Z</time></trkpt><trkpt lon="-1.50209" lat="52.28029"><ele>64.0</ele><time>2026-08-03T09:13:29.500Z</time></trkpt><trkpt lon="-1.50234" lat="52.28055"><ele>62.7</ele><time>2026-08-03T09:13:31.800Z</time></trkpt><trkpt lon="-1.50272" lat="52.28086"><ele>60.6</ele><time>2026-08-03T09:13:34.600Z</time></trkpt><trkpt lon="-1.50307" lat="52.28111"><ele>58.8</ele><time>2026-08-03T09:13:37.000Z</time></trkpt><trkpt lon="-1.50326" lat="52.28124"><ele>57.9</ele><time>2026-08-03T09:13:38.300Z</time></trkpt><trkpt lon="-1.50351" lat="52.28139"><ele>56.9</ele><time>2026-08-03T09:13:39.900Z</time></trkpt><trkpt lon="-1.50371" lat="52.28148"><ele>56.4</ele><time>2026-08-03T09:13:41.100Z</time></trkpt><trkpt lon="-1.50428" lat="52.28169"><ele>53.9</ele><time>2026-08-03T09:13:44.000Z</time></trkpt><trkpt lon="-1.50487" lat="52.28187"><ele>52.1</ele><time>2026-08-03T09:13:47.100Z</time></trkpt><trkpt lon="-1.50541" lat="52.282"><ele>51.3</ele><time>2026-08-03T09:13:50.200Z</time></trkpt><trkpt lon="-1.505725" lat="52.28207"><ele>51.2</ele><time>2026-08-03T09:13:52.100Z</time></trkpt><trkpt lon="-1.50604" lat="52.28214"><ele>51.1</ele><time>2026-08-03T09:13:54.100Z</time></trkpt><trkpt lon="-1.50633" lat="52.2822"><ele>51.1</ele><time>2026-08-03T09:13:55.900Z</time></trkpt><trkpt lon="-1.50691" lat="52.28232"><ele>51.3</ele><time>2026-08-03T09:13:59.700Z</time></trkpt><trkpt lon="-1.50725" lat="52.2823850121642"><ele>51.6</ele><time>2026-08-03T09:14:02.100Z</time></trkpt><trkpt lon="-1.50759" lat="52.28245"><ele>51.9</ele><time>2026-08-03T09:14:04.500Z</time></trkpt><trkpt lon="-1.5080067" lat="52.28251"><ele>51.8</ele><time>2026-08-03T09:14:07.000Z</time></trkpt><trkpt lon="-1.5084233" lat="52.28257"><ele>51.5</ele><time>2026-08-03T09:14:09.400Z</time></trkpt><trkpt lon="-1.50884" lat="52.28263"><ele>51.3</ele><time>2026-08-03T09:14:11.800Z</time></trkpt><trkpt lon="-1.50908" lat="52.28268"><ele>51.2</ele><time>2026-08-03T09:14:13.300Z</time></trkpt><trkpt lon="-1.50939" lat="52.28277"><ele>51.3</ele><time>2026-08-03T09:14:15.400Z</time></trkpt><trkpt lon="-1.5097033" lat="52.2828767"><ele>51.4</ele><time>2026-08-03T09:14:17.700Z</time></trkpt><trkpt lon="-1.5100166" lat="52.282983412186"><ele>51.7</ele><time>2026-08-03T09:14:20.000Z</time></trkpt><trkpt lon="-1.51033" lat="52.28309"><ele>52.0</ele><time>2026-08-03T09:14:22.400Z</time></trkpt><trkpt lon="-1.5106233" lat="52.28319"><ele>52.3</ele><time>2026-08-03T09:14:24.700Z</time></trkpt><trkpt lon="-1.5109166" lat="52.28329"><ele>52.4</ele><time>2026-08-03T09:14:26.800Z</time></trkpt><trkpt lon="-1.51121" lat="52.28339"><ele>52.5</ele><time>2026-08-03T09:14:28.900Z</time></trkpt><trkpt lon="-1.5115033" lat="52.28349"><ele>52.6</ele><time>2026-08-03T09:14:31.000Z</time></trkpt><trkpt lon="-1.5117966" lat="52.28359"><ele>52.6</ele><time>2026-08-03T09:14:33.000Z</time></trkpt><trkpt lon="-1.51209" lat="52.28369"><ele>52.7</ele><time>2026-08-03T09:14:35.000Z</time></trkpt><trkpt lon="-1.5124667" lat="52.2838167"><ele>52.6</ele><time>2026-08-03T09:14:37.600Z</time></trkpt><trkpt lon="-1.5128433" lat="52.2839433122088"><ele>52.5</ele><time>2026-08-03T09:14:40.100Z</time></trkpt><trkpt lon="-1.51322" lat="52.28407"><ele>52.4</ele><time>2026-08-03T09:14:42.600Z</time></trkpt><trkpt lon="-1.513605" lat="52.2842"><ele>52.2</ele><time>2026-08-03T09:14:45.100Z</time></trkpt><trkpt lon="-1.51399" lat="52.28433"><ele>52.1</ele><time>2026-08-03T09:14:47.700Z</time></trkpt><trkpt lon="-1.5143" lat="52.284415"><ele>52.2</ele><time>2026-08-03T09:14:49.800Z</time></trkpt><trkpt lon="-1.51461" lat="52.2845"><ele>52.2</ele><time>2026-08-03T09:14:51.800Z</time></trkpt><trkpt lon="-1.51488" lat="52.28456"><ele>52.3</ele><time>2026-08-03T09:14:53.600Z</time></trkpt><trkpt lon="-1.51511" lat="52.28461"><ele>52.3</ele><time>2026-08-03T09:14:55.100Z</time></trkpt><trkpt lon="-1.51547" lat="52.2846533"><ele>52.4</ele><time>2026-08-03T09:14:57.400Z</time></trkpt><trkpt lon="-1.51583" lat="52.2846967"><ele>52.5</ele><time>2026-08-03T09:14:59.600Z</time></trkpt><trkpt lon="-1.51619" lat="52.2847400122313"><ele>52.6</ele><time>2026-08-03T09:15:01.900Z</time></trkpt><trkpt lon="-1.5165467" lat="52.2847867"><ele>52.7</ele><time>2026-08-03T09:15:04.200Z</time></trkpt><trkpt lon="-1.5169033" lat="52.2848333"><ele>52.7</ele><time>2026-08-03T09:15:06.400Z</time></trkpt><trkpt lon="-1.51726" lat="52.28488"><ele>52.7</ele><time>2026-08-03T09:15:08.600Z</time></trkpt><trkpt lon="-1.51762" lat="52.2849233122425"><ele>52.8</ele><time>2026-08-03T09:15:10.800Z</time></trkpt><trkpt lon="-1.51798" lat="52.2849667"><ele>52.8</ele><time>2026-08-03T09:15:13.000Z</time></trkpt><trkpt lon="-1.51834" lat="52.28501"><ele>52.7</ele><time>2026-08-03T09:15:15.100Z</time></trkpt><trkpt lon="-1.51835" lat="52.28502"><ele>52.7</ele><time>2026-08-03T09:15:15.200Z</time></trkpt><trkpt lon="-1.51841" lat="52.2852233"><ele>52.6</ele><time>2026-08-03T09:15:17.200Z</time></trkpt><trkpt lon="-1.51847" lat="52.2854267"><ele>52.6</ele><time>2026-08-03T09:15:19.200Z</time></trkpt><trkpt lon="-1.51853" lat="52.28563"><ele>52.5</ele><time>2026-08-03T09:15:21.200Z</time></trkpt><trkpt lon="-1.5185933" lat="52.2858367"><ele>52.4</ele><time>2026-08-03T09:15:23.200Z</time></trkpt><trkpt lon="-1.5186566" lat="52.2860434"><ele>52.3</ele><time>2026-08-03T09:15:25.200Z</time></trkpt><trkpt lon="-1.51872" lat="52.28625"><ele>52.2</ele><time>2026-08-03T09:15:27.200Z</time></trkpt><trkpt lon="-1.518795" lat="52.286465"><ele>52.1</ele><time>2026-08-03T09:15:29.300Z</time></trkpt><trkpt lon="-1.51887" lat="52.28668"><ele>51.9</ele><time>2026-08-03T09:15:31.300Z</time></trkpt><trkpt lon="-1.51894" lat="52.28684"><ele>51.8</ele><time>2026-08-03T09:15:32.900Z</time></trkpt><trkpt lon="-1.51901" lat="52.28695"><ele>51.7</ele><time>2026-08-03T09:15:34.000Z</time></trkpt><trkpt lon="-1.51907" lat="52.28703"><ele>51.7</ele><time>2026-08-03T09:15:34.800Z</time></trkpt><trkpt lon="-1.51916" lat="52.28709"><ele>51.6</ele><time>2026-08-03T09:15:35.600Z</time></trkpt><trkpt lon="-1.51922" lat="52.28713"><ele>51.6</ele><time>2026-08-03T09:15:36.100Z</time></trkpt><trkpt lon="-1.51931" lat="52.28716"><ele>51.6</ele><time>2026-08-03T09:15:36.700Z</time></trkpt><trkpt lon="-1.51949" lat="52.2872"><ele>51.6</ele><time>2026-08-03T09:15:37.800Z</time></trkpt><trkpt lon="-1.5198" lat="52.28726"><ele>51.5</ele><time>2026-08-03T09:15:39.800Z</time></trkpt><trkpt lon="-1.5202" lat="52.28733"><ele>51.5</ele><time>2026-08-03T09:15:42.200Z</time></trkpt><trkpt lon="-1.520535" lat="52.28738"><ele>51.5</ele><time>2026-08-03T09:15:44.300Z</time></trkpt><trkpt lon="-1.52087" lat="52.28743"><ele>51.4</ele><time>2026-08-03T09:15:46.300Z</time></trkpt><trkpt lon="-1.5211" lat="52.28746"><ele>51.4</ele><time>2026-08-03T09:15:47.700Z</time></trkpt><trkpt lon="-1.52125" lat="52.28746"><ele>51.4</ele><time>2026-08-03T09:15:48.600Z</time></trkpt><trkpt lon="-1.52147" lat="52.28745"><ele>51.5</ele><time>2026-08-03T09:15:50.000Z</time></trkpt><trkpt lon="-1.52186" lat="52.28742"><ele>51.5</ele><time>2026-08-03T09:15:52.400Z</time></trkpt><trkpt lon="-1.5221933" lat="52.2873833"><ele>51.6</ele><time>2026-08-03T09:15:54.500Z</time></trkpt><trkpt lon="-1.5225267" lat="52.2873467"><ele>51.7</ele><time>2026-08-03T09:15:56.500Z</time></trkpt><trkpt lon="-1.52286" lat="52.28731"><ele>51.7</ele><time>2026-08-03T09:15:58.600Z</time></trkpt><trkpt lon="-1.5231933" lat="52.2872733"><ele>51.8</ele><time>2026-08-03T09:16:00.700Z</time></trkpt><trkpt lon="-1.5235267" lat="52.2872367"><ele>51.9</ele><time>2026-08-03T09:16:02.800Z</time></trkpt><trkpt lon="-1.52386" lat="52.2872"><ele>52.0</ele><time>2026-08-03T09:16:04.900Z</time></trkpt><trkpt lon="-1.524265" lat="52.28716"><ele>52.0</ele><time>2026-08-03T09:16:07.400Z</time></trkpt><trkpt lon="-1.52467" lat="52.28712"><ele>52.1</ele><time>2026-08-03T09:16:09.900Z</time></trkpt><trkpt lon="-1.52478" lat="52.2870900123104"><ele>52.1</ele><time>2026-08-03T09:16:10.600Z</time></trkpt><trkpt lon="-1.52491" lat="52.2871"><ele>52.2</ele><time>2026-08-03T09:16:11.400Z</time></trkpt><trkpt lon="-1.5252" lat="52.28741"><ele>52.1</ele><time>2026-08-03T09:16:14.900Z</time></trkpt><trkpt lon="-1.52547" lat="52.28764"><ele>52.0</ele><time>2026-08-03T09:16:17.600Z</time></trkpt><trkpt lon="-1.52546" lat="52.28763"><ele>52.0</ele><time>2026-08-03T09:16:17.700Z</time></trkpt><trkpt lon="-1.52558" lat="52.28775"><ele>52.1</ele><time>2026-08-03T09:16:19.200Z</time></trkpt><trkpt lon="-1.5257467" lat="52.2879167"><ele>52.1</ele><time>2026-08-03T09:16:21.100Z</time></trkpt><trkpt lon="-1.52608" lat="52.28825"><ele>52.2</ele><time>2026-08-03T09:16:25.000Z</time></trkpt><trkpt lon="-1.52622" lat="52.288435"><ele>52.1</ele><time>2026-08-03T09:16:26.900Z</time></trkpt><trkpt lon="-1.52636" lat="52.28862"><ele>51.9</ele><time>2026-08-03T09:16:28.800Z</time></trkpt><trkpt lon="-1.5265" lat="52.288805"><ele>52.0</ele><time>2026-08-03T09:16:30.800Z</time></trkpt><trkpt lon="-1.52664" lat="52.28899"><ele>52.0</ele><time>2026-08-03T09:16:32.900Z</time></trkpt><trkpt lon="-1.52686" lat="52.28927"><ele>52.6</ele><time>2026-08-03T09:16:36.400Z</time></trkpt><trkpt lon="-1.52708" lat="52.28957"><ele>53.7</ele><time>2026-08-03T09:16:40.600Z</time></trkpt><trkpt lon="-1.527215" lat="52.28975"><ele>54.6</ele><time>2026-08-03T09:16:43.500Z</time></trkpt><trkpt lon="-1.52735" lat="52.2899300123468"><ele>55.7</ele><time>2026-08-03T09:16:46.600Z</time></trkpt><trkpt lon="-1.5275" lat="52.29011"><ele>56.6</ele><time>2026-08-03T09:16:49.500Z</time></trkpt><trkpt lon="-1.52772" lat="52.29007"><ele>56.6</ele><time>2026-08-03T09:16:50.900Z</time></trkpt><trkpt lon="-1.52793" lat="52.28999"><ele>56.7</ele><time>2026-08-03T09:16:52.400Z</time></trkpt><trkpt lon="-1.5282567" lat="52.2898667"><ele>56.6</ele><time>2026-08-03T09:16:54.700Z</time></trkpt><trkpt lon="-1.5285833" lat="52.2897433"><ele>56.5</ele><time>2026-08-03T09:16:56.900Z</time></trkpt><trkpt lon="-1.52891" lat="52.28962"><ele>56.1</ele><time>2026-08-03T09:16:59.000Z</time></trkpt><trkpt lon="-1.5292367" lat="52.2895"><ele>55.8</ele><time>2026-08-03T09:17:01.100Z</time></trkpt><trkpt lon="-1.5295633" lat="52.28938"><ele>55.4</ele><time>2026-08-03T09:17:03.200Z</time></trkpt><trkpt lon="-1.52989" lat="52.28926"><ele>55.1</ele><time>2026-08-03T09:17:05.300Z</time></trkpt><trkpt lon="-1.5302167" lat="52.2891367"><ele>54.7</ele><time>2026-08-03T09:17:07.400Z</time></trkpt><trkpt lon="-1.5305433" lat="52.2890133"><ele>54.3</ele><time>2026-08-03T09:17:09.500Z</time></trkpt><trkpt lon="-1.53087" lat="52.2888900123762"><ele>53.9</ele><time>2026-08-03T09:17:11.500Z</time></trkpt></trkseg></trk></gpx>