<?xml version="1.0" encoding="UTF-8"?>
<gpx creator="Footpath/4.10.7/4924 iOS/26.2.1" version="1.1" schemaLocation="http://www.topografix.com/GPX/1/1 http://www.topografix.com/GPX/1/1/gpx.xsd http://www.garmin.com/xmlschemas/GpxExtensions/v3 http://www.garmin.com/xmlschemas/GpxExtensionsv3.xsd http://www.garmin.com/xmlschemas/TrackPointExtension/v1 http://www.garmin.com/xmlschemas/TrackPointExtensionv1.xsd http://www.garmin.com/xmlschemas/PowerExtension/v1 http://www.garmin.com/xmlschemas/PowerExtensionv1.xsd http://www.topografix.com/GPX/gpx_style/0/2 http://www.topografix.com/GPX/gpx_style/0/2/gpx_style.xsd" xmlns="http://www.topografix.com/GPX/1/1" xmlns:xsi="http://www.w3.org/2001/XMLSchema-instance" xsi:schemaLocation="http://www.topografix.com/GPX/1/1 http://www.topografix.com/GPX/1/1/gpx.xsd http://www.garmin.com/xmlschemas/GpxExtensions/v3 http://www.garmin.com/xmlschemas/GpxExtensionsv3.xsd http://www.garmin.com/xmlschemas/TrackPointExtension/v1 http://www.garmin.com/xmlschemas/TrackPointExtensionv1.xsd http://www.garmin.com/xmlschemas/PowerExtension/v1 http://www.garmin.com/xmlschemas/PowerExtensionv1.xsd http://www.topografix.com/GPX/gpx_style/0/2 http://www.topografix.com/GPX/gpx_style/0/2/gpx_style.xsd" xmlns:gpxtpx="http://www.garmin.com/xmlschemas/TrackPointExtension/v1" xmlns:gpxx="http://www.garmin.com/xmlschemas/GpxExtensions/v3" xmlns:gpxpx="http://www.garmin.com/xmlschemas/PowerExtension/v1" xmlns:gpx_style="http://www.topografix.com/GPX/gpx_style/0/2">
  <metadata>
    <name>LDT26_E1_Bad Orb - Schwäbisch Hall</name>
    <author>
      <name>gpx.studio</name>
      <link href="https://gpx.studio"/>
    </author>
    <link href="https://footpathapp.com">
      <text>Footpath</text>
    </link>
    <time>2026-02-25T17:37:00.000Z</time>
  </metadata>
  <trk>
    <name>LDT26_E1_Bad Orb - Schwäbisch Hall</name>
    <trkseg>
      <trkpt lat="50.224195" lon="9.348862">
        <ele>179.47135340040563</ele>
      </trkpt>
      <trkpt lat="50.22411673429326" lon="9.34830733473214">
        <ele>180.82264669574886</ele>
      </trkpt>
      <trkpt lat="50.223733599452316" lon="9.348497317112816">
        <ele>179.8335907036914</ele>
      </trkpt>
      <trkpt lat="50.223733599452316" lon="9.348497317112816">
        <ele>179.8335907036914</ele>
      </trkpt>
      <trkpt lat="50.223733599452316" lon="9.348497317112816">
        <ele>179.8335907036914</ele>
      </trkpt>
      <trkpt lat="50.22337266217906" lon="9.34836349148668">
        <ele>182.19825552150257</ele>
      </trkpt>
      <trkpt lat="50.22337266217906" lon="9.34836349148668">
        <ele>182.19825552150257</ele>
      </trkpt>
      <trkpt lat="50.22310506843911" lon="9.34850172773497">
        <ele>182.81262461720135</ele>
      </trkpt>
      <trkpt lat="50.22286374379243" lon="9.348730253862499">
        <ele>183.84262129562035</ele>
      </trkpt>
      <trkpt lat="50.22286374379243" lon="9.348730253862499">
        <ele>183.84262129562035</ele>
      </trkpt>
      <trkpt lat="50.22286374379243" lon="9.348730253862499">
        <ele>183.84262129562035</ele>
      </trkpt>
      <trkpt lat="50.2224775198551" lon="9.349090161120632">
        <ele>186.0804528278776</ele>
      </trkpt>
      <trkpt lat="50.22209129591776" lon="9.349450068378765">
        <ele>186.5034836655017</ele>
      </trkpt>
      <trkpt lat="50.221799069831945" lon="9.34972238264811">
        <ele>185.4677842052655</ele>
      </trkpt>
      <trkpt lat="50.221799069831945" lon="9.34972238264811">
        <ele>185.4677842052655</ele>
      </trkpt>
      <trkpt lat="50.22137178465432" lon="9.349503451727948">
        <ele>187.34474588005864</ele>
      </trkpt>
      <trkpt lat="50.2209444994767" lon="9.349284520807783">
        <ele>191.21731126152005</ele>
      </trkpt>
      <trkpt lat="50.22076294858036" lon="9.349191498379497">
        <ele>192.6436436684341</ele>
      </trkpt>
      <trkpt lat="50.22076294858036" lon="9.349191498379497">
        <ele>192.6436436684341</ele>
      </trkpt>
      <trkpt lat="50.22062739937297" lon="9.349129177210415">
        <ele>193.71816813228764</ele>
      </trkpt>
      <trkpt lat="50.22062739937297" lon="9.349129177210415">
        <ele>193.71816813228764</ele>
      </trkpt>
      <trkpt lat="50.22020416582434" lon="9.348891804770268">
        <ele>197.42913754780784</ele>
      </trkpt>
      <trkpt lat="50.219780932275704" lon="9.348654432330122">
        <ele>203.95060588235583</ele>
      </trkpt>
      <trkpt lat="50.21960967189057" lon="9.348558380172506">
        <ele>205.82873816881403</ele>
      </trkpt>
      <trkpt lat="50.21960967189057" lon="9.348558380172506">
        <ele>205.82873816881403</ele>
      </trkpt>
      <trkpt lat="50.21933017752852" lon="9.348646747002135">
        <ele>207.88489639724784</ele>
      </trkpt>
      <trkpt lat="50.21897422450159" lon="9.349076150418744">
        <ele>208.3856768701233</ele>
      </trkpt>
      <trkpt lat="50.218618271474675" lon="9.349505553835353">
        <ele>208.8403928486638</ele>
      </trkpt>
      <trkpt lat="50.21826231844775" lon="9.349934957251962">
        <ele>207.8142864956739</ele>
      </trkpt>
      <trkpt lat="50.21808211425639" lon="9.350152346316264">
        <ele>206.9488443635871</ele>
      </trkpt>
      <trkpt lat="50.21808211425639" lon="9.350152346316264">
        <ele>206.9488443635871</ele>
      </trkpt>
      <trkpt lat="50.218088" lon="9.350163">
        <ele>207.25</ele>
      </trkpt>
      <trkpt lat="50.217974" lon="9.350333">
        <ele>206.5</ele>
      </trkpt>
      <trkpt lat="50.217925" lon="9.350422">
        <ele>206</ele>
      </trkpt>
      <trkpt lat="50.21779" lon="9.350659">
        <ele>205</ele>
      </trkpt>
      <trkpt lat="50.217254" lon="9.351645">
        <ele>200.5</ele>
      </trkpt>
      <trkpt lat="50.217228" lon="9.351732">
        <ele>200.25</ele>
      </trkpt>
      <trkpt lat="50.217219" lon="9.35184">
        <ele>199.75</ele>
      </trkpt>
      <trkpt lat="50.217225" lon="9.351961">
        <ele>199.25</ele>
      </trkpt>
      <trkpt lat="50.21724" lon="9.352561">
        <ele>194</ele>
      </trkpt>
      <trkpt lat="50.217255" lon="9.353156">
        <ele>194</ele>
      </trkpt>
      <trkpt lat="50.217276" lon="9.354015">
        <ele>192.25</ele>
      </trkpt>
      <trkpt lat="50.217288" lon="9.354256">
        <ele>192</ele>
      </trkpt>
      <trkpt lat="50.217303" lon="9.354343">
        <ele>191.75</ele>
      </trkpt>
      <trkpt lat="50.217321" lon="9.354417">
        <ele>191.75</ele>
      </trkpt>
      <trkpt lat="50.21736" lon="9.35451">
        <ele>191.5</ele>
      </trkpt>
      <trkpt lat="50.217504" lon="9.354707">
        <ele>191.25</ele>
      </trkpt>
      <trkpt lat="50.217529" lon="9.354735">
        <ele>191.25</ele>
      </trkpt>
      <trkpt lat="50.217811" lon="9.355079">
        <ele>192.5</ele>
      </trkpt>
      <trkpt lat="50.218036" lon="9.355343">
        <ele>193.75</ele>
      </trkpt>
      <trkpt lat="50.218224" lon="9.355563">
        <ele>195</ele>
      </trkpt>
      <trkpt lat="50.218302" lon="9.355634">
        <ele>195.5</ele>
      </trkpt>
      <trkpt lat="50.21872" lon="9.356004">
        <ele>198.5</ele>
      </trkpt>
      <trkpt lat="50.218852" lon="9.356115">
        <ele>199.75</ele>
      </trkpt>
      <trkpt lat="50.219264" lon="9.356485">
        <ele>204.75</ele>
      </trkpt>
      <trkpt lat="50.21889" lon="9.356993">
        <ele>206</ele>
      </trkpt>
      <trkpt lat="50.218347" lon="9.357706">
        <ele>206.75</ele>
      </trkpt>
      <trkpt lat="50.217572" lon="9.358687">
        <ele>206</ele>
      </trkpt>
      <trkpt lat="50.217421" lon="9.358896">
        <ele>206.75</ele>
      </trkpt>
      <trkpt lat="50.217221" lon="9.35924">
        <ele>208</ele>
      </trkpt>
      <trkpt lat="50.216964" lon="9.359709">
        <ele>208.75</ele>
      </trkpt>
      <trkpt lat="50.216714" lon="9.360114">
        <ele>207.75</ele>
      </trkpt>
      <trkpt lat="50.216626" lon="9.360225">
        <ele>207.75</ele>
      </trkpt>
      <trkpt lat="50.216387" lon="9.360481">
        <ele>207.5</ele>
      </trkpt>
      <trkpt lat="50.216158" lon="9.360633">
        <ele>206.25</ele>
      </trkpt>
      <trkpt lat="50.215981" lon="9.360763">
        <ele>205.25</ele>
      </trkpt>
      <trkpt lat="50.21591" lon="9.360833">
        <ele>204.75</ele>
      </trkpt>
      <trkpt lat="50.215295" lon="9.361624">
        <ele>203</ele>
      </trkpt>
      <trkpt lat="50.21498" lon="9.362082">
        <ele>202.25</ele>
      </trkpt>
      <trkpt lat="50.214835" lon="9.362333">
        <ele>203.25</ele>
      </trkpt>
      <trkpt lat="50.214731" lon="9.36256">
        <ele>204</ele>
      </trkpt>
      <trkpt lat="50.214595" lon="9.362923">
        <ele>205.25</ele>
      </trkpt>
      <trkpt lat="50.214459" lon="9.363363">
        <ele>206.5</ele>
      </trkpt>
      <trkpt lat="50.214383" lon="9.363657">
        <ele>207.5</ele>
      </trkpt>
      <trkpt lat="50.214306" lon="9.364027">
        <ele>208.75</ele>
      </trkpt>
      <trkpt lat="50.214191" lon="9.364722">
        <ele>210.75</ele>
      </trkpt>
      <trkpt lat="50.214095" lon="9.365067">
        <ele>211.75</ele>
      </trkpt>
      <trkpt lat="50.213955" lon="9.365455">
        <ele>213</ele>
      </trkpt>
      <trkpt lat="50.21368" lon="9.366107">
        <ele>213.5</ele>
      </trkpt>
      <trkpt lat="50.213391" lon="9.366724">
        <ele>213</ele>
      </trkpt>
      <trkpt lat="50.212919" lon="9.367574">
        <ele>215.25</ele>
      </trkpt>
      <trkpt lat="50.212631" lon="9.368179">
        <ele>215.5</ele>
      </trkpt>
      <trkpt lat="50.212451" lon="9.368582">
        <ele>215.75</ele>
      </trkpt>
      <trkpt lat="50.212227" lon="9.36915">
        <ele>216.75</ele>
      </trkpt>
      <trkpt lat="50.211912" lon="9.370009">
        <ele>217.75</ele>
      </trkpt>
      <trkpt lat="50.211373" lon="9.371733">
        <ele>220</ele>
      </trkpt>
      <trkpt lat="50.211089" lon="9.372668">
        <ele>219.75</ele>
      </trkpt>
      <trkpt lat="50.211055" lon="9.372778">
        <ele>219.75</ele>
      </trkpt>
      <trkpt lat="50.210994" lon="9.37297">
        <ele>219.5</ele>
      </trkpt>
      <trkpt lat="50.210731" lon="9.373723">
        <ele>220.25</ele>
      </trkpt>
      <trkpt lat="50.210631" lon="9.373968">
        <ele>221.5</ele>
      </trkpt>
      <trkpt lat="50.210078" lon="9.375479">
        <ele>228.5</ele>
      </trkpt>
      <trkpt lat="50.209909" lon="9.375995">
        <ele>231.25</ele>
      </trkpt>
      <trkpt lat="50.209705" lon="9.37679">
        <ele>235.5</ele>
      </trkpt>
      <trkpt lat="50.209585" lon="9.377169">
        <ele>237.5</ele>
      </trkpt>
      <trkpt lat="50.209477" lon="9.37746">
        <ele>238.75</ele>
      </trkpt>
      <trkpt lat="50.209392" lon="9.377668">
        <ele>239.5</ele>
      </trkpt>
      <trkpt lat="50.209224" lon="9.378022">
        <ele>240</ele>
      </trkpt>
      <trkpt lat="50.208722" lon="9.378858">
        <ele>246.5</ele>
      </trkpt>
      <trkpt lat="50.208558" lon="9.379168">
        <ele>248.5</ele>
      </trkpt>
      <trkpt lat="50.208448" lon="9.379444">
        <ele>249.5</ele>
      </trkpt>
      <trkpt lat="50.207897" lon="9.380783">
        <ele>258</ele>
      </trkpt>
      <trkpt lat="50.207745" lon="9.381124">
        <ele>259.75</ele>
      </trkpt>
      <trkpt lat="50.207586" lon="9.381452">
        <ele>261.5</ele>
      </trkpt>
      <trkpt lat="50.207485" lon="9.381677">
        <ele>262.25</ele>
      </trkpt>
      <trkpt lat="50.207231" lon="9.38231">
        <ele>263</ele>
      </trkpt>
      <trkpt lat="50.2071" lon="9.38269">
        <ele>262.75</ele>
      </trkpt>
      <trkpt lat="50.206478" lon="9.384533">
        <ele>263.25</ele>
      </trkpt>
      <trkpt lat="50.206133" lon="9.385518">
        <ele>267.75</ele>
      </trkpt>
      <trkpt lat="50.205636" lon="9.386909">
        <ele>268</ele>
      </trkpt>
      <trkpt lat="50.205563" lon="9.387094">
        <ele>268.25</ele>
      </trkpt>
      <trkpt lat="50.205432" lon="9.387339">
        <ele>268.75</ele>
      </trkpt>
      <trkpt lat="50.205363" lon="9.387437">
        <ele>269</ele>
      </trkpt>
      <trkpt lat="50.205278" lon="9.387541">
        <ele>269.5</ele>
      </trkpt>
      <trkpt lat="50.205027" lon="9.387783">
        <ele>270.5</ele>
      </trkpt>
      <trkpt lat="50.204136" lon="9.388545">
        <ele>276</ele>
      </trkpt>
      <trkpt lat="50.203984" lon="9.388687">
        <ele>277.25</ele>
      </trkpt>
      <trkpt lat="50.20373" lon="9.389026">
        <ele>277.75</ele>
      </trkpt>
      <trkpt lat="50.202834" lon="9.390307">
        <ele>279.5</ele>
      </trkpt>
      <trkpt lat="50.202562" lon="9.390624">
        <ele>281.75</ele>
      </trkpt>
      <trkpt lat="50.197922" lon="9.395374">
        <ele>307.5</ele>
      </trkpt>
      <trkpt lat="50.196735" lon="9.396595">
        <ele>310</ele>
      </trkpt>
      <trkpt lat="50.195406" lon="9.397509">
        <ele>326</ele>
      </trkpt>
      <trkpt lat="50.193845" lon="9.398632">
        <ele>328.5</ele>
      </trkpt>
      <trkpt lat="50.192569" lon="9.399921">
        <ele>331.5</ele>
      </trkpt>
      <trkpt lat="50.19222" lon="9.400223">
        <ele>335.25</ele>
      </trkpt>
      <trkpt lat="50.19222" lon="9.400223">
        <ele>335.25</ele>
      </trkpt>
      <trkpt lat="50.192141" lon="9.400255">
        <ele>336.25</ele>
      </trkpt>
      <trkpt lat="50.192054" lon="9.400262">
        <ele>337.75</ele>
      </trkpt>
      <trkpt lat="50.191974" lon="9.40025">
        <ele>339</ele>
      </trkpt>
      <trkpt lat="50.191092" lon="9.40001">
        <ele>356</ele>
      </trkpt>
      <trkpt lat="50.18976" lon="9.39986">
        <ele>374.5</ele>
      </trkpt>
      <trkpt lat="50.189654" lon="9.39984">
        <ele>375.75</ele>
      </trkpt>
      <trkpt lat="50.18889" lon="9.399628">
        <ele>385.5</ele>
      </trkpt>
      <trkpt lat="50.187976" lon="9.39921">
        <ele>392</ele>
      </trkpt>
      <trkpt lat="50.187797" lon="9.399136">
        <ele>393</ele>
      </trkpt>
      <trkpt lat="50.187626" lon="9.399139">
        <ele>394</ele>
      </trkpt>
      <trkpt lat="50.187399" lon="9.399244">
        <ele>396.5</ele>
      </trkpt>
      <trkpt lat="50.18699" lon="9.399563">
        <ele>401.5</ele>
      </trkpt>
      <trkpt lat="50.186722" lon="9.399718">
        <ele>403.5</ele>
      </trkpt>
      <trkpt lat="50.186517" lon="9.399789">
        <ele>405.25</ele>
      </trkpt>
      <trkpt lat="50.186206" lon="9.399834">
        <ele>408.25</ele>
      </trkpt>
      <trkpt lat="50.185962" lon="9.399814">
        <ele>411</ele>
      </trkpt>
      <trkpt lat="50.185675" lon="9.399733">
        <ele>414.75</ele>
      </trkpt>
      <trkpt lat="50.185337" lon="9.39961">
        <ele>419.5</ele>
      </trkpt>
      <trkpt lat="50.184872" lon="9.399498">
        <ele>425.5</ele>
      </trkpt>
      <trkpt lat="50.184118" lon="9.3993">
        <ele>435.5</ele>
      </trkpt>
      <trkpt lat="50.183942" lon="9.399283">
        <ele>436.75</ele>
      </trkpt>
      <trkpt lat="50.183599" lon="9.399236">
        <ele>439</ele>
      </trkpt>
      <trkpt lat="50.18293" lon="9.399233">
        <ele>443.75</ele>
      </trkpt>
      <trkpt lat="50.182809" lon="9.399268">
        <ele>445</ele>
      </trkpt>
      <trkpt lat="50.182810000000025" lon="9.399269999999994">
        <ele>443.0324548723053</ele>
      </trkpt>
      <trkpt lat="50.182809" lon="9.399268">
        <ele>444.25</ele>
      </trkpt>
      <trkpt lat="50.182697" lon="9.399301">
        <ele>445</ele>
      </trkpt>
      <trkpt lat="50.182487" lon="9.399463">
        <ele>445.5</ele>
      </trkpt>
      <trkpt lat="50.182254" lon="9.399705">
        <ele>446.25</ele>
      </trkpt>
      <trkpt lat="50.182052" lon="9.399961">
        <ele>446.25</ele>
      </trkpt>
      <trkpt lat="50.181962" lon="9.400088">
        <ele>447</ele>
      </trkpt>
      <trkpt lat="50.181668" lon="9.40062">
        <ele>449.5</ele>
      </trkpt>
      <trkpt lat="50.181335" lon="9.401092">
        <ele>452.5</ele>
      </trkpt>
      <trkpt lat="50.18098" lon="9.401523">
        <ele>451.25</ele>
      </trkpt>
      <trkpt lat="50.18087" lon="9.401621">
        <ele>450.5</ele>
      </trkpt>
      <trkpt lat="50.180725" lon="9.401706">
        <ele>450.75</ele>
      </trkpt>
      <trkpt lat="50.180561" lon="9.401753">
        <ele>452</ele>
      </trkpt>
      <trkpt lat="50.180378" lon="9.40177">
        <ele>453</ele>
      </trkpt>
      <trkpt lat="50.180264" lon="9.401777">
        <ele>453.75</ele>
      </trkpt>
      <trkpt lat="50.179292" lon="9.401825">
        <ele>457.5</ele>
      </trkpt>
      <trkpt lat="50.179243" lon="9.401831">
        <ele>457.75</ele>
      </trkpt>
      <trkpt lat="50.178569" lon="9.401915">
        <ele>458.75</ele>
      </trkpt>
      <trkpt lat="50.177167" lon="9.4021">
        <ele>465</ele>
      </trkpt>
      <trkpt lat="50.175698" lon="9.402336">
        <ele>477</ele>
      </trkpt>
      <trkpt lat="50.175486" lon="9.402411">
        <ele>478</ele>
      </trkpt>
      <trkpt lat="50.174309" lon="9.402993">
        <ele>475.75</ele>
      </trkpt>
      <trkpt lat="50.174309" lon="9.402993">
        <ele>475.75</ele>
      </trkpt>
      <trkpt lat="50.174267" lon="9.40283">
        <ele>474.25</ele>
      </trkpt>
      <trkpt lat="50.173315" lon="9.398771">
        <ele>451.75</ele>
      </trkpt>
      <trkpt lat="50.173175" lon="9.398261">
        <ele>450.25</ele>
      </trkpt>
      <trkpt lat="50.173089" lon="9.398009">
        <ele>450</ele>
      </trkpt>
      <trkpt lat="50.172989" lon="9.39773">
        <ele>449.75</ele>
      </trkpt>
      <trkpt lat="50.172686" lon="9.396936">
        <ele>450.25</ele>
      </trkpt>
      <trkpt lat="50.172317" lon="9.395972">
        <ele>453.25</ele>
      </trkpt>
      <trkpt lat="50.172071" lon="9.395351">
        <ele>454.5</ele>
      </trkpt>
      <trkpt lat="50.17179" lon="9.394669">
        <ele>456.5</ele>
      </trkpt>
      <trkpt lat="50.171684" lon="9.394439">
        <ele>457.5</ele>
      </trkpt>
      <trkpt lat="50.17162" lon="9.394316">
        <ele>458</ele>
      </trkpt>
      <trkpt lat="50.171513" lon="9.394141">
        <ele>458.75</ele>
      </trkpt>
      <trkpt lat="50.171219" lon="9.3937">
        <ele>460</ele>
      </trkpt>
      <trkpt lat="50.171132" lon="9.393524">
        <ele>460.5</ele>
      </trkpt>
      <trkpt lat="50.171069" lon="9.393333">
        <ele>461.25</ele>
      </trkpt>
      <trkpt lat="50.170938" lon="9.392545">
        <ele>463.75</ele>
      </trkpt>
      <trkpt lat="50.170878" lon="9.392295">
        <ele>464.5</ele>
      </trkpt>
      <trkpt lat="50.170859" lon="9.392231">
        <ele>464.5</ele>
      </trkpt>
      <trkpt lat="50.170823" lon="9.392152">
        <ele>464.75</ele>
      </trkpt>
      <trkpt lat="50.170753" lon="9.392034">
        <ele>465.25</ele>
      </trkpt>
      <trkpt lat="50.1707" lon="9.391967">
        <ele>465.25</ele>
      </trkpt>
      <trkpt lat="50.170591" lon="9.391837">
        <ele>465.75</ele>
      </trkpt>
      <trkpt lat="50.169575" lon="9.390789">
        <ele>472</ele>
      </trkpt>
      <trkpt lat="50.169078" lon="9.390308">
        <ele>476.25</ele>
      </trkpt>
      <trkpt lat="50.1689" lon="9.390214">
        <ele>477.5</ele>
      </trkpt>
      <trkpt lat="50.168824" lon="9.39022">
        <ele>478.5</ele>
      </trkpt>
      <trkpt lat="50.168714" lon="9.390229">
        <ele>478.5</ele>
      </trkpt>
      <trkpt lat="50.168512" lon="9.390328">
        <ele>479.25</ele>
      </trkpt>
      <trkpt lat="50.168246" lon="9.390581">
        <ele>479.5</ele>
      </trkpt>
      <trkpt lat="50.167991" lon="9.390935">
        <ele>479</ele>
      </trkpt>
      <trkpt lat="50.167058" lon="9.392478">
        <ele>479.25</ele>
      </trkpt>
      <trkpt lat="50.166912" lon="9.392691">
        <ele>480.25</ele>
      </trkpt>
      <trkpt lat="50.166802" lon="9.39278">
        <ele>481</ele>
      </trkpt>
      <trkpt lat="50.166568" lon="9.392882">
        <ele>481.25</ele>
      </trkpt>
      <trkpt lat="50.165927" lon="9.393088">
        <ele>479.75</ele>
      </trkpt>
      <trkpt lat="50.163771" lon="9.393777">
        <ele>475.5</ele>
      </trkpt>
      <trkpt lat="50.163136" lon="9.393988">
        <ele>476.5</ele>
      </trkpt>
      <trkpt lat="50.162995" lon="9.394045">
        <ele>477.25</ele>
      </trkpt>
      <trkpt lat="50.162908" lon="9.394092">
        <ele>477.75</ele>
      </trkpt>
      <trkpt lat="50.162808" lon="9.394161">
        <ele>478</ele>
      </trkpt>
      <trkpt lat="50.162614" lon="9.394333">
        <ele>479</ele>
      </trkpt>
      <trkpt lat="50.16252" lon="9.394438">
        <ele>479.5</ele>
      </trkpt>
      <trkpt lat="50.162317" lon="9.394706">
        <ele>479.75</ele>
      </trkpt>
      <trkpt lat="50.162186" lon="9.394914">
        <ele>480</ele>
      </trkpt>
      <trkpt lat="50.162044" lon="9.395184">
        <ele>480.5</ele>
      </trkpt>
      <trkpt lat="50.161591" lon="9.396108">
        <ele>481.25</ele>
      </trkpt>
      <trkpt lat="50.161456" lon="9.396366">
        <ele>481.25</ele>
      </trkpt>
      <trkpt lat="50.161391" lon="9.396474">
        <ele>481</ele>
      </trkpt>
      <trkpt lat="50.161222" lon="9.396716">
        <ele>480.5</ele>
      </trkpt>
      <trkpt lat="50.160959" lon="9.397026">
        <ele>480.5</ele>
      </trkpt>
      <trkpt lat="50.160468" lon="9.397494">
        <ele>479.75</ele>
      </trkpt>
      <trkpt lat="50.159348" lon="9.39854">
        <ele>480.5</ele>
      </trkpt>
      <trkpt lat="50.159138" lon="9.398718">
        <ele>481.5</ele>
      </trkpt>
      <trkpt lat="50.158953" lon="9.398856">
        <ele>481.5</ele>
      </trkpt>
      <trkpt lat="50.158783" lon="9.39896">
        <ele>481.5</ele>
      </trkpt>
      <trkpt lat="50.15864" lon="9.399031">
        <ele>481.5</ele>
      </trkpt>
      <trkpt lat="50.157286" lon="9.39964">
        <ele>479.75</ele>
      </trkpt>
      <trkpt lat="50.157272" lon="9.399645">
        <ele>480</ele>
      </trkpt>
      <trkpt lat="50.15727000000004" lon="9.399629999999995">
        <ele>483.0051822582996</ele>
      </trkpt>
      <trkpt lat="50.157272" lon="9.399645">
        <ele>479.75</ele>
      </trkpt>
      <trkpt lat="50.156575" lon="9.399945">
        <ele>480</ele>
      </trkpt>
      <trkpt lat="50.155896" lon="9.400229">
        <ele>481</ele>
      </trkpt>
      <trkpt lat="50.155361" lon="9.400435">
        <ele>483</ele>
      </trkpt>
      <trkpt lat="50.155174" lon="9.400498">
        <ele>483.5</ele>
      </trkpt>
      <trkpt lat="50.155041" lon="9.40053">
        <ele>483.75</ele>
      </trkpt>
      <trkpt lat="50.154926" lon="9.400548">
        <ele>484.25</ele>
      </trkpt>
      <trkpt lat="50.15482" lon="9.400552">
        <ele>484.75</ele>
      </trkpt>
      <trkpt lat="50.154496" lon="9.400512">
        <ele>486.25</ele>
      </trkpt>
      <trkpt lat="50.153881" lon="9.400345">
        <ele>489.25</ele>
      </trkpt>
      <trkpt lat="50.152876" lon="9.400055">
        <ele>491.75</ele>
      </trkpt>
      <trkpt lat="50.152666" lon="9.399974">
        <ele>491.5</ele>
      </trkpt>
      <trkpt lat="50.15246" lon="9.399871">
        <ele>490.75</ele>
      </trkpt>
      <trkpt lat="50.152269" lon="9.399761">
        <ele>490.5</ele>
      </trkpt>
      <trkpt lat="50.151544" lon="9.39928">
        <ele>490.5</ele>
      </trkpt>
      <trkpt lat="50.151454" lon="9.399239">
        <ele>490.5</ele>
      </trkpt>
      <trkpt lat="50.151314" lon="9.399201">
        <ele>490.5</ele>
      </trkpt>
      <trkpt lat="50.151215" lon="9.399197">
        <ele>490.5</ele>
      </trkpt>
      <trkpt lat="50.151095" lon="9.39922">
        <ele>490.75</ele>
      </trkpt>
      <trkpt lat="50.151042" lon="9.399242">
        <ele>491</ele>
      </trkpt>
      <trkpt lat="50.150989" lon="9.399279">
        <ele>491.25</ele>
      </trkpt>
      <trkpt lat="50.150923" lon="9.39934">
        <ele>491.75</ele>
      </trkpt>
      <trkpt lat="50.150847" lon="9.399436">
        <ele>492.5</ele>
      </trkpt>
      <trkpt lat="50.150415" lon="9.400051">
        <ele>492.75</ele>
      </trkpt>
      <trkpt lat="50.150068" lon="9.400499">
        <ele>493</ele>
      </trkpt>
      <trkpt lat="50.149919" lon="9.400675">
        <ele>492.5</ele>
      </trkpt>
      <trkpt lat="50.149797" lon="9.400817">
        <ele>492</ele>
      </trkpt>
      <trkpt lat="50.149662" lon="9.400955">
        <ele>491.5</ele>
      </trkpt>
      <trkpt lat="50.149425" lon="9.401166">
        <ele>491</ele>
      </trkpt>
      <trkpt lat="50.149329" lon="9.401234">
        <ele>490.5</ele>
      </trkpt>
      <trkpt lat="50.149232" lon="9.40129">
        <ele>490</ele>
      </trkpt>
      <trkpt lat="50.149113" lon="9.401339">
        <ele>489.5</ele>
      </trkpt>
      <trkpt lat="50.148936" lon="9.401396">
        <ele>489</ele>
      </trkpt>
      <trkpt lat="50.148743" lon="9.401437">
        <ele>488.25</ele>
      </trkpt>
      <trkpt lat="50.148504" lon="9.401473">
        <ele>487</ele>
      </trkpt>
      <trkpt lat="50.148406" lon="9.401477">
        <ele>486.25</ele>
      </trkpt>
      <trkpt lat="50.148287" lon="9.401464">
        <ele>486</ele>
      </trkpt>
      <trkpt lat="50.148194" lon="9.40144">
        <ele>486.5</ele>
      </trkpt>
      <trkpt lat="50.147992" lon="9.401355">
        <ele>487.5</ele>
      </trkpt>
      <trkpt lat="50.147919" lon="9.401304">
        <ele>487.5</ele>
      </trkpt>
      <trkpt lat="50.147849" lon="9.401236">
        <ele>487.5</ele>
      </trkpt>
      <trkpt lat="50.147779" lon="9.401151">
        <ele>487.5</ele>
      </trkpt>
      <trkpt lat="50.146856" lon="9.399911">
        <ele>489</ele>
      </trkpt>
      <trkpt lat="50.146772" lon="9.399789">
        <ele>488.75</ele>
      </trkpt>
      <trkpt lat="50.146656" lon="9.399598">
        <ele>488</ele>
      </trkpt>
      <trkpt lat="50.146117" lon="9.398661">
        <ele>483.5</ele>
      </trkpt>
      <trkpt lat="50.146038" lon="9.398548">
        <ele>482.75</ele>
      </trkpt>
      <trkpt lat="50.14596" lon="9.398458">
        <ele>482.5</ele>
      </trkpt>
      <trkpt lat="50.145868" lon="9.39838">
        <ele>482.25</ele>
      </trkpt>
      <trkpt lat="50.145721" lon="9.398296">
        <ele>480.75</ele>
      </trkpt>
      <trkpt lat="50.145605" lon="9.398262">
        <ele>479.75</ele>
      </trkpt>
      <trkpt lat="50.145404" lon="9.398233">
        <ele>478.5</ele>
      </trkpt>
      <trkpt lat="50.145299" lon="9.398235">
        <ele>477.75</ele>
      </trkpt>
      <trkpt lat="50.145262" lon="9.398237">
        <ele>477.75</ele>
      </trkpt>
      <trkpt lat="50.145159" lon="9.398251">
        <ele>477.5</ele>
      </trkpt>
      <trkpt lat="50.145082" lon="9.398275">
        <ele>477.25</ele>
      </trkpt>
      <trkpt lat="50.144958" lon="9.398327">
        <ele>477.25</ele>
      </trkpt>
      <trkpt lat="50.144882" lon="9.39837">
        <ele>476.75</ele>
      </trkpt>
      <trkpt lat="50.144787" lon="9.398439">
        <ele>476.25</ele>
      </trkpt>
      <trkpt lat="50.144587" lon="9.398604">
        <ele>475.25</ele>
      </trkpt>
      <trkpt lat="50.144263" lon="9.398883">
        <ele>473.5</ele>
      </trkpt>
      <trkpt lat="50.144091" lon="9.399051">
        <ele>472</ele>
      </trkpt>
      <trkpt lat="50.144016" lon="9.399143">
        <ele>471.25</ele>
      </trkpt>
      <trkpt lat="50.143933" lon="9.399252">
        <ele>470.5</ele>
      </trkpt>
      <trkpt lat="50.143828" lon="9.399409">
        <ele>469.75</ele>
      </trkpt>
      <trkpt lat="50.143673" lon="9.399677">
        <ele>469</ele>
      </trkpt>
      <trkpt lat="50.143602" lon="9.399813">
        <ele>469</ele>
      </trkpt>
      <trkpt lat="50.143545" lon="9.399941">
        <ele>469</ele>
      </trkpt>
      <trkpt lat="50.143489" lon="9.400095">
        <ele>469.25</ele>
      </trkpt>
      <trkpt lat="50.143436" lon="9.400306">
        <ele>469.75</ele>
      </trkpt>
      <trkpt lat="50.143394" lon="9.400575">
        <ele>471.25</ele>
      </trkpt>
      <trkpt lat="50.14334" lon="9.401058">
        <ele>474</ele>
      </trkpt>
      <trkpt lat="50.143303" lon="9.401266">
        <ele>475</ele>
      </trkpt>
      <trkpt lat="50.143279" lon="9.401354">
        <ele>475.25</ele>
      </trkpt>
      <trkpt lat="50.143254" lon="9.401423">
        <ele>475.5</ele>
      </trkpt>
      <trkpt lat="50.143188" lon="9.401561">
        <ele>475.5</ele>
      </trkpt>
      <trkpt lat="50.143154" lon="9.401616">
        <ele>475.5</ele>
      </trkpt>
      <trkpt lat="50.143103" lon="9.401685">
        <ele>475.5</ele>
      </trkpt>
      <trkpt lat="50.143017" lon="9.401768">
        <ele>475.25</ele>
      </trkpt>
      <trkpt lat="50.14293" lon="9.401838">
        <ele>474.75</ele>
      </trkpt>
      <trkpt lat="50.142802" lon="9.401917">
        <ele>473.75</ele>
      </trkpt>
      <trkpt lat="50.142714" lon="9.401953">
        <ele>473</ele>
      </trkpt>
      <trkpt lat="50.142622" lon="9.401972">
        <ele>472</ele>
      </trkpt>
      <trkpt lat="50.142485" lon="9.401975">
        <ele>470.25</ele>
      </trkpt>
      <trkpt lat="50.142403" lon="9.401961">
        <ele>469.75</ele>
      </trkpt>
      <trkpt lat="50.142321" lon="9.401934">
        <ele>469.25</ele>
      </trkpt>
      <trkpt lat="50.142177" lon="9.401875">
        <ele>467.75</ele>
      </trkpt>
      <trkpt lat="50.141913" lon="9.401746">
        <ele>465</ele>
      </trkpt>
      <trkpt lat="50.141784" lon="9.401696">
        <ele>463.75</ele>
      </trkpt>
      <trkpt lat="50.141328" lon="9.401549">
        <ele>459.5</ele>
      </trkpt>
      <trkpt lat="50.141209" lon="9.401521">
        <ele>458.5</ele>
      </trkpt>
      <trkpt lat="50.141022" lon="9.401493">
        <ele>457.5</ele>
      </trkpt>
      <trkpt lat="50.140773" lon="9.401488">
        <ele>456.5</ele>
      </trkpt>
      <trkpt lat="50.140579" lon="9.401512">
        <ele>456</ele>
      </trkpt>
      <trkpt lat="50.140479" lon="9.401542">
        <ele>456</ele>
      </trkpt>
      <trkpt lat="50.14022" lon="9.401654">
        <ele>456.75</ele>
      </trkpt>
      <trkpt lat="50.14006" lon="9.401745">
        <ele>457.25</ele>
      </trkpt>
      <trkpt lat="50.139958" lon="9.401815">
        <ele>457.25</ele>
      </trkpt>
      <trkpt lat="50.139325" lon="9.40233">
        <ele>457</ele>
      </trkpt>
      <trkpt lat="50.13899" lon="9.402615">
        <ele>457</ele>
      </trkpt>
      <trkpt lat="50.138085" lon="9.403359">
        <ele>453.5</ele>
      </trkpt>
      <trkpt lat="50.137707" lon="9.403654">
        <ele>450.5</ele>
      </trkpt>
      <trkpt lat="50.1376" lon="9.403729">
        <ele>449.5</ele>
      </trkpt>
      <trkpt lat="50.137356" lon="9.403842">
        <ele>448</ele>
      </trkpt>
      <trkpt lat="50.136818" lon="9.403993">
        <ele>445.75</ele>
      </trkpt>
      <trkpt lat="50.136503" lon="9.404079">
        <ele>445</ele>
      </trkpt>
      <trkpt lat="50.136432" lon="9.404081">
        <ele>445</ele>
      </trkpt>
      <trkpt lat="50.136392" lon="9.404064">
        <ele>445.25</ele>
      </trkpt>
      <trkpt lat="50.136366" lon="9.404032">
        <ele>445.25</ele>
      </trkpt>
      <trkpt lat="50.136354" lon="9.404003">
        <ele>445.25</ele>
      </trkpt>
      <trkpt lat="50.136125" lon="9.404171">
        <ele>444.75</ele>
      </trkpt>
      <trkpt lat="50.136069" lon="9.40421">
        <ele>444.5</ele>
      </trkpt>
      <trkpt lat="50.135937" lon="9.404202">
        <ele>444.75</ele>
      </trkpt>
      <trkpt lat="50.135926" lon="9.4042">
        <ele>444.75</ele>
      </trkpt>
      <trkpt lat="50.135928" lon="9.4042">
        <ele>444.75</ele>
      </trkpt>
      <trkpt lat="50.13584" lon="9.404183">
        <ele>444.75</ele>
      </trkpt>
      <trkpt lat="50.13584" lon="9.404183">
        <ele>444.75</ele>
      </trkpt>
      <trkpt lat="50.135792" lon="9.404169">
        <ele>444.75</ele>
      </trkpt>
      <trkpt lat="50.135642" lon="9.404079">
        <ele>444.75</ele>
      </trkpt>
      <trkpt lat="50.135441" lon="9.403943">
        <ele>445.5</ele>
      </trkpt>
      <trkpt lat="50.135085" lon="9.4037">
        <ele>448</ele>
      </trkpt>
      <trkpt lat="50.134924" lon="9.403623">
        <ele>449.25</ele>
      </trkpt>
      <trkpt lat="50.134853" lon="9.403604">
        <ele>450</ele>
      </trkpt>
      <trkpt lat="50.134756" lon="9.403589">
        <ele>450.5</ele>
      </trkpt>
      <trkpt lat="50.134625" lon="9.403587">
        <ele>451</ele>
      </trkpt>
      <trkpt lat="50.134222" lon="9.403637">
        <ele>451.75</ele>
      </trkpt>
      <trkpt lat="50.133991" lon="9.403635">
        <ele>452.25</ele>
      </trkpt>
      <trkpt lat="50.133779" lon="9.403601">
        <ele>453.25</ele>
      </trkpt>
      <trkpt lat="50.133462" lon="9.403514">
        <ele>455.25</ele>
      </trkpt>
      <trkpt lat="50.133169" lon="9.403415">
        <ele>456</ele>
      </trkpt>
      <trkpt lat="50.132928" lon="9.403314">
        <ele>455.75</ele>
      </trkpt>
      <trkpt lat="50.132755" lon="9.403193">
        <ele>456</ele>
      </trkpt>
      <trkpt lat="50.13262" lon="9.403088">
        <ele>456.25</ele>
      </trkpt>
      <trkpt lat="50.132571" lon="9.403039">
        <ele>456.5</ele>
      </trkpt>
      <trkpt lat="50.132485" lon="9.402929">
        <ele>456.75</ele>
      </trkpt>
      <trkpt lat="50.132318" lon="9.402657">
        <ele>456.75</ele>
      </trkpt>
      <trkpt lat="50.132208" lon="9.402452">
        <ele>457.25</ele>
      </trkpt>
      <trkpt lat="50.13214" lon="9.402307">
        <ele>457.5</ele>
      </trkpt>
      <trkpt lat="50.13201" lon="9.401968">
        <ele>459.5</ele>
      </trkpt>
      <trkpt lat="50.131969" lon="9.401845">
        <ele>460.25</ele>
      </trkpt>
      <trkpt lat="50.131883" lon="9.401509">
        <ele>462</ele>
      </trkpt>
      <trkpt lat="50.131826" lon="9.401205">
        <ele>463.25</ele>
      </trkpt>
      <trkpt lat="50.131786" lon="9.400874">
        <ele>464.75</ele>
      </trkpt>
      <trkpt lat="50.131757" lon="9.400421">
        <ele>467</ele>
      </trkpt>
      <trkpt lat="50.131643" lon="9.398073">
        <ele>476</ele>
      </trkpt>
      <trkpt lat="50.131625" lon="9.397888">
        <ele>476.75</ele>
      </trkpt>
      <trkpt lat="50.131604" lon="9.397744">
        <ele>477</ele>
      </trkpt>
      <trkpt lat="50.131576" lon="9.397616">
        <ele>477.25</ele>
      </trkpt>
      <trkpt lat="50.131534" lon="9.397464">
        <ele>477.25</ele>
      </trkpt>
      <trkpt lat="50.131269" lon="9.396597">
        <ele>477</ele>
      </trkpt>
      <trkpt lat="50.131087" lon="9.395945">
        <ele>477</ele>
      </trkpt>
      <trkpt lat="50.130862" lon="9.395046">
        <ele>477.25</ele>
      </trkpt>
      <trkpt lat="50.130816" lon="9.394836">
        <ele>476.75</ele>
      </trkpt>
      <trkpt lat="50.130752" lon="9.394441">
        <ele>476</ele>
      </trkpt>
      <trkpt lat="50.130716" lon="9.394159">
        <ele>475.75</ele>
      </trkpt>
      <trkpt lat="50.130658" lon="9.39359">
        <ele>475.25</ele>
      </trkpt>
      <trkpt lat="50.130637" lon="9.393367">
        <ele>475.25</ele>
      </trkpt>
      <trkpt lat="50.130598" lon="9.393109">
        <ele>476.5</ele>
      </trkpt>
      <trkpt lat="50.130549" lon="9.392953">
        <ele>477.25</ele>
      </trkpt>
      <trkpt lat="50.130527" lon="9.392901">
        <ele>477.5</ele>
      </trkpt>
      <trkpt lat="50.130475" lon="9.392804">
        <ele>477.75</ele>
      </trkpt>
      <trkpt lat="50.130425" lon="9.392736">
        <ele>477.75</ele>
      </trkpt>
      <trkpt lat="50.130344" lon="9.392648">
        <ele>478</ele>
      </trkpt>
      <trkpt lat="50.130243" lon="9.392564">
        <ele>478</ele>
      </trkpt>
      <trkpt lat="50.130143" lon="9.392504">
        <ele>477.75</ele>
      </trkpt>
      <trkpt lat="50.130044" lon="9.392468">
        <ele>477.5</ele>
      </trkpt>
      <trkpt lat="50.129951" lon="9.392451">
        <ele>477.5</ele>
      </trkpt>
      <trkpt lat="50.129408" lon="9.392379">
        <ele>478</ele>
      </trkpt>
      <trkpt lat="50.12887" lon="9.392275">
        <ele>480.5</ele>
      </trkpt>
      <trkpt lat="50.128665" lon="9.39222">
        <ele>482.25</ele>
      </trkpt>
      <trkpt lat="50.128556" lon="9.392181">
        <ele>483.25</ele>
      </trkpt>
      <trkpt lat="50.128371" lon="9.392093">
        <ele>485</ele>
      </trkpt>
      <trkpt lat="50.128159" lon="9.391978">
        <ele>486.5</ele>
      </trkpt>
      <trkpt lat="50.127531" lon="9.391619">
        <ele>489.25</ele>
      </trkpt>
      <trkpt lat="50.127159" lon="9.391388">
        <ele>490</ele>
      </trkpt>
      <trkpt lat="50.126914" lon="9.391186">
        <ele>490</ele>
      </trkpt>
      <trkpt lat="50.126859" lon="9.391137">
        <ele>490</ele>
      </trkpt>
      <trkpt lat="50.126693" lon="9.390985">
        <ele>489.75</ele>
      </trkpt>
      <trkpt lat="50.126603" lon="9.390883">
        <ele>489.75</ele>
      </trkpt>
      <trkpt lat="50.12653" lon="9.390782">
        <ele>490</ele>
      </trkpt>
      <trkpt lat="50.126475" lon="9.390685">
        <ele>490</ele>
      </trkpt>
      <trkpt lat="50.126416" lon="9.390537">
        <ele>490.25</ele>
      </trkpt>
      <trkpt lat="50.126384" lon="9.390402">
        <ele>490.25</ele>
      </trkpt>
      <trkpt lat="50.126359" lon="9.390236">
        <ele>490.25</ele>
      </trkpt>
      <trkpt lat="50.126347" lon="9.390051">
        <ele>490.25</ele>
      </trkpt>
      <trkpt lat="50.126345" lon="9.389724">
        <ele>488.75</ele>
      </trkpt>
      <trkpt lat="50.126389" lon="9.389281">
        <ele>486.75</ele>
      </trkpt>
      <trkpt lat="50.126498" lon="9.388707">
        <ele>485</ele>
      </trkpt>
      <trkpt lat="50.126559" lon="9.388437">
        <ele>484.5</ele>
      </trkpt>
      <trkpt lat="50.126748" lon="9.387729">
        <ele>481.5</ele>
      </trkpt>
      <trkpt lat="50.126944" lon="9.387062">
        <ele>479</ele>
      </trkpt>
      <trkpt lat="50.127251" lon="9.386108">
        <ele>474.25</ele>
      </trkpt>
      <trkpt lat="50.127388" lon="9.385702">
        <ele>472.75</ele>
      </trkpt>
      <trkpt lat="50.1276" lon="9.385162">
        <ele>471.25</ele>
      </trkpt>
      <trkpt lat="50.127799" lon="9.384693">
        <ele>469</ele>
      </trkpt>
      <trkpt lat="50.128081" lon="9.38414">
        <ele>466.5</ele>
      </trkpt>
      <trkpt lat="50.128217" lon="9.38391">
        <ele>466</ele>
      </trkpt>
      <trkpt lat="50.128465" lon="9.383558">
        <ele>465.25</ele>
      </trkpt>
      <trkpt lat="50.128994" lon="9.382919">
        <ele>464.25</ele>
      </trkpt>
      <trkpt lat="50.12914" lon="9.382723">
        <ele>464.25</ele>
      </trkpt>
      <trkpt lat="50.129265" lon="9.382483">
        <ele>464</ele>
      </trkpt>
      <trkpt lat="50.129318" lon="9.382333">
        <ele>463.75</ele>
      </trkpt>
      <trkpt lat="50.129356" lon="9.382201">
        <ele>463.25</ele>
      </trkpt>
      <trkpt lat="50.129387" lon="9.382052">
        <ele>462.75</ele>
      </trkpt>
      <trkpt lat="50.12949" lon="9.381383">
        <ele>459.75</ele>
      </trkpt>
      <trkpt lat="50.129555" lon="9.380916">
        <ele>458</ele>
      </trkpt>
      <trkpt lat="50.129591" lon="9.380699">
        <ele>457.25</ele>
      </trkpt>
      <trkpt lat="50.129656" lon="9.380377">
        <ele>456.25</ele>
      </trkpt>
      <trkpt lat="50.129901" lon="9.379265">
        <ele>455</ele>
      </trkpt>
      <trkpt lat="50.130018" lon="9.378808">
        <ele>455.25</ele>
      </trkpt>
      <trkpt lat="50.130186" lon="9.37808">
        <ele>452.5</ele>
      </trkpt>
      <trkpt lat="50.13023" lon="9.377901">
        <ele>450.75</ele>
      </trkpt>
      <trkpt lat="50.130442" lon="9.377039">
        <ele>442.5</ele>
      </trkpt>
      <trkpt lat="50.130505" lon="9.376747">
        <ele>439.75</ele>
      </trkpt>
      <trkpt lat="50.13054" lon="9.37654">
        <ele>438.5</ele>
      </trkpt>
      <trkpt lat="50.130574" lon="9.376344">
        <ele>438</ele>
      </trkpt>
      <trkpt lat="50.130659" lon="9.375769">
        <ele>436</ele>
      </trkpt>
      <trkpt lat="50.130723" lon="9.37525">
        <ele>434.5</ele>
      </trkpt>
      <trkpt lat="50.130862" lon="9.374113">
        <ele>433.75</ele>
      </trkpt>
      <trkpt lat="50.13087" lon="9.373916">
        <ele>433.75</ele>
      </trkpt>
      <trkpt lat="50.130865" lon="9.373795">
        <ele>433.75</ele>
      </trkpt>
      <trkpt lat="50.130842" lon="9.373543">
        <ele>433.75</ele>
      </trkpt>
      <trkpt lat="50.130805" lon="9.373281">
        <ele>434</ele>
      </trkpt>
      <trkpt lat="50.130766" lon="9.373086">
        <ele>434.75</ele>
      </trkpt>
      <trkpt lat="50.130437" lon="9.371655">
        <ele>436</ele>
      </trkpt>
      <trkpt lat="50.130367" lon="9.371414">
        <ele>436.5</ele>
      </trkpt>
      <trkpt lat="50.130298" lon="9.371208">
        <ele>436.75</ele>
      </trkpt>
      <trkpt lat="50.130241" lon="9.371068">
        <ele>436.75</ele>
      </trkpt>
      <trkpt lat="50.130119" lon="9.370805">
        <ele>436.5</ele>
      </trkpt>
      <trkpt lat="50.130041" lon="9.370667">
        <ele>436</ele>
      </trkpt>
      <trkpt lat="50.129875" lon="9.370401">
        <ele>435.75</ele>
      </trkpt>
      <trkpt lat="50.129609" lon="9.370025">
        <ele>434.5</ele>
      </trkpt>
      <trkpt lat="50.12952" lon="9.369907">
        <ele>434.75</ele>
      </trkpt>
      <trkpt lat="50.129422" lon="9.369804">
        <ele>435.25</ele>
      </trkpt>
      <trkpt lat="50.129135" lon="9.369557">
        <ele>435.75</ele>
      </trkpt>
      <trkpt lat="50.128874" lon="9.36936">
        <ele>437</ele>
      </trkpt>
      <trkpt lat="50.127407" lon="9.368386">
        <ele>426</ele>
      </trkpt>
      <trkpt lat="50.12729" lon="9.368321">
        <ele>425.25</ele>
      </trkpt>
      <trkpt lat="50.127169" lon="9.368266">
        <ele>425</ele>
      </trkpt>
      <trkpt lat="50.127044" lon="9.368227">
        <ele>424.5</ele>
      </trkpt>
      <trkpt lat="50.126833" lon="9.368179">
        <ele>423.75</ele>
      </trkpt>
      <trkpt lat="50.126405" lon="9.368129">
        <ele>423.5</ele>
      </trkpt>
      <trkpt lat="50.126303" lon="9.368106">
        <ele>423.75</ele>
      </trkpt>
      <trkpt lat="50.126193" lon="9.368072">
        <ele>424</ele>
      </trkpt>
      <trkpt lat="50.126073" lon="9.367999">
        <ele>424.25</ele>
      </trkpt>
      <trkpt lat="50.125824" lon="9.367782">
        <ele>424</ele>
      </trkpt>
      <trkpt lat="50.1253" lon="9.36726">
        <ele>422.5</ele>
      </trkpt>
      <trkpt lat="50.125077" lon="9.367085">
        <ele>421</ele>
      </trkpt>
      <trkpt lat="50.124874" lon="9.366991">
        <ele>419.75</ele>
      </trkpt>
      <trkpt lat="50.124745" lon="9.366945">
        <ele>419.25</ele>
      </trkpt>
      <trkpt lat="50.12389" lon="9.366728">
        <ele>415.5</ele>
      </trkpt>
      <trkpt lat="50.123525" lon="9.366627">
        <ele>414.25</ele>
      </trkpt>
      <trkpt lat="50.123335" lon="9.366546">
        <ele>414.25</ele>
      </trkpt>
      <trkpt lat="50.123158" lon="9.366444">
        <ele>414.5</ele>
      </trkpt>
      <trkpt lat="50.122987" lon="9.366324">
        <ele>414.75</ele>
      </trkpt>
      <trkpt lat="50.122473" lon="9.365863">
        <ele>413</ele>
      </trkpt>
      <trkpt lat="50.121937" lon="9.365298">
        <ele>408.5</ele>
      </trkpt>
      <trkpt lat="50.121842" lon="9.365178">
        <ele>407.5</ele>
      </trkpt>
      <trkpt lat="50.121767" lon="9.365055">
        <ele>406.5</ele>
      </trkpt>
      <trkpt lat="50.121701" lon="9.364908">
        <ele>406.25</ele>
      </trkpt>
      <trkpt lat="50.121644" lon="9.364741">
        <ele>406.5</ele>
      </trkpt>
      <trkpt lat="50.121587" lon="9.364535">
        <ele>407</ele>
      </trkpt>
      <trkpt lat="50.121542" lon="9.36429">
        <ele>407.5</ele>
      </trkpt>
      <trkpt lat="50.121499" lon="9.363985">
        <ele>408</ele>
      </trkpt>
      <trkpt lat="50.121445" lon="9.363532">
        <ele>408.5</ele>
      </trkpt>
      <trkpt lat="50.121423" lon="9.36343">
        <ele>408.75</ele>
      </trkpt>
      <trkpt lat="50.121379" lon="9.363333">
        <ele>409</ele>
      </trkpt>
      <trkpt lat="50.121316" lon="9.363251">
        <ele>409.25</ele>
      </trkpt>
      <trkpt lat="50.12125" lon="9.363205">
        <ele>409.25</ele>
      </trkpt>
      <trkpt lat="50.121148" lon="9.36319">
        <ele>409.5</ele>
      </trkpt>
      <trkpt lat="50.120804" lon="9.363181">
        <ele>409.5</ele>
      </trkpt>
      <trkpt lat="50.120645" lon="9.363163">
        <ele>409.25</ele>
      </trkpt>
      <trkpt lat="50.120517" lon="9.363133">
        <ele>409.25</ele>
      </trkpt>
      <trkpt lat="50.12037" lon="9.363074">
        <ele>409.25</ele>
      </trkpt>
      <trkpt lat="50.118761" lon="9.362122">
        <ele>414.25</ele>
      </trkpt>
      <trkpt lat="50.118057" lon="9.361758">
        <ele>415.5</ele>
      </trkpt>
      <trkpt lat="50.117787" lon="9.361664">
        <ele>415.5</ele>
      </trkpt>
      <trkpt lat="50.117415" lon="9.361631">
        <ele>415.5</ele>
      </trkpt>
      <trkpt lat="50.117217" lon="9.361652">
        <ele>415.5</ele>
      </trkpt>
      <trkpt lat="50.116956" lon="9.361724">
        <ele>415</ele>
      </trkpt>
      <trkpt lat="50.116738" lon="9.361822">
        <ele>414.5</ele>
      </trkpt>
      <trkpt lat="50.116086" lon="9.362203">
        <ele>414.75</ele>
      </trkpt>
      <trkpt lat="50.115624" lon="9.362532">
        <ele>413.75</ele>
      </trkpt>
      <trkpt lat="50.115248" lon="9.362815">
        <ele>412</ele>
      </trkpt>
      <trkpt lat="50.115158" lon="9.362862">
        <ele>412</ele>
      </trkpt>
      <trkpt lat="50.115094" lon="9.362884">
        <ele>412</ele>
      </trkpt>
      <trkpt lat="50.114998" lon="9.362911">
        <ele>412</ele>
      </trkpt>
      <trkpt lat="50.114294" lon="9.363078">
        <ele>406.5</ele>
      </trkpt>
      <trkpt lat="50.113377" lon="9.363424">
        <ele>400.75</ele>
      </trkpt>
      <trkpt lat="50.113013" lon="9.363594">
        <ele>400.25</ele>
      </trkpt>
      <trkpt lat="50.112757" lon="9.363714">
        <ele>399.75</ele>
      </trkpt>
      <trkpt lat="50.112603" lon="9.363805">
        <ele>399.25</ele>
      </trkpt>
      <trkpt lat="50.112294" lon="9.364015">
        <ele>398</ele>
      </trkpt>
      <trkpt lat="50.112048" lon="9.364233">
        <ele>397.25</ele>
      </trkpt>
      <trkpt lat="50.112038" lon="9.364245">
        <ele>397.25</ele>
      </trkpt>
      <trkpt lat="50.111882" lon="9.364439">
        <ele>396.75</ele>
      </trkpt>
      <trkpt lat="50.111778" lon="9.364601">
        <ele>396.25</ele>
      </trkpt>
      <trkpt lat="50.111564" lon="9.364862">
        <ele>396</ele>
      </trkpt>
      <trkpt lat="50.111464" lon="9.364997">
        <ele>395.75</ele>
      </trkpt>
      <trkpt lat="50.111373" lon="9.365181">
        <ele>395.5</ele>
      </trkpt>
      <trkpt lat="50.111327" lon="9.365333">
        <ele>395.5</ele>
      </trkpt>
      <trkpt lat="50.111314" lon="9.36543">
        <ele>395.5</ele>
      </trkpt>
      <trkpt lat="50.111278" lon="9.365622">
        <ele>395.5</ele>
      </trkpt>
      <trkpt lat="50.111246" lon="9.365856">
        <ele>395.25</ele>
      </trkpt>
      <trkpt lat="50.111221" lon="9.366105">
        <ele>395.25</ele>
      </trkpt>
      <trkpt lat="50.111216" lon="9.366345">
        <ele>395.5</ele>
      </trkpt>
      <trkpt lat="50.111213" lon="9.366521">
        <ele>395.5</ele>
      </trkpt>
      <trkpt lat="50.1112" lon="9.366609">
        <ele>395.5</ele>
      </trkpt>
      <trkpt lat="50.111173" lon="9.366701">
        <ele>395.5</ele>
      </trkpt>
      <trkpt lat="50.110864" lon="9.367314">
        <ele>395</ele>
      </trkpt>
      <trkpt lat="50.11075" lon="9.367528">
        <ele>395.25</ele>
      </trkpt>
      <trkpt lat="50.110573" lon="9.367838">
        <ele>395.25</ele>
      </trkpt>
      <trkpt lat="50.110528" lon="9.367913">
        <ele>395.25</ele>
      </trkpt>
      <trkpt lat="50.110479" lon="9.367991">
        <ele>395.25</ele>
      </trkpt>
      <trkpt lat="50.109992" lon="9.368394">
        <ele>395.25</ele>
      </trkpt>
      <trkpt lat="50.109903" lon="9.368502">
        <ele>395.75</ele>
      </trkpt>
      <trkpt lat="50.109739" lon="9.368727">
        <ele>396.75</ele>
      </trkpt>
      <trkpt lat="50.109598" lon="9.368984">
        <ele>397.25</ele>
      </trkpt>
      <trkpt lat="50.109363" lon="9.369235">
        <ele>397</ele>
      </trkpt>
      <trkpt lat="50.109051" lon="9.36955">
        <ele>396</ele>
      </trkpt>
      <trkpt lat="50.108574" lon="9.370221">
        <ele>394.75</ele>
      </trkpt>
      <trkpt lat="50.108342" lon="9.370709">
        <ele>394</ele>
      </trkpt>
      <trkpt lat="50.108144" lon="9.371079">
        <ele>395.25</ele>
      </trkpt>
      <trkpt lat="50.107785" lon="9.37183">
        <ele>394.25</ele>
      </trkpt>
      <trkpt lat="50.107747" lon="9.371919">
        <ele>394.25</ele>
      </trkpt>
      <trkpt lat="50.107532" lon="9.37243">
        <ele>393.25</ele>
      </trkpt>
      <trkpt lat="50.107429" lon="9.37275">
        <ele>392.25</ele>
      </trkpt>
      <trkpt lat="50.107416" lon="9.372918">
        <ele>391.5</ele>
      </trkpt>
      <trkpt lat="50.107415" lon="9.373415">
        <ele>390.25</ele>
      </trkpt>
      <trkpt lat="50.107422" lon="9.373631">
        <ele>392</ele>
      </trkpt>
      <trkpt lat="50.107406" lon="9.37377">
        <ele>392.75</ele>
      </trkpt>
      <trkpt lat="50.107346" lon="9.373943">
        <ele>394</ele>
      </trkpt>
      <trkpt lat="50.107282" lon="9.374092">
        <ele>394.75</ele>
      </trkpt>
      <trkpt lat="50.107069" lon="9.374386">
        <ele>396.5</ele>
      </trkpt>
      <trkpt lat="50.10695" lon="9.374587">
        <ele>397.75</ele>
      </trkpt>
      <trkpt lat="50.106857" lon="9.374789">
        <ele>399</ele>
      </trkpt>
      <trkpt lat="50.106818" lon="9.374933">
        <ele>400</ele>
      </trkpt>
      <trkpt lat="50.1068" lon="9.375084">
        <ele>400.75</ele>
      </trkpt>
      <trkpt lat="50.106811" lon="9.375577">
        <ele>403.75</ele>
      </trkpt>
      <trkpt lat="50.106878" lon="9.377285">
        <ele>418.25</ele>
      </trkpt>
      <trkpt lat="50.106859" lon="9.377773">
        <ele>423.5</ele>
      </trkpt>
      <trkpt lat="50.106834" lon="9.377913">
        <ele>424.75</ele>
      </trkpt>
      <trkpt lat="50.106749" lon="9.377966">
        <ele>424.5</ele>
      </trkpt>
      <trkpt lat="50.106466" lon="9.378117">
        <ele>424.75</ele>
      </trkpt>
      <trkpt lat="50.105861" lon="9.378146">
        <ele>424</ele>
      </trkpt>
      <trkpt lat="50.105657" lon="9.378216">
        <ele>424.25</ele>
      </trkpt>
      <trkpt lat="50.105459" lon="9.378323">
        <ele>425</ele>
      </trkpt>
      <trkpt lat="50.10533" lon="9.378439">
        <ele>425.75</ele>
      </trkpt>
      <trkpt lat="50.105026" lon="9.378728">
        <ele>427.25</ele>
      </trkpt>
      <trkpt lat="50.10472" lon="9.379041">
        <ele>427.5</ele>
      </trkpt>
      <trkpt lat="50.1044" lon="9.379503">
        <ele>431</ele>
      </trkpt>
      <trkpt lat="50.103874" lon="9.380676">
        <ele>434.25</ele>
      </trkpt>
      <trkpt lat="50.103816" lon="9.380883">
        <ele>434</ele>
      </trkpt>
      <trkpt lat="50.1038" lon="9.381078">
        <ele>434.75</ele>
      </trkpt>
      <trkpt lat="50.103835" lon="9.382061">
        <ele>439.5</ele>
      </trkpt>
      <trkpt lat="50.103826" lon="9.382697">
        <ele>442.25</ele>
      </trkpt>
      <trkpt lat="50.1038" lon="9.382855">
        <ele>443</ele>
      </trkpt>
      <trkpt lat="50.10372" lon="9.383024">
        <ele>444</ele>
      </trkpt>
      <trkpt lat="50.103591" lon="9.383036">
        <ele>444</ele>
      </trkpt>
      <trkpt lat="50.103251" lon="9.382852">
        <ele>442.5</ele>
      </trkpt>
      <trkpt lat="50.102483" lon="9.382663">
        <ele>441.25</ele>
      </trkpt>
      <trkpt lat="50.101802" lon="9.382606">
        <ele>440.5</ele>
      </trkpt>
      <trkpt lat="50.101506" lon="9.382643">
        <ele>439.5</ele>
      </trkpt>
      <trkpt lat="50.101202" lon="9.382749">
        <ele>438.5</ele>
      </trkpt>
      <trkpt lat="50.100878" lon="9.382951">
        <ele>438.25</ele>
      </trkpt>
      <trkpt lat="50.100553" lon="9.383297">
        <ele>438.25</ele>
      </trkpt>
      <trkpt lat="50.100335" lon="9.383631">
        <ele>437.75</ele>
      </trkpt>
      <trkpt lat="50.100108" lon="9.38407">
        <ele>437.5</ele>
      </trkpt>
      <trkpt lat="50.099933" lon="9.384619">
        <ele>439.25</ele>
      </trkpt>
      <trkpt lat="50.099735" lon="9.38494">
        <ele>439.75</ele>
      </trkpt>
      <trkpt lat="50.098899" lon="9.386152">
        <ele>439</ele>
      </trkpt>
      <trkpt lat="50.098606" lon="9.386784">
        <ele>439.75</ele>
      </trkpt>
      <trkpt lat="50.098529" lon="9.387566">
        <ele>443.5</ele>
      </trkpt>
      <trkpt lat="50.098433" lon="9.387818">
        <ele>444</ele>
      </trkpt>
      <trkpt lat="50.09832" lon="9.387948">
        <ele>443.5</ele>
      </trkpt>
      <trkpt lat="50.098169" lon="9.387989">
        <ele>443</ele>
      </trkpt>
      <trkpt lat="50.097329" lon="9.38803">
        <ele>438.75</ele>
      </trkpt>
      <trkpt lat="50.096725" lon="9.388394">
        <ele>437.75</ele>
      </trkpt>
      <trkpt lat="50.096469" lon="9.388621">
        <ele>437</ele>
      </trkpt>
      <trkpt lat="50.096226" lon="9.388942">
        <ele>436.75</ele>
      </trkpt>
      <trkpt lat="50.095701" lon="9.390344">
        <ele>441</ele>
      </trkpt>
      <trkpt lat="50.095415" lon="9.391241">
        <ele>444.5</ele>
      </trkpt>
      <trkpt lat="50.095196" lon="9.391446">
        <ele>444.5</ele>
      </trkpt>
      <trkpt lat="50.094947" lon="9.391539">
        <ele>444</ele>
      </trkpt>
      <trkpt lat="50.094466" lon="9.391436">
        <ele>442.75</ele>
      </trkpt>
      <trkpt lat="50.093839" lon="9.391332">
        <ele>441.25</ele>
      </trkpt>
      <trkpt lat="50.093517" lon="9.391333">
        <ele>440.5</ele>
      </trkpt>
      <trkpt lat="50.093221" lon="9.391463">
        <ele>440.25</ele>
      </trkpt>
      <trkpt lat="50.093006" lon="9.391663">
        <ele>440</ele>
      </trkpt>
      <trkpt lat="50.092782" lon="9.392078">
        <ele>439.5</ele>
      </trkpt>
      <trkpt lat="50.092642" lon="9.392977">
        <ele>439.75</ele>
      </trkpt>
      <trkpt lat="50.092617" lon="9.394086">
        <ele>441.25</ele>
      </trkpt>
      <trkpt lat="50.092499" lon="9.394936">
        <ele>441.75</ele>
      </trkpt>
      <trkpt lat="50.092383" lon="9.395343">
        <ele>442.25</ele>
      </trkpt>
      <trkpt lat="50.092107" lon="9.395842">
        <ele>443</ele>
      </trkpt>
      <trkpt lat="50.091739" lon="9.396375">
        <ele>445.5</ele>
      </trkpt>
      <trkpt lat="50.091028" lon="9.396977">
        <ele>447</ele>
      </trkpt>
      <trkpt lat="50.089857" lon="9.397782">
        <ele>449.5</ele>
      </trkpt>
      <trkpt lat="50.089106" lon="9.398674">
        <ele>451</ele>
      </trkpt>
      <trkpt lat="50.088528" lon="9.399314">
        <ele>449.25</ele>
      </trkpt>
      <trkpt lat="50.088279" lon="9.3997">
        <ele>449</ele>
      </trkpt>
      <trkpt lat="50.088148" lon="9.400101">
        <ele>450</ele>
      </trkpt>
      <trkpt lat="50.088035" lon="9.400815">
        <ele>450.75</ele>
      </trkpt>
      <trkpt lat="50.087925" lon="9.401691">
        <ele>452.5</ele>
      </trkpt>
      <trkpt lat="50.087712" lon="9.402455">
        <ele>452</ele>
      </trkpt>
      <trkpt lat="50.08751" lon="9.40292">
        <ele>452</ele>
      </trkpt>
      <trkpt lat="50.087256" lon="9.403346">
        <ele>451.75</ele>
      </trkpt>
      <trkpt lat="50.087075" lon="9.403478">
        <ele>451</ele>
      </trkpt>
      <trkpt lat="50.086149" lon="9.403961">
        <ele>449.25</ele>
      </trkpt>
      <trkpt lat="50.085033" lon="9.404359">
        <ele>448.75</ele>
      </trkpt>
      <trkpt lat="50.084689" lon="9.40456">
        <ele>448.75</ele>
      </trkpt>
      <trkpt lat="50.084352" lon="9.404926">
        <ele>449.75</ele>
      </trkpt>
      <trkpt lat="50.084035" lon="9.405359">
        <ele>448.25</ele>
      </trkpt>
      <trkpt lat="50.08387" lon="9.405784">
        <ele>446.75</ele>
      </trkpt>
      <trkpt lat="50.083775" lon="9.406272">
        <ele>447</ele>
      </trkpt>
      <trkpt lat="50.083799" lon="9.406938">
        <ele>448.5</ele>
      </trkpt>
      <trkpt lat="50.083875" lon="9.407611">
        <ele>449</ele>
      </trkpt>
      <trkpt lat="50.084215" lon="9.408853">
        <ele>453.25</ele>
      </trkpt>
      <trkpt lat="50.084278" lon="9.409358">
        <ele>454</ele>
      </trkpt>
      <trkpt lat="50.084278" lon="9.409356">
        <ele>453.75</ele>
      </trkpt>
      <trkpt lat="50.084288" lon="9.409436">
        <ele>454</ele>
      </trkpt>
      <trkpt lat="50.084265" lon="9.409711">
        <ele>453.25</ele>
      </trkpt>
      <trkpt lat="50.084201" lon="9.410007">
        <ele>451.5</ele>
      </trkpt>
      <trkpt lat="50.083858" lon="9.411014">
        <ele>453</ele>
      </trkpt>
      <trkpt lat="50.083421" lon="9.412279">
        <ele>452</ele>
      </trkpt>
      <trkpt lat="50.083304" lon="9.412603">
        <ele>450.75</ele>
      </trkpt>
      <trkpt lat="50.083068" lon="9.41298">
        <ele>450.25</ele>
      </trkpt>
      <trkpt lat="50.082755" lon="9.413377">
        <ele>450.25</ele>
      </trkpt>
      <trkpt lat="50.082531" lon="9.413624">
        <ele>449.75</ele>
      </trkpt>
      <trkpt lat="50.082323" lon="9.41398">
        <ele>450.25</ele>
      </trkpt>
      <trkpt lat="50.082222" lon="9.414517">
        <ele>449</ele>
      </trkpt>
      <trkpt lat="50.082229" lon="9.415063">
        <ele>446.75</ele>
      </trkpt>
      <trkpt lat="50.082367" lon="9.415495">
        <ele>445.25</ele>
      </trkpt>
      <trkpt lat="50.082578" lon="9.415926">
        <ele>443.25</ele>
      </trkpt>
      <trkpt lat="50.082863" lon="9.41641">
        <ele>440.5</ele>
      </trkpt>
      <trkpt lat="50.083147" lon="9.41697">
        <ele>436.5</ele>
      </trkpt>
      <trkpt lat="50.08324" lon="9.41726">
        <ele>434.5</ele>
      </trkpt>
      <trkpt lat="50.083303" lon="9.417564">
        <ele>433</ele>
      </trkpt>
      <trkpt lat="50.083364" lon="9.417991">
        <ele>431.25</ele>
      </trkpt>
      <trkpt lat="50.083394" lon="9.418338">
        <ele>430</ele>
      </trkpt>
      <trkpt lat="50.083375" lon="9.418893">
        <ele>425.5</ele>
      </trkpt>
      <trkpt lat="50.0833" lon="9.419347">
        <ele>422.5</ele>
      </trkpt>
      <trkpt lat="50.083166" lon="9.419891">
        <ele>419.25</ele>
      </trkpt>
      <trkpt lat="50.082581" lon="9.421059">
        <ele>413.75</ele>
      </trkpt>
      <trkpt lat="50.081767" lon="9.422168">
        <ele>406.75</ele>
      </trkpt>
      <trkpt lat="50.080952" lon="9.422797">
        <ele>401.75</ele>
      </trkpt>
      <trkpt lat="50.079778" lon="9.423437">
        <ele>392</ele>
      </trkpt>
      <trkpt lat="50.079586" lon="9.42343">
        <ele>389.75</ele>
      </trkpt>
      <trkpt lat="50.079404" lon="9.423343">
        <ele>388.75</ele>
      </trkpt>
      <trkpt lat="50.079083" lon="9.422873">
        <ele>388</ele>
      </trkpt>
      <trkpt lat="50.07881" lon="9.42236">
        <ele>386.25</ele>
      </trkpt>
      <trkpt lat="50.078356" lon="9.421203">
        <ele>386.25</ele>
      </trkpt>
      <trkpt lat="50.078285" lon="9.421115">
        <ele>387</ele>
      </trkpt>
      <trkpt lat="50.078193" lon="9.421077">
        <ele>388</ele>
      </trkpt>
      <trkpt lat="50.078105" lon="9.421098">
        <ele>388.5</ele>
      </trkpt>
      <trkpt lat="50.077988" lon="9.421219">
        <ele>388.25</ele>
      </trkpt>
      <trkpt lat="50.077864" lon="9.421421">
        <ele>387</ele>
      </trkpt>
      <trkpt lat="50.077723" lon="9.421709">
        <ele>385.5</ele>
      </trkpt>
      <trkpt lat="50.077651" lon="9.421912">
        <ele>385.25</ele>
      </trkpt>
      <trkpt lat="50.077622" lon="9.422246">
        <ele>384.75</ele>
      </trkpt>
      <trkpt lat="50.077636" lon="9.422586">
        <ele>384</ele>
      </trkpt>
      <trkpt lat="50.077737" lon="9.423311">
        <ele>380</ele>
      </trkpt>
      <trkpt lat="50.077905" lon="9.424114">
        <ele>374.75</ele>
      </trkpt>
      <trkpt lat="50.078113" lon="9.425307">
        <ele>365.25</ele>
      </trkpt>
      <trkpt lat="50.078125" lon="9.425801">
        <ele>362.25</ele>
      </trkpt>
      <trkpt lat="50.078057" lon="9.426115">
        <ele>362.5</ele>
      </trkpt>
      <trkpt lat="50.077858" lon="9.426843">
        <ele>361.75</ele>
      </trkpt>
      <trkpt lat="50.077669" lon="9.427797">
        <ele>352.5</ele>
      </trkpt>
      <trkpt lat="50.077307" lon="9.42852">
        <ele>352.25</ele>
      </trkpt>
      <trkpt lat="50.076926" lon="9.42916">
        <ele>354.5</ele>
      </trkpt>
      <trkpt lat="50.07655" lon="9.430124">
        <ele>348</ele>
      </trkpt>
      <trkpt lat="50.076192" lon="9.430857">
        <ele>341.5</ele>
      </trkpt>
      <trkpt lat="50.075803" lon="9.431527">
        <ele>334.75</ele>
      </trkpt>
      <trkpt lat="50.075452" lon="9.431993">
        <ele>332.25</ele>
      </trkpt>
      <trkpt lat="50.075346" lon="9.431846">
        <ele>334.25</ele>
      </trkpt>
      <trkpt lat="50.074853" lon="9.431339">
        <ele>344.75</ele>
      </trkpt>
      <trkpt lat="50.074644" lon="9.431148">
        <ele>349.5</ele>
      </trkpt>
      <trkpt lat="50.074571" lon="9.431162">
        <ele>349.75</ele>
      </trkpt>
      <trkpt lat="50.074555" lon="9.431438">
        <ele>346.5</ele>
      </trkpt>
      <trkpt lat="50.074726" lon="9.431968">
        <ele>340.75</ele>
      </trkpt>
      <trkpt lat="50.074809" lon="9.432201">
        <ele>338.75</ele>
      </trkpt>
      <trkpt lat="50.074829" lon="9.432491">
        <ele>337.5</ele>
      </trkpt>
      <trkpt lat="50.074811" lon="9.432867">
        <ele>336.25</ele>
      </trkpt>
      <trkpt lat="50.074744" lon="9.433154">
        <ele>336.5</ele>
      </trkpt>
      <trkpt lat="50.074578" lon="9.433404">
        <ele>338.25</ele>
      </trkpt>
      <trkpt lat="50.074203" lon="9.433653">
        <ele>342.25</ele>
      </trkpt>
      <trkpt lat="50.073872" lon="9.43374">
        <ele>348.25</ele>
      </trkpt>
      <trkpt lat="50.073453" lon="9.433688">
        <ele>357.75</ele>
      </trkpt>
      <trkpt lat="50.073049" lon="9.433809">
        <ele>364.75</ele>
      </trkpt>
      <trkpt lat="50.072602" lon="9.434182">
        <ele>370.25</ele>
      </trkpt>
      <trkpt lat="50.072236" lon="9.434669">
        <ele>370.5</ele>
      </trkpt>
      <trkpt lat="50.071862" lon="9.435292">
        <ele>368.5</ele>
      </trkpt>
      <trkpt lat="50.071659" lon="9.435596">
        <ele>368.75</ele>
      </trkpt>
      <trkpt lat="50.071447" lon="9.435837">
        <ele>367</ele>
      </trkpt>
      <trkpt lat="50.071294" lon="9.43591">
        <ele>366.75</ele>
      </trkpt>
      <trkpt lat="50.071146" lon="9.435941">
        <ele>367</ele>
      </trkpt>
      <trkpt lat="50.070982" lon="9.435907">
        <ele>368.25</ele>
      </trkpt>
      <trkpt lat="50.070678" lon="9.435747">
        <ele>370.25</ele>
      </trkpt>
      <trkpt lat="50.070398" lon="9.435534">
        <ele>371.75</ele>
      </trkpt>
      <trkpt lat="50.069938" lon="9.435128">
        <ele>375</ele>
      </trkpt>
      <trkpt lat="50.069578" lon="9.434865">
        <ele>377.75</ele>
      </trkpt>
      <trkpt lat="50.069214" lon="9.434661">
        <ele>379.5</ele>
      </trkpt>
      <trkpt lat="50.068997" lon="9.434563">
        <ele>381.75</ele>
      </trkpt>
      <trkpt lat="50.068775" lon="9.434531">
        <ele>383.25</ele>
      </trkpt>
      <trkpt lat="50.068545" lon="9.434698">
        <ele>382.75</ele>
      </trkpt>
      <trkpt lat="50.068395" lon="9.434961">
        <ele>380.75</ele>
      </trkpt>
      <trkpt lat="50.068275" lon="9.435326">
        <ele>381.75</ele>
      </trkpt>
      <trkpt lat="50.068255" lon="9.43548">
        <ele>382</ele>
      </trkpt>
      <trkpt lat="50.068218" lon="9.43576">
        <ele>382.5</ele>
      </trkpt>
      <trkpt lat="50.068231" lon="9.437076">
        <ele>383</ele>
      </trkpt>
      <trkpt lat="50.068163" lon="9.43762">
        <ele>383.75</ele>
      </trkpt>
      <trkpt lat="50.068031" lon="9.438134">
        <ele>385.25</ele>
      </trkpt>
      <trkpt lat="50.067435" lon="9.439483">
        <ele>384.75</ele>
      </trkpt>
      <trkpt lat="50.067327" lon="9.439634">
        <ele>383.75</ele>
      </trkpt>
      <trkpt lat="50.0672" lon="9.439768">
        <ele>382.75</ele>
      </trkpt>
      <trkpt lat="50.067113" lon="9.439779">
        <ele>382.75</ele>
      </trkpt>
      <trkpt lat="50.066993" lon="9.439741">
        <ele>383.25</ele>
      </trkpt>
      <trkpt lat="50.06689" lon="9.439632">
        <ele>384</ele>
      </trkpt>
      <trkpt lat="50.066802" lon="9.439469">
        <ele>385</ele>
      </trkpt>
      <trkpt lat="50.066605" lon="9.438708">
        <ele>388.75</ele>
      </trkpt>
      <trkpt lat="50.066407" lon="9.437875">
        <ele>389.5</ele>
      </trkpt>
      <trkpt lat="50.066016" lon="9.435897">
        <ele>392.75</ele>
      </trkpt>
      <trkpt lat="50.065687" lon="9.433306">
        <ele>398.25</ele>
      </trkpt>
      <trkpt lat="50.065594" lon="9.432806">
        <ele>400.75</ele>
      </trkpt>
      <trkpt lat="50.065445" lon="9.432327">
        <ele>402.5</ele>
      </trkpt>
      <trkpt lat="50.064962" lon="9.431379">
        <ele>403.75</ele>
      </trkpt>
      <trkpt lat="50.064578" lon="9.430904">
        <ele>407.5</ele>
      </trkpt>
      <trkpt lat="50.064209" lon="9.430587">
        <ele>410.5</ele>
      </trkpt>
      <trkpt lat="50.063755" lon="9.430462">
        <ele>411.5</ele>
      </trkpt>
      <trkpt lat="50.06315" lon="9.430448">
        <ele>410.75</ele>
      </trkpt>
      <trkpt lat="50.06254" lon="9.430553">
        <ele>409</ele>
      </trkpt>
      <trkpt lat="50.062226" lon="9.430583">
        <ele>408.5</ele>
      </trkpt>
      <trkpt lat="50.061867" lon="9.430567">
        <ele>408</ele>
      </trkpt>
      <trkpt lat="50.061583" lon="9.430505">
        <ele>407.75</ele>
      </trkpt>
      <trkpt lat="50.06153" lon="9.430489">
        <ele>407.75</ele>
      </trkpt>
      <trkpt lat="50.061436" lon="9.430459">
        <ele>407.5</ele>
      </trkpt>
      <trkpt lat="50.061231" lon="9.43038">
        <ele>406.75</ele>
      </trkpt>
      <trkpt lat="50.061096" lon="9.430263">
        <ele>406.25</ele>
      </trkpt>
      <trkpt lat="50.060992" lon="9.430092">
        <ele>405.75</ele>
      </trkpt>
      <trkpt lat="50.0609" lon="9.429907">
        <ele>405</ele>
      </trkpt>
      <trkpt lat="50.060822" lon="9.429585">
        <ele>403.25</ele>
      </trkpt>
      <trkpt lat="50.060749" lon="9.427992">
        <ele>396.75</ele>
      </trkpt>
      <trkpt lat="50.060751" lon="9.426938">
        <ele>392.75</ele>
      </trkpt>
      <trkpt lat="50.06076" lon="9.426396">
        <ele>393.5</ele>
      </trkpt>
      <trkpt lat="50.060769" lon="9.426169">
        <ele>395</ele>
      </trkpt>
      <trkpt lat="50.060762" lon="9.426002">
        <ele>395.75</ele>
      </trkpt>
      <trkpt lat="50.060722" lon="9.425825">
        <ele>396.25</ele>
      </trkpt>
      <trkpt lat="50.060646" lon="9.425671">
        <ele>395.75</ele>
      </trkpt>
      <trkpt lat="50.060558" lon="9.425523">
        <ele>394.75</ele>
      </trkpt>
      <trkpt lat="50.059983" lon="9.424808">
        <ele>387.75</ele>
      </trkpt>
      <trkpt lat="50.059218" lon="9.423498">
        <ele>378</ele>
      </trkpt>
      <trkpt lat="50.058735" lon="9.422606">
        <ele>374</ele>
      </trkpt>
      <trkpt lat="50.058379" lon="9.422178">
        <ele>368.25</ele>
      </trkpt>
      <trkpt lat="50.058025" lon="9.421839">
        <ele>363.75</ele>
      </trkpt>
      <trkpt lat="50.057557" lon="9.421082">
        <ele>359.25</ele>
      </trkpt>
      <trkpt lat="50.057476" lon="9.420896">
        <ele>359</ele>
      </trkpt>
      <trkpt lat="50.057365" lon="9.420615">
        <ele>358.25</ele>
      </trkpt>
      <trkpt lat="50.057289" lon="9.420325">
        <ele>358.25</ele>
      </trkpt>
      <trkpt lat="50.057235" lon="9.420042">
        <ele>358.75</ele>
      </trkpt>
      <trkpt lat="50.05722" lon="9.419787">
        <ele>357</ele>
      </trkpt>
      <trkpt lat="50.057227" lon="9.419549">
        <ele>355.25</ele>
      </trkpt>
      <trkpt lat="50.057273" lon="9.419248">
        <ele>353.5</ele>
      </trkpt>
      <trkpt lat="50.057328" lon="9.41903">
        <ele>352.75</ele>
      </trkpt>
      <trkpt lat="50.057387" lon="9.418845">
        <ele>352.25</ele>
      </trkpt>
      <trkpt lat="50.057502" lon="9.418589">
        <ele>352</ele>
      </trkpt>
      <trkpt lat="50.057669" lon="9.418272">
        <ele>351.25</ele>
      </trkpt>
      <trkpt lat="50.05796" lon="9.417977">
        <ele>351</ele>
      </trkpt>
      <trkpt lat="50.058096" lon="9.417853">
        <ele>350.75</ele>
      </trkpt>
      <trkpt lat="50.058643" lon="9.417574">
        <ele>350.25</ele>
      </trkpt>
      <trkpt lat="50.059333" lon="9.417116">
        <ele>345</ele>
      </trkpt>
      <trkpt lat="50.060032" lon="9.416414">
        <ele>335.5</ele>
      </trkpt>
      <trkpt lat="50.060641" lon="9.415744">
        <ele>328.75</ele>
      </trkpt>
      <trkpt lat="50.061543" lon="9.414292">
        <ele>315.5</ele>
      </trkpt>
      <trkpt lat="50.061695" lon="9.414069">
        <ele>313</ele>
      </trkpt>
      <trkpt lat="50.061808" lon="9.413972">
        <ele>311.75</ele>
      </trkpt>
      <trkpt lat="50.062186" lon="9.413777">
        <ele>310.5</ele>
      </trkpt>
      <trkpt lat="50.062292" lon="9.413763">
        <ele>311</ele>
      </trkpt>
      <trkpt lat="50.062342" lon="9.413704">
        <ele>310.25</ele>
      </trkpt>
      <trkpt lat="50.062369" lon="9.413604">
        <ele>308.75</ele>
      </trkpt>
      <trkpt lat="50.062367" lon="9.413503">
        <ele>306.75</ele>
      </trkpt>
      <trkpt lat="50.062347" lon="9.413443">
        <ele>305.5</ele>
      </trkpt>
      <trkpt lat="50.062288" lon="9.413366">
        <ele>303.5</ele>
      </trkpt>
      <trkpt lat="50.062193" lon="9.413323">
        <ele>302</ele>
      </trkpt>
      <trkpt lat="50.061923" lon="9.41333">
        <ele>299.25</ele>
      </trkpt>
      <trkpt lat="50.061684" lon="9.41323">
        <ele>298.5</ele>
      </trkpt>
      <trkpt lat="50.061585" lon="9.413175">
        <ele>298</ele>
      </trkpt>
      <trkpt lat="50.061492" lon="9.413106">
        <ele>298</ele>
      </trkpt>
      <trkpt lat="50.061403" lon="9.413008">
        <ele>298.25</ele>
      </trkpt>
      <trkpt lat="50.061319" lon="9.412883">
        <ele>298.5</ele>
      </trkpt>
      <trkpt lat="50.061265" lon="9.412798">
        <ele>298.75</ele>
      </trkpt>
      <trkpt lat="50.061016" lon="9.412388">
        <ele>299.5</ele>
      </trkpt>
      <trkpt lat="50.060942" lon="9.412237">
        <ele>299.75</ele>
      </trkpt>
      <trkpt lat="50.0609" lon="9.412107">
        <ele>300.25</ele>
      </trkpt>
      <trkpt lat="50.060847" lon="9.41183">
        <ele>301.75</ele>
      </trkpt>
      <trkpt lat="50.060727" lon="9.41094">
        <ele>308.25</ele>
      </trkpt>
      <trkpt lat="50.060714" lon="9.410672">
        <ele>309.75</ele>
      </trkpt>
      <trkpt lat="50.06072" lon="9.410347">
        <ele>311</ele>
      </trkpt>
      <trkpt lat="50.060765" lon="9.409786">
        <ele>312.5</ele>
      </trkpt>
      <trkpt lat="50.06081" lon="9.409462">
        <ele>312</ele>
      </trkpt>
      <trkpt lat="50.060875" lon="9.409098">
        <ele>313.5</ele>
      </trkpt>
      <trkpt lat="50.060971" lon="9.40868">
        <ele>316.5</ele>
      </trkpt>
      <trkpt lat="50.061024" lon="9.40839">
        <ele>318</ele>
      </trkpt>
      <trkpt lat="50.061059" lon="9.407992">
        <ele>319</ele>
      </trkpt>
      <trkpt lat="50.061074" lon="9.407422">
        <ele>319</ele>
      </trkpt>
      <trkpt lat="50.061074" lon="9.40719">
        <ele>318.75</ele>
      </trkpt>
      <trkpt lat="50.061054" lon="9.406897">
        <ele>318</ele>
      </trkpt>
      <trkpt lat="50.060997" lon="9.406649">
        <ele>316.5</ele>
      </trkpt>
      <trkpt lat="50.060947" lon="9.406469">
        <ele>317</ele>
      </trkpt>
      <trkpt lat="50.060879" lon="9.406291">
        <ele>316.75</ele>
      </trkpt>
      <trkpt lat="50.060733" lon="9.405997">
        <ele>317.75</ele>
      </trkpt>
      <trkpt lat="50.060609" lon="9.405795">
        <ele>318.5</ele>
      </trkpt>
      <trkpt lat="50.060535" lon="9.405715">
        <ele>318.25</ele>
      </trkpt>
      <trkpt lat="50.06029" lon="9.405465">
        <ele>316.75</ele>
      </trkpt>
      <trkpt lat="50.06015" lon="9.405346">
        <ele>315.25</ele>
      </trkpt>
      <trkpt lat="50.06015" lon="9.405346">
        <ele>317.45</ele>
      </trkpt>
      <trkpt lat="50.060043" lon="9.405333">
        <ele>315.53</ele>
      </trkpt>
      <trkpt lat="50.059796" lon="9.405476">
        <ele>317.46</ele>
      </trkpt>
      <trkpt lat="50.059646" lon="9.404501">
        <ele>320.24</ele>
      </trkpt>
      <trkpt lat="50.059527" lon="9.403846">
        <ele>321.46</ele>
      </trkpt>
      <trkpt lat="50.059523" lon="9.40334">
        <ele>323.5</ele>
      </trkpt>
      <trkpt lat="50.059512" lon="9.403226">
        <ele>324.01</ele>
      </trkpt>
      <trkpt lat="50.059497" lon="9.403156">
        <ele>324.31</ele>
      </trkpt>
      <trkpt lat="50.059451" lon="9.403088">
        <ele>324.82</ele>
      </trkpt>
      <trkpt lat="50.059412" lon="9.403071">
        <ele>325.15</ele>
      </trkpt>
      <trkpt lat="50.059384" lon="9.403083">
        <ele>325.3</ele>
      </trkpt>
      <trkpt lat="50.059316" lon="9.403138">
        <ele>325.54</ele>
      </trkpt>
      <trkpt lat="50.059274" lon="9.403154">
        <ele>325.75</ele>
      </trkpt>
      <trkpt lat="50.059191" lon="9.403129">
        <ele>326.41</ele>
      </trkpt>
      <trkpt lat="50.059127" lon="9.403054">
        <ele>327.46</ele>
      </trkpt>
      <trkpt lat="50.059106" lon="9.402991">
        <ele>327.99</ele>
      </trkpt>
      <trkpt lat="50.059096" lon="9.402928">
        <ele>328.39</ele>
      </trkpt>
      <trkpt lat="50.059093" lon="9.40293">
        <ele>328.41</ele>
      </trkpt>
      <trkpt lat="50.059093" lon="9.40293">
        <ele>328.41</ele>
      </trkpt>
      <trkpt lat="50.059096" lon="9.402928">
        <ele>328.39</ele>
      </trkpt>
      <trkpt lat="50.059094" lon="9.402879">
        <ele>328.62</ele>
      </trkpt>
      <trkpt lat="50.059112" lon="9.402796">
        <ele>328.8</ele>
      </trkpt>
      <trkpt lat="50.059163" lon="9.402736">
        <ele>328.53</ele>
      </trkpt>
      <trkpt lat="50.059217" lon="9.402671">
        <ele>328.33</ele>
      </trkpt>
      <trkpt lat="50.059714" lon="9.401897">
        <ele>330.28</ele>
      </trkpt>
      <trkpt lat="50.060065" lon="9.401332">
        <ele>332.4</ele>
      </trkpt>
      <trkpt lat="50.060521" lon="9.400621">
        <ele>333.58</ele>
      </trkpt>
      <trkpt lat="50.060621" lon="9.40044">
        <ele>333.29</ele>
      </trkpt>
      <trkpt lat="50.060683" lon="9.400307">
        <ele>333.05</ele>
      </trkpt>
      <trkpt lat="50.060729" lon="9.400084">
        <ele>333.36</ele>
      </trkpt>
      <trkpt lat="50.060785" lon="9.399726">
        <ele>333.82</ele>
      </trkpt>
      <trkpt lat="50.061033" lon="9.398727">
        <ele>336.85</ele>
      </trkpt>
      <trkpt lat="50.061163" lon="9.398271">
        <ele>338.3</ele>
      </trkpt>
      <trkpt lat="50.061264" lon="9.397534">
        <ele>339.34</ele>
      </trkpt>
      <trkpt lat="50.061414" lon="9.397059">
        <ele>340.93</ele>
      </trkpt>
      <trkpt lat="50.06166" lon="9.395965">
        <ele>343.58</ele>
      </trkpt>
      <trkpt lat="50.061881" lon="9.395314">
        <ele>348.01</ele>
      </trkpt>
      <trkpt lat="50.062163" lon="9.394726">
        <ele>350.28</ele>
      </trkpt>
      <trkpt lat="50.06269" lon="9.394233">
        <ele>348.95</ele>
      </trkpt>
      <trkpt lat="50.062814" lon="9.394086">
        <ele>349.16</ele>
      </trkpt>
      <trkpt lat="50.062921" lon="9.393907">
        <ele>350.73</ele>
      </trkpt>
      <trkpt lat="50.063201" lon="9.393336">
        <ele>354.16</ele>
      </trkpt>
      <trkpt lat="50.063455" lon="9.392726">
        <ele>356.65</ele>
      </trkpt>
      <trkpt lat="50.063531" lon="9.392496">
        <ele>357.75</ele>
      </trkpt>
      <trkpt lat="50.063781" lon="9.391371">
        <ele>363.13</ele>
      </trkpt>
      <trkpt lat="50.063973" lon="9.390731">
        <ele>364.49</ele>
      </trkpt>
      <trkpt lat="50.064189" lon="9.39008">
        <ele>363.43</ele>
      </trkpt>
      <trkpt lat="50.064894" lon="9.388414">
        <ele>374.35</ele>
      </trkpt>
      <trkpt lat="50.064904" lon="9.38814">
        <ele>376.25</ele>
      </trkpt>
      <trkpt lat="50.064827" lon="9.387876">
        <ele>376.84</ele>
      </trkpt>
      <trkpt lat="50.063173" lon="9.384289">
        <ele>390.04</ele>
      </trkpt>
      <trkpt lat="50.063026" lon="9.384002">
        <ele>391.58</ele>
      </trkpt>
      <trkpt lat="50.062908" lon="9.383713">
        <ele>392.84</ele>
      </trkpt>
      <trkpt lat="50.062783" lon="9.383303">
        <ele>394.6</ele>
      </trkpt>
      <trkpt lat="50.062735" lon="9.382638">
        <ele>397.84</ele>
      </trkpt>
      <trkpt lat="50.062728" lon="9.381991">
        <ele>400.64</ele>
      </trkpt>
      <trkpt lat="50.062831" lon="9.380086">
        <ele>408.42</ele>
      </trkpt>
      <trkpt lat="50.063051" lon="9.376862">
        <ele>414.51</ele>
      </trkpt>
      <trkpt lat="50.063098" lon="9.376335">
        <ele>414.3</ele>
      </trkpt>
      <trkpt lat="50.063194" lon="9.375815">
        <ele>414.07</ele>
      </trkpt>
      <trkpt lat="50.063447" lon="9.374654">
        <ele>416.96</ele>
      </trkpt>
      <trkpt lat="50.064101" lon="9.372689">
        <ele>423.38</ele>
      </trkpt>
      <trkpt lat="50.064916" lon="9.371633">
        <ele>436.84</ele>
      </trkpt>
      <trkpt lat="50.06581" lon="9.370595">
        <ele>444.61</ele>
      </trkpt>
      <trkpt lat="50.067797" lon="9.368585">
        <ele>464.54</ele>
      </trkpt>
      <trkpt lat="50.068247" lon="9.368003">
        <ele>468.96</ele>
      </trkpt>
      <trkpt lat="50.06836" lon="9.367729">
        <ele>469.73</ele>
      </trkpt>
      <trkpt lat="50.068436" lon="9.367488">
        <ele>470.67</ele>
      </trkpt>
      <trkpt lat="50.068493" lon="9.367079">
        <ele>473.45</ele>
      </trkpt>
      <trkpt lat="50.06849" lon="9.366946">
        <ele>474.35</ele>
      </trkpt>
      <trkpt lat="50.068458" lon="9.366792">
        <ele>475.19</ele>
      </trkpt>
      <trkpt lat="50.068338" lon="9.366391">
        <ele>477.22</ele>
      </trkpt>
      <trkpt lat="50.068256" lon="9.365959">
        <ele>480.18</ele>
      </trkpt>
      <trkpt lat="50.068237" lon="9.365684">
        <ele>481.85</ele>
      </trkpt>
      <trkpt lat="50.068258" lon="9.365335">
        <ele>482.73</ele>
      </trkpt>
      <trkpt lat="50.068686" lon="9.362531">
        <ele>485.54</ele>
      </trkpt>
      <trkpt lat="50.068864" lon="9.361319">
        <ele>481.38</ele>
      </trkpt>
      <trkpt lat="50.068887" lon="9.361229">
        <ele>481.11</ele>
      </trkpt>
      <trkpt lat="50.068986" lon="9.36065">
        <ele>479.26</ele>
      </trkpt>
      <trkpt lat="50.069357" lon="9.359003">
        <ele>474.34</ele>
      </trkpt>
      <trkpt lat="50.069607" lon="9.358251">
        <ele>472.96</ele>
      </trkpt>
      <trkpt lat="50.069877" lon="9.357719">
        <ele>471.65</ele>
      </trkpt>
      <trkpt lat="50.071128" lon="9.355373">
        <ele>464.81</ele>
      </trkpt>
      <trkpt lat="50.072555" lon="9.352788">
        <ele>460.08</ele>
      </trkpt>
      <trkpt lat="50.072875" lon="9.35217">
        <ele>460.95</ele>
      </trkpt>
      <trkpt lat="50.072966" lon="9.35193">
        <ele>461.44</ele>
      </trkpt>
      <trkpt lat="50.073046" lon="9.351679">
        <ele>462.07</ele>
      </trkpt>
      <trkpt lat="50.073168" lon="9.351183">
        <ele>463.55</ele>
      </trkpt>
      <trkpt lat="50.073216" lon="9.350861">
        <ele>464.5</ele>
      </trkpt>
      <trkpt lat="50.073225" lon="9.350627">
        <ele>464.82</ele>
      </trkpt>
      <trkpt lat="50.073216" lon="9.350311">
        <ele>464.68</ele>
      </trkpt>
      <trkpt lat="50.073147" lon="9.349822">
        <ele>463.83</ele>
      </trkpt>
      <trkpt lat="50.07302" lon="9.349351">
        <ele>462.23</ele>
      </trkpt>
      <trkpt lat="50.072839" lon="9.348572">
        <ele>458.53</ele>
      </trkpt>
      <trkpt lat="50.072748" lon="9.348134">
        <ele>456.38</ele>
      </trkpt>
      <trkpt lat="50.072742" lon="9.347877">
        <ele>455.83</ele>
      </trkpt>
      <trkpt lat="50.072759" lon="9.347388">
        <ele>455.06</ele>
      </trkpt>
      <trkpt lat="50.072816" lon="9.346696">
        <ele>451.69</ele>
      </trkpt>
      <trkpt lat="50.072902" lon="9.346041">
        <ele>449.26</ele>
      </trkpt>
      <trkpt lat="50.072985" lon="9.345486">
        <ele>448.13</ele>
      </trkpt>
      <trkpt lat="50.072986" lon="9.345385">
        <ele>447.97</ele>
      </trkpt>
      <trkpt lat="50.072973" lon="9.34529">
        <ele>447.67</ele>
      </trkpt>
      <trkpt lat="50.072927" lon="9.345185">
        <ele>447.01</ele>
      </trkpt>
      <trkpt lat="50.072867" lon="9.345111">
        <ele>446.25</ele>
      </trkpt>
      <trkpt lat="50.072136" lon="9.344496">
        <ele>437.65</ele>
      </trkpt>
      <trkpt lat="50.071913" lon="9.344358">
        <ele>435.43</ele>
      </trkpt>
      <trkpt lat="50.071737" lon="9.344232">
        <ele>433.71</ele>
      </trkpt>
      <trkpt lat="50.071605" lon="9.344211">
        <ele>433.08</ele>
      </trkpt>
      <trkpt lat="50.071237" lon="9.344217">
        <ele>432.56</ele>
      </trkpt>
      <trkpt lat="50.071192" lon="9.344123">
        <ele>432.45</ele>
      </trkpt>
      <trkpt lat="50.071097" lon="9.344246">
        <ele>432.37</ele>
      </trkpt>
      <trkpt lat="50.071038" lon="9.344303">
        <ele>432.3</ele>
      </trkpt>
      <trkpt lat="50.070876" lon="9.34441">
        <ele>432.05</ele>
      </trkpt>
      <trkpt lat="50.070737" lon="9.344484">
        <ele>432.13</ele>
      </trkpt>
      <trkpt lat="50.070634" lon="9.344516">
        <ele>432.25</ele>
      </trkpt>
      <trkpt lat="50.070265" lon="9.344593">
        <ele>432.7</ele>
      </trkpt>
      <trkpt lat="50.070167" lon="9.344597">
        <ele>432.81</ele>
      </trkpt>
      <trkpt lat="50.070045" lon="9.344584">
        <ele>432.96</ele>
      </trkpt>
      <trkpt lat="50.069854" lon="9.344515">
        <ele>432.09</ele>
      </trkpt>
      <trkpt lat="50.069686" lon="9.344389">
        <ele>430.89</ele>
      </trkpt>
      <trkpt lat="50.069334" lon="9.343997">
        <ele>427.86</ele>
      </trkpt>
      <trkpt lat="50.069079" lon="9.343653">
        <ele>429.52</ele>
      </trkpt>
      <trkpt lat="50.0687" lon="9.343057">
        <ele>433.08</ele>
      </trkpt>
      <trkpt lat="50.068562" lon="9.342875">
        <ele>433.78</ele>
      </trkpt>
      <trkpt lat="50.068456" lon="9.342767">
        <ele>433.97</ele>
      </trkpt>
      <trkpt lat="50.068343" lon="9.342687">
        <ele>433.86</ele>
      </trkpt>
      <trkpt lat="50.068205" lon="9.342663">
        <ele>433.82</ele>
      </trkpt>
      <trkpt lat="50.068078" lon="9.342698">
        <ele>433.35</ele>
      </trkpt>
      <trkpt lat="50.067322" lon="9.34314">
        <ele>427.27</ele>
      </trkpt>
      <trkpt lat="50.067163" lon="9.343194">
        <ele>425.7</ele>
      </trkpt>
      <trkpt lat="50.066921" lon="9.343211">
        <ele>423.82</ele>
      </trkpt>
      <trkpt lat="50.066757" lon="9.343162">
        <ele>422.89</ele>
      </trkpt>
      <trkpt lat="50.066528" lon="9.343031">
        <ele>421.72</ele>
      </trkpt>
      <trkpt lat="50.065948" lon="9.342637">
        <ele>417.72</ele>
      </trkpt>
      <trkpt lat="50.065763" lon="9.342561">
        <ele>416.23</ele>
      </trkpt>
      <trkpt lat="50.065559" lon="9.342511">
        <ele>414.85</ele>
      </trkpt>
      <trkpt lat="50.065325" lon="9.342521">
        <ele>413.2</ele>
      </trkpt>
      <trkpt lat="50.065073" lon="9.342614">
        <ele>411.43</ele>
      </trkpt>
      <trkpt lat="50.064697" lon="9.34283">
        <ele>407.25</ele>
      </trkpt>
      <trkpt lat="50.064434" lon="9.342996">
        <ele>404.4</ele>
      </trkpt>
      <trkpt lat="50.064216" lon="9.343079">
        <ele>402.09</ele>
      </trkpt>
      <trkpt lat="50.06401" lon="9.34312">
        <ele>402.81</ele>
      </trkpt>
      <trkpt lat="50.063856" lon="9.343113">
        <ele>403.74</ele>
      </trkpt>
      <trkpt lat="50.063749" lon="9.343089">
        <ele>404.26</ele>
      </trkpt>
      <trkpt lat="50.063588" lon="9.343027">
        <ele>404.77</ele>
      </trkpt>
      <trkpt lat="50.063457" lon="9.342948">
        <ele>404.81</ele>
      </trkpt>
      <trkpt lat="50.06231" lon="9.342039">
        <ele>406.97</ele>
      </trkpt>
      <trkpt lat="50.061906" lon="9.341826">
        <ele>411.25</ele>
      </trkpt>
      <trkpt lat="50.061681" lon="9.341766">
        <ele>412.73</ele>
      </trkpt>
      <trkpt lat="50.061256" lon="9.341708">
        <ele>413.56</ele>
      </trkpt>
      <trkpt lat="50.06094" lon="9.341723">
        <ele>413.23</ele>
      </trkpt>
      <trkpt lat="50.060602" lon="9.341788">
        <ele>411.3</ele>
      </trkpt>
      <trkpt lat="50.060167" lon="9.341938">
        <ele>406.87</ele>
      </trkpt>
      <trkpt lat="50.059871" lon="9.342099">
        <ele>404.4</ele>
      </trkpt>
      <trkpt lat="50.059654" lon="9.342258">
        <ele>403.25</ele>
      </trkpt>
      <trkpt lat="50.059395" lon="9.342506">
        <ele>402.82</ele>
      </trkpt>
      <trkpt lat="50.058649" lon="9.34333">
        <ele>404.46</ele>
      </trkpt>
      <trkpt lat="50.057821" lon="9.344333">
        <ele>394.39</ele>
      </trkpt>
      <trkpt lat="50.057326" lon="9.345046">
        <ele>384.74</ele>
      </trkpt>
      <trkpt lat="50.057136" lon="9.345385">
        <ele>378.75</ele>
      </trkpt>
      <trkpt lat="50.057061" lon="9.345575">
        <ele>375.03</ele>
      </trkpt>
      <trkpt lat="50.057005" lon="9.345856">
        <ele>372.07</ele>
      </trkpt>
      <trkpt lat="50.056977" lon="9.346048">
        <ele>371.98</ele>
      </trkpt>
      <trkpt lat="50.056943" lon="9.34618">
        <ele>371.75</ele>
      </trkpt>
      <trkpt lat="50.056842" lon="9.346364">
        <ele>370.84</ele>
      </trkpt>
      <trkpt lat="50.056711" lon="9.346488">
        <ele>369.44</ele>
      </trkpt>
      <trkpt lat="50.056316" lon="9.346772">
        <ele>370.03</ele>
      </trkpt>
      <trkpt lat="50.056035" lon="9.346876">
        <ele>370.52</ele>
      </trkpt>
      <trkpt lat="50.055868" lon="9.346871">
        <ele>371.04</ele>
      </trkpt>
      <trkpt lat="50.055629" lon="9.34683">
        <ele>371.43</ele>
      </trkpt>
      <trkpt lat="50.055395" lon="9.346742">
        <ele>371.29</ele>
      </trkpt>
      <trkpt lat="50.055093" lon="9.346538">
        <ele>369.24</ele>
      </trkpt>
      <trkpt lat="50.054745" lon="9.346166">
        <ele>364.69</ele>
      </trkpt>
      <trkpt lat="50.054548" lon="9.345989">
        <ele>361.42</ele>
      </trkpt>
      <trkpt lat="50.0544" lon="9.345879">
        <ele>358.72</ele>
      </trkpt>
      <trkpt lat="50.054208" lon="9.345794">
        <ele>355.75</ele>
      </trkpt>
      <trkpt lat="50.054045" lon="9.345747">
        <ele>355.11</ele>
      </trkpt>
      <trkpt lat="50.053847" lon="9.345735">
        <ele>355.78</ele>
      </trkpt>
      <trkpt lat="50.053667" lon="9.345747">
        <ele>356.89</ele>
      </trkpt>
      <trkpt lat="50.053173" lon="9.345887">
        <ele>361.22</ele>
      </trkpt>
      <trkpt lat="50.052817" lon="9.346008">
        <ele>363.28</ele>
      </trkpt>
      <trkpt lat="50.052478" lon="9.346166">
        <ele>364.83</ele>
      </trkpt>
      <trkpt lat="50.052247" lon="9.346323">
        <ele>366.37</ele>
      </trkpt>
      <trkpt lat="50.052067" lon="9.34647">
        <ele>366.82</ele>
      </trkpt>
      <trkpt lat="50.050959" lon="9.347438">
        <ele>355.95</ele>
      </trkpt>
      <trkpt lat="50.049882" lon="9.34834">
        <ele>356.92</ele>
      </trkpt>
      <trkpt lat="50.049615" lon="9.34854">
        <ele>355.66</ele>
      </trkpt>
      <trkpt lat="50.049446" lon="9.348613">
        <ele>354.22</ele>
      </trkpt>
      <trkpt lat="50.049247" lon="9.348663">
        <ele>352.23</ele>
      </trkpt>
      <trkpt lat="50.049068" lon="9.348672">
        <ele>351.95</ele>
      </trkpt>
      <trkpt lat="50.04892" lon="9.348665">
        <ele>352.6</ele>
      </trkpt>
      <trkpt lat="50.048754" lon="9.348636">
        <ele>353.25</ele>
      </trkpt>
      <trkpt lat="50.048546" lon="9.348548">
        <ele>353.66</ele>
      </trkpt>
      <trkpt lat="50.047594" lon="9.348191">
        <ele>347.92</ele>
      </trkpt>
      <trkpt lat="50.047293" lon="9.348067">
        <ele>345.49</ele>
      </trkpt>
      <trkpt lat="50.047116" lon="9.347977">
        <ele>343.99</ele>
      </trkpt>
      <trkpt lat="50.04701" lon="9.347903">
        <ele>342.75</ele>
      </trkpt>
      <trkpt lat="50.046825" lon="9.347749">
        <ele>340.12</ele>
      </trkpt>
      <trkpt lat="50.046583" lon="9.34753">
        <ele>337.05</ele>
      </trkpt>
      <trkpt lat="50.04643" lon="9.347374">
        <ele>335.82</ele>
      </trkpt>
      <trkpt lat="50.04618" lon="9.347215">
        <ele>338.03</ele>
      </trkpt>
      <trkpt lat="50.045932" lon="9.347088">
        <ele>339.83</ele>
      </trkpt>
      <trkpt lat="50.045628" lon="9.346981">
        <ele>340.76</ele>
      </trkpt>
      <trkpt lat="50.044946" lon="9.346781">
        <ele>340.68</ele>
      </trkpt>
      <trkpt lat="50.044668" lon="9.346598">
        <ele>342.49</ele>
      </trkpt>
      <trkpt lat="50.044548" lon="9.346483">
        <ele>342.73</ele>
      </trkpt>
      <trkpt lat="50.044352" lon="9.346222">
        <ele>341.86</ele>
      </trkpt>
      <trkpt lat="50.044218" lon="9.346002">
        <ele>340.32</ele>
      </trkpt>
      <trkpt lat="50.044109" lon="9.345763">
        <ele>339.38</ele>
      </trkpt>
      <trkpt lat="50.044006" lon="9.345462">
        <ele>340.2</ele>
      </trkpt>
      <trkpt lat="50.043641" lon="9.344169">
        <ele>338.29</ele>
      </trkpt>
      <trkpt lat="50.043556" lon="9.343914">
        <ele>337.8</ele>
      </trkpt>
      <trkpt lat="50.043375" lon="9.343437">
        <ele>335.25</ele>
      </trkpt>
      <trkpt lat="50.043144" lon="9.342937">
        <ele>334.32</ele>
      </trkpt>
      <trkpt lat="50.042898" lon="9.342438">
        <ele>334.02</ele>
      </trkpt>
      <trkpt lat="50.042152" lon="9.340997">
        <ele>334.32</ele>
      </trkpt>
      <trkpt lat="50.041956" lon="9.340644">
        <ele>331.2</ele>
      </trkpt>
      <trkpt lat="50.041826" lon="9.340477">
        <ele>331.06</ele>
      </trkpt>
      <trkpt lat="50.041679" lon="9.340337">
        <ele>330.11</ele>
      </trkpt>
      <trkpt lat="50.041522" lon="9.340235">
        <ele>330.69</ele>
      </trkpt>
      <trkpt lat="50.041035" lon="9.340035">
        <ele>331.31</ele>
      </trkpt>
      <trkpt lat="50.040682" lon="9.339819">
        <ele>331.2</ele>
      </trkpt>
      <trkpt lat="50.040352" lon="9.339603">
        <ele>331.64</ele>
      </trkpt>
      <trkpt lat="50.040042" lon="9.339322">
        <ele>328.78</ele>
      </trkpt>
      <trkpt lat="50.039693" lon="9.338873">
        <ele>328.21</ele>
      </trkpt>
      <trkpt lat="50.038601" lon="9.33757">
        <ele>318.06</ele>
      </trkpt>
      <trkpt lat="50.038436" lon="9.337392">
        <ele>314.72</ele>
      </trkpt>
      <trkpt lat="50.037712" lon="9.336722">
        <ele>333.9</ele>
      </trkpt>
      <trkpt lat="50.037514" lon="9.336515">
        <ele>340.57</ele>
      </trkpt>
      <trkpt lat="50.03638" lon="9.338589">
        <ele>336.72</ele>
      </trkpt>
      <trkpt lat="50.035344" lon="9.340139">
        <ele>334.16</ele>
      </trkpt>
      <trkpt lat="50.03495" lon="9.340817">
        <ele>330.29</ele>
      </trkpt>
      <trkpt lat="50.034616" lon="9.341511">
        <ele>331.28</ele>
      </trkpt>
      <trkpt lat="50.034422" lon="9.341974">
        <ele>331.93</ele>
      </trkpt>
      <trkpt lat="50.033885" lon="9.343821">
        <ele>322.44</ele>
      </trkpt>
      <trkpt lat="50.033756" lon="9.344159">
        <ele>321.93</ele>
      </trkpt>
      <trkpt lat="50.033628" lon="9.344404">
        <ele>323.06</ele>
      </trkpt>
      <trkpt lat="50.033489" lon="9.34463">
        <ele>323.04</ele>
      </trkpt>
      <trkpt lat="50.033379" lon="9.344758">
        <ele>322.66</ele>
      </trkpt>
      <trkpt lat="50.033223" lon="9.34488">
        <ele>322.57</ele>
      </trkpt>
      <trkpt lat="50.032514" lon="9.345191">
        <ele>324.44</ele>
      </trkpt>
      <trkpt lat="50.031766" lon="9.345543">
        <ele>325.59</ele>
      </trkpt>
      <trkpt lat="50.031013" lon="9.346126">
        <ele>324.81</ele>
      </trkpt>
      <trkpt lat="50.030813" lon="9.346297">
        <ele>324.2</ele>
      </trkpt>
      <trkpt lat="50.030453" lon="9.346732">
        <ele>324.08</ele>
      </trkpt>
      <trkpt lat="50.029923" lon="9.347462">
        <ele>327.01</ele>
      </trkpt>
      <trkpt lat="50.029126" lon="9.348782">
        <ele>321.84</ele>
      </trkpt>
      <trkpt lat="50.02895" lon="9.349122">
        <ele>318.98</ele>
      </trkpt>
      <trkpt lat="50.028758" lon="9.349626">
        <ele>318.14</ele>
      </trkpt>
      <trkpt lat="50.028403" lon="9.350856">
        <ele>321.34</ele>
      </trkpt>
      <trkpt lat="50.028342" lon="9.351231">
        <ele>321.2</ele>
      </trkpt>
      <trkpt lat="50.02828" lon="9.351418">
        <ele>322.15</ele>
      </trkpt>
      <trkpt lat="50.028221" lon="9.351445">
        <ele>324.15</ele>
      </trkpt>
      <trkpt lat="50.028426" lon="9.349784">
        <ele>326.78</ele>
      </trkpt>
      <trkpt lat="50.028419" lon="9.349493">
        <ele>328.71</ele>
      </trkpt>
      <trkpt lat="50.028366" lon="9.349227">
        <ele>331.52</ele>
      </trkpt>
      <trkpt lat="50.028112" lon="9.348597">
        <ele>343.44</ele>
      </trkpt>
      <trkpt lat="50.028" lon="9.348084">
        <ele>350.3</ele>
      </trkpt>
      <trkpt lat="50.027962" lon="9.347443">
        <ele>356.02</ele>
      </trkpt>
      <trkpt lat="50.02792" lon="9.347175">
        <ele>360.52</ele>
      </trkpt>
      <trkpt lat="50.027876" lon="9.347077">
        <ele>362.39</ele>
      </trkpt>
      <trkpt lat="50.027798" lon="9.347018">
        <ele>363.52</ele>
      </trkpt>
      <trkpt lat="50.027731" lon="9.347017">
        <ele>363.59</ele>
      </trkpt>
      <trkpt lat="50.027673" lon="9.34706">
        <ele>362.85</ele>
      </trkpt>
      <trkpt lat="50.027614" lon="9.347224">
        <ele>359.9</ele>
      </trkpt>
      <trkpt lat="50.027606" lon="9.34742">
        <ele>356.77</ele>
      </trkpt>
      <trkpt lat="50.027692" lon="9.34818">
        <ele>352.97</ele>
      </trkpt>
      <trkpt lat="50.027782" lon="9.349244">
        <ele>345.52</ele>
      </trkpt>
      <trkpt lat="50.02779" lon="9.349504">
        <ele>345.12</ele>
      </trkpt>
      <trkpt lat="50.027751" lon="9.349746">
        <ele>346</ele>
      </trkpt>
      <trkpt lat="50.027658" lon="9.3501">
        <ele>348.59</ele>
      </trkpt>
      <trkpt lat="50.027528" lon="9.350436">
        <ele>352.88</ele>
      </trkpt>
      <trkpt lat="50.027323" lon="9.350827">
        <ele>359.05</ele>
      </trkpt>
      <trkpt lat="50.027214" lon="9.351105">
        <ele>361.36</ele>
      </trkpt>
      <trkpt lat="50.026986" lon="9.352004">
        <ele>366.3</ele>
      </trkpt>
      <trkpt lat="50.026632" lon="9.353595">
        <ele>372.21</ele>
      </trkpt>
      <trkpt lat="50.02647" lon="9.354132">
        <ele>373.87</ele>
      </trkpt>
      <trkpt lat="50.026366" lon="9.35444">
        <ele>374.78</ele>
      </trkpt>
      <trkpt lat="50.026245" lon="9.354731">
        <ele>376.23</ele>
      </trkpt>
      <trkpt lat="50.025592" lon="9.355943">
        <ele>383.63</ele>
      </trkpt>
      <trkpt lat="50.025438" lon="9.356205">
        <ele>385.15</ele>
      </trkpt>
      <trkpt lat="50.025195" lon="9.35657">
        <ele>388.33</ele>
      </trkpt>
      <trkpt lat="50.025039" lon="9.356783">
        <ele>390.55</ele>
      </trkpt>
      <trkpt lat="50.024912" lon="9.356894">
        <ele>391.95</ele>
      </trkpt>
      <trkpt lat="50.024488" lon="9.357182">
        <ele>395.65</ele>
      </trkpt>
      <trkpt lat="50.023914" lon="9.357545">
        <ele>399.25</ele>
      </trkpt>
      <trkpt lat="50.023818" lon="9.357583">
        <ele>399.95</ele>
      </trkpt>
      <trkpt lat="50.023703" lon="9.357599">
        <ele>401.14</ele>
      </trkpt>
      <trkpt lat="50.02337" lon="9.357597">
        <ele>405.17</ele>
      </trkpt>
      <trkpt lat="50.02285" lon="9.357547">
        <ele>403.14</ele>
      </trkpt>
      <trkpt lat="50.022276" lon="9.357432">
        <ele>399.72</ele>
      </trkpt>
      <trkpt lat="50.022083" lon="9.357339">
        <ele>398.41</ele>
      </trkpt>
      <trkpt lat="50.021929" lon="9.357322">
        <ele>397.33</ele>
      </trkpt>
      <trkpt lat="50.021734" lon="9.357331">
        <ele>396.05</ele>
      </trkpt>
      <trkpt lat="50.021486" lon="9.35738">
        <ele>395.01</ele>
      </trkpt>
      <trkpt lat="50.02061" lon="9.357693">
        <ele>393.4</ele>
      </trkpt>
      <trkpt lat="50.020458" lon="9.35781">
        <ele>393.14</ele>
      </trkpt>
      <trkpt lat="50.020288" lon="9.357973">
        <ele>392.97</ele>
      </trkpt>
      <trkpt lat="50.020129" lon="9.358156">
        <ele>392.88</ele>
      </trkpt>
      <trkpt lat="50.020022" lon="9.35837">
        <ele>393.44</ele>
      </trkpt>
      <trkpt lat="50.019955" lon="9.358604">
        <ele>393.51</ele>
      </trkpt>
      <trkpt lat="50.019912" lon="9.358815">
        <ele>393.82</ele>
      </trkpt>
      <trkpt lat="50.019781" lon="9.359575">
        <ele>393.72</ele>
      </trkpt>
      <trkpt lat="50.019713" lon="9.36005">
        <ele>393.81</ele>
      </trkpt>
      <trkpt lat="50.019683" lon="9.360639">
        <ele>396.27</ele>
      </trkpt>
      <trkpt lat="50.019672" lon="9.361311">
        <ele>398.7</ele>
      </trkpt>
      <trkpt lat="50.019691" lon="9.361868">
        <ele>401.51</ele>
      </trkpt>
      <trkpt lat="50.01968" lon="9.362294">
        <ele>403.19</ele>
      </trkpt>
      <trkpt lat="50.019644" lon="9.362641">
        <ele>404.58</ele>
      </trkpt>
      <trkpt lat="50.019601" lon="9.362878">
        <ele>405.3</ele>
      </trkpt>
      <trkpt lat="50.019546" lon="9.363092">
        <ele>405.6</ele>
      </trkpt>
      <trkpt lat="50.01948" lon="9.36327">
        <ele>405.43</ele>
      </trkpt>
      <trkpt lat="50.01932" lon="9.363606">
        <ele>404.59</ele>
      </trkpt>
      <trkpt lat="50.019158" lon="9.36381">
        <ele>402.62</ele>
      </trkpt>
      <trkpt lat="50.01892" lon="9.364064">
        <ele>400.26</ele>
      </trkpt>
      <trkpt lat="50.018779" lon="9.36419">
        <ele>399.64</ele>
      </trkpt>
      <trkpt lat="50.018431" lon="9.364412">
        <ele>397.7</ele>
      </trkpt>
      <trkpt lat="50.017481" lon="9.364941">
        <ele>399.97</ele>
      </trkpt>
      <trkpt lat="50.017084" lon="9.365027">
        <ele>401.2</ele>
      </trkpt>
      <trkpt lat="50.016423" lon="9.365043">
        <ele>398.74</ele>
      </trkpt>
      <trkpt lat="50.016165" lon="9.365212">
        <ele>399.63</ele>
      </trkpt>
      <trkpt lat="50.015901" lon="9.365482">
        <ele>402.19</ele>
      </trkpt>
      <trkpt lat="50.015541" lon="9.366218">
        <ele>405.15</ele>
      </trkpt>
      <trkpt lat="50.015024" lon="9.367343">
        <ele>406.9</ele>
      </trkpt>
      <trkpt lat="50.014813" lon="9.367734">
        <ele>408.56</ele>
      </trkpt>
      <trkpt lat="50.014569" lon="9.368018">
        <ele>408.91</ele>
      </trkpt>
      <trkpt lat="50.014291" lon="9.368194">
        <ele>407.39</ele>
      </trkpt>
      <trkpt lat="50.014001" lon="9.368301">
        <ele>408.15</ele>
      </trkpt>
      <trkpt lat="50.013484" lon="9.368235">
        <ele>408.6</ele>
      </trkpt>
      <trkpt lat="50.012739" lon="9.367977">
        <ele>406.62</ele>
      </trkpt>
      <trkpt lat="50.012476" lon="9.36795">
        <ele>406.88</ele>
      </trkpt>
      <trkpt lat="50.011983" lon="9.36809">
        <ele>407.12</ele>
      </trkpt>
      <trkpt lat="50.011613" lon="9.368396">
        <ele>410.61</ele>
      </trkpt>
      <trkpt lat="50.011037" lon="9.368943">
        <ele>416.32</ele>
      </trkpt>
      <trkpt lat="50.010448" lon="9.369549">
        <ele>421.13</ele>
      </trkpt>
      <trkpt lat="50.009932" lon="9.369957">
        <ele>422.88</ele>
      </trkpt>
      <trkpt lat="50.009714" lon="9.370036">
        <ele>425.21</ele>
      </trkpt>
      <trkpt lat="50.00902" lon="9.370103">
        <ele>432.37</ele>
      </trkpt>
      <trkpt lat="50.008397" lon="9.370123">
        <ele>440.12</ele>
      </trkpt>
      <trkpt lat="50.008049" lon="9.370019">
        <ele>441.15</ele>
      </trkpt>
      <trkpt lat="50.006889" lon="9.369123">
        <ele>445.73</ele>
      </trkpt>
      <trkpt lat="50.006151" lon="9.368613">
        <ele>442.35</ele>
      </trkpt>
      <trkpt lat="50.005687" lon="9.368475">
        <ele>440.89</ele>
      </trkpt>
      <trkpt lat="50.004949" lon="9.368441">
        <ele>440.77</ele>
      </trkpt>
      <trkpt lat="50.004743" lon="9.368412">
        <ele>440.59</ele>
      </trkpt>
      <trkpt lat="50.004019" lon="9.368214">
        <ele>439.42</ele>
      </trkpt>
      <trkpt lat="50.002573" lon="9.367264">
        <ele>439.32</ele>
      </trkpt>
      <trkpt lat="50.001989" lon="9.367087">
        <ele>437.59</ele>
      </trkpt>
      <trkpt lat="50.00167" lon="9.367086">
        <ele>437.81</ele>
      </trkpt>
      <trkpt lat="50.000586" lon="9.367472">
        <ele>446.06</ele>
      </trkpt>
      <trkpt lat="49.999411" lon="9.367663">
        <ele>439.2</ele>
      </trkpt>
      <trkpt lat="49.999287" lon="9.367755">
        <ele>437.09</ele>
      </trkpt>
      <trkpt lat="49.999184" lon="9.367923">
        <ele>435.3</ele>
      </trkpt>
      <trkpt lat="49.998929" lon="9.368495">
        <ele>429.23</ele>
      </trkpt>
      <trkpt lat="49.998673" lon="9.369357">
        <ele>424.74</ele>
      </trkpt>
      <trkpt lat="49.998406" lon="9.37132">
        <ele>427.78</ele>
      </trkpt>
      <trkpt lat="49.998304" lon="9.371896">
        <ele>428.19</ele>
      </trkpt>
      <trkpt lat="49.998109" lon="9.372432">
        <ele>426.08</ele>
      </trkpt>
      <trkpt lat="49.997463" lon="9.373901">
        <ele>418.34</ele>
      </trkpt>
      <trkpt lat="49.997073" lon="9.375138">
        <ele>419.32</ele>
      </trkpt>
      <trkpt lat="49.996203" lon="9.376199">
        <ele>422.13</ele>
      </trkpt>
      <trkpt lat="49.996043" lon="9.376426">
        <ele>423.8</ele>
      </trkpt>
      <trkpt lat="49.995882" lon="9.376577">
        <ele>425.06</ele>
      </trkpt>
      <trkpt lat="49.995829" lon="9.376576">
        <ele>425.18</ele>
      </trkpt>
      <trkpt lat="49.995726" lon="9.376538">
        <ele>426.49</ele>
      </trkpt>
      <trkpt lat="49.99557" lon="9.376423">
        <ele>428.14</ele>
      </trkpt>
      <trkpt lat="49.995565" lon="9.376419">
        <ele>428.2</ele>
      </trkpt>
      <trkpt lat="49.99521" lon="9.376993">
        <ele>438.32</ele>
      </trkpt>
      <trkpt lat="49.994293" lon="9.378371">
        <ele>451.91</ele>
      </trkpt>
      <trkpt lat="49.993871" lon="9.37898">
        <ele>454.77</ele>
      </trkpt>
      <trkpt lat="49.993423" lon="9.379669">
        <ele>459.43</ele>
      </trkpt>
      <trkpt lat="49.993252" lon="9.379999">
        <ele>461.06</ele>
      </trkpt>
      <trkpt lat="49.993124" lon="9.380284">
        <ele>460.95</ele>
      </trkpt>
      <trkpt lat="49.993031" lon="9.380522">
        <ele>461.01</ele>
      </trkpt>
      <trkpt lat="49.99295" lon="9.380761">
        <ele>461.1</ele>
      </trkpt>
      <trkpt lat="49.992877" lon="9.38102">
        <ele>460.81</ele>
      </trkpt>
      <trkpt lat="49.992815" lon="9.3813">
        <ele>460.45</ele>
      </trkpt>
      <trkpt lat="49.992721" lon="9.381888">
        <ele>460.37</ele>
      </trkpt>
      <trkpt lat="49.99267" lon="9.382496">
        <ele>461.16</ele>
      </trkpt>
      <trkpt lat="49.992664" lon="9.38282">
        <ele>462.04</ele>
      </trkpt>
      <trkpt lat="49.992677" lon="9.383124">
        <ele>462.46</ele>
      </trkpt>
      <trkpt lat="49.992705" lon="9.383478">
        <ele>462.42</ele>
      </trkpt>
      <trkpt lat="49.992895" lon="9.385359">
        <ele>461.54</ele>
      </trkpt>
      <trkpt lat="49.992919" lon="9.385688">
        <ele>461.83</ele>
      </trkpt>
      <trkpt lat="49.992927" lon="9.385988">
        <ele>461.49</ele>
      </trkpt>
      <trkpt lat="49.992924" lon="9.386248">
        <ele>461.23</ele>
      </trkpt>
      <trkpt lat="49.9929" lon="9.386495">
        <ele>461.35</ele>
      </trkpt>
      <trkpt lat="49.992858" lon="9.386728">
        <ele>460.92</ele>
      </trkpt>
      <trkpt lat="49.9928" lon="9.386983">
        <ele>460.39</ele>
      </trkpt>
      <trkpt lat="49.992719" lon="9.387249">
        <ele>460.37</ele>
      </trkpt>
      <trkpt lat="49.992627" lon="9.387468">
        <ele>460.58</ele>
      </trkpt>
      <trkpt lat="49.992531" lon="9.387662">
        <ele>460.21</ele>
      </trkpt>
      <trkpt lat="49.99243" lon="9.387826">
        <ele>459.16</ele>
      </trkpt>
      <trkpt lat="49.992296" lon="9.387997">
        <ele>457.82</ele>
      </trkpt>
      <trkpt lat="49.992157" lon="9.38815">
        <ele>456.91</ele>
      </trkpt>
      <trkpt lat="49.992032" lon="9.388263">
        <ele>456.37</ele>
      </trkpt>
      <trkpt lat="49.991902" lon="9.388357">
        <ele>455.82</ele>
      </trkpt>
      <trkpt lat="49.99156" lon="9.388523">
        <ele>454.93</ele>
      </trkpt>
      <trkpt lat="49.989241" lon="9.389378">
        <ele>450.21</ele>
      </trkpt>
      <trkpt lat="49.988861" lon="9.389582">
        <ele>450.45</ele>
      </trkpt>
      <trkpt lat="49.98853" lon="9.389805">
        <ele>452.04</ele>
      </trkpt>
      <trkpt lat="49.988328" lon="9.389961">
        <ele>453.28</ele>
      </trkpt>
      <trkpt lat="49.987965" lon="9.39028">
        <ele>453.68</ele>
      </trkpt>
      <trkpt lat="49.987283" lon="9.390961">
        <ele>456.46</ele>
      </trkpt>
      <trkpt lat="49.987283" lon="9.390961">
        <ele>456.47</ele>
      </trkpt>
      <trkpt lat="49.986119" lon="9.392125">
        <ele>461.22</ele>
      </trkpt>
      <trkpt lat="49.985999" lon="9.392265">
        <ele>461.29</ele>
      </trkpt>
      <trkpt lat="49.98588" lon="9.392425">
        <ele>461.37</ele>
      </trkpt>
      <trkpt lat="49.98578" lon="9.392592">
        <ele>461.2</ele>
      </trkpt>
      <trkpt lat="49.985697" lon="9.392753">
        <ele>460.84</ele>
      </trkpt>
      <trkpt lat="49.985605" lon="9.392957">
        <ele>460.28</ele>
      </trkpt>
      <trkpt lat="49.985488" lon="9.393311">
        <ele>459.18</ele>
      </trkpt>
      <trkpt lat="49.985431" lon="9.393544">
        <ele>458.61</ele>
      </trkpt>
      <trkpt lat="49.985395" lon="9.39374">
        <ele>457.94</ele>
      </trkpt>
      <trkpt lat="49.985348" lon="9.394206">
        <ele>455.71</ele>
      </trkpt>
      <trkpt lat="49.98534" lon="9.394462">
        <ele>454.13</ele>
      </trkpt>
      <trkpt lat="49.985355" lon="9.394885">
        <ele>451.51</ele>
      </trkpt>
      <trkpt lat="49.985417" lon="9.395314">
        <ele>449.51</ele>
      </trkpt>
      <trkpt lat="49.985662" lon="9.396481">
        <ele>447.25</ele>
      </trkpt>
      <trkpt lat="49.985757" lon="9.396854">
        <ele>446.99</ele>
      </trkpt>
      <trkpt lat="49.985861" lon="9.397219">
        <ele>446.48</ele>
      </trkpt>
      <trkpt lat="49.985969" lon="9.397546">
        <ele>447</ele>
      </trkpt>
      <trkpt lat="49.986081" lon="9.397849">
        <ele>448.59</ele>
      </trkpt>
      <trkpt lat="49.986207" lon="9.398151">
        <ele>450.1</ele>
      </trkpt>
      <trkpt lat="49.986518" lon="9.398766">
        <ele>452.74</ele>
      </trkpt>
      <trkpt lat="49.98702" lon="9.39973">
        <ele>455.88</ele>
      </trkpt>
      <trkpt lat="49.98712" lon="9.399952">
        <ele>456.57</ele>
      </trkpt>
      <trkpt lat="49.987208" lon="9.400177">
        <ele>456.91</ele>
      </trkpt>
      <trkpt lat="49.987287" lon="9.400461">
        <ele>457.27</ele>
      </trkpt>
      <trkpt lat="49.987351" lon="9.40073">
        <ele>457.52</ele>
      </trkpt>
      <trkpt lat="49.987395" lon="9.401033">
        <ele>458.09</ele>
      </trkpt>
      <trkpt lat="49.987406" lon="9.401291">
        <ele>458.67</ele>
      </trkpt>
      <trkpt lat="49.987392" lon="9.401634">
        <ele>459.52</ele>
      </trkpt>
      <trkpt lat="49.987368" lon="9.401929">
        <ele>460.2</ele>
      </trkpt>
      <trkpt lat="49.987327" lon="9.402192">
        <ele>460.81</ele>
      </trkpt>
      <trkpt lat="49.98726" lon="9.402459">
        <ele>460.99</ele>
      </trkpt>
      <trkpt lat="49.987182" lon="9.402701">
        <ele>459.99</ele>
      </trkpt>
      <trkpt lat="49.987062" lon="9.402981">
        <ele>459.13</ele>
      </trkpt>
      <trkpt lat="49.986942" lon="9.403222">
        <ele>458.71</ele>
      </trkpt>
      <trkpt lat="49.985366" lon="9.405951">
        <ele>457.39</ele>
      </trkpt>
      <trkpt lat="49.985126" lon="9.406346">
        <ele>457.46</ele>
      </trkpt>
      <trkpt lat="49.985126" lon="9.406346">
        <ele>457.46</ele>
      </trkpt>
      <trkpt lat="49.984774" lon="9.406926">
        <ele>457.57</ele>
      </trkpt>
      <trkpt lat="49.984389" lon="9.407514">
        <ele>457.2</ele>
      </trkpt>
      <trkpt lat="49.984105" lon="9.407926">
        <ele>455.87</ele>
      </trkpt>
      <trkpt lat="49.98355" lon="9.408672">
        <ele>453.93</ele>
      </trkpt>
      <trkpt lat="49.983149" lon="9.409141">
        <ele>451.67</ele>
      </trkpt>
      <trkpt lat="49.983011" lon="9.409273">
        <ele>449.98</ele>
      </trkpt>
      <trkpt lat="49.982894" lon="9.409369">
        <ele>448.73</ele>
      </trkpt>
      <trkpt lat="49.982775" lon="9.409449">
        <ele>447.65</ele>
      </trkpt>
      <trkpt lat="49.982644" lon="9.409517">
        <ele>446.66</ele>
      </trkpt>
      <trkpt lat="49.982499" lon="9.40957">
        <ele>445.79</ele>
      </trkpt>
      <trkpt lat="49.982338" lon="9.409602">
        <ele>444.92</ele>
      </trkpt>
      <trkpt lat="49.98214" lon="9.409622">
        <ele>443.93</ele>
      </trkpt>
      <trkpt lat="49.981911" lon="9.409592">
        <ele>443.48</ele>
      </trkpt>
      <trkpt lat="49.980869" lon="9.409299">
        <ele>444.82</ele>
      </trkpt>
      <trkpt lat="49.980597" lon="9.409234">
        <ele>443.65</ele>
      </trkpt>
      <trkpt lat="49.980471" lon="9.409225">
        <ele>442.7</ele>
      </trkpt>
      <trkpt lat="49.980252" lon="9.409242">
        <ele>440.67</ele>
      </trkpt>
      <trkpt lat="49.980128" lon="9.40927">
        <ele>439.38</ele>
      </trkpt>
      <trkpt lat="49.979917" lon="9.409348">
        <ele>437.43</ele>
      </trkpt>
      <trkpt lat="49.979812" lon="9.409403">
        <ele>436.7</ele>
      </trkpt>
      <trkpt lat="49.979648" lon="9.409512">
        <ele>435.46</ele>
      </trkpt>
      <trkpt lat="49.979524" lon="9.409614">
        <ele>434.46</ele>
      </trkpt>
      <trkpt lat="49.979413" lon="9.409724">
        <ele>433.49</ele>
      </trkpt>
      <trkpt lat="49.979297" lon="9.409857">
        <ele>432.44</ele>
      </trkpt>
      <trkpt lat="49.979195" lon="9.409995">
        <ele>432.11</ele>
      </trkpt>
      <trkpt lat="49.979101" lon="9.41014">
        <ele>432.14</ele>
      </trkpt>
      <trkpt lat="49.978861" lon="9.410277">
        <ele>431.73</ele>
      </trkpt>
      <trkpt lat="49.978738" lon="9.410328">
        <ele>431.49</ele>
      </trkpt>
      <trkpt lat="49.976083" lon="9.408205">
        <ele>413.13</ele>
      </trkpt>
      <trkpt lat="49.975488" lon="9.407626">
        <ele>408.62</ele>
      </trkpt>
      <trkpt lat="49.975488" lon="9.407626">
        <ele>408.62</ele>
      </trkpt>
      <trkpt lat="49.975488" lon="9.407626">
        <ele>408.62</ele>
      </trkpt>
      <trkpt lat="49.975286" lon="9.407429">
        <ele>407.09</ele>
      </trkpt>
      <trkpt lat="49.974735" lon="9.406462">
        <ele>397.9</ele>
      </trkpt>
      <trkpt lat="49.974567" lon="9.406044">
        <ele>397.83</ele>
      </trkpt>
      <trkpt lat="49.974434" lon="9.40561">
        <ele>396.74</ele>
      </trkpt>
      <trkpt lat="49.974122" lon="9.40427">
        <ele>389.05</ele>
      </trkpt>
      <trkpt lat="49.973852" lon="9.403308">
        <ele>384.75</ele>
      </trkpt>
      <trkpt lat="49.97343" lon="9.402289">
        <ele>381.37</ele>
      </trkpt>
      <trkpt lat="49.973336" lon="9.40196">
        <ele>379.8</ele>
      </trkpt>
      <trkpt lat="49.973212" lon="9.401614">
        <ele>379.17</ele>
      </trkpt>
      <trkpt lat="49.973091" lon="9.401426">
        <ele>379.07</ele>
      </trkpt>
      <trkpt lat="49.97253" lon="9.400055">
        <ele>367.02</ele>
      </trkpt>
      <trkpt lat="49.972382" lon="9.399773">
        <ele>365.47</ele>
      </trkpt>
      <trkpt lat="49.972206" lon="9.399552">
        <ele>365.81</ele>
      </trkpt>
      <trkpt lat="49.971991" lon="9.39939">
        <ele>365.58</ele>
      </trkpt>
      <trkpt lat="49.971803" lon="9.3993">
        <ele>365.11</ele>
      </trkpt>
      <trkpt lat="49.971456" lon="9.399155">
        <ele>363.03</ele>
      </trkpt>
      <trkpt lat="49.971143" lon="9.399009">
        <ele>361.62</ele>
      </trkpt>
      <trkpt lat="49.970644" lon="9.398814">
        <ele>362.51</ele>
      </trkpt>
      <trkpt lat="49.970417" lon="9.398791">
        <ele>362.97</ele>
      </trkpt>
      <trkpt lat="49.970186" lon="9.398842">
        <ele>362.68</ele>
      </trkpt>
      <trkpt lat="49.97003" lon="9.398944">
        <ele>361.97</ele>
      </trkpt>
      <trkpt lat="49.969903" lon="9.399113">
        <ele>360.43</ele>
      </trkpt>
      <trkpt lat="49.969767" lon="9.399445">
        <ele>359.29</ele>
      </trkpt>
      <trkpt lat="49.969682" lon="9.399754">
        <ele>358.88</ele>
      </trkpt>
      <trkpt lat="49.969618" lon="9.400053">
        <ele>359.94</ele>
      </trkpt>
      <trkpt lat="49.969567" lon="9.400237">
        <ele>361.5</ele>
      </trkpt>
      <trkpt lat="49.969567" lon="9.400237">
        <ele>361.5</ele>
      </trkpt>
      <trkpt lat="49.969544" lon="9.400286">
        <ele>362.01</ele>
      </trkpt>
      <trkpt lat="49.969483" lon="9.400333">
        <ele>362.81</ele>
      </trkpt>
      <trkpt lat="49.969447" lon="9.400347">
        <ele>363.21</ele>
      </trkpt>
      <trkpt lat="49.969349" lon="9.400348">
        <ele>363.96</ele>
      </trkpt>
      <trkpt lat="49.969309" lon="9.400324">
        <ele>364.01</ele>
      </trkpt>
      <trkpt lat="49.968922" lon="9.399915">
        <ele>363.63</ele>
      </trkpt>
      <trkpt lat="49.968624" lon="9.399581">
        <ele>365.11</ele>
      </trkpt>
      <trkpt lat="49.968185" lon="9.399005">
        <ele>362.69</ele>
      </trkpt>
      <trkpt lat="49.967984" lon="9.398692">
        <ele>361.68</ele>
      </trkpt>
      <trkpt lat="49.967229" lon="9.397458">
        <ele>367.45</ele>
      </trkpt>
      <trkpt lat="49.967148" lon="9.397311">
        <ele>368.72</ele>
      </trkpt>
      <trkpt lat="49.966924" lon="9.396713">
        <ele>369.14</ele>
      </trkpt>
      <trkpt lat="49.9666" lon="9.395795">
        <ele>369.44</ele>
      </trkpt>
      <trkpt lat="49.966436" lon="9.395192">
        <ele>370.83</ele>
      </trkpt>
      <trkpt lat="49.965858" lon="9.393436">
        <ele>366</ele>
      </trkpt>
      <trkpt lat="49.965262" lon="9.392088">
        <ele>359.82</ele>
      </trkpt>
      <trkpt lat="49.964793" lon="9.391317">
        <ele>354.04</ele>
      </trkpt>
      <trkpt lat="49.964532" lon="9.390912">
        <ele>350.12</ele>
      </trkpt>
      <trkpt lat="49.96438" lon="9.390715">
        <ele>347.72</ele>
      </trkpt>
      <trkpt lat="49.964178" lon="9.390516">
        <ele>347.48</ele>
      </trkpt>
      <trkpt lat="49.963913" lon="9.390323">
        <ele>347.01</ele>
      </trkpt>
      <trkpt lat="49.96374" lon="9.390248">
        <ele>346.92</ele>
      </trkpt>
      <trkpt lat="49.963428" lon="9.390177">
        <ele>346.96</ele>
      </trkpt>
      <trkpt lat="49.963126" lon="9.390202">
        <ele>345.99</ele>
      </trkpt>
      <trkpt lat="49.962897" lon="9.390246">
        <ele>344.98</ele>
      </trkpt>
      <trkpt lat="49.962666" lon="9.390262">
        <ele>343.97</ele>
      </trkpt>
      <trkpt lat="49.962341" lon="9.390243">
        <ele>344.03</ele>
      </trkpt>
      <trkpt lat="49.961842" lon="9.390124">
        <ele>347.99</ele>
      </trkpt>
      <trkpt lat="49.961685" lon="9.390106">
        <ele>349.54</ele>
      </trkpt>
      <trkpt lat="49.961493" lon="9.390112">
        <ele>353.8</ele>
      </trkpt>
      <trkpt lat="49.961261" lon="9.390235">
        <ele>357.15</ele>
      </trkpt>
      <trkpt lat="49.960381" lon="9.390928">
        <ele>355.01</ele>
      </trkpt>
      <trkpt lat="49.959909" lon="9.391252">
        <ele>350.9</ele>
      </trkpt>
      <trkpt lat="49.959548" lon="9.391421">
        <ele>345.88</ele>
      </trkpt>
      <trkpt lat="49.959165" lon="9.391479">
        <ele>343.26</ele>
      </trkpt>
      <trkpt lat="49.958853" lon="9.39141">
        <ele>343.67</ele>
      </trkpt>
      <trkpt lat="49.958468" lon="9.391249">
        <ele>344.78</ele>
      </trkpt>
      <trkpt lat="49.957961" lon="9.391104">
        <ele>346.23</ele>
      </trkpt>
      <trkpt lat="49.957898" lon="9.391112">
        <ele>346.17</ele>
      </trkpt>
      <trkpt lat="49.957155" lon="9.391206">
        <ele>345.49</ele>
      </trkpt>
      <trkpt lat="49.956315" lon="9.391261">
        <ele>344.98</ele>
      </trkpt>
      <trkpt lat="49.955395" lon="9.391302">
        <ele>343.97</ele>
      </trkpt>
      <trkpt lat="49.954316" lon="9.391653">
        <ele>332.49</ele>
      </trkpt>
      <trkpt lat="49.95379" lon="9.391662">
        <ele>330.47</ele>
      </trkpt>
      <trkpt lat="49.953063" lon="9.391594">
        <ele>332.72</ele>
      </trkpt>
      <trkpt lat="49.952767" lon="9.391652">
        <ele>336.2</ele>
      </trkpt>
      <trkpt lat="49.951521" lon="9.39212">
        <ele>334.51</ele>
      </trkpt>
      <trkpt lat="49.950838" lon="9.392311">
        <ele>331.83</ele>
      </trkpt>
      <trkpt lat="49.950545" lon="9.392324">
        <ele>330.93</ele>
      </trkpt>
      <trkpt lat="49.950151" lon="9.392207">
        <ele>329.24</ele>
      </trkpt>
      <trkpt lat="49.949732" lon="9.391957">
        <ele>324.58</ele>
      </trkpt>
      <trkpt lat="49.949273" lon="9.391719">
        <ele>319.81</ele>
      </trkpt>
      <trkpt lat="49.949019" lon="9.3916">
        <ele>320.78</ele>
      </trkpt>
      <trkpt lat="49.948812" lon="9.391535">
        <ele>325.19</ele>
      </trkpt>
      <trkpt lat="49.948705" lon="9.39153">
        <ele>327.33</ele>
      </trkpt>
      <trkpt lat="49.948562" lon="9.391556">
        <ele>329.63</ele>
      </trkpt>
      <trkpt lat="49.948371" lon="9.391654">
        <ele>331.63</ele>
      </trkpt>
      <trkpt lat="49.948171" lon="9.391832">
        <ele>332.95</ele>
      </trkpt>
      <trkpt lat="49.947848" lon="9.392182">
        <ele>334.75</ele>
      </trkpt>
      <trkpt lat="49.947613" lon="9.392543">
        <ele>335.12</ele>
      </trkpt>
      <trkpt lat="49.947392" lon="9.392984">
        <ele>334.87</ele>
      </trkpt>
      <trkpt lat="49.947268" lon="9.393277">
        <ele>335.6</ele>
      </trkpt>
      <trkpt lat="49.947098" lon="9.39375">
        <ele>336.32</ele>
      </trkpt>
      <trkpt lat="49.946976" lon="9.394261">
        <ele>334.74</ele>
      </trkpt>
      <trkpt lat="49.946871" lon="9.394747">
        <ele>333.73</ele>
      </trkpt>
      <trkpt lat="49.946828" lon="9.395305">
        <ele>328.37</ele>
      </trkpt>
      <trkpt lat="49.946826" lon="9.395832">
        <ele>321.58</ele>
      </trkpt>
      <trkpt lat="49.946807" lon="9.396295">
        <ele>315.02</ele>
      </trkpt>
      <trkpt lat="49.946763" lon="9.396537">
        <ele>311.21</ele>
      </trkpt>
      <trkpt lat="49.946711" lon="9.39667">
        <ele>309.81</ele>
      </trkpt>
      <trkpt lat="49.946592" lon="9.39692">
        <ele>308.96</ele>
      </trkpt>
      <trkpt lat="49.946407" lon="9.397198">
        <ele>308.65</ele>
      </trkpt>
      <trkpt lat="49.945715" lon="9.397579">
        <ele>310.05</ele>
      </trkpt>
      <trkpt lat="49.94505" lon="9.397887">
        <ele>313.59</ele>
      </trkpt>
      <trkpt lat="49.94457" lon="9.398038">
        <ele>312.27</ele>
      </trkpt>
      <trkpt lat="49.944216" lon="9.398065">
        <ele>312.17</ele>
      </trkpt>
      <trkpt lat="49.943811" lon="9.398156">
        <ele>320.55</ele>
      </trkpt>
      <trkpt lat="49.943622" lon="9.398269">
        <ele>324.67</ele>
      </trkpt>
      <trkpt lat="49.943385" lon="9.398494">
        <ele>328.1</ele>
      </trkpt>
      <trkpt lat="49.943233" lon="9.398718">
        <ele>328.48</ele>
      </trkpt>
      <trkpt lat="49.942525" lon="9.400116">
        <ele>316.48</ele>
      </trkpt>
      <trkpt lat="49.94235" lon="9.400386">
        <ele>312.55</ele>
      </trkpt>
      <trkpt lat="49.942022" lon="9.400629">
        <ele>308.29</ele>
      </trkpt>
      <trkpt lat="49.94151" lon="9.400874">
        <ele>307.63</ele>
      </trkpt>
      <trkpt lat="49.940811" lon="9.401043">
        <ele>316.14</ele>
      </trkpt>
      <trkpt lat="49.940533" lon="9.401328">
        <ele>317.51</ele>
      </trkpt>
      <trkpt lat="49.940374" lon="9.401595">
        <ele>316.91</ele>
      </trkpt>
      <trkpt lat="49.939879" lon="9.402746">
        <ele>313.33</ele>
      </trkpt>
      <trkpt lat="49.939674" lon="9.403089">
        <ele>314.07</ele>
      </trkpt>
      <trkpt lat="49.939442" lon="9.403409">
        <ele>315.11</ele>
      </trkpt>
      <trkpt lat="49.939184" lon="9.403837">
        <ele>309.39</ele>
      </trkpt>
      <trkpt lat="49.939042" lon="9.404023">
        <ele>306.88</ele>
      </trkpt>
      <trkpt lat="49.938735" lon="9.404262">
        <ele>309.09</ele>
      </trkpt>
      <trkpt lat="49.938327" lon="9.404513">
        <ele>309.66</ele>
      </trkpt>
      <trkpt lat="49.938222" lon="9.40455">
        <ele>308.23</ele>
      </trkpt>
      <trkpt lat="49.938135" lon="9.404513">
        <ele>308.84</ele>
      </trkpt>
      <trkpt lat="49.938042" lon="9.404395">
        <ele>311.46</ele>
      </trkpt>
      <trkpt lat="49.937784" lon="9.403967">
        <ele>320.59</ele>
      </trkpt>
      <trkpt lat="49.937784" lon="9.403967">
        <ele>302</ele>
      </trkpt>
      <trkpt lat="49.937674" lon="9.403823">
        <ele>306.25</ele>
      </trkpt>
      <trkpt lat="49.937616" lon="9.403785">
        <ele>308</ele>
      </trkpt>
      <trkpt lat="49.937525" lon="9.403753">
        <ele>310</ele>
      </trkpt>
      <trkpt lat="49.937454" lon="9.403767">
        <ele>309.75</ele>
      </trkpt>
      <trkpt lat="49.937367" lon="9.403815">
        <ele>308</ele>
      </trkpt>
      <trkpt lat="49.937011" lon="9.404122">
        <ele>298.75</ele>
      </trkpt>
      <trkpt lat="49.936856" lon="9.404154">
        <ele>297.75</ele>
      </trkpt>
      <trkpt lat="49.936735" lon="9.40414">
        <ele>297.75</ele>
      </trkpt>
      <trkpt lat="49.93651" lon="9.403901">
        <ele>302</ele>
      </trkpt>
      <trkpt lat="49.936016" lon="9.403248">
        <ele>305.5</ele>
      </trkpt>
      <trkpt lat="49.935733" lon="9.402839">
        <ele>306.25</ele>
      </trkpt>
      <trkpt lat="49.93552" lon="9.402612">
        <ele>305.25</ele>
      </trkpt>
      <trkpt lat="49.935041" lon="9.402136">
        <ele>302.5</ele>
      </trkpt>
      <trkpt lat="49.934218" lon="9.401129">
        <ele>306.25</ele>
      </trkpt>
      <trkpt lat="49.934039" lon="9.400837">
        <ele>307.25</ele>
      </trkpt>
      <trkpt lat="49.933926" lon="9.400625">
        <ele>308.5</ele>
      </trkpt>
      <trkpt lat="49.933822" lon="9.400393">
        <ele>309.75</ele>
      </trkpt>
      <trkpt lat="49.933692" lon="9.400059">
        <ele>310.75</ele>
      </trkpt>
      <trkpt lat="49.933545" lon="9.399883">
        <ele>310.75</ele>
      </trkpt>
      <trkpt lat="49.933149" lon="9.399535">
        <ele>315</ele>
      </trkpt>
      <trkpt lat="49.932344" lon="9.398861">
        <ele>320.75</ele>
      </trkpt>
      <trkpt lat="49.931901" lon="9.398516">
        <ele>323.25</ele>
      </trkpt>
      <trkpt lat="49.931555" lon="9.398284">
        <ele>324.75</ele>
      </trkpt>
      <trkpt lat="49.931206" lon="9.39822">
        <ele>324.25</ele>
      </trkpt>
      <trkpt lat="49.930311" lon="9.39823">
        <ele>322</ele>
      </trkpt>
      <trkpt lat="49.92931" lon="9.398287">
        <ele>325.25</ele>
      </trkpt>
      <trkpt lat="49.929169" lon="9.398313">
        <ele>325.5</ele>
      </trkpt>
      <trkpt lat="49.928759" lon="9.398363">
        <ele>320</ele>
      </trkpt>
      <trkpt lat="49.928576" lon="9.398346">
        <ele>318.25</ele>
      </trkpt>
      <trkpt lat="49.928344" lon="9.398269">
        <ele>317.75</ele>
      </trkpt>
      <trkpt lat="49.928113" lon="9.398123">
        <ele>318</ele>
      </trkpt>
      <trkpt lat="49.927856" lon="9.397819">
        <ele>319</ele>
      </trkpt>
      <trkpt lat="49.927733" lon="9.397606">
        <ele>319.75</ele>
      </trkpt>
      <trkpt lat="49.927655" lon="9.397547">
        <ele>318.5</ele>
      </trkpt>
      <trkpt lat="49.927558" lon="9.397543">
        <ele>316</ele>
      </trkpt>
      <trkpt lat="49.927477" lon="9.397569">
        <ele>314.75</ele>
      </trkpt>
      <trkpt lat="49.927294" lon="9.397675">
        <ele>319.5</ele>
      </trkpt>
      <trkpt lat="49.927143" lon="9.397678">
        <ele>324.25</ele>
      </trkpt>
      <trkpt lat="49.927033" lon="9.397552">
        <ele>328.5</ele>
      </trkpt>
      <trkpt lat="49.926983" lon="9.397277">
        <ele>331.25</ele>
      </trkpt>
      <trkpt lat="49.926962" lon="9.396895">
        <ele>333</ele>
      </trkpt>
      <trkpt lat="49.926947" lon="9.395933">
        <ele>334.25</ele>
      </trkpt>
      <trkpt lat="49.926943" lon="9.395261">
        <ele>329.75</ele>
      </trkpt>
      <trkpt lat="49.926923" lon="9.39495">
        <ele>327.25</ele>
      </trkpt>
      <trkpt lat="49.926826" lon="9.394602">
        <ele>324.5</ele>
      </trkpt>
      <trkpt lat="49.926694" lon="9.394331">
        <ele>321.5</ele>
      </trkpt>
      <trkpt lat="49.926411" lon="9.394053">
        <ele>323.75</ele>
      </trkpt>
      <trkpt lat="49.926194" lon="9.393748">
        <ele>323.25</ele>
      </trkpt>
      <trkpt lat="49.926141" lon="9.393619">
        <ele>321.75</ele>
      </trkpt>
      <trkpt lat="49.926106" lon="9.393477">
        <ele>319.5</ele>
      </trkpt>
      <trkpt lat="49.926102" lon="9.3933">
        <ele>317</ele>
      </trkpt>
      <trkpt lat="49.926188" lon="9.39309">
        <ele>318.5</ele>
      </trkpt>
      <trkpt lat="49.926289" lon="9.392934">
        <ele>318.5</ele>
      </trkpt>
      <trkpt lat="49.92642" lon="9.392701">
        <ele>317.75</ele>
      </trkpt>
      <trkpt lat="49.92651" lon="9.39249">
        <ele>317.25</ele>
      </trkpt>
      <trkpt lat="49.926563" lon="9.392243">
        <ele>320</ele>
      </trkpt>
      <trkpt lat="49.926694" lon="9.391375">
        <ele>331.75</ele>
      </trkpt>
      <trkpt lat="49.926795" lon="9.390974">
        <ele>337.25</ele>
      </trkpt>
      <trkpt lat="49.927074" lon="9.389973">
        <ele>336</ele>
      </trkpt>
      <trkpt lat="49.927033" lon="9.389954">
        <ele>337.5</ele>
      </trkpt>
      <trkpt lat="49.926975" lon="9.389988">
        <ele>339</ele>
      </trkpt>
      <trkpt lat="49.926931" lon="9.390065">
        <ele>340</ele>
      </trkpt>
      <trkpt lat="49.926794" lon="9.390598">
        <ele>341.25</ele>
      </trkpt>
      <trkpt lat="49.926613" lon="9.391111">
        <ele>339.5</ele>
      </trkpt>
      <trkpt lat="49.926522" lon="9.391407">
        <ele>336.5</ele>
      </trkpt>
      <trkpt lat="49.926366" lon="9.392009">
        <ele>330.25</ele>
      </trkpt>
      <trkpt lat="49.926289" lon="9.392243">
        <ele>328</ele>
      </trkpt>
      <trkpt lat="49.926222" lon="9.39236">
        <ele>327.5</ele>
      </trkpt>
      <trkpt lat="49.926098" lon="9.392454">
        <ele>329</ele>
      </trkpt>
      <trkpt lat="49.925941" lon="9.392499">
        <ele>332</ele>
      </trkpt>
      <trkpt lat="49.925605" lon="9.392539">
        <ele>335.25</ele>
      </trkpt>
      <trkpt lat="49.925296" lon="9.392543">
        <ele>336.75</ele>
      </trkpt>
      <trkpt lat="49.924507" lon="9.392323">
        <ele>341.75</ele>
      </trkpt>
      <trkpt lat="49.924108" lon="9.392235">
        <ele>342</ele>
      </trkpt>
      <trkpt lat="49.923215" lon="9.392196">
        <ele>337</ele>
      </trkpt>
      <trkpt lat="49.922606" lon="9.39203">
        <ele>337.75</ele>
      </trkpt>
      <trkpt lat="49.922485" lon="9.391922">
        <ele>337.75</ele>
      </trkpt>
      <trkpt lat="49.922384" lon="9.391762">
        <ele>338.5</ele>
      </trkpt>
      <trkpt lat="49.92178" lon="9.390451">
        <ele>342.25</ele>
      </trkpt>
      <trkpt lat="49.921612" lon="9.390208">
        <ele>342.25</ele>
      </trkpt>
      <trkpt lat="49.9214" lon="9.389996">
        <ele>345.75</ele>
      </trkpt>
      <trkpt lat="49.921303" lon="9.389873">
        <ele>347.75</ele>
      </trkpt>
      <trkpt lat="49.92115" lon="9.389603">
        <ele>350</ele>
      </trkpt>
      <trkpt lat="49.920885" lon="9.389039">
        <ele>350.25</ele>
      </trkpt>
      <trkpt lat="49.920769" lon="9.388852">
        <ele>351</ele>
      </trkpt>
      <trkpt lat="49.920555" lon="9.388732">
        <ele>353.25</ele>
      </trkpt>
      <trkpt lat="49.919661" lon="9.388308">
        <ele>358.5</ele>
      </trkpt>
      <trkpt lat="49.919323" lon="9.388061">
        <ele>361.25</ele>
      </trkpt>
      <trkpt lat="49.919188" lon="9.38788">
        <ele>361.75</ele>
      </trkpt>
      <trkpt lat="49.918998" lon="9.387484">
        <ele>363</ele>
      </trkpt>
      <trkpt lat="49.918773" lon="9.386846">
        <ele>364</ele>
      </trkpt>
      <trkpt lat="49.918578" lon="9.386336">
        <ele>364</ele>
      </trkpt>
      <trkpt lat="49.91842" lon="9.385981">
        <ele>363.5</ele>
      </trkpt>
      <trkpt lat="49.918221" lon="9.385652">
        <ele>365.25</ele>
      </trkpt>
      <trkpt lat="49.918075" lon="9.385486">
        <ele>367</ele>
      </trkpt>
      <trkpt lat="49.917891" lon="9.385352">
        <ele>367.75</ele>
      </trkpt>
      <trkpt lat="49.91777" lon="9.385293">
        <ele>368</ele>
      </trkpt>
      <trkpt lat="49.917508" lon="9.385238">
        <ele>367.75</ele>
      </trkpt>
      <trkpt lat="49.916814" lon="9.385235">
        <ele>370.75</ele>
      </trkpt>
      <trkpt lat="49.916691" lon="9.385187">
        <ele>370.75</ele>
      </trkpt>
      <trkpt lat="49.916576" lon="9.385067">
        <ele>371.25</ele>
      </trkpt>
      <trkpt lat="49.91644" lon="9.384897">
        <ele>373</ele>
      </trkpt>
      <trkpt lat="49.916323" lon="9.384575">
        <ele>374.75</ele>
      </trkpt>
      <trkpt lat="49.916224" lon="9.384278">
        <ele>375.25</ele>
      </trkpt>
      <trkpt lat="49.915907" lon="9.382921">
        <ele>383</ele>
      </trkpt>
      <trkpt lat="49.915545" lon="9.381767">
        <ele>391</ele>
      </trkpt>
      <trkpt lat="49.915147" lon="9.380791">
        <ele>395</ele>
      </trkpt>
      <trkpt lat="49.914605" lon="9.379977">
        <ele>397</ele>
      </trkpt>
      <trkpt lat="49.914027" lon="9.37945">
        <ele>398.5</ele>
      </trkpt>
      <trkpt lat="49.913795" lon="9.379329">
        <ele>399</ele>
      </trkpt>
      <trkpt lat="49.913427" lon="9.379191">
        <ele>399</ele>
      </trkpt>
      <trkpt lat="49.91317" lon="9.379224">
        <ele>400.75</ele>
      </trkpt>
      <trkpt lat="49.912616" lon="9.379417">
        <ele>404.75</ele>
      </trkpt>
      <trkpt lat="49.911658" lon="9.379851">
        <ele>405</ele>
      </trkpt>
      <trkpt lat="49.911395" lon="9.380006">
        <ele>404.75</ele>
      </trkpt>
      <trkpt lat="49.911062" lon="9.380158">
        <ele>407.75</ele>
      </trkpt>
      <trkpt lat="49.910873" lon="9.380158">
        <ele>409</ele>
      </trkpt>
      <trkpt lat="49.910696" lon="9.38012">
        <ele>411</ele>
      </trkpt>
      <trkpt lat="49.910576" lon="9.380067">
        <ele>412.5</ele>
      </trkpt>
      <trkpt lat="49.910393" lon="9.379959">
        <ele>415</ele>
      </trkpt>
      <trkpt lat="49.909968" lon="9.379646">
        <ele>421.5</ele>
      </trkpt>
      <trkpt lat="49.909563" lon="9.379328">
        <ele>424</ele>
      </trkpt>
      <trkpt lat="49.909412" lon="9.379244">
        <ele>424</ele>
      </trkpt>
      <trkpt lat="49.909154" lon="9.379197">
        <ele>424.25</ele>
      </trkpt>
      <trkpt lat="49.908951" lon="9.379228">
        <ele>426.25</ele>
      </trkpt>
      <trkpt lat="49.908691" lon="9.379288">
        <ele>428.5</ele>
      </trkpt>
      <trkpt lat="49.908515" lon="9.379354">
        <ele>430.25</ele>
      </trkpt>
      <trkpt lat="49.908254" lon="9.37948">
        <ele>432.75</ele>
      </trkpt>
      <trkpt lat="49.907396" lon="9.38006">
        <ele>438.5</ele>
      </trkpt>
      <trkpt lat="49.906946" lon="9.380321">
        <ele>443.25</ele>
      </trkpt>
      <trkpt lat="49.906781" lon="9.380358">
        <ele>444.25</ele>
      </trkpt>
      <trkpt lat="49.906611" lon="9.380355">
        <ele>445.25</ele>
      </trkpt>
      <trkpt lat="49.906279" lon="9.380307">
        <ele>446.25</ele>
      </trkpt>
      <trkpt lat="49.905921" lon="9.380289">
        <ele>447.25</ele>
      </trkpt>
      <trkpt lat="49.905518" lon="9.380291">
        <ele>449.5</ele>
      </trkpt>
      <trkpt lat="49.905302" lon="9.380343">
        <ele>450.25</ele>
      </trkpt>
      <trkpt lat="49.905077" lon="9.380461">
        <ele>450.5</ele>
      </trkpt>
      <trkpt lat="49.904846" lon="9.380569">
        <ele>450.25</ele>
      </trkpt>
      <trkpt lat="49.904694" lon="9.380612">
        <ele>450.25</ele>
      </trkpt>
      <trkpt lat="49.904537" lon="9.380622">
        <ele>450.75</ele>
      </trkpt>
      <trkpt lat="49.904381" lon="9.380606">
        <ele>451.5</ele>
      </trkpt>
      <trkpt lat="49.904144" lon="9.380541">
        <ele>453.25</ele>
      </trkpt>
      <trkpt lat="49.90401" lon="9.380493">
        <ele>454.5</ele>
      </trkpt>
      <trkpt lat="49.903794" lon="9.380416">
        <ele>456.5</ele>
      </trkpt>
      <trkpt lat="49.903712" lon="9.380382">
        <ele>457.25</ele>
      </trkpt>
      <trkpt lat="49.903665" lon="9.380777">
        <ele>454</ele>
      </trkpt>
      <trkpt lat="49.903639" lon="9.381006">
        <ele>453.75</ele>
      </trkpt>
      <trkpt lat="49.903602" lon="9.381255">
        <ele>454.25</ele>
      </trkpt>
      <trkpt lat="49.90356" lon="9.381445">
        <ele>455</ele>
      </trkpt>
      <trkpt lat="49.903468" lon="9.38177">
        <ele>457</ele>
      </trkpt>
      <trkpt lat="49.903407" lon="9.381912">
        <ele>459</ele>
      </trkpt>
      <trkpt lat="49.903331" lon="9.382054">
        <ele>461.25</ele>
      </trkpt>
      <trkpt lat="49.903251" lon="9.382179">
        <ele>462.75</ele>
      </trkpt>
      <trkpt lat="49.903162" lon="9.382291">
        <ele>464.25</ele>
      </trkpt>
      <trkpt lat="49.902996" lon="9.382444">
        <ele>466.25</ele>
      </trkpt>
      <trkpt lat="49.902895" lon="9.382507">
        <ele>467</ele>
      </trkpt>
      <trkpt lat="49.902792" lon="9.38255">
        <ele>467.75</ele>
      </trkpt>
      <trkpt lat="49.902678" lon="9.382585">
        <ele>468.5</ele>
      </trkpt>
      <trkpt lat="49.902591" lon="9.382602">
        <ele>469</ele>
      </trkpt>
      <trkpt lat="49.902591" lon="9.382596">
        <ele>452.86</ele>
      </trkpt>
      <trkpt lat="49.902503" lon="9.382607">
        <ele>453.3</ele>
      </trkpt>
      <trkpt lat="49.902409" lon="9.382599">
        <ele>454.29</ele>
      </trkpt>
      <trkpt lat="49.902315" lon="9.382578">
        <ele>455.8</ele>
      </trkpt>
      <trkpt lat="49.902223" lon="9.382544">
        <ele>456.77</ele>
      </trkpt>
      <trkpt lat="49.902133" lon="9.382497">
        <ele>456.43</ele>
      </trkpt>
      <trkpt lat="49.902017" lon="9.382414">
        <ele>456.51</ele>
      </trkpt>
      <trkpt lat="49.901938" lon="9.382342">
        <ele>457.05</ele>
      </trkpt>
      <trkpt lat="49.901795" lon="9.382168">
        <ele>457.91</ele>
      </trkpt>
      <trkpt lat="49.901674" lon="9.381957">
        <ele>458.52</ele>
      </trkpt>
      <trkpt lat="49.901578" lon="9.381717">
        <ele>459.52</ele>
      </trkpt>
      <trkpt lat="49.901558" lon="9.381649">
        <ele>459.78</ele>
      </trkpt>
      <trkpt lat="49.901558" lon="9.381649">
        <ele>460.97774824261575</ele>
      </trkpt>
      <trkpt lat="49.90146541913464" lon="9.381433020216036">
        <ele>460.86482071241807</ele>
      </trkpt>
      <trkpt lat="49.90146541913464" lon="9.381433020216036">
        <ele>460.86482071241807</ele>
      </trkpt>
      <trkpt lat="49.90134343543346" lon="9.381278028919382">
        <ele>460.6481649628038</ele>
      </trkpt>
      <trkpt lat="49.90111219989407" lon="9.381507492451135">
        <ele>460.9516960582712</ele>
      </trkpt>
      <trkpt lat="49.90111219989407" lon="9.381507492451135">
        <ele>460.9516960582712</ele>
      </trkpt>
      <trkpt lat="49.901071" lon="9.381772">
        <ele>460.8990857090215</ele>
      </trkpt>
      <trkpt lat="49.901071" lon="9.381772">
        <ele>460.13</ele>
      </trkpt>
      <trkpt lat="49.901016" lon="9.382569">
        <ele>460.6</ele>
      </trkpt>
      <trkpt lat="49.900984" lon="9.382935">
        <ele>460.31</ele>
      </trkpt>
      <trkpt lat="49.90094" lon="9.383272">
        <ele>459.89</ele>
      </trkpt>
      <trkpt lat="49.900833" lon="9.383831">
        <ele>459.95</ele>
      </trkpt>
      <trkpt lat="49.90068" lon="9.384359">
        <ele>460.04</ele>
      </trkpt>
      <trkpt lat="49.900543" lon="9.384801">
        <ele>460.22</ele>
      </trkpt>
      <trkpt lat="49.900543" lon="9.384801">
        <ele>473.25</ele>
      </trkpt>
      <trkpt lat="49.900113" lon="9.385981">
        <ele>472.75</ele>
      </trkpt>
      <trkpt lat="49.899695" lon="9.386997">
        <ele>472.75</ele>
      </trkpt>
      <trkpt lat="49.899455" lon="9.387543">
        <ele>474</ele>
      </trkpt>
      <trkpt lat="49.899218" lon="9.388058">
        <ele>473.75</ele>
      </trkpt>
      <trkpt lat="49.898984" lon="9.388537">
        <ele>472.5</ele>
      </trkpt>
      <trkpt lat="49.898725" lon="9.388981">
        <ele>470</ele>
      </trkpt>
      <trkpt lat="49.898461" lon="9.389402">
        <ele>467.25</ele>
      </trkpt>
      <trkpt lat="49.898165" lon="9.389802">
        <ele>465.25</ele>
      </trkpt>
      <trkpt lat="49.897399" lon="9.390753">
        <ele>466.75</ele>
      </trkpt>
      <trkpt lat="49.897035" lon="9.391176">
        <ele>466</ele>
      </trkpt>
      <trkpt lat="49.896973" lon="9.391245">
        <ele>465.75</ele>
      </trkpt>
      <trkpt lat="49.896243" lon="9.392004">
        <ele>464.25</ele>
      </trkpt>
      <trkpt lat="49.895598" lon="9.392697">
        <ele>465.5</ele>
      </trkpt>
      <trkpt lat="49.894867" lon="9.393499">
        <ele>466.75</ele>
      </trkpt>
      <trkpt lat="49.89389" lon="9.39462">
        <ele>469</ele>
      </trkpt>
      <trkpt lat="49.893502" lon="9.395181">
        <ele>467.5</ele>
      </trkpt>
      <trkpt lat="49.893293" lon="9.395533">
        <ele>465.5</ele>
      </trkpt>
      <trkpt lat="49.893125" lon="9.395647">
        <ele>465.5</ele>
      </trkpt>
      <trkpt lat="49.893009" lon="9.395659">
        <ele>466</ele>
      </trkpt>
      <trkpt lat="49.892831" lon="9.395562">
        <ele>467.5</ele>
      </trkpt>
      <trkpt lat="49.892716" lon="9.395484">
        <ele>468.25</ele>
      </trkpt>
      <trkpt lat="49.89252" lon="9.395403">
        <ele>469.25</ele>
      </trkpt>
      <trkpt lat="49.892354" lon="9.395397">
        <ele>469.5</ele>
      </trkpt>
      <trkpt lat="49.892197" lon="9.395426">
        <ele>469.5</ele>
      </trkpt>
      <trkpt lat="49.891613" lon="9.395643">
        <ele>470.25</ele>
      </trkpt>
      <trkpt lat="49.891533" lon="9.395673">
        <ele>471.5</ele>
      </trkpt>
      <trkpt lat="49.891024" lon="9.395926">
        <ele>479.75</ele>
      </trkpt>
      <trkpt lat="49.890835" lon="9.396011">
        <ele>483.25</ele>
      </trkpt>
      <trkpt lat="49.890755" lon="9.396065">
        <ele>483.5</ele>
      </trkpt>
      <trkpt lat="49.890704" lon="9.396133">
        <ele>484</ele>
      </trkpt>
      <trkpt lat="49.890299" lon="9.397275">
        <ele>489</ele>
      </trkpt>
      <trkpt lat="49.889889" lon="9.398388">
        <ele>498.25</ele>
      </trkpt>
      <trkpt lat="49.889319" lon="9.399884">
        <ele>510.75</ele>
      </trkpt>
      <trkpt lat="49.888941" lon="9.400576">
        <ele>516.75</ele>
      </trkpt>
      <trkpt lat="49.888445" lon="9.401191">
        <ele>522</ele>
      </trkpt>
      <trkpt lat="49.888048" lon="9.401534">
        <ele>529</ele>
      </trkpt>
      <trkpt lat="49.887813" lon="9.401614">
        <ele>531.5</ele>
      </trkpt>
      <trkpt lat="49.887481" lon="9.401622">
        <ele>533.5</ele>
      </trkpt>
      <trkpt lat="49.887121" lon="9.401453">
        <ele>536.75</ele>
      </trkpt>
      <trkpt lat="49.885701" lon="9.399943">
        <ele>537.5</ele>
      </trkpt>
      <trkpt lat="49.885543" lon="9.399844">
        <ele>536.5</ele>
      </trkpt>
      <trkpt lat="49.885359" lon="9.399812">
        <ele>536.5</ele>
      </trkpt>
      <trkpt lat="49.885208" lon="9.399832">
        <ele>537</ele>
      </trkpt>
      <trkpt lat="49.885041" lon="9.399922">
        <ele>538.75</ele>
      </trkpt>
      <trkpt lat="49.883444" lon="9.401179">
        <ele>547</ele>
      </trkpt>
      <trkpt lat="49.883209" lon="9.401337">
        <ele>547.75</ele>
      </trkpt>
      <trkpt lat="49.883088" lon="9.40139">
        <ele>547.75</ele>
      </trkpt>
      <trkpt lat="49.883041" lon="9.401399">
        <ele>547.75</ele>
      </trkpt>
      <trkpt lat="49.882607" lon="9.401387">
        <ele>546.75</ele>
      </trkpt>
      <trkpt lat="49.882269" lon="9.401387">
        <ele>546</ele>
      </trkpt>
      <trkpt lat="49.881502" lon="9.401388">
        <ele>543.75</ele>
      </trkpt>
      <trkpt lat="49.881215" lon="9.401411">
        <ele>543</ele>
      </trkpt>
      <trkpt lat="49.880973" lon="9.401489">
        <ele>542.25</ele>
      </trkpt>
      <trkpt lat="49.879932" lon="9.402091">
        <ele>542.25</ele>
      </trkpt>
      <trkpt lat="49.877036" lon="9.403799">
        <ele>562.5</ele>
      </trkpt>
      <trkpt lat="49.876848" lon="9.40391">
        <ele>563.25</ele>
      </trkpt>
      <trkpt lat="49.875439" lon="9.404692">
        <ele>566.25</ele>
      </trkpt>
      <trkpt lat="49.875183" lon="9.404884">
        <ele>566.5</ele>
      </trkpt>
      <trkpt lat="49.874289" lon="9.405756">
        <ele>562.5</ele>
      </trkpt>
      <trkpt lat="49.872461" lon="9.407663">
        <ele>562.25</ele>
      </trkpt>
      <trkpt lat="49.871964" lon="9.408096">
        <ele>561</ele>
      </trkpt>
      <trkpt lat="49.87158" lon="9.408292">
        <ele>560.25</ele>
      </trkpt>
      <trkpt lat="49.870998" lon="9.4085">
        <ele>559.25</ele>
      </trkpt>
      <trkpt lat="49.870681" lon="9.408722">
        <ele>558.25</ele>
      </trkpt>
      <trkpt lat="49.868606" lon="9.411129">
        <ele>536.5</ele>
      </trkpt>
      <trkpt lat="49.868502" lon="9.411259">
        <ele>535.25</ele>
      </trkpt>
      <trkpt lat="49.867489" lon="9.412414">
        <ele>531.5</ele>
      </trkpt>
      <trkpt lat="49.865458" lon="9.414768">
        <ele>541</ele>
      </trkpt>
      <trkpt lat="49.863697" lon="9.416813">
        <ele>536</ele>
      </trkpt>
      <trkpt lat="49.863359" lon="9.417228">
        <ele>534.25</ele>
      </trkpt>
      <trkpt lat="49.86299" lon="9.417754">
        <ele>533.75</ele>
      </trkpt>
      <trkpt lat="49.86299" lon="9.417754">
        <ele>533.75</ele>
      </trkpt>
      <trkpt lat="49.862669" lon="9.418275">
        <ele>534.5</ele>
      </trkpt>
      <trkpt lat="49.862196" lon="9.419227">
        <ele>534.75</ele>
      </trkpt>
      <trkpt lat="49.860583" lon="9.422437">
        <ele>532.5</ele>
      </trkpt>
      <trkpt lat="49.859956" lon="9.423704">
        <ele>527.75</ele>
      </trkpt>
      <trkpt lat="49.859515" lon="9.424572">
        <ele>524.75</ele>
      </trkpt>
      <trkpt lat="49.859291" lon="9.425009">
        <ele>523.75</ele>
      </trkpt>
      <trkpt lat="49.857491" lon="9.428622">
        <ele>500.5</ele>
      </trkpt>
      <trkpt lat="49.856475" lon="9.43068">
        <ele>492.75</ele>
      </trkpt>
      <trkpt lat="49.856202" lon="9.431186">
        <ele>492.5</ele>
      </trkpt>
      <trkpt lat="49.853818" lon="9.435105">
        <ele>476</ele>
      </trkpt>
      <trkpt lat="49.851546" lon="9.438304">
        <ele>466</ele>
      </trkpt>
      <trkpt lat="49.847171" lon="9.444452">
        <ele>453</ele>
      </trkpt>
      <trkpt lat="49.847054" lon="9.44461">
        <ele>452.75</ele>
      </trkpt>
      <trkpt lat="49.846675" lon="9.445157">
        <ele>452</ele>
      </trkpt>
      <trkpt lat="49.845899" lon="9.446237">
        <ele>448.75</ele>
      </trkpt>
      <trkpt lat="49.843321" lon="9.449862">
        <ele>446.75</ele>
      </trkpt>
      <trkpt lat="49.84282" lon="9.450565">
        <ele>448.75</ele>
      </trkpt>
      <trkpt lat="49.840964" lon="9.453126">
        <ele>443</ele>
      </trkpt>
      <trkpt lat="49.840892" lon="9.453222">
        <ele>442.25</ele>
      </trkpt>
      <trkpt lat="49.839114" lon="9.455554">
        <ele>422</ele>
      </trkpt>
      <trkpt lat="49.837418" lon="9.457768">
        <ele>418.5</ele>
      </trkpt>
      <trkpt lat="49.837107" lon="9.458335">
        <ele>415.5</ele>
      </trkpt>
      <trkpt lat="49.836833" lon="9.458978">
        <ele>411.5</ele>
      </trkpt>
      <trkpt lat="49.836747" lon="9.459197">
        <ele>410.5</ele>
      </trkpt>
      <trkpt lat="49.836486" lon="9.45996">
        <ele>410.5</ele>
      </trkpt>
      <trkpt lat="49.836399" lon="9.460209">
        <ele>410</ele>
      </trkpt>
      <trkpt lat="49.836036" lon="9.461365">
        <ele>407.75</ele>
      </trkpt>
      <trkpt lat="49.835905" lon="9.461709">
        <ele>406.75</ele>
      </trkpt>
      <trkpt lat="49.835801" lon="9.461969">
        <ele>406</ele>
      </trkpt>
      <trkpt lat="49.835592" lon="9.462483">
        <ele>403.75</ele>
      </trkpt>
      <trkpt lat="49.835274" lon="9.463134">
        <ele>397.5</ele>
      </trkpt>
      <trkpt lat="49.835204" lon="9.463359">
        <ele>395.75</ele>
      </trkpt>
      <trkpt lat="49.835173" lon="9.463521">
        <ele>394.75</ele>
      </trkpt>
      <trkpt lat="49.835115" lon="9.463722">
        <ele>393.5</ele>
      </trkpt>
      <trkpt lat="49.835025" lon="9.463898">
        <ele>392.25</ele>
      </trkpt>
      <trkpt lat="49.834953" lon="9.463997">
        <ele>391.5</ele>
      </trkpt>
      <trkpt lat="49.834863" lon="9.464166">
        <ele>390.25</ele>
      </trkpt>
      <trkpt lat="49.834816" lon="9.464314">
        <ele>389.25</ele>
      </trkpt>
      <trkpt lat="49.834809" lon="9.464361">
        <ele>389</ele>
      </trkpt>
      <trkpt lat="49.834737" lon="9.464835">
        <ele>386.75</ele>
      </trkpt>
      <trkpt lat="49.834666" lon="9.465117">
        <ele>385.5</ele>
      </trkpt>
      <trkpt lat="49.834615" lon="9.465263">
        <ele>385</ele>
      </trkpt>
      <trkpt lat="49.834522" lon="9.46547">
        <ele>384</ele>
      </trkpt>
      <trkpt lat="49.834282" lon="9.465852">
        <ele>381.5</ele>
      </trkpt>
      <trkpt lat="49.834225" lon="9.465926">
        <ele>381.25</ele>
      </trkpt>
      <trkpt lat="49.834106" lon="9.466073">
        <ele>381</ele>
      </trkpt>
      <trkpt lat="49.833922" lon="9.4663">
        <ele>380.5</ele>
      </trkpt>
      <trkpt lat="49.833542" lon="9.466694">
        <ele>378.25</ele>
      </trkpt>
      <trkpt lat="49.833372" lon="9.466882">
        <ele>377.5</ele>
      </trkpt>
      <trkpt lat="49.833255" lon="9.467044">
        <ele>376.75</ele>
      </trkpt>
      <trkpt lat="49.833172" lon="9.467254">
        <ele>376.5</ele>
      </trkpt>
      <trkpt lat="49.833009" lon="9.46788">
        <ele>376</ele>
      </trkpt>
      <trkpt lat="49.832902" lon="9.468173">
        <ele>375.75</ele>
      </trkpt>
      <trkpt lat="49.832819" lon="9.468308">
        <ele>375.5</ele>
      </trkpt>
      <trkpt lat="49.832651" lon="9.468543">
        <ele>374.25</ele>
      </trkpt>
      <trkpt lat="49.832339" lon="9.468925">
        <ele>371.5</ele>
      </trkpt>
      <trkpt lat="49.832124" lon="9.469197">
        <ele>370.25</ele>
      </trkpt>
      <trkpt lat="49.832057" lon="9.469293">
        <ele>369.75</ele>
      </trkpt>
      <trkpt lat="49.831881" lon="9.469591">
        <ele>368.5</ele>
      </trkpt>
      <trkpt lat="49.831724" lon="9.46988">
        <ele>367.25</ele>
      </trkpt>
      <trkpt lat="49.831292" lon="9.470832">
        <ele>362.5</ele>
      </trkpt>
      <trkpt lat="49.830542" lon="9.472188">
        <ele>356</ele>
      </trkpt>
      <trkpt lat="49.829948" lon="9.473412">
        <ele>350.75</ele>
      </trkpt>
      <trkpt lat="49.829819" lon="9.473627">
        <ele>350.25</ele>
      </trkpt>
      <trkpt lat="49.829619" lon="9.473957">
        <ele>349.5</ele>
      </trkpt>
      <trkpt lat="49.829285" lon="9.47454">
        <ele>348</ele>
      </trkpt>
      <trkpt lat="49.828891" lon="9.475345">
        <ele>346.5</ele>
      </trkpt>
      <trkpt lat="49.8287" lon="9.475961">
        <ele>345</ele>
      </trkpt>
      <trkpt lat="49.828521" lon="9.476612">
        <ele>344</ele>
      </trkpt>
      <trkpt lat="49.828453" lon="9.476962">
        <ele>343.25</ele>
      </trkpt>
      <trkpt lat="49.828386" lon="9.477386">
        <ele>342.25</ele>
      </trkpt>
      <trkpt lat="49.828356" lon="9.477806">
        <ele>341.75</ele>
      </trkpt>
      <trkpt lat="49.828355" lon="9.478318">
        <ele>341</ele>
      </trkpt>
      <trkpt lat="49.828404" lon="9.478724">
        <ele>340.25</ele>
      </trkpt>
      <trkpt lat="49.828481" lon="9.479127">
        <ele>339.5</ele>
      </trkpt>
      <trkpt lat="49.828552" lon="9.479545">
        <ele>338.25</ele>
      </trkpt>
      <trkpt lat="49.828624" lon="9.479919">
        <ele>337.25</ele>
      </trkpt>
      <trkpt lat="49.828697" lon="9.480428">
        <ele>335.25</ele>
      </trkpt>
      <trkpt lat="49.828715" lon="9.480911">
        <ele>333.5</ele>
      </trkpt>
      <trkpt lat="49.828672" lon="9.481425">
        <ele>332.25</ele>
      </trkpt>
      <trkpt lat="49.828596" lon="9.481913">
        <ele>330.75</ele>
      </trkpt>
      <trkpt lat="49.828539" lon="9.482159">
        <ele>329.75</ele>
      </trkpt>
      <trkpt lat="49.828468" lon="9.48238">
        <ele>328.25</ele>
      </trkpt>
      <trkpt lat="49.828286" lon="9.482756">
        <ele>323.75</ele>
      </trkpt>
      <trkpt lat="49.827727" lon="9.483677">
        <ele>317.5</ele>
      </trkpt>
      <trkpt lat="49.8276" lon="9.483968">
        <ele>317.5</ele>
      </trkpt>
      <trkpt lat="49.827504" lon="9.484259">
        <ele>317.75</ele>
      </trkpt>
      <trkpt lat="49.827415" lon="9.484634">
        <ele>319</ele>
      </trkpt>
      <trkpt lat="49.827366" lon="9.485055">
        <ele>319.75</ele>
      </trkpt>
      <trkpt lat="49.827318" lon="9.485408">
        <ele>319</ele>
      </trkpt>
      <trkpt lat="49.827015" lon="9.486672">
        <ele>317.5</ele>
      </trkpt>
      <trkpt lat="49.826875" lon="9.487255">
        <ele>316.5</ele>
      </trkpt>
      <trkpt lat="49.826323" lon="9.488878">
        <ele>313.75</ele>
      </trkpt>
      <trkpt lat="49.825625" lon="9.492588">
        <ele>288.75</ele>
      </trkpt>
      <trkpt lat="49.825567" lon="9.492995">
        <ele>286.25</ele>
      </trkpt>
      <trkpt lat="49.825493" lon="9.493496">
        <ele>283.5</ele>
      </trkpt>
      <trkpt lat="49.825278" lon="9.495178">
        <ele>275.5</ele>
      </trkpt>
      <trkpt lat="49.825232" lon="9.497218">
        <ele>260.25</ele>
      </trkpt>
      <trkpt lat="49.825127" lon="9.497768">
        <ele>253.75</ele>
      </trkpt>
      <trkpt lat="49.825028" lon="9.498036">
        <ele>249.75</ele>
      </trkpt>
      <trkpt lat="49.824888" lon="9.498215">
        <ele>247.25</ele>
      </trkpt>
      <trkpt lat="49.824826" lon="9.498254">
        <ele>246.25</ele>
      </trkpt>
      <trkpt lat="49.824826" lon="9.498254">
        <ele>246.75</ele>
      </trkpt>
      <trkpt lat="49.824752" lon="9.498302">
        <ele>246.25</ele>
      </trkpt>
      <trkpt lat="49.824613" lon="9.498343">
        <ele>246.25</ele>
      </trkpt>
      <trkpt lat="49.824204" lon="9.498356">
        <ele>249.5</ele>
      </trkpt>
      <trkpt lat="49.823709" lon="9.498325">
        <ele>249</ele>
      </trkpt>
      <trkpt lat="49.823069" lon="9.498248">
        <ele>245.5</ele>
      </trkpt>
      <trkpt lat="49.822513" lon="9.498024">
        <ele>242</ele>
      </trkpt>
      <trkpt lat="49.821319" lon="9.497462">
        <ele>228.25</ele>
      </trkpt>
      <trkpt lat="49.8207" lon="9.496919">
        <ele>223.25</ele>
      </trkpt>
      <trkpt lat="49.819475" lon="9.495353">
        <ele>213</ele>
      </trkpt>
      <trkpt lat="49.819092" lon="9.494836">
        <ele>210.75</ele>
      </trkpt>
      <trkpt lat="49.818978" lon="9.49471">
        <ele>211.25</ele>
      </trkpt>
      <trkpt lat="49.817637" lon="9.493746">
        <ele>193.75</ele>
      </trkpt>
      <trkpt lat="49.817462" lon="9.493593">
        <ele>191.5</ele>
      </trkpt>
      <trkpt lat="49.817058" lon="9.493134">
        <ele>188.75</ele>
      </trkpt>
      <trkpt lat="49.816695" lon="9.492708">
        <ele>183.5</ele>
      </trkpt>
      <trkpt lat="49.816566" lon="9.492594">
        <ele>182.5</ele>
      </trkpt>
      <trkpt lat="49.816474" lon="9.492522">
        <ele>182</ele>
      </trkpt>
      <trkpt lat="49.816345" lon="9.492461">
        <ele>181</ele>
      </trkpt>
      <trkpt lat="49.815974" lon="9.492299">
        <ele>178.5</ele>
      </trkpt>
      <trkpt lat="49.815519" lon="9.492321">
        <ele>178</ele>
      </trkpt>
      <trkpt lat="49.814671" lon="9.4925">
        <ele>182.5</ele>
      </trkpt>
      <trkpt lat="49.814033" lon="9.492637">
        <ele>189.25</ele>
      </trkpt>
      <trkpt lat="49.812691" lon="9.492886">
        <ele>191.75</ele>
      </trkpt>
      <trkpt lat="49.812578" lon="9.492935">
        <ele>190.75</ele>
      </trkpt>
      <trkpt lat="49.812337" lon="9.493167">
        <ele>187.25</ele>
      </trkpt>
      <trkpt lat="49.812041" lon="9.493557">
        <ele>185.75</ele>
      </trkpt>
      <trkpt lat="49.81196" lon="9.493663">
        <ele>185.5</ele>
      </trkpt>
      <trkpt lat="49.811244" lon="9.494513">
        <ele>185</ele>
      </trkpt>
      <trkpt lat="49.810667" lon="9.494908">
        <ele>185.5</ele>
      </trkpt>
      <trkpt lat="49.809265" lon="9.495749">
        <ele>186.25</ele>
      </trkpt>
      <trkpt lat="49.808445" lon="9.496132">
        <ele>185</ele>
      </trkpt>
      <trkpt lat="49.807713" lon="9.49638">
        <ele>182</ele>
      </trkpt>
      <trkpt lat="49.80741" lon="9.496431">
        <ele>180.5</ele>
      </trkpt>
      <trkpt lat="49.807223" lon="9.496429">
        <ele>179.25</ele>
      </trkpt>
      <trkpt lat="49.807026" lon="9.496389">
        <ele>179.25</ele>
      </trkpt>
      <trkpt lat="49.806435" lon="9.496215">
        <ele>181.25</ele>
      </trkpt>
      <trkpt lat="49.806269" lon="9.496167">
        <ele>182.25</ele>
      </trkpt>
      <trkpt lat="49.80567" lon="9.496039">
        <ele>183</ele>
      </trkpt>
      <trkpt lat="49.80537" lon="9.495998">
        <ele>181.5</ele>
      </trkpt>
      <trkpt lat="49.805029" lon="9.495991">
        <ele>179</ele>
      </trkpt>
      <trkpt lat="49.804668" lon="9.495928">
        <ele>176.25</ele>
      </trkpt>
      <trkpt lat="49.804114" lon="9.495746">
        <ele>173.5</ele>
      </trkpt>
      <trkpt lat="49.803795" lon="9.495662">
        <ele>172.75</ele>
      </trkpt>
      <trkpt lat="49.803604" lon="9.495614">
        <ele>172.25</ele>
      </trkpt>
      <trkpt lat="49.803376" lon="9.495582">
        <ele>171</ele>
      </trkpt>
      <trkpt lat="49.802731" lon="9.495622">
        <ele>171.5</ele>
      </trkpt>
      <trkpt lat="49.802464" lon="9.495601">
        <ele>173</ele>
      </trkpt>
      <trkpt lat="49.801784" lon="9.495435">
        <ele>176.25</ele>
      </trkpt>
      <trkpt lat="49.801072" lon="9.495334">
        <ele>173.75</ele>
      </trkpt>
      <trkpt lat="49.800786" lon="9.495302">
        <ele>172.5</ele>
      </trkpt>
      <trkpt lat="49.800625" lon="9.495295">
        <ele>172</ele>
      </trkpt>
      <trkpt lat="49.800255" lon="9.49531">
        <ele>170</ele>
      </trkpt>
      <trkpt lat="49.799609" lon="9.495353">
        <ele>167.25</ele>
      </trkpt>
      <trkpt lat="49.799331" lon="9.495349">
        <ele>167</ele>
      </trkpt>
      <trkpt lat="49.799213" lon="9.495317">
        <ele>167.75</ele>
      </trkpt>
      <trkpt lat="49.799075" lon="9.495265">
        <ele>167.5</ele>
      </trkpt>
      <trkpt lat="49.798452" lon="9.494954">
        <ele>165.5</ele>
      </trkpt>
      <trkpt lat="49.798243" lon="9.494871">
        <ele>166</ele>
      </trkpt>
      <trkpt lat="49.797798" lon="9.494719">
        <ele>166.5</ele>
      </trkpt>
      <trkpt lat="49.796886" lon="9.494321">
        <ele>163.5</ele>
      </trkpt>
      <trkpt lat="49.796615" lon="9.494225">
        <ele>160.5</ele>
      </trkpt>
      <trkpt lat="49.795987" lon="9.494109">
        <ele>158.5</ele>
      </trkpt>
      <trkpt lat="49.795891" lon="9.494074">
        <ele>158.75</ele>
      </trkpt>
      <trkpt lat="49.795643" lon="9.493958">
        <ele>159</ele>
      </trkpt>
      <trkpt lat="49.795471" lon="9.493866">
        <ele>159.25</ele>
      </trkpt>
      <trkpt lat="49.795385" lon="9.493835">
        <ele>158.75</ele>
      </trkpt>
      <trkpt lat="49.795282" lon="9.493835">
        <ele>157.5</ele>
      </trkpt>
      <trkpt lat="49.795167" lon="9.493868">
        <ele>155.5</ele>
      </trkpt>
      <trkpt lat="49.795056" lon="9.493921">
        <ele>153.25</ele>
      </trkpt>
      <trkpt lat="49.794969" lon="9.493975">
        <ele>151.25</ele>
      </trkpt>
      <trkpt lat="49.794858" lon="9.49407">
        <ele>148.25</ele>
      </trkpt>
      <trkpt lat="49.794667" lon="9.494307">
        <ele>144.75</ele>
      </trkpt>
      <trkpt lat="49.794538" lon="9.494446">
        <ele>143.75</ele>
      </trkpt>
      <trkpt lat="49.7944" lon="9.494572">
        <ele>143.25</ele>
      </trkpt>
      <trkpt lat="49.794325" lon="9.494619">
        <ele>143</ele>
      </trkpt>
      <trkpt lat="49.794188" lon="9.494691">
        <ele>142.75</ele>
      </trkpt>
      <trkpt lat="49.794038" lon="9.494732">
        <ele>143.25</ele>
      </trkpt>
      <trkpt lat="49.793907" lon="9.494739">
        <ele>143.5</ele>
      </trkpt>
      <trkpt lat="49.793547" lon="9.49469">
        <ele>144.25</ele>
      </trkpt>
      <trkpt lat="49.793091" lon="9.494581">
        <ele>143.5</ele>
      </trkpt>
      <trkpt lat="49.792395" lon="9.494466">
        <ele>141</ele>
      </trkpt>
      <trkpt lat="49.792149" lon="9.494436">
        <ele>140</ele>
      </trkpt>
      <trkpt lat="49.791346" lon="9.494366">
        <ele>137</ele>
      </trkpt>
      <trkpt lat="49.790237" lon="9.49433">
        <ele>134.75</ele>
      </trkpt>
      <trkpt lat="49.790169" lon="9.494327">
        <ele>134.75</ele>
      </trkpt>
      <trkpt lat="49.790058" lon="9.494323">
        <ele>134.75</ele>
      </trkpt>
      <trkpt lat="49.790060000000004" lon="9.49432000000001">
        <ele>134.21356007610785</ele>
      </trkpt>
      <trkpt lat="49.790058" lon="9.494323">
        <ele>134.75</ele>
      </trkpt>
      <trkpt lat="49.790046" lon="9.494323">
        <ele>134.75</ele>
      </trkpt>
      <trkpt lat="49.789958" lon="9.494319">
        <ele>134.75</ele>
      </trkpt>
      <trkpt lat="49.789959" lon="9.495045">
        <ele>134</ele>
      </trkpt>
      <trkpt lat="49.78995" lon="9.495434">
        <ele>135</ele>
      </trkpt>
      <trkpt lat="49.789931" lon="9.495802">
        <ele>135.75</ele>
      </trkpt>
      <trkpt lat="49.789896" lon="9.496187">
        <ele>137.25</ele>
      </trkpt>
      <trkpt lat="49.789869" lon="9.496474">
        <ele>138.5</ele>
      </trkpt>
      <trkpt lat="49.789833" lon="9.496766">
        <ele>139.75</ele>
      </trkpt>
      <trkpt lat="49.789807" lon="9.496989">
        <ele>140.5</ele>
      </trkpt>
      <trkpt lat="49.789719" lon="9.497792">
        <ele>143.5</ele>
      </trkpt>
      <trkpt lat="49.789678" lon="9.498353">
        <ele>146</ele>
      </trkpt>
      <trkpt lat="49.789659" lon="9.498719">
        <ele>147</ele>
      </trkpt>
      <trkpt lat="49.789627" lon="9.500182">
        <ele>153</ele>
      </trkpt>
      <trkpt lat="49.789609" lon="9.500569">
        <ele>154.75</ele>
      </trkpt>
      <trkpt lat="49.78958" lon="9.500912">
        <ele>155.25</ele>
      </trkpt>
      <trkpt lat="49.789506" lon="9.501474">
        <ele>153.5</ele>
      </trkpt>
      <trkpt lat="49.789435" lon="9.501923">
        <ele>151.5</ele>
      </trkpt>
      <trkpt lat="49.789342" lon="9.502421">
        <ele>148.5</ele>
      </trkpt>
      <trkpt lat="49.789261" lon="9.502802">
        <ele>145.5</ele>
      </trkpt>
      <trkpt lat="49.789163" lon="9.503185">
        <ele>141</ele>
      </trkpt>
      <trkpt lat="49.789057" lon="9.503533">
        <ele>142</ele>
      </trkpt>
      <trkpt lat="49.788884" lon="9.503998">
        <ele>143.5</ele>
      </trkpt>
      <trkpt lat="49.788717" lon="9.504376">
        <ele>144</ele>
      </trkpt>
      <trkpt lat="49.788537" lon="9.504754">
        <ele>141.75</ele>
      </trkpt>
      <trkpt lat="49.788253" lon="9.50532">
        <ele>137.25</ele>
      </trkpt>
      <trkpt lat="49.787953" lon="9.50588">
        <ele>138.5</ele>
      </trkpt>
      <trkpt lat="49.787364" lon="9.50702">
        <ele>136.75</ele>
      </trkpt>
      <trkpt lat="49.787133" lon="9.507491">
        <ele>136.75</ele>
      </trkpt>
      <trkpt lat="49.786779" lon="9.508179">
        <ele>138.25</ele>
      </trkpt>
      <trkpt lat="49.786528" lon="9.508839">
        <ele>138.25</ele>
      </trkpt>
      <trkpt lat="49.786396" lon="9.509187">
        <ele>137.75</ele>
      </trkpt>
      <trkpt lat="49.786087" lon="9.509917">
        <ele>141.25</ele>
      </trkpt>
      <trkpt lat="49.785865" lon="9.510354">
        <ele>143</ele>
      </trkpt>
      <trkpt lat="49.785679" lon="9.510682">
        <ele>145</ele>
      </trkpt>
      <trkpt lat="49.785285" lon="9.511188">
        <ele>147.75</ele>
      </trkpt>
      <trkpt lat="49.784502" lon="9.512056">
        <ele>149.5</ele>
      </trkpt>
      <trkpt lat="49.784369" lon="9.512185">
        <ele>148.75</ele>
      </trkpt>
      <trkpt lat="49.783771" lon="9.512759">
        <ele>150</ele>
      </trkpt>
      <trkpt lat="49.783644" lon="9.512871">
        <ele>150</ele>
      </trkpt>
      <trkpt lat="49.782943" lon="9.513567">
        <ele>147</ele>
      </trkpt>
      <trkpt lat="49.78259" lon="9.513929">
        <ele>144.75</ele>
      </trkpt>
      <trkpt lat="49.782087" lon="9.514438">
        <ele>145.75</ele>
      </trkpt>
      <trkpt lat="49.781481" lon="9.514908">
        <ele>143.5</ele>
      </trkpt>
      <trkpt lat="49.780974" lon="9.515115">
        <ele>142</ele>
      </trkpt>
      <trkpt lat="49.780406" lon="9.515217">
        <ele>142.75</ele>
      </trkpt>
      <trkpt lat="49.780188" lon="9.515242">
        <ele>143</ele>
      </trkpt>
      <trkpt lat="49.779928" lon="9.515247">
        <ele>143</ele>
      </trkpt>
      <trkpt lat="49.779533" lon="9.515178">
        <ele>141.5</ele>
      </trkpt>
      <trkpt lat="49.779181" lon="9.515073">
        <ele>139.75</ele>
      </trkpt>
      <trkpt lat="49.778818" lon="9.514929">
        <ele>140.25</ele>
      </trkpt>
      <trkpt lat="49.777962" lon="9.514415">
        <ele>141</ele>
      </trkpt>
      <trkpt lat="49.777562" lon="9.514117">
        <ele>141.25</ele>
      </trkpt>
      <trkpt lat="49.776731" lon="9.513432">
        <ele>141</ele>
      </trkpt>
      <trkpt lat="49.776471" lon="9.513273">
        <ele>141</ele>
      </trkpt>
      <trkpt lat="49.776155" lon="9.513127">
        <ele>140.75</ele>
      </trkpt>
      <trkpt lat="49.775655" lon="9.513016">
        <ele>140.75</ele>
      </trkpt>
      <trkpt lat="49.775145" lon="9.513008">
        <ele>141.25</ele>
      </trkpt>
      <trkpt lat="49.77445" lon="9.51306">
        <ele>142.25</ele>
      </trkpt>
      <trkpt lat="49.773856" lon="9.513058">
        <ele>142.5</ele>
      </trkpt>
      <trkpt lat="49.772685" lon="9.512632">
        <ele>140.5</ele>
      </trkpt>
      <trkpt lat="49.772323" lon="9.512521">
        <ele>139.75</ele>
      </trkpt>
      <trkpt lat="49.772051" lon="9.512468">
        <ele>139.25</ele>
      </trkpt>
      <trkpt lat="49.77183" lon="9.512458">
        <ele>139</ele>
      </trkpt>
      <trkpt lat="49.771592" lon="9.512468">
        <ele>138.75</ele>
      </trkpt>
      <trkpt lat="49.771434" lon="9.512486">
        <ele>138.75</ele>
      </trkpt>
      <trkpt lat="49.771306" lon="9.512513">
        <ele>139</ele>
      </trkpt>
      <trkpt lat="49.771104" lon="9.51258">
        <ele>139.25</ele>
      </trkpt>
      <trkpt lat="49.770159" lon="9.513001">
        <ele>141.25</ele>
      </trkpt>
      <trkpt lat="49.770109" lon="9.513023">
        <ele>141.5</ele>
      </trkpt>
      <trkpt lat="49.770109" lon="9.513023">
        <ele>141.5</ele>
      </trkpt>
      <trkpt lat="49.770093" lon="9.512966">
        <ele>141.25</ele>
      </trkpt>
      <trkpt lat="49.770069" lon="9.512916">
        <ele>141.25</ele>
      </trkpt>
      <trkpt lat="49.770038" lon="9.512876">
        <ele>141.25</ele>
      </trkpt>
      <trkpt lat="49.770002" lon="9.512848">
        <ele>141.25</ele>
      </trkpt>
      <trkpt lat="49.769963" lon="9.512834">
        <ele>141.25</ele>
      </trkpt>
      <trkpt lat="49.769923" lon="9.512834">
        <ele>141.5</ele>
      </trkpt>
      <trkpt lat="49.769872" lon="9.512856">
        <ele>141.5</ele>
      </trkpt>
      <trkpt lat="49.769828" lon="9.512901">
        <ele>141.75</ele>
      </trkpt>
      <trkpt lat="49.769794" lon="9.512965">
        <ele>141.75</ele>
      </trkpt>
      <trkpt lat="49.769775" lon="9.513041">
        <ele>142</ele>
      </trkpt>
      <trkpt lat="49.769771" lon="9.513123">
        <ele>142</ele>
      </trkpt>
      <trkpt lat="49.769784" lon="9.513202">
        <ele>142.25</ele>
      </trkpt>
      <trkpt lat="49.76973" lon="9.513236">
        <ele>142.25</ele>
      </trkpt>
      <trkpt lat="49.769246" lon="9.513551">
        <ele>143.5</ele>
      </trkpt>
      <trkpt lat="49.76885" lon="9.513838">
        <ele>144.25</ele>
      </trkpt>
      <trkpt lat="49.768536" lon="9.514047">
        <ele>145.25</ele>
      </trkpt>
      <trkpt lat="49.767795" lon="9.51449">
        <ele>146</ele>
      </trkpt>
      <trkpt lat="49.767367" lon="9.514707">
        <ele>145.75</ele>
      </trkpt>
      <trkpt lat="49.766858" lon="9.514987">
        <ele>146.5</ele>
      </trkpt>
      <trkpt lat="49.766246" lon="9.515357">
        <ele>147</ele>
      </trkpt>
      <trkpt lat="49.765888" lon="9.515546">
        <ele>147.5</ele>
      </trkpt>
      <trkpt lat="49.765202" lon="9.515959">
        <ele>147.75</ele>
      </trkpt>
      <trkpt lat="49.764919" lon="9.516129">
        <ele>147.75</ele>
      </trkpt>
      <trkpt lat="49.764572" lon="9.516299">
        <ele>147.5</ele>
      </trkpt>
      <trkpt lat="49.764419" lon="9.516374">
        <ele>147.5</ele>
      </trkpt>
      <trkpt lat="49.764313" lon="9.516461">
        <ele>148</ele>
      </trkpt>
      <trkpt lat="49.764193" lon="9.516573">
        <ele>147.75</ele>
      </trkpt>
      <trkpt lat="49.764193" lon="9.516573">
        <ele>147.75</ele>
      </trkpt>
      <trkpt lat="49.764057" lon="9.516702">
        <ele>147.75</ele>
      </trkpt>
      <trkpt lat="49.763837" lon="9.516986">
        <ele>145.75</ele>
      </trkpt>
      <trkpt lat="49.763723" lon="9.517167">
        <ele>145</ele>
      </trkpt>
      <trkpt lat="49.763692" lon="9.517236">
        <ele>144.75</ele>
      </trkpt>
      <trkpt lat="49.763654" lon="9.517349">
        <ele>144.75</ele>
      </trkpt>
      <trkpt lat="49.763414" lon="9.518218">
        <ele>145.25</ele>
      </trkpt>
      <trkpt lat="49.763377" lon="9.518337">
        <ele>145.25</ele>
      </trkpt>
      <trkpt lat="49.763207" lon="9.518915">
        <ele>145.5</ele>
      </trkpt>
      <trkpt lat="49.763042" lon="9.519441">
        <ele>145.5</ele>
      </trkpt>
      <trkpt lat="49.762521" lon="9.521023">
        <ele>145.5</ele>
      </trkpt>
      <trkpt lat="49.762424" lon="9.521369">
        <ele>145.25</ele>
      </trkpt>
      <trkpt lat="49.762372" lon="9.52167">
        <ele>145.25</ele>
      </trkpt>
      <trkpt lat="49.762354" lon="9.521901">
        <ele>145</ele>
      </trkpt>
      <trkpt lat="49.76235" lon="9.522088">
        <ele>145</ele>
      </trkpt>
      <trkpt lat="49.76235" lon="9.522314">
        <ele>145</ele>
      </trkpt>
      <trkpt lat="49.762358" lon="9.522552">
        <ele>145.25</ele>
      </trkpt>
      <trkpt lat="49.762397" lon="9.523526">
        <ele>146.25</ele>
      </trkpt>
      <trkpt lat="49.762423" lon="9.524208">
        <ele>145.5</ele>
      </trkpt>
      <trkpt lat="49.762413" lon="9.52429">
        <ele>145.25</ele>
      </trkpt>
      <trkpt lat="49.762363" lon="9.52443">
        <ele>144</ele>
      </trkpt>
      <trkpt lat="49.762298" lon="9.524524">
        <ele>142.75</ele>
      </trkpt>
      <trkpt lat="49.76225" lon="9.524572">
        <ele>142</ele>
      </trkpt>
      <trkpt lat="49.762204" lon="9.524603">
        <ele>141.5</ele>
      </trkpt>
      <trkpt lat="49.762082" lon="9.524641">
        <ele>139.75</ele>
      </trkpt>
      <trkpt lat="49.762082" lon="9.524641">
        <ele>134.22</ele>
      </trkpt>
      <trkpt lat="49.762035" lon="9.524635">
        <ele>134.18</ele>
      </trkpt>
      <trkpt lat="49.760386" lon="9.524163">
        <ele>177.03</ele>
      </trkpt>
      <trkpt lat="49.760331" lon="9.524134">
        <ele>179.6</ele>
      </trkpt>
      <trkpt lat="49.760286" lon="9.524072">
        <ele>181.73</ele>
      </trkpt>
      <trkpt lat="49.760256" lon="9.523987">
        <ele>183.13</ele>
      </trkpt>
      <trkpt lat="49.760231" lon="9.523838">
        <ele>184.32</ele>
      </trkpt>
      <trkpt lat="49.760214" lon="9.523328">
        <ele>185.27</ele>
      </trkpt>
      <trkpt lat="49.760208" lon="9.522873">
        <ele>185.27</ele>
      </trkpt>
      <trkpt lat="49.760217" lon="9.522475">
        <ele>184.49</ele>
      </trkpt>
      <trkpt lat="49.760253" lon="9.522011">
        <ele>182.39</ele>
      </trkpt>
      <trkpt lat="49.760279" lon="9.521838">
        <ele>180.97</ele>
      </trkpt>
      <trkpt lat="49.760531" lon="9.521046">
        <ele>166.33</ele>
      </trkpt>
      <trkpt lat="49.760551" lon="9.520797">
        <ele>164.62</ele>
      </trkpt>
      <trkpt lat="49.76054" lon="9.520706">
        <ele>164.62</ele>
      </trkpt>
      <trkpt lat="49.760507" lon="9.520631">
        <ele>165.44</ele>
      </trkpt>
      <trkpt lat="49.760387" lon="9.520525">
        <ele>169.38</ele>
      </trkpt>
      <trkpt lat="49.760353" lon="9.52051">
        <ele>170.62</ele>
      </trkpt>
      <trkpt lat="49.760404" lon="9.520246">
        <ele>166.17</ele>
      </trkpt>
      <trkpt lat="49.760718" lon="9.518868">
        <ele>146.74</ele>
      </trkpt>
      <trkpt lat="49.760838" lon="9.518199">
        <ele>145.84</ele>
      </trkpt>
      <trkpt lat="49.760931" lon="9.517787">
        <ele>145.6</ele>
      </trkpt>
      <trkpt lat="49.7611" lon="9.517159">
        <ele>144.32</ele>
      </trkpt>
      <trkpt lat="49.761278" lon="9.516598">
        <ele>141.88</ele>
      </trkpt>
      <trkpt lat="49.761427" lon="9.516208">
        <ele>139.9</ele>
      </trkpt>
      <trkpt lat="49.761612" lon="9.515783">
        <ele>138.11</ele>
      </trkpt>
      <trkpt lat="49.76194" lon="9.51514">
        <ele>138.64</ele>
      </trkpt>
      <trkpt lat="49.762023" lon="9.515005">
        <ele>138.85</ele>
      </trkpt>
      <trkpt lat="49.762001" lon="9.514864">
        <ele>139.21</ele>
      </trkpt>
      <trkpt lat="49.7619" lon="9.514692">
        <ele>139.91</ele>
      </trkpt>
      <trkpt lat="49.761703" lon="9.514662">
        <ele>140.18</ele>
      </trkpt>
      <trkpt lat="49.76155" lon="9.514664">
        <ele>140.56</ele>
      </trkpt>
      <trkpt lat="49.761284" lon="9.514735">
        <ele>141.3</ele>
      </trkpt>
      <trkpt lat="49.760996" lon="9.514833">
        <ele>141.84</ele>
      </trkpt>
      <trkpt lat="49.7606" lon="9.515001">
        <ele>143.14</ele>
      </trkpt>
      <trkpt lat="49.759899" lon="9.51538">
        <ele>144.72</ele>
      </trkpt>
      <trkpt lat="49.759424" lon="9.51568">
        <ele>142.99</ele>
      </trkpt>
      <trkpt lat="49.759088" lon="9.51592">
        <ele>142.72</ele>
      </trkpt>
      <trkpt lat="49.75895" lon="9.516047">
        <ele>143.42</ele>
      </trkpt>
      <trkpt lat="49.758854" lon="9.51617">
        <ele>143.79</ele>
      </trkpt>
      <trkpt lat="49.758775" lon="9.516332">
        <ele>143.87</ele>
      </trkpt>
      <trkpt lat="49.758739" lon="9.516456">
        <ele>143.73</ele>
      </trkpt>
      <trkpt lat="49.758725" lon="9.516579">
        <ele>143.4</ele>
      </trkpt>
      <trkpt lat="49.758775" lon="9.516915">
        <ele>142.58</ele>
      </trkpt>
      <trkpt lat="49.758783" lon="9.517019">
        <ele>142.43</ele>
      </trkpt>
      <trkpt lat="49.758774" lon="9.517141">
        <ele>142.32</ele>
      </trkpt>
      <trkpt lat="49.758732" lon="9.517274">
        <ele>142.23</ele>
      </trkpt>
      <trkpt lat="49.758652" lon="9.517405">
        <ele>142.03</ele>
      </trkpt>
      <trkpt lat="49.758523" lon="9.517563">
        <ele>142</ele>
      </trkpt>
      <trkpt lat="49.758395" lon="9.517685">
        <ele>142</ele>
      </trkpt>
      <trkpt lat="49.757631" lon="9.518283">
        <ele>142.01</ele>
      </trkpt>
      <trkpt lat="49.757158" lon="9.518592">
        <ele>142.37</ele>
      </trkpt>
      <trkpt lat="49.756553" lon="9.51906">
        <ele>139.41</ele>
      </trkpt>
      <trkpt lat="49.756131" lon="9.519369">
        <ele>139.66</ele>
      </trkpt>
      <trkpt lat="49.755811" lon="9.519591">
        <ele>138.62</ele>
      </trkpt>
      <trkpt lat="49.755436" lon="9.519814">
        <ele>138.25</ele>
      </trkpt>
      <trkpt lat="49.755112" lon="9.519953">
        <ele>139.04</ele>
      </trkpt>
      <trkpt lat="49.754758" lon="9.520048">
        <ele>140.46</ele>
      </trkpt>
      <trkpt lat="49.754598" lon="9.520067">
        <ele>140.62</ele>
      </trkpt>
      <trkpt lat="49.753292" lon="9.52003">
        <ele>144.45</ele>
      </trkpt>
      <trkpt lat="49.752597" lon="9.519991">
        <ele>153.53</ele>
      </trkpt>
      <trkpt lat="49.752543" lon="9.519972">
        <ele>153.9</ele>
      </trkpt>
      <trkpt lat="49.752506" lon="9.519944">
        <ele>153.87</ele>
      </trkpt>
      <trkpt lat="49.752467" lon="9.519898">
        <ele>153.65</ele>
      </trkpt>
      <trkpt lat="49.752298" lon="9.519595">
        <ele>154</ele>
      </trkpt>
      <trkpt lat="49.751906" lon="9.518843">
        <ele>154.43</ele>
      </trkpt>
      <trkpt lat="49.751724" lon="9.518457">
        <ele>154.39</ele>
      </trkpt>
      <trkpt lat="49.751675" lon="9.518327">
        <ele>153.97</ele>
      </trkpt>
      <trkpt lat="49.751639" lon="9.518205">
        <ele>153.58</ele>
      </trkpt>
      <trkpt lat="49.751554" lon="9.517877">
        <ele>154.04</ele>
      </trkpt>
      <trkpt lat="49.751396" lon="9.517181">
        <ele>153.61</ele>
      </trkpt>
      <trkpt lat="49.751344" lon="9.516981">
        <ele>153.06</ele>
      </trkpt>
      <trkpt lat="49.751308" lon="9.516879">
        <ele>152.88</ele>
      </trkpt>
      <trkpt lat="49.750603" lon="9.515201">
        <ele>148.12</ele>
      </trkpt>
      <trkpt lat="49.75031" lon="9.514539">
        <ele>147.95</ele>
      </trkpt>
      <trkpt lat="49.749817" lon="9.513519">
        <ele>145.86</ele>
      </trkpt>
      <trkpt lat="49.74951" lon="9.513044">
        <ele>146.86</ele>
      </trkpt>
      <trkpt lat="49.749111" lon="9.51251">
        <ele>146.66</ele>
      </trkpt>
      <trkpt lat="49.748869" lon="9.512259">
        <ele>147.41</ele>
      </trkpt>
      <trkpt lat="49.748688" lon="9.512133">
        <ele>148.08</ele>
      </trkpt>
      <trkpt lat="49.748038" lon="9.511813">
        <ele>148.01</ele>
      </trkpt>
      <trkpt lat="49.746718" lon="9.511235">
        <ele>144.58</ele>
      </trkpt>
      <trkpt lat="49.746345" lon="9.511186">
        <ele>147.63</ele>
      </trkpt>
      <trkpt lat="49.746154" lon="9.511203">
        <ele>149.25</ele>
      </trkpt>
      <trkpt lat="49.74599" lon="9.511237">
        <ele>150.16</ele>
      </trkpt>
      <trkpt lat="49.745777" lon="9.511312">
        <ele>150.53</ele>
      </trkpt>
      <trkpt lat="49.745478" lon="9.511456">
        <ele>153.68</ele>
      </trkpt>
      <trkpt lat="49.745073" lon="9.511727">
        <ele>156.26</ele>
      </trkpt>
      <trkpt lat="49.744852" lon="9.511932">
        <ele>157.32</ele>
      </trkpt>
      <trkpt lat="49.744564" lon="9.512238">
        <ele>158.53</ele>
      </trkpt>
      <trkpt lat="49.744413" lon="9.512446">
        <ele>157.7</ele>
      </trkpt>
      <trkpt lat="49.744263" lon="9.512691">
        <ele>157.36</ele>
      </trkpt>
      <trkpt lat="49.744154" lon="9.512887">
        <ele>156.08</ele>
      </trkpt>
      <trkpt lat="49.744062" lon="9.51309">
        <ele>155.16</ele>
      </trkpt>
      <trkpt lat="49.743998" lon="9.51333">
        <ele>153.76</ele>
      </trkpt>
      <trkpt lat="49.743956" lon="9.513524">
        <ele>153.19</ele>
      </trkpt>
      <trkpt lat="49.74382" lon="9.514361">
        <ele>148.96</ele>
      </trkpt>
      <trkpt lat="49.743756" lon="9.514906">
        <ele>146.71</ele>
      </trkpt>
      <trkpt lat="49.743741" lon="9.515159">
        <ele>146.74</ele>
      </trkpt>
      <trkpt lat="49.743734" lon="9.515518">
        <ele>146.64</ele>
      </trkpt>
      <trkpt lat="49.743744" lon="9.515813">
        <ele>146.5</ele>
      </trkpt>
      <trkpt lat="49.743807" lon="9.516291">
        <ele>146.87</ele>
      </trkpt>
      <trkpt lat="49.743887" lon="9.516618">
        <ele>146.16</ele>
      </trkpt>
      <trkpt lat="49.744487" lon="9.518365">
        <ele>144.7</ele>
      </trkpt>
      <trkpt lat="49.744917" lon="9.519326">
        <ele>143.01</ele>
      </trkpt>
      <trkpt lat="49.745531" lon="9.520485">
        <ele>145.7</ele>
      </trkpt>
      <trkpt lat="49.745886" lon="9.521292">
        <ele>145.61</ele>
      </trkpt>
      <trkpt lat="49.7461" lon="9.521942">
        <ele>146.61</ele>
      </trkpt>
      <trkpt lat="49.746172" lon="9.522201">
        <ele>146.53</ele>
      </trkpt>
      <trkpt lat="49.746269" lon="9.522737">
        <ele>146.13</ele>
      </trkpt>
      <trkpt lat="49.746311" lon="9.523062">
        <ele>145.92</ele>
      </trkpt>
      <trkpt lat="49.746334" lon="9.523342">
        <ele>145.74</ele>
      </trkpt>
      <trkpt lat="49.74634" lon="9.523621">
        <ele>145.84</ele>
      </trkpt>
      <trkpt lat="49.74633" lon="9.523987">
        <ele>146.07</ele>
      </trkpt>
      <trkpt lat="49.746299" lon="9.524365">
        <ele>146.68</ele>
      </trkpt>
      <trkpt lat="49.746235" lon="9.5248">
        <ele>147.66</ele>
      </trkpt>
      <trkpt lat="49.746186" lon="9.525055">
        <ele>147.98</ele>
      </trkpt>
      <trkpt lat="49.746128" lon="9.525275">
        <ele>148.07</ele>
      </trkpt>
      <trkpt lat="49.746051" lon="9.525456">
        <ele>148.25</ele>
      </trkpt>
      <trkpt lat="49.745952" lon="9.52563">
        <ele>148.47</ele>
      </trkpt>
      <trkpt lat="49.745871" lon="9.525738">
        <ele>148.65</ele>
      </trkpt>
      <trkpt lat="49.745493" lon="9.526064">
        <ele>148.94</ele>
      </trkpt>
      <trkpt lat="49.744897" lon="9.526519">
        <ele>149.14</ele>
      </trkpt>
      <trkpt lat="49.744357" lon="9.52687">
        <ele>145.97</ele>
      </trkpt>
      <trkpt lat="49.743317" lon="9.527524">
        <ele>143.02</ele>
      </trkpt>
      <trkpt lat="49.743084" lon="9.527651">
        <ele>142.82</ele>
      </trkpt>
      <trkpt lat="49.742878" lon="9.527744">
        <ele>142.7</ele>
      </trkpt>
      <trkpt lat="49.742711" lon="9.527794">
        <ele>142.62</ele>
      </trkpt>
      <trkpt lat="49.742553" lon="9.527822">
        <ele>142.54</ele>
      </trkpt>
      <trkpt lat="49.742348" lon="9.52784">
        <ele>142.96</ele>
      </trkpt>
      <trkpt lat="49.742071" lon="9.527811">
        <ele>144.05</ele>
      </trkpt>
      <trkpt lat="49.740839" lon="9.527262">
        <ele>151.02</ele>
      </trkpt>
      <trkpt lat="49.740175" lon="9.526781">
        <ele>160.53</ele>
      </trkpt>
      <trkpt lat="49.739666" lon="9.526255">
        <ele>164.36</ele>
      </trkpt>
      <trkpt lat="49.738966" lon="9.525368">
        <ele>165.67</ele>
      </trkpt>
      <trkpt lat="49.738642" lon="9.524934">
        <ele>167.45</ele>
      </trkpt>
      <trkpt lat="49.737467" lon="9.522811">
        <ele>157.94</ele>
      </trkpt>
      <trkpt lat="49.736809" lon="9.521547">
        <ele>148.86</ele>
      </trkpt>
      <trkpt lat="49.736457" lon="9.520904">
        <ele>147.02</ele>
      </trkpt>
      <trkpt lat="49.736148" lon="9.520464">
        <ele>147.94</ele>
      </trkpt>
      <trkpt lat="49.735746" lon="9.519984">
        <ele>147.52</ele>
      </trkpt>
      <trkpt lat="49.735347" lon="9.51964">
        <ele>147.04</ele>
      </trkpt>
      <trkpt lat="49.73521" lon="9.519535">
        <ele>147.09</ele>
      </trkpt>
      <trkpt lat="49.735082" lon="9.519456">
        <ele>147.21</ele>
      </trkpt>
      <trkpt lat="49.734892" lon="9.519372">
        <ele>147.44</ele>
      </trkpt>
      <trkpt lat="49.734605" lon="9.519271">
        <ele>147.73</ele>
      </trkpt>
      <trkpt lat="49.734107" lon="9.519217">
        <ele>148.35</ele>
      </trkpt>
      <trkpt lat="49.733713" lon="9.519265">
        <ele>149.38</ele>
      </trkpt>
      <trkpt lat="49.733424" lon="9.519339">
        <ele>149.85</ele>
      </trkpt>
      <trkpt lat="49.733129" lon="9.519461">
        <ele>149.95</ele>
      </trkpt>
      <trkpt lat="49.732811" lon="9.519656">
        <ele>149.7</ele>
      </trkpt>
      <trkpt lat="49.732517" lon="9.519939">
        <ele>148.87</ele>
      </trkpt>
      <trkpt lat="49.73237" lon="9.520147">
        <ele>148.59</ele>
      </trkpt>
      <trkpt lat="49.732201" lon="9.520421">
        <ele>148.42</ele>
      </trkpt>
      <trkpt lat="49.732096" lon="9.520752">
        <ele>147.73</ele>
      </trkpt>
      <trkpt lat="49.732005" lon="9.521123">
        <ele>147.65</ele>
      </trkpt>
      <trkpt lat="49.731853" lon="9.521986">
        <ele>148.22</ele>
      </trkpt>
      <trkpt lat="49.731582" lon="9.523394">
        <ele>147.29</ele>
      </trkpt>
      <trkpt lat="49.731582" lon="9.523394">
        <ele>147.29</ele>
      </trkpt>
      <trkpt lat="49.731279" lon="9.524992">
        <ele>147.07</ele>
      </trkpt>
      <trkpt lat="49.731165" lon="9.525981">
        <ele>147.62</ele>
      </trkpt>
      <trkpt lat="49.731021" lon="9.527648">
        <ele>147.63</ele>
      </trkpt>
      <trkpt lat="49.730906" lon="9.52865">
        <ele>147.83</ele>
      </trkpt>
      <trkpt lat="49.730819" lon="9.52914">
        <ele>148.14</ele>
      </trkpt>
      <trkpt lat="49.730656" lon="9.52964">
        <ele>149.04</ele>
      </trkpt>
      <trkpt lat="49.730645" lon="9.529858">
        <ele>149.28</ele>
      </trkpt>
      <trkpt lat="49.730654" lon="9.529974">
        <ele>149.41</ele>
      </trkpt>
      <trkpt lat="49.730452" lon="9.530933">
        <ele>149.98</ele>
      </trkpt>
      <trkpt lat="49.730398" lon="9.531152">
        <ele>149.59</ele>
      </trkpt>
      <trkpt lat="49.730231" lon="9.531596">
        <ele>148.66</ele>
      </trkpt>
      <trkpt lat="49.73019" lon="9.531736">
        <ele>148.56</ele>
      </trkpt>
      <trkpt lat="49.73016" lon="9.531917">
        <ele>148.49</ele>
      </trkpt>
      <trkpt lat="49.730116" lon="9.532487">
        <ele>148.43</ele>
      </trkpt>
      <trkpt lat="49.730078" lon="9.532666">
        <ele>148.43</ele>
      </trkpt>
      <trkpt lat="49.730032" lon="9.532793">
        <ele>148.31</ele>
      </trkpt>
      <trkpt lat="49.729957" lon="9.532919">
        <ele>148.01</ele>
      </trkpt>
      <trkpt lat="49.729871" lon="9.533019">
        <ele>147.9</ele>
      </trkpt>
      <trkpt lat="49.729782" lon="9.533078">
        <ele>147.79</ele>
      </trkpt>
      <trkpt lat="49.729636" lon="9.533131">
        <ele>147.62</ele>
      </trkpt>
      <trkpt lat="49.72946" lon="9.533081">
        <ele>147.41</ele>
      </trkpt>
      <trkpt lat="49.728922" lon="9.532663">
        <ele>147.07</ele>
      </trkpt>
      <trkpt lat="49.728415" lon="9.532356">
        <ele>147.07</ele>
      </trkpt>
      <trkpt lat="49.728179" lon="9.532262">
        <ele>147.27</ele>
      </trkpt>
      <trkpt lat="49.727958" lon="9.532203">
        <ele>147.45</ele>
      </trkpt>
      <trkpt lat="49.727659" lon="9.532161">
        <ele>147.59</ele>
      </trkpt>
      <trkpt lat="49.726923" lon="9.532108">
        <ele>147.38</ele>
      </trkpt>
      <trkpt lat="49.726929" lon="9.531718">
        <ele>146.62</ele>
      </trkpt>
      <trkpt lat="49.726941" lon="9.531475">
        <ele>146.57</ele>
      </trkpt>
      <trkpt lat="49.727046" lon="9.530966">
        <ele>147.64</ele>
      </trkpt>
      <trkpt lat="49.727327" lon="9.530292">
        <ele>151.86</ele>
      </trkpt>
      <trkpt lat="49.727639" lon="9.529879">
        <ele>155.44</ele>
      </trkpt>
      <trkpt lat="49.728088" lon="9.52915">
        <ele>161.8</ele>
      </trkpt>
      <trkpt lat="49.728195" lon="9.528883">
        <ele>162.88</ele>
      </trkpt>
      <trkpt lat="49.728206" lon="9.528704">
        <ele>164.21</ele>
      </trkpt>
      <trkpt lat="49.728176" lon="9.528344">
        <ele>167.91</ele>
      </trkpt>
      <trkpt lat="49.728085" lon="9.527933">
        <ele>171.56</ele>
      </trkpt>
      <trkpt lat="49.728071" lon="9.527832">
        <ele>172.1</ele>
      </trkpt>
      <trkpt lat="49.728058" lon="9.527631">
        <ele>172.81</ele>
      </trkpt>
      <trkpt lat="49.728075" lon="9.527483">
        <ele>172.74</ele>
      </trkpt>
      <trkpt lat="49.72814" lon="9.527172">
        <ele>171.34</ele>
      </trkpt>
      <trkpt lat="49.728154" lon="9.527061">
        <ele>170.97</ele>
      </trkpt>
      <trkpt lat="49.728165" lon="9.526824">
        <ele>170.63</ele>
      </trkpt>
      <trkpt lat="49.728153" lon="9.526699">
        <ele>170.92</ele>
      </trkpt>
      <trkpt lat="49.728133" lon="9.526602">
        <ele>171.48</ele>
      </trkpt>
      <trkpt lat="49.728024" lon="9.526347">
        <ele>177.96</ele>
      </trkpt>
      <trkpt lat="49.727673" lon="9.525929">
        <ele>195.54</ele>
      </trkpt>
      <trkpt lat="49.727536" lon="9.525666">
        <ele>204.73</ele>
      </trkpt>
      <trkpt lat="49.727444" lon="9.525354">
        <ele>213.52</ele>
      </trkpt>
      <trkpt lat="49.727422" lon="9.525155">
        <ele>217.65</ele>
      </trkpt>
      <trkpt lat="49.72742" lon="9.524963">
        <ele>221.09</ele>
      </trkpt>
      <trkpt lat="49.727451" lon="9.524686">
        <ele>223.62</ele>
      </trkpt>
      <trkpt lat="49.727518" lon="9.524432">
        <ele>223.88</ele>
      </trkpt>
      <trkpt lat="49.727706" lon="9.52397">
        <ele>221.63</ele>
      </trkpt>
      <trkpt lat="49.727926" lon="9.52361">
        <ele>217.96</ele>
      </trkpt>
      <trkpt lat="49.727971" lon="9.523495">
        <ele>217.83</ele>
      </trkpt>
      <trkpt lat="49.727981" lon="9.523381">
        <ele>219</ele>
      </trkpt>
      <trkpt lat="49.727981" lon="9.523381">
        <ele>219.01</ele>
      </trkpt>
      <trkpt lat="49.727974" lon="9.523232">
        <ele>221.43</ele>
      </trkpt>
      <trkpt lat="49.727934" lon="9.523149">
        <ele>224.34</ele>
      </trkpt>
      <trkpt lat="49.727876" lon="9.523114">
        <ele>227.07</ele>
      </trkpt>
      <trkpt lat="49.727817" lon="9.523131">
        <ele>229.03</ele>
      </trkpt>
      <trkpt lat="49.727729" lon="9.523236">
        <ele>230.74</ele>
      </trkpt>
      <trkpt lat="49.727605" lon="9.523558">
        <ele>231.15</ele>
      </trkpt>
      <trkpt lat="49.727511" lon="9.523755">
        <ele>232.19</ele>
      </trkpt>
      <trkpt lat="49.726884" lon="9.524552">
        <ele>238.98</ele>
      </trkpt>
      <trkpt lat="49.726574" lon="9.525098">
        <ele>239.69</ele>
      </trkpt>
      <trkpt lat="49.72637" lon="9.525626">
        <ele>236.24</ele>
      </trkpt>
      <trkpt lat="49.726235" lon="9.52627">
        <ele>227.33</ele>
      </trkpt>
      <trkpt lat="49.7262" lon="9.526467">
        <ele>224.02</ele>
      </trkpt>
      <trkpt lat="49.726192" lon="9.526736">
        <ele>218.92</ele>
      </trkpt>
      <trkpt lat="49.726197" lon="9.526919">
        <ele>215.19</ele>
      </trkpt>
      <trkpt lat="49.726189" lon="9.527084">
        <ele>211.72</ele>
      </trkpt>
      <trkpt lat="49.726145" lon="9.527198">
        <ele>208.78</ele>
      </trkpt>
      <trkpt lat="49.726094" lon="9.527246">
        <ele>207.06</ele>
      </trkpt>
      <trkpt lat="49.72604" lon="9.527254">
        <ele>206.14</ele>
      </trkpt>
      <trkpt lat="49.725984" lon="9.527244">
        <ele>205.6</ele>
      </trkpt>
      <trkpt lat="49.725936" lon="9.52718">
        <ele>206.54</ele>
      </trkpt>
      <trkpt lat="49.725903" lon="9.527094">
        <ele>208.31</ele>
      </trkpt>
      <trkpt lat="49.725897" lon="9.526951">
        <ele>211.93</ele>
      </trkpt>
      <trkpt lat="49.725945" lon="9.526408">
        <ele>224.8</ele>
      </trkpt>
      <trkpt lat="49.725949" lon="9.526057">
        <ele>231.48</ele>
      </trkpt>
      <trkpt lat="49.725934" lon="9.525569">
        <ele>238.67</ele>
      </trkpt>
      <trkpt lat="49.725934" lon="9.525285">
        <ele>240.77</ele>
      </trkpt>
      <trkpt lat="49.725979" lon="9.524974">
        <ele>242.91</ele>
      </trkpt>
      <trkpt lat="49.726799" lon="9.521818">
        <ele>268.62</ele>
      </trkpt>
      <trkpt lat="49.727017" lon="9.521233">
        <ele>271.23</ele>
      </trkpt>
      <trkpt lat="49.727915" lon="9.519262">
        <ele>275.03</ele>
      </trkpt>
      <trkpt lat="49.728004" lon="9.518964">
        <ele>276.56</ele>
      </trkpt>
      <trkpt lat="49.728039" lon="9.518648">
        <ele>277.79</ele>
      </trkpt>
      <trkpt lat="49.728033" lon="9.517932">
        <ele>279.91</ele>
      </trkpt>
      <trkpt lat="49.728057" lon="9.51762">
        <ele>280.14</ele>
      </trkpt>
      <trkpt lat="49.728129" lon="9.517336">
        <ele>280.07</ele>
      </trkpt>
      <trkpt lat="49.728451" lon="9.516503">
        <ele>278.77</ele>
      </trkpt>
      <trkpt lat="49.728453" lon="9.516166">
        <ele>280.12</ele>
      </trkpt>
      <trkpt lat="49.72838" lon="9.515921">
        <ele>281.69</ele>
      </trkpt>
      <trkpt lat="49.72819" lon="9.51616">
        <ele>282.12</ele>
      </trkpt>
      <trkpt lat="49.728144" lon="9.516374">
        <ele>281.71</ele>
      </trkpt>
      <trkpt lat="49.72813" lon="9.516695">
        <ele>280.98</ele>
      </trkpt>
      <trkpt lat="49.728049" lon="9.516942">
        <ele>281.17</ele>
      </trkpt>
      <trkpt lat="49.727753" lon="9.517603">
        <ele>281.99</ele>
      </trkpt>
      <trkpt lat="49.726944" lon="9.518819">
        <ele>282.49</ele>
      </trkpt>
      <trkpt lat="49.726623" lon="9.5192">
        <ele>283.58</ele>
      </trkpt>
      <trkpt lat="49.726148" lon="9.519675">
        <ele>282.85</ele>
      </trkpt>
      <trkpt lat="49.725827" lon="9.519852">
        <ele>283.07</ele>
      </trkpt>
      <trkpt lat="49.725455" lon="9.519896">
        <ele>283.48</ele>
      </trkpt>
      <trkpt lat="49.724825" lon="9.519829">
        <ele>284.73</ele>
      </trkpt>
      <trkpt lat="49.724297" lon="9.519705">
        <ele>286.41</ele>
      </trkpt>
      <trkpt lat="49.724165" lon="9.51963">
        <ele>286.96</ele>
      </trkpt>
      <trkpt lat="49.724055" lon="9.519489">
        <ele>287.43</ele>
      </trkpt>
      <trkpt lat="49.723991" lon="9.519253">
        <ele>288.12</ele>
      </trkpt>
      <trkpt lat="49.723942" lon="9.518845">
        <ele>289.15</ele>
      </trkpt>
      <trkpt lat="49.723915" lon="9.517424">
        <ele>293.73</ele>
      </trkpt>
      <trkpt lat="49.723951" lon="9.516239">
        <ele>296.92</ele>
      </trkpt>
      <trkpt lat="49.723952" lon="9.515894">
        <ele>297.26</ele>
      </trkpt>
      <trkpt lat="49.723879" lon="9.51501">
        <ele>298.61</ele>
      </trkpt>
      <trkpt lat="49.723778" lon="9.513789">
        <ele>300.48</ele>
      </trkpt>
      <trkpt lat="49.72371" lon="9.513464">
        <ele>301.02</ele>
      </trkpt>
      <trkpt lat="49.723412" lon="9.512606">
        <ele>301.34</ele>
      </trkpt>
      <trkpt lat="49.723361" lon="9.512337">
        <ele>301.54</ele>
      </trkpt>
      <trkpt lat="49.723353" lon="9.512072">
        <ele>302.11</ele>
      </trkpt>
      <trkpt lat="49.723439" lon="9.510957">
        <ele>304.78</ele>
      </trkpt>
      <trkpt lat="49.723439" lon="9.510482">
        <ele>305.51</ele>
      </trkpt>
      <trkpt lat="49.723343" lon="9.508826">
        <ele>307.71</ele>
      </trkpt>
      <trkpt lat="49.723093" lon="9.506025">
        <ele>309.97</ele>
      </trkpt>
      <trkpt lat="49.722712" lon="9.502876">
        <ele>313</ele>
      </trkpt>
      <trkpt lat="49.721837" lon="9.503229">
        <ele>312.21</ele>
      </trkpt>
      <trkpt lat="49.72115" lon="9.503529">
        <ele>310.39</ele>
      </trkpt>
      <trkpt lat="49.720716" lon="9.503756">
        <ele>309.99</ele>
      </trkpt>
      <trkpt lat="49.719162" lon="9.504678">
        <ele>306.74</ele>
      </trkpt>
      <trkpt lat="49.718779" lon="9.504861">
        <ele>305.73</ele>
      </trkpt>
      <trkpt lat="49.718596" lon="9.504928">
        <ele>305.1</ele>
      </trkpt>
      <trkpt lat="49.717898" lon="9.505032">
        <ele>301.6</ele>
      </trkpt>
      <trkpt lat="49.717008" lon="9.505094">
        <ele>297.93</ele>
      </trkpt>
      <trkpt lat="49.71678" lon="9.505104">
        <ele>297.39</ele>
      </trkpt>
      <trkpt lat="49.716496" lon="9.505058">
        <ele>297.44</ele>
      </trkpt>
      <trkpt lat="49.716267" lon="9.504985">
        <ele>298.27</ele>
      </trkpt>
      <trkpt lat="49.715886" lon="9.504805">
        <ele>299.89</ele>
      </trkpt>
      <trkpt lat="49.715583" lon="9.50463">
        <ele>301.01</ele>
      </trkpt>
      <trkpt lat="49.715204" lon="9.504446">
        <ele>301.74</ele>
      </trkpt>
      <trkpt lat="49.714322" lon="9.504081">
        <ele>300.48</ele>
      </trkpt>
      <trkpt lat="49.713764" lon="9.503791">
        <ele>296.94</ele>
      </trkpt>
      <trkpt lat="49.713411" lon="9.503621">
        <ele>293.87</ele>
      </trkpt>
      <trkpt lat="49.712778" lon="9.503346">
        <ele>283.71</ele>
      </trkpt>
      <trkpt lat="49.712778" lon="9.503346">
        <ele>296</ele>
      </trkpt>
      <trkpt lat="49.71271" lon="9.503289">
        <ele>295.25</ele>
      </trkpt>
      <trkpt lat="49.712693" lon="9.503258">
        <ele>294.75</ele>
      </trkpt>
      <trkpt lat="49.712692" lon="9.503257">
        <ele>295</ele>
      </trkpt>
      <trkpt lat="49.712662" lon="9.503204">
        <ele>294.75</ele>
      </trkpt>
      <trkpt lat="49.712651" lon="9.503096">
        <ele>294.5</ele>
      </trkpt>
      <trkpt lat="49.71274" lon="9.502666">
        <ele>294.25</ele>
      </trkpt>
      <trkpt lat="49.712755" lon="9.502436">
        <ele>294</ele>
      </trkpt>
      <trkpt lat="49.712777" lon="9.502025">
        <ele>293.75</ele>
      </trkpt>
      <trkpt lat="49.712768" lon="9.501467">
        <ele>293.25</ele>
      </trkpt>
      <trkpt lat="49.712754" lon="9.499947">
        <ele>293.25</ele>
      </trkpt>
      <trkpt lat="49.712894" lon="9.498769">
        <ele>294.75</ele>
      </trkpt>
      <trkpt lat="49.712957" lon="9.498235">
        <ele>295.75</ele>
      </trkpt>
      <trkpt lat="49.713046" lon="9.497515">
        <ele>296.75</ele>
      </trkpt>
      <trkpt lat="49.713206" lon="9.496826">
        <ele>297</ele>
      </trkpt>
      <trkpt lat="49.713226" lon="9.496675">
        <ele>296.75</ele>
      </trkpt>
      <trkpt lat="49.713262" lon="9.496402">
        <ele>297</ele>
      </trkpt>
      <trkpt lat="49.713325" lon="9.495888">
        <ele>297</ele>
      </trkpt>
      <trkpt lat="49.713398" lon="9.495582">
        <ele>297</ele>
      </trkpt>
      <trkpt lat="49.713419" lon="9.495518">
        <ele>297</ele>
      </trkpt>
      <trkpt lat="49.713915" lon="9.494508">
        <ele>298.5</ele>
      </trkpt>
      <trkpt lat="49.714185" lon="9.493951">
        <ele>299.75</ele>
      </trkpt>
      <trkpt lat="49.714262" lon="9.493737">
        <ele>300.75</ele>
      </trkpt>
      <trkpt lat="49.714311" lon="9.493511">
        <ele>301.5</ele>
      </trkpt>
      <trkpt lat="49.714334" lon="9.493324">
        <ele>302</ele>
      </trkpt>
      <trkpt lat="49.71435" lon="9.493123">
        <ele>302.5</ele>
      </trkpt>
      <trkpt lat="49.714343" lon="9.492993">
        <ele>302.75</ele>
      </trkpt>
      <trkpt lat="49.714327" lon="9.492861">
        <ele>303</ele>
      </trkpt>
      <trkpt lat="49.714295" lon="9.492738">
        <ele>303.25</ele>
      </trkpt>
      <trkpt lat="49.714252" lon="9.492622">
        <ele>303.5</ele>
      </trkpt>
      <trkpt lat="49.714199" lon="9.492539">
        <ele>303.75</ele>
      </trkpt>
      <trkpt lat="49.714149" lon="9.49249">
        <ele>304</ele>
      </trkpt>
      <trkpt lat="49.714118" lon="9.492473">
        <ele>304</ele>
      </trkpt>
      <trkpt lat="49.713975" lon="9.492403">
        <ele>304.5</ele>
      </trkpt>
      <trkpt lat="49.7139" lon="9.492381">
        <ele>304.75</ele>
      </trkpt>
      <trkpt lat="49.713431" lon="9.492223">
        <ele>306.25</ele>
      </trkpt>
      <trkpt lat="49.712745" lon="9.491918">
        <ele>312.5</ele>
      </trkpt>
      <trkpt lat="49.712642" lon="9.491885">
        <ele>313.25</ele>
      </trkpt>
      <trkpt lat="49.712452" lon="9.491862">
        <ele>314.75</ele>
      </trkpt>
      <trkpt lat="49.711944" lon="9.491951">
        <ele>316.5</ele>
      </trkpt>
      <trkpt lat="49.711739" lon="9.491976">
        <ele>317.25</ele>
      </trkpt>
      <trkpt lat="49.711582" lon="9.491969">
        <ele>318.25</ele>
      </trkpt>
      <trkpt lat="49.711437" lon="9.491942">
        <ele>319.5</ele>
      </trkpt>
      <trkpt lat="49.710941" lon="9.491791">
        <ele>323.5</ele>
      </trkpt>
      <trkpt lat="49.709811" lon="9.491428">
        <ele>328.75</ele>
      </trkpt>
      <trkpt lat="49.709384" lon="9.491279">
        <ele>330.75</ele>
      </trkpt>
      <trkpt lat="49.706921" lon="9.489182">
        <ele>333.75</ele>
      </trkpt>
      <trkpt lat="49.706676" lon="9.488936">
        <ele>333</ele>
      </trkpt>
      <trkpt lat="49.706463" lon="9.488698">
        <ele>332.25</ele>
      </trkpt>
      <trkpt lat="49.706361" lon="9.488579">
        <ele>332</ele>
      </trkpt>
      <trkpt lat="49.70626" lon="9.488438">
        <ele>331.5</ele>
      </trkpt>
      <trkpt lat="49.706175" lon="9.488304">
        <ele>331</ele>
      </trkpt>
      <trkpt lat="49.706109" lon="9.488174">
        <ele>331</ele>
      </trkpt>
      <trkpt lat="49.706065" lon="9.488071">
        <ele>330.75</ele>
      </trkpt>
      <trkpt lat="49.706022" lon="9.487933">
        <ele>330.75</ele>
      </trkpt>
      <trkpt lat="49.705957" lon="9.487639">
        <ele>330.5</ele>
      </trkpt>
      <trkpt lat="49.705935" lon="9.487449">
        <ele>330.5</ele>
      </trkpt>
      <trkpt lat="49.70593" lon="9.48738">
        <ele>330.5</ele>
      </trkpt>
      <trkpt lat="49.705914" lon="9.487163">
        <ele>331</ele>
      </trkpt>
      <trkpt lat="49.705863" lon="9.486145">
        <ele>333.75</ele>
      </trkpt>
      <trkpt lat="49.705841" lon="9.485915">
        <ele>334.5</ele>
      </trkpt>
      <trkpt lat="49.705814" lon="9.485761">
        <ele>334.75</ele>
      </trkpt>
      <trkpt lat="49.705758" lon="9.485596">
        <ele>334.25</ele>
      </trkpt>
      <trkpt lat="49.705706" lon="9.485488">
        <ele>334.25</ele>
      </trkpt>
      <trkpt lat="49.705614" lon="9.485359">
        <ele>333.75</ele>
      </trkpt>
      <trkpt lat="49.70544" lon="9.485181">
        <ele>333.5</ele>
      </trkpt>
      <trkpt lat="49.701474" lon="9.481155">
        <ele>335.5</ele>
      </trkpt>
      <trkpt lat="49.700835" lon="9.480519">
        <ele>335.75</ele>
      </trkpt>
      <trkpt lat="49.700741" lon="9.480397">
        <ele>336</ele>
      </trkpt>
      <trkpt lat="49.700648" lon="9.480243">
        <ele>336.25</ele>
      </trkpt>
      <trkpt lat="49.700581" lon="9.480097">
        <ele>336.5</ele>
      </trkpt>
      <trkpt lat="49.700534" lon="9.479951">
        <ele>336.75</ele>
      </trkpt>
      <trkpt lat="49.700504" lon="9.479835">
        <ele>337</ele>
      </trkpt>
      <trkpt lat="49.700478" lon="9.479669">
        <ele>337.25</ele>
      </trkpt>
      <trkpt lat="49.700451" lon="9.479301">
        <ele>338</ele>
      </trkpt>
      <trkpt lat="49.700437" lon="9.478966">
        <ele>338.5</ele>
      </trkpt>
      <trkpt lat="49.700418" lon="9.478709">
        <ele>339</ele>
      </trkpt>
      <trkpt lat="49.700391" lon="9.478521">
        <ele>339.25</ele>
      </trkpt>
      <trkpt lat="49.700353" lon="9.478332">
        <ele>339.5</ele>
      </trkpt>
      <trkpt lat="49.700217" lon="9.477829">
        <ele>339.5</ele>
      </trkpt>
      <trkpt lat="49.69964" lon="9.47602">
        <ele>341.75</ele>
      </trkpt>
      <trkpt lat="49.699553" lon="9.475805">
        <ele>342</ele>
      </trkpt>
      <trkpt lat="49.699453" lon="9.475609">
        <ele>341.75</ele>
      </trkpt>
      <trkpt lat="49.699326" lon="9.475408">
        <ele>341.5</ele>
      </trkpt>
      <trkpt lat="49.698713" lon="9.47449">
        <ele>342.25</ele>
      </trkpt>
      <trkpt lat="49.698507" lon="9.474199">
        <ele>343</ele>
      </trkpt>
      <trkpt lat="49.698337" lon="9.474004">
        <ele>343.75</ele>
      </trkpt>
      <trkpt lat="49.698173" lon="9.473836">
        <ele>344.25</ele>
      </trkpt>
      <trkpt lat="49.697947" lon="9.473646">
        <ele>344.75</ele>
      </trkpt>
      <trkpt lat="49.697723" lon="9.473491">
        <ele>345.25</ele>
      </trkpt>
      <trkpt lat="49.697397" lon="9.473288">
        <ele>346.25</ele>
      </trkpt>
      <trkpt lat="49.696961" lon="9.473">
        <ele>348</ele>
      </trkpt>
      <trkpt lat="49.696666" lon="9.472774">
        <ele>349.25</ele>
      </trkpt>
      <trkpt lat="49.696552" lon="9.472653">
        <ele>349.5</ele>
      </trkpt>
      <trkpt lat="49.696377" lon="9.472439">
        <ele>350.25</ele>
      </trkpt>
      <trkpt lat="49.696068" lon="9.472028">
        <ele>352</ele>
      </trkpt>
      <trkpt lat="49.695871" lon="9.471781">
        <ele>353.5</ele>
      </trkpt>
      <trkpt lat="49.695628" lon="9.471498">
        <ele>354</ele>
      </trkpt>
      <trkpt lat="49.695237" lon="9.471034">
        <ele>355</ele>
      </trkpt>
      <trkpt lat="49.695157" lon="9.470979">
        <ele>355.25</ele>
      </trkpt>
      <trkpt lat="49.694226" lon="9.47">
        <ele>359.5</ele>
      </trkpt>
      <trkpt lat="49.693752" lon="9.469399">
        <ele>361.25</ele>
      </trkpt>
      <trkpt lat="49.693561" lon="9.469123">
        <ele>362</ele>
      </trkpt>
      <trkpt lat="49.69311" lon="9.468573">
        <ele>363.75</ele>
      </trkpt>
      <trkpt lat="49.692991" lon="9.468452">
        <ele>364.5</ele>
      </trkpt>
      <trkpt lat="49.692609" lon="9.467986">
        <ele>366.25</ele>
      </trkpt>
      <trkpt lat="49.692027" lon="9.467328">
        <ele>368.5</ele>
      </trkpt>
      <trkpt lat="49.691861" lon="9.467007">
        <ele>369.25</ele>
      </trkpt>
      <trkpt lat="49.691636" lon="9.467154">
        <ele>370</ele>
      </trkpt>
      <trkpt lat="49.691547" lon="9.467185">
        <ele>370</ele>
      </trkpt>
      <trkpt lat="49.691515" lon="9.467184">
        <ele>370</ele>
      </trkpt>
      <trkpt lat="49.691466" lon="9.467182">
        <ele>370</ele>
      </trkpt>
      <trkpt lat="49.69131" lon="9.467132">
        <ele>370</ele>
      </trkpt>
      <trkpt lat="49.691218" lon="9.467054">
        <ele>370.25</ele>
      </trkpt>
      <trkpt lat="49.691023" lon="9.466817">
        <ele>370</ele>
      </trkpt>
      <trkpt lat="49.690928" lon="9.466726">
        <ele>370</ele>
      </trkpt>
      <trkpt lat="49.690832" lon="9.46666">
        <ele>369.75</ele>
      </trkpt>
      <trkpt lat="49.690731" lon="9.46662">
        <ele>370</ele>
      </trkpt>
      <trkpt lat="49.690669" lon="9.466619">
        <ele>370</ele>
      </trkpt>
      <trkpt lat="49.6906" lon="9.466626">
        <ele>370</ele>
      </trkpt>
      <trkpt lat="49.690513" lon="9.466656">
        <ele>370.25</ele>
      </trkpt>
      <trkpt lat="49.690449" lon="9.466711">
        <ele>370.5</ele>
      </trkpt>
      <trkpt lat="49.69042" lon="9.466771">
        <ele>370.5</ele>
      </trkpt>
      <trkpt lat="49.690386" lon="9.466837">
        <ele>370.5</ele>
      </trkpt>
      <trkpt lat="49.690356" lon="9.466941">
        <ele>370.75</ele>
      </trkpt>
      <trkpt lat="49.690313" lon="9.467188">
        <ele>371.25</ele>
      </trkpt>
      <trkpt lat="49.690295" lon="9.467546">
        <ele>371.5</ele>
      </trkpt>
      <trkpt lat="49.690273" lon="9.467799">
        <ele>372</ele>
      </trkpt>
      <trkpt lat="49.690271" lon="9.467824">
        <ele>372</ele>
      </trkpt>
      <trkpt lat="49.690248" lon="9.468063">
        <ele>372.25</ele>
      </trkpt>
      <trkpt lat="49.690218" lon="9.468275">
        <ele>372.5</ele>
      </trkpt>
      <trkpt lat="49.690187" lon="9.468433">
        <ele>372.5</ele>
      </trkpt>
      <trkpt lat="49.690132" lon="9.46858">
        <ele>372.75</ele>
      </trkpt>
      <trkpt lat="49.690067" lon="9.468675">
        <ele>372.75</ele>
      </trkpt>
      <trkpt lat="49.689976" lon="9.468733">
        <ele>373</ele>
      </trkpt>
      <trkpt lat="49.689849" lon="9.468767">
        <ele>373</ele>
      </trkpt>
      <trkpt lat="49.689721" lon="9.468743">
        <ele>373</ele>
      </trkpt>
      <trkpt lat="49.689599" lon="9.468709">
        <ele>373.25</ele>
      </trkpt>
      <trkpt lat="49.689211" lon="9.468552">
        <ele>373.5</ele>
      </trkpt>
      <trkpt lat="49.688808" lon="9.468405">
        <ele>374.25</ele>
      </trkpt>
      <trkpt lat="49.688496" lon="9.468302">
        <ele>374.5</ele>
      </trkpt>
      <trkpt lat="49.688284" lon="9.468248">
        <ele>374.75</ele>
      </trkpt>
      <trkpt lat="49.688137" lon="9.46823">
        <ele>375</ele>
      </trkpt>
      <trkpt lat="49.688024" lon="9.468224">
        <ele>375</ele>
      </trkpt>
      <trkpt lat="49.687717" lon="9.46824">
        <ele>375.5</ele>
      </trkpt>
      <trkpt lat="49.687438" lon="9.468313">
        <ele>375.75</ele>
      </trkpt>
      <trkpt lat="49.68724" lon="9.468385">
        <ele>375.75</ele>
      </trkpt>
      <trkpt lat="49.68712" lon="9.468456">
        <ele>375.75</ele>
      </trkpt>
      <trkpt lat="49.686609" lon="9.468754">
        <ele>376.5</ele>
      </trkpt>
      <trkpt lat="49.686013" lon="9.469112">
        <ele>377.5</ele>
      </trkpt>
      <trkpt lat="49.685724" lon="9.469262">
        <ele>377.75</ele>
      </trkpt>
      <trkpt lat="49.68562" lon="9.469302">
        <ele>377.5</ele>
      </trkpt>
      <trkpt lat="49.685466" lon="9.469376">
        <ele>377.25</ele>
      </trkpt>
      <trkpt lat="49.685182" lon="9.46945">
        <ele>376.75</ele>
      </trkpt>
      <trkpt lat="49.684827" lon="9.469525">
        <ele>375.75</ele>
      </trkpt>
      <trkpt lat="49.684149" lon="9.469641">
        <ele>372.75</ele>
      </trkpt>
      <trkpt lat="49.684032" lon="9.469661">
        <ele>372.5</ele>
      </trkpt>
      <trkpt lat="49.683184" lon="9.469797">
        <ele>372.25</ele>
      </trkpt>
      <trkpt lat="49.682838" lon="9.469858">
        <ele>373.5</ele>
      </trkpt>
      <trkpt lat="49.682556" lon="9.469884">
        <ele>374.75</ele>
      </trkpt>
      <trkpt lat="49.681769" lon="9.470459">
        <ele>375.5</ele>
      </trkpt>
      <trkpt lat="49.681222" lon="9.470844">
        <ele>374.25</ele>
      </trkpt>
      <trkpt lat="49.680967" lon="9.470921">
        <ele>373.5</ele>
      </trkpt>
      <trkpt lat="49.680768" lon="9.47097">
        <ele>372.75</ele>
      </trkpt>
      <trkpt lat="49.680419" lon="9.470908">
        <ele>373</ele>
      </trkpt>
      <trkpt lat="49.680329" lon="9.470922">
        <ele>372.75</ele>
      </trkpt>
      <trkpt lat="49.680204" lon="9.471">
        <ele>372</ele>
      </trkpt>
      <trkpt lat="49.679962" lon="9.471335">
        <ele>370</ele>
      </trkpt>
      <trkpt lat="49.679847" lon="9.471557">
        <ele>368.75</ele>
      </trkpt>
      <trkpt lat="49.679751" lon="9.471707">
        <ele>368</ele>
      </trkpt>
      <trkpt lat="49.679692" lon="9.471773">
        <ele>368</ele>
      </trkpt>
      <trkpt lat="49.679626" lon="9.47182">
        <ele>368</ele>
      </trkpt>
      <trkpt lat="49.679383" lon="9.471843">
        <ele>368.5</ele>
      </trkpt>
      <trkpt lat="49.679234" lon="9.471807">
        <ele>368.75</ele>
      </trkpt>
      <trkpt lat="49.679068" lon="9.471727">
        <ele>369.5</ele>
      </trkpt>
      <trkpt lat="49.679039" lon="9.471713">
        <ele>369.75</ele>
      </trkpt>
      <trkpt lat="49.678762" lon="9.471681">
        <ele>371.75</ele>
      </trkpt>
      <trkpt lat="49.678468" lon="9.471774">
        <ele>373.75</ele>
      </trkpt>
      <trkpt lat="49.678156" lon="9.471787">
        <ele>374.75</ele>
      </trkpt>
      <trkpt lat="49.678001" lon="9.471804">
        <ele>374.75</ele>
      </trkpt>
      <trkpt lat="49.677782" lon="9.471701">
        <ele>375</ele>
      </trkpt>
      <trkpt lat="49.677617" lon="9.471594">
        <ele>374.75</ele>
      </trkpt>
      <trkpt lat="49.67741" lon="9.471502">
        <ele>375</ele>
      </trkpt>
      <trkpt lat="49.677065" lon="9.471437">
        <ele>375.5</ele>
      </trkpt>
      <trkpt lat="49.676913" lon="9.471483">
        <ele>375.5</ele>
      </trkpt>
      <trkpt lat="49.676791" lon="9.471548">
        <ele>375.75</ele>
      </trkpt>
      <trkpt lat="49.676738" lon="9.471644">
        <ele>375.75</ele>
      </trkpt>
      <trkpt lat="49.676423" lon="9.472037">
        <ele>376.75</ele>
      </trkpt>
      <trkpt lat="49.676097" lon="9.472388">
        <ele>378</ele>
      </trkpt>
      <trkpt lat="49.675764" lon="9.472682">
        <ele>379.5</ele>
      </trkpt>
      <trkpt lat="49.675555" lon="9.472832">
        <ele>380.5</ele>
      </trkpt>
      <trkpt lat="49.675065" lon="9.473156">
        <ele>382</ele>
      </trkpt>
      <trkpt lat="49.674576" lon="9.473575">
        <ele>382.5</ele>
      </trkpt>
      <trkpt lat="49.673995" lon="9.474192">
        <ele>381.75</ele>
      </trkpt>
      <trkpt lat="49.673826" lon="9.474371">
        <ele>381.5</ele>
      </trkpt>
      <trkpt lat="49.673438" lon="9.474666">
        <ele>380.75</ele>
      </trkpt>
      <trkpt lat="49.673112" lon="9.474842">
        <ele>380</ele>
      </trkpt>
      <trkpt lat="49.672399" lon="9.475171">
        <ele>379</ele>
      </trkpt>
      <trkpt lat="49.672071" lon="9.475371">
        <ele>379.5</ele>
      </trkpt>
      <trkpt lat="49.671767" lon="9.475602">
        <ele>380.5</ele>
      </trkpt>
      <trkpt lat="49.671348" lon="9.475902">
        <ele>381</ele>
      </trkpt>
      <trkpt lat="49.670995" lon="9.476089">
        <ele>380.75</ele>
      </trkpt>
      <trkpt lat="49.670491" lon="9.476318">
        <ele>381.25</ele>
      </trkpt>
      <trkpt lat="49.670047" lon="9.476506">
        <ele>382.25</ele>
      </trkpt>
      <trkpt lat="49.669613" lon="9.476629">
        <ele>382.5</ele>
      </trkpt>
      <trkpt lat="49.669037" lon="9.476724">
        <ele>382.75</ele>
      </trkpt>
      <trkpt lat="49.668426" lon="9.476745">
        <ele>382.75</ele>
      </trkpt>
      <trkpt lat="49.66733" lon="9.476733">
        <ele>383.75</ele>
      </trkpt>
      <trkpt lat="49.666685" lon="9.476746">
        <ele>383.75</ele>
      </trkpt>
      <trkpt lat="49.666364" lon="9.476814">
        <ele>384</ele>
      </trkpt>
      <trkpt lat="49.666205" lon="9.476848">
        <ele>384</ele>
      </trkpt>
      <trkpt lat="49.665592" lon="9.477069">
        <ele>384</ele>
      </trkpt>
      <trkpt lat="49.664294" lon="9.47757">
        <ele>383.75</ele>
      </trkpt>
      <trkpt lat="49.663669" lon="9.477828">
        <ele>387.5</ele>
      </trkpt>
      <trkpt lat="49.66308" lon="9.478093">
        <ele>389.75</ele>
      </trkpt>
      <trkpt lat="49.662422" lon="9.478444">
        <ele>388.5</ele>
      </trkpt>
      <trkpt lat="49.661294" lon="9.479082">
        <ele>384</ele>
      </trkpt>
      <trkpt lat="49.66105" lon="9.479207">
        <ele>384.75</ele>
      </trkpt>
      <trkpt lat="49.660521" lon="9.479477">
        <ele>386.5</ele>
      </trkpt>
      <trkpt lat="49.660285" lon="9.479573">
        <ele>387.5</ele>
      </trkpt>
      <trkpt lat="49.659333" lon="9.479866">
        <ele>385.25</ele>
      </trkpt>
      <trkpt lat="49.658883" lon="9.479975">
        <ele>384</ele>
      </trkpt>
      <trkpt lat="49.656813" lon="9.480362">
        <ele>382.75</ele>
      </trkpt>
      <trkpt lat="49.656131" lon="9.48056">
        <ele>382.25</ele>
      </trkpt>
      <trkpt lat="49.655167" lon="9.480891">
        <ele>381.75</ele>
      </trkpt>
      <trkpt lat="49.654844" lon="9.480968">
        <ele>381</ele>
      </trkpt>
      <trkpt lat="49.654504" lon="9.480981">
        <ele>379.5</ele>
      </trkpt>
      <trkpt lat="49.654361" lon="9.480961">
        <ele>378.75</ele>
      </trkpt>
      <trkpt lat="49.654306" lon="9.480953">
        <ele>378.5</ele>
      </trkpt>
      <trkpt lat="49.654146" lon="9.480904">
        <ele>377.75</ele>
      </trkpt>
      <trkpt lat="49.653851" lon="9.480811">
        <ele>377.5</ele>
      </trkpt>
      <trkpt lat="49.653626" lon="9.48075">
        <ele>377.25</ele>
      </trkpt>
      <trkpt lat="49.653407" lon="9.480735">
        <ele>377</ele>
      </trkpt>
      <trkpt lat="49.653008" lon="9.480773">
        <ele>377</ele>
      </trkpt>
      <trkpt lat="49.652893" lon="9.480767">
        <ele>377</ele>
      </trkpt>
      <trkpt lat="49.652781" lon="9.480734">
        <ele>377</ele>
      </trkpt>
      <trkpt lat="49.65264" lon="9.480651">
        <ele>377.25</ele>
      </trkpt>
      <trkpt lat="49.652571" lon="9.480591">
        <ele>377.5</ele>
      </trkpt>
      <trkpt lat="49.652497" lon="9.480499">
        <ele>377.75</ele>
      </trkpt>
      <trkpt lat="49.652386" lon="9.480328">
        <ele>378</ele>
      </trkpt>
      <trkpt lat="49.652309" lon="9.480188">
        <ele>378.5</ele>
      </trkpt>
      <trkpt lat="49.652127" lon="9.479885">
        <ele>379</ele>
      </trkpt>
      <trkpt lat="49.652019" lon="9.479764">
        <ele>379.25</ele>
      </trkpt>
      <trkpt lat="49.651894" lon="9.479678">
        <ele>379.25</ele>
      </trkpt>
      <trkpt lat="49.651693" lon="9.479576">
        <ele>379</ele>
      </trkpt>
      <trkpt lat="49.651175" lon="9.479359">
        <ele>376.5</ele>
      </trkpt>
      <trkpt lat="49.650669" lon="9.479152">
        <ele>373.75</ele>
      </trkpt>
      <trkpt lat="49.650516" lon="9.479137">
        <ele>372.75</ele>
      </trkpt>
      <trkpt lat="49.650354" lon="9.479202">
        <ele>371.5</ele>
      </trkpt>
      <trkpt lat="49.650229" lon="9.479309">
        <ele>370.5</ele>
      </trkpt>
      <trkpt lat="49.650181" lon="9.479368">
        <ele>369.5</ele>
      </trkpt>
      <trkpt lat="49.650181" lon="9.479368">
        <ele>370</ele>
      </trkpt>
      <trkpt lat="49.650048" lon="9.479535">
        <ele>369.5</ele>
      </trkpt>
      <trkpt lat="49.649874" lon="9.479864">
        <ele>369</ele>
      </trkpt>
      <trkpt lat="49.649613" lon="9.480484">
        <ele>368.5</ele>
      </trkpt>
      <trkpt lat="49.649443" lon="9.481066">
        <ele>368.25</ele>
      </trkpt>
      <trkpt lat="49.649367" lon="9.481373">
        <ele>368.25</ele>
      </trkpt>
      <trkpt lat="49.649325" lon="9.481717">
        <ele>368.25</ele>
      </trkpt>
      <trkpt lat="49.649281" lon="9.482385">
        <ele>369.75</ele>
      </trkpt>
      <trkpt lat="49.64927" lon="9.482447">
        <ele>370</ele>
      </trkpt>
      <trkpt lat="49.649239" lon="9.482613">
        <ele>370.25</ele>
      </trkpt>
      <trkpt lat="49.649169" lon="9.482858">
        <ele>370.75</ele>
      </trkpt>
      <trkpt lat="49.649076" lon="9.483056">
        <ele>371.25</ele>
      </trkpt>
      <trkpt lat="49.648928" lon="9.483292">
        <ele>371.5</ele>
      </trkpt>
      <trkpt lat="49.648605" lon="9.483765">
        <ele>371.25</ele>
      </trkpt>
      <trkpt lat="49.648443" lon="9.484015">
        <ele>371</ele>
      </trkpt>
      <trkpt lat="49.648256" lon="9.484315">
        <ele>371.25</ele>
      </trkpt>
      <trkpt lat="49.648213" lon="9.484383">
        <ele>371.5</ele>
      </trkpt>
      <trkpt lat="49.64794" lon="9.484806">
        <ele>372.5</ele>
      </trkpt>
      <trkpt lat="49.647518" lon="9.48532">
        <ele>373.5</ele>
      </trkpt>
      <trkpt lat="49.647442" lon="9.485404">
        <ele>373.25</ele>
      </trkpt>
      <trkpt lat="49.647286" lon="9.485617">
        <ele>373</ele>
      </trkpt>
      <trkpt lat="49.647082" lon="9.485846">
        <ele>372.25</ele>
      </trkpt>
      <trkpt lat="49.646877" lon="9.485985">
        <ele>372</ele>
      </trkpt>
      <trkpt lat="49.646719" lon="9.486059">
        <ele>372</ele>
      </trkpt>
      <trkpt lat="49.646352" lon="9.486137">
        <ele>372</ele>
      </trkpt>
      <trkpt lat="49.646143" lon="9.486209">
        <ele>372</ele>
      </trkpt>
      <trkpt lat="49.645925" lon="9.486365">
        <ele>371.75</ele>
      </trkpt>
      <trkpt lat="49.645631" lon="9.486673">
        <ele>372.25</ele>
      </trkpt>
      <trkpt lat="49.645403" lon="9.486953">
        <ele>373</ele>
      </trkpt>
      <trkpt lat="49.645187" lon="9.487255">
        <ele>374</ele>
      </trkpt>
      <trkpt lat="49.645053" lon="9.487486">
        <ele>374.75</ele>
      </trkpt>
      <trkpt lat="49.644909" lon="9.487848">
        <ele>376.5</ele>
      </trkpt>
      <trkpt lat="49.644811" lon="9.488045">
        <ele>377.5</ele>
      </trkpt>
      <trkpt lat="49.644671" lon="9.488216">
        <ele>378.75</ele>
      </trkpt>
      <trkpt lat="49.64447" lon="9.488383">
        <ele>379.75</ele>
      </trkpt>
      <trkpt lat="49.643598" lon="9.488889">
        <ele>381.25</ele>
      </trkpt>
      <trkpt lat="49.643352" lon="9.489011">
        <ele>381.5</ele>
      </trkpt>
      <trkpt lat="49.643174" lon="9.489071">
        <ele>381.5</ele>
      </trkpt>
      <trkpt lat="49.642901" lon="9.489125">
        <ele>382</ele>
      </trkpt>
      <trkpt lat="49.642662" lon="9.489143">
        <ele>382.5</ele>
      </trkpt>
      <trkpt lat="49.642383" lon="9.489194">
        <ele>383</ele>
      </trkpt>
      <trkpt lat="49.642172" lon="9.489295">
        <ele>383.5</ele>
      </trkpt>
      <trkpt lat="49.641939" lon="9.48946">
        <ele>383.5</ele>
      </trkpt>
      <trkpt lat="49.641646" lon="9.489774">
        <ele>382.75</ele>
      </trkpt>
      <trkpt lat="49.64129" lon="9.490191">
        <ele>384.25</ele>
      </trkpt>
      <trkpt lat="49.640846" lon="9.490631">
        <ele>387.5</ele>
      </trkpt>
      <trkpt lat="49.640715" lon="9.490746">
        <ele>388.5</ele>
      </trkpt>
      <trkpt lat="49.640584" lon="9.49083">
        <ele>389.25</ele>
      </trkpt>
      <trkpt lat="49.640216" lon="9.49123">
        <ele>396.25</ele>
      </trkpt>
      <trkpt lat="49.639894" lon="9.491616">
        <ele>403.5</ele>
      </trkpt>
      <trkpt lat="49.639727" lon="9.491797">
        <ele>407.5</ele>
      </trkpt>
      <trkpt lat="49.639569" lon="9.491983">
        <ele>410.75</ele>
      </trkpt>
      <trkpt lat="49.639396" lon="9.492169">
        <ele>413.5</ele>
      </trkpt>
      <trkpt lat="49.639215" lon="9.49233">
        <ele>415.75</ele>
      </trkpt>
      <trkpt lat="49.639057" lon="9.492432">
        <ele>416.75</ele>
      </trkpt>
      <trkpt lat="49.638444" lon="9.492733">
        <ele>419.5</ele>
      </trkpt>
      <trkpt lat="49.637989" lon="9.492955">
        <ele>423.25</ele>
      </trkpt>
      <trkpt lat="49.637826" lon="9.49304">
        <ele>424.5</ele>
      </trkpt>
      <trkpt lat="49.637764" lon="9.493085">
        <ele>425</ele>
      </trkpt>
      <trkpt lat="49.637653" lon="9.493193">
        <ele>425.75</ele>
      </trkpt>
      <trkpt lat="49.637123" lon="9.493822">
        <ele>425.5</ele>
      </trkpt>
      <trkpt lat="49.636974" lon="9.494029">
        <ele>425</ele>
      </trkpt>
      <trkpt lat="49.636901" lon="9.49415">
        <ele>424.5</ele>
      </trkpt>
      <trkpt lat="49.63681" lon="9.494301">
        <ele>424.25</ele>
      </trkpt>
      <trkpt lat="49.636695" lon="9.494543">
        <ele>424.25</ele>
      </trkpt>
      <trkpt lat="49.63638" lon="9.495305">
        <ele>420.5</ele>
      </trkpt>
      <trkpt lat="49.635811" lon="9.496729">
        <ele>410.25</ele>
      </trkpt>
      <trkpt lat="49.63566" lon="9.497083">
        <ele>407.5</ele>
      </trkpt>
      <trkpt lat="49.63562" lon="9.497162">
        <ele>407</ele>
      </trkpt>
      <trkpt lat="49.635605" lon="9.497282">
        <ele>406.25</ele>
      </trkpt>
      <trkpt lat="49.635572" lon="9.497379">
        <ele>405.5</ele>
      </trkpt>
      <trkpt lat="49.63548" lon="9.49755">
        <ele>404.5</ele>
      </trkpt>
      <trkpt lat="49.635361" lon="9.497818">
        <ele>402.75</ele>
      </trkpt>
      <trkpt lat="49.63517" lon="9.498216">
        <ele>400.25</ele>
      </trkpt>
      <trkpt lat="49.635072" lon="9.498396">
        <ele>399.25</ele>
      </trkpt>
      <trkpt lat="49.634914" lon="9.498661">
        <ele>398.5</ele>
      </trkpt>
      <trkpt lat="49.634647" lon="9.499023">
        <ele>399</ele>
      </trkpt>
      <trkpt lat="49.634332" lon="9.499321">
        <ele>399.75</ele>
      </trkpt>
      <trkpt lat="49.633795" lon="9.499701">
        <ele>401.25</ele>
      </trkpt>
      <trkpt lat="49.633484" lon="9.499911">
        <ele>402.25</ele>
      </trkpt>
      <trkpt lat="49.633198" lon="9.50016">
        <ele>402</ele>
      </trkpt>
      <trkpt lat="49.632936" lon="9.50044">
        <ele>401.25</ele>
      </trkpt>
      <trkpt lat="49.632694" lon="9.500764">
        <ele>401</ele>
      </trkpt>
      <trkpt lat="49.631558" lon="9.502516">
        <ele>394</ele>
      </trkpt>
      <trkpt lat="49.63101" lon="9.503362">
        <ele>390</ele>
      </trkpt>
      <trkpt lat="49.630279" lon="9.504466">
        <ele>389.25</ele>
      </trkpt>
      <trkpt lat="49.629996" lon="9.50488">
        <ele>387.75</ele>
      </trkpt>
      <trkpt lat="49.629457" lon="9.505562">
        <ele>385</ele>
      </trkpt>
      <trkpt lat="49.628952" lon="9.506136">
        <ele>381.5</ele>
      </trkpt>
      <trkpt lat="49.628436" lon="9.506679">
        <ele>376.5</ele>
      </trkpt>
      <trkpt lat="49.628262" lon="9.506858">
        <ele>375.25</ele>
      </trkpt>
      <trkpt lat="49.627075" lon="9.508099">
        <ele>367.5</ele>
      </trkpt>
      <trkpt lat="49.627014" lon="9.508163">
        <ele>367</ele>
      </trkpt>
      <trkpt lat="49.625097" lon="9.510194">
        <ele>363.75</ele>
      </trkpt>
      <trkpt lat="49.624394" lon="9.510939">
        <ele>361.25</ele>
      </trkpt>
      <trkpt lat="49.624233" lon="9.511109">
        <ele>360.75</ele>
      </trkpt>
      <trkpt lat="49.623637" lon="9.511986">
        <ele>356</ele>
      </trkpt>
      <trkpt lat="49.623329" lon="9.512707">
        <ele>351.25</ele>
      </trkpt>
      <trkpt lat="49.62306" lon="9.513383">
        <ele>345.75</ele>
      </trkpt>
      <trkpt lat="49.623014" lon="9.513487">
        <ele>345</ele>
      </trkpt>
      <trkpt lat="49.622837" lon="9.513857">
        <ele>341.5</ele>
      </trkpt>
      <trkpt lat="49.622498" lon="9.514421">
        <ele>335.25</ele>
      </trkpt>
      <trkpt lat="49.621781" lon="9.515474">
        <ele>327.75</ele>
      </trkpt>
      <trkpt lat="49.621627" lon="9.515701">
        <ele>327.25</ele>
      </trkpt>
      <trkpt lat="49.621016" lon="9.516603">
        <ele>320.25</ele>
      </trkpt>
      <trkpt lat="49.620929" lon="9.516696">
        <ele>319.75</ele>
      </trkpt>
      <trkpt lat="49.620654" lon="9.516982">
        <ele>318.5</ele>
      </trkpt>
      <trkpt lat="49.620326" lon="9.517187">
        <ele>317.25</ele>
      </trkpt>
      <trkpt lat="49.620287" lon="9.517212">
        <ele>317</ele>
      </trkpt>
      <trkpt lat="49.61987" lon="9.517394">
        <ele>315.5</ele>
      </trkpt>
      <trkpt lat="49.61983" lon="9.517429">
        <ele>314.25</ele>
      </trkpt>
      <trkpt lat="49.61983" lon="9.517429">
        <ele>315.25</ele>
      </trkpt>
      <trkpt lat="49.619649" lon="9.517592">
        <ele>314.25</ele>
      </trkpt>
      <trkpt lat="49.61955" lon="9.51768">
        <ele>314</ele>
      </trkpt>
      <trkpt lat="49.619526" lon="9.517692">
        <ele>313.75</ele>
      </trkpt>
      <trkpt lat="49.619496" lon="9.517694">
        <ele>313.75</ele>
      </trkpt>
      <trkpt lat="49.619497" lon="9.517795">
        <ele>314</ele>
      </trkpt>
      <trkpt lat="49.619505" lon="9.517851">
        <ele>314</ele>
      </trkpt>
      <trkpt lat="49.619526" lon="9.517917">
        <ele>314.25</ele>
      </trkpt>
      <trkpt lat="49.619695" lon="9.518212">
        <ele>315</ele>
      </trkpt>
      <trkpt lat="49.619808" lon="9.518425">
        <ele>315.5</ele>
      </trkpt>
      <trkpt lat="49.619894" lon="9.518653">
        <ele>316.25</ele>
      </trkpt>
      <trkpt lat="49.61991" lon="9.518789">
        <ele>316.5</ele>
      </trkpt>
      <trkpt lat="49.619913" lon="9.519016">
        <ele>316.75</ele>
      </trkpt>
      <trkpt lat="49.619867" lon="9.520596">
        <ele>321.5</ele>
      </trkpt>
      <trkpt lat="49.619845" lon="9.521041">
        <ele>322.75</ele>
      </trkpt>
      <trkpt lat="49.619819" lon="9.521305">
        <ele>323.25</ele>
      </trkpt>
      <trkpt lat="49.619733" lon="9.52167">
        <ele>324.25</ele>
      </trkpt>
      <trkpt lat="49.619661" lon="9.521985">
        <ele>326</ele>
      </trkpt>
      <trkpt lat="49.619592" lon="9.522365">
        <ele>328.25</ele>
      </trkpt>
      <trkpt lat="49.619544" lon="9.522565">
        <ele>329</ele>
      </trkpt>
      <trkpt lat="49.61948" lon="9.522795">
        <ele>329.5</ele>
      </trkpt>
      <trkpt lat="49.619088" lon="9.524102">
        <ele>331.5</ele>
      </trkpt>
      <trkpt lat="49.619015" lon="9.524297">
        <ele>332.5</ele>
      </trkpt>
      <trkpt lat="49.618976" lon="9.524368">
        <ele>332.75</ele>
      </trkpt>
      <trkpt lat="49.618926" lon="9.524437">
        <ele>333.25</ele>
      </trkpt>
      <trkpt lat="49.618876" lon="9.524491">
        <ele>333.75</ele>
      </trkpt>
      <trkpt lat="49.618781" lon="9.524553">
        <ele>334.25</ele>
      </trkpt>
      <trkpt lat="49.618729" lon="9.524574">
        <ele>334.5</ele>
      </trkpt>
      <trkpt lat="49.618619" lon="9.524581">
        <ele>335</ele>
      </trkpt>
      <trkpt lat="49.618088" lon="9.524585">
        <ele>338.25</ele>
      </trkpt>
      <trkpt lat="49.617983" lon="9.524638">
        <ele>339</ele>
      </trkpt>
      <trkpt lat="49.617911" lon="9.52474">
        <ele>339.25</ele>
      </trkpt>
      <trkpt lat="49.617877" lon="9.524893">
        <ele>339</ele>
      </trkpt>
      <trkpt lat="49.617891" lon="9.525054">
        <ele>339</ele>
      </trkpt>
      <trkpt lat="49.618004" lon="9.52532">
        <ele>339.75</ele>
      </trkpt>
      <trkpt lat="49.618073" lon="9.525503">
        <ele>340.5</ele>
      </trkpt>
      <trkpt lat="49.618111" lon="9.525673">
        <ele>341.5</ele>
      </trkpt>
      <trkpt lat="49.618133" lon="9.525916">
        <ele>343</ele>
      </trkpt>
      <trkpt lat="49.618133" lon="9.525999">
        <ele>343.5</ele>
      </trkpt>
      <trkpt lat="49.618119" lon="9.526123">
        <ele>344.25</ele>
      </trkpt>
      <trkpt lat="49.618087" lon="9.526319">
        <ele>345.5</ele>
      </trkpt>
      <trkpt lat="49.617921" lon="9.527062">
        <ele>349.25</ele>
      </trkpt>
      <trkpt lat="49.617828" lon="9.527529">
        <ele>351.25</ele>
      </trkpt>
      <trkpt lat="49.617758" lon="9.52799">
        <ele>354</ele>
      </trkpt>
      <trkpt lat="49.617719" lon="9.52863">
        <ele>357.5</ele>
      </trkpt>
      <trkpt lat="49.617696" lon="9.529746">
        <ele>362.5</ele>
      </trkpt>
      <trkpt lat="49.61767" lon="9.529965">
        <ele>363.5</ele>
      </trkpt>
      <trkpt lat="49.617618" lon="9.530198">
        <ele>364.5</ele>
      </trkpt>
      <trkpt lat="49.617552" lon="9.530354">
        <ele>365.25</ele>
      </trkpt>
      <trkpt lat="49.61746" lon="9.530489">
        <ele>365.75</ele>
      </trkpt>
      <trkpt lat="49.617364" lon="9.530606">
        <ele>366.75</ele>
      </trkpt>
      <trkpt lat="49.617236" lon="9.530718">
        <ele>367.5</ele>
      </trkpt>
      <trkpt lat="49.61707" lon="9.530808">
        <ele>368.25</ele>
      </trkpt>
      <trkpt lat="49.616783" lon="9.530912">
        <ele>369</ele>
      </trkpt>
      <trkpt lat="49.616449" lon="9.531041">
        <ele>370.25</ele>
      </trkpt>
      <trkpt lat="49.616031" lon="9.531211">
        <ele>372.75</ele>
      </trkpt>
      <trkpt lat="49.615778" lon="9.531305">
        <ele>374.25</ele>
      </trkpt>
      <trkpt lat="49.615567" lon="9.531362">
        <ele>375</ele>
      </trkpt>
      <trkpt lat="49.61537" lon="9.531397">
        <ele>375.75</ele>
      </trkpt>
      <trkpt lat="49.615079" lon="9.531402">
        <ele>376.25</ele>
      </trkpt>
      <trkpt lat="49.614731" lon="9.531312">
        <ele>376.75</ele>
      </trkpt>
      <trkpt lat="49.614527" lon="9.531257">
        <ele>377</ele>
      </trkpt>
      <trkpt lat="49.614304" lon="9.531194">
        <ele>377.5</ele>
      </trkpt>
      <trkpt lat="49.61399" lon="9.531108">
        <ele>378.25</ele>
      </trkpt>
      <trkpt lat="49.613266" lon="9.531067">
        <ele>381.25</ele>
      </trkpt>
      <trkpt lat="49.612958" lon="9.531099">
        <ele>381</ele>
      </trkpt>
      <trkpt lat="49.612638" lon="9.53115">
        <ele>380.75</ele>
      </trkpt>
      <trkpt lat="49.612384" lon="9.531225">
        <ele>381.25</ele>
      </trkpt>
      <trkpt lat="49.61217" lon="9.531289">
        <ele>382</ele>
      </trkpt>
      <trkpt lat="49.6118" lon="9.531446">
        <ele>383.25</ele>
      </trkpt>
      <trkpt lat="49.611272" lon="9.531731">
        <ele>385.75</ele>
      </trkpt>
      <trkpt lat="49.610308" lon="9.532282">
        <ele>391</ele>
      </trkpt>
      <trkpt lat="49.609952" lon="9.532451">
        <ele>392.75</ele>
      </trkpt>
      <trkpt lat="49.60947" lon="9.532635">
        <ele>391.25</ele>
      </trkpt>
      <trkpt lat="49.608971" lon="9.532761">
        <ele>390</ele>
      </trkpt>
      <trkpt lat="49.608353" lon="9.532834">
        <ele>388.75</ele>
      </trkpt>
      <trkpt lat="49.607776" lon="9.532835">
        <ele>388.75</ele>
      </trkpt>
      <trkpt lat="49.607519" lon="9.532823">
        <ele>388.75</ele>
      </trkpt>
      <trkpt lat="49.607001" lon="9.532734">
        <ele>387.75</ele>
      </trkpt>
      <trkpt lat="49.606952" lon="9.532727">
        <ele>387.5</ele>
      </trkpt>
      <trkpt lat="49.606329" lon="9.532541">
        <ele>384.5</ele>
      </trkpt>
      <trkpt lat="49.605681" lon="9.532258">
        <ele>379.5</ele>
      </trkpt>
      <trkpt lat="49.605584" lon="9.532207">
        <ele>379</ele>
      </trkpt>
      <trkpt lat="49.604969" lon="9.531888">
        <ele>376.25</ele>
      </trkpt>
      <trkpt lat="49.604027" lon="9.531411">
        <ele>389.25</ele>
      </trkpt>
      <trkpt lat="49.603781" lon="9.531287">
        <ele>393.5</ele>
      </trkpt>
      <trkpt lat="49.602954" lon="9.530819">
        <ele>401.5</ele>
      </trkpt>
      <trkpt lat="49.602615" lon="9.530614">
        <ele>402.5</ele>
      </trkpt>
      <trkpt lat="49.601868" lon="9.530361">
        <ele>405.75</ele>
      </trkpt>
      <trkpt lat="49.601593" lon="9.530401">
        <ele>407.75</ele>
      </trkpt>
      <trkpt lat="49.60146" lon="9.53041">
        <ele>408.25</ele>
      </trkpt>
      <trkpt lat="49.600745" lon="9.530615">
        <ele>410.5</ele>
      </trkpt>
      <trkpt lat="49.599906" lon="9.530869">
        <ele>407.25</ele>
      </trkpt>
      <trkpt lat="49.599079" lon="9.530988">
        <ele>401.5</ele>
      </trkpt>
      <trkpt lat="49.59841" lon="9.531033">
        <ele>397.5</ele>
      </trkpt>
      <trkpt lat="49.5982" lon="9.531089">
        <ele>395.5</ele>
      </trkpt>
      <trkpt lat="49.597989" lon="9.531144">
        <ele>393.75</ele>
      </trkpt>
      <trkpt lat="49.597563" lon="9.531295">
        <ele>390.25</ele>
      </trkpt>
      <trkpt lat="49.597183" lon="9.531381">
        <ele>387.75</ele>
      </trkpt>
      <trkpt lat="49.596929" lon="9.531395">
        <ele>386</ele>
      </trkpt>
      <trkpt lat="49.596467" lon="9.531372">
        <ele>384.25</ele>
      </trkpt>
      <trkpt lat="49.595721" lon="9.531206">
        <ele>383</ele>
      </trkpt>
      <trkpt lat="49.595444" lon="9.53114">
        <ele>383.75</ele>
      </trkpt>
      <trkpt lat="49.5948" lon="9.530992">
        <ele>385.5</ele>
      </trkpt>
      <trkpt lat="49.594299" lon="9.530858">
        <ele>387.25</ele>
      </trkpt>
      <trkpt lat="49.593928" lon="9.530706">
        <ele>389</ele>
      </trkpt>
      <trkpt lat="49.593855" lon="9.530676">
        <ele>389.25</ele>
      </trkpt>
      <trkpt lat="49.591548" lon="9.529711">
        <ele>395.5</ele>
      </trkpt>
      <trkpt lat="49.590723" lon="9.529446">
        <ele>393</ele>
      </trkpt>
      <trkpt lat="49.58992" lon="9.529294">
        <ele>386</ele>
      </trkpt>
      <trkpt lat="49.588888" lon="9.529275">
        <ele>377</ele>
      </trkpt>
      <trkpt lat="49.588143" lon="9.529391">
        <ele>371.5</ele>
      </trkpt>
      <trkpt lat="49.587397" lon="9.529607">
        <ele>365.5</ele>
      </trkpt>
      <trkpt lat="49.587066" lon="9.529738">
        <ele>363.25</ele>
      </trkpt>
      <trkpt lat="49.586325" lon="9.530127">
        <ele>355.5</ele>
      </trkpt>
      <trkpt lat="49.585448" lon="9.530725">
        <ele>343.75</ele>
      </trkpt>
      <trkpt lat="49.585398" lon="9.530766">
        <ele>343.25</ele>
      </trkpt>
      <trkpt lat="49.584365" lon="9.531599">
        <ele>337</ele>
      </trkpt>
      <trkpt lat="49.584229" lon="9.531338">
        <ele>336.75</ele>
      </trkpt>
      <trkpt lat="49.584047" lon="9.531045">
        <ele>336.5</ele>
      </trkpt>
      <trkpt lat="49.583886" lon="9.530848">
        <ele>337</ele>
      </trkpt>
      <trkpt lat="49.583701" lon="9.530632">
        <ele>338.25</ele>
      </trkpt>
      <trkpt lat="49.583528" lon="9.530381">
        <ele>339.5</ele>
      </trkpt>
      <trkpt lat="49.583422" lon="9.530102">
        <ele>340.5</ele>
      </trkpt>
      <trkpt lat="49.583343" lon="9.529799">
        <ele>342</ele>
      </trkpt>
      <trkpt lat="49.583096" lon="9.528741">
        <ele>346.75</ele>
      </trkpt>
      <trkpt lat="49.583032" lon="9.528561">
        <ele>347.25</ele>
      </trkpt>
      <trkpt lat="49.582937" lon="9.52834">
        <ele>348</ele>
      </trkpt>
      <trkpt lat="49.582818" lon="9.528103">
        <ele>348.25</ele>
      </trkpt>
      <trkpt lat="49.582788" lon="9.528043">
        <ele>348.25</ele>
      </trkpt>
      <trkpt lat="49.582686" lon="9.528158">
        <ele>347.25</ele>
      </trkpt>
      <trkpt lat="49.58251" lon="9.528393">
        <ele>345.75</ele>
      </trkpt>
      <trkpt lat="49.582142" lon="9.528871">
        <ele>342.75</ele>
      </trkpt>
      <trkpt lat="49.582099" lon="9.528931">
        <ele>342.5</ele>
      </trkpt>
      <trkpt lat="49.581233" lon="9.529898">
        <ele>343.75</ele>
      </trkpt>
      <trkpt lat="49.581022" lon="9.530115">
        <ele>345.25</ele>
      </trkpt>
      <trkpt lat="49.580361" lon="9.530736">
        <ele>351.5</ele>
      </trkpt>
      <trkpt lat="49.579624" lon="9.531331">
        <ele>358.25</ele>
      </trkpt>
      <trkpt lat="49.579329" lon="9.531552">
        <ele>360</ele>
      </trkpt>
      <trkpt lat="49.578387" lon="9.532297">
        <ele>369.25</ele>
      </trkpt>
      <trkpt lat="49.577792" lon="9.532929">
        <ele>375.75</ele>
      </trkpt>
      <trkpt lat="49.577424" lon="9.533444">
        <ele>379</ele>
      </trkpt>
      <trkpt lat="49.577124" lon="9.534088">
        <ele>383</ele>
      </trkpt>
      <trkpt lat="49.577076" lon="9.534229">
        <ele>383.5</ele>
      </trkpt>
      <trkpt lat="49.576932" lon="9.534641">
        <ele>384</ele>
      </trkpt>
      <trkpt lat="49.576932" lon="9.534641">
        <ele>383.75</ele>
      </trkpt>
      <trkpt lat="49.576823" lon="9.534958">
        <ele>384</ele>
      </trkpt>
      <trkpt lat="49.576676" lon="9.53567">
        <ele>383</ele>
      </trkpt>
      <trkpt lat="49.576455" lon="9.537344">
        <ele>377.5</ele>
      </trkpt>
      <trkpt lat="49.576351" lon="9.538205">
        <ele>372.75</ele>
      </trkpt>
      <trkpt lat="49.576221" lon="9.539275">
        <ele>367.25</ele>
      </trkpt>
      <trkpt lat="49.576176" lon="9.539536">
        <ele>366</ele>
      </trkpt>
      <trkpt lat="49.57605" lon="9.54026">
        <ele>362.75</ele>
      </trkpt>
      <trkpt lat="49.575861" lon="9.541351">
        <ele>359.5</ele>
      </trkpt>
      <trkpt lat="49.575418" lon="9.543192">
        <ele>354.25</ele>
      </trkpt>
      <trkpt lat="49.575354" lon="9.543426">
        <ele>354</ele>
      </trkpt>
      <trkpt lat="49.574801" lon="9.545427">
        <ele>351.75</ele>
      </trkpt>
      <trkpt lat="49.574446" lon="9.546688">
        <ele>351.5</ele>
      </trkpt>
      <trkpt lat="49.574131" lon="9.547804">
        <ele>348.5</ele>
      </trkpt>
      <trkpt lat="49.57363" lon="9.549808">
        <ele>339</ele>
      </trkpt>
      <trkpt lat="49.573153" lon="9.551748">
        <ele>334</ele>
      </trkpt>
      <trkpt lat="49.572932" lon="9.552837">
        <ele>333.75</ele>
      </trkpt>
      <trkpt lat="49.572814" lon="9.554036">
        <ele>330.25</ele>
      </trkpt>
      <trkpt lat="49.572817" lon="9.555026">
        <ele>329.75</ele>
      </trkpt>
      <trkpt lat="49.57289" lon="9.556004">
        <ele>326</ele>
      </trkpt>
      <trkpt lat="49.572969" lon="9.556589">
        <ele>322</ele>
      </trkpt>
      <trkpt lat="49.573101" lon="9.557284">
        <ele>316.25</ele>
      </trkpt>
      <trkpt lat="49.573141" lon="9.557496">
        <ele>314.25</ele>
      </trkpt>
      <trkpt lat="49.573266" lon="9.558069">
        <ele>311.25</ele>
      </trkpt>
      <trkpt lat="49.573296" lon="9.5582">
        <ele>310.5</ele>
      </trkpt>
      <trkpt lat="49.572632" lon="9.558496">
        <ele>314</ele>
      </trkpt>
      <trkpt lat="49.572469" lon="9.558546">
        <ele>314.75</ele>
      </trkpt>
      <trkpt lat="49.572249" lon="9.558522">
        <ele>315.5</ele>
      </trkpt>
      <trkpt lat="49.572111" lon="9.558467">
        <ele>315.75</ele>
      </trkpt>
      <trkpt lat="49.571971" lon="9.558378">
        <ele>316.25</ele>
      </trkpt>
      <trkpt lat="49.571761" lon="9.558152">
        <ele>318</ele>
      </trkpt>
      <trkpt lat="49.571653" lon="9.557968">
        <ele>320</ele>
      </trkpt>
      <trkpt lat="49.571551" lon="9.557756">
        <ele>321.25</ele>
      </trkpt>
      <trkpt lat="49.57139" lon="9.55739">
        <ele>322.5</ele>
      </trkpt>
      <trkpt lat="49.571216" lon="9.556951">
        <ele>323.5</ele>
      </trkpt>
      <trkpt lat="49.570775" lon="9.555776">
        <ele>323</ele>
      </trkpt>
      <trkpt lat="49.570598" lon="9.555448">
        <ele>324.5</ele>
      </trkpt>
      <trkpt lat="49.570447" lon="9.555241">
        <ele>325</ele>
      </trkpt>
      <trkpt lat="49.570292" lon="9.555083">
        <ele>324.75</ele>
      </trkpt>
      <trkpt lat="49.570109" lon="9.554939">
        <ele>324.25</ele>
      </trkpt>
      <trkpt lat="49.569931" lon="9.554832">
        <ele>324.25</ele>
      </trkpt>
      <trkpt lat="49.569689" lon="9.554747">
        <ele>324.25</ele>
      </trkpt>
      <trkpt lat="49.569401" lon="9.554731">
        <ele>323.25</ele>
      </trkpt>
      <trkpt lat="49.56926" lon="9.554753">
        <ele>322.75</ele>
      </trkpt>
      <trkpt lat="49.569224" lon="9.554766">
        <ele>322.5</ele>
      </trkpt>
      <trkpt lat="49.569071" lon="9.554821">
        <ele>322.25</ele>
      </trkpt>
      <trkpt lat="49.568865" lon="9.554972">
        <ele>322.25</ele>
      </trkpt>
      <trkpt lat="49.568731" lon="9.555085">
        <ele>322.25</ele>
      </trkpt>
      <trkpt lat="49.568642" lon="9.555072">
        <ele>322.5</ele>
      </trkpt>
      <trkpt lat="49.568545" lon="9.554916">
        <ele>322.75</ele>
      </trkpt>
      <trkpt lat="49.568446" lon="9.554658">
        <ele>322.75</ele>
      </trkpt>
      <trkpt lat="49.568333" lon="9.554412">
        <ele>323</ele>
      </trkpt>
      <trkpt lat="49.568253" lon="9.554226">
        <ele>323.25</ele>
      </trkpt>
      <trkpt lat="49.568211" lon="9.554105">
        <ele>323.75</ele>
      </trkpt>
      <trkpt lat="49.568169" lon="9.554018">
        <ele>324</ele>
      </trkpt>
      <trkpt lat="49.568129" lon="9.553969">
        <ele>324.25</ele>
      </trkpt>
      <trkpt lat="49.568053" lon="9.553939">
        <ele>324.75</ele>
      </trkpt>
      <trkpt lat="49.567998" lon="9.553988">
        <ele>325</ele>
      </trkpt>
      <trkpt lat="49.567986" lon="9.554006">
        <ele>325.25</ele>
      </trkpt>
      <trkpt lat="49.567986" lon="9.554006">
        <ele>325</ele>
      </trkpt>
      <trkpt lat="49.567956" lon="9.554057">
        <ele>325.25</ele>
      </trkpt>
      <trkpt lat="49.567891" lon="9.554293">
        <ele>325.75</ele>
      </trkpt>
      <trkpt lat="49.567829" lon="9.554406">
        <ele>326.25</ele>
      </trkpt>
      <trkpt lat="49.567732" lon="9.554501">
        <ele>327</ele>
      </trkpt>
      <trkpt lat="49.567598" lon="9.554574">
        <ele>328.25</ele>
      </trkpt>
      <trkpt lat="49.567515" lon="9.55463">
        <ele>329</ele>
      </trkpt>
      <trkpt lat="49.567449" lon="9.55472">
        <ele>329.75</ele>
      </trkpt>
      <trkpt lat="49.56736" lon="9.554874">
        <ele>331</ele>
      </trkpt>
      <trkpt lat="49.567237" lon="9.554959">
        <ele>332.5</ele>
      </trkpt>
      <trkpt lat="49.566828" lon="9.555109">
        <ele>336.75</ele>
      </trkpt>
      <trkpt lat="49.566494" lon="9.555266">
        <ele>339.5</ele>
      </trkpt>
      <trkpt lat="49.566036" lon="9.555512">
        <ele>342.25</ele>
      </trkpt>
      <trkpt lat="49.565842" lon="9.555618">
        <ele>343</ele>
      </trkpt>
      <trkpt lat="49.565637" lon="9.555731">
        <ele>344.75</ele>
      </trkpt>
      <trkpt lat="49.564993" lon="9.55613">
        <ele>349.5</ele>
      </trkpt>
      <trkpt lat="49.564815" lon="9.556225">
        <ele>350.75</ele>
      </trkpt>
      <trkpt lat="49.56447" lon="9.556361">
        <ele>353.75</ele>
      </trkpt>
      <trkpt lat="49.564168" lon="9.556447">
        <ele>356.25</ele>
      </trkpt>
      <trkpt lat="49.563536" lon="9.556661">
        <ele>360.75</ele>
      </trkpt>
      <trkpt lat="49.563148" lon="9.55684">
        <ele>363.75</ele>
      </trkpt>
      <trkpt lat="49.562534" lon="9.557174">
        <ele>367.75</ele>
      </trkpt>
      <trkpt lat="49.561936" lon="9.557554">
        <ele>371.75</ele>
      </trkpt>
      <trkpt lat="49.56153" lon="9.557761">
        <ele>374.75</ele>
      </trkpt>
      <trkpt lat="49.56081" lon="9.558121">
        <ele>380.25</ele>
      </trkpt>
      <trkpt lat="49.560323" lon="9.558295">
        <ele>381.75</ele>
      </trkpt>
      <trkpt lat="49.560256" lon="9.558313">
        <ele>382</ele>
      </trkpt>
      <trkpt lat="49.558363" lon="9.558711">
        <ele>378.75</ele>
      </trkpt>
      <trkpt lat="49.558207" lon="9.558752">
        <ele>378.5</ele>
      </trkpt>
      <trkpt lat="49.557498" lon="9.55889">
        <ele>377.25</ele>
      </trkpt>
      <trkpt lat="49.557295" lon="9.55894">
        <ele>376.25</ele>
      </trkpt>
      <trkpt lat="49.55698" lon="9.559053">
        <ele>375.25</ele>
      </trkpt>
      <trkpt lat="49.556673" lon="9.559154">
        <ele>373.75</ele>
      </trkpt>
      <trkpt lat="49.556421" lon="9.559223">
        <ele>374.25</ele>
      </trkpt>
      <trkpt lat="49.55621" lon="9.559257">
        <ele>374.5</ele>
      </trkpt>
      <trkpt lat="49.556189" lon="9.559259">
        <ele>374.75</ele>
      </trkpt>
      <trkpt lat="49.556189" lon="9.559259">
        <ele>374.5</ele>
      </trkpt>
      <trkpt lat="49.555992" lon="9.559279">
        <ele>374.75</ele>
      </trkpt>
      <trkpt lat="49.555813" lon="9.559271">
        <ele>375.25</ele>
      </trkpt>
      <trkpt lat="49.555554" lon="9.559222">
        <ele>377.75</ele>
      </trkpt>
      <trkpt lat="49.555387" lon="9.559173">
        <ele>379.25</ele>
      </trkpt>
      <trkpt lat="49.555218" lon="9.559099">
        <ele>381</ele>
      </trkpt>
      <trkpt lat="49.55489" lon="9.558973">
        <ele>385.75</ele>
      </trkpt>
      <trkpt lat="49.554631" lon="9.558897">
        <ele>391.5</ele>
      </trkpt>
      <trkpt lat="49.554416" lon="9.558863">
        <ele>395.75</ele>
      </trkpt>
      <trkpt lat="49.554296" lon="9.558869">
        <ele>398.25</ele>
      </trkpt>
      <trkpt lat="49.55396" lon="9.558939">
        <ele>404.5</ele>
      </trkpt>
      <trkpt lat="49.553923" lon="9.558943">
        <ele>405.25</ele>
      </trkpt>
      <trkpt lat="49.553413" lon="9.559048">
        <ele>415.25</ele>
      </trkpt>
      <trkpt lat="49.553163" lon="9.559074">
        <ele>417.75</ele>
      </trkpt>
      <trkpt lat="49.553031" lon="9.559074">
        <ele>418.25</ele>
      </trkpt>
      <trkpt lat="49.552604" lon="9.559068">
        <ele>420.25</ele>
      </trkpt>
      <trkpt lat="49.552407" lon="9.559042">
        <ele>420.25</ele>
      </trkpt>
      <trkpt lat="49.552313" lon="9.55902">
        <ele>419.75</ele>
      </trkpt>
      <trkpt lat="49.552208" lon="9.558991">
        <ele>419</ele>
      </trkpt>
      <trkpt lat="49.552068" lon="9.558931">
        <ele>418.5</ele>
      </trkpt>
      <trkpt lat="49.551797" lon="9.558748">
        <ele>418.25</ele>
      </trkpt>
      <trkpt lat="49.551518" lon="9.558496">
        <ele>417</ele>
      </trkpt>
      <trkpt lat="49.551392" lon="9.558341">
        <ele>415.5</ele>
      </trkpt>
      <trkpt lat="49.55121" lon="9.558077">
        <ele>414.75</ele>
      </trkpt>
      <trkpt lat="49.551048" lon="9.557767">
        <ele>415</ele>
      </trkpt>
      <trkpt lat="49.550901" lon="9.557434">
        <ele>415.75</ele>
      </trkpt>
      <trkpt lat="49.550475" lon="9.556409">
        <ele>415.25</ele>
      </trkpt>
      <trkpt lat="49.550377" lon="9.556215">
        <ele>414.5</ele>
      </trkpt>
      <trkpt lat="49.550255" lon="9.556015">
        <ele>413.5</ele>
      </trkpt>
      <trkpt lat="49.550133" lon="9.555863">
        <ele>412.25</ele>
      </trkpt>
      <trkpt lat="49.549987" lon="9.555717">
        <ele>411</ele>
      </trkpt>
      <trkpt lat="49.549807" lon="9.555591">
        <ele>410.5</ele>
      </trkpt>
      <trkpt lat="49.549603" lon="9.555511">
        <ele>408.75</ele>
      </trkpt>
      <trkpt lat="49.549414" lon="9.555469">
        <ele>407</ele>
      </trkpt>
      <trkpt lat="49.549115" lon="9.555471">
        <ele>403.75</ele>
      </trkpt>
      <trkpt lat="49.54892" lon="9.555502">
        <ele>403</ele>
      </trkpt>
      <trkpt lat="49.548303" lon="9.555651">
        <ele>400.25</ele>
      </trkpt>
      <trkpt lat="49.548066" lon="9.555693">
        <ele>398.5</ele>
      </trkpt>
      <trkpt lat="49.547851" lon="9.555703">
        <ele>397.25</ele>
      </trkpt>
      <trkpt lat="49.547674" lon="9.5557">
        <ele>396.5</ele>
      </trkpt>
      <trkpt lat="49.547562" lon="9.55568">
        <ele>396.25</ele>
      </trkpt>
      <trkpt lat="49.547452" lon="9.555642">
        <ele>396</ele>
      </trkpt>
      <trkpt lat="49.547355" lon="9.555588">
        <ele>395.5</ele>
      </trkpt>
      <trkpt lat="49.546939" lon="9.55531">
        <ele>393</ele>
      </trkpt>
      <trkpt lat="49.546703" lon="9.555163">
        <ele>391</ele>
      </trkpt>
      <trkpt lat="49.54658" lon="9.555089">
        <ele>390.25</ele>
      </trkpt>
      <trkpt lat="49.546363" lon="9.554978">
        <ele>388.75</ele>
      </trkpt>
      <trkpt lat="49.546187" lon="9.554942">
        <ele>386.75</ele>
      </trkpt>
      <trkpt lat="49.546037" lon="9.554936">
        <ele>385.25</ele>
      </trkpt>
      <trkpt lat="49.54587" lon="9.554937">
        <ele>383.25</ele>
      </trkpt>
      <trkpt lat="49.545855" lon="9.554938">
        <ele>382</ele>
      </trkpt>
      <trkpt lat="49.545855" lon="9.554938">
        <ele>383</ele>
      </trkpt>
      <trkpt lat="49.545695" lon="9.554953">
        <ele>382</ele>
      </trkpt>
      <trkpt lat="49.545551" lon="9.554979">
        <ele>380.75</ele>
      </trkpt>
      <trkpt lat="49.545198" lon="9.555068">
        <ele>378.25</ele>
      </trkpt>
      <trkpt lat="49.544946" lon="9.555107">
        <ele>377</ele>
      </trkpt>
      <trkpt lat="49.544658" lon="9.555117">
        <ele>376.75</ele>
      </trkpt>
      <trkpt lat="49.544291" lon="9.55507">
        <ele>376</ele>
      </trkpt>
      <trkpt lat="49.543755" lon="9.554998">
        <ele>374.5</ele>
      </trkpt>
      <trkpt lat="49.543322" lon="9.554961">
        <ele>373</ele>
      </trkpt>
      <trkpt lat="49.543271" lon="9.554959">
        <ele>373</ele>
      </trkpt>
      <trkpt lat="49.543029" lon="9.554955">
        <ele>373.5</ele>
      </trkpt>
      <trkpt lat="49.542851" lon="9.554958">
        <ele>373.75</ele>
      </trkpt>
      <trkpt lat="49.542223" lon="9.554981">
        <ele>374</ele>
      </trkpt>
      <trkpt lat="49.54208" lon="9.554996">
        <ele>374</ele>
      </trkpt>
      <trkpt lat="49.541516" lon="9.555067">
        <ele>373.75</ele>
      </trkpt>
      <trkpt lat="49.541139" lon="9.555133">
        <ele>373.25</ele>
      </trkpt>
      <trkpt lat="49.541053" lon="9.555153">
        <ele>373</ele>
      </trkpt>
      <trkpt lat="49.5409" lon="9.555206">
        <ele>372.75</ele>
      </trkpt>
      <trkpt lat="49.540812" lon="9.55526">
        <ele>372.5</ele>
      </trkpt>
      <trkpt lat="49.540694" lon="9.555394">
        <ele>372.5</ele>
      </trkpt>
      <trkpt lat="49.540624" lon="9.555482">
        <ele>372.5</ele>
      </trkpt>
      <trkpt lat="49.540588" lon="9.555529">
        <ele>372.25</ele>
      </trkpt>
      <trkpt lat="49.540537" lon="9.555572">
        <ele>372.25</ele>
      </trkpt>
      <trkpt lat="49.540431" lon="9.555644">
        <ele>372.25</ele>
      </trkpt>
      <trkpt lat="49.540338" lon="9.555691">
        <ele>372.25</ele>
      </trkpt>
      <trkpt lat="49.540292" lon="9.55571">
        <ele>372</ele>
      </trkpt>
      <trkpt lat="49.540137" lon="9.555778">
        <ele>372</ele>
      </trkpt>
      <trkpt lat="49.540026" lon="9.555808">
        <ele>372</ele>
      </trkpt>
      <trkpt lat="49.539888" lon="9.555844">
        <ele>372</ele>
      </trkpt>
      <trkpt lat="49.539627" lon="9.555905">
        <ele>372.25</ele>
      </trkpt>
      <trkpt lat="49.539492" lon="9.555935">
        <ele>372.25</ele>
      </trkpt>
      <trkpt lat="49.539191" lon="9.556008">
        <ele>372.5</ele>
      </trkpt>
      <trkpt lat="49.539046" lon="9.556043">
        <ele>372.25</ele>
      </trkpt>
      <trkpt lat="49.538959" lon="9.556068">
        <ele>372.25</ele>
      </trkpt>
      <trkpt lat="49.538687" lon="9.556147">
        <ele>372</ele>
      </trkpt>
      <trkpt lat="49.538717" lon="9.556259">
        <ele>371.5</ele>
      </trkpt>
      <trkpt lat="49.538742" lon="9.556354">
        <ele>371.25</ele>
      </trkpt>
      <trkpt lat="49.538764" lon="9.5565">
        <ele>371</ele>
      </trkpt>
      <trkpt lat="49.538772" lon="9.556649">
        <ele>370.5</ele>
      </trkpt>
      <trkpt lat="49.538759" lon="9.55684">
        <ele>370.25</ele>
      </trkpt>
      <trkpt lat="49.538742" lon="9.556959">
        <ele>370.25</ele>
      </trkpt>
      <trkpt lat="49.538703" lon="9.557187">
        <ele>370</ele>
      </trkpt>
      <trkpt lat="49.538693" lon="9.557249">
        <ele>370</ele>
      </trkpt>
      <trkpt lat="49.538679" lon="9.557334">
        <ele>370</ele>
      </trkpt>
      <trkpt lat="49.538657" lon="9.557491">
        <ele>370</ele>
      </trkpt>
      <trkpt lat="49.538651" lon="9.55753">
        <ele>370.25</ele>
      </trkpt>
      <trkpt lat="49.538649" lon="9.557547">
        <ele>370.25</ele>
      </trkpt>
      <trkpt lat="49.53861" lon="9.5578">
        <ele>371</ele>
      </trkpt>
      <trkpt lat="49.538602" lon="9.557894">
        <ele>371.25</ele>
      </trkpt>
      <trkpt lat="49.538613" lon="9.557985">
        <ele>371.5</ele>
      </trkpt>
      <trkpt lat="49.538558" lon="9.558046">
        <ele>372</ele>
      </trkpt>
      <trkpt lat="49.538382" lon="9.55839">
        <ele>374</ele>
      </trkpt>
      <trkpt lat="49.538305" lon="9.558485">
        <ele>374.75</ele>
      </trkpt>
      <trkpt lat="49.538246" lon="9.558482">
        <ele>375.25</ele>
      </trkpt>
      <trkpt lat="49.538244" lon="9.558482">
        <ele>375</ele>
      </trkpt>
      <trkpt lat="49.538215" lon="9.558481">
        <ele>375.25</ele>
      </trkpt>
      <trkpt lat="49.538163" lon="9.558449">
        <ele>375.5</ele>
      </trkpt>
      <trkpt lat="49.537987" lon="9.55823">
        <ele>375.5</ele>
      </trkpt>
      <trkpt lat="49.537826" lon="9.558039">
        <ele>375.25</ele>
      </trkpt>
      <trkpt lat="49.537693" lon="9.557879">
        <ele>374.75</ele>
      </trkpt>
      <trkpt lat="49.537255" lon="9.557373">
        <ele>372.5</ele>
      </trkpt>
      <trkpt lat="49.53703" lon="9.557135">
        <ele>371.5</ele>
      </trkpt>
      <trkpt lat="49.536868" lon="9.55701">
        <ele>371.25</ele>
      </trkpt>
      <trkpt lat="49.536601" lon="9.55686">
        <ele>371</ele>
      </trkpt>
      <trkpt lat="49.536496" lon="9.556806">
        <ele>370.75</ele>
      </trkpt>
      <trkpt lat="49.536369" lon="9.556758">
        <ele>370.5</ele>
      </trkpt>
      <trkpt lat="49.535529" lon="9.556466">
        <ele>369</ele>
      </trkpt>
      <trkpt lat="49.534858" lon="9.556262">
        <ele>369.5</ele>
      </trkpt>
      <trkpt lat="49.534747" lon="9.556219">
        <ele>370.25</ele>
      </trkpt>
      <trkpt lat="49.534536" lon="9.556084">
        <ele>370.75</ele>
      </trkpt>
      <trkpt lat="49.53435" lon="9.555927">
        <ele>370.25</ele>
      </trkpt>
      <trkpt lat="49.534085" lon="9.55562">
        <ele>369</ele>
      </trkpt>
      <trkpt lat="49.532808" lon="9.554209">
        <ele>366.75</ele>
      </trkpt>
      <trkpt lat="49.532688" lon="9.554099">
        <ele>366.5</ele>
      </trkpt>
      <trkpt lat="49.532622" lon="9.554041">
        <ele>366.25</ele>
      </trkpt>
      <trkpt lat="49.532556" lon="9.553976">
        <ele>366.25</ele>
      </trkpt>
      <trkpt lat="49.531976" lon="9.553406">
        <ele>368</ele>
      </trkpt>
      <trkpt lat="49.531715" lon="9.553046">
        <ele>367.5</ele>
      </trkpt>
      <trkpt lat="49.531463" lon="9.552679">
        <ele>367.75</ele>
      </trkpt>
      <trkpt lat="49.53143" lon="9.552646">
        <ele>368</ele>
      </trkpt>
      <trkpt lat="49.530832" lon="9.552054">
        <ele>369.5</ele>
      </trkpt>
      <trkpt lat="49.530194" lon="9.551242">
        <ele>372</ele>
      </trkpt>
      <trkpt lat="49.529976" lon="9.551061">
        <ele>373</ele>
      </trkpt>
      <trkpt lat="49.529748" lon="9.550937">
        <ele>373.75</ele>
      </trkpt>
      <trkpt lat="49.529284" lon="9.55065">
        <ele>376</ele>
      </trkpt>
      <trkpt lat="49.528897" lon="9.55038">
        <ele>376.5</ele>
      </trkpt>
      <trkpt lat="49.528408" lon="9.550076">
        <ele>377</ele>
      </trkpt>
      <trkpt lat="49.527973" lon="9.54972">
        <ele>375.5</ele>
      </trkpt>
      <trkpt lat="49.527759" lon="9.5496">
        <ele>374.75</ele>
      </trkpt>
      <trkpt lat="49.527617" lon="9.549526">
        <ele>373.75</ele>
      </trkpt>
      <trkpt lat="49.527615" lon="9.549526">
        <ele>374</ele>
      </trkpt>
      <trkpt lat="49.527548" lon="9.549491">
        <ele>373.75</ele>
      </trkpt>
      <trkpt lat="49.527111" lon="9.549357">
        <ele>373.5</ele>
      </trkpt>
      <trkpt lat="49.526314" lon="9.549316">
        <ele>379.75</ele>
      </trkpt>
      <trkpt lat="49.526078" lon="9.549345">
        <ele>384</ele>
      </trkpt>
      <trkpt lat="49.525495" lon="9.54945">
        <ele>392</ele>
      </trkpt>
      <trkpt lat="49.524842" lon="9.549593">
        <ele>399</ele>
      </trkpt>
      <trkpt lat="49.524488" lon="9.549703">
        <ele>402</ele>
      </trkpt>
      <trkpt lat="49.523971" lon="9.549895">
        <ele>403.25</ele>
      </trkpt>
      <trkpt lat="49.523532" lon="9.550004">
        <ele>402</ele>
      </trkpt>
      <trkpt lat="49.523339" lon="9.550032">
        <ele>402</ele>
      </trkpt>
      <trkpt lat="49.522745" lon="9.550005">
        <ele>397</ele>
      </trkpt>
      <trkpt lat="49.5214" lon="9.54992">
        <ele>390.25</ele>
      </trkpt>
      <trkpt lat="49.521358" lon="9.549929">
        <ele>390</ele>
      </trkpt>
      <trkpt lat="49.520238" lon="9.55018">
        <ele>385</ele>
      </trkpt>
      <trkpt lat="49.519955" lon="9.550178">
        <ele>384.75</ele>
      </trkpt>
      <trkpt lat="49.51988" lon="9.550178">
        <ele>384.5</ele>
      </trkpt>
      <trkpt lat="49.519555" lon="9.550094">
        <ele>384</ele>
      </trkpt>
      <trkpt lat="49.519428" lon="9.550023">
        <ele>384</ele>
      </trkpt>
      <trkpt lat="49.519427" lon="9.550022">
        <ele>384</ele>
      </trkpt>
      <trkpt lat="49.519366" lon="9.549988">
        <ele>384</ele>
      </trkpt>
      <trkpt lat="49.51904" lon="9.549717">
        <ele>383</ele>
      </trkpt>
      <trkpt lat="49.518531" lon="9.549247">
        <ele>380.5</ele>
      </trkpt>
      <trkpt lat="49.518125" lon="9.548843">
        <ele>379</ele>
      </trkpt>
      <trkpt lat="49.517869" lon="9.54849">
        <ele>378</ele>
      </trkpt>
      <trkpt lat="49.517586" lon="9.548037">
        <ele>377.25</ele>
      </trkpt>
      <trkpt lat="49.517365" lon="9.547633">
        <ele>377.25</ele>
      </trkpt>
      <trkpt lat="49.51717" lon="9.547266">
        <ele>376.75</ele>
      </trkpt>
      <trkpt lat="49.517022" lon="9.54703">
        <ele>376.25</ele>
      </trkpt>
      <trkpt lat="49.516537" lon="9.546209">
        <ele>374.75</ele>
      </trkpt>
      <trkpt lat="49.516224" lon="9.545746">
        <ele>373.25</ele>
      </trkpt>
      <trkpt lat="49.515863" lon="9.545251">
        <ele>372.5</ele>
      </trkpt>
      <trkpt lat="49.515512" lon="9.544918">
        <ele>372.5</ele>
      </trkpt>
      <trkpt lat="49.515431" lon="9.544858">
        <ele>372.25</ele>
      </trkpt>
      <trkpt lat="49.515191" lon="9.544731">
        <ele>371.75</ele>
      </trkpt>
      <trkpt lat="49.514644" lon="9.54448">
        <ele>372.25</ele>
      </trkpt>
      <trkpt lat="49.514547" lon="9.544415">
        <ele>372.75</ele>
      </trkpt>
      <trkpt lat="49.513824" lon="9.543904">
        <ele>373.25</ele>
      </trkpt>
      <trkpt lat="49.513005" lon="9.543155">
        <ele>370.25</ele>
      </trkpt>
      <trkpt lat="49.511982" lon="9.542369">
        <ele>369.5</ele>
      </trkpt>
      <trkpt lat="49.511313" lon="9.541952">
        <ele>372.5</ele>
      </trkpt>
      <trkpt lat="49.510893" lon="9.541775">
        <ele>372.5</ele>
      </trkpt>
      <trkpt lat="49.510892" lon="9.541774">
        <ele>372.5</ele>
      </trkpt>
      <trkpt lat="49.510766" lon="9.541721">
        <ele>372.5</ele>
      </trkpt>
      <trkpt lat="49.510143" lon="9.541565">
        <ele>371.75</ele>
      </trkpt>
      <trkpt lat="49.509563" lon="9.54148">
        <ele>368.5</ele>
      </trkpt>
      <trkpt lat="49.508838" lon="9.541542">
        <ele>362.75</ele>
      </trkpt>
      <trkpt lat="49.508242" lon="9.541723">
        <ele>357.5</ele>
      </trkpt>
      <trkpt lat="49.508022" lon="9.541803">
        <ele>356.5</ele>
      </trkpt>
      <trkpt lat="49.507207" lon="9.542272">
        <ele>351.25</ele>
      </trkpt>
      <trkpt lat="49.506777" lon="9.542659">
        <ele>346.25</ele>
      </trkpt>
      <trkpt lat="49.506245" lon="9.543299">
        <ele>342.25</ele>
      </trkpt>
      <trkpt lat="49.506028" lon="9.543616">
        <ele>340.5</ele>
      </trkpt>
      <trkpt lat="49.505777" lon="9.543983">
        <ele>338.5</ele>
      </trkpt>
      <trkpt lat="49.505311" lon="9.544675">
        <ele>335.25</ele>
      </trkpt>
      <trkpt lat="49.505224" lon="9.544817">
        <ele>334.5</ele>
      </trkpt>
      <trkpt lat="49.505005" lon="9.544527">
        <ele>333.5</ele>
      </trkpt>
      <trkpt lat="49.504121" lon="9.543506">
        <ele>333</ele>
      </trkpt>
      <trkpt lat="49.503723" lon="9.542869">
        <ele>333.25</ele>
      </trkpt>
      <trkpt lat="49.503608" lon="9.542685">
        <ele>332.75</ele>
      </trkpt>
      <trkpt lat="49.503311" lon="9.542213">
        <ele>331.75</ele>
      </trkpt>
      <trkpt lat="49.503296" lon="9.542188">
        <ele>331.75</ele>
      </trkpt>
      <trkpt lat="49.502811" lon="9.541451">
        <ele>331.25</ele>
      </trkpt>
      <trkpt lat="49.502691" lon="9.541295">
        <ele>331</ele>
      </trkpt>
      <trkpt lat="49.502607" lon="9.541184">
        <ele>330.75</ele>
      </trkpt>
      <trkpt lat="49.502376" lon="9.540915">
        <ele>330.5</ele>
      </trkpt>
      <trkpt lat="49.50182" lon="9.540349">
        <ele>329.75</ele>
      </trkpt>
      <trkpt lat="49.501594" lon="9.540074">
        <ele>328.5</ele>
      </trkpt>
      <trkpt lat="49.50155" lon="9.540033">
        <ele>328.5</ele>
      </trkpt>
      <trkpt lat="49.501318" lon="9.539838">
        <ele>327.75</ele>
      </trkpt>
      <trkpt lat="49.501161" lon="9.53972">
        <ele>327</ele>
      </trkpt>
      <trkpt lat="49.50108" lon="9.539659">
        <ele>326.5</ele>
      </trkpt>
      <trkpt lat="49.500962" lon="9.539542">
        <ele>326</ele>
      </trkpt>
      <trkpt lat="49.500856" lon="9.53942">
        <ele>325.25</ele>
      </trkpt>
      <trkpt lat="49.500774" lon="9.539284">
        <ele>325</ele>
      </trkpt>
      <trkpt lat="49.500739" lon="9.539194">
        <ele>324.75</ele>
      </trkpt>
      <trkpt lat="49.500702" lon="9.539055">
        <ele>325</ele>
      </trkpt>
      <trkpt lat="49.500662" lon="9.538851">
        <ele>325.25</ele>
      </trkpt>
      <trkpt lat="49.500601" lon="9.538532">
        <ele>325.75</ele>
      </trkpt>
      <trkpt lat="49.500554" lon="9.538332">
        <ele>325.75</ele>
      </trkpt>
      <trkpt lat="49.500416" lon="9.537862">
        <ele>325.75</ele>
      </trkpt>
      <trkpt lat="49.500153" lon="9.537111">
        <ele>324.5</ele>
      </trkpt>
      <trkpt lat="49.500095" lon="9.536968">
        <ele>324</ele>
      </trkpt>
      <trkpt lat="49.499993" lon="9.536714">
        <ele>323</ele>
      </trkpt>
      <trkpt lat="49.499805" lon="9.536351">
        <ele>323.75</ele>
      </trkpt>
      <trkpt lat="49.499697" lon="9.536201">
        <ele>324</ele>
      </trkpt>
      <trkpt lat="49.499503" lon="9.535935">
        <ele>324</ele>
      </trkpt>
      <trkpt lat="49.499414" lon="9.535804">
        <ele>323.75</ele>
      </trkpt>
      <trkpt lat="49.499206" lon="9.535464">
        <ele>323</ele>
      </trkpt>
      <trkpt lat="49.499134" lon="9.535355">
        <ele>322.75</ele>
      </trkpt>
      <trkpt lat="49.499061" lon="9.535235">
        <ele>322.5</ele>
      </trkpt>
      <trkpt lat="49.499049" lon="9.535217">
        <ele>322.5</ele>
      </trkpt>
      <trkpt lat="49.498652" lon="9.534597">
        <ele>321.75</ele>
      </trkpt>
      <trkpt lat="49.498437" lon="9.534337">
        <ele>320.5</ele>
      </trkpt>
      <trkpt lat="49.498308" lon="9.534214">
        <ele>319.75</ele>
      </trkpt>
      <trkpt lat="49.498198" lon="9.534127">
        <ele>320</ele>
      </trkpt>
      <trkpt lat="49.498042" lon="9.534015">
        <ele>320.25</ele>
      </trkpt>
      <trkpt lat="49.49765" lon="9.533776">
        <ele>319.75</ele>
      </trkpt>
      <trkpt lat="49.497556" lon="9.533708">
        <ele>319.75</ele>
      </trkpt>
      <trkpt lat="49.497361" lon="9.533543">
        <ele>318.75</ele>
      </trkpt>
      <trkpt lat="49.497233" lon="9.533407">
        <ele>318.25</ele>
      </trkpt>
      <trkpt lat="49.497042" lon="9.533164">
        <ele>317.5</ele>
      </trkpt>
      <trkpt lat="49.496882" lon="9.532913">
        <ele>317</ele>
      </trkpt>
      <trkpt lat="49.496654" lon="9.532461">
        <ele>316</ele>
      </trkpt>
      <trkpt lat="49.496369" lon="9.531853">
        <ele>315.5</ele>
      </trkpt>
      <trkpt lat="49.496221" lon="9.531466">
        <ele>315.25</ele>
      </trkpt>
      <trkpt lat="49.496163" lon="9.531281">
        <ele>315.25</ele>
      </trkpt>
      <trkpt lat="49.496122" lon="9.53112">
        <ele>315.5</ele>
      </trkpt>
      <trkpt lat="49.496052" lon="9.530951">
        <ele>315.5</ele>
      </trkpt>
      <trkpt lat="49.496" lon="9.530858">
        <ele>315.25</ele>
      </trkpt>
      <trkpt lat="49.495951" lon="9.530802">
        <ele>315</ele>
      </trkpt>
      <trkpt lat="49.495852" lon="9.530723">
        <ele>314.25</ele>
      </trkpt>
      <trkpt lat="49.495843" lon="9.530753">
        <ele>314</ele>
      </trkpt>
      <trkpt lat="49.495708" lon="9.531223">
        <ele>312.75</ele>
      </trkpt>
      <trkpt lat="49.495693" lon="9.531277">
        <ele>312.5</ele>
      </trkpt>
      <trkpt lat="49.495561" lon="9.531753">
        <ele>311.75</ele>
      </trkpt>
      <trkpt lat="49.495561" lon="9.531753">
        <ele>311.75</ele>
      </trkpt>
      <trkpt lat="49.495555" lon="9.531778">
        <ele>311.75</ele>
      </trkpt>
      <trkpt lat="49.495415" lon="9.532184">
        <ele>312.5</ele>
      </trkpt>
      <trkpt lat="49.49536" lon="9.532335">
        <ele>313</ele>
      </trkpt>
      <trkpt lat="49.49511" lon="9.532849">
        <ele>313.75</ele>
      </trkpt>
      <trkpt lat="49.494868" lon="9.533208">
        <ele>315.25</ele>
      </trkpt>
      <trkpt lat="49.494671" lon="9.533428">
        <ele>316.75</ele>
      </trkpt>
      <trkpt lat="49.494386" lon="9.533657">
        <ele>319.5</ele>
      </trkpt>
      <trkpt lat="49.494134" lon="9.53382">
        <ele>322.75</ele>
      </trkpt>
      <trkpt lat="49.493803" lon="9.533941">
        <ele>326.5</ele>
      </trkpt>
      <trkpt lat="49.493488" lon="9.533972">
        <ele>329.5</ele>
      </trkpt>
      <trkpt lat="49.493165" lon="9.533961">
        <ele>332</ele>
      </trkpt>
      <trkpt lat="49.492976" lon="9.533943">
        <ele>332.75</ele>
      </trkpt>
      <trkpt lat="49.492833" lon="9.53393">
        <ele>333.5</ele>
      </trkpt>
      <trkpt lat="49.491864" lon="9.533784">
        <ele>338.75</ele>
      </trkpt>
      <trkpt lat="49.491254" lon="9.533671">
        <ele>345.5</ele>
      </trkpt>
      <trkpt lat="49.490811" lon="9.533636">
        <ele>351.5</ele>
      </trkpt>
      <trkpt lat="49.490617" lon="9.533673">
        <ele>353.25</ele>
      </trkpt>
      <trkpt lat="49.490416" lon="9.533738">
        <ele>355.5</ele>
      </trkpt>
      <trkpt lat="49.49036" lon="9.533766">
        <ele>356.25</ele>
      </trkpt>
      <trkpt lat="49.490101" lon="9.533897">
        <ele>359.75</ele>
      </trkpt>
      <trkpt lat="49.489903" lon="9.534049">
        <ele>361.5</ele>
      </trkpt>
      <trkpt lat="49.489702" lon="9.534221">
        <ele>361.75</ele>
      </trkpt>
      <trkpt lat="49.489156" lon="9.53489">
        <ele>363.75</ele>
      </trkpt>
      <trkpt lat="49.488454" lon="9.535792">
        <ele>364.75</ele>
      </trkpt>
      <trkpt lat="49.487785" lon="9.536616">
        <ele>366.25</ele>
      </trkpt>
      <trkpt lat="49.487211" lon="9.53718">
        <ele>368</ele>
      </trkpt>
      <trkpt lat="49.486881" lon="9.537438">
        <ele>369</ele>
      </trkpt>
      <trkpt lat="49.486435" lon="9.537674">
        <ele>370.5</ele>
      </trkpt>
      <trkpt lat="49.486131" lon="9.537809">
        <ele>372</ele>
      </trkpt>
      <trkpt lat="49.485723" lon="9.537935">
        <ele>374.25</ele>
      </trkpt>
      <trkpt lat="49.485404" lon="9.537978">
        <ele>377</ele>
      </trkpt>
      <trkpt lat="49.483645" lon="9.537985">
        <ele>382.75</ele>
      </trkpt>
      <trkpt lat="49.483405" lon="9.538035">
        <ele>382.25</ele>
      </trkpt>
      <trkpt lat="49.483256" lon="9.538079">
        <ele>382</ele>
      </trkpt>
      <trkpt lat="49.482963" lon="9.538268">
        <ele>381.75</ele>
      </trkpt>
      <trkpt lat="49.482714" lon="9.538474">
        <ele>381.5</ele>
      </trkpt>
      <trkpt lat="49.482465" lon="9.538621">
        <ele>380.75</ele>
      </trkpt>
      <trkpt lat="49.482287" lon="9.538713">
        <ele>380.5</ele>
      </trkpt>
      <trkpt lat="49.481911" lon="9.538795">
        <ele>379.5</ele>
      </trkpt>
      <trkpt lat="49.481411" lon="9.538774">
        <ele>377.75</ele>
      </trkpt>
      <trkpt lat="49.481005" lon="9.538687">
        <ele>376.25</ele>
      </trkpt>
      <trkpt lat="49.480637" lon="9.538682">
        <ele>374.75</ele>
      </trkpt>
      <trkpt lat="49.479507" lon="9.538815">
        <ele>368.75</ele>
      </trkpt>
      <trkpt lat="49.47919" lon="9.538836">
        <ele>367.25</ele>
      </trkpt>
      <trkpt lat="49.479026" lon="9.538819">
        <ele>366.5</ele>
      </trkpt>
      <trkpt lat="49.478945" lon="9.538796">
        <ele>366.25</ele>
      </trkpt>
      <trkpt lat="49.478298" lon="9.53856">
        <ele>363</ele>
      </trkpt>
      <trkpt lat="49.477865" lon="9.538332">
        <ele>361.25</ele>
      </trkpt>
      <trkpt lat="49.477596" lon="9.538224">
        <ele>360.25</ele>
      </trkpt>
      <trkpt lat="49.477083" lon="9.53805">
        <ele>358.75</ele>
      </trkpt>
      <trkpt lat="49.476946" lon="9.538029">
        <ele>358.5</ele>
      </trkpt>
      <trkpt lat="49.476858" lon="9.53807">
        <ele>358.25</ele>
      </trkpt>
      <trkpt lat="49.47682" lon="9.538133">
        <ele>358</ele>
      </trkpt>
      <trkpt lat="49.476773" lon="9.538291">
        <ele>358</ele>
      </trkpt>
      <trkpt lat="49.476691" lon="9.538554">
        <ele>358.5</ele>
      </trkpt>
      <trkpt lat="49.476542" lon="9.539075">
        <ele>359.75</ele>
      </trkpt>
      <trkpt lat="49.476447" lon="9.539341">
        <ele>361</ele>
      </trkpt>
      <trkpt lat="49.476379" lon="9.539451">
        <ele>361.5</ele>
      </trkpt>
      <trkpt lat="49.476298" lon="9.539512">
        <ele>361.75</ele>
      </trkpt>
      <trkpt lat="49.475966" lon="9.539498">
        <ele>361.75</ele>
      </trkpt>
      <trkpt lat="49.475734" lon="9.539498">
        <ele>361.5</ele>
      </trkpt>
      <trkpt lat="49.474995" lon="9.539539">
        <ele>361</ele>
      </trkpt>
      <trkpt lat="49.474809" lon="9.539605">
        <ele>361.75</ele>
      </trkpt>
      <trkpt lat="49.474763" lon="9.539633">
        <ele>362</ele>
      </trkpt>
      <trkpt lat="49.474574" lon="9.539569">
        <ele>361.75</ele>
      </trkpt>
      <trkpt lat="49.474439" lon="9.539524">
        <ele>361.75</ele>
      </trkpt>
      <trkpt lat="49.474153" lon="9.539423">
        <ele>361.75</ele>
      </trkpt>
      <trkpt lat="49.474131" lon="9.539414">
        <ele>361.75</ele>
      </trkpt>
      <trkpt lat="49.474054" lon="9.539368">
        <ele>361.75</ele>
      </trkpt>
      <trkpt lat="49.473981" lon="9.539311">
        <ele>361.75</ele>
      </trkpt>
      <trkpt lat="49.473878" lon="9.539234">
        <ele>361.5</ele>
      </trkpt>
      <trkpt lat="49.473674" lon="9.539013">
        <ele>360.5</ele>
      </trkpt>
      <trkpt lat="49.473628" lon="9.539102">
        <ele>361</ele>
      </trkpt>
      <trkpt lat="49.473528" lon="9.539202">
        <ele>361.75</ele>
      </trkpt>
      <trkpt lat="49.473423" lon="9.539251">
        <ele>362.25</ele>
      </trkpt>
      <trkpt lat="49.473256" lon="9.539315">
        <ele>363</ele>
      </trkpt>
      <trkpt lat="49.472972" lon="9.539472">
        <ele>365.25</ele>
      </trkpt>
      <trkpt lat="49.472831" lon="9.539521">
        <ele>366.25</ele>
      </trkpt>
      <trkpt lat="49.472579" lon="9.539558">
        <ele>367.5</ele>
      </trkpt>
      <trkpt lat="49.472349" lon="9.539522">
        <ele>367</ele>
      </trkpt>
      <trkpt lat="49.472053" lon="9.539393">
        <ele>365</ele>
      </trkpt>
      <trkpt lat="49.471884" lon="9.53933">
        <ele>363.75</ele>
      </trkpt>
      <trkpt lat="49.471767" lon="9.539318">
        <ele>363.25</ele>
      </trkpt>
      <trkpt lat="49.471667" lon="9.539321">
        <ele>362.75</ele>
      </trkpt>
      <trkpt lat="49.471572" lon="9.539346">
        <ele>362.5</ele>
      </trkpt>
      <trkpt lat="49.471478" lon="9.539396">
        <ele>362.25</ele>
      </trkpt>
      <trkpt lat="49.471396" lon="9.539457">
        <ele>362.25</ele>
      </trkpt>
      <trkpt lat="49.471261" lon="9.539582">
        <ele>362.25</ele>
      </trkpt>
      <trkpt lat="49.471261" lon="9.539582">
        <ele>362.25</ele>
      </trkpt>
      <trkpt lat="49.471225" lon="9.539616">
        <ele>362.25</ele>
      </trkpt>
      <trkpt lat="49.471031" lon="9.539806">
        <ele>362</ele>
      </trkpt>
      <trkpt lat="49.470746" lon="9.540116">
        <ele>361.75</ele>
      </trkpt>
      <trkpt lat="49.470688" lon="9.540184">
        <ele>361.75</ele>
      </trkpt>
      <trkpt lat="49.47036" lon="9.540569">
        <ele>361.75</ele>
      </trkpt>
      <trkpt lat="49.469917" lon="9.541167">
        <ele>362</ele>
      </trkpt>
      <trkpt lat="49.469654" lon="9.541524">
        <ele>361.5</ele>
      </trkpt>
      <trkpt lat="49.469175" lon="9.542242">
        <ele>360</ele>
      </trkpt>
      <trkpt lat="49.468803" lon="9.542868">
        <ele>357.25</ele>
      </trkpt>
      <trkpt lat="49.468622" lon="9.543191">
        <ele>355.25</ele>
      </trkpt>
      <trkpt lat="49.468425" lon="9.543575">
        <ele>352.25</ele>
      </trkpt>
      <trkpt lat="49.468224" lon="9.544024">
        <ele>348.25</ele>
      </trkpt>
      <trkpt lat="49.46804" lon="9.544504">
        <ele>345.25</ele>
      </trkpt>
      <trkpt lat="49.467905" lon="9.544961">
        <ele>343</ele>
      </trkpt>
      <trkpt lat="49.467831" lon="9.545289">
        <ele>341.25</ele>
      </trkpt>
      <trkpt lat="49.467773" lon="9.545652">
        <ele>339.75</ele>
      </trkpt>
      <trkpt lat="49.467745" lon="9.546043">
        <ele>339</ele>
      </trkpt>
      <trkpt lat="49.467738" lon="9.546427">
        <ele>338.5</ele>
      </trkpt>
      <trkpt lat="49.467763" lon="9.546821">
        <ele>338.25</ele>
      </trkpt>
      <trkpt lat="49.467839" lon="9.54728">
        <ele>338</ele>
      </trkpt>
      <trkpt lat="49.467938" lon="9.54767">
        <ele>337.75</ele>
      </trkpt>
      <trkpt lat="49.468064" lon="9.548057">
        <ele>338</ele>
      </trkpt>
      <trkpt lat="49.468273" lon="9.548604">
        <ele>339</ele>
      </trkpt>
      <trkpt lat="49.468299" lon="9.548862">
        <ele>339.5</ele>
      </trkpt>
      <trkpt lat="49.468282" lon="9.549158">
        <ele>339.75</ele>
      </trkpt>
      <trkpt lat="49.468212" lon="9.549346">
        <ele>340.5</ele>
      </trkpt>
      <trkpt lat="49.467971" lon="9.549681">
        <ele>341.75</ele>
      </trkpt>
      <trkpt lat="49.467651" lon="9.550139">
        <ele>344.5</ele>
      </trkpt>
      <trkpt lat="49.467349" lon="9.550712">
        <ele>347.75</ele>
      </trkpt>
      <trkpt lat="49.467159" lon="9.551055">
        <ele>350.25</ele>
      </trkpt>
      <trkpt lat="49.466435" lon="9.552697">
        <ele>362.75</ele>
      </trkpt>
      <trkpt lat="49.466144" lon="9.553319">
        <ele>368</ele>
      </trkpt>
      <trkpt lat="49.465917" lon="9.553815">
        <ele>369</ele>
      </trkpt>
      <trkpt lat="49.465688" lon="9.55431">
        <ele>369.25</ele>
      </trkpt>
      <trkpt lat="49.465403" lon="9.554885">
        <ele>368.75</ele>
      </trkpt>
      <trkpt lat="49.464975" lon="9.555649">
        <ele>364</ele>
      </trkpt>
      <trkpt lat="49.464786" lon="9.555901">
        <ele>361.25</ele>
      </trkpt>
      <trkpt lat="49.464137" lon="9.556757">
        <ele>355</ele>
      </trkpt>
      <trkpt lat="49.463677" lon="9.557207">
        <ele>355</ele>
      </trkpt>
      <trkpt lat="49.463272" lon="9.557564">
        <ele>356.25</ele>
      </trkpt>
      <trkpt lat="49.46284" lon="9.557897">
        <ele>359</ele>
      </trkpt>
      <trkpt lat="49.462427" lon="9.558199">
        <ele>363</ele>
      </trkpt>
      <trkpt lat="49.461966" lon="9.558562">
        <ele>367</ele>
      </trkpt>
      <trkpt lat="49.461338" lon="9.559148">
        <ele>373</ele>
      </trkpt>
      <trkpt lat="49.461001" lon="9.559549">
        <ele>375.75</ele>
      </trkpt>
      <trkpt lat="49.460684" lon="9.559999">
        <ele>378.5</ele>
      </trkpt>
      <trkpt lat="49.460613" lon="9.560094">
        <ele>378.75</ele>
      </trkpt>
      <trkpt lat="49.460316" lon="9.560647">
        <ele>380.5</ele>
      </trkpt>
      <trkpt lat="49.460123" lon="9.561064">
        <ele>380.25</ele>
      </trkpt>
      <trkpt lat="49.45995" lon="9.561602">
        <ele>377.5</ele>
      </trkpt>
      <trkpt lat="49.459856" lon="9.561995">
        <ele>375.75</ele>
      </trkpt>
      <trkpt lat="49.459828" lon="9.562162">
        <ele>375</ele>
      </trkpt>
      <trkpt lat="49.459754" lon="9.562522">
        <ele>373.75</ele>
      </trkpt>
      <trkpt lat="49.459702" lon="9.562936">
        <ele>373.5</ele>
      </trkpt>
      <trkpt lat="49.459639" lon="9.563786">
        <ele>371.25</ele>
      </trkpt>
      <trkpt lat="49.459618" lon="9.564507">
        <ele>367.75</ele>
      </trkpt>
      <trkpt lat="49.45961" lon="9.565213">
        <ele>363.5</ele>
      </trkpt>
      <trkpt lat="49.459619" lon="9.565519">
        <ele>361.5</ele>
      </trkpt>
      <trkpt lat="49.459653" lon="9.566287">
        <ele>356</ele>
      </trkpt>
      <trkpt lat="49.459662" lon="9.566567">
        <ele>354.25</ele>
      </trkpt>
      <trkpt lat="49.459651" lon="9.566995">
        <ele>352.25</ele>
      </trkpt>
      <trkpt lat="49.459627" lon="9.567301">
        <ele>351</ele>
      </trkpt>
      <trkpt lat="49.459589" lon="9.567581">
        <ele>350.25</ele>
      </trkpt>
      <trkpt lat="49.459551" lon="9.567793">
        <ele>349.75</ele>
      </trkpt>
      <trkpt lat="49.45949" lon="9.56807">
        <ele>349.25</ele>
      </trkpt>
      <trkpt lat="49.459425" lon="9.568327">
        <ele>349</ele>
      </trkpt>
      <trkpt lat="49.459327" lon="9.568673">
        <ele>348.5</ele>
      </trkpt>
      <trkpt lat="49.459207" lon="9.569062">
        <ele>348</ele>
      </trkpt>
      <trkpt lat="49.459024" lon="9.569667">
        <ele>347.75</ele>
      </trkpt>
      <trkpt lat="49.458959" lon="9.569915">
        <ele>347.75</ele>
      </trkpt>
      <trkpt lat="49.458937" lon="9.570041">
        <ele>347.5</ele>
      </trkpt>
      <trkpt lat="49.45894" lon="9.570203">
        <ele>347</ele>
      </trkpt>
      <trkpt lat="49.458541" lon="9.570109">
        <ele>346.75</ele>
      </trkpt>
      <trkpt lat="49.458067" lon="9.570106">
        <ele>346.75</ele>
      </trkpt>
      <trkpt lat="49.457851" lon="9.570087">
        <ele>346.75</ele>
      </trkpt>
      <trkpt lat="49.457246" lon="9.569898">
        <ele>347.5</ele>
      </trkpt>
      <trkpt lat="49.45693" lon="9.569804">
        <ele>348.5</ele>
      </trkpt>
      <trkpt lat="49.456516" lon="9.569712">
        <ele>349.25</ele>
      </trkpt>
      <trkpt lat="49.456289" lon="9.569666">
        <ele>349.5</ele>
      </trkpt>
      <trkpt lat="49.455774" lon="9.56956">
        <ele>349.5</ele>
      </trkpt>
      <trkpt lat="49.4557" lon="9.569545">
        <ele>349</ele>
      </trkpt>
      <trkpt lat="49.455297" lon="9.569477">
        <ele>346.75</ele>
      </trkpt>
      <trkpt lat="49.454828" lon="9.569447">
        <ele>345</ele>
      </trkpt>
      <trkpt lat="49.454262" lon="9.569484">
        <ele>344.25</ele>
      </trkpt>
      <trkpt lat="49.453928" lon="9.569533">
        <ele>344</ele>
      </trkpt>
      <trkpt lat="49.453679" lon="9.569592">
        <ele>343.75</ele>
      </trkpt>
      <trkpt lat="49.453437" lon="9.569664">
        <ele>343.5</ele>
      </trkpt>
      <trkpt lat="49.452806" lon="9.569921">
        <ele>341.5</ele>
      </trkpt>
      <trkpt lat="49.452198" lon="9.570251">
        <ele>338.5</ele>
      </trkpt>
      <trkpt lat="49.450608" lon="9.571408">
        <ele>332</ele>
      </trkpt>
      <trkpt lat="49.449786" lon="9.571976">
        <ele>331</ele>
      </trkpt>
      <trkpt lat="49.448933" lon="9.572315">
        <ele>330</ele>
      </trkpt>
      <trkpt lat="49.448264" lon="9.572411">
        <ele>330</ele>
      </trkpt>
      <trkpt lat="49.448054" lon="9.572381">
        <ele>328.25</ele>
      </trkpt>
      <trkpt lat="49.448052" lon="9.572381">
        <ele>329</ele>
      </trkpt>
      <trkpt lat="49.447837" lon="9.572352">
        <ele>328.25</ele>
      </trkpt>
      <trkpt lat="49.447594" lon="9.572275">
        <ele>327.5</ele>
      </trkpt>
      <trkpt lat="49.447259" lon="9.572125">
        <ele>329.75</ele>
      </trkpt>
      <trkpt lat="49.446946" lon="9.571923">
        <ele>331.5</ele>
      </trkpt>
      <trkpt lat="49.445462" lon="9.570747">
        <ele>327</ele>
      </trkpt>
      <trkpt lat="49.444709" lon="9.570383">
        <ele>327.25</ele>
      </trkpt>
      <trkpt lat="49.443863" lon="9.570162">
        <ele>325.5</ele>
      </trkpt>
      <trkpt lat="49.443201" lon="9.569961">
        <ele>325.25</ele>
      </trkpt>
      <trkpt lat="49.442909" lon="9.569858">
        <ele>326.25</ele>
      </trkpt>
      <trkpt lat="49.442666" lon="9.569722">
        <ele>327.25</ele>
      </trkpt>
      <trkpt lat="49.442596" lon="9.569661">
        <ele>327.5</ele>
      </trkpt>
      <trkpt lat="49.442441" lon="9.569528">
        <ele>328</ele>
      </trkpt>
      <trkpt lat="49.442054" lon="9.569128">
        <ele>326.25</ele>
      </trkpt>
      <trkpt lat="49.441691" lon="9.568622">
        <ele>323.75</ele>
      </trkpt>
      <trkpt lat="49.440422" lon="9.566446">
        <ele>318.5</ele>
      </trkpt>
      <trkpt lat="49.439868" lon="9.565662">
        <ele>318.5</ele>
      </trkpt>
      <trkpt lat="49.439445" lon="9.565111">
        <ele>319.25</ele>
      </trkpt>
      <trkpt lat="49.4393" lon="9.564908">
        <ele>319</ele>
      </trkpt>
      <trkpt lat="49.437784" lon="9.562986">
        <ele>317</ele>
      </trkpt>
      <trkpt lat="49.437476" lon="9.562599">
        <ele>316.5</ele>
      </trkpt>
      <trkpt lat="49.436803" lon="9.56184">
        <ele>316</ele>
      </trkpt>
      <trkpt lat="49.436577" lon="9.561507">
        <ele>315.75</ele>
      </trkpt>
      <trkpt lat="49.436345" lon="9.561014">
        <ele>315.25</ele>
      </trkpt>
      <trkpt lat="49.436008" lon="9.560168">
        <ele>314.5</ele>
      </trkpt>
      <trkpt lat="49.435934" lon="9.559958">
        <ele>314.25</ele>
      </trkpt>
      <trkpt lat="49.435872" lon="9.559813">
        <ele>314</ele>
      </trkpt>
      <trkpt lat="49.435796" lon="9.559687">
        <ele>313.75</ele>
      </trkpt>
      <trkpt lat="49.435715" lon="9.559596">
        <ele>313.5</ele>
      </trkpt>
      <trkpt lat="49.435582" lon="9.559481">
        <ele>313.25</ele>
      </trkpt>
      <trkpt lat="49.435346" lon="9.559409">
        <ele>312.75</ele>
      </trkpt>
      <trkpt lat="49.434982" lon="9.559338">
        <ele>312</ele>
      </trkpt>
      <trkpt lat="49.434554" lon="9.559359">
        <ele>312.25</ele>
      </trkpt>
      <trkpt lat="49.434273" lon="9.559326">
        <ele>312.5</ele>
      </trkpt>
      <trkpt lat="49.43412" lon="9.559287">
        <ele>312.75</ele>
      </trkpt>
      <trkpt lat="49.433603" lon="9.559122">
        <ele>314.5</ele>
      </trkpt>
      <trkpt lat="49.432979" lon="9.558894">
        <ele>316</ele>
      </trkpt>
      <trkpt lat="49.432911" lon="9.55886">
        <ele>316</ele>
      </trkpt>
      <trkpt lat="49.432226" lon="9.558511">
        <ele>315.75</ele>
      </trkpt>
      <trkpt lat="49.431962" lon="9.558307">
        <ele>315.5</ele>
      </trkpt>
      <trkpt lat="49.431794" lon="9.55808">
        <ele>315.5</ele>
      </trkpt>
      <trkpt lat="49.431576" lon="9.557692">
        <ele>315.5</ele>
      </trkpt>
      <trkpt lat="49.430981" lon="9.556419">
        <ele>314.75</ele>
      </trkpt>
      <trkpt lat="49.430849" lon="9.55615">
        <ele>314</ele>
      </trkpt>
      <trkpt lat="49.430777" lon="9.556029">
        <ele>313.75</ele>
      </trkpt>
      <trkpt lat="49.430717" lon="9.555957">
        <ele>313.5</ele>
      </trkpt>
      <trkpt lat="49.43048" lon="9.555782">
        <ele>313.25</ele>
      </trkpt>
      <trkpt lat="49.429661" lon="9.555391">
        <ele>313</ele>
      </trkpt>
      <trkpt lat="49.42941" lon="9.555363">
        <ele>313</ele>
      </trkpt>
      <trkpt lat="49.429211" lon="9.555278">
        <ele>313.25</ele>
      </trkpt>
      <trkpt lat="49.429007" lon="9.555139">
        <ele>312.75</ele>
      </trkpt>
      <trkpt lat="49.428911" lon="9.555102">
        <ele>312.5</ele>
      </trkpt>
      <trkpt lat="49.428809" lon="9.555087">
        <ele>312</ele>
      </trkpt>
      <trkpt lat="49.428407" lon="9.555166">
        <ele>309.75</ele>
      </trkpt>
      <trkpt lat="49.428194" lon="9.555143">
        <ele>308.75</ele>
      </trkpt>
      <trkpt lat="49.428106" lon="9.555111">
        <ele>308.25</ele>
      </trkpt>
      <trkpt lat="49.427871" lon="9.555011">
        <ele>307</ele>
      </trkpt>
      <trkpt lat="49.427665" lon="9.554915">
        <ele>306</ele>
      </trkpt>
      <trkpt lat="49.427208" lon="9.554809">
        <ele>305</ele>
      </trkpt>
      <trkpt lat="49.426792" lon="9.554723">
        <ele>305</ele>
      </trkpt>
      <trkpt lat="49.426244" lon="9.554451">
        <ele>304.25</ele>
      </trkpt>
      <trkpt lat="49.425414" lon="9.553595">
        <ele>305</ele>
      </trkpt>
      <trkpt lat="49.425213" lon="9.553471">
        <ele>305</ele>
      </trkpt>
      <trkpt lat="49.424975" lon="9.553323">
        <ele>304.75</ele>
      </trkpt>
      <trkpt lat="49.42494" lon="9.553301">
        <ele>304.75</ele>
      </trkpt>
      <trkpt lat="49.424581" lon="9.553156">
        <ele>304.5</ele>
      </trkpt>
      <trkpt lat="49.424036" lon="9.553154">
        <ele>303.25</ele>
      </trkpt>
      <trkpt lat="49.423455" lon="9.553236">
        <ele>303</ele>
      </trkpt>
      <trkpt lat="49.42286" lon="9.553429">
        <ele>303.25</ele>
      </trkpt>
      <trkpt lat="49.422754" lon="9.553462">
        <ele>303.25</ele>
      </trkpt>
      <trkpt lat="49.42252" lon="9.553561">
        <ele>303</ele>
      </trkpt>
      <trkpt lat="49.422176" lon="9.553802">
        <ele>302.25</ele>
      </trkpt>
      <trkpt lat="49.421901" lon="9.553942">
        <ele>301.75</ele>
      </trkpt>
      <trkpt lat="49.421607" lon="9.553948">
        <ele>301.5</ele>
      </trkpt>
      <trkpt lat="49.421485" lon="9.553924">
        <ele>301.5</ele>
      </trkpt>
      <trkpt lat="49.421466" lon="9.553916">
        <ele>301.5</ele>
      </trkpt>
      <trkpt lat="49.420963" lon="9.553692">
        <ele>301.25</ele>
      </trkpt>
      <trkpt lat="49.420546" lon="9.553485">
        <ele>301.25</ele>
      </trkpt>
      <trkpt lat="49.420357" lon="9.55337">
        <ele>301.25</ele>
      </trkpt>
      <trkpt lat="49.420111" lon="9.553162">
        <ele>301.25</ele>
      </trkpt>
      <trkpt lat="49.420005" lon="9.553038">
        <ele>301</ele>
      </trkpt>
      <trkpt lat="49.419919" lon="9.552937">
        <ele>300.5</ele>
      </trkpt>
      <trkpt lat="49.419562" lon="9.552445">
        <ele>300</ele>
      </trkpt>
      <trkpt lat="49.419375" lon="9.55224">
        <ele>300.5</ele>
      </trkpt>
      <trkpt lat="49.419184" lon="9.552065">
        <ele>300.5</ele>
      </trkpt>
      <trkpt lat="49.418559" lon="9.551635">
        <ele>298.5</ele>
      </trkpt>
      <trkpt lat="49.418364" lon="9.551446">
        <ele>298.5</ele>
      </trkpt>
      <trkpt lat="49.418246" lon="9.551295">
        <ele>298.75</ele>
      </trkpt>
      <trkpt lat="49.418129" lon="9.551092">
        <ele>299</ele>
      </trkpt>
      <trkpt lat="49.41786" lon="9.550519">
        <ele>298</ele>
      </trkpt>
      <trkpt lat="49.417655" lon="9.550223">
        <ele>296.25</ele>
      </trkpt>
      <trkpt lat="49.417506" lon="9.550079">
        <ele>295</ele>
      </trkpt>
      <trkpt lat="49.417426" lon="9.550005">
        <ele>294.75</ele>
      </trkpt>
      <trkpt lat="49.417233" lon="9.549892">
        <ele>294.25</ele>
      </trkpt>
      <trkpt lat="49.416603" lon="9.549633">
        <ele>293.5</ele>
      </trkpt>
      <trkpt lat="49.416434" lon="9.549539">
        <ele>293.25</ele>
      </trkpt>
      <trkpt lat="49.416258" lon="9.54939">
        <ele>292.75</ele>
      </trkpt>
      <trkpt lat="49.415992" lon="9.549101">
        <ele>292.25</ele>
      </trkpt>
      <trkpt lat="49.415782" lon="9.548914">
        <ele>292.25</ele>
      </trkpt>
      <trkpt lat="49.415314" lon="9.548644">
        <ele>291.75</ele>
      </trkpt>
      <trkpt lat="49.415069" lon="9.548544">
        <ele>291.25</ele>
      </trkpt>
      <trkpt lat="49.414998" lon="9.548532">
        <ele>291</ele>
      </trkpt>
      <trkpt lat="49.414996" lon="9.548532">
        <ele>291</ele>
      </trkpt>
      <trkpt lat="49.41499" lon="9.548531">
        <ele>291</ele>
      </trkpt>
      <trkpt lat="49.414564" lon="9.548602">
        <ele>291.5</ele>
      </trkpt>
      <trkpt lat="49.413931" lon="9.54874">
        <ele>291.5</ele>
      </trkpt>
      <trkpt lat="49.413771" lon="9.548762">
        <ele>291.5</ele>
      </trkpt>
      <trkpt lat="49.413149" lon="9.548782">
        <ele>291.75</ele>
      </trkpt>
      <trkpt lat="49.412624" lon="9.548781">
        <ele>291.25</ele>
      </trkpt>
      <trkpt lat="49.412342" lon="9.548777">
        <ele>291.5</ele>
      </trkpt>
      <trkpt lat="49.412121" lon="9.548756">
        <ele>292.25</ele>
      </trkpt>
      <trkpt lat="49.412043" lon="9.54875">
        <ele>292.5</ele>
      </trkpt>
      <trkpt lat="49.411811" lon="9.548728">
        <ele>293</ele>
      </trkpt>
      <trkpt lat="49.41159" lon="9.548769">
        <ele>293.5</ele>
      </trkpt>
      <trkpt lat="49.411481" lon="9.548858">
        <ele>293.5</ele>
      </trkpt>
      <trkpt lat="49.411314" lon="9.549073">
        <ele>292.75</ele>
      </trkpt>
      <trkpt lat="49.411227" lon="9.549204">
        <ele>292.25</ele>
      </trkpt>
      <trkpt lat="49.41108" lon="9.549352">
        <ele>292</ele>
      </trkpt>
      <trkpt lat="49.410882" lon="9.549442">
        <ele>292</ele>
      </trkpt>
      <trkpt lat="49.410578" lon="9.549432">
        <ele>291.25</ele>
      </trkpt>
      <trkpt lat="49.409787" lon="9.549362">
        <ele>288.75</ele>
      </trkpt>
      <trkpt lat="49.409216" lon="9.549296">
        <ele>288</ele>
      </trkpt>
      <trkpt lat="49.409038" lon="9.549265">
        <ele>287.75</ele>
      </trkpt>
      <trkpt lat="49.408613" lon="9.549162">
        <ele>286.5</ele>
      </trkpt>
      <trkpt lat="49.40839" lon="9.54915">
        <ele>286.25</ele>
      </trkpt>
      <trkpt lat="49.408097" lon="9.549182">
        <ele>286.25</ele>
      </trkpt>
      <trkpt lat="49.407927" lon="9.549212">
        <ele>286.25</ele>
      </trkpt>
      <trkpt lat="49.407539" lon="9.549356">
        <ele>285.75</ele>
      </trkpt>
      <trkpt lat="49.40741" lon="9.549412">
        <ele>285.5</ele>
      </trkpt>
      <trkpt lat="49.406762" lon="9.549691">
        <ele>285</ele>
      </trkpt>
      <trkpt lat="49.406421" lon="9.549838">
        <ele>284.25</ele>
      </trkpt>
      <trkpt lat="49.406082" lon="9.549984">
        <ele>283.75</ele>
      </trkpt>
      <trkpt lat="49.405756" lon="9.550055">
        <ele>283.75</ele>
      </trkpt>
      <trkpt lat="49.405133" lon="9.550186">
        <ele>283.75</ele>
      </trkpt>
      <trkpt lat="49.404165" lon="9.550234">
        <ele>283.5</ele>
      </trkpt>
      <trkpt lat="49.403708" lon="9.550217">
        <ele>283.5</ele>
      </trkpt>
      <trkpt lat="49.403557" lon="9.550228">
        <ele>283.25</ele>
      </trkpt>
      <trkpt lat="49.403449" lon="9.550276">
        <ele>283</ele>
      </trkpt>
      <trkpt lat="49.40332" lon="9.550335">
        <ele>282.5</ele>
      </trkpt>
      <trkpt lat="49.403191" lon="9.550362">
        <ele>282.25</ele>
      </trkpt>
      <trkpt lat="49.403112" lon="9.550359">
        <ele>282.25</ele>
      </trkpt>
      <trkpt lat="49.403032" lon="9.550346">
        <ele>282.25</ele>
      </trkpt>
      <trkpt lat="49.402978" lon="9.550585">
        <ele>280.75</ele>
      </trkpt>
      <trkpt lat="49.402895" lon="9.550895">
        <ele>279.25</ele>
      </trkpt>
      <trkpt lat="49.402789" lon="9.551143">
        <ele>278.5</ele>
      </trkpt>
      <trkpt lat="49.40268" lon="9.551303">
        <ele>278</ele>
      </trkpt>
      <trkpt lat="49.402538" lon="9.551423">
        <ele>277.25</ele>
      </trkpt>
      <trkpt lat="49.402404" lon="9.551478">
        <ele>277.25</ele>
      </trkpt>
      <trkpt lat="49.402247" lon="9.551502">
        <ele>278.25</ele>
      </trkpt>
      <trkpt lat="49.402094" lon="9.551489">
        <ele>279.25</ele>
      </trkpt>
      <trkpt lat="49.401932" lon="9.551425">
        <ele>280</ele>
      </trkpt>
      <trkpt lat="49.401777" lon="9.55132">
        <ele>280.25</ele>
      </trkpt>
      <trkpt lat="49.401677" lon="9.551205">
        <ele>280</ele>
      </trkpt>
      <trkpt lat="49.401519" lon="9.550955">
        <ele>279</ele>
      </trkpt>
      <trkpt lat="49.401418" lon="9.550841">
        <ele>278.5</ele>
      </trkpt>
      <trkpt lat="49.401321" lon="9.550787">
        <ele>278.5</ele>
      </trkpt>
      <trkpt lat="49.401244" lon="9.550777">
        <ele>278.75</ele>
      </trkpt>
      <trkpt lat="49.401139" lon="9.550795">
        <ele>279</ele>
      </trkpt>
      <trkpt lat="49.400779" lon="9.550915">
        <ele>280.25</ele>
      </trkpt>
      <trkpt lat="49.400599" lon="9.550998">
        <ele>279.75</ele>
      </trkpt>
      <trkpt lat="49.400492" lon="9.551069">
        <ele>279.5</ele>
      </trkpt>
      <trkpt lat="49.400394" lon="9.551164">
        <ele>279.25</ele>
      </trkpt>
      <trkpt lat="49.400327" lon="9.551252">
        <ele>279.25</ele>
      </trkpt>
      <trkpt lat="49.400261" lon="9.551377">
        <ele>279</ele>
      </trkpt>
      <trkpt lat="49.400097" lon="9.551647">
        <ele>278</ele>
      </trkpt>
      <trkpt lat="49.399964" lon="9.551895">
        <ele>278.25</ele>
      </trkpt>
      <trkpt lat="49.399877" lon="9.552092">
        <ele>279</ele>
      </trkpt>
      <trkpt lat="49.399726" lon="9.55249">
        <ele>279.5</ele>
      </trkpt>
      <trkpt lat="49.39959" lon="9.552751">
        <ele>280.25</ele>
      </trkpt>
      <trkpt lat="49.399023" lon="9.553665">
        <ele>280</ele>
      </trkpt>
      <trkpt lat="49.398743" lon="9.55418">
        <ele>281</ele>
      </trkpt>
      <trkpt lat="49.398634" lon="9.554363">
        <ele>282</ele>
      </trkpt>
      <trkpt lat="49.398309" lon="9.554859">
        <ele>284</ele>
      </trkpt>
      <trkpt lat="49.39814" lon="9.555027">
        <ele>283.75</ele>
      </trkpt>
      <trkpt lat="49.397877" lon="9.555254">
        <ele>284.5</ele>
      </trkpt>
      <trkpt lat="49.397708" lon="9.55535">
        <ele>284</ele>
      </trkpt>
      <trkpt lat="49.397442" lon="9.555475">
        <ele>283.25</ele>
      </trkpt>
      <trkpt lat="49.397292" lon="9.555531">
        <ele>282.75</ele>
      </trkpt>
      <trkpt lat="49.397053" lon="9.555605">
        <ele>280.75</ele>
      </trkpt>
      <trkpt lat="49.396879" lon="9.555678">
        <ele>279.5</ele>
      </trkpt>
      <trkpt lat="49.396724" lon="9.555765">
        <ele>278.25</ele>
      </trkpt>
      <trkpt lat="49.396466" lon="9.556011">
        <ele>277</ele>
      </trkpt>
      <trkpt lat="49.396261" lon="9.556344">
        <ele>276</ele>
      </trkpt>
      <trkpt lat="49.396073" lon="9.556741">
        <ele>274</ele>
      </trkpt>
      <trkpt lat="49.395852" lon="9.557218">
        <ele>271.25</ele>
      </trkpt>
      <trkpt lat="49.395556" lon="9.55795">
        <ele>272.75</ele>
      </trkpt>
      <trkpt lat="49.39545" lon="9.558222">
        <ele>272.75</ele>
      </trkpt>
      <trkpt lat="49.395258" lon="9.558604">
        <ele>273.75</ele>
      </trkpt>
      <trkpt lat="49.395049" lon="9.558931">
        <ele>273.75</ele>
      </trkpt>
      <trkpt lat="49.394757" lon="9.559304">
        <ele>272.75</ele>
      </trkpt>
      <trkpt lat="49.394613" lon="9.559582">
        <ele>272</ele>
      </trkpt>
      <trkpt lat="49.394362" lon="9.560199">
        <ele>270.5</ele>
      </trkpt>
      <trkpt lat="49.394183" lon="9.560772">
        <ele>270</ele>
      </trkpt>
      <trkpt lat="49.394027" lon="9.56135">
        <ele>270</ele>
      </trkpt>
      <trkpt lat="49.393841" lon="9.561816">
        <ele>270</ele>
      </trkpt>
      <trkpt lat="49.393707" lon="9.562123">
        <ele>269.5</ele>
      </trkpt>
      <trkpt lat="49.393649" lon="9.562342">
        <ele>269.25</ele>
      </trkpt>
      <trkpt lat="49.39362" lon="9.562508">
        <ele>269</ele>
      </trkpt>
      <trkpt lat="49.393601" lon="9.562723">
        <ele>268.75</ele>
      </trkpt>
      <trkpt lat="49.39359" lon="9.562987">
        <ele>268.5</ele>
      </trkpt>
      <trkpt lat="49.393521" lon="9.56298">
        <ele>267.5</ele>
      </trkpt>
      <trkpt lat="49.393384" lon="9.562973">
        <ele>265.25</ele>
      </trkpt>
      <trkpt lat="49.393187" lon="9.562946">
        <ele>265.25</ele>
      </trkpt>
      <trkpt lat="49.392942" lon="9.562904">
        <ele>266.5</ele>
      </trkpt>
      <trkpt lat="49.392849" lon="9.562833">
        <ele>268</ele>
      </trkpt>
      <trkpt lat="49.392848" lon="9.562832">
        <ele>267</ele>
      </trkpt>
      <trkpt lat="49.392732" lon="9.562742">
        <ele>268</ele>
      </trkpt>
      <trkpt lat="49.392626" lon="9.562494">
        <ele>269.25</ele>
      </trkpt>
      <trkpt lat="49.392571" lon="9.562163">
        <ele>271</ele>
      </trkpt>
      <trkpt lat="49.392538" lon="9.561761">
        <ele>273</ele>
      </trkpt>
      <trkpt lat="49.392503" lon="9.561522">
        <ele>273</ele>
      </trkpt>
      <trkpt lat="49.392419" lon="9.561093">
        <ele>272.25</ele>
      </trkpt>
      <trkpt lat="49.392243" lon="9.560285">
        <ele>272.75</ele>
      </trkpt>
      <trkpt lat="49.392067" lon="9.559594">
        <ele>275</ele>
      </trkpt>
      <trkpt lat="49.391827" lon="9.558903">
        <ele>275</ele>
      </trkpt>
      <trkpt lat="49.391352" lon="9.557773">
        <ele>276.25</ele>
      </trkpt>
      <trkpt lat="49.390872" lon="9.55661">
        <ele>275.75</ele>
      </trkpt>
      <trkpt lat="49.390583" lon="9.555947">
        <ele>272.75</ele>
      </trkpt>
      <trkpt lat="49.39031" lon="9.555405">
        <ele>273.25</ele>
      </trkpt>
      <trkpt lat="49.389761" lon="9.554361">
        <ele>268</ele>
      </trkpt>
      <trkpt lat="49.389378" lon="9.553781">
        <ele>266.75</ele>
      </trkpt>
      <trkpt lat="49.38891" lon="9.553184">
        <ele>263</ele>
      </trkpt>
      <trkpt lat="49.388314" lon="9.552689">
        <ele>261</ele>
      </trkpt>
      <trkpt lat="49.38803" lon="9.552608">
        <ele>260.25</ele>
      </trkpt>
      <trkpt lat="49.387527" lon="9.552642">
        <ele>259.75</ele>
      </trkpt>
      <trkpt lat="49.38686" lon="9.552839">
        <ele>262.75</ele>
      </trkpt>
      <trkpt lat="49.386668" lon="9.552769">
        <ele>262.75</ele>
      </trkpt>
      <trkpt lat="49.386471" lon="9.552539">
        <ele>261.5</ele>
      </trkpt>
      <trkpt lat="49.386441" lon="9.552475">
        <ele>261.25</ele>
      </trkpt>
      <trkpt lat="49.386362" lon="9.552157">
        <ele>261.5</ele>
      </trkpt>
      <trkpt lat="49.386346" lon="9.552089">
        <ele>261.5</ele>
      </trkpt>
      <trkpt lat="49.386288" lon="9.551913">
        <ele>261.75</ele>
      </trkpt>
      <trkpt lat="49.386183" lon="9.551761">
        <ele>261.75</ele>
      </trkpt>
      <trkpt lat="49.386034" lon="9.551661">
        <ele>262</ele>
      </trkpt>
      <trkpt lat="49.38575" lon="9.551547">
        <ele>262.25</ele>
      </trkpt>
      <trkpt lat="49.385515" lon="9.551408">
        <ele>262</ele>
      </trkpt>
      <trkpt lat="49.385241" lon="9.551206">
        <ele>261.5</ele>
      </trkpt>
      <trkpt lat="49.385043" lon="9.551027">
        <ele>260.75</ele>
      </trkpt>
      <trkpt lat="49.384936" lon="9.550881">
        <ele>260.5</ele>
      </trkpt>
      <trkpt lat="49.384647" lon="9.550383">
        <ele>260.5</ele>
      </trkpt>
      <trkpt lat="49.384468" lon="9.550076">
        <ele>260</ele>
      </trkpt>
      <trkpt lat="49.384405" lon="9.550009">
        <ele>259.5</ele>
      </trkpt>
      <trkpt lat="49.384317" lon="9.549997">
        <ele>259</ele>
      </trkpt>
      <trkpt lat="49.38424" lon="9.550015">
        <ele>258.5</ele>
      </trkpt>
      <trkpt lat="49.384108" lon="9.55012">
        <ele>258.25</ele>
      </trkpt>
      <trkpt lat="49.383979" lon="9.550259">
        <ele>259.25</ele>
      </trkpt>
      <trkpt lat="49.383919" lon="9.550331">
        <ele>259.5</ele>
      </trkpt>
      <trkpt lat="49.383822" lon="9.550444">
        <ele>260</ele>
      </trkpt>
      <trkpt lat="49.383734" lon="9.550602">
        <ele>260.5</ele>
      </trkpt>
      <trkpt lat="49.383691" lon="9.550698">
        <ele>260.5</ele>
      </trkpt>
      <trkpt lat="49.38367" lon="9.550799">
        <ele>260.25</ele>
      </trkpt>
      <trkpt lat="49.383669" lon="9.550883">
        <ele>260.25</ele>
      </trkpt>
      <trkpt lat="49.383673" lon="9.551007">
        <ele>260.25</ele>
      </trkpt>
      <trkpt lat="49.383799" lon="9.55193">
        <ele>262.25</ele>
      </trkpt>
      <trkpt lat="49.383812" lon="9.552039">
        <ele>263</ele>
      </trkpt>
      <trkpt lat="49.383819" lon="9.552185">
        <ele>263.75</ele>
      </trkpt>
      <trkpt lat="49.383791" lon="9.552508">
        <ele>265</ele>
      </trkpt>
      <trkpt lat="49.38368" lon="9.5529">
        <ele>266.5</ele>
      </trkpt>
      <trkpt lat="49.383433" lon="9.553624">
        <ele>268.25</ele>
      </trkpt>
      <trkpt lat="49.383184" lon="9.554299">
        <ele>273</ele>
      </trkpt>
      <trkpt lat="49.383074" lon="9.554453">
        <ele>275.25</ele>
      </trkpt>
      <trkpt lat="49.382975" lon="9.554542">
        <ele>276.5</ele>
      </trkpt>
      <trkpt lat="49.382717" lon="9.554709">
        <ele>279</ele>
      </trkpt>
      <trkpt lat="49.38241" lon="9.554615">
        <ele>277.25</ele>
      </trkpt>
      <trkpt lat="49.382224" lon="9.554431">
        <ele>276.75</ele>
      </trkpt>
      <trkpt lat="49.382063" lon="9.554106">
        <ele>274.75</ele>
      </trkpt>
      <trkpt lat="49.381792" lon="9.553237">
        <ele>271.25</ele>
      </trkpt>
      <trkpt lat="49.381529" lon="9.552249">
        <ele>269.25</ele>
      </trkpt>
      <trkpt lat="49.381249" lon="9.55142">
        <ele>266.75</ele>
      </trkpt>
      <trkpt lat="49.380816" lon="9.550668">
        <ele>259</ele>
      </trkpt>
      <trkpt lat="49.380404" lon="9.550184">
        <ele>258.25</ele>
      </trkpt>
      <trkpt lat="49.380247" lon="9.550066">
        <ele>257.75</ele>
      </trkpt>
      <trkpt lat="49.380098" lon="9.549984">
        <ele>257.5</ele>
      </trkpt>
      <trkpt lat="49.379973" lon="9.549932">
        <ele>257.75</ele>
      </trkpt>
      <trkpt lat="49.379829" lon="9.549888">
        <ele>258</ele>
      </trkpt>
      <trkpt lat="49.379691" lon="9.549865">
        <ele>258.25</ele>
      </trkpt>
      <trkpt lat="49.379576" lon="9.549869">
        <ele>258.25</ele>
      </trkpt>
      <trkpt lat="49.379372" lon="9.549951">
        <ele>257.75</ele>
      </trkpt>
      <trkpt lat="49.379282" lon="9.55002">
        <ele>257.25</ele>
      </trkpt>
      <trkpt lat="49.379154" lon="9.550169">
        <ele>258.75</ele>
      </trkpt>
      <trkpt lat="49.378772" lon="9.550665">
        <ele>263</ele>
      </trkpt>
      <trkpt lat="49.378345" lon="9.551084">
        <ele>268</ele>
      </trkpt>
      <trkpt lat="49.377919" lon="9.551304">
        <ele>274.75</ele>
      </trkpt>
      <trkpt lat="49.377566" lon="9.551275">
        <ele>275.25</ele>
      </trkpt>
      <trkpt lat="49.377397" lon="9.551176">
        <ele>275</ele>
      </trkpt>
      <trkpt lat="49.377246" lon="9.551007">
        <ele>274.5</ele>
      </trkpt>
      <trkpt lat="49.377095" lon="9.550539">
        <ele>274</ele>
      </trkpt>
      <trkpt lat="49.376975" lon="9.549853">
        <ele>274.25</ele>
      </trkpt>
      <trkpt lat="49.376796" lon="9.548452">
        <ele>265</ele>
      </trkpt>
      <trkpt lat="49.376769" lon="9.54833">
        <ele>263.5</ele>
      </trkpt>
      <trkpt lat="49.376673" lon="9.548086">
        <ele>261.25</ele>
      </trkpt>
      <trkpt lat="49.376569" lon="9.547874">
        <ele>259.5</ele>
      </trkpt>
      <trkpt lat="49.376227" lon="9.547538">
        <ele>256.75</ele>
      </trkpt>
      <trkpt lat="49.375982" lon="9.547545">
        <ele>256.5</ele>
      </trkpt>
      <trkpt lat="49.375786" lon="9.54762">
        <ele>257</ele>
      </trkpt>
      <trkpt lat="49.375639" lon="9.547737">
        <ele>257.5</ele>
      </trkpt>
      <trkpt lat="49.375486" lon="9.547922">
        <ele>257.5</ele>
      </trkpt>
      <trkpt lat="49.375386" lon="9.548194">
        <ele>257</ele>
      </trkpt>
      <trkpt lat="49.375248" lon="9.548751">
        <ele>259</ele>
      </trkpt>
      <trkpt lat="49.375181" lon="9.549025">
        <ele>260.5</ele>
      </trkpt>
      <trkpt lat="49.375121" lon="9.549262">
        <ele>262.5</ele>
      </trkpt>
      <trkpt lat="49.375018" lon="9.549357">
        <ele>262.75</ele>
      </trkpt>
      <trkpt lat="49.375001" lon="9.549372">
        <ele>262.75</ele>
      </trkpt>
      <trkpt lat="49.374913" lon="9.549431">
        <ele>265.25</ele>
      </trkpt>
      <trkpt lat="49.374618" lon="9.549464">
        <ele>270.75</ele>
      </trkpt>
      <trkpt lat="49.374354" lon="9.549345">
        <ele>271.5</ele>
      </trkpt>
      <trkpt lat="49.374117" lon="9.54916">
        <ele>270.25</ele>
      </trkpt>
      <trkpt lat="49.373853" lon="9.548781">
        <ele>273</ele>
      </trkpt>
      <trkpt lat="49.373758" lon="9.548438">
        <ele>271.5</ele>
      </trkpt>
      <trkpt lat="49.373605" lon="9.547504">
        <ele>267.75</ele>
      </trkpt>
      <trkpt lat="49.373439" lon="9.546816">
        <ele>262.25</ele>
      </trkpt>
      <trkpt lat="49.373143" lon="9.545817">
        <ele>257.75</ele>
      </trkpt>
      <trkpt lat="49.372666" lon="9.544283">
        <ele>256</ele>
      </trkpt>
      <trkpt lat="49.372514" lon="9.543869">
        <ele>254</ele>
      </trkpt>
      <trkpt lat="49.372422" lon="9.543705">
        <ele>253</ele>
      </trkpt>
      <trkpt lat="49.37233" lon="9.543598">
        <ele>252.5</ele>
      </trkpt>
      <trkpt lat="49.372227" lon="9.543511">
        <ele>251.75</ele>
      </trkpt>
      <trkpt lat="49.372115" lon="9.543462">
        <ele>251.25</ele>
      </trkpt>
      <trkpt lat="49.371972" lon="9.543438">
        <ele>251</ele>
      </trkpt>
      <trkpt lat="49.371846" lon="9.543451">
        <ele>251</ele>
      </trkpt>
      <trkpt lat="49.371705" lon="9.543461">
        <ele>251</ele>
      </trkpt>
      <trkpt lat="49.371638" lon="9.543451">
        <ele>250.75</ele>
      </trkpt>
      <trkpt lat="49.371332" lon="9.543339">
        <ele>249.5</ele>
      </trkpt>
      <trkpt lat="49.371225" lon="9.54332">
        <ele>249.5</ele>
      </trkpt>
      <trkpt lat="49.371132" lon="9.54334">
        <ele>249.25</ele>
      </trkpt>
      <trkpt lat="49.370999" lon="9.543414">
        <ele>250</ele>
      </trkpt>
      <trkpt lat="49.370928" lon="9.543644">
        <ele>252.5</ele>
      </trkpt>
      <trkpt lat="49.370854" lon="9.543762">
        <ele>254</ele>
      </trkpt>
      <trkpt lat="49.370774" lon="9.543842">
        <ele>256</ele>
      </trkpt>
      <trkpt lat="49.370693" lon="9.54389">
        <ele>257.75</ele>
      </trkpt>
      <trkpt lat="49.3706" lon="9.543908">
        <ele>259.75</ele>
      </trkpt>
      <trkpt lat="49.370505" lon="9.543898">
        <ele>261</ele>
      </trkpt>
      <trkpt lat="49.370406" lon="9.543861">
        <ele>262.25</ele>
      </trkpt>
      <trkpt lat="49.370325" lon="9.543783">
        <ele>262.25</ele>
      </trkpt>
      <trkpt lat="49.370229" lon="9.543654">
        <ele>261.75</ele>
      </trkpt>
      <trkpt lat="49.370138" lon="9.543462">
        <ele>260</ele>
      </trkpt>
      <trkpt lat="49.370098" lon="9.543354">
        <ele>259</ele>
      </trkpt>
      <trkpt lat="49.37007" lon="9.543232">
        <ele>258.25</ele>
      </trkpt>
      <trkpt lat="49.370068" lon="9.542864">
        <ele>255.5</ele>
      </trkpt>
      <trkpt lat="49.370221" lon="9.541595">
        <ele>252.75</ele>
      </trkpt>
      <trkpt lat="49.370301" lon="9.540985">
        <ele>253</ele>
      </trkpt>
      <trkpt lat="49.370327" lon="9.54061">
        <ele>254</ele>
      </trkpt>
      <trkpt lat="49.370325" lon="9.540175">
        <ele>255.25</ele>
      </trkpt>
      <trkpt lat="49.370334" lon="9.540081">
        <ele>255.75</ele>
      </trkpt>
      <trkpt lat="49.370253" lon="9.539758">
        <ele>256.5</ele>
      </trkpt>
      <trkpt lat="49.370155" lon="9.5395">
        <ele>257.25</ele>
      </trkpt>
      <trkpt lat="49.370126" lon="9.539457">
        <ele>257.25</ele>
      </trkpt>
      <trkpt lat="49.370028" lon="9.539313">
        <ele>257</ele>
      </trkpt>
      <trkpt lat="49.36981" lon="9.539082">
        <ele>259.25</ele>
      </trkpt>
      <trkpt lat="49.369594" lon="9.538923">
        <ele>262.25</ele>
      </trkpt>
      <trkpt lat="49.369396" lon="9.538844">
        <ele>263.75</ele>
      </trkpt>
      <trkpt lat="49.369127" lon="9.538824">
        <ele>264.5</ele>
      </trkpt>
      <trkpt lat="49.368911" lon="9.538918">
        <ele>266</ele>
      </trkpt>
      <trkpt lat="49.368702" lon="9.539142">
        <ele>266.25</ele>
      </trkpt>
      <trkpt lat="49.368523" lon="9.539467">
        <ele>264.75</ele>
      </trkpt>
      <trkpt lat="49.368266" lon="9.539986">
        <ele>260.75</ele>
      </trkpt>
      <trkpt lat="49.36782" lon="9.541598">
        <ele>258</ele>
      </trkpt>
      <trkpt lat="49.367711" lon="9.541877">
        <ele>257.25</ele>
      </trkpt>
      <trkpt lat="49.367576" lon="9.542265">
        <ele>255</ele>
      </trkpt>
      <trkpt lat="49.367386" lon="9.54272">
        <ele>251.75</ele>
      </trkpt>
      <trkpt lat="49.367193" lon="9.543107">
        <ele>249</ele>
      </trkpt>
      <trkpt lat="49.367035" lon="9.543341">
        <ele>247</ele>
      </trkpt>
      <trkpt lat="49.366895" lon="9.543463">
        <ele>247.25</ele>
      </trkpt>
      <trkpt lat="49.366751" lon="9.543493">
        <ele>247</ele>
      </trkpt>
      <trkpt lat="49.366604" lon="9.543471">
        <ele>246.75</ele>
      </trkpt>
      <trkpt lat="49.366476" lon="9.543388">
        <ele>246.5</ele>
      </trkpt>
      <trkpt lat="49.366343" lon="9.54322">
        <ele>246.5</ele>
      </trkpt>
      <trkpt lat="49.366205" lon="9.542922">
        <ele>247</ele>
      </trkpt>
      <trkpt lat="49.365818" lon="9.54141">
        <ele>250.5</ele>
      </trkpt>
      <trkpt lat="49.365605" lon="9.540648">
        <ele>257</ele>
      </trkpt>
      <trkpt lat="49.365248" lon="9.540037">
        <ele>256.75</ele>
      </trkpt>
      <trkpt lat="49.364802" lon="9.539683">
        <ele>257.5</ele>
      </trkpt>
      <trkpt lat="49.364252" lon="9.539447">
        <ele>259.25</ele>
      </trkpt>
      <trkpt lat="49.363401" lon="9.539421">
        <ele>259.5</ele>
      </trkpt>
      <trkpt lat="49.362917" lon="9.539439">
        <ele>257</ele>
      </trkpt>
      <trkpt lat="49.362429" lon="9.539369">
        <ele>256</ele>
      </trkpt>
      <trkpt lat="49.362004" lon="9.539238">
        <ele>253</ele>
      </trkpt>
      <trkpt lat="49.361649" lon="9.539086">
        <ele>250.75</ele>
      </trkpt>
      <trkpt lat="49.361336" lon="9.538919">
        <ele>252.75</ele>
      </trkpt>
      <trkpt lat="49.361039" lon="9.538852">
        <ele>253</ele>
      </trkpt>
      <trkpt lat="49.360836" lon="9.538827">
        <ele>252.75</ele>
      </trkpt>
      <trkpt lat="49.360631" lon="9.538859">
        <ele>255</ele>
      </trkpt>
      <trkpt lat="49.360319" lon="9.538979">
        <ele>256.5</ele>
      </trkpt>
      <trkpt lat="49.360089" lon="9.53911">
        <ele>256.75</ele>
      </trkpt>
      <trkpt lat="49.359897" lon="9.539247">
        <ele>257.5</ele>
      </trkpt>
      <trkpt lat="49.359647" lon="9.539561">
        <ele>257.5</ele>
      </trkpt>
      <trkpt lat="49.359494" lon="9.539873">
        <ele>256.5</ele>
      </trkpt>
      <trkpt lat="49.359361" lon="9.540267">
        <ele>254.25</ele>
      </trkpt>
      <trkpt lat="49.359155" lon="9.54113">
        <ele>244.25</ele>
      </trkpt>
      <trkpt lat="49.359122" lon="9.541289">
        <ele>242.5</ele>
      </trkpt>
      <trkpt lat="49.359095" lon="9.541423">
        <ele>241.25</ele>
      </trkpt>
      <trkpt lat="49.359047" lon="9.541534">
        <ele>239.5</ele>
      </trkpt>
      <trkpt lat="49.358942" lon="9.541683">
        <ele>237</ele>
      </trkpt>
      <trkpt lat="49.358891" lon="9.54171">
        <ele>236.25</ele>
      </trkpt>
      <trkpt lat="49.358829" lon="9.541703">
        <ele>235.75</ele>
      </trkpt>
      <trkpt lat="49.358743" lon="9.541671">
        <ele>234.75</ele>
      </trkpt>
      <trkpt lat="49.358637" lon="9.541512">
        <ele>235.25</ele>
      </trkpt>
      <trkpt lat="49.358267" lon="9.540749">
        <ele>241.5</ele>
      </trkpt>
      <trkpt lat="49.357998" lon="9.540264">
        <ele>248</ele>
      </trkpt>
      <trkpt lat="49.357703" lon="9.539808">
        <ele>249.25</ele>
      </trkpt>
      <trkpt lat="49.357255" lon="9.539251">
        <ele>248.5</ele>
      </trkpt>
      <trkpt lat="49.357035" lon="9.53904">
        <ele>247.75</ele>
      </trkpt>
      <trkpt lat="49.356262" lon="9.538477">
        <ele>243.5</ele>
      </trkpt>
      <trkpt lat="49.356009" lon="9.53831">
        <ele>240.75</ele>
      </trkpt>
      <trkpt lat="49.35579" lon="9.538183">
        <ele>238.25</ele>
      </trkpt>
      <trkpt lat="49.355721" lon="9.538159">
        <ele>238.25</ele>
      </trkpt>
      <trkpt lat="49.355597" lon="9.538132">
        <ele>238.5</ele>
      </trkpt>
      <trkpt lat="49.355539" lon="9.538128">
        <ele>238.5</ele>
      </trkpt>
      <trkpt lat="49.354266" lon="9.538034">
        <ele>232.5</ele>
      </trkpt>
      <trkpt lat="49.354172" lon="9.537989">
        <ele>232</ele>
      </trkpt>
      <trkpt lat="49.354075" lon="9.537909">
        <ele>232</ele>
      </trkpt>
      <trkpt lat="49.354004" lon="9.537799">
        <ele>232.25</ele>
      </trkpt>
      <trkpt lat="49.353954" lon="9.537638">
        <ele>233</ele>
      </trkpt>
      <trkpt lat="49.353858" lon="9.537013">
        <ele>235.25</ele>
      </trkpt>
      <trkpt lat="49.35374" lon="9.53443">
        <ele>236.75</ele>
      </trkpt>
      <trkpt lat="49.353687" lon="9.533791">
        <ele>237.5</ele>
      </trkpt>
      <trkpt lat="49.353575" lon="9.533019">
        <ele>234.75</ele>
      </trkpt>
      <trkpt lat="49.353348" lon="9.531975">
        <ele>230.25</ele>
      </trkpt>
      <trkpt lat="49.353216" lon="9.53155">
        <ele>232</ele>
      </trkpt>
      <trkpt lat="49.353187" lon="9.531455">
        <ele>232.75</ele>
      </trkpt>
      <trkpt lat="49.353043" lon="9.531049">
        <ele>235.25</ele>
      </trkpt>
      <trkpt lat="49.352857" lon="9.530613">
        <ele>236.25</ele>
      </trkpt>
      <trkpt lat="49.352446" lon="9.52995">
        <ele>236.25</ele>
      </trkpt>
      <trkpt lat="49.352245" lon="9.529704">
        <ele>237.75</ele>
      </trkpt>
      <trkpt lat="49.352044" lon="9.529464">
        <ele>238</ele>
      </trkpt>
      <trkpt lat="49.351643" lon="9.529122">
        <ele>233.5</ele>
      </trkpt>
      <trkpt lat="49.351435" lon="9.529038">
        <ele>232.5</ele>
      </trkpt>
      <trkpt lat="49.35125" lon="9.528986">
        <ele>230.75</ele>
      </trkpt>
      <trkpt lat="49.35082" lon="9.52891">
        <ele>225.75</ele>
      </trkpt>
      <trkpt lat="49.350774" lon="9.528907">
        <ele>226</ele>
      </trkpt>
      <trkpt lat="49.350564" lon="9.528893">
        <ele>227.25</ele>
      </trkpt>
      <trkpt lat="49.350315" lon="9.528942">
        <ele>227.75</ele>
      </trkpt>
      <trkpt lat="49.350066" lon="9.529028">
        <ele>227.75</ele>
      </trkpt>
      <trkpt lat="49.349861" lon="9.529142">
        <ele>230</ele>
      </trkpt>
      <trkpt lat="49.349697" lon="9.529251">
        <ele>232.75</ele>
      </trkpt>
      <trkpt lat="49.349556" lon="9.529375">
        <ele>234.25</ele>
      </trkpt>
      <trkpt lat="49.348638" lon="9.530291">
        <ele>232.5</ele>
      </trkpt>
      <trkpt lat="49.348155" lon="9.530766">
        <ele>229.5</ele>
      </trkpt>
      <trkpt lat="49.347796" lon="9.531068">
        <ele>230.5</ele>
      </trkpt>
      <trkpt lat="49.347507" lon="9.531311">
        <ele>229.5</ele>
      </trkpt>
      <trkpt lat="49.347364" lon="9.531403">
        <ele>227</ele>
      </trkpt>
      <trkpt lat="49.347221" lon="9.53146">
        <ele>225.25</ele>
      </trkpt>
      <trkpt lat="49.346993" lon="9.531498">
        <ele>223.5</ele>
      </trkpt>
      <trkpt lat="49.34686" lon="9.531469">
        <ele>223</ele>
      </trkpt>
      <trkpt lat="49.346752" lon="9.531407">
        <ele>223</ele>
      </trkpt>
      <trkpt lat="49.346432" lon="9.531114">
        <ele>224</ele>
      </trkpt>
      <trkpt lat="49.346253" lon="9.530934">
        <ele>223.25</ele>
      </trkpt>
      <trkpt lat="49.346146" lon="9.530773">
        <ele>222.75</ele>
      </trkpt>
      <trkpt lat="49.345852" lon="9.530189">
        <ele>221.5</ele>
      </trkpt>
      <trkpt lat="49.345678" lon="9.529853">
        <ele>222.5</ele>
      </trkpt>
      <trkpt lat="49.34559" lon="9.52971">
        <ele>223</ele>
      </trkpt>
      <trkpt lat="49.345429" lon="9.529489">
        <ele>222.75</ele>
      </trkpt>
      <trkpt lat="49.34503" lon="9.52904">
        <ele>218.25</ele>
      </trkpt>
      <trkpt lat="49.344799" lon="9.528696">
        <ele>219.25</ele>
      </trkpt>
      <trkpt lat="49.344671" lon="9.528465">
        <ele>219.25</ele>
      </trkpt>
      <trkpt lat="49.34458" lon="9.528264">
        <ele>219.25</ele>
      </trkpt>
      <trkpt lat="49.344551" lon="9.52818">
        <ele>219.25</ele>
      </trkpt>
      <trkpt lat="49.344453" lon="9.527806">
        <ele>220</ele>
      </trkpt>
      <trkpt lat="49.344415" lon="9.527552">
        <ele>220.5</ele>
      </trkpt>
      <trkpt lat="49.344398" lon="9.527208">
        <ele>221.5</ele>
      </trkpt>
      <trkpt lat="49.344409" lon="9.526716">
        <ele>223.25</ele>
      </trkpt>
      <trkpt lat="49.344371" lon="9.52643">
        <ele>222.5</ele>
      </trkpt>
      <trkpt lat="49.344344" lon="9.526446">
        <ele>222</ele>
      </trkpt>
      <trkpt lat="49.344305" lon="9.526452">
        <ele>221.25</ele>
      </trkpt>
      <trkpt lat="49.344272" lon="9.526444">
        <ele>220.75</ele>
      </trkpt>
      <trkpt lat="49.34421" lon="9.526408">
        <ele>219.5</ele>
      </trkpt>
      <trkpt lat="49.343972" lon="9.526177">
        <ele>217</ele>
      </trkpt>
      <trkpt lat="49.343862" lon="9.526071">
        <ele>216.25</ele>
      </trkpt>
      <trkpt lat="49.343682" lon="9.52586">
        <ele>215</ele>
      </trkpt>
      <trkpt lat="49.343558" lon="9.52572">
        <ele>214</ele>
      </trkpt>
      <trkpt lat="49.342967" lon="9.525087">
        <ele>212</ele>
      </trkpt>
      <trkpt lat="49.342934" lon="9.525059">
        <ele>212</ele>
      </trkpt>
      <trkpt lat="49.342574" lon="9.524663">
        <ele>212</ele>
      </trkpt>
      <trkpt lat="49.342446" lon="9.52453">
        <ele>212.25</ele>
      </trkpt>
      <trkpt lat="49.342307" lon="9.524374">
        <ele>213.25</ele>
      </trkpt>
      <trkpt lat="49.342205" lon="9.524255">
        <ele>214</ele>
      </trkpt>
      <trkpt lat="49.342122" lon="9.524159">
        <ele>214.5</ele>
      </trkpt>
      <trkpt lat="49.342044" lon="9.524091">
        <ele>215.25</ele>
      </trkpt>
      <trkpt lat="49.341988" lon="9.524018">
        <ele>215.5</ele>
      </trkpt>
      <trkpt lat="49.34185" lon="9.523816">
        <ele>216.75</ele>
      </trkpt>
      <trkpt lat="49.341792" lon="9.523728">
        <ele>217.25</ele>
      </trkpt>
      <trkpt lat="49.341729" lon="9.523598">
        <ele>218</ele>
      </trkpt>
      <trkpt lat="49.341697" lon="9.52353">
        <ele>218.25</ele>
      </trkpt>
      <trkpt lat="49.341585" lon="9.523255">
        <ele>219.5</ele>
      </trkpt>
      <trkpt lat="49.341443" lon="9.523388">
        <ele>220.5</ele>
      </trkpt>
      <trkpt lat="49.341389" lon="9.523399">
        <ele>220.75</ele>
      </trkpt>
      <trkpt lat="49.341325" lon="9.523382">
        <ele>221.25</ele>
      </trkpt>
      <trkpt lat="49.341306" lon="9.523373">
        <ele>221.5</ele>
      </trkpt>
      <trkpt lat="49.341043" lon="9.52323">
        <ele>223.5</ele>
      </trkpt>
      <trkpt lat="49.340975" lon="9.523192">
        <ele>224</ele>
      </trkpt>
      <trkpt lat="49.340851" lon="9.523087">
        <ele>225</ele>
      </trkpt>
      <trkpt lat="49.340295" lon="9.522847">
        <ele>230.25</ele>
      </trkpt>
      <trkpt lat="49.340171" lon="9.522782">
        <ele>231.75</ele>
      </trkpt>
      <trkpt lat="49.340088" lon="9.522758">
        <ele>232.5</ele>
      </trkpt>
      <trkpt lat="49.340015" lon="9.52275">
        <ele>233.25</ele>
      </trkpt>
      <trkpt lat="49.339955" lon="9.522758">
        <ele>233.75</ele>
      </trkpt>
      <trkpt lat="49.339764" lon="9.522813">
        <ele>235.5</ele>
      </trkpt>
      <trkpt lat="49.339698" lon="9.52284">
        <ele>237.25</ele>
      </trkpt>
      <trkpt lat="49.339698" lon="9.52284">
        <ele>236</ele>
      </trkpt>
      <trkpt lat="49.339578" lon="9.522891">
        <ele>237.25</ele>
      </trkpt>
      <trkpt lat="49.339241" lon="9.523144">
        <ele>240.75</ele>
      </trkpt>
      <trkpt lat="49.339013" lon="9.523325">
        <ele>243.5</ele>
      </trkpt>
      <trkpt lat="49.338673" lon="9.523596">
        <ele>247</ele>
      </trkpt>
      <trkpt lat="49.338104" lon="9.52405">
        <ele>256.75</ele>
      </trkpt>
      <trkpt lat="49.338049" lon="9.52408">
        <ele>258</ele>
      </trkpt>
      <trkpt lat="49.337957" lon="9.524131">
        <ele>260</ele>
      </trkpt>
      <trkpt lat="49.337868" lon="9.524163">
        <ele>262</ele>
      </trkpt>
      <trkpt lat="49.337863" lon="9.525024">
        <ele>264.25</ele>
      </trkpt>
      <trkpt lat="49.337893" lon="9.525749">
        <ele>263</ele>
      </trkpt>
      <trkpt lat="49.33803" lon="9.527208">
        <ele>266.75</ele>
      </trkpt>
      <trkpt lat="49.338065" lon="9.527837">
        <ele>270</ele>
      </trkpt>
      <trkpt lat="49.338061" lon="9.528399">
        <ele>272.25</ele>
      </trkpt>
      <trkpt lat="49.338029" lon="9.528707">
        <ele>273</ele>
      </trkpt>
      <trkpt lat="49.337978" lon="9.528988">
        <ele>274.25</ele>
      </trkpt>
      <trkpt lat="49.337895" lon="9.529277">
        <ele>276.75</ele>
      </trkpt>
      <trkpt lat="49.337814" lon="9.529483">
        <ele>279.5</ele>
      </trkpt>
      <trkpt lat="49.337688" lon="9.52969">
        <ele>283.25</ele>
      </trkpt>
      <trkpt lat="49.337521" lon="9.529925">
        <ele>287.5</ele>
      </trkpt>
      <trkpt lat="49.337395" lon="9.530044">
        <ele>288.25</ele>
      </trkpt>
      <trkpt lat="49.337179" lon="9.530207">
        <ele>288.5</ele>
      </trkpt>
      <trkpt lat="49.337005" lon="9.530295">
        <ele>288.75</ele>
      </trkpt>
      <trkpt lat="49.336876" lon="9.530317">
        <ele>289</ele>
      </trkpt>
      <trkpt lat="49.336797" lon="9.530331">
        <ele>289</ele>
      </trkpt>
      <trkpt lat="49.336543" lon="9.530317">
        <ele>290</ele>
      </trkpt>
      <trkpt lat="49.336385" lon="9.530285">
        <ele>290.75</ele>
      </trkpt>
      <trkpt lat="49.336245" lon="9.530236">
        <ele>291.75</ele>
      </trkpt>
      <trkpt lat="49.335531" lon="9.529708">
        <ele>296.25</ele>
      </trkpt>
      <trkpt lat="49.334826" lon="9.529062">
        <ele>300.75</ele>
      </trkpt>
      <trkpt lat="49.334561" lon="9.528849">
        <ele>303.25</ele>
      </trkpt>
      <trkpt lat="49.334267" lon="9.52865">
        <ele>305</ele>
      </trkpt>
      <trkpt lat="49.33395" lon="9.528479">
        <ele>306.75</ele>
      </trkpt>
      <trkpt lat="49.333541" lon="9.528328">
        <ele>309.75</ele>
      </trkpt>
      <trkpt lat="49.333136" lon="9.528265">
        <ele>312.75</ele>
      </trkpt>
      <trkpt lat="49.332699" lon="9.52825">
        <ele>316.25</ele>
      </trkpt>
      <trkpt lat="49.332393" lon="9.528305">
        <ele>318.5</ele>
      </trkpt>
      <trkpt lat="49.33197" lon="9.528458">
        <ele>320.25</ele>
      </trkpt>
      <trkpt lat="49.331724" lon="9.528585">
        <ele>321.5</ele>
      </trkpt>
      <trkpt lat="49.331464" lon="9.528742">
        <ele>322.5</ele>
      </trkpt>
      <trkpt lat="49.330949" lon="9.529121">
        <ele>323</ele>
      </trkpt>
      <trkpt lat="49.330263" lon="9.529661">
        <ele>325.5</ele>
      </trkpt>
      <trkpt lat="49.329902" lon="9.529924">
        <ele>328.25</ele>
      </trkpt>
      <trkpt lat="49.329383" lon="9.530266">
        <ele>335.25</ele>
      </trkpt>
      <trkpt lat="49.329123" lon="9.530352">
        <ele>339.75</ele>
      </trkpt>
      <trkpt lat="49.328371" lon="9.530684">
        <ele>342</ele>
      </trkpt>
      <trkpt lat="49.327232" lon="9.530931">
        <ele>344</ele>
      </trkpt>
      <trkpt lat="49.326187" lon="9.531124">
        <ele>346.5</ele>
      </trkpt>
      <trkpt lat="49.325907" lon="9.531212">
        <ele>346.75</ele>
      </trkpt>
      <trkpt lat="49.325518" lon="9.531333">
        <ele>346.5</ele>
      </trkpt>
      <trkpt lat="49.325083" lon="9.531627">
        <ele>346.75</ele>
      </trkpt>
      <trkpt lat="49.324588" lon="9.532024">
        <ele>350.5</ele>
      </trkpt>
      <trkpt lat="49.324247" lon="9.532355">
        <ele>352.5</ele>
      </trkpt>
      <trkpt lat="49.323913" lon="9.532754">
        <ele>353.5</ele>
      </trkpt>
      <trkpt lat="49.323901" lon="9.532771">
        <ele>353.75</ele>
      </trkpt>
      <trkpt lat="49.323901" lon="9.532771">
        <ele>353.5</ele>
      </trkpt>
      <trkpt lat="49.323534" lon="9.533341">
        <ele>353.75</ele>
      </trkpt>
      <trkpt lat="49.323152" lon="9.534142">
        <ele>352.75</ele>
      </trkpt>
      <trkpt lat="49.323049" lon="9.534393">
        <ele>353.75</ele>
      </trkpt>
      <trkpt lat="49.322966" lon="9.534644">
        <ele>355</ele>
      </trkpt>
      <trkpt lat="49.322919" lon="9.534802">
        <ele>355.75</ele>
      </trkpt>
      <trkpt lat="49.322772" lon="9.53533">
        <ele>357.75</ele>
      </trkpt>
      <trkpt lat="49.322654" lon="9.535914">
        <ele>359.25</ele>
      </trkpt>
      <trkpt lat="49.322523" lon="9.53676">
        <ele>359</ele>
      </trkpt>
      <trkpt lat="49.322492" lon="9.537326">
        <ele>359.5</ele>
      </trkpt>
      <trkpt lat="49.32245" lon="9.538598">
        <ele>359</ele>
      </trkpt>
      <trkpt lat="49.322434" lon="9.539681">
        <ele>358.75</ele>
      </trkpt>
      <trkpt lat="49.322373" lon="9.540957">
        <ele>360.75</ele>
      </trkpt>
      <trkpt lat="49.322301" lon="9.541763">
        <ele>361.5</ele>
      </trkpt>
      <trkpt lat="49.322201" lon="9.542507">
        <ele>363.25</ele>
      </trkpt>
      <trkpt lat="49.322028" lon="9.543332">
        <ele>363</ele>
      </trkpt>
      <trkpt lat="49.321925" lon="9.54372">
        <ele>363.75</ele>
      </trkpt>
      <trkpt lat="49.321562" lon="9.544833">
        <ele>368</ele>
      </trkpt>
      <trkpt lat="49.321365" lon="9.545357">
        <ele>369.5</ele>
      </trkpt>
      <trkpt lat="49.320925" lon="9.546316">
        <ele>371.75</ele>
      </trkpt>
      <trkpt lat="49.320237" lon="9.547475">
        <ele>369.5</ele>
      </trkpt>
      <trkpt lat="49.319849" lon="9.548163">
        <ele>367.75</ele>
      </trkpt>
      <trkpt lat="49.319668" lon="9.54859">
        <ele>366.75</ele>
      </trkpt>
      <trkpt lat="49.319187" lon="9.549972">
        <ele>364</ele>
      </trkpt>
      <trkpt lat="49.318912" lon="9.550814">
        <ele>362.5</ele>
      </trkpt>
      <trkpt lat="49.317931" lon="9.553959">
        <ele>350.5</ele>
      </trkpt>
      <trkpt lat="49.317055" lon="9.556869">
        <ele>342.5</ele>
      </trkpt>
      <trkpt lat="49.316776" lon="9.557607">
        <ele>337.5</ele>
      </trkpt>
      <trkpt lat="49.316601" lon="9.55794">
        <ele>334.75</ele>
      </trkpt>
      <trkpt lat="49.316271" lon="9.55849">
        <ele>330.5</ele>
      </trkpt>
      <trkpt lat="49.315958" lon="9.559032">
        <ele>326</ele>
      </trkpt>
      <trkpt lat="49.31544" lon="9.559802">
        <ele>324.75</ele>
      </trkpt>
      <trkpt lat="49.314951" lon="9.560401">
        <ele>323.75</ele>
      </trkpt>
      <trkpt lat="49.314311" lon="9.561176">
        <ele>323.25</ele>
      </trkpt>
      <trkpt lat="49.313686" lon="9.561985">
        <ele>322.25</ele>
      </trkpt>
      <trkpt lat="49.313476" lon="9.562199">
        <ele>321.25</ele>
      </trkpt>
      <trkpt lat="49.313266" lon="9.562398">
        <ele>319.25</ele>
      </trkpt>
      <trkpt lat="49.313042" lon="9.562564">
        <ele>317.75</ele>
      </trkpt>
      <trkpt lat="49.312692" lon="9.562725">
        <ele>317.25</ele>
      </trkpt>
      <trkpt lat="49.312363" lon="9.562886">
        <ele>316.75</ele>
      </trkpt>
      <trkpt lat="49.311973" lon="9.563238">
        <ele>314</ele>
      </trkpt>
      <trkpt lat="49.311415" lon="9.563928">
        <ele>312.5</ele>
      </trkpt>
      <trkpt lat="49.310942" lon="9.564296">
        <ele>313.75</ele>
      </trkpt>
      <trkpt lat="49.310806" lon="9.564513">
        <ele>312.5</ele>
      </trkpt>
      <trkpt lat="49.31056" lon="9.564862">
        <ele>311.25</ele>
      </trkpt>
      <trkpt lat="49.309723" lon="9.565369">
        <ele>314.25</ele>
      </trkpt>
      <trkpt lat="49.309449" lon="9.565848">
        <ele>309.25</ele>
      </trkpt>
      <trkpt lat="49.309262" lon="9.566242">
        <ele>306.75</ele>
      </trkpt>
      <trkpt lat="49.309027" lon="9.566707">
        <ele>301</ele>
      </trkpt>
      <trkpt lat="49.308823" lon="9.567092">
        <ele>297.5</ele>
      </trkpt>
      <trkpt lat="49.308684" lon="9.567289">
        <ele>294.5</ele>
      </trkpt>
      <trkpt lat="49.308437" lon="9.567525">
        <ele>288.5</ele>
      </trkpt>
      <trkpt lat="49.308281" lon="9.567607">
        <ele>287.5</ele>
      </trkpt>
      <trkpt lat="49.308088" lon="9.56764">
        <ele>288.5</ele>
      </trkpt>
      <trkpt lat="49.307864" lon="9.567583">
        <ele>288</ele>
      </trkpt>
      <trkpt lat="49.307686" lon="9.567477">
        <ele>286.5</ele>
      </trkpt>
      <trkpt lat="49.307468" lon="9.567243">
        <ele>286</ele>
      </trkpt>
      <trkpt lat="49.307296" lon="9.566899">
        <ele>288</ele>
      </trkpt>
      <trkpt lat="49.307169" lon="9.566335">
        <ele>288.5</ele>
      </trkpt>
      <trkpt lat="49.307054" lon="9.565499">
        <ele>289.25</ele>
      </trkpt>
      <trkpt lat="49.306897" lon="9.564666">
        <ele>286.75</ele>
      </trkpt>
      <trkpt lat="49.306628" lon="9.563757">
        <ele>278</ele>
      </trkpt>
      <trkpt lat="49.306438" lon="9.563226">
        <ele>279</ele>
      </trkpt>
      <trkpt lat="49.306252" lon="9.562806">
        <ele>278.25</ele>
      </trkpt>
      <trkpt lat="49.305969" lon="9.562116">
        <ele>271.25</ele>
      </trkpt>
      <trkpt lat="49.305701" lon="9.561334">
        <ele>266.5</ele>
      </trkpt>
      <trkpt lat="49.305596" lon="9.561055">
        <ele>265.25</ele>
      </trkpt>
      <trkpt lat="49.305409" lon="9.560742">
        <ele>263.75</ele>
      </trkpt>
      <trkpt lat="49.305165" lon="9.560519">
        <ele>263</ele>
      </trkpt>
      <trkpt lat="49.304877" lon="9.560362">
        <ele>261.75</ele>
      </trkpt>
      <trkpt lat="49.304599" lon="9.56026">
        <ele>260.5</ele>
      </trkpt>
      <trkpt lat="49.303667" lon="9.559952">
        <ele>257.25</ele>
      </trkpt>
      <trkpt lat="49.303149" lon="9.559696">
        <ele>260.75</ele>
      </trkpt>
      <trkpt lat="49.302893" lon="9.559474">
        <ele>261.75</ele>
      </trkpt>
      <trkpt lat="49.302433" lon="9.5588">
        <ele>261.5</ele>
      </trkpt>
      <trkpt lat="49.302131" lon="9.558625">
        <ele>262</ele>
      </trkpt>
      <trkpt lat="49.301649" lon="9.558485">
        <ele>259.5</ele>
      </trkpt>
      <trkpt lat="49.301108" lon="9.558403">
        <ele>255</ele>
      </trkpt>
      <trkpt lat="49.300655" lon="9.558387">
        <ele>251.75</ele>
      </trkpt>
      <trkpt lat="49.300404" lon="9.558408">
        <ele>250</ele>
      </trkpt>
      <trkpt lat="49.300011" lon="9.558434">
        <ele>247.5</ele>
      </trkpt>
      <trkpt lat="49.299569" lon="9.558491">
        <ele>249.5</ele>
      </trkpt>
      <trkpt lat="49.299083" lon="9.558569">
        <ele>250.5</ele>
      </trkpt>
      <trkpt lat="49.29874" lon="9.558665">
        <ele>248.75</ele>
      </trkpt>
      <trkpt lat="49.298397" lon="9.558805">
        <ele>246.75</ele>
      </trkpt>
      <trkpt lat="49.297889" lon="9.558871">
        <ele>243.5</ele>
      </trkpt>
      <trkpt lat="49.297593" lon="9.558959">
        <ele>242.25</ele>
      </trkpt>
      <trkpt lat="49.297128" lon="9.559056">
        <ele>240</ele>
      </trkpt>
      <trkpt lat="49.296838" lon="9.559017">
        <ele>237</ele>
      </trkpt>
      <trkpt lat="49.296523" lon="9.558821">
        <ele>230.75</ele>
      </trkpt>
      <trkpt lat="49.296181" lon="9.55863">
        <ele>224.5</ele>
      </trkpt>
      <trkpt lat="49.295742" lon="9.558445">
        <ele>217.75</ele>
      </trkpt>
      <trkpt lat="49.295326" lon="9.558359">
        <ele>214.5</ele>
      </trkpt>
      <trkpt lat="49.294701" lon="9.558274">
        <ele>210.5</ele>
      </trkpt>
      <trkpt lat="49.294526" lon="9.558273">
        <ele>209</ele>
      </trkpt>
      <trkpt lat="49.294263" lon="9.558296">
        <ele>206.75</ele>
      </trkpt>
      <trkpt lat="49.293666" lon="9.558447">
        <ele>204</ele>
      </trkpt>
      <trkpt lat="49.293285" lon="9.558539">
        <ele>201.5</ele>
      </trkpt>
      <trkpt lat="49.292964" lon="9.558615">
        <ele>200.25</ele>
      </trkpt>
      <trkpt lat="49.292612" lon="9.558698">
        <ele>198.5</ele>
      </trkpt>
      <trkpt lat="49.292498" lon="9.558725">
        <ele>197.75</ele>
      </trkpt>
      <trkpt lat="49.291806" lon="9.558889">
        <ele>195.5</ele>
      </trkpt>
      <trkpt lat="49.29171" lon="9.55894">
        <ele>195</ele>
      </trkpt>
      <trkpt lat="49.29167" lon="9.55899">
        <ele>195</ele>
      </trkpt>
      <trkpt lat="49.291669999999996" lon="9.55899">
        <ele>194.23079938283712</ele>
      </trkpt>
      <trkpt lat="49.29167" lon="9.55899">
        <ele>195</ele>
      </trkpt>
      <trkpt lat="49.291668" lon="9.558994">
        <ele>195</ele>
      </trkpt>
      <trkpt lat="49.291639" lon="9.559095">
        <ele>194.75</ele>
      </trkpt>
      <trkpt lat="49.291627" lon="9.559403">
        <ele>194.75</ele>
      </trkpt>
      <trkpt lat="49.291621" lon="9.560547">
        <ele>194.75</ele>
      </trkpt>
      <trkpt lat="49.291613" lon="9.561098">
        <ele>194.75</ele>
      </trkpt>
      <trkpt lat="49.291673" lon="9.561096">
        <ele>195</ele>
      </trkpt>
      <trkpt lat="49.292285" lon="9.56106">
        <ele>198</ele>
      </trkpt>
      <trkpt lat="49.29239" lon="9.56105">
        <ele>198.5</ele>
      </trkpt>
      <trkpt lat="49.292444" lon="9.562674">
        <ele>199.25</ele>
      </trkpt>
      <trkpt lat="49.292528" lon="9.565318">
        <ele>197</ele>
      </trkpt>
      <trkpt lat="49.29264" lon="9.569789">
        <ele>200</ele>
      </trkpt>
      <trkpt lat="49.292731" lon="9.573128">
        <ele>202.5</ele>
      </trkpt>
      <trkpt lat="49.292797" lon="9.575158">
        <ele>201.25</ele>
      </trkpt>
      <trkpt lat="49.292832" lon="9.575613">
        <ele>201.5</ele>
      </trkpt>
      <trkpt lat="49.292873" lon="9.575977">
        <ele>201.75</ele>
      </trkpt>
      <trkpt lat="49.293024" lon="9.576927">
        <ele>201.25</ele>
      </trkpt>
      <trkpt lat="49.293122" lon="9.577405">
        <ele>200.75</ele>
      </trkpt>
      <trkpt lat="49.293273" lon="9.577995">
        <ele>200.25</ele>
      </trkpt>
      <trkpt lat="49.293506" lon="9.5787">
        <ele>201.25</ele>
      </trkpt>
      <trkpt lat="49.293672" lon="9.579128">
        <ele>202</ele>
      </trkpt>
      <trkpt lat="49.293918" lon="9.579676">
        <ele>202.75</ele>
      </trkpt>
      <trkpt lat="49.294195" lon="9.580202">
        <ele>203</ele>
      </trkpt>
      <trkpt lat="49.294345" lon="9.580458">
        <ele>203.75</ele>
      </trkpt>
      <trkpt lat="49.294556" lon="9.580782">
        <ele>204</ele>
      </trkpt>
      <trkpt lat="49.294813" lon="9.581151">
        <ele>203.75</ele>
      </trkpt>
      <trkpt lat="49.29509" lon="9.581487">
        <ele>203.5</ele>
      </trkpt>
      <trkpt lat="49.296483" lon="9.583023">
        <ele>205</ele>
      </trkpt>
      <trkpt lat="49.296532" lon="9.583077">
        <ele>204.75</ele>
      </trkpt>
      <trkpt lat="49.297481" lon="9.584119">
        <ele>202.25</ele>
      </trkpt>
      <trkpt lat="49.297722" lon="9.584373">
        <ele>204</ele>
      </trkpt>
      <trkpt lat="49.298076" lon="9.584799">
        <ele>204.5</ele>
      </trkpt>
      <trkpt lat="49.298379" lon="9.585263">
        <ele>204.25</ele>
      </trkpt>
      <trkpt lat="49.298665" lon="9.58582">
        <ele>206</ele>
      </trkpt>
      <trkpt lat="49.298899" lon="9.586297">
        <ele>208</ele>
      </trkpt>
      <trkpt lat="49.298994" lon="9.586549">
        <ele>207.5</ele>
      </trkpt>
      <trkpt lat="49.299156" lon="9.587177">
        <ele>203.5</ele>
      </trkpt>
      <trkpt lat="49.299212" lon="9.587562">
        <ele>202</ele>
      </trkpt>
      <trkpt lat="49.299252" lon="9.587933">
        <ele>202.25</ele>
      </trkpt>
      <trkpt lat="49.29929" lon="9.58837">
        <ele>202.5</ele>
      </trkpt>
      <trkpt lat="49.299279" lon="9.588903">
        <ele>201.75</ele>
      </trkpt>
      <trkpt lat="49.299251" lon="9.589306">
        <ele>201.25</ele>
      </trkpt>
      <trkpt lat="49.299195" lon="9.589735">
        <ele>201.5</ele>
      </trkpt>
      <trkpt lat="49.299122" lon="9.59013">
        <ele>202.25</ele>
      </trkpt>
      <trkpt lat="49.298982" lon="9.590645">
        <ele>202.75</ele>
      </trkpt>
      <trkpt lat="49.298854" lon="9.59104">
        <ele>202.25</ele>
      </trkpt>
      <trkpt lat="49.298757" lon="9.591284">
        <ele>201.5</ele>
      </trkpt>
      <trkpt lat="49.298757" lon="9.591284">
        <ele>201.5</ele>
      </trkpt>
      <trkpt lat="49.298719" lon="9.591383">
        <ele>201.5</ele>
      </trkpt>
      <trkpt lat="49.298417" lon="9.591958">
        <ele>200.25</ele>
      </trkpt>
      <trkpt lat="49.298237" lon="9.592238">
        <ele>200.25</ele>
      </trkpt>
      <trkpt lat="49.298053" lon="9.5925">
        <ele>200.5</ele>
      </trkpt>
      <trkpt lat="49.297696" lon="9.592925">
        <ele>200.5</ele>
      </trkpt>
      <trkpt lat="49.297535" lon="9.593117">
        <ele>200.75</ele>
      </trkpt>
      <trkpt lat="49.297484" lon="9.593181">
        <ele>200.75</ele>
      </trkpt>
      <trkpt lat="49.297351" lon="9.592933">
        <ele>200.75</ele>
      </trkpt>
      <trkpt lat="49.296835" lon="9.592021">
        <ele>201.25</ele>
      </trkpt>
      <trkpt lat="49.296731" lon="9.591939">
        <ele>201.25</ele>
      </trkpt>
      <trkpt lat="49.296469" lon="9.591851">
        <ele>203</ele>
      </trkpt>
      <trkpt lat="49.296352" lon="9.591823">
        <ele>204</ele>
      </trkpt>
      <trkpt lat="49.296158" lon="9.59183">
        <ele>206</ele>
      </trkpt>
      <trkpt lat="49.29596" lon="9.591796">
        <ele>208</ele>
      </trkpt>
      <trkpt lat="49.295868" lon="9.591748">
        <ele>209.25</ele>
      </trkpt>
      <trkpt lat="49.295484" lon="9.592533">
        <ele>214</ele>
      </trkpt>
      <trkpt lat="49.295221" lon="9.592991">
        <ele>212.75</ele>
      </trkpt>
      <trkpt lat="49.295061" lon="9.593165">
        <ele>212.25</ele>
      </trkpt>
      <trkpt lat="49.294975" lon="9.593139">
        <ele>214.5</ele>
      </trkpt>
      <trkpt lat="49.294919" lon="9.59301">
        <ele>219.25</ele>
      </trkpt>
      <trkpt lat="49.29494" lon="9.592814">
        <ele>222.25</ele>
      </trkpt>
      <trkpt lat="49.295224" lon="9.592179">
        <ele>223.75</ele>
      </trkpt>
      <trkpt lat="49.295329" lon="9.59182">
        <ele>224.25</ele>
      </trkpt>
      <trkpt lat="49.295358" lon="9.591603">
        <ele>224.75</ele>
      </trkpt>
      <trkpt lat="49.295327" lon="9.591296">
        <ele>225.5</ele>
      </trkpt>
      <trkpt lat="49.295256" lon="9.591044">
        <ele>227.25</ele>
      </trkpt>
      <trkpt lat="49.295151" lon="9.590711">
        <ele>229.25</ele>
      </trkpt>
      <trkpt lat="49.295061" lon="9.59046">
        <ele>229.75</ele>
      </trkpt>
      <trkpt lat="49.294968" lon="9.590272">
        <ele>231.25</ele>
      </trkpt>
      <trkpt lat="49.294735" lon="9.589848">
        <ele>238.75</ele>
      </trkpt>
      <trkpt lat="49.294585" lon="9.589576">
        <ele>243.75</ele>
      </trkpt>
      <trkpt lat="49.294338" lon="9.589041">
        <ele>250.5</ele>
      </trkpt>
      <trkpt lat="49.294174" lon="9.588629">
        <ele>251.25</ele>
      </trkpt>
      <trkpt lat="49.293947" lon="9.588145">
        <ele>250.5</ele>
      </trkpt>
      <trkpt lat="49.293824" lon="9.588022">
        <ele>252</ele>
      </trkpt>
      <trkpt lat="49.29371" lon="9.588032">
        <ele>255.75</ele>
      </trkpt>
      <trkpt lat="49.293566" lon="9.588166">
        <ele>263</ele>
      </trkpt>
      <trkpt lat="49.293577" lon="9.588433">
        <ele>267.25</ele>
      </trkpt>
      <trkpt lat="49.29371" lon="9.588691">
        <ele>266.25</ele>
      </trkpt>
      <trkpt lat="49.293906" lon="9.589236">
        <ele>267.5</ele>
      </trkpt>
      <trkpt lat="49.293999" lon="9.589875">
        <ele>269</ele>
      </trkpt>
      <trkpt lat="49.293947" lon="9.590863">
        <ele>274.75</ele>
      </trkpt>
      <trkpt lat="49.294019" lon="9.591563">
        <ele>272.75</ele>
      </trkpt>
      <trkpt lat="49.293991" lon="9.591664">
        <ele>273.25</ele>
      </trkpt>
      <trkpt lat="49.293947" lon="9.591759">
        <ele>273</ele>
      </trkpt>
      <trkpt lat="49.293844" lon="9.591717">
        <ele>275.5</ele>
      </trkpt>
      <trkpt lat="49.293721" lon="9.591388">
        <ele>279.25</ele>
      </trkpt>
      <trkpt lat="49.293572" lon="9.590368">
        <ele>283.5</ele>
      </trkpt>
      <trkpt lat="49.293494" lon="9.590091">
        <ele>285.25</ele>
      </trkpt>
      <trkpt lat="49.293371" lon="9.589689">
        <ele>286.25</ele>
      </trkpt>
      <trkpt lat="49.293286" lon="9.589443">
        <ele>286.25</ele>
      </trkpt>
      <trkpt lat="49.292919" lon="9.588763">
        <ele>288.5</ele>
      </trkpt>
      <trkpt lat="49.292766" lon="9.58859">
        <ele>290</ele>
      </trkpt>
      <trkpt lat="49.292683" lon="9.588558">
        <ele>291.5</ele>
      </trkpt>
      <trkpt lat="49.292611" lon="9.588641">
        <ele>294.25</ele>
      </trkpt>
      <trkpt lat="49.292591" lon="9.588762">
        <ele>296.25</ele>
      </trkpt>
      <trkpt lat="49.292768" lon="9.589307">
        <ele>298</ele>
      </trkpt>
      <trkpt lat="49.292879" lon="9.589862">
        <ele>298.75</ele>
      </trkpt>
      <trkpt lat="49.29284" lon="9.590275">
        <ele>300.5</ele>
      </trkpt>
      <trkpt lat="49.292763" lon="9.590659">
        <ele>302</ele>
      </trkpt>
      <trkpt lat="49.292646" lon="9.590887">
        <ele>304</ele>
      </trkpt>
      <trkpt lat="49.292411" lon="9.591395">
        <ele>306.5</ele>
      </trkpt>
      <trkpt lat="49.292141" lon="9.591848">
        <ele>306</ele>
      </trkpt>
      <trkpt lat="49.291934" lon="9.59206">
        <ele>305.75</ele>
      </trkpt>
      <trkpt lat="49.29172" lon="9.592175">
        <ele>307</ele>
      </trkpt>
      <trkpt lat="49.291511" lon="9.592198">
        <ele>309.5</ele>
      </trkpt>
      <trkpt lat="49.290859" lon="9.592325">
        <ele>316.5</ele>
      </trkpt>
      <trkpt lat="49.290534" lon="9.592327">
        <ele>322.75</ele>
      </trkpt>
      <trkpt lat="49.2902" lon="9.592356">
        <ele>329.25</ele>
      </trkpt>
      <trkpt lat="49.290015" lon="9.592343">
        <ele>333</ele>
      </trkpt>
      <trkpt lat="49.289129" lon="9.592407">
        <ele>337.25</ele>
      </trkpt>
      <trkpt lat="49.288275" lon="9.592417">
        <ele>333.75</ele>
      </trkpt>
      <trkpt lat="49.288008" lon="9.592273">
        <ele>336.25</ele>
      </trkpt>
      <trkpt lat="49.287964" lon="9.592225">
        <ele>336.75</ele>
      </trkpt>
      <trkpt lat="49.287831" lon="9.592135">
        <ele>337.75</ele>
      </trkpt>
      <trkpt lat="49.287679" lon="9.592107">
        <ele>338.5</ele>
      </trkpt>
      <trkpt lat="49.287616" lon="9.592109">
        <ele>338.75</ele>
      </trkpt>
      <trkpt lat="49.287485" lon="9.592214">
        <ele>339</ele>
      </trkpt>
      <trkpt lat="49.287443" lon="9.592278">
        <ele>338.75</ele>
      </trkpt>
      <trkpt lat="49.287151" lon="9.59254">
        <ele>338.5</ele>
      </trkpt>
      <trkpt lat="49.287009" lon="9.592932">
        <ele>337</ele>
      </trkpt>
      <trkpt lat="49.286926" lon="9.593025">
        <ele>336.75</ele>
      </trkpt>
      <trkpt lat="49.286607" lon="9.593262">
        <ele>336.25</ele>
      </trkpt>
      <trkpt lat="49.286061" lon="9.593395">
        <ele>337</ele>
      </trkpt>
      <trkpt lat="49.285749" lon="9.593373">
        <ele>337.75</ele>
      </trkpt>
      <trkpt lat="49.285526" lon="9.593344">
        <ele>337.75</ele>
      </trkpt>
      <trkpt lat="49.285" lon="9.593181">
        <ele>338</ele>
      </trkpt>
      <trkpt lat="49.28495" lon="9.593148">
        <ele>338</ele>
      </trkpt>
      <trkpt lat="49.284167" lon="9.592922">
        <ele>338.5</ele>
      </trkpt>
      <trkpt lat="49.283568" lon="9.5929">
        <ele>340.5</ele>
      </trkpt>
      <trkpt lat="49.283469" lon="9.592908">
        <ele>340.75</ele>
      </trkpt>
      <trkpt lat="49.283346" lon="9.592924">
        <ele>341.25</ele>
      </trkpt>
      <trkpt lat="49.283197" lon="9.592896">
        <ele>343.25</ele>
      </trkpt>
      <trkpt lat="49.282969" lon="9.592966">
        <ele>346.75</ele>
      </trkpt>
      <trkpt lat="49.281968" lon="9.593379">
        <ele>356.5</ele>
      </trkpt>
      <trkpt lat="49.281045" lon="9.593658">
        <ele>364</ele>
      </trkpt>
      <trkpt lat="49.280387" lon="9.593808">
        <ele>367.75</ele>
      </trkpt>
      <trkpt lat="49.279813" lon="9.594001">
        <ele>370.5</ele>
      </trkpt>
      <trkpt lat="49.279337" lon="9.594323">
        <ele>372</ele>
      </trkpt>
      <trkpt lat="49.278961" lon="9.594735">
        <ele>372.75</ele>
      </trkpt>
      <trkpt lat="49.278916" lon="9.594783">
        <ele>372.75</ele>
      </trkpt>
      <trkpt lat="49.278847" lon="9.594859">
        <ele>372.75</ele>
      </trkpt>
      <trkpt lat="49.2788" lon="9.594957">
        <ele>374</ele>
      </trkpt>
      <trkpt lat="49.2788" lon="9.594957">
        <ele>372.75</ele>
      </trkpt>
      <trkpt lat="49.278357" lon="9.595911">
        <ele>374</ele>
      </trkpt>
      <trkpt lat="49.278134" lon="9.596576">
        <ele>374.5</ele>
      </trkpt>
      <trkpt lat="49.277993" lon="9.597027">
        <ele>372.75</ele>
      </trkpt>
      <trkpt lat="49.277822" lon="9.597424">
        <ele>370.75</ele>
      </trkpt>
      <trkpt lat="49.277685" lon="9.597778">
        <ele>369.5</ele>
      </trkpt>
      <trkpt lat="49.277444" lon="9.598185">
        <ele>368.25</ele>
      </trkpt>
      <trkpt lat="49.276817" lon="9.59928">
        <ele>362</ele>
      </trkpt>
      <trkpt lat="49.276584" lon="9.599779">
        <ele>359</ele>
      </trkpt>
      <trkpt lat="49.276479" lon="9.600024">
        <ele>358</ele>
      </trkpt>
      <trkpt lat="49.276424" lon="9.600316">
        <ele>356.75</ele>
      </trkpt>
      <trkpt lat="49.276429" lon="9.600886">
        <ele>354.25</ele>
      </trkpt>
      <trkpt lat="49.276461" lon="9.601042">
        <ele>354</ele>
      </trkpt>
      <trkpt lat="49.276519" lon="9.601312">
        <ele>353.5</ele>
      </trkpt>
      <trkpt lat="49.276686" lon="9.601882">
        <ele>353.5</ele>
      </trkpt>
      <trkpt lat="49.276875" lon="9.602659">
        <ele>355.5</ele>
      </trkpt>
      <trkpt lat="49.277084" lon="9.603459">
        <ele>356</ele>
      </trkpt>
      <trkpt lat="49.276731" lon="9.603944">
        <ele>355</ele>
      </trkpt>
      <trkpt lat="49.276432" lon="9.604434">
        <ele>353.5</ele>
      </trkpt>
      <trkpt lat="49.27635" lon="9.604587">
        <ele>353.25</ele>
      </trkpt>
      <trkpt lat="49.276139" lon="9.605233">
        <ele>351.75</ele>
      </trkpt>
      <trkpt lat="49.275923" lon="9.605885">
        <ele>348</ele>
      </trkpt>
      <trkpt lat="49.275466" lon="9.607336">
        <ele>342.25</ele>
      </trkpt>
      <trkpt lat="49.27543" lon="9.607453">
        <ele>341.25</ele>
      </trkpt>
      <trkpt lat="49.275325" lon="9.607863">
        <ele>338.25</ele>
      </trkpt>
      <trkpt lat="49.275141" lon="9.608715">
        <ele>335</ele>
      </trkpt>
      <trkpt lat="49.274955" lon="9.609196">
        <ele>334.75</ele>
      </trkpt>
      <trkpt lat="49.274868" lon="9.609345">
        <ele>335.25</ele>
      </trkpt>
      <trkpt lat="49.274738" lon="9.60955">
        <ele>336</ele>
      </trkpt>
      <trkpt lat="49.274506" lon="9.609961">
        <ele>337.25</ele>
      </trkpt>
      <trkpt lat="49.274321" lon="9.610447">
        <ele>339</ele>
      </trkpt>
      <trkpt lat="49.274217" lon="9.610843">
        <ele>341</ele>
      </trkpt>
      <trkpt lat="49.274129" lon="9.611596">
        <ele>344.5</ele>
      </trkpt>
      <trkpt lat="49.273952" lon="9.612648">
        <ele>349.75</ele>
      </trkpt>
      <trkpt lat="49.273765" lon="9.613172">
        <ele>349.5</ele>
      </trkpt>
      <trkpt lat="49.273522" lon="9.613755">
        <ele>349.5</ele>
      </trkpt>
      <trkpt lat="49.272499" lon="9.615986">
        <ele>341.5</ele>
      </trkpt>
      <trkpt lat="49.272279" lon="9.616441">
        <ele>337.75</ele>
      </trkpt>
      <trkpt lat="49.271593" lon="9.618211">
        <ele>339.25</ele>
      </trkpt>
      <trkpt lat="49.270664" lon="9.620829">
        <ele>338</ele>
      </trkpt>
      <trkpt lat="49.270498" lon="9.621442">
        <ele>339.5</ele>
      </trkpt>
      <trkpt lat="49.270446" lon="9.621774">
        <ele>340.5</ele>
      </trkpt>
      <trkpt lat="49.270278" lon="9.622562">
        <ele>340.75</ele>
      </trkpt>
      <trkpt lat="49.270194" lon="9.623113">
        <ele>340.25</ele>
      </trkpt>
      <trkpt lat="49.270145" lon="9.623577">
        <ele>339.25</ele>
      </trkpt>
      <trkpt lat="49.270127" lon="9.624155">
        <ele>338.5</ele>
      </trkpt>
      <trkpt lat="49.270104" lon="9.625638">
        <ele>337.75</ele>
      </trkpt>
      <trkpt lat="49.26982" lon="9.625822">
        <ele>335.75</ele>
      </trkpt>
      <trkpt lat="49.269469" lon="9.625991">
        <ele>333</ele>
      </trkpt>
      <trkpt lat="49.269179" lon="9.626074">
        <ele>330.5</ele>
      </trkpt>
      <trkpt lat="49.268875" lon="9.626096">
        <ele>334</ele>
      </trkpt>
      <trkpt lat="49.26859" lon="9.626065">
        <ele>337.5</ele>
      </trkpt>
      <trkpt lat="49.268447" lon="9.626036">
        <ele>339.5</ele>
      </trkpt>
      <trkpt lat="49.267684" lon="9.625686">
        <ele>349.75</ele>
      </trkpt>
      <trkpt lat="49.266083" lon="9.625097">
        <ele>358.75</ele>
      </trkpt>
      <trkpt lat="49.26452" lon="9.624563">
        <ele>360</ele>
      </trkpt>
      <trkpt lat="49.263207" lon="9.624106">
        <ele>354.25</ele>
      </trkpt>
      <trkpt lat="49.262653" lon="9.623923">
        <ele>351.5</ele>
      </trkpt>
      <trkpt lat="49.262043" lon="9.623718">
        <ele>352.25</ele>
      </trkpt>
      <trkpt lat="49.261762" lon="9.623653">
        <ele>353.5</ele>
      </trkpt>
      <trkpt lat="49.261668" lon="9.623654">
        <ele>353.75</ele>
      </trkpt>
      <trkpt lat="49.261286" lon="9.623689">
        <ele>356</ele>
      </trkpt>
      <trkpt lat="49.260246" lon="9.623845">
        <ele>361</ele>
      </trkpt>
      <trkpt lat="49.259006" lon="9.624023">
        <ele>354.5</ele>
      </trkpt>
      <trkpt lat="49.258411" lon="9.624305">
        <ele>347</ele>
      </trkpt>
      <trkpt lat="49.258057" lon="9.624589">
        <ele>343</ele>
      </trkpt>
      <trkpt lat="49.257853" lon="9.624765">
        <ele>340.75</ele>
      </trkpt>
      <trkpt lat="49.257575" lon="9.625064">
        <ele>338</ele>
      </trkpt>
      <trkpt lat="49.257308" lon="9.625409">
        <ele>341.75</ele>
      </trkpt>
      <trkpt lat="49.256992" lon="9.625934">
        <ele>350</ele>
      </trkpt>
      <trkpt lat="49.256691" lon="9.626587">
        <ele>353.75</ele>
      </trkpt>
      <trkpt lat="49.256473" lon="9.627236">
        <ele>351.5</ele>
      </trkpt>
      <trkpt lat="49.256383" lon="9.627589">
        <ele>350</ele>
      </trkpt>
      <trkpt lat="49.256229" lon="9.628322">
        <ele>345.5</ele>
      </trkpt>
      <trkpt lat="49.256125" lon="9.628668">
        <ele>341.75</ele>
      </trkpt>
      <trkpt lat="49.25598" lon="9.629078">
        <ele>337.5</ele>
      </trkpt>
      <trkpt lat="49.255767" lon="9.629513">
        <ele>335.25</ele>
      </trkpt>
      <trkpt lat="49.255555" lon="9.629821">
        <ele>335.25</ele>
      </trkpt>
      <trkpt lat="49.255339" lon="9.630085">
        <ele>334.75</ele>
      </trkpt>
      <trkpt lat="49.255074" lon="9.630313">
        <ele>333.75</ele>
      </trkpt>
      <trkpt lat="49.254773" lon="9.630494">
        <ele>334.25</ele>
      </trkpt>
      <trkpt lat="49.254432" lon="9.630621">
        <ele>336</ele>
      </trkpt>
      <trkpt lat="49.25411" lon="9.630673">
        <ele>337.75</ele>
      </trkpt>
      <trkpt lat="49.253605" lon="9.630717">
        <ele>340.5</ele>
      </trkpt>
      <trkpt lat="49.253387" lon="9.630774">
        <ele>341.5</ele>
      </trkpt>
      <trkpt lat="49.253097" lon="9.630913">
        <ele>342.25</ele>
      </trkpt>
      <trkpt lat="49.253009" lon="9.630951">
        <ele>342.25</ele>
      </trkpt>
      <trkpt lat="49.252783" lon="9.630987">
        <ele>342.5</ele>
      </trkpt>
      <trkpt lat="49.252679" lon="9.631023">
        <ele>342.5</ele>
      </trkpt>
      <trkpt lat="49.252537" lon="9.630433">
        <ele>342.25</ele>
      </trkpt>
      <trkpt lat="49.252165" lon="9.629247">
        <ele>340.75</ele>
      </trkpt>
      <trkpt lat="49.252066" lon="9.628908">
        <ele>340.25</ele>
      </trkpt>
      <trkpt lat="49.251982" lon="9.628544">
        <ele>340.25</ele>
      </trkpt>
      <trkpt lat="49.251872" lon="9.628063">
        <ele>339.75</ele>
      </trkpt>
      <trkpt lat="49.251734" lon="9.62763">
        <ele>339</ele>
      </trkpt>
      <trkpt lat="49.251572" lon="9.627164">
        <ele>337.75</ele>
      </trkpt>
      <trkpt lat="49.251444" lon="9.626732">
        <ele>336</ele>
      </trkpt>
      <trkpt lat="49.251373" lon="9.626393">
        <ele>334</ele>
      </trkpt>
      <trkpt lat="49.251342" lon="9.626227">
        <ele>333</ele>
      </trkpt>
      <trkpt lat="49.251197" lon="9.625572">
        <ele>329.75</ele>
      </trkpt>
      <trkpt lat="49.251151" lon="9.625403">
        <ele>329.25</ele>
      </trkpt>
      <trkpt lat="49.251127" lon="9.625262">
        <ele>328.75</ele>
      </trkpt>
      <trkpt lat="49.251115" lon="9.625106">
        <ele>328.5</ele>
      </trkpt>
      <trkpt lat="49.25113" lon="9.624896">
        <ele>327.5</ele>
      </trkpt>
      <trkpt lat="49.251178" lon="9.624698">
        <ele>326.25</ele>
      </trkpt>
      <trkpt lat="49.2512" lon="9.624554">
        <ele>325.25</ele>
      </trkpt>
      <trkpt lat="49.251209" lon="9.624418">
        <ele>324.25</ele>
      </trkpt>
      <trkpt lat="49.251192" lon="9.623949">
        <ele>320.5</ele>
      </trkpt>
      <trkpt lat="49.251177" lon="9.623765">
        <ele>319.25</ele>
      </trkpt>
      <trkpt lat="49.251155" lon="9.623477">
        <ele>317</ele>
      </trkpt>
      <trkpt lat="49.251102" lon="9.623121">
        <ele>315.75</ele>
      </trkpt>
      <trkpt lat="49.251043" lon="9.622857">
        <ele>315.75</ele>
      </trkpt>
      <trkpt lat="49.251017" lon="9.622789">
        <ele>315.75</ele>
      </trkpt>
      <trkpt lat="49.250988" lon="9.622744">
        <ele>315.75</ele>
      </trkpt>
      <trkpt lat="49.250957" lon="9.622718">
        <ele>315.75</ele>
      </trkpt>
      <trkpt lat="49.250927" lon="9.622708">
        <ele>315.75</ele>
      </trkpt>
      <trkpt lat="49.250897" lon="9.622713">
        <ele>315.75</ele>
      </trkpt>
      <trkpt lat="49.250863" lon="9.622735">
        <ele>315.5</ele>
      </trkpt>
      <trkpt lat="49.25083" lon="9.622781">
        <ele>315.5</ele>
      </trkpt>
      <trkpt lat="49.250785" lon="9.622874">
        <ele>314</ele>
      </trkpt>
      <trkpt lat="49.250739" lon="9.623012">
        <ele>312.5</ele>
      </trkpt>
      <trkpt lat="49.250635" lon="9.623444">
        <ele>310</ele>
      </trkpt>
      <trkpt lat="49.25058" lon="9.623626">
        <ele>309.75</ele>
      </trkpt>
      <trkpt lat="49.250495" lon="9.623847">
        <ele>308.75</ele>
      </trkpt>
      <trkpt lat="49.250248" lon="9.624376">
        <ele>304.5</ele>
      </trkpt>
      <trkpt lat="49.250109" lon="9.624611">
        <ele>301.5</ele>
      </trkpt>
      <trkpt lat="49.249943" lon="9.624851">
        <ele>298.25</ele>
      </trkpt>
      <trkpt lat="49.249793" lon="9.625054">
        <ele>296.5</ele>
      </trkpt>
      <trkpt lat="49.249737" lon="9.625103">
        <ele>295.75</ele>
      </trkpt>
      <trkpt lat="49.249697" lon="9.625124">
        <ele>295</ele>
      </trkpt>
      <trkpt lat="49.249668" lon="9.625126">
        <ele>294.5</ele>
      </trkpt>
      <trkpt lat="49.249637" lon="9.625112">
        <ele>293.75</ele>
      </trkpt>
      <trkpt lat="49.249611" lon="9.625077">
        <ele>293.25</ele>
      </trkpt>
      <trkpt lat="49.249596" lon="9.625033">
        <ele>292.75</ele>
      </trkpt>
      <trkpt lat="49.249586" lon="9.624988">
        <ele>292.25</ele>
      </trkpt>
      <trkpt lat="49.249585" lon="9.624925">
        <ele>292</ele>
      </trkpt>
      <trkpt lat="49.249603" lon="9.624845">
        <ele>292</ele>
      </trkpt>
      <trkpt lat="49.249736" lon="9.624475">
        <ele>292.5</ele>
      </trkpt>
      <trkpt lat="49.24981" lon="9.624218">
        <ele>292.75</ele>
      </trkpt>
      <trkpt lat="49.249996" lon="9.623329">
        <ele>291.75</ele>
      </trkpt>
      <trkpt lat="49.250023" lon="9.623147">
        <ele>292</ele>
      </trkpt>
      <trkpt lat="49.250026" lon="9.623022">
        <ele>291.75</ele>
      </trkpt>
      <trkpt lat="49.250014" lon="9.622912">
        <ele>291.25</ele>
      </trkpt>
      <trkpt lat="49.249999" lon="9.622835">
        <ele>290.75</ele>
      </trkpt>
      <trkpt lat="49.249969" lon="9.622745">
        <ele>290</ele>
      </trkpt>
      <trkpt lat="49.249923" lon="9.622668">
        <ele>289.5</ele>
      </trkpt>
      <trkpt lat="49.249848" lon="9.622586">
        <ele>288.5</ele>
      </trkpt>
      <trkpt lat="49.249655" lon="9.622444">
        <ele>286.25</ele>
      </trkpt>
      <trkpt lat="49.249529" lon="9.622354">
        <ele>284.75</ele>
      </trkpt>
      <trkpt lat="49.249364" lon="9.62224">
        <ele>282.75</ele>
      </trkpt>
      <trkpt lat="49.249327" lon="9.622214">
        <ele>282.25</ele>
      </trkpt>
      <trkpt lat="49.249003" lon="9.62199">
        <ele>283</ele>
      </trkpt>
      <trkpt lat="49.248705" lon="9.621769">
        <ele>287.25</ele>
      </trkpt>
      <trkpt lat="49.248584" lon="9.621673">
        <ele>288.75</ele>
      </trkpt>
      <trkpt lat="49.248456" lon="9.621552">
        <ele>291</ele>
      </trkpt>
      <trkpt lat="49.248332" lon="9.6214">
        <ele>293.5</ele>
      </trkpt>
      <trkpt lat="49.248242" lon="9.62124">
        <ele>296.5</ele>
      </trkpt>
      <trkpt lat="49.248169" lon="9.621006">
        <ele>299</ele>
      </trkpt>
      <trkpt lat="49.24812" lon="9.620692">
        <ele>302</ele>
      </trkpt>
      <trkpt lat="49.24812" lon="9.620291">
        <ele>304.75</ele>
      </trkpt>
      <trkpt lat="49.248144" lon="9.620036">
        <ele>306</ele>
      </trkpt>
      <trkpt lat="49.248236" lon="9.619688">
        <ele>307.25</ele>
      </trkpt>
      <trkpt lat="49.248337" lon="9.619508">
        <ele>307</ele>
      </trkpt>
      <trkpt lat="49.248432" lon="9.619374">
        <ele>306.5</ele>
      </trkpt>
      <trkpt lat="49.248569" lon="9.619202">
        <ele>305.5</ele>
      </trkpt>
      <trkpt lat="49.248602" lon="9.619123">
        <ele>305.25</ele>
      </trkpt>
      <trkpt lat="49.24862" lon="9.619036">
        <ele>305.25</ele>
      </trkpt>
      <trkpt lat="49.248622" lon="9.618947">
        <ele>305.75</ele>
      </trkpt>
      <trkpt lat="49.248609" lon="9.618852">
        <ele>306.5</ele>
      </trkpt>
      <trkpt lat="49.248575" lon="9.618739">
        <ele>307.5</ele>
      </trkpt>
      <trkpt lat="49.248384" lon="9.61828">
        <ele>311.5</ele>
      </trkpt>
      <trkpt lat="49.248194" lon="9.617863">
        <ele>315.5</ele>
      </trkpt>
      <trkpt lat="49.248015" lon="9.617548">
        <ele>318</ele>
      </trkpt>
      <trkpt lat="49.247561" lon="9.616837">
        <ele>325.75</ele>
      </trkpt>
      <trkpt lat="49.247402" lon="9.616525">
        <ele>328.5</ele>
      </trkpt>
      <trkpt lat="49.247218" lon="9.616004">
        <ele>331.75</ele>
      </trkpt>
      <trkpt lat="49.247115" lon="9.615659">
        <ele>333.5</ele>
      </trkpt>
      <trkpt lat="49.246926" lon="9.614968">
        <ele>337.5</ele>
      </trkpt>
      <trkpt lat="49.246728" lon="9.614261">
        <ele>340.5</ele>
      </trkpt>
      <trkpt lat="49.246672" lon="9.61413">
        <ele>340.75</ele>
      </trkpt>
      <trkpt lat="49.246566" lon="9.613925">
        <ele>340.75</ele>
      </trkpt>
      <trkpt lat="49.246421" lon="9.613691">
        <ele>340.75</ele>
      </trkpt>
      <trkpt lat="49.245943" lon="9.613134">
        <ele>341</ele>
      </trkpt>
      <trkpt lat="49.245764" lon="9.613554">
        <ele>340.25</ele>
      </trkpt>
      <trkpt lat="49.245632" lon="9.613985">
        <ele>339</ele>
      </trkpt>
      <trkpt lat="49.245134" lon="9.615759">
        <ele>336.5</ele>
      </trkpt>
      <trkpt lat="49.24486" lon="9.616637">
        <ele>336</ele>
      </trkpt>
      <trkpt lat="49.244601" lon="9.617467">
        <ele>335</ele>
      </trkpt>
      <trkpt lat="49.244484" lon="9.617957">
        <ele>333.75</ele>
      </trkpt>
      <trkpt lat="49.244304" lon="9.618969">
        <ele>333.5</ele>
      </trkpt>
      <trkpt lat="49.244207" lon="9.620058">
        <ele>334.25</ele>
      </trkpt>
      <trkpt lat="49.24421" lon="9.621449">
        <ele>338.25</ele>
      </trkpt>
      <trkpt lat="49.244191" lon="9.622669">
        <ele>339.25</ele>
      </trkpt>
      <trkpt lat="49.24417" lon="9.623059">
        <ele>339.5</ele>
      </trkpt>
      <trkpt lat="49.244108" lon="9.623599">
        <ele>340.25</ele>
      </trkpt>
      <trkpt lat="49.244079" lon="9.623859">
        <ele>340.75</ele>
      </trkpt>
      <trkpt lat="49.243836" lon="9.625094">
        <ele>342</ele>
      </trkpt>
      <trkpt lat="49.243643" lon="9.62645">
        <ele>343.75</ele>
      </trkpt>
      <trkpt lat="49.243538" lon="9.626914">
        <ele>345</ele>
      </trkpt>
      <trkpt lat="49.243404" lon="9.627354">
        <ele>345.5</ele>
      </trkpt>
      <trkpt lat="49.24333" lon="9.627564">
        <ele>346</ele>
      </trkpt>
      <trkpt lat="49.2433" lon="9.627632">
        <ele>346</ele>
      </trkpt>
      <trkpt lat="49.243097" lon="9.628072">
        <ele>346</ele>
      </trkpt>
      <trkpt lat="49.242858" lon="9.628473">
        <ele>346.5</ele>
      </trkpt>
      <trkpt lat="49.242599" lon="9.62883">
        <ele>347</ele>
      </trkpt>
      <trkpt lat="49.241779" lon="9.629842">
        <ele>346.75</ele>
      </trkpt>
      <trkpt lat="49.241574" lon="9.630079">
        <ele>346.5</ele>
      </trkpt>
      <trkpt lat="49.241326" lon="9.630393">
        <ele>345.75</ele>
      </trkpt>
      <trkpt lat="49.240947" lon="9.630919">
        <ele>345.25</ele>
      </trkpt>
      <trkpt lat="49.240713" lon="9.631259">
        <ele>344</ele>
      </trkpt>
      <trkpt lat="49.240497" lon="9.631614">
        <ele>342.5</ele>
      </trkpt>
      <trkpt lat="49.240295" lon="9.632038">
        <ele>341.5</ele>
      </trkpt>
      <trkpt lat="49.23999" lon="9.632738">
        <ele>341.5</ele>
      </trkpt>
      <trkpt lat="49.239717" lon="9.633513">
        <ele>342.25</ele>
      </trkpt>
      <trkpt lat="49.23952" lon="9.634042">
        <ele>342.25</ele>
      </trkpt>
      <trkpt lat="49.239418" lon="9.634301">
        <ele>342.25</ele>
      </trkpt>
      <trkpt lat="49.239179" lon="9.634864">
        <ele>342.5</ele>
      </trkpt>
      <trkpt lat="49.238993" lon="9.635179">
        <ele>343.75</ele>
      </trkpt>
      <trkpt lat="49.238266" lon="9.636322">
        <ele>346.75</ele>
      </trkpt>
      <trkpt lat="49.238142" lon="9.636536">
        <ele>347.25</ele>
      </trkpt>
      <trkpt lat="49.238024" lon="9.63677">
        <ele>348</ele>
      </trkpt>
      <trkpt lat="49.237841" lon="9.637243">
        <ele>349.75</ele>
      </trkpt>
      <trkpt lat="49.237705" lon="9.637729">
        <ele>350.75</ele>
      </trkpt>
      <trkpt lat="49.237549" lon="9.638225">
        <ele>350.75</ele>
      </trkpt>
      <trkpt lat="49.237457" lon="9.638449">
        <ele>350.5</ele>
      </trkpt>
      <trkpt lat="49.237349" lon="9.638681">
        <ele>349.75</ele>
      </trkpt>
      <trkpt lat="49.237272" lon="9.638821">
        <ele>349.5</ele>
      </trkpt>
      <trkpt lat="49.237124" lon="9.639055">
        <ele>349</ele>
      </trkpt>
      <trkpt lat="49.236704" lon="9.639613">
        <ele>349</ele>
      </trkpt>
      <trkpt lat="49.23628" lon="9.640159">
        <ele>348.5</ele>
      </trkpt>
      <trkpt lat="49.23599" lon="9.640563">
        <ele>348.25</ele>
      </trkpt>
      <trkpt lat="49.235722" lon="9.640983">
        <ele>347.25</ele>
      </trkpt>
      <trkpt lat="49.235529" lon="9.641336">
        <ele>346.25</ele>
      </trkpt>
      <trkpt lat="49.235399" lon="9.641622">
        <ele>345.75</ele>
      </trkpt>
      <trkpt lat="49.234513" lon="9.643793">
        <ele>344</ele>
      </trkpt>
      <trkpt lat="49.234365" lon="9.644124">
        <ele>343.25</ele>
      </trkpt>
      <trkpt lat="49.234365" lon="9.644124">
        <ele>343.5</ele>
      </trkpt>
      <trkpt lat="49.234191" lon="9.644514">
        <ele>343.25</ele>
      </trkpt>
      <trkpt lat="49.233809" lon="9.645173">
        <ele>345</ele>
      </trkpt>
      <trkpt lat="49.233589" lon="9.645436">
        <ele>346.25</ele>
      </trkpt>
      <trkpt lat="49.23333" lon="9.645702">
        <ele>347.5</ele>
      </trkpt>
      <trkpt lat="49.233108" lon="9.645875">
        <ele>348.75</ele>
      </trkpt>
      <trkpt lat="49.232886" lon="9.646013">
        <ele>349.75</ele>
      </trkpt>
      <trkpt lat="49.232632" lon="9.646133">
        <ele>351</ele>
      </trkpt>
      <trkpt lat="49.232374" lon="9.646196">
        <ele>351.75</ele>
      </trkpt>
      <trkpt lat="49.232123" lon="9.646209">
        <ele>351.75</ele>
      </trkpt>
      <trkpt lat="49.231854" lon="9.646159">
        <ele>351.75</ele>
      </trkpt>
      <trkpt lat="49.231539" lon="9.646044">
        <ele>351</ele>
      </trkpt>
      <trkpt lat="49.231165" lon="9.645881">
        <ele>349.25</ele>
      </trkpt>
      <trkpt lat="49.230888" lon="9.645776">
        <ele>348</ele>
      </trkpt>
      <trkpt lat="49.230691" lon="9.645737">
        <ele>347</ele>
      </trkpt>
      <trkpt lat="49.230498" lon="9.645748">
        <ele>345.5</ele>
      </trkpt>
      <trkpt lat="49.23037" lon="9.645773">
        <ele>344.5</ele>
      </trkpt>
      <trkpt lat="49.230232" lon="9.645826">
        <ele>343.5</ele>
      </trkpt>
      <trkpt lat="49.229808" lon="9.646068">
        <ele>340.25</ele>
      </trkpt>
      <trkpt lat="49.22957" lon="9.646184">
        <ele>338.5</ele>
      </trkpt>
      <trkpt lat="49.228991" lon="9.646424">
        <ele>335</ele>
      </trkpt>
      <trkpt lat="49.228881" lon="9.646488">
        <ele>334.5</ele>
      </trkpt>
      <trkpt lat="49.228787" lon="9.646556">
        <ele>334</ele>
      </trkpt>
      <trkpt lat="49.228695" lon="9.646581">
        <ele>333.25</ele>
      </trkpt>
      <trkpt lat="49.228601" lon="9.646536">
        <ele>332.75</ele>
      </trkpt>
      <trkpt lat="49.228536" lon="9.64647">
        <ele>332.25</ele>
      </trkpt>
      <trkpt lat="49.228476" lon="9.646433">
        <ele>331.75</ele>
      </trkpt>
      <trkpt lat="49.228422" lon="9.64644">
        <ele>331.5</ele>
      </trkpt>
      <trkpt lat="49.228332" lon="9.646477">
        <ele>330.75</ele>
      </trkpt>
      <trkpt lat="49.228195" lon="9.646554">
        <ele>330.25</ele>
      </trkpt>
      <trkpt lat="49.228032" lon="9.646646">
        <ele>329.75</ele>
      </trkpt>
      <trkpt lat="49.227892" lon="9.646711">
        <ele>329.25</ele>
      </trkpt>
      <trkpt lat="49.22778" lon="9.646742">
        <ele>329</ele>
      </trkpt>
      <trkpt lat="49.227688" lon="9.646735">
        <ele>328.75</ele>
      </trkpt>
      <trkpt lat="49.227567" lon="9.646693">
        <ele>328.25</ele>
      </trkpt>
      <trkpt lat="49.227529" lon="9.646668">
        <ele>328</ele>
      </trkpt>
      <trkpt lat="49.227448" lon="9.646596">
        <ele>328</ele>
      </trkpt>
      <trkpt lat="49.227188" lon="9.646301">
        <ele>329</ele>
      </trkpt>
      <trkpt lat="49.227068" lon="9.646187">
        <ele>329.5</ele>
      </trkpt>
      <trkpt lat="49.226938" lon="9.646113">
        <ele>330.25</ele>
      </trkpt>
      <trkpt lat="49.226826" lon="9.646086">
        <ele>330.75</ele>
      </trkpt>
      <trkpt lat="49.226704" lon="9.646089">
        <ele>331.25</ele>
      </trkpt>
      <trkpt lat="49.226558" lon="9.646128">
        <ele>332.25</ele>
      </trkpt>
      <trkpt lat="49.226445" lon="9.646196">
        <ele>332.75</ele>
      </trkpt>
      <trkpt lat="49.226342" lon="9.64628">
        <ele>333.25</ele>
      </trkpt>
      <trkpt lat="49.22622" lon="9.646406">
        <ele>334</ele>
      </trkpt>
      <trkpt lat="49.225791" lon="9.646884">
        <ele>337.25</ele>
      </trkpt>
      <trkpt lat="49.225447" lon="9.647287">
        <ele>339.75</ele>
      </trkpt>
      <trkpt lat="49.225431" lon="9.647306">
        <ele>339.75</ele>
      </trkpt>
      <trkpt lat="49.225006" lon="9.647804">
        <ele>342.75</ele>
      </trkpt>
      <trkpt lat="49.224595" lon="9.648248">
        <ele>344</ele>
      </trkpt>
      <trkpt lat="49.22447" lon="9.648364">
        <ele>344.25</ele>
      </trkpt>
      <trkpt lat="49.224294" lon="9.648496">
        <ele>344.5</ele>
      </trkpt>
      <trkpt lat="49.224125" lon="9.648586">
        <ele>345.25</ele>
      </trkpt>
      <trkpt lat="49.223927" lon="9.648668">
        <ele>346.5</ele>
      </trkpt>
      <trkpt lat="49.223723" lon="9.648716">
        <ele>347.75</ele>
      </trkpt>
      <trkpt lat="49.223407" lon="9.648758">
        <ele>350</ele>
      </trkpt>
      <trkpt lat="49.223122" lon="9.648818">
        <ele>351.25</ele>
      </trkpt>
      <trkpt lat="49.222912" lon="9.648901">
        <ele>352</ele>
      </trkpt>
      <trkpt lat="49.2227" lon="9.649027">
        <ele>353</ele>
      </trkpt>
      <trkpt lat="49.222459" lon="9.649235">
        <ele>353.5</ele>
      </trkpt>
      <trkpt lat="49.222213" lon="9.649507">
        <ele>352.75</ele>
      </trkpt>
      <trkpt lat="49.221956" lon="9.649855">
        <ele>352.5</ele>
      </trkpt>
      <trkpt lat="49.221383" lon="9.650755">
        <ele>354</ele>
      </trkpt>
      <trkpt lat="49.221191" lon="9.65105">
        <ele>353.75</ele>
      </trkpt>
      <trkpt lat="49.221013" lon="9.651295">
        <ele>353.25</ele>
      </trkpt>
      <trkpt lat="49.220764" lon="9.651601">
        <ele>352.5</ele>
      </trkpt>
      <trkpt lat="49.22058" lon="9.651795">
        <ele>352.25</ele>
      </trkpt>
      <trkpt lat="49.220398" lon="9.651971">
        <ele>351.75</ele>
      </trkpt>
      <trkpt lat="49.219908" lon="9.652359">
        <ele>351.25</ele>
      </trkpt>
      <trkpt lat="49.219036" lon="9.653015">
        <ele>351.75</ele>
      </trkpt>
      <trkpt lat="49.21873" lon="9.653312">
        <ele>352.75</ele>
      </trkpt>
      <trkpt lat="49.21844" lon="9.653634">
        <ele>352.5</ele>
      </trkpt>
      <trkpt lat="49.218199" lon="9.65398">
        <ele>352.5</ele>
      </trkpt>
      <trkpt lat="49.218022" lon="9.65431">
        <ele>352.75</ele>
      </trkpt>
      <trkpt lat="49.217851" lon="9.654705">
        <ele>352.5</ele>
      </trkpt>
      <trkpt lat="49.217705" lon="9.655137">
        <ele>351.75</ele>
      </trkpt>
      <trkpt lat="49.217584" lon="9.655621">
        <ele>351.75</ele>
      </trkpt>
      <trkpt lat="49.217442" lon="9.656267">
        <ele>352</ele>
      </trkpt>
      <trkpt lat="49.217345" lon="9.656673">
        <ele>352.25</ele>
      </trkpt>
      <trkpt lat="49.217242" lon="9.657026">
        <ele>353</ele>
      </trkpt>
      <trkpt lat="49.217114" lon="9.657367">
        <ele>353.75</ele>
      </trkpt>
      <trkpt lat="49.216973" lon="9.657672">
        <ele>354.25</ele>
      </trkpt>
      <trkpt lat="49.216806" lon="9.657952">
        <ele>354.5</ele>
      </trkpt>
      <trkpt lat="49.216602" lon="9.658224">
        <ele>355</ele>
      </trkpt>
      <trkpt lat="49.216334" lon="9.658496">
        <ele>354.75</ele>
      </trkpt>
      <trkpt lat="49.216018" lon="9.658739">
        <ele>354.5</ele>
      </trkpt>
      <trkpt lat="49.21458" lon="9.65963">
        <ele>359.25</ele>
      </trkpt>
      <trkpt lat="49.214405" lon="9.659761">
        <ele>359.75</ele>
      </trkpt>
      <trkpt lat="49.214228" lon="9.65991">
        <ele>360.5</ele>
      </trkpt>
      <trkpt lat="49.214023" lon="9.660009">
        <ele>360.5</ele>
      </trkpt>
      <trkpt lat="49.213924" lon="9.660108">
        <ele>360</ele>
      </trkpt>
      <trkpt lat="49.213834" lon="9.659929">
        <ele>360</ele>
      </trkpt>
      <trkpt lat="49.213724" lon="9.659746">
        <ele>359.25</ele>
      </trkpt>
      <trkpt lat="49.213598" lon="9.659553">
        <ele>358.75</ele>
      </trkpt>
      <trkpt lat="49.213473" lon="9.659385">
        <ele>358.25</ele>
      </trkpt>
      <trkpt lat="49.213284" lon="9.659154">
        <ele>358</ele>
      </trkpt>
      <trkpt lat="49.213093" lon="9.658955">
        <ele>357.75</ele>
      </trkpt>
      <trkpt lat="49.212678" lon="9.658561">
        <ele>357.25</ele>
      </trkpt>
      <trkpt lat="49.212492" lon="9.658391">
        <ele>357</ele>
      </trkpt>
      <trkpt lat="49.212045" lon="9.657962">
        <ele>357.75</ele>
      </trkpt>
      <trkpt lat="49.212004" lon="9.657918">
        <ele>358</ele>
      </trkpt>
      <trkpt lat="49.211871" lon="9.657776">
        <ele>358.25</ele>
      </trkpt>
      <trkpt lat="49.211754" lon="9.657633">
        <ele>358.75</ele>
      </trkpt>
      <trkpt lat="49.211644" lon="9.657493">
        <ele>359</ele>
      </trkpt>
      <trkpt lat="49.211494" lon="9.657268">
        <ele>359</ele>
      </trkpt>
      <trkpt lat="49.211432" lon="9.657167">
        <ele>359</ele>
      </trkpt>
      <trkpt lat="49.211254" lon="9.656841">
        <ele>358.5</ele>
      </trkpt>
      <trkpt lat="49.211107" lon="9.65698">
        <ele>358.75</ele>
      </trkpt>
      <trkpt lat="49.211025" lon="9.657135">
        <ele>359</ele>
      </trkpt>
      <trkpt lat="49.210994" lon="9.657256">
        <ele>359.25</ele>
      </trkpt>
      <trkpt lat="49.210787" lon="9.657587">
        <ele>360</ele>
      </trkpt>
      <trkpt lat="49.210669" lon="9.657763">
        <ele>360.5</ele>
      </trkpt>
      <trkpt lat="49.210556" lon="9.657922">
        <ele>360.75</ele>
      </trkpt>
      <trkpt lat="49.210252" lon="9.65828">
        <ele>361.5</ele>
      </trkpt>
      <trkpt lat="49.210178" lon="9.658364">
        <ele>361.5</ele>
      </trkpt>
      <trkpt lat="49.210001" lon="9.658564">
        <ele>361.25</ele>
      </trkpt>
      <trkpt lat="49.209813" lon="9.658794">
        <ele>360.25</ele>
      </trkpt>
      <trkpt lat="49.209762" lon="9.658723">
        <ele>360.25</ele>
      </trkpt>
      <trkpt lat="49.209697" lon="9.658688">
        <ele>360.25</ele>
      </trkpt>
      <trkpt lat="49.209629" lon="9.658695">
        <ele>360</ele>
      </trkpt>
      <trkpt lat="49.209568" lon="9.658742">
        <ele>359.75</ele>
      </trkpt>
      <trkpt lat="49.209523" lon="9.658821">
        <ele>359.75</ele>
      </trkpt>
      <trkpt lat="49.209502" lon="9.658921">
        <ele>359.5</ele>
      </trkpt>
      <trkpt lat="49.209365" lon="9.658917">
        <ele>359.25</ele>
      </trkpt>
      <trkpt lat="49.209112" lon="9.658959">
        <ele>359</ele>
      </trkpt>
      <trkpt lat="49.208567" lon="9.659126">
        <ele>359.5</ele>
      </trkpt>
      <trkpt lat="49.208479" lon="9.659143">
        <ele>359.75</ele>
      </trkpt>
      <trkpt lat="49.208314" lon="9.659164">
        <ele>359.75</ele>
      </trkpt>
      <trkpt lat="49.208148" lon="9.659168">
        <ele>359.75</ele>
      </trkpt>
      <trkpt lat="49.207983" lon="9.659157">
        <ele>359.5</ele>
      </trkpt>
      <trkpt lat="49.207809" lon="9.659128">
        <ele>359</ele>
      </trkpt>
      <trkpt lat="49.207637" lon="9.659082">
        <ele>358.5</ele>
      </trkpt>
      <trkpt lat="49.207468" lon="9.659019">
        <ele>357.75</ele>
      </trkpt>
      <trkpt lat="49.207302" lon="9.658938">
        <ele>355.75</ele>
      </trkpt>
      <trkpt lat="49.20714" lon="9.658841">
        <ele>354.25</ele>
      </trkpt>
      <trkpt lat="49.206983" lon="9.658729">
        <ele>352.5</ele>
      </trkpt>
      <trkpt lat="49.206831" lon="9.658605">
        <ele>351.25</ele>
      </trkpt>
      <trkpt lat="49.206683" lon="9.658471">
        <ele>350.25</ele>
      </trkpt>
      <trkpt lat="49.206397" lon="9.658174">
        <ele>350.25</ele>
      </trkpt>
      <trkpt lat="49.206261" lon="9.658012">
        <ele>350.5</ele>
      </trkpt>
      <trkpt lat="49.205403" lon="9.656905">
        <ele>350.75</ele>
      </trkpt>
      <trkpt lat="49.205103" lon="9.656553">
        <ele>351.5</ele>
      </trkpt>
      <trkpt lat="49.204951" lon="9.656399">
        <ele>351</ele>
      </trkpt>
      <trkpt lat="49.204845" lon="9.656286">
        <ele>351</ele>
      </trkpt>
      <trkpt lat="49.204626" lon="9.656072">
        <ele>350.5</ele>
      </trkpt>
      <trkpt lat="49.204511" lon="9.655974">
        <ele>350.5</ele>
      </trkpt>
      <trkpt lat="49.204182" lon="9.655708">
        <ele>350.5</ele>
      </trkpt>
      <trkpt lat="49.203839" lon="9.655471">
        <ele>351</ele>
      </trkpt>
      <trkpt lat="49.203685" lon="9.655375">
        <ele>351.75</ele>
      </trkpt>
      <trkpt lat="49.203606" lon="9.655336">
        <ele>352.25</ele>
      </trkpt>
      <trkpt lat="49.203398" lon="9.655229">
        <ele>354.25</ele>
      </trkpt>
      <trkpt lat="49.203188" lon="9.655135">
        <ele>356.25</ele>
      </trkpt>
      <trkpt lat="49.202709" lon="9.654961">
        <ele>356.25</ele>
      </trkpt>
      <trkpt lat="49.202079" lon="9.65481">
        <ele>361</ele>
      </trkpt>
      <trkpt lat="49.201848" lon="9.654754">
        <ele>363</ele>
      </trkpt>
      <trkpt lat="49.201037" lon="9.654566">
        <ele>367.75</ele>
      </trkpt>
      <trkpt lat="49.200904" lon="9.654522">
        <ele>368.25</ele>
      </trkpt>
      <trkpt lat="49.2008" lon="9.654456">
        <ele>368.5</ele>
      </trkpt>
      <trkpt lat="49.200304" lon="9.654075">
        <ele>369.5</ele>
      </trkpt>
      <trkpt lat="49.199846" lon="9.653598">
        <ele>370.25</ele>
      </trkpt>
      <trkpt lat="49.199565" lon="9.653301">
        <ele>371</ele>
      </trkpt>
      <trkpt lat="49.198995" lon="9.652522">
        <ele>373</ele>
      </trkpt>
      <trkpt lat="49.198549" lon="9.651856">
        <ele>374.75</ele>
      </trkpt>
      <trkpt lat="49.198477" lon="9.651945">
        <ele>375.25</ele>
      </trkpt>
      <trkpt lat="49.198274" lon="9.652187">
        <ele>376.5</ele>
      </trkpt>
      <trkpt lat="49.19813" lon="9.652336">
        <ele>376.25</ele>
      </trkpt>
      <trkpt lat="49.197948" lon="9.652551">
        <ele>375.5</ele>
      </trkpt>
      <trkpt lat="49.197635" lon="9.652928">
        <ele>373.5</ele>
      </trkpt>
      <trkpt lat="49.197555" lon="9.653046">
        <ele>372.75</ele>
      </trkpt>
      <trkpt lat="49.197492" lon="9.653163">
        <ele>372.25</ele>
      </trkpt>
      <trkpt lat="49.197421" lon="9.65311">
        <ele>372</ele>
      </trkpt>
      <trkpt lat="49.197325" lon="9.653065">
        <ele>371.5</ele>
      </trkpt>
      <trkpt lat="49.197261" lon="9.653063">
        <ele>371.25</ele>
      </trkpt>
      <trkpt lat="49.196897" lon="9.653148">
        <ele>368.75</ele>
      </trkpt>
      <trkpt lat="49.196735" lon="9.653206">
        <ele>367.75</ele>
      </trkpt>
      <trkpt lat="49.196324" lon="9.653326">
        <ele>367</ele>
      </trkpt>
      <trkpt lat="49.196198" lon="9.653349">
        <ele>366.75</ele>
      </trkpt>
      <trkpt lat="49.196114" lon="9.653334">
        <ele>366.75</ele>
      </trkpt>
      <trkpt lat="49.196046" lon="9.653314">
        <ele>367</ele>
      </trkpt>
      <trkpt lat="49.195954" lon="9.653259">
        <ele>367</ele>
      </trkpt>
      <trkpt lat="49.195876" lon="9.653191">
        <ele>367.25</ele>
      </trkpt>
      <trkpt lat="49.195783" lon="9.653087">
        <ele>367.5</ele>
      </trkpt>
      <trkpt lat="49.195638" lon="9.65288">
        <ele>368</ele>
      </trkpt>
      <trkpt lat="49.195465" lon="9.652661">
        <ele>368.5</ele>
      </trkpt>
      <trkpt lat="49.195275" lon="9.65247">
        <ele>369</ele>
      </trkpt>
      <trkpt lat="49.19511" lon="9.652369">
        <ele>369.25</ele>
      </trkpt>
      <trkpt lat="49.195038" lon="9.652332">
        <ele>369.5</ele>
      </trkpt>
      <trkpt lat="49.194889" lon="9.652276">
        <ele>370</ele>
      </trkpt>
      <trkpt lat="49.194084" lon="9.652015">
        <ele>374.5</ele>
      </trkpt>
      <trkpt lat="49.193981" lon="9.651988">
        <ele>375.75</ele>
      </trkpt>
      <trkpt lat="49.193887" lon="9.651976">
        <ele>376.5</ele>
      </trkpt>
      <trkpt lat="49.193765" lon="9.651979">
        <ele>377.75</ele>
      </trkpt>
      <trkpt lat="49.193588" lon="9.652011">
        <ele>379</ele>
      </trkpt>
      <trkpt lat="49.193482" lon="9.652058">
        <ele>379.75</ele>
      </trkpt>
      <trkpt lat="49.193345" lon="9.652125">
        <ele>380.5</ele>
      </trkpt>
      <trkpt lat="49.192903" lon="9.652375">
        <ele>379.75</ele>
      </trkpt>
      <trkpt lat="49.192312" lon="9.652716">
        <ele>378.5</ele>
      </trkpt>
      <trkpt lat="49.192137" lon="9.652789">
        <ele>377.75</ele>
      </trkpt>
      <trkpt lat="49.192059" lon="9.652795">
        <ele>377.75</ele>
      </trkpt>
      <trkpt lat="49.191923" lon="9.652776">
        <ele>377.75</ele>
      </trkpt>
      <trkpt lat="49.191291" lon="9.652532">
        <ele>378.75</ele>
      </trkpt>
      <trkpt lat="49.190676" lon="9.652311">
        <ele>379.5</ele>
      </trkpt>
      <trkpt lat="49.190488" lon="9.652254">
        <ele>379.5</ele>
      </trkpt>
      <trkpt lat="49.190404" lon="9.652617">
        <ele>377.5</ele>
      </trkpt>
      <trkpt lat="49.190404" lon="9.652617">
        <ele>378.5</ele>
      </trkpt>
      <trkpt lat="49.19032" lon="9.652988">
        <ele>377.5</ele>
      </trkpt>
      <trkpt lat="49.190244" lon="9.653355">
        <ele>376.75</ele>
      </trkpt>
      <trkpt lat="49.190238" lon="9.653478">
        <ele>376.5</ele>
      </trkpt>
      <trkpt lat="49.190253" lon="9.653721">
        <ele>375.75</ele>
      </trkpt>
      <trkpt lat="49.190278" lon="9.653946">
        <ele>375.25</ele>
      </trkpt>
      <trkpt lat="49.190422" lon="9.654669">
        <ele>372.75</ele>
      </trkpt>
      <trkpt lat="49.190446" lon="9.654754">
        <ele>372.25</ele>
      </trkpt>
      <trkpt lat="49.190488" lon="9.654857">
        <ele>372</ele>
      </trkpt>
      <trkpt lat="49.190697" lon="9.655273">
        <ele>369.75</ele>
      </trkpt>
      <trkpt lat="49.190735" lon="9.655388">
        <ele>369.25</ele>
      </trkpt>
      <trkpt lat="49.190754" lon="9.655483">
        <ele>369</ele>
      </trkpt>
      <trkpt lat="49.190769" lon="9.655584">
        <ele>368.75</ele>
      </trkpt>
      <trkpt lat="49.190784" lon="9.656425">
        <ele>368.75</ele>
      </trkpt>
      <trkpt lat="49.190809" lon="9.656812">
        <ele>369.25</ele>
      </trkpt>
      <trkpt lat="49.190826" lon="9.657037">
        <ele>369.75</ele>
      </trkpt>
      <trkpt lat="49.190855" lon="9.657389">
        <ele>370.5</ele>
      </trkpt>
      <trkpt lat="49.190867" lon="9.657449">
        <ele>370.75</ele>
      </trkpt>
      <trkpt lat="49.190914" lon="9.657593">
        <ele>371</ele>
      </trkpt>
      <trkpt lat="49.190936" lon="9.657637">
        <ele>371</ele>
      </trkpt>
      <trkpt lat="49.19102" lon="9.657745">
        <ele>371.25</ele>
      </trkpt>
      <trkpt lat="49.191303" lon="9.65806">
        <ele>371.75</ele>
      </trkpt>
      <trkpt lat="49.191389" lon="9.658198">
        <ele>372.25</ele>
      </trkpt>
      <trkpt lat="49.191462" lon="9.658353">
        <ele>373</ele>
      </trkpt>
      <trkpt lat="49.191471" lon="9.658423">
        <ele>373</ele>
      </trkpt>
      <trkpt lat="49.191469" lon="9.658486">
        <ele>373</ele>
      </trkpt>
      <trkpt lat="49.191453" lon="9.658582">
        <ele>373.25</ele>
      </trkpt>
      <trkpt lat="49.191423" lon="9.658672">
        <ele>373.5</ele>
      </trkpt>
      <trkpt lat="49.191324" lon="9.658851">
        <ele>373.75</ele>
      </trkpt>
      <trkpt lat="49.191272" lon="9.658959">
        <ele>374</ele>
      </trkpt>
      <trkpt lat="49.191076" lon="9.659421">
        <ele>375</ele>
      </trkpt>
      <trkpt lat="49.190733" lon="9.660323">
        <ele>377.75</ele>
      </trkpt>
      <trkpt lat="49.190685" lon="9.66047">
        <ele>378</ele>
      </trkpt>
      <trkpt lat="49.190655" lon="9.660594">
        <ele>378.5</ele>
      </trkpt>
      <trkpt lat="49.190633" lon="9.66076">
        <ele>378.75</ele>
      </trkpt>
      <trkpt lat="49.190593" lon="9.661456">
        <ele>380.25</ele>
      </trkpt>
      <trkpt lat="49.190542" lon="9.662201">
        <ele>381.25</ele>
      </trkpt>
      <trkpt lat="49.190423" lon="9.663132">
        <ele>383.75</ele>
      </trkpt>
      <trkpt lat="49.190396" lon="9.663287">
        <ele>384.5</ele>
      </trkpt>
      <trkpt lat="49.190358" lon="9.66341">
        <ele>385</ele>
      </trkpt>
      <trkpt lat="49.190328" lon="9.663547">
        <ele>385.5</ele>
      </trkpt>
      <trkpt lat="49.190362" lon="9.663768">
        <ele>385.75</ele>
      </trkpt>
      <trkpt lat="49.190398" lon="9.663936">
        <ele>385.75</ele>
      </trkpt>
      <trkpt lat="49.190478" lon="9.664139">
        <ele>385.25</ele>
      </trkpt>
      <trkpt lat="49.190776" lon="9.664625">
        <ele>382.5</ele>
      </trkpt>
      <trkpt lat="49.190503" lon="9.665045">
        <ele>385</ele>
      </trkpt>
      <trkpt lat="49.190217" lon="9.665447">
        <ele>386</ele>
      </trkpt>
      <trkpt lat="49.190162" lon="9.665497">
        <ele>386.25</ele>
      </trkpt>
      <trkpt lat="49.190103" lon="9.665535">
        <ele>386.5</ele>
      </trkpt>
      <trkpt lat="49.189728" lon="9.665748">
        <ele>389.5</ele>
      </trkpt>
      <trkpt lat="49.189588" lon="9.665823">
        <ele>390.5</ele>
      </trkpt>
      <trkpt lat="49.188939" lon="9.666185">
        <ele>394</ele>
      </trkpt>
      <trkpt lat="49.188606" lon="9.66636">
        <ele>395.5</ele>
      </trkpt>
      <trkpt lat="49.188469" lon="9.666497">
        <ele>395.75</ele>
      </trkpt>
      <trkpt lat="49.188423" lon="9.666564">
        <ele>395.75</ele>
      </trkpt>
      <trkpt lat="49.18839" lon="9.66666">
        <ele>395.5</ele>
      </trkpt>
      <trkpt lat="49.188371" lon="9.666759">
        <ele>395.25</ele>
      </trkpt>
      <trkpt lat="49.188335" lon="9.667255">
        <ele>394.5</ele>
      </trkpt>
      <trkpt lat="49.188303" lon="9.667397">
        <ele>394.75</ele>
      </trkpt>
      <trkpt lat="49.188251" lon="9.667578">
        <ele>395</ele>
      </trkpt>
      <trkpt lat="49.188055" lon="9.668093">
        <ele>394.75</ele>
      </trkpt>
      <trkpt lat="49.187857" lon="9.668587">
        <ele>394.5</ele>
      </trkpt>
      <trkpt lat="49.187698" lon="9.66893">
        <ele>395.5</ele>
      </trkpt>
      <trkpt lat="49.18763" lon="9.669021">
        <ele>396</ele>
      </trkpt>
      <trkpt lat="49.187554" lon="9.669099">
        <ele>396.5</ele>
      </trkpt>
      <trkpt lat="49.18753" lon="9.669112">
        <ele>396.75</ele>
      </trkpt>
      <trkpt lat="49.187426" lon="9.669165">
        <ele>397.75</ele>
      </trkpt>
      <trkpt lat="49.187285" lon="9.669223">
        <ele>399.5</ele>
      </trkpt>
      <trkpt lat="49.186901" lon="9.669327">
        <ele>404</ele>
      </trkpt>
      <trkpt lat="49.186824" lon="9.669371">
        <ele>405</ele>
      </trkpt>
      <trkpt lat="49.186744" lon="9.669429">
        <ele>405.75</ele>
      </trkpt>
      <trkpt lat="49.186632" lon="9.669525">
        <ele>407</ele>
      </trkpt>
      <trkpt lat="49.18652" lon="9.669662">
        <ele>408.75</ele>
      </trkpt>
      <trkpt lat="49.185733" lon="9.670796">
        <ele>408</ele>
      </trkpt>
      <trkpt lat="49.185145" lon="9.671658">
        <ele>414.25</ele>
      </trkpt>
      <trkpt lat="49.185007" lon="9.671895">
        <ele>414.25</ele>
      </trkpt>
      <trkpt lat="49.184942" lon="9.672027">
        <ele>413.25</ele>
      </trkpt>
      <trkpt lat="49.184884" lon="9.672167">
        <ele>412</ele>
      </trkpt>
      <trkpt lat="49.184785" lon="9.672456">
        <ele>409.75</ele>
      </trkpt>
      <trkpt lat="49.184689" lon="9.672859">
        <ele>407.25</ele>
      </trkpt>
      <trkpt lat="49.184676" lon="9.672925">
        <ele>407</ele>
      </trkpt>
      <trkpt lat="49.184405" lon="9.674484">
        <ele>396.5</ele>
      </trkpt>
      <trkpt lat="49.184327" lon="9.674899">
        <ele>393.75</ele>
      </trkpt>
      <trkpt lat="49.184309" lon="9.674974">
        <ele>393.25</ele>
      </trkpt>
      <trkpt lat="49.184261" lon="9.675092">
        <ele>392.75</ele>
      </trkpt>
      <trkpt lat="49.184195" lon="9.675197">
        <ele>392</ele>
      </trkpt>
      <trkpt lat="49.184079" lon="9.675335">
        <ele>391.25</ele>
      </trkpt>
      <trkpt lat="49.183805" lon="9.675588">
        <ele>388</ele>
      </trkpt>
      <trkpt lat="49.183127" lon="9.676186">
        <ele>381</ele>
      </trkpt>
      <trkpt lat="49.183083" lon="9.676243">
        <ele>381</ele>
      </trkpt>
      <trkpt lat="49.183044" lon="9.676308">
        <ele>381</ele>
      </trkpt>
      <trkpt lat="49.182969" lon="9.676326">
        <ele>381.5</ele>
      </trkpt>
      <trkpt lat="49.182884" lon="9.676368">
        <ele>381.75</ele>
      </trkpt>
      <trkpt lat="49.18249" lon="9.676706">
        <ele>383</ele>
      </trkpt>
      <trkpt lat="49.182425" lon="9.676752">
        <ele>383</ele>
      </trkpt>
      <trkpt lat="49.182125" lon="9.676926">
        <ele>383.5</ele>
      </trkpt>
      <trkpt lat="49.181986" lon="9.676984">
        <ele>383.75</ele>
      </trkpt>
      <trkpt lat="49.18197" lon="9.676999">
        <ele>383.75</ele>
      </trkpt>
      <trkpt lat="49.181952" lon="9.677017">
        <ele>383.75</ele>
      </trkpt>
      <trkpt lat="49.181898" lon="9.677113">
        <ele>383.75</ele>
      </trkpt>
      <trkpt lat="49.181853" lon="9.677156">
        <ele>383.75</ele>
      </trkpt>
      <trkpt lat="49.18141" lon="9.677391">
        <ele>384.5</ele>
      </trkpt>
      <trkpt lat="49.181054" lon="9.677577">
        <ele>385.25</ele>
      </trkpt>
      <trkpt lat="49.180445" lon="9.677916">
        <ele>386</ele>
      </trkpt>
      <trkpt lat="49.180181" lon="9.678025">
        <ele>386.25</ele>
      </trkpt>
      <trkpt lat="49.180041" lon="9.678055">
        <ele>386.5</ele>
      </trkpt>
      <trkpt lat="49.17996" lon="9.678057">
        <ele>386.5</ele>
      </trkpt>
      <trkpt lat="49.179373" lon="9.678039">
        <ele>384.75</ele>
      </trkpt>
      <trkpt lat="49.179026" lon="9.678068">
        <ele>384</ele>
      </trkpt>
      <trkpt lat="49.178608" lon="9.678142">
        <ele>383.75</ele>
      </trkpt>
      <trkpt lat="49.178194" lon="9.678232">
        <ele>383</ele>
      </trkpt>
      <trkpt lat="49.17769" lon="9.678318">
        <ele>380.75</ele>
      </trkpt>
      <trkpt lat="49.177638" lon="9.678329">
        <ele>380.5</ele>
      </trkpt>
      <trkpt lat="49.177411" lon="9.678379">
        <ele>379.5</ele>
      </trkpt>
      <trkpt lat="49.177125" lon="9.678434">
        <ele>378.5</ele>
      </trkpt>
      <trkpt lat="49.177036" lon="9.678492">
        <ele>378.25</ele>
      </trkpt>
      <trkpt lat="49.17693" lon="9.678599">
        <ele>377.75</ele>
      </trkpt>
      <trkpt lat="49.176888" lon="9.678561">
        <ele>377.75</ele>
      </trkpt>
      <trkpt lat="49.176855" lon="9.678506">
        <ele>377.5</ele>
      </trkpt>
      <trkpt lat="49.176835" lon="9.678433">
        <ele>377.5</ele>
      </trkpt>
      <trkpt lat="49.176823" lon="9.678344">
        <ele>377.5</ele>
      </trkpt>
      <trkpt lat="49.17682" lon="9.678232">
        <ele>377.5</ele>
      </trkpt>
      <trkpt lat="49.17682" lon="9.678232">
        <ele>377.5</ele>
      </trkpt>
      <trkpt lat="49.176822" lon="9.678103">
        <ele>377.25</ele>
      </trkpt>
      <trkpt lat="49.176836" lon="9.677997">
        <ele>377.25</ele>
      </trkpt>
      <trkpt lat="49.17688" lon="9.677808">
        <ele>377.25</ele>
      </trkpt>
      <trkpt lat="49.176919" lon="9.677687">
        <ele>377.25</ele>
      </trkpt>
      <trkpt lat="49.176989" lon="9.67742">
        <ele>377.25</ele>
      </trkpt>
      <trkpt lat="49.177009" lon="9.677312">
        <ele>377.5</ele>
      </trkpt>
      <trkpt lat="49.177049" lon="9.677038">
        <ele>378</ele>
      </trkpt>
      <trkpt lat="49.177057" lon="9.676898">
        <ele>378</ele>
      </trkpt>
      <trkpt lat="49.177092" lon="9.675848">
        <ele>378</ele>
      </trkpt>
      <trkpt lat="49.177096" lon="9.675679">
        <ele>378</ele>
      </trkpt>
      <trkpt lat="49.177123" lon="9.675358">
        <ele>378.5</ele>
      </trkpt>
      <trkpt lat="49.17718" lon="9.674882">
        <ele>379.25</ele>
      </trkpt>
      <trkpt lat="49.17719" lon="9.674771">
        <ele>379.5</ele>
      </trkpt>
      <trkpt lat="49.177193" lon="9.674642">
        <ele>379.75</ele>
      </trkpt>
      <trkpt lat="49.177189" lon="9.674316">
        <ele>380.5</ele>
      </trkpt>
      <trkpt lat="49.177181" lon="9.674183">
        <ele>380.75</ele>
      </trkpt>
      <trkpt lat="49.177154" lon="9.674037">
        <ele>380.75</ele>
      </trkpt>
      <trkpt lat="49.177124" lon="9.673952">
        <ele>380.75</ele>
      </trkpt>
      <trkpt lat="49.177012" lon="9.673758">
        <ele>380.5</ele>
      </trkpt>
      <trkpt lat="49.176701" lon="9.673276">
        <ele>379.25</ele>
      </trkpt>
      <trkpt lat="49.176502" lon="9.672851">
        <ele>379.75</ele>
      </trkpt>
      <trkpt lat="49.176428" lon="9.672683">
        <ele>380</ele>
      </trkpt>
      <trkpt lat="49.176356" lon="9.672499">
        <ele>380.25</ele>
      </trkpt>
      <trkpt lat="49.175841" lon="9.671046">
        <ele>383.75</ele>
      </trkpt>
      <trkpt lat="49.175738" lon="9.670786">
        <ele>384.5</ele>
      </trkpt>
      <trkpt lat="49.175578" lon="9.670483">
        <ele>385.75</ele>
      </trkpt>
      <trkpt lat="49.17541" lon="9.670228">
        <ele>387.25</ele>
      </trkpt>
      <trkpt lat="49.175381" lon="9.670183">
        <ele>387.75</ele>
      </trkpt>
      <trkpt lat="49.175056" lon="9.669682">
        <ele>392.75</ele>
      </trkpt>
      <trkpt lat="49.174986" lon="9.669553">
        <ele>394.25</ele>
      </trkpt>
      <trkpt lat="49.174965" lon="9.669501">
        <ele>394.75</ele>
      </trkpt>
      <trkpt lat="49.174913" lon="9.669329">
        <ele>396.25</ele>
      </trkpt>
      <trkpt lat="49.174875" lon="9.66914">
        <ele>398</ele>
      </trkpt>
      <trkpt lat="49.17486" lon="9.669014">
        <ele>399</ele>
      </trkpt>
      <trkpt lat="49.174845" lon="9.668597">
        <ele>402</ele>
      </trkpt>
      <trkpt lat="49.174821" lon="9.668253">
        <ele>405</ele>
      </trkpt>
      <trkpt lat="49.174765" lon="9.667727">
        <ele>412.75</ele>
      </trkpt>
      <trkpt lat="49.174728" lon="9.667497">
        <ele>416.5</ele>
      </trkpt>
      <trkpt lat="49.174645" lon="9.667214">
        <ele>421.75</ele>
      </trkpt>
      <trkpt lat="49.174606" lon="9.667097">
        <ele>424</ele>
      </trkpt>
      <trkpt lat="49.17456" lon="9.666986">
        <ele>426.5</ele>
      </trkpt>
      <trkpt lat="49.174507" lon="9.666905">
        <ele>428.75</ele>
      </trkpt>
      <trkpt lat="49.174364" lon="9.666769">
        <ele>433.75</ele>
      </trkpt>
      <trkpt lat="49.174311" lon="9.666695">
        <ele>436.25</ele>
      </trkpt>
      <trkpt lat="49.174273" lon="9.666553">
        <ele>438.5</ele>
      </trkpt>
      <trkpt lat="49.174164" lon="9.665878">
        <ele>447.5</ele>
      </trkpt>
      <trkpt lat="49.174095" lon="9.66558">
        <ele>450.75</ele>
      </trkpt>
      <trkpt lat="49.174018" lon="9.665287">
        <ele>453.75</ele>
      </trkpt>
      <trkpt lat="49.173935" lon="9.665116">
        <ele>456.25</ele>
      </trkpt>
      <trkpt lat="49.173811" lon="9.664951">
        <ele>458.5</ele>
      </trkpt>
      <trkpt lat="49.173439" lon="9.664613">
        <ele>464</ele>
      </trkpt>
      <trkpt lat="49.173326" lon="9.66452">
        <ele>465.5</ele>
      </trkpt>
      <trkpt lat="49.17323" lon="9.664355">
        <ele>465.5</ele>
      </trkpt>
      <trkpt lat="49.173162" lon="9.664199">
        <ele>465.75</ele>
      </trkpt>
      <trkpt lat="49.173081" lon="9.663929">
        <ele>465</ele>
      </trkpt>
      <trkpt lat="49.173042" lon="9.663762">
        <ele>464.5</ele>
      </trkpt>
      <trkpt lat="49.172954" lon="9.663237">
        <ele>462.75</ele>
      </trkpt>
      <trkpt lat="49.172876" lon="9.662805">
        <ele>461.5</ele>
      </trkpt>
      <trkpt lat="49.17282" lon="9.662449">
        <ele>460.5</ele>
      </trkpt>
      <trkpt lat="49.172764" lon="9.662207">
        <ele>459.75</ele>
      </trkpt>
      <trkpt lat="49.172708" lon="9.662025">
        <ele>459</ele>
      </trkpt>
      <trkpt lat="49.172647" lon="9.661871">
        <ele>458.5</ele>
      </trkpt>
      <trkpt lat="49.172483" lon="9.661578">
        <ele>457.75</ele>
      </trkpt>
      <trkpt lat="49.172348" lon="9.661405">
        <ele>456.75</ele>
      </trkpt>
      <trkpt lat="49.172126" lon="9.661267">
        <ele>455.5</ele>
      </trkpt>
      <trkpt lat="49.171953" lon="9.661212">
        <ele>454.75</ele>
      </trkpt>
      <trkpt lat="49.171839" lon="9.6612">
        <ele>454.25</ele>
      </trkpt>
      <trkpt lat="49.171408" lon="9.661194">
        <ele>453.75</ele>
      </trkpt>
      <trkpt lat="49.1712" lon="9.661177">
        <ele>454</ele>
      </trkpt>
      <trkpt lat="49.171086" lon="9.661148">
        <ele>454.25</ele>
      </trkpt>
      <trkpt lat="49.170813" lon="9.660988">
        <ele>454.25</ele>
      </trkpt>
      <trkpt lat="49.170642" lon="9.660862">
        <ele>454.25</ele>
      </trkpt>
      <trkpt lat="49.170464" lon="9.660749">
        <ele>454</ele>
      </trkpt>
      <trkpt lat="49.170211" lon="9.660603">
        <ele>453.75</ele>
      </trkpt>
      <trkpt lat="49.169977" lon="9.660477">
        <ele>453.5</ele>
      </trkpt>
      <trkpt lat="49.16962" lon="9.66032">
        <ele>453.5</ele>
      </trkpt>
      <trkpt lat="49.169407" lon="9.660201">
        <ele>453.75</ele>
      </trkpt>
      <trkpt lat="49.169223" lon="9.660001">
        <ele>453.75</ele>
      </trkpt>
      <trkpt lat="49.16894" lon="9.659612">
        <ele>454.75</ele>
      </trkpt>
      <trkpt lat="49.168721" lon="9.659352">
        <ele>455</ele>
      </trkpt>
      <trkpt lat="49.168615" lon="9.659249">
        <ele>455.25</ele>
      </trkpt>
      <trkpt lat="49.168519" lon="9.659172">
        <ele>455.25</ele>
      </trkpt>
      <trkpt lat="49.1684" lon="9.659093">
        <ele>455.5</ele>
      </trkpt>
      <trkpt lat="49.168172" lon="9.658988">
        <ele>456.25</ele>
      </trkpt>
      <trkpt lat="49.168052" lon="9.658915">
        <ele>456.5</ele>
      </trkpt>
      <trkpt lat="49.168008" lon="9.658868">
        <ele>456.5</ele>
      </trkpt>
      <trkpt lat="49.16797" lon="9.658813">
        <ele>456.25</ele>
      </trkpt>
      <trkpt lat="49.167923" lon="9.658724">
        <ele>456</ele>
      </trkpt>
      <trkpt lat="49.167906" lon="9.658675">
        <ele>455.75</ele>
      </trkpt>
      <trkpt lat="49.167891" lon="9.658599">
        <ele>455.25</ele>
      </trkpt>
      <trkpt lat="49.16789" lon="9.658537">
        <ele>454.75</ele>
      </trkpt>
      <trkpt lat="49.167897" lon="9.65846">
        <ele>454.25</ele>
      </trkpt>
      <trkpt lat="49.167916" lon="9.658392">
        <ele>453.75</ele>
      </trkpt>
      <trkpt lat="49.168008" lon="9.658201">
        <ele>453</ele>
      </trkpt>
      <trkpt lat="49.16822" lon="9.657893">
        <ele>453</ele>
      </trkpt>
      <trkpt lat="49.168453" lon="9.657581">
        <ele>453.5</ele>
      </trkpt>
      <trkpt lat="49.168542" lon="9.65748">
        <ele>454</ele>
      </trkpt>
      <trkpt lat="49.168767" lon="9.657258">
        <ele>455.25</ele>
      </trkpt>
      <trkpt lat="49.168792" lon="9.657166">
        <ele>455.5</ele>
      </trkpt>
      <trkpt lat="49.168783" lon="9.65711">
        <ele>455.5</ele>
      </trkpt>
      <trkpt lat="49.168763" lon="9.657058">
        <ele>455.5</ele>
      </trkpt>
      <trkpt lat="49.168434" lon="9.656426">
        <ele>454.25</ele>
      </trkpt>
      <trkpt lat="49.168365" lon="9.656295">
        <ele>454</ele>
      </trkpt>
      <trkpt lat="49.168237" lon="9.656023">
        <ele>453.75</ele>
      </trkpt>
      <trkpt lat="49.168152" lon="9.65572">
        <ele>453</ele>
      </trkpt>
      <trkpt lat="49.168054" lon="9.655304">
        <ele>451.5</ele>
      </trkpt>
      <trkpt lat="49.167963" lon="9.654937">
        <ele>450.25</ele>
      </trkpt>
      <trkpt lat="49.167893" lon="9.65469">
        <ele>450.25</ele>
      </trkpt>
      <trkpt lat="49.167821" lon="9.654486">
        <ele>450</ele>
      </trkpt>
      <trkpt lat="49.167612" lon="9.653942">
        <ele>449.5</ele>
      </trkpt>
      <trkpt lat="49.167477" lon="9.653563">
        <ele>449</ele>
      </trkpt>
      <trkpt lat="49.167355" lon="9.653111">
        <ele>449.5</ele>
      </trkpt>
      <trkpt lat="49.167064" lon="9.651991">
        <ele>450.25</ele>
      </trkpt>
      <trkpt lat="49.166637" lon="9.650199">
        <ele>448.25</ele>
      </trkpt>
      <trkpt lat="49.166449" lon="9.649408">
        <ele>448.25</ele>
      </trkpt>
      <trkpt lat="49.166413" lon="9.64929">
        <ele>448.25</ele>
      </trkpt>
      <trkpt lat="49.166371" lon="9.649203">
        <ele>448</ele>
      </trkpt>
      <trkpt lat="49.166274" lon="9.649035">
        <ele>447</ele>
      </trkpt>
      <trkpt lat="49.166021" lon="9.648638">
        <ele>444.25</ele>
      </trkpt>
      <trkpt lat="49.165931" lon="9.648573">
        <ele>443.25</ele>
      </trkpt>
      <trkpt lat="49.165866" lon="9.648555">
        <ele>442.5</ele>
      </trkpt>
      <trkpt lat="49.165795" lon="9.648554">
        <ele>442</ele>
      </trkpt>
      <trkpt lat="49.165432" lon="9.648623">
        <ele>440.25</ele>
      </trkpt>
      <trkpt lat="49.165279" lon="9.648619">
        <ele>439.5</ele>
      </trkpt>
      <trkpt lat="49.165152" lon="9.648582">
        <ele>439</ele>
      </trkpt>
      <trkpt lat="49.165089" lon="9.648527">
        <ele>438.5</ele>
      </trkpt>
      <trkpt lat="49.165021" lon="9.648445">
        <ele>438</ele>
      </trkpt>
      <trkpt lat="49.164975" lon="9.648345">
        <ele>438</ele>
      </trkpt>
      <trkpt lat="49.164937" lon="9.648209">
        <ele>438</ele>
      </trkpt>
      <trkpt lat="49.16481" lon="9.647687">
        <ele>437.5</ele>
      </trkpt>
      <trkpt lat="49.164768" lon="9.647446">
        <ele>437.5</ele>
      </trkpt>
      <trkpt lat="49.164706" lon="9.647014">
        <ele>438.25</ele>
      </trkpt>
      <trkpt lat="49.164675" lon="9.646876">
        <ele>438.75</ele>
      </trkpt>
      <trkpt lat="49.164605" lon="9.646696">
        <ele>439.25</ele>
      </trkpt>
      <trkpt lat="49.164563" lon="9.646615">
        <ele>439.25</ele>
      </trkpt>
      <trkpt lat="49.164402" lon="9.646396">
        <ele>439.5</ele>
      </trkpt>
      <trkpt lat="49.164323" lon="9.646227">
        <ele>439</ele>
      </trkpt>
      <trkpt lat="49.164276" lon="9.646108">
        <ele>438.75</ele>
      </trkpt>
      <trkpt lat="49.164191" lon="9.645883">
        <ele>438</ele>
      </trkpt>
      <trkpt lat="49.164034" lon="9.645537">
        <ele>437.5</ele>
      </trkpt>
      <trkpt lat="49.163912" lon="9.645315">
        <ele>437.25</ele>
      </trkpt>
      <trkpt lat="49.163784" lon="9.645111">
        <ele>436.75</ele>
      </trkpt>
      <trkpt lat="49.163716" lon="9.645017">
        <ele>436.5</ele>
      </trkpt>
      <trkpt lat="49.163605" lon="9.644902">
        <ele>436.5</ele>
      </trkpt>
      <trkpt lat="49.163333" lon="9.644666">
        <ele>435.75</ele>
      </trkpt>
      <trkpt lat="49.162951" lon="9.644368">
        <ele>436.5</ele>
      </trkpt>
      <trkpt lat="49.162835" lon="9.644258">
        <ele>436.5</ele>
      </trkpt>
      <trkpt lat="49.162657" lon="9.644043">
        <ele>436.25</ele>
      </trkpt>
      <trkpt lat="49.162451" lon="9.643835">
        <ele>436.25</ele>
      </trkpt>
      <trkpt lat="49.162408" lon="9.643773">
        <ele>436</ele>
      </trkpt>
      <trkpt lat="49.162395" lon="9.643717">
        <ele>436</ele>
      </trkpt>
      <trkpt lat="49.162393" lon="9.643647">
        <ele>435.5</ele>
      </trkpt>
      <trkpt lat="49.162393" lon="9.643647">
        <ele>435.5</ele>
      </trkpt>
      <trkpt lat="49.162428" lon="9.643451">
        <ele>434</ele>
      </trkpt>
      <trkpt lat="49.162536" lon="9.643169">
        <ele>433.5</ele>
      </trkpt>
      <trkpt lat="49.162632" lon="9.64294">
        <ele>434.5</ele>
      </trkpt>
      <trkpt lat="49.162754" lon="9.642746">
        <ele>435.5</ele>
      </trkpt>
      <trkpt lat="49.162807" lon="9.642674">
        <ele>436</ele>
      </trkpt>
      <trkpt lat="49.162919" lon="9.642521">
        <ele>437.25</ele>
      </trkpt>
      <trkpt lat="49.16307" lon="9.642391">
        <ele>440.5</ele>
      </trkpt>
      <trkpt lat="49.163125" lon="9.642373">
        <ele>441</ele>
      </trkpt>
      <trkpt lat="49.163269" lon="9.642322">
        <ele>443</ele>
      </trkpt>
      <trkpt lat="49.163666" lon="9.642131">
        <ele>447.75</ele>
      </trkpt>
      <trkpt lat="49.163755" lon="9.64207">
        <ele>449</ele>
      </trkpt>
      <trkpt lat="49.163841" lon="9.641967">
        <ele>450.75</ele>
      </trkpt>
      <trkpt lat="49.163911" lon="9.641845">
        <ele>453</ele>
      </trkpt>
      <trkpt lat="49.164094" lon="9.641286">
        <ele>462.25</ele>
      </trkpt>
      <trkpt lat="49.164169" lon="9.641142">
        <ele>464.25</ele>
      </trkpt>
      <trkpt lat="49.164246" lon="9.641031">
        <ele>466</ele>
      </trkpt>
      <trkpt lat="49.164351" lon="9.640991">
        <ele>466.25</ele>
      </trkpt>
      <trkpt lat="49.164492" lon="9.640972">
        <ele>466.25</ele>
      </trkpt>
      <trkpt lat="49.165051" lon="9.641064">
        <ele>462.25</ele>
      </trkpt>
      <trkpt lat="49.165316" lon="9.640989">
        <ele>462.25</ele>
      </trkpt>
      <trkpt lat="49.165469" lon="9.640851">
        <ele>463.75</ele>
      </trkpt>
      <trkpt lat="49.165586" lon="9.640637">
        <ele>466</ele>
      </trkpt>
      <trkpt lat="49.165706" lon="9.640153">
        <ele>471.5</ele>
      </trkpt>
      <trkpt lat="49.165809" lon="9.63968">
        <ele>476.5</ele>
      </trkpt>
      <trkpt lat="49.165914" lon="9.639246">
        <ele>480.25</ele>
      </trkpt>
      <trkpt lat="49.165952" lon="9.638924">
        <ele>482</ele>
      </trkpt>
      <trkpt lat="49.165932" lon="9.638684">
        <ele>483.5</ele>
      </trkpt>
      <trkpt lat="49.165868" lon="9.638459">
        <ele>485</ele>
      </trkpt>
      <trkpt lat="49.165623" lon="9.637801">
        <ele>487.75</ele>
      </trkpt>
      <trkpt lat="49.165515" lon="9.637356">
        <ele>489.5</ele>
      </trkpt>
      <trkpt lat="49.165387" lon="9.636652">
        <ele>492</ele>
      </trkpt>
      <trkpt lat="49.165309" lon="9.636287">
        <ele>492.5</ele>
      </trkpt>
      <trkpt lat="49.165297" lon="9.635981">
        <ele>492.75</ele>
      </trkpt>
      <trkpt lat="49.165363" lon="9.635582">
        <ele>493.25</ele>
      </trkpt>
      <trkpt lat="49.16541" lon="9.635337">
        <ele>493.75</ele>
      </trkpt>
      <trkpt lat="49.165438" lon="9.63507">
        <ele>494.25</ele>
      </trkpt>
      <trkpt lat="49.165399" lon="9.634856">
        <ele>494.75</ele>
      </trkpt>
      <trkpt lat="49.165386" lon="9.634806">
        <ele>495</ele>
      </trkpt>
      <trkpt lat="49.165195" lon="9.634425">
        <ele>496.5</ele>
      </trkpt>
      <trkpt lat="49.165093" lon="9.63449">
        <ele>496.5</ele>
      </trkpt>
      <trkpt lat="49.165093" lon="9.63449">
        <ele>496.5</ele>
      </trkpt>
      <trkpt lat="49.165047" lon="9.634521">
        <ele>496.5</ele>
      </trkpt>
      <trkpt lat="49.164877" lon="9.634574">
        <ele>496.5</ele>
      </trkpt>
      <trkpt lat="49.164187" lon="9.634701">
        <ele>497.25</ele>
      </trkpt>
      <trkpt lat="49.163898" lon="9.634792">
        <ele>496.25</ele>
      </trkpt>
      <trkpt lat="49.162594" lon="9.635364">
        <ele>494.5</ele>
      </trkpt>
      <trkpt lat="49.162388" lon="9.635404">
        <ele>494.5</ele>
      </trkpt>
      <trkpt lat="49.161739" lon="9.635382">
        <ele>495.75</ele>
      </trkpt>
      <trkpt lat="49.160062" lon="9.635302">
        <ele>492.75</ele>
      </trkpt>
      <trkpt lat="49.15923" lon="9.635212">
        <ele>490.5</ele>
      </trkpt>
      <trkpt lat="49.159087" lon="9.63521">
        <ele>489.75</ele>
      </trkpt>
      <trkpt lat="49.158421" lon="9.635375">
        <ele>484.5</ele>
      </trkpt>
      <trkpt lat="49.158213" lon="9.635434">
        <ele>483</ele>
      </trkpt>
      <trkpt lat="49.158051" lon="9.635429">
        <ele>482</ele>
      </trkpt>
      <trkpt lat="49.157783" lon="9.635293">
        <ele>480.25</ele>
      </trkpt>
      <trkpt lat="49.157528" lon="9.635093">
        <ele>478.25</ele>
      </trkpt>
      <trkpt lat="49.157177" lon="9.634741">
        <ele>477.25</ele>
      </trkpt>
      <trkpt lat="49.156944" lon="9.634496">
        <ele>477.5</ele>
      </trkpt>
      <trkpt lat="49.156858" lon="9.634456">
        <ele>477.75</ele>
      </trkpt>
      <trkpt lat="49.156693" lon="9.634426">
        <ele>478.25</ele>
      </trkpt>
      <trkpt lat="49.156577" lon="9.6345">
        <ele>478.5</ele>
      </trkpt>
      <trkpt lat="49.156238" lon="9.634798">
        <ele>479.25</ele>
      </trkpt>
      <trkpt lat="49.155969" lon="9.634907">
        <ele>479.75</ele>
      </trkpt>
      <trkpt lat="49.155327" lon="9.635107">
        <ele>480.25</ele>
      </trkpt>
      <trkpt lat="49.155036" lon="9.635188">
        <ele>480.5</ele>
      </trkpt>
      <trkpt lat="49.154845" lon="9.635222">
        <ele>481.75</ele>
      </trkpt>
      <trkpt lat="49.15419" lon="9.635252">
        <ele>486.25</ele>
      </trkpt>
      <trkpt lat="49.154102" lon="9.635221">
        <ele>487</ele>
      </trkpt>
      <trkpt lat="49.151693" lon="9.635321">
        <ele>495.75</ele>
      </trkpt>
      <trkpt lat="49.151501" lon="9.635345">
        <ele>495</ele>
      </trkpt>
      <trkpt lat="49.149271" lon="9.636007">
        <ele>487.25</ele>
      </trkpt>
      <trkpt lat="49.149141" lon="9.636056">
        <ele>487.5</ele>
      </trkpt>
      <trkpt lat="49.149062" lon="9.636099">
        <ele>488</ele>
      </trkpt>
      <trkpt lat="49.149062" lon="9.636099">
        <ele>488</ele>
      </trkpt>
      <trkpt lat="49.148975" lon="9.636173">
        <ele>488.25</ele>
      </trkpt>
      <trkpt lat="49.148895" lon="9.636282">
        <ele>488.5</ele>
      </trkpt>
      <trkpt lat="49.148814" lon="9.636464">
        <ele>488.5</ele>
      </trkpt>
      <trkpt lat="49.148712" lon="9.636787">
        <ele>488.25</ele>
      </trkpt>
      <trkpt lat="49.14866" lon="9.63692">
        <ele>487.75</ele>
      </trkpt>
      <trkpt lat="49.148596" lon="9.637037">
        <ele>487.5</ele>
      </trkpt>
      <trkpt lat="49.148546" lon="9.637098">
        <ele>487.25</ele>
      </trkpt>
      <trkpt lat="49.148491" lon="9.637145">
        <ele>487.25</ele>
      </trkpt>
      <trkpt lat="49.148419" lon="9.637183">
        <ele>487</ele>
      </trkpt>
      <trkpt lat="49.148328" lon="9.637212">
        <ele>487</ele>
      </trkpt>
      <trkpt lat="49.14809" lon="9.637262">
        <ele>485</ele>
      </trkpt>
      <trkpt lat="49.147501" lon="9.637417">
        <ele>480.25</ele>
      </trkpt>
      <trkpt lat="49.147321" lon="9.637444">
        <ele>479</ele>
      </trkpt>
      <trkpt lat="49.147244" lon="9.637448">
        <ele>478.5</ele>
      </trkpt>
      <trkpt lat="49.147059" lon="9.637465">
        <ele>477.25</ele>
      </trkpt>
      <trkpt lat="49.146888" lon="9.637496">
        <ele>476.25</ele>
      </trkpt>
      <trkpt lat="49.146717" lon="9.637549">
        <ele>475</ele>
      </trkpt>
      <trkpt lat="49.146432" lon="9.637659">
        <ele>473</ele>
      </trkpt>
      <trkpt lat="49.145932" lon="9.637835">
        <ele>470</ele>
      </trkpt>
      <trkpt lat="49.145759" lon="9.637913">
        <ele>470</ele>
      </trkpt>
      <trkpt lat="49.145703" lon="9.637959">
        <ele>470.5</ele>
      </trkpt>
      <trkpt lat="49.145628" lon="9.638047">
        <ele>471</ele>
      </trkpt>
      <trkpt lat="49.145537" lon="9.638239">
        <ele>471.5</ele>
      </trkpt>
      <trkpt lat="49.145404" lon="9.638624">
        <ele>472.75</ele>
      </trkpt>
      <trkpt lat="49.145291" lon="9.638832">
        <ele>473.75</ele>
      </trkpt>
      <trkpt lat="49.145162" lon="9.639007">
        <ele>475.25</ele>
      </trkpt>
      <trkpt lat="49.144798" lon="9.639367">
        <ele>477.75</ele>
      </trkpt>
      <trkpt lat="49.144612" lon="9.639602">
        <ele>478.5</ele>
      </trkpt>
      <trkpt lat="49.14446" lon="9.639809">
        <ele>479.25</ele>
      </trkpt>
      <trkpt lat="49.144317" lon="9.639974">
        <ele>480</ele>
      </trkpt>
      <trkpt lat="49.144182" lon="9.640088">
        <ele>480.5</ele>
      </trkpt>
      <trkpt lat="49.14406" lon="9.64014">
        <ele>480.75</ele>
      </trkpt>
      <trkpt lat="49.143953" lon="9.640167">
        <ele>480.75</ele>
      </trkpt>
      <trkpt lat="49.143498" lon="9.640216">
        <ele>481.25</ele>
      </trkpt>
      <trkpt lat="49.143408" lon="9.640227">
        <ele>481.5</ele>
      </trkpt>
      <trkpt lat="49.143251" lon="9.640267">
        <ele>481.75</ele>
      </trkpt>
      <trkpt lat="49.143058" lon="9.640342">
        <ele>482.25</ele>
      </trkpt>
      <trkpt lat="49.142824" lon="9.640455">
        <ele>483</ele>
      </trkpt>
      <trkpt lat="49.142603" lon="9.640596">
        <ele>483.5</ele>
      </trkpt>
      <trkpt lat="49.141749" lon="9.641245">
        <ele>484.75</ele>
      </trkpt>
      <trkpt lat="49.141129" lon="9.641722">
        <ele>483.5</ele>
      </trkpt>
      <trkpt lat="49.140951" lon="9.641879">
        <ele>483</ele>
      </trkpt>
      <trkpt lat="49.140688" lon="9.642149">
        <ele>482</ele>
      </trkpt>
      <trkpt lat="49.140557" lon="9.642269">
        <ele>481.5</ele>
      </trkpt>
      <trkpt lat="49.140399" lon="9.642373">
        <ele>481.25</ele>
      </trkpt>
      <trkpt lat="49.140168" lon="9.642525">
        <ele>480.75</ele>
      </trkpt>
      <trkpt lat="49.140052" lon="9.642584">
        <ele>480.75</ele>
      </trkpt>
      <trkpt lat="49.139929" lon="9.642619">
        <ele>480.25</ele>
      </trkpt>
      <trkpt lat="49.139656" lon="9.642657">
        <ele>478.25</ele>
      </trkpt>
      <trkpt lat="49.13947" lon="9.642701">
        <ele>477</ele>
      </trkpt>
      <trkpt lat="49.138998" lon="9.64285">
        <ele>473.5</ele>
      </trkpt>
      <trkpt lat="49.1389" lon="9.642859">
        <ele>472.75</ele>
      </trkpt>
      <trkpt lat="49.138801" lon="9.642851">
        <ele>472</ele>
      </trkpt>
      <trkpt lat="49.138727" lon="9.642836">
        <ele>471.5</ele>
      </trkpt>
      <trkpt lat="49.138343" lon="9.6427">
        <ele>469.25</ele>
      </trkpt>
      <trkpt lat="49.138241" lon="9.642689">
        <ele>469.75</ele>
      </trkpt>
      <trkpt lat="49.138061" lon="9.642709">
        <ele>470.5</ele>
      </trkpt>
      <trkpt lat="49.137841" lon="9.642708">
        <ele>471.5</ele>
      </trkpt>
      <trkpt lat="49.13771" lon="9.642679">
        <ele>472.25</ele>
      </trkpt>
      <trkpt lat="49.137508" lon="9.642606">
        <ele>473.5</ele>
      </trkpt>
      <trkpt lat="49.137362" lon="9.642528">
        <ele>476</ele>
      </trkpt>
      <trkpt lat="49.137259" lon="9.64244">
        <ele>478</ele>
      </trkpt>
      <trkpt lat="49.137174" lon="9.64232">
        <ele>479.5</ele>
      </trkpt>
      <trkpt lat="49.137105" lon="9.64218">
        <ele>480.75</ele>
      </trkpt>
      <trkpt lat="49.136871" lon="9.641585">
        <ele>483.5</ele>
      </trkpt>
      <trkpt lat="49.136639" lon="9.641099">
        <ele>484.5</ele>
      </trkpt>
      <trkpt lat="49.13653" lon="9.640859">
        <ele>484.25</ele>
      </trkpt>
      <trkpt lat="49.136417" lon="9.64063">
        <ele>484.75</ele>
      </trkpt>
      <trkpt lat="49.136344" lon="9.640523">
        <ele>485</ele>
      </trkpt>
      <trkpt lat="49.136324" lon="9.640494">
        <ele>485</ele>
      </trkpt>
      <trkpt lat="49.135416" lon="9.639168">
        <ele>483.75</ele>
      </trkpt>
      <trkpt lat="49.133827" lon="9.637094">
        <ele>480.75</ele>
      </trkpt>
      <trkpt lat="49.132543" lon="9.635487">
        <ele>474</ele>
      </trkpt>
      <trkpt lat="49.131918" lon="9.634733">
        <ele>472.25</ele>
      </trkpt>
      <trkpt lat="49.131641" lon="9.634401">
        <ele>471</ele>
      </trkpt>
      <trkpt lat="49.131352" lon="9.634108">
        <ele>470.75</ele>
      </trkpt>
      <trkpt lat="49.131215" lon="9.634002">
        <ele>470.75</ele>
      </trkpt>
      <trkpt lat="49.131007" lon="9.634513">
        <ele>469.75</ele>
      </trkpt>
      <trkpt lat="49.130876" lon="9.634809">
        <ele>469.25</ele>
      </trkpt>
      <trkpt lat="49.13073" lon="9.635094">
        <ele>469</ele>
      </trkpt>
      <trkpt lat="49.130673" lon="9.635171">
        <ele>469.25</ele>
      </trkpt>
      <trkpt lat="49.130591" lon="9.635282">
        <ele>469.25</ele>
      </trkpt>
      <trkpt lat="49.130428" lon="9.635442">
        <ele>469.5</ele>
      </trkpt>
      <trkpt lat="49.130233" lon="9.635584">
        <ele>469.75</ele>
      </trkpt>
      <trkpt lat="49.129788" lon="9.635757">
        <ele>469</ele>
      </trkpt>
      <trkpt lat="49.129155" lon="9.635802">
        <ele>466</ele>
      </trkpt>
      <trkpt lat="49.128861" lon="9.635986">
        <ele>467.75</ele>
      </trkpt>
      <trkpt lat="49.128799" lon="9.63608">
        <ele>469</ele>
      </trkpt>
      <trkpt lat="49.128799" lon="9.63608">
        <ele>468</ele>
      </trkpt>
      <trkpt lat="49.128683" lon="9.636259">
        <ele>469</ele>
      </trkpt>
      <trkpt lat="49.128525" lon="9.636664">
        <ele>469.25</ele>
      </trkpt>
      <trkpt lat="49.128478" lon="9.637174">
        <ele>468.75</ele>
      </trkpt>
      <trkpt lat="49.128388" lon="9.637652">
        <ele>468</ele>
      </trkpt>
      <trkpt lat="49.128337" lon="9.638288">
        <ele>467</ele>
      </trkpt>
      <trkpt lat="49.128334" lon="9.638776">
        <ele>464.25</ele>
      </trkpt>
      <trkpt lat="49.128341" lon="9.639142">
        <ele>462</ele>
      </trkpt>
      <trkpt lat="49.128366" lon="9.639587">
        <ele>458.75</ele>
      </trkpt>
      <trkpt lat="49.128411" lon="9.63992">
        <ele>456.75</ele>
      </trkpt>
      <trkpt lat="49.128516" lon="9.640633">
        <ele>451.5</ele>
      </trkpt>
      <trkpt lat="49.128634" lon="9.640958">
        <ele>450.5</ele>
      </trkpt>
      <trkpt lat="49.128759" lon="9.641201">
        <ele>450.25</ele>
      </trkpt>
      <trkpt lat="49.128866" lon="9.641537">
        <ele>448.75</ele>
      </trkpt>
      <trkpt lat="49.128934" lon="9.641929">
        <ele>447.5</ele>
      </trkpt>
      <trkpt lat="49.128957" lon="9.642318">
        <ele>446.25</ele>
      </trkpt>
      <trkpt lat="49.128955" lon="9.64321">
        <ele>442.5</ele>
      </trkpt>
      <trkpt lat="49.128875" lon="9.643877">
        <ele>438.25</ele>
      </trkpt>
      <trkpt lat="49.128722" lon="9.644964">
        <ele>430.25</ele>
      </trkpt>
      <trkpt lat="49.128607" lon="9.645899">
        <ele>423.75</ele>
      </trkpt>
      <trkpt lat="49.12841" lon="9.647209">
        <ele>416</ele>
      </trkpt>
      <trkpt lat="49.128376" lon="9.64751">
        <ele>415</ele>
      </trkpt>
      <trkpt lat="49.128362" lon="9.647822">
        <ele>413.5</ele>
      </trkpt>
      <trkpt lat="49.128361" lon="9.648166">
        <ele>412.25</ele>
      </trkpt>
      <trkpt lat="49.128345" lon="9.649537">
        <ele>407.75</ele>
      </trkpt>
      <trkpt lat="49.128341" lon="9.650491">
        <ele>402.5</ele>
      </trkpt>
      <trkpt lat="49.128318" lon="9.651379">
        <ele>396</ele>
      </trkpt>
      <trkpt lat="49.128284" lon="9.651524">
        <ele>395</ele>
      </trkpt>
      <trkpt lat="49.12823" lon="9.651589">
        <ele>394.75</ele>
      </trkpt>
      <trkpt lat="49.128169" lon="9.651666">
        <ele>394.25</ele>
      </trkpt>
      <trkpt lat="49.128071" lon="9.65172">
        <ele>394.25</ele>
      </trkpt>
      <trkpt lat="49.127839" lon="9.651766">
        <ele>394.75</ele>
      </trkpt>
      <trkpt lat="49.127614" lon="9.651786">
        <ele>395.5</ele>
      </trkpt>
      <trkpt lat="49.127546" lon="9.651833">
        <ele>395.5</ele>
      </trkpt>
      <trkpt lat="49.12738" lon="9.65201">
        <ele>396.5</ele>
      </trkpt>
      <trkpt lat="49.12703" lon="9.652283">
        <ele>397.5</ele>
      </trkpt>
      <trkpt lat="49.126632" lon="9.652706">
        <ele>396</ele>
      </trkpt>
      <trkpt lat="49.12659" lon="9.652757">
        <ele>396</ele>
      </trkpt>
      <trkpt lat="49.126519" lon="9.652834">
        <ele>396.25</ele>
      </trkpt>
      <trkpt lat="49.126266" lon="9.653106">
        <ele>396</ele>
      </trkpt>
      <trkpt lat="49.126036" lon="9.653317">
        <ele>395</ele>
      </trkpt>
      <trkpt lat="49.125906" lon="9.653446">
        <ele>394.5</ele>
      </trkpt>
      <trkpt lat="49.125746" lon="9.653588">
        <ele>394.5</ele>
      </trkpt>
      <trkpt lat="49.125555" lon="9.653856">
        <ele>394.25</ele>
      </trkpt>
      <trkpt lat="49.125178" lon="9.654518">
        <ele>391.5</ele>
      </trkpt>
      <trkpt lat="49.125075" lon="9.6547">
        <ele>390.25</ele>
      </trkpt>
      <trkpt lat="49.124757" lon="9.655259">
        <ele>389.25</ele>
      </trkpt>
      <trkpt lat="49.124159" lon="9.656088">
        <ele>387.75</ele>
      </trkpt>
      <trkpt lat="49.123396" lon="9.65714">
        <ele>384.5</ele>
      </trkpt>
      <trkpt lat="49.123368" lon="9.657178">
        <ele>384.5</ele>
      </trkpt>
      <trkpt lat="49.123207" lon="9.657394">
        <ele>383.25</ele>
      </trkpt>
      <trkpt lat="49.122939" lon="9.65766">
        <ele>382</ele>
      </trkpt>
      <trkpt lat="49.122722" lon="9.65783">
        <ele>381.25</ele>
      </trkpt>
      <trkpt lat="49.122464" lon="9.657961">
        <ele>380.75</ele>
      </trkpt>
      <trkpt lat="49.122321" lon="9.658016">
        <ele>380</ele>
      </trkpt>
      <trkpt lat="49.122368" lon="9.658373">
        <ele>379.25</ele>
      </trkpt>
      <trkpt lat="49.12238" lon="9.658446">
        <ele>379.5</ele>
      </trkpt>
      <trkpt lat="49.122379" lon="9.658445">
        <ele>379.25</ele>
      </trkpt>
      <trkpt lat="49.12242" lon="9.658691">
        <ele>379.5</ele>
      </trkpt>
      <trkpt lat="49.122468" lon="9.658981">
        <ele>379.75</ele>
      </trkpt>
      <trkpt lat="49.122511" lon="9.65922">
        <ele>380.25</ele>
      </trkpt>
      <trkpt lat="49.122583" lon="9.659523">
        <ele>381.5</ele>
      </trkpt>
      <trkpt lat="49.122677" lon="9.659882">
        <ele>383.25</ele>
      </trkpt>
      <trkpt lat="49.122757" lon="9.660117">
        <ele>384.5</ele>
      </trkpt>
      <trkpt lat="49.122855" lon="9.660359">
        <ele>386.25</ele>
      </trkpt>
      <trkpt lat="49.122987" lon="9.66062">
        <ele>388</ele>
      </trkpt>
      <trkpt lat="49.123851" lon="9.662155">
        <ele>403.5</ele>
      </trkpt>
      <trkpt lat="49.12421" lon="9.662868">
        <ele>413.75</ele>
      </trkpt>
      <trkpt lat="49.124578" lon="9.663745">
        <ele>430.25</ele>
      </trkpt>
      <trkpt lat="49.124956" lon="9.664669">
        <ele>438.75</ele>
      </trkpt>
      <trkpt lat="49.12513" lon="9.665022">
        <ele>439.5</ele>
      </trkpt>
      <trkpt lat="49.125717" lon="9.665826">
        <ele>444.75</ele>
      </trkpt>
      <trkpt lat="49.126547" lon="9.666942">
        <ele>453.75</ele>
      </trkpt>
      <trkpt lat="49.12671" lon="9.667196">
        <ele>455.25</ele>
      </trkpt>
      <trkpt lat="49.126843" lon="9.667424">
        <ele>456.25</ele>
      </trkpt>
      <trkpt lat="49.127065" lon="9.667734">
        <ele>456.5</ele>
      </trkpt>
      <trkpt lat="49.127157" lon="9.667813">
        <ele>457</ele>
      </trkpt>
      <trkpt lat="49.127257" lon="9.667864">
        <ele>457.75</ele>
      </trkpt>
      <trkpt lat="49.127361" lon="9.667887">
        <ele>459.25</ele>
      </trkpt>
      <trkpt lat="49.127466" lon="9.667879">
        <ele>461</ele>
      </trkpt>
      <trkpt lat="49.127568" lon="9.667843">
        <ele>462</ele>
      </trkpt>
      <trkpt lat="49.127665" lon="9.667778">
        <ele>463</ele>
      </trkpt>
      <trkpt lat="49.127775" lon="9.667679">
        <ele>464.25</ele>
      </trkpt>
      <trkpt lat="49.128053" lon="9.66736">
        <ele>468.25</ele>
      </trkpt>
      <trkpt lat="49.128439" lon="9.666922">
        <ele>474.25</ele>
      </trkpt>
      <trkpt lat="49.128556" lon="9.666807">
        <ele>476.5</ele>
      </trkpt>
      <trkpt lat="49.128646" lon="9.666748">
        <ele>477.5</ele>
      </trkpt>
      <trkpt lat="49.128713" lon="9.666732">
        <ele>478</ele>
      </trkpt>
      <trkpt lat="49.128779" lon="9.66674">
        <ele>478</ele>
      </trkpt>
      <trkpt lat="49.128841" lon="9.666773">
        <ele>477.75</ele>
      </trkpt>
      <trkpt lat="49.128946" lon="9.666876">
        <ele>476.75</ele>
      </trkpt>
      <trkpt lat="49.129359" lon="9.667376">
        <ele>475</ele>
      </trkpt>
      <trkpt lat="49.129542" lon="9.667587">
        <ele>476</ele>
      </trkpt>
      <trkpt lat="49.129595" lon="9.66765">
        <ele>476.5</ele>
      </trkpt>
      <trkpt lat="49.129672" lon="9.66776">
        <ele>477</ele>
      </trkpt>
      <trkpt lat="49.129727" lon="9.667875">
        <ele>477</ele>
      </trkpt>
      <trkpt lat="49.129778" lon="9.668033">
        <ele>477</ele>
      </trkpt>
      <trkpt lat="49.12989" lon="9.668526">
        <ele>477.5</ele>
      </trkpt>
      <trkpt lat="49.129899" lon="9.668584">
        <ele>477.75</ele>
      </trkpt>
      <trkpt lat="49.129945" lon="9.66902">
        <ele>478.75</ele>
      </trkpt>
      <trkpt lat="49.129949" lon="9.669305">
        <ele>479</ele>
      </trkpt>
      <trkpt lat="49.129898" lon="9.670196">
        <ele>479.5</ele>
      </trkpt>
      <trkpt lat="49.129842" lon="9.67066">
        <ele>477.75</ele>
      </trkpt>
      <trkpt lat="49.129729" lon="9.671094">
        <ele>475.75</ele>
      </trkpt>
      <trkpt lat="49.1297" lon="9.671235">
        <ele>475.75</ele>
      </trkpt>
      <trkpt lat="49.129676" lon="9.671459">
        <ele>475.75</ele>
      </trkpt>
      <trkpt lat="49.129673" lon="9.671601">
        <ele>476.25</ele>
      </trkpt>
      <trkpt lat="49.12968" lon="9.671746">
        <ele>476.5</ele>
      </trkpt>
      <trkpt lat="49.129699" lon="9.67191">
        <ele>476.75</ele>
      </trkpt>
      <trkpt lat="49.129734" lon="9.672077">
        <ele>477.25</ele>
      </trkpt>
      <trkpt lat="49.129821" lon="9.672394">
        <ele>478.5</ele>
      </trkpt>
      <trkpt lat="49.1299" lon="9.672654">
        <ele>479.5</ele>
      </trkpt>
      <trkpt lat="49.130077" lon="9.673156">
        <ele>481</ele>
      </trkpt>
      <trkpt lat="49.130144" lon="9.673355">
        <ele>481</ele>
      </trkpt>
      <trkpt lat="49.130183" lon="9.67355">
        <ele>481.75</ele>
      </trkpt>
      <trkpt lat="49.130211" lon="9.673806">
        <ele>482.25</ele>
      </trkpt>
      <trkpt lat="49.13025" lon="9.674289">
        <ele>483.5</ele>
      </trkpt>
      <trkpt lat="49.130289" lon="9.674703">
        <ele>486</ele>
      </trkpt>
      <trkpt lat="49.130361" lon="9.67513">
        <ele>489</ele>
      </trkpt>
      <trkpt lat="49.130423" lon="9.675392">
        <ele>491</ele>
      </trkpt>
      <trkpt lat="49.130484" lon="9.675559">
        <ele>492.5</ele>
      </trkpt>
      <trkpt lat="49.130522" lon="9.675683">
        <ele>493.5</ele>
      </trkpt>
      <trkpt lat="49.130533" lon="9.675811">
        <ele>494.25</ele>
      </trkpt>
      <trkpt lat="49.130526" lon="9.67594">
        <ele>495</ele>
      </trkpt>
      <trkpt lat="49.130492" lon="9.676085">
        <ele>495.75</ele>
      </trkpt>
      <trkpt lat="49.130443" lon="9.67619">
        <ele>496</ele>
      </trkpt>
      <trkpt lat="49.130381" lon="9.676283">
        <ele>496</ele>
      </trkpt>
      <trkpt lat="49.130289" lon="9.676358">
        <ele>495.75</ele>
      </trkpt>
      <trkpt lat="49.130189" lon="9.676386">
        <ele>495.25</ele>
      </trkpt>
      <trkpt lat="49.129597" lon="9.676427">
        <ele>493.75</ele>
      </trkpt>
      <trkpt lat="49.129502" lon="9.676476">
        <ele>494</ele>
      </trkpt>
      <trkpt lat="49.129345" lon="9.676557">
        <ele>494.25</ele>
      </trkpt>
      <trkpt lat="49.129287" lon="9.676611">
        <ele>494.5</ele>
      </trkpt>
      <trkpt lat="49.129247" lon="9.676665">
        <ele>494.75</ele>
      </trkpt>
      <trkpt lat="49.129173" lon="9.676801">
        <ele>495</ele>
      </trkpt>
      <trkpt lat="49.129143" lon="9.676905">
        <ele>495</ele>
      </trkpt>
      <trkpt lat="49.129114" lon="9.677041">
        <ele>495.25</ele>
      </trkpt>
      <trkpt lat="49.129023" lon="9.677692">
        <ele>496.25</ele>
      </trkpt>
      <trkpt lat="49.129003" lon="9.677796">
        <ele>496.5</ele>
      </trkpt>
      <trkpt lat="49.128922" lon="9.678089">
        <ele>497.5</ele>
      </trkpt>
      <trkpt lat="49.128844" lon="9.678289">
        <ele>498.75</ele>
      </trkpt>
      <trkpt lat="49.127763" lon="9.680587">
        <ele>506</ele>
      </trkpt>
      <trkpt lat="49.127592" lon="9.681209">
        <ele>506.75</ele>
      </trkpt>
      <trkpt lat="49.127525" lon="9.681389">
        <ele>506.75</ele>
      </trkpt>
      <trkpt lat="49.127452" lon="9.681513">
        <ele>506.75</ele>
      </trkpt>
      <trkpt lat="49.127276" lon="9.681766">
        <ele>506.25</ele>
      </trkpt>
      <trkpt lat="49.127215" lon="9.68188">
        <ele>506</ele>
      </trkpt>
      <trkpt lat="49.127164" lon="9.682022">
        <ele>506</ele>
      </trkpt>
      <trkpt lat="49.126884" lon="9.682955">
        <ele>504</ele>
      </trkpt>
      <trkpt lat="49.126738" lon="9.683427">
        <ele>502.75</ele>
      </trkpt>
      <trkpt lat="49.126594" lon="9.683849">
        <ele>501.25</ele>
      </trkpt>
      <trkpt lat="49.126482" lon="9.684116">
        <ele>500.25</ele>
      </trkpt>
      <trkpt lat="49.126154" lon="9.684746">
        <ele>499.5</ele>
      </trkpt>
      <trkpt lat="49.126004" lon="9.685073">
        <ele>499</ele>
      </trkpt>
      <trkpt lat="49.125899" lon="9.685347">
        <ele>498.75</ele>
      </trkpt>
      <trkpt lat="49.1258" lon="9.685679">
        <ele>498.25</ele>
      </trkpt>
      <trkpt lat="49.125752" lon="9.685819">
        <ele>498</ele>
      </trkpt>
      <trkpt lat="49.12568" lon="9.685945">
        <ele>497</ele>
      </trkpt>
      <trkpt lat="49.125615" lon="9.686023">
        <ele>496.25</ele>
      </trkpt>
      <trkpt lat="49.125525" lon="9.686076">
        <ele>495</ele>
      </trkpt>
      <trkpt lat="49.125168" lon="9.686108">
        <ele>491</ele>
      </trkpt>
      <trkpt lat="49.12506" lon="9.686165">
        <ele>490</ele>
      </trkpt>
      <trkpt lat="49.124966" lon="9.686261">
        <ele>488.5</ele>
      </trkpt>
      <trkpt lat="49.124875" lon="9.68644">
        <ele>486</ele>
      </trkpt>
      <trkpt lat="49.12483" lon="9.686683">
        <ele>485</ele>
      </trkpt>
      <trkpt lat="49.124654" lon="9.687911">
        <ele>487.75</ele>
      </trkpt>
      <trkpt lat="49.124537" lon="9.688448">
        <ele>488.25</ele>
      </trkpt>
      <trkpt lat="49.124434" lon="9.688651">
        <ele>488</ele>
      </trkpt>
      <trkpt lat="49.124313" lon="9.688796">
        <ele>487</ele>
      </trkpt>
      <trkpt lat="49.124245" lon="9.688834">
        <ele>486</ele>
      </trkpt>
      <trkpt lat="49.124245" lon="9.688834">
        <ele>486.25</ele>
      </trkpt>
      <trkpt lat="49.124205" lon="9.688858">
        <ele>486</ele>
      </trkpt>
      <trkpt lat="49.124046" lon="9.688857">
        <ele>485.75</ele>
      </trkpt>
      <trkpt lat="49.124003" lon="9.688849">
        <ele>486</ele>
      </trkpt>
      <trkpt lat="49.123922" lon="9.688794">
        <ele>485.75</ele>
      </trkpt>
      <trkpt lat="49.123734" lon="9.68863">
        <ele>485</ele>
      </trkpt>
      <trkpt lat="49.123475" lon="9.688159">
        <ele>480.5</ele>
      </trkpt>
      <trkpt lat="49.123006" lon="9.686968">
        <ele>474.75</ele>
      </trkpt>
      <trkpt lat="49.122747" lon="9.686575">
        <ele>475.25</ele>
      </trkpt>
      <trkpt lat="49.122119" lon="9.685752">
        <ele>464.25</ele>
      </trkpt>
      <trkpt lat="49.122025" lon="9.685659">
        <ele>463.25</ele>
      </trkpt>
      <trkpt lat="49.12191" lon="9.685612">
        <ele>462.75</ele>
      </trkpt>
      <trkpt lat="49.121785" lon="9.685597">
        <ele>463</ele>
      </trkpt>
      <trkpt lat="49.121685" lon="9.685646">
        <ele>464.25</ele>
      </trkpt>
      <trkpt lat="49.121504" lon="9.685711">
        <ele>464.25</ele>
      </trkpt>
      <trkpt lat="49.121384" lon="9.685735">
        <ele>463.75</ele>
      </trkpt>
      <trkpt lat="49.121246" lon="9.685777">
        <ele>463.25</ele>
      </trkpt>
      <trkpt lat="49.120754" lon="9.685801">
        <ele>459.75</ele>
      </trkpt>
      <trkpt lat="49.120608" lon="9.685839">
        <ele>459</ele>
      </trkpt>
      <trkpt lat="49.12039" lon="9.685967">
        <ele>459.75</ele>
      </trkpt>
      <trkpt lat="49.120204" lon="9.686039">
        <ele>459.5</ele>
      </trkpt>
      <trkpt lat="49.119989" lon="9.686075">
        <ele>458.5</ele>
      </trkpt>
      <trkpt lat="49.119427" lon="9.686115">
        <ele>452.5</ele>
      </trkpt>
      <trkpt lat="49.119258" lon="9.686137">
        <ele>450.75</ele>
      </trkpt>
      <trkpt lat="49.119067" lon="9.686219">
        <ele>450</ele>
      </trkpt>
      <trkpt lat="49.118671" lon="9.686463">
        <ele>449.25</ele>
      </trkpt>
      <trkpt lat="49.118431" lon="9.686662">
        <ele>448.75</ele>
      </trkpt>
      <trkpt lat="49.118343" lon="9.686736">
        <ele>448.75</ele>
      </trkpt>
      <trkpt lat="49.118131" lon="9.686964">
        <ele>449</ele>
      </trkpt>
      <trkpt lat="49.117929" lon="9.687213">
        <ele>449</ele>
      </trkpt>
      <trkpt lat="49.117662" lon="9.687606">
        <ele>448.75</ele>
      </trkpt>
      <trkpt lat="49.117145" lon="9.688284">
        <ele>450.25</ele>
      </trkpt>
      <trkpt lat="49.117096" lon="9.688364">
        <ele>450.5</ele>
      </trkpt>
      <trkpt lat="49.117066" lon="9.688507">
        <ele>450.25</ele>
      </trkpt>
      <trkpt lat="49.116997" lon="9.688712">
        <ele>449.75</ele>
      </trkpt>
      <trkpt lat="49.116893" lon="9.688916">
        <ele>449.25</ele>
      </trkpt>
      <trkpt lat="49.116514" lon="9.689576">
        <ele>443.75</ele>
      </trkpt>
      <trkpt lat="49.11642" lon="9.689825">
        <ele>441.75</ele>
      </trkpt>
      <trkpt lat="49.116308" lon="9.69023">
        <ele>438</ele>
      </trkpt>
      <trkpt lat="49.116205" lon="9.690572">
        <ele>434.5</ele>
      </trkpt>
      <trkpt lat="49.11611" lon="9.690709">
        <ele>433</ele>
      </trkpt>
      <trkpt lat="49.115993" lon="9.690778">
        <ele>432</ele>
      </trkpt>
      <trkpt lat="49.115903" lon="9.690785">
        <ele>431.5</ele>
      </trkpt>
      <trkpt lat="49.115732" lon="9.690649">
        <ele>432.75</ele>
      </trkpt>
      <trkpt lat="49.115575" lon="9.690349">
        <ele>435.75</ele>
      </trkpt>
      <trkpt lat="49.115509" lon="9.690161">
        <ele>437.25</ele>
      </trkpt>
      <trkpt lat="49.115449" lon="9.690099">
        <ele>437.5</ele>
      </trkpt>
      <trkpt lat="49.115377" lon="9.690079">
        <ele>437.5</ele>
      </trkpt>
      <trkpt lat="49.115306" lon="9.690103">
        <ele>436.75</ele>
      </trkpt>
      <trkpt lat="49.115247" lon="9.690168">
        <ele>436</ele>
      </trkpt>
      <trkpt lat="49.114785" lon="9.691045">
        <ele>430.25</ele>
      </trkpt>
      <trkpt lat="49.114655" lon="9.691216">
        <ele>429.75</ele>
      </trkpt>
      <trkpt lat="49.114518" lon="9.691361">
        <ele>429</ele>
      </trkpt>
      <trkpt lat="49.114377" lon="9.69144">
        <ele>428.25</ele>
      </trkpt>
      <trkpt lat="49.114235" lon="9.691467">
        <ele>428.25</ele>
      </trkpt>
      <trkpt lat="49.114043" lon="9.691461">
        <ele>427.75</ele>
      </trkpt>
      <trkpt lat="49.113292" lon="9.691345">
        <ele>425.25</ele>
      </trkpt>
      <trkpt lat="49.11307" lon="9.691399">
        <ele>424</ele>
      </trkpt>
      <trkpt lat="49.112989" lon="9.691509">
        <ele>423.25</ele>
      </trkpt>
      <trkpt lat="49.111795" lon="9.693988">
        <ele>403.75</ele>
      </trkpt>
      <trkpt lat="49.111713" lon="9.69414">
        <ele>403</ele>
      </trkpt>
      <trkpt lat="49.111568" lon="9.694311">
        <ele>402.5</ele>
      </trkpt>
      <trkpt lat="49.111198" lon="9.694779">
        <ele>401.5</ele>
      </trkpt>
      <trkpt lat="49.110858" lon="9.695147">
        <ele>400.25</ele>
      </trkpt>
      <trkpt lat="49.110382" lon="9.695641">
        <ele>401.25</ele>
      </trkpt>
      <trkpt lat="49.108772" lon="9.699436">
        <ele>391.5</ele>
      </trkpt>
      <trkpt lat="49.108433" lon="9.700263">
        <ele>385.75</ele>
      </trkpt>
      <trkpt lat="49.108288" lon="9.700575">
        <ele>384</ele>
      </trkpt>
      <trkpt lat="49.108021" lon="9.701106">
        <ele>382.25</ele>
      </trkpt>
      <trkpt lat="49.107648" lon="9.701614">
        <ele>382.5</ele>
      </trkpt>
      <trkpt lat="49.107272" lon="9.701986">
        <ele>383.5</ele>
      </trkpt>
      <trkpt lat="49.106762" lon="9.702381">
        <ele>384.5</ele>
      </trkpt>
      <trkpt lat="49.106531" lon="9.702573">
        <ele>384.5</ele>
      </trkpt>
      <trkpt lat="49.10627" lon="9.702798">
        <ele>383.75</ele>
      </trkpt>
      <trkpt lat="49.106211" lon="9.70285">
        <ele>383.5</ele>
      </trkpt>
      <trkpt lat="49.106207" lon="9.702853">
        <ele>383.25</ele>
      </trkpt>
      <trkpt lat="49.106207" lon="9.702853">
        <ele>384.4199750420826</ele>
      </trkpt>
      <trkpt lat="49.10622143825711" lon="9.70339905334302">
        <ele>383.99031073117646</ele>
      </trkpt>
      <trkpt lat="49.106322338066875" lon="9.704068401107207">
        <ele>383.41770488782583</ele>
      </trkpt>
      <trkpt lat="49.10642323787664" lon="9.704737748871395">
        <ele>382.19924825646274</ele>
      </trkpt>
      <trkpt lat="49.10642573942283" lon="9.704754343593947">
        <ele>382.1987675024742</ele>
      </trkpt>
      <trkpt lat="49.10642573942283" lon="9.704754343593947">
        <ele>382.1987675024742</ele>
      </trkpt>
      <trkpt lat="49.10642573942283" lon="9.704754343593947">
        <ele>382.1987675024742</ele>
      </trkpt>
      <trkpt lat="49.10653817025784" lon="9.705419393866892">
        <ele>381.77155964378994</ele>
      </trkpt>
      <trkpt lat="49.10665060109286" lon="9.706084444139835">
        <ele>381.3682197071232</ele>
      </trkpt>
      <trkpt lat="49.10676303192787" lon="9.70674949441278">
        <ele>380.7211526825545</ele>
      </trkpt>
      <trkpt lat="49.106803326467826" lon="9.706987844459661">
        <ele>380.26663735529826</ele>
      </trkpt>
      <trkpt lat="49.106803326467826" lon="9.706987844459661">
        <ele>380.26663735529826</ele>
      </trkpt>
      <trkpt lat="49.10690477357998" lon="9.707657007569495">
        <ele>378.84671672234623</ele>
      </trkpt>
      <trkpt lat="49.10700622069213" lon="9.708326170679328">
        <ele>377.1502067926087</ele>
      </trkpt>
      <trkpt lat="49.10708940841721" lon="9.708874891639795">
        <ele>376.3049435375491</ele>
      </trkpt>
      <trkpt lat="49.10716866915434" lon="9.709551011246447">
        <ele>375.78927094394305</ele>
      </trkpt>
      <trkpt lat="49.10717289080739" lon="9.70958702330617">
        <ele>375.7628308246536</ele>
      </trkpt>
      <trkpt lat="49.10717289080739" lon="9.70958702330617">
        <ele>375.7628308246536</ele>
      </trkpt>
      <trkpt lat="49.10726181985311" lon="9.71026033257619">
        <ele>375.41468039530116</ele>
      </trkpt>
      <trkpt lat="49.107307143379785" lon="9.710603490994401">
        <ele>375.2566619548848</ele>
      </trkpt>
      <trkpt lat="49.107307143379785" lon="9.710603490994401">
        <ele>375.2566619548848</ele>
      </trkpt>
      <trkpt lat="49.107307143379785" lon="9.710603490994401">
        <ele>375.2566619548848</ele>
      </trkpt>
      <trkpt lat="49.10743908296549" lon="9.711260135211017">
        <ele>374.59434200538124</ele>
      </trkpt>
      <trkpt lat="49.107488091923756" lon="9.711504045701076">
        <ele>374.1430002090624</ele>
      </trkpt>
      <trkpt lat="49.107488091923756" lon="9.711504045701076">
        <ele>374.1430002090624</ele>
      </trkpt>
      <trkpt lat="49.10769093881669" lon="9.71211706498636">
        <ele>370.9745062674013</ele>
      </trkpt>
      <trkpt lat="49.107747758094035" lon="9.712288777317212">
        <ele>371.6215037963077</ele>
      </trkpt>
      <trkpt lat="49.10799575212656" lon="9.712861753248502">
        <ele>369.57133782245734</ele>
      </trkpt>
      <trkpt lat="49.10806159059109" lon="9.713013869229457">
        <ele>369.03648374756136</ele>
      </trkpt>
      <trkpt lat="49.10806159059109" lon="9.713013869229457">
        <ele>369.03648374756136</ele>
      </trkpt>
      <trkpt lat="49.10806159059109" lon="9.713013869229457">
        <ele>369.03648374756136</ele>
      </trkpt>
      <trkpt lat="49.10830300212268" lon="9.713593371787244">
        <ele>367.00503772394234</ele>
      </trkpt>
      <trkpt lat="49.108418572643416" lon="9.713870796034257">
        <ele>366.0644264082809</ele>
      </trkpt>
      <trkpt lat="49.108418572643416" lon="9.713870796034257">
        <ele>366.0644264082809</ele>
      </trkpt>
      <trkpt lat="49.10866551607171" lon="9.714444837843475">
        <ele>363.9662034017935</ele>
      </trkpt>
      <trkpt lat="49.10877947496431" lon="9.714709745354213">
        <ele>362.8282913466842</ele>
      </trkpt>
      <trkpt lat="49.10877947496431" lon="9.714709745354213">
        <ele>362.8282913466842</ele>
      </trkpt>
      <trkpt lat="49.108981476470674" lon="9.715323432204984">
        <ele>360.34900177247624</ele>
      </trkpt>
      <trkpt lat="49.109128606233554" lon="9.715770416994644">
        <ele>358.9676299105523</ele>
      </trkpt>
      <trkpt lat="49.10924848199021" lon="9.716432462126276">
        <ele>356.7888744686635</ele>
      </trkpt>
      <trkpt lat="49.10936835774686" lon="9.71709450725791">
        <ele>354.963431928054</ele>
      </trkpt>
      <trkpt lat="49.109466846021576" lon="9.717638434442335">
        <ele>353.1575543093838</ele>
      </trkpt>
      <trkpt lat="49.109466846021576" lon="9.717638434442335">
        <ele>358.781562035892</ele>
      </trkpt>
      <trkpt lat="49.109525004702654" lon="9.71831957226194">
        <ele>356.3262272848989</ele>
      </trkpt>
      <trkpt lat="49.109564117928585" lon="9.718777655164388">
        <ele>352.88792277039136</ele>
      </trkpt>
      <trkpt lat="49.109564117928585" lon="9.718777655164388">
        <ele>352.88792277039136</ele>
      </trkpt>
      <trkpt lat="49.10961605406537" lon="9.719459966628763">
        <ele>348.4663620065678</ele>
      </trkpt>
      <trkpt lat="49.10962896576052" lon="9.719629594139946">
        <ele>347.5280124116701</ele>
      </trkpt>
      <trkpt lat="49.10962896576052" lon="9.719629594139946">
        <ele>347.5280124116701</ele>
      </trkpt>
      <trkpt lat="49.10962896576052" lon="9.719629594139946">
        <ele>347.5280124116701</ele>
      </trkpt>
      <trkpt lat="49.10969096429515" lon="9.720309943512524">
        <ele>346.7979611950808</ele>
      </trkpt>
      <trkpt lat="49.10974857398597" lon="9.720942131309243">
        <ele>343.82148788722947</ele>
      </trkpt>
      <trkpt lat="49.10983687966011" lon="9.721615667788518">
        <ele>344.0483150121668</ele>
      </trkpt>
      <trkpt lat="49.109925185334255" lon="9.722289204267794">
        <ele>345.52427150615176</ele>
      </trkpt>
      <trkpt lat="49.110005086837106" lon="9.72289863936291">
        <ele>347.7014679852303</ele>
      </trkpt>
      <trkpt lat="49.110005086837106" lon="9.72289863936291">
        <ele>347.7014679852303</ele>
      </trkpt>
      <trkpt lat="49.110005086837106" lon="9.72289863936291">
        <ele>347.7014679852303</ele>
      </trkpt>
      <trkpt lat="49.110063153750176" lon="9.723579803040467">
        <ele>351.9079208261679</ele>
      </trkpt>
      <trkpt lat="49.11012122066325" lon="9.724260966718024">
        <ele>349.9330605242367</ele>
      </trkpt>
      <trkpt lat="49.110131182480075" lon="9.7243778254836">
        <ele>350.30797543969453</ele>
      </trkpt>
      <trkpt lat="49.11026447535119" lon="9.724761017588094">
        <ele>348.0780051136963</ele>
      </trkpt>
      <trkpt lat="49.11026447535119" lon="9.724761017588094">
        <ele>348.0780051136963</ele>
      </trkpt>
      <trkpt lat="49.11026447535119" lon="9.724761017588094">
        <ele>348.0780051136963</ele>
      </trkpt>
      <trkpt lat="49.11052881275833" lon="9.72531671396692">
        <ele>342.4756099663215</ele>
      </trkpt>
      <trkpt lat="49.11079315016548" lon="9.72587241034575">
        <ele>335.91988190993936</ele>
      </trkpt>
      <trkpt lat="49.11105748757262" lon="9.726428106724576">
        <ele>327.055618574968</ele>
      </trkpt>
      <trkpt lat="49.11126426890959" lon="9.726862807364967">
        <ele>322.94440322294923</ele>
      </trkpt>
      <trkpt lat="49.11126426890959" lon="9.726862807364967">
        <ele>322.94440322294923</ele>
      </trkpt>
      <trkpt lat="49.11153446735223" lon="9.727411892784374">
        <ele>329.37081298311017</ele>
      </trkpt>
      <trkpt lat="49.111537540058066" lon="9.72741813700236">
        <ele>329.3850583926406</ele>
      </trkpt>
      <trkpt lat="49.1117570934191" lon="9.727992121820279">
        <ele>325.34781917458</ele>
      </trkpt>
      <trkpt lat="49.1117570934191" lon="9.727992121820279">
        <ele>325.34781917458</ele>
      </trkpt>
      <trkpt lat="49.1117570934191" lon="9.727992121820279">
        <ele>325.34781917458</ele>
      </trkpt>
      <trkpt lat="49.11180518047078" lon="9.728578261890277">
        <ele>326.8608193160119</ele>
      </trkpt>
      <trkpt lat="49.111804" lon="9.728577">
        <ele>330</ele>
      </trkpt>
      <trkpt lat="49.111838" lon="9.728698">
        <ele>329.5</ele>
      </trkpt>
      <trkpt lat="49.111986" lon="9.729118">
        <ele>325.75</ele>
      </trkpt>
      <trkpt lat="49.112031" lon="9.729225">
        <ele>323.5</ele>
      </trkpt>
      <trkpt lat="49.112134" lon="9.729399">
        <ele>318.75</ele>
      </trkpt>
      <trkpt lat="49.112151" lon="9.72944">
        <ele>317.75</ele>
      </trkpt>
      <trkpt lat="49.112167" lon="9.729536">
        <ele>315.75</ele>
      </trkpt>
      <trkpt lat="49.112174" lon="9.729718">
        <ele>312.25</ele>
      </trkpt>
      <trkpt lat="49.112191" lon="9.729805">
        <ele>310.25</ele>
      </trkpt>
      <trkpt lat="49.11222" lon="9.729922">
        <ele>307.75</ele>
      </trkpt>
      <trkpt lat="49.112248" lon="9.730038">
        <ele>305.25</ele>
      </trkpt>
      <trkpt lat="49.11233" lon="9.730271">
        <ele>301</ele>
      </trkpt>
      <trkpt lat="49.112412" lon="9.730474">
        <ele>297.5</ele>
      </trkpt>
      <trkpt lat="49.112412" lon="9.730474">
        <ele>297.5</ele>
      </trkpt>
      <trkpt lat="49.112435" lon="9.730521">
        <ele>296.5</ele>
      </trkpt>
      <trkpt lat="49.112509" lon="9.730639">
        <ele>294.5</ele>
      </trkpt>
      <trkpt lat="49.112548" lon="9.730696">
        <ele>294.25</ele>
      </trkpt>
      <trkpt lat="49.112931" lon="9.731202">
        <ele>292.75</ele>
      </trkpt>
      <trkpt lat="49.112959" lon="9.731232">
        <ele>292.75</ele>
      </trkpt>
      <trkpt lat="49.113139" lon="9.731323">
        <ele>293</ele>
      </trkpt>
      <trkpt lat="49.11347" lon="9.731469">
        <ele>292.5</ele>
      </trkpt>
      <trkpt lat="49.113529" lon="9.731495">
        <ele>292.25</ele>
      </trkpt>
      <trkpt lat="49.113692" lon="9.731569">
        <ele>291.75</ele>
      </trkpt>
      <trkpt lat="49.11413" lon="9.731778">
        <ele>290</ele>
      </trkpt>
      <trkpt lat="49.114293" lon="9.731851">
        <ele>290.5</ele>
      </trkpt>
      <trkpt lat="49.114888" lon="9.732077">
        <ele>292.25</ele>
      </trkpt>
      <trkpt lat="49.115153" lon="9.732169">
        <ele>290.75</ele>
      </trkpt>
      <trkpt lat="49.115412" lon="9.732238">
        <ele>288</ele>
      </trkpt>
      <trkpt lat="49.115468" lon="9.732247">
        <ele>287.75</ele>
      </trkpt>
      <trkpt lat="49.115672" lon="9.732369">
        <ele>284.25</ele>
      </trkpt>
      <trkpt lat="49.115838" lon="9.732419">
        <ele>282.5</ele>
      </trkpt>
      <trkpt lat="49.116029" lon="9.732461">
        <ele>281</ele>
      </trkpt>
      <trkpt lat="49.116745" lon="9.732534">
        <ele>278.5</ele>
      </trkpt>
      <trkpt lat="49.117171" lon="9.732583">
        <ele>276.75</ele>
      </trkpt>
      <trkpt lat="49.117392" lon="9.732647">
        <ele>275.75</ele>
      </trkpt>
      <trkpt lat="49.117548" lon="9.732706">
        <ele>275.5</ele>
      </trkpt>
      <trkpt lat="49.117645" lon="9.732766">
        <ele>275.5</ele>
      </trkpt>
      <trkpt lat="49.1178" lon="9.732926">
        <ele>275.25</ele>
      </trkpt>
      <trkpt lat="49.11817" lon="9.733353">
        <ele>274.75</ele>
      </trkpt>
      <trkpt lat="49.118224" lon="9.733413">
        <ele>274.75</ele>
      </trkpt>
      <trkpt lat="49.119022" lon="9.734398">
        <ele>275.25</ele>
      </trkpt>
      <trkpt lat="49.119101" lon="9.734517">
        <ele>275.5</ele>
      </trkpt>
      <trkpt lat="49.119099999999975" lon="9.734520000000028">
        <ele>276.2397211350085</ele>
      </trkpt>
      <trkpt lat="49.119101" lon="9.734517">
        <ele>275.25</ele>
      </trkpt>
      <trkpt lat="49.119186" lon="9.734647">
        <ele>275.5</ele>
      </trkpt>
      <trkpt lat="49.119277" lon="9.734871">
        <ele>276.5</ele>
      </trkpt>
      <trkpt lat="49.119337" lon="9.735052">
        <ele>277.25</ele>
      </trkpt>
      <trkpt lat="49.119367" lon="9.735173">
        <ele>277.75</ele>
      </trkpt>
      <trkpt lat="49.119382" lon="9.735309">
        <ele>278.25</ele>
      </trkpt>
      <trkpt lat="49.119392" lon="9.735485">
        <ele>278.75</ele>
      </trkpt>
      <trkpt lat="49.11938" lon="9.735645">
        <ele>279.25</ele>
      </trkpt>
      <trkpt lat="49.119354" lon="9.735819">
        <ele>279.5</ele>
      </trkpt>
      <trkpt lat="49.119321" lon="9.735948">
        <ele>279.75</ele>
      </trkpt>
      <trkpt lat="49.119267" lon="9.736089">
        <ele>280</ele>
      </trkpt>
      <trkpt lat="49.119241" lon="9.736139">
        <ele>280.5</ele>
      </trkpt>
      <trkpt lat="49.119167" lon="9.736285">
        <ele>280.5</ele>
      </trkpt>
      <trkpt lat="49.119056" lon="9.736438">
        <ele>282</ele>
      </trkpt>
      <trkpt lat="49.118965" lon="9.736538">
        <ele>283</ele>
      </trkpt>
      <trkpt lat="49.118853" lon="9.73664">
        <ele>284.25</ele>
      </trkpt>
      <trkpt lat="49.118769" lon="9.736689">
        <ele>285.75</ele>
      </trkpt>
      <trkpt lat="49.11876999999998" lon="9.736690000000028">
        <ele>285.07139881547664</ele>
      </trkpt>
      <trkpt lat="49.118769" lon="9.736689">
        <ele>285</ele>
      </trkpt>
      <trkpt lat="49.118692" lon="9.736735">
        <ele>285.75</ele>
      </trkpt>
      <trkpt lat="49.118557" lon="9.736736">
        <ele>286.5</ele>
      </trkpt>
      <trkpt lat="49.118371" lon="9.736718">
        <ele>287.25</ele>
      </trkpt>
      <trkpt lat="49.118181" lon="9.736734">
        <ele>288</ele>
      </trkpt>
      <trkpt lat="49.117927" lon="9.736772">
        <ele>289.25</ele>
      </trkpt>
      <trkpt lat="49.117658" lon="9.736851">
        <ele>291</ele>
      </trkpt>
      <trkpt lat="49.11694" lon="9.737114">
        <ele>296.5</ele>
      </trkpt>
      <trkpt lat="49.116249" lon="9.737249">
        <ele>299.5</ele>
      </trkpt>
      <trkpt lat="49.116148" lon="9.737276">
        <ele>299.75</ele>
      </trkpt>
      <trkpt lat="49.115747" lon="9.737333">
        <ele>300.25</ele>
      </trkpt>
      <trkpt lat="49.115665" lon="9.737354">
        <ele>300.25</ele>
      </trkpt>
      <trkpt lat="49.115623" lon="9.737369">
        <ele>300</ele>
      </trkpt>
      <trkpt lat="49.115562" lon="9.737393">
        <ele>300</ele>
      </trkpt>
      <trkpt lat="49.115445" lon="9.737462">
        <ele>299.75</ele>
      </trkpt>
      <trkpt lat="49.115351" lon="9.737537">
        <ele>300</ele>
      </trkpt>
      <trkpt lat="49.115258" lon="9.737577">
        <ele>300.25</ele>
      </trkpt>
      <trkpt lat="49.114993" lon="9.737634">
        <ele>299.75</ele>
      </trkpt>
      <trkpt lat="49.114325" lon="9.737743">
        <ele>302.5</ele>
      </trkpt>
      <trkpt lat="49.114116" lon="9.737777">
        <ele>303</ele>
      </trkpt>
      <trkpt lat="49.114049" lon="9.737809">
        <ele>303.25</ele>
      </trkpt>
      <trkpt lat="49.11404999999998" lon="9.737810000000026">
        <ele>303.68659418857067</ele>
      </trkpt>
      <trkpt lat="49.114049" lon="9.737809">
        <ele>303</ele>
      </trkpt>
      <trkpt lat="49.11399" lon="9.737838">
        <ele>303.25</ele>
      </trkpt>
      <trkpt lat="49.113929" lon="9.73789">
        <ele>303.5</ele>
      </trkpt>
      <trkpt lat="49.11387" lon="9.737963">
        <ele>303.75</ele>
      </trkpt>
      <trkpt lat="49.113688" lon="9.73828">
        <ele>305.75</ele>
      </trkpt>
      <trkpt lat="49.113508" lon="9.738584">
        <ele>308.25</ele>
      </trkpt>
      <trkpt lat="49.113466" lon="9.738611">
        <ele>308.5</ele>
      </trkpt>
      <trkpt lat="49.113347" lon="9.738699">
        <ele>309</ele>
      </trkpt>
      <trkpt lat="49.113073" lon="9.738839">
        <ele>311.25</ele>
      </trkpt>
      <trkpt lat="49.113001" lon="9.738863">
        <ele>311.5</ele>
      </trkpt>
      <trkpt lat="49.112927" lon="9.7389">
        <ele>312</ele>
      </trkpt>
      <trkpt lat="49.112716" lon="9.739038">
        <ele>313.25</ele>
      </trkpt>
      <trkpt lat="49.112391" lon="9.739298">
        <ele>317.25</ele>
      </trkpt>
      <trkpt lat="49.111928" lon="9.739634">
        <ele>322.5</ele>
      </trkpt>
      <trkpt lat="49.111665" lon="9.739836">
        <ele>322.75</ele>
      </trkpt>
      <trkpt lat="49.11163" lon="9.739939">
        <ele>323.25</ele>
      </trkpt>
      <trkpt lat="49.111528" lon="9.740049">
        <ele>324.75</ele>
      </trkpt>
      <trkpt lat="49.111432" lon="9.740142">
        <ele>326.5</ele>
      </trkpt>
      <trkpt lat="49.111256" lon="9.740356">
        <ele>329.5</ele>
      </trkpt>
      <trkpt lat="49.11118" lon="9.740481">
        <ele>331</ele>
      </trkpt>
      <trkpt lat="49.111115" lon="9.740605">
        <ele>332.25</ele>
      </trkpt>
      <trkpt lat="49.111071" lon="9.740714">
        <ele>333.25</ele>
      </trkpt>
      <trkpt lat="49.11103" lon="9.740882">
        <ele>334.5</ele>
      </trkpt>
      <trkpt lat="49.110994" lon="9.741072">
        <ele>336.25</ele>
      </trkpt>
      <trkpt lat="49.11096" lon="9.741337">
        <ele>338.5</ele>
      </trkpt>
      <trkpt lat="49.110962" lon="9.741558">
        <ele>340.5</ele>
      </trkpt>
      <trkpt lat="49.110998" lon="9.741829">
        <ele>342.25</ele>
      </trkpt>
      <trkpt lat="49.111044" lon="9.741998">
        <ele>343</ele>
      </trkpt>
      <trkpt lat="49.111149" lon="9.742315">
        <ele>344.25</ele>
      </trkpt>
      <trkpt lat="49.111189" lon="9.742429">
        <ele>344.75</ele>
      </trkpt>
      <trkpt lat="49.111244" lon="9.742532">
        <ele>345</ele>
      </trkpt>
      <trkpt lat="49.111493" lon="9.743107">
        <ele>344</ele>
      </trkpt>
      <trkpt lat="49.111652" lon="9.743459">
        <ele>343.5</ele>
      </trkpt>
      <trkpt lat="49.111688" lon="9.743549">
        <ele>343.75</ele>
      </trkpt>
      <trkpt lat="49.111922" lon="9.744082">
        <ele>345.75</ele>
      </trkpt>
      <trkpt lat="49.11209" lon="9.744496">
        <ele>347.5</ele>
      </trkpt>
      <trkpt lat="49.112285" lon="9.744875">
        <ele>348.75</ele>
      </trkpt>
      <trkpt lat="49.11237" lon="9.74521">
        <ele>351.25</ele>
      </trkpt>
      <trkpt lat="49.112403" lon="9.745393">
        <ele>352.75</ele>
      </trkpt>
      <trkpt lat="49.112409" lon="9.745466">
        <ele>353.5</ele>
      </trkpt>
      <trkpt lat="49.112426" lon="9.745656">
        <ele>355.25</ele>
      </trkpt>
      <trkpt lat="49.112438" lon="9.745908">
        <ele>358.25</ele>
      </trkpt>
      <trkpt lat="49.112392" lon="9.74611">
        <ele>361.25</ele>
      </trkpt>
      <trkpt lat="49.112341" lon="9.746289">
        <ele>363.75</ele>
      </trkpt>
      <trkpt lat="49.112263" lon="9.746507">
        <ele>366.5</ele>
      </trkpt>
      <trkpt lat="49.112164" lon="9.746703">
        <ele>367.75</ele>
      </trkpt>
      <trkpt lat="49.112121" lon="9.746775">
        <ele>368</ele>
      </trkpt>
      <trkpt lat="49.11193" lon="9.747095">
        <ele>368.5</ele>
      </trkpt>
      <trkpt lat="49.111816" lon="9.747269">
        <ele>369</ele>
      </trkpt>
      <trkpt lat="49.110807" lon="9.748819">
        <ele>378</ele>
      </trkpt>
      <trkpt lat="49.110663" lon="9.749092">
        <ele>378.5</ele>
      </trkpt>
      <trkpt lat="49.110536" lon="9.749382">
        <ele>378</ele>
      </trkpt>
      <trkpt lat="49.110508" lon="9.749452">
        <ele>377.75</ele>
      </trkpt>
      <trkpt lat="49.110434" lon="9.749692">
        <ele>377</ele>
      </trkpt>
      <trkpt lat="49.11033" lon="9.750094">
        <ele>375.25</ele>
      </trkpt>
      <trkpt lat="49.110182" lon="9.750844">
        <ele>372.5</ele>
      </trkpt>
      <trkpt lat="49.110155" lon="9.751023">
        <ele>372</ele>
      </trkpt>
      <trkpt lat="49.110014" lon="9.751973">
        <ele>370.75</ele>
      </trkpt>
      <trkpt lat="49.109884" lon="9.752965">
        <ele>373.75</ele>
      </trkpt>
      <trkpt lat="49.109785" lon="9.753998">
        <ele>377.5</ele>
      </trkpt>
      <trkpt lat="49.109696" lon="9.755037">
        <ele>381.5</ele>
      </trkpt>
      <trkpt lat="49.109683" lon="9.755203">
        <ele>381.75</ele>
      </trkpt>
      <trkpt lat="49.109588" lon="9.756601">
        <ele>385.75</ele>
      </trkpt>
      <trkpt lat="49.10957" lon="9.756953">
        <ele>387</ele>
      </trkpt>
      <trkpt lat="49.10957" lon="9.756953">
        <ele>386.25</ele>
      </trkpt>
      <trkpt lat="49.109554" lon="9.757284">
        <ele>387</ele>
      </trkpt>
      <trkpt lat="49.109525" lon="9.758914">
        <ele>388.5</ele>
      </trkpt>
      <trkpt lat="49.109531" lon="9.759734">
        <ele>389.25</ele>
      </trkpt>
      <trkpt lat="49.109549" lon="9.760539">
        <ele>388.75</ele>
      </trkpt>
      <trkpt lat="49.109617" lon="9.762189">
        <ele>389</ele>
      </trkpt>
      <trkpt lat="49.109656" lon="9.763221">
        <ele>389.5</ele>
      </trkpt>
      <trkpt lat="49.109645" lon="9.76349">
        <ele>389.5</ele>
      </trkpt>
      <trkpt lat="49.109609" lon="9.763498">
        <ele>389.5</ele>
      </trkpt>
      <trkpt lat="49.109577" lon="9.763522">
        <ele>389.25</ele>
      </trkpt>
      <trkpt lat="49.10955" lon="9.763559">
        <ele>389.25</ele>
      </trkpt>
      <trkpt lat="49.109531" lon="9.763606">
        <ele>389.25</ele>
      </trkpt>
      <trkpt lat="49.109523" lon="9.76366">
        <ele>389.25</ele>
      </trkpt>
      <trkpt lat="49.109525" lon="9.763721">
        <ele>389.25</ele>
      </trkpt>
      <trkpt lat="49.109541" lon="9.763778">
        <ele>389.25</ele>
      </trkpt>
      <trkpt lat="49.109567" lon="9.763824">
        <ele>389.25</ele>
      </trkpt>
      <trkpt lat="49.109602" lon="9.763854">
        <ele>389.5</ele>
      </trkpt>
      <trkpt lat="49.109642" lon="9.763866">
        <ele>389.5</ele>
      </trkpt>
      <trkpt lat="49.1096" lon="9.764346">
        <ele>389.5</ele>
      </trkpt>
      <trkpt lat="49.109536" lon="9.765229">
        <ele>390.75</ele>
      </trkpt>
      <trkpt lat="49.109526" lon="9.765502">
        <ele>391</ele>
      </trkpt>
      <trkpt lat="49.109522" lon="9.767634">
        <ele>388.75</ele>
      </trkpt>
      <trkpt lat="49.10952" lon="9.768202">
        <ele>387.25</ele>
      </trkpt>
      <trkpt lat="49.109533" lon="9.768667">
        <ele>387</ele>
      </trkpt>
      <trkpt lat="49.109536" lon="9.768812">
        <ele>387.25</ele>
      </trkpt>
      <trkpt lat="49.109505" lon="9.768817">
        <ele>387</ele>
      </trkpt>
      <trkpt lat="49.109475" lon="9.768835">
        <ele>387</ele>
      </trkpt>
      <trkpt lat="49.109449" lon="9.768864">
        <ele>387</ele>
      </trkpt>
      <trkpt lat="49.10943" lon="9.768902">
        <ele>387</ele>
      </trkpt>
      <trkpt lat="49.109417" lon="9.768947">
        <ele>387</ele>
      </trkpt>
      <trkpt lat="49.109412" lon="9.768995">
        <ele>387</ele>
      </trkpt>
      <trkpt lat="49.109416" lon="9.769044">
        <ele>387.25</ele>
      </trkpt>
      <trkpt lat="49.109428" lon="9.769089">
        <ele>387.25</ele>
      </trkpt>
      <trkpt lat="49.109447" lon="9.769128">
        <ele>387.25</ele>
      </trkpt>
      <trkpt lat="49.109471" lon="9.769158">
        <ele>387.25</ele>
      </trkpt>
      <trkpt lat="49.109501" lon="9.769177">
        <ele>387.25</ele>
      </trkpt>
      <trkpt lat="49.109532" lon="9.769185">
        <ele>387.25</ele>
      </trkpt>
      <trkpt lat="49.10953" lon="9.769331">
        <ele>387.25</ele>
      </trkpt>
      <trkpt lat="49.109464" lon="9.773172">
        <ele>383.5</ele>
      </trkpt>
      <trkpt lat="49.109458" lon="9.773532">
        <ele>383</ele>
      </trkpt>
      <trkpt lat="49.109421" lon="9.774236">
        <ele>381.75</ele>
      </trkpt>
      <trkpt lat="49.109355" lon="9.775286">
        <ele>379.75</ele>
      </trkpt>
      <trkpt lat="49.109264" lon="9.776282">
        <ele>380.25</ele>
      </trkpt>
      <trkpt lat="49.109177" lon="9.776902">
        <ele>381.25</ele>
      </trkpt>
      <trkpt lat="49.109092" lon="9.777415">
        <ele>381.5</ele>
      </trkpt>
      <trkpt lat="49.109049" lon="9.777718">
        <ele>381.5</ele>
      </trkpt>
      <trkpt lat="49.108979" lon="9.778185">
        <ele>381.5</ele>
      </trkpt>
      <trkpt lat="49.108861" lon="9.778743">
        <ele>381.5</ele>
      </trkpt>
      <trkpt lat="49.108634" lon="9.779769">
        <ele>381.75</ele>
      </trkpt>
      <trkpt lat="49.108475" lon="9.780402">
        <ele>381.75</ele>
      </trkpt>
      <trkpt lat="49.108362" lon="9.780317">
        <ele>381.25</ele>
      </trkpt>
      <trkpt lat="49.108334" lon="9.78027">
        <ele>381</ele>
      </trkpt>
      <trkpt lat="49.108333" lon="9.780269">
        <ele>381</ele>
      </trkpt>
      <trkpt lat="49.108289" lon="9.780195">
        <ele>381</ele>
      </trkpt>
      <trkpt lat="49.108219" lon="9.779999">
        <ele>380.25</ele>
      </trkpt>
      <trkpt lat="49.108161" lon="9.77974">
        <ele>379.75</ele>
      </trkpt>
      <trkpt lat="49.108023" lon="9.779123">
        <ele>378.5</ele>
      </trkpt>
      <trkpt lat="49.107913" lon="9.778629">
        <ele>377.75</ele>
      </trkpt>
      <trkpt lat="49.107821" lon="9.778218">
        <ele>377.25</ele>
      </trkpt>
      <trkpt lat="49.107772" lon="9.777997">
        <ele>376.5</ele>
      </trkpt>
      <trkpt lat="49.10767" lon="9.777338">
        <ele>375</ele>
      </trkpt>
      <trkpt lat="49.107603" lon="9.776944">
        <ele>375</ele>
      </trkpt>
      <trkpt lat="49.107579" lon="9.776828">
        <ele>375</ele>
      </trkpt>
      <trkpt lat="49.107518" lon="9.776565">
        <ele>374.75</ele>
      </trkpt>
      <trkpt lat="49.10742" lon="9.776149">
        <ele>373.75</ele>
      </trkpt>
      <trkpt lat="49.107273" lon="9.775743">
        <ele>373</ele>
      </trkpt>
      <trkpt lat="49.107246" lon="9.775681">
        <ele>373</ele>
      </trkpt>
      <trkpt lat="49.107212" lon="9.775604">
        <ele>372.75</ele>
      </trkpt>
      <trkpt lat="49.107127" lon="9.775411">
        <ele>372.25</ele>
      </trkpt>
      <trkpt lat="49.106911" lon="9.774652">
        <ele>370.75</ele>
      </trkpt>
      <trkpt lat="49.10688" lon="9.774534">
        <ele>370.5</ele>
      </trkpt>
      <trkpt lat="49.106774" lon="9.774193">
        <ele>369.5</ele>
      </trkpt>
      <trkpt lat="49.106708" lon="9.774012">
        <ele>369</ele>
      </trkpt>
      <trkpt lat="49.106667" lon="9.773895">
        <ele>368.5</ele>
      </trkpt>
      <trkpt lat="49.106586" lon="9.773733">
        <ele>368.5</ele>
      </trkpt>
      <trkpt lat="49.106536" lon="9.773667">
        <ele>368.75</ele>
      </trkpt>
      <trkpt lat="49.106535" lon="9.773666">
        <ele>368.5</ele>
      </trkpt>
      <trkpt lat="49.106506" lon="9.773628">
        <ele>368.75</ele>
      </trkpt>
      <trkpt lat="49.106291" lon="9.773537">
        <ele>369.25</ele>
      </trkpt>
      <trkpt lat="49.106208" lon="9.773536">
        <ele>369.25</ele>
      </trkpt>
      <trkpt lat="49.106082" lon="9.773501">
        <ele>369.5</ele>
      </trkpt>
      <trkpt lat="49.106018" lon="9.773483">
        <ele>369.75</ele>
      </trkpt>
      <trkpt lat="49.105976" lon="9.773475">
        <ele>369.75</ele>
      </trkpt>
      <trkpt lat="49.10591" lon="9.773417">
        <ele>370</ele>
      </trkpt>
      <trkpt lat="49.105863" lon="9.773375">
        <ele>370</ele>
      </trkpt>
      <trkpt lat="49.105575" lon="9.773168">
        <ele>369</ele>
      </trkpt>
      <trkpt lat="49.105349" lon="9.772981">
        <ele>368</ele>
      </trkpt>
      <trkpt lat="49.105165" lon="9.772878">
        <ele>367.5</ele>
      </trkpt>
      <trkpt lat="49.104898" lon="9.772825">
        <ele>367</ele>
      </trkpt>
      <trkpt lat="49.104694" lon="9.772856">
        <ele>366.75</ele>
      </trkpt>
      <trkpt lat="49.104518" lon="9.77292">
        <ele>366.5</ele>
      </trkpt>
      <trkpt lat="49.104036" lon="9.773203">
        <ele>367.25</ele>
      </trkpt>
      <trkpt lat="49.103919" lon="9.773284">
        <ele>368</ele>
      </trkpt>
      <trkpt lat="49.103819" lon="9.773345">
        <ele>368.5</ele>
      </trkpt>
      <trkpt lat="49.10376" lon="9.773382">
        <ele>368.75</ele>
      </trkpt>
      <trkpt lat="49.103637" lon="9.77345">
        <ele>369.5</ele>
      </trkpt>
      <trkpt lat="49.103338" lon="9.773616">
        <ele>371.25</ele>
      </trkpt>
      <trkpt lat="49.103177" lon="9.773691">
        <ele>371.75</ele>
      </trkpt>
      <trkpt lat="49.102825" lon="9.773771">
        <ele>373</ele>
      </trkpt>
      <trkpt lat="49.102693" lon="9.773759">
        <ele>373.25</ele>
      </trkpt>
      <trkpt lat="49.102442" lon="9.773741">
        <ele>374</ele>
      </trkpt>
      <trkpt lat="49.10197" lon="9.773618">
        <ele>374.5</ele>
      </trkpt>
      <trkpt lat="49.101697" lon="9.773522">
        <ele>375.25</ele>
      </trkpt>
      <trkpt lat="49.101476" lon="9.773444">
        <ele>375</ele>
      </trkpt>
      <trkpt lat="49.101395" lon="9.773418">
        <ele>375</ele>
      </trkpt>
      <trkpt lat="49.101059" lon="9.773309">
        <ele>374.5</ele>
      </trkpt>
      <trkpt lat="49.100772" lon="9.77323">
        <ele>373.75</ele>
      </trkpt>
      <trkpt lat="49.10067" lon="9.773214">
        <ele>373</ele>
      </trkpt>
      <trkpt lat="49.100455" lon="9.773142">
        <ele>371.5</ele>
      </trkpt>
      <trkpt lat="49.10016" lon="9.772929">
        <ele>369.75</ele>
      </trkpt>
      <trkpt lat="49.100048" lon="9.772828">
        <ele>369</ele>
      </trkpt>
      <trkpt lat="49.099963" lon="9.772687">
        <ele>369</ele>
      </trkpt>
      <trkpt lat="49.099962" lon="9.772686">
        <ele>369</ele>
      </trkpt>
      <trkpt lat="49.099882" lon="9.772553">
        <ele>369</ele>
      </trkpt>
      <trkpt lat="49.099737" lon="9.77222">
        <ele>368.75</ele>
      </trkpt>
      <trkpt lat="49.099619" lon="9.771883">
        <ele>368.75</ele>
      </trkpt>
      <trkpt lat="49.099383" lon="9.771328">
        <ele>367</ele>
      </trkpt>
      <trkpt lat="49.099355" lon="9.771262">
        <ele>366.5</ele>
      </trkpt>
      <trkpt lat="49.09929" lon="9.771059">
        <ele>365.5</ele>
      </trkpt>
      <trkpt lat="49.099189" lon="9.770883">
        <ele>364.25</ele>
      </trkpt>
      <trkpt lat="49.099047" lon="9.770685">
        <ele>364.5</ele>
      </trkpt>
      <trkpt lat="49.098995" lon="9.770555">
        <ele>365</ele>
      </trkpt>
      <trkpt lat="49.09899" lon="9.770502">
        <ele>365</ele>
      </trkpt>
      <trkpt lat="49.099016" lon="9.770344">
        <ele>365</ele>
      </trkpt>
      <trkpt lat="49.099055" lon="9.770135">
        <ele>364.75</ele>
      </trkpt>
      <trkpt lat="49.099102" lon="9.770006">
        <ele>364.25</ele>
      </trkpt>
      <trkpt lat="49.099147" lon="9.769842">
        <ele>364</ele>
      </trkpt>
      <trkpt lat="49.099164" lon="9.769645">
        <ele>364</ele>
      </trkpt>
      <trkpt lat="49.099125" lon="9.769339">
        <ele>364</ele>
      </trkpt>
      <trkpt lat="49.098874" lon="9.768161">
        <ele>364.25</ele>
      </trkpt>
      <trkpt lat="49.098798" lon="9.767802">
        <ele>364</ele>
      </trkpt>
      <trkpt lat="49.098609" lon="9.766919">
        <ele>362.25</ele>
      </trkpt>
      <trkpt lat="49.098195" lon="9.764845">
        <ele>356.75</ele>
      </trkpt>
      <trkpt lat="49.098145" lon="9.764608">
        <ele>357.25</ele>
      </trkpt>
      <trkpt lat="49.098105" lon="9.764331">
        <ele>357.5</ele>
      </trkpt>
      <trkpt lat="49.098086" lon="9.76423">
        <ele>357.5</ele>
      </trkpt>
      <trkpt lat="49.098031" lon="9.76405">
        <ele>357.75</ele>
      </trkpt>
      <trkpt lat="49.098014" lon="9.763823">
        <ele>357.25</ele>
      </trkpt>
      <trkpt lat="49.098014" lon="9.763821">
        <ele>357.25</ele>
      </trkpt>
      <trkpt lat="49.098006" lon="9.763702">
        <ele>357.25</ele>
      </trkpt>
      <trkpt lat="49.098014" lon="9.763175">
        <ele>355.75</ele>
      </trkpt>
      <trkpt lat="49.098039" lon="9.762816">
        <ele>354.25</ele>
      </trkpt>
      <trkpt lat="49.098131" lon="9.762501">
        <ele>351.5</ele>
      </trkpt>
      <trkpt lat="49.098284" lon="9.762096">
        <ele>350.25</ele>
      </trkpt>
      <trkpt lat="49.098495" lon="9.761705">
        <ele>348.5</ele>
      </trkpt>
      <trkpt lat="49.098757" lon="9.761423">
        <ele>345.25</ele>
      </trkpt>
      <trkpt lat="49.099086" lon="9.761117">
        <ele>338.75</ele>
      </trkpt>
      <trkpt lat="49.099237" lon="9.760871">
        <ele>336.25</ele>
      </trkpt>
      <trkpt lat="49.099327" lon="9.760663">
        <ele>336.25</ele>
      </trkpt>
      <trkpt lat="49.09937" lon="9.760432">
        <ele>336.25</ele>
      </trkpt>
      <trkpt lat="49.099383" lon="9.760251">
        <ele>336.5</ele>
      </trkpt>
      <trkpt lat="49.099383" lon="9.760251">
        <ele>336.25</ele>
      </trkpt>
      <trkpt lat="49.099394" lon="9.760117">
        <ele>336.5</ele>
      </trkpt>
      <trkpt lat="49.099376" lon="9.759916">
        <ele>336.25</ele>
      </trkpt>
      <trkpt lat="49.099338" lon="9.759735">
        <ele>335.75</ele>
      </trkpt>
      <trkpt lat="49.099285" lon="9.75956">
        <ele>335</ele>
      </trkpt>
      <trkpt lat="49.099202" lon="9.759402">
        <ele>333.75</ele>
      </trkpt>
      <trkpt lat="49.098945" lon="9.759057">
        <ele>336.5</ele>
      </trkpt>
      <trkpt lat="49.098278" lon="9.758213">
        <ele>334.75</ele>
      </trkpt>
      <trkpt lat="49.098177" lon="9.758029">
        <ele>335.75</ele>
      </trkpt>
      <trkpt lat="49.098038" lon="9.757667">
        <ele>335.25</ele>
      </trkpt>
      <trkpt lat="49.09802" lon="9.757553">
        <ele>334.5</ele>
      </trkpt>
      <trkpt lat="49.097944" lon="9.757025">
        <ele>330.25</ele>
      </trkpt>
      <trkpt lat="49.097961" lon="9.756695">
        <ele>327.25</ele>
      </trkpt>
      <trkpt lat="49.098063" lon="9.756205">
        <ele>322</ele>
      </trkpt>
      <trkpt lat="49.098129" lon="9.75597">
        <ele>318.75</ele>
      </trkpt>
      <trkpt lat="49.098222" lon="9.755671">
        <ele>315.25</ele>
      </trkpt>
      <trkpt lat="49.098267" lon="9.755509">
        <ele>313.75</ele>
      </trkpt>
      <trkpt lat="49.098325" lon="9.755304">
        <ele>311.75</ele>
      </trkpt>
      <trkpt lat="49.098483" lon="9.754662">
        <ele>309.5</ele>
      </trkpt>
      <trkpt lat="49.098525" lon="9.75442">
        <ele>309.25</ele>
      </trkpt>
      <trkpt lat="49.098545" lon="9.754241">
        <ele>308.75</ele>
      </trkpt>
      <trkpt lat="49.098551" lon="9.754037">
        <ele>308.5</ele>
      </trkpt>
      <trkpt lat="49.098553" lon="9.753136">
        <ele>308</ele>
      </trkpt>
      <trkpt lat="49.098551" lon="9.752822">
        <ele>308</ele>
      </trkpt>
      <trkpt lat="49.098549" lon="9.752667">
        <ele>308</ele>
      </trkpt>
      <trkpt lat="49.098554" lon="9.752359">
        <ele>307.5</ele>
      </trkpt>
      <trkpt lat="49.098584" lon="9.751812">
        <ele>306.5</ele>
      </trkpt>
      <trkpt lat="49.098598" lon="9.751731">
        <ele>306.5</ele>
      </trkpt>
      <trkpt lat="49.098835" lon="9.750367">
        <ele>308.25</ele>
      </trkpt>
      <trkpt lat="49.099082" lon="9.749025">
        <ele>299.5</ele>
      </trkpt>
      <trkpt lat="49.099112" lon="9.748925">
        <ele>299.25</ele>
      </trkpt>
      <trkpt lat="49.099168" lon="9.748768">
        <ele>299</ele>
      </trkpt>
      <trkpt lat="49.099287" lon="9.748496">
        <ele>300</ele>
      </trkpt>
      <trkpt lat="49.099492" lon="9.748161">
        <ele>300</ele>
      </trkpt>
      <trkpt lat="49.099774" lon="9.747788">
        <ele>297.25</ele>
      </trkpt>
      <trkpt lat="49.099888" lon="9.747682">
        <ele>295.25</ele>
      </trkpt>
      <trkpt lat="49.099973" lon="9.747636">
        <ele>293.75</ele>
      </trkpt>
      <trkpt lat="49.100073" lon="9.747596">
        <ele>292.25</ele>
      </trkpt>
      <trkpt lat="49.100136" lon="9.747588">
        <ele>291.75</ele>
      </trkpt>
      <trkpt lat="49.100271" lon="9.747617">
        <ele>290.75</ele>
      </trkpt>
      <trkpt lat="49.100293" lon="9.747623">
        <ele>290.75</ele>
      </trkpt>
      <trkpt lat="49.100565" lon="9.747686">
        <ele>289.25</ele>
      </trkpt>
      <trkpt lat="49.100681" lon="9.747683">
        <ele>288.25</ele>
      </trkpt>
      <trkpt lat="49.100798" lon="9.747641">
        <ele>286.5</ele>
      </trkpt>
      <trkpt lat="49.100999" lon="9.747523">
        <ele>283.75</ele>
      </trkpt>
      <trkpt lat="49.101113" lon="9.747431">
        <ele>283.25</ele>
      </trkpt>
      <trkpt lat="49.101487" lon="9.747132">
        <ele>283</ele>
      </trkpt>
      <trkpt lat="49.101619" lon="9.747053">
        <ele>283</ele>
      </trkpt>
      <trkpt lat="49.101791" lon="9.746954">
        <ele>283</ele>
      </trkpt>
      <trkpt lat="49.10192" lon="9.74688">
        <ele>283</ele>
      </trkpt>
      <trkpt lat="49.101938" lon="9.74687">
        <ele>283</ele>
      </trkpt>
      <trkpt lat="49.102014" lon="9.746818">
        <ele>283</ele>
      </trkpt>
      <trkpt lat="49.102566" lon="9.746318">
        <ele>283.75</ele>
      </trkpt>
      <trkpt lat="49.102801" lon="9.746002">
        <ele>284</ele>
      </trkpt>
      <trkpt lat="49.102952" lon="9.745746">
        <ele>284</ele>
      </trkpt>
      <trkpt lat="49.10303" lon="9.745612">
        <ele>283.75</ele>
      </trkpt>
      <trkpt lat="49.10303" lon="9.745612">
        <ele>283.75</ele>
      </trkpt>
      <trkpt lat="49.103053" lon="9.745573">
        <ele>283.75</ele>
      </trkpt>
      <trkpt lat="49.103189" lon="9.745232">
        <ele>284</ele>
      </trkpt>
      <trkpt lat="49.103309" lon="9.744894">
        <ele>284.25</ele>
      </trkpt>
      <trkpt lat="49.103504" lon="9.744057">
        <ele>285</ele>
      </trkpt>
      <trkpt lat="49.103562" lon="9.743712">
        <ele>285.25</ele>
      </trkpt>
      <trkpt lat="49.1036" lon="9.743406">
        <ele>285.5</ele>
      </trkpt>
      <trkpt lat="49.103651" lon="9.743063">
        <ele>287.5</ele>
      </trkpt>
      <trkpt lat="49.103676" lon="9.742882">
        <ele>288.75</ele>
      </trkpt>
      <trkpt lat="49.103713" lon="9.742615">
        <ele>290.25</ele>
      </trkpt>
      <trkpt lat="49.103758" lon="9.742437">
        <ele>291</ele>
      </trkpt>
      <trkpt lat="49.103794" lon="9.74229">
        <ele>292.5</ele>
      </trkpt>
      <trkpt lat="49.103924" lon="9.741996">
        <ele>293.25</ele>
      </trkpt>
      <trkpt lat="49.103941" lon="9.74199">
        <ele>293</ele>
      </trkpt>
      <trkpt lat="49.103972" lon="9.741958">
        <ele>292.75</ele>
      </trkpt>
      <trkpt lat="49.103995" lon="9.741913">
        <ele>292.75</ele>
      </trkpt>
      <trkpt lat="49.104006" lon="9.741859">
        <ele>293</ele>
      </trkpt>
      <trkpt lat="49.104006" lon="9.741802">
        <ele>293.5</ele>
      </trkpt>
      <trkpt lat="49.104" lon="9.74178">
        <ele>294</ele>
      </trkpt>
      <trkpt lat="49.10405" lon="9.741539">
        <ele>296.75</ele>
      </trkpt>
      <trkpt lat="49.104067" lon="9.741455">
        <ele>298</ele>
      </trkpt>
      <trkpt lat="49.104206" lon="9.741175">
        <ele>300</ele>
      </trkpt>
      <trkpt lat="49.104585" lon="9.740372">
        <ele>305.75</ele>
      </trkpt>
      <trkpt lat="49.104926" lon="9.739746">
        <ele>306.25</ele>
      </trkpt>
      <trkpt lat="49.105159" lon="9.73943">
        <ele>307.5</ele>
      </trkpt>
      <trkpt lat="49.1054" lon="9.739133">
        <ele>308</ele>
      </trkpt>
      <trkpt lat="49.106062" lon="9.738255">
        <ele>307</ele>
      </trkpt>
      <trkpt lat="49.106702" lon="9.737376">
        <ele>305.25</ele>
      </trkpt>
      <trkpt lat="49.107029" lon="9.736865">
        <ele>302.75</ele>
      </trkpt>
      <trkpt lat="49.106868" lon="9.736704">
        <ele>305.25</ele>
      </trkpt>
      <trkpt lat="49.106831" lon="9.736689">
        <ele>305.5</ele>
      </trkpt>
      <trkpt lat="49.106746" lon="9.736738">
        <ele>306</ele>
      </trkpt>
      <trkpt lat="49.10668" lon="9.736834">
        <ele>306.5</ele>
      </trkpt>
      <trkpt lat="49.106392" lon="9.737593">
        <ele>310</ele>
      </trkpt>
      <trkpt lat="49.106278" lon="9.737745">
        <ele>310.25</ele>
      </trkpt>
      <trkpt lat="49.106175" lon="9.737824">
        <ele>311</ele>
      </trkpt>
      <trkpt lat="49.106037" lon="9.737855">
        <ele>313.75</ele>
      </trkpt>
      <trkpt lat="49.105938" lon="9.737829">
        <ele>315.5</ele>
      </trkpt>
      <trkpt lat="49.105842" lon="9.737762">
        <ele>317.75</ele>
      </trkpt>
      <trkpt lat="49.105781" lon="9.737689">
        <ele>317.75</ele>
      </trkpt>
      <trkpt lat="49.105725" lon="9.737586">
        <ele>317.75</ele>
      </trkpt>
      <trkpt lat="49.105681" lon="9.73745">
        <ele>317.75</ele>
      </trkpt>
      <trkpt lat="49.105662" lon="9.7373">
        <ele>317.75</ele>
      </trkpt>
      <trkpt lat="49.105666" lon="9.737189">
        <ele>317.75</ele>
      </trkpt>
      <trkpt lat="49.10566999999997" lon="9.737190000000018">
        <ele>317.36769151838377</ele>
      </trkpt>
      <trkpt lat="49.105666" lon="9.737189">
        <ele>326.5</ele>
      </trkpt>
      <trkpt lat="49.105671" lon="9.737076">
        <ele>326.5</ele>
      </trkpt>
      <trkpt lat="49.105735" lon="9.736612">
        <ele>326.5</ele>
      </trkpt>
      <trkpt lat="49.105747" lon="9.736435">
        <ele>326.5</ele>
      </trkpt>
      <trkpt lat="49.105739" lon="9.736287">
        <ele>326.5</ele>
      </trkpt>
      <trkpt lat="49.105737" lon="9.73623">
        <ele>326</ele>
      </trkpt>
      <trkpt lat="49.105765" lon="9.736075">
        <ele>323.75</ele>
      </trkpt>
      <trkpt lat="49.105793" lon="9.736059">
        <ele>323</ele>
      </trkpt>
      <trkpt lat="49.105818" lon="9.736031">
        <ele>322.25</ele>
      </trkpt>
      <trkpt lat="49.105836" lon="9.735994">
        <ele>321.5</ele>
      </trkpt>
      <trkpt lat="49.105846" lon="9.735951">
        <ele>320.75</ele>
      </trkpt>
      <trkpt lat="49.105848" lon="9.735904">
        <ele>320.25</ele>
      </trkpt>
      <trkpt lat="49.10593" lon="9.735804">
        <ele>318.25</ele>
      </trkpt>
      <trkpt lat="49.106" lon="9.735718">
        <ele>316.5</ele>
      </trkpt>
      <trkpt lat="49.106213" lon="9.735644">
        <ele>313.25</ele>
      </trkpt>
      <trkpt lat="49.106379" lon="9.735553">
        <ele>310.75</ele>
      </trkpt>
      <trkpt lat="49.106508" lon="9.735403">
        <ele>308.75</ele>
      </trkpt>
      <trkpt lat="49.10657" lon="9.735224">
        <ele>308</ele>
      </trkpt>
      <trkpt lat="49.106594" lon="9.735031">
        <ele>307.5</ele>
      </trkpt>
      <trkpt lat="49.106587" lon="9.734861">
        <ele>307.5</ele>
      </trkpt>
      <trkpt lat="49.10653" lon="9.734685">
        <ele>307.75</ele>
      </trkpt>
      <trkpt lat="49.106448" lon="9.734585">
        <ele>308</ele>
      </trkpt>
      <trkpt lat="49.105986" lon="9.734229">
        <ele>308</ele>
      </trkpt>
      <trkpt lat="49.106171" lon="9.733328">
        <ele>306.5</ele>
      </trkpt>
      <trkpt lat="49.106196" lon="9.733207">
        <ele>306.5</ele>
      </trkpt>
      <trkpt lat="49.106284" lon="9.732855">
        <ele>306.25</ele>
      </trkpt>
      <trkpt lat="49.106313" lon="9.732777">
        <ele>306.25</ele>
      </trkpt>
      <trkpt lat="49.106313" lon="9.732777">
        <ele>306.25</ele>
      </trkpt>
      <trkpt lat="49.106388" lon="9.732583">
        <ele>306.25</ele>
      </trkpt>
      <trkpt lat="49.106705" lon="9.732019">
        <ele>308.75</ele>
      </trkpt>
      <trkpt lat="49.106836" lon="9.73177">
        <ele>310.25</ele>
      </trkpt>
      <trkpt lat="49.10715" lon="9.731921">
        <ele>309.5</ele>
      </trkpt>
      <trkpt lat="49.10759" lon="9.732112">
        <ele>308.5</ele>
      </trkpt>
      <trkpt lat="49.107663" lon="9.732119">
        <ele>308.5</ele>
      </trkpt>
      <trkpt lat="49.107944" lon="9.732014">
        <ele>308.75</ele>
      </trkpt>
      <trkpt lat="49.107976" lon="9.731978">
        <ele>309</ele>
      </trkpt>
      <trkpt lat="49.108001" lon="9.731923">
        <ele>309.25</ele>
      </trkpt>
      <trkpt lat="49.107993" lon="9.73183">
        <ele>309.75</ele>
      </trkpt>
      <trkpt lat="49.107612" lon="9.730962">
        <ele>320</ele>
      </trkpt>
      <trkpt lat="49.107545" lon="9.730874">
        <ele>320.75</ele>
      </trkpt>
      <trkpt lat="49.107138" lon="9.730522">
        <ele>325</ele>
      </trkpt>
      <trkpt lat="49.107147" lon="9.730345">
        <ele>327.75</ele>
      </trkpt>
      <trkpt lat="49.107164" lon="9.730203">
        <ele>330.25</ele>
      </trkpt>
      <trkpt lat="49.107183" lon="9.73015">
        <ele>331.25</ele>
      </trkpt>
      <trkpt lat="49.107201" lon="9.730105">
        <ele>332</ele>
      </trkpt>
      <trkpt lat="49.10723" lon="9.730084">
        <ele>333</ele>
      </trkpt>
      <trkpt lat="49.10723" lon="9.730084">
        <ele>332.5</ele>
      </trkpt>
      <trkpt lat="49.107253" lon="9.730069">
        <ele>333</ele>
      </trkpt>
      <trkpt lat="49.107357" lon="9.730101">
        <ele>333</ele>
      </trkpt>
      <trkpt lat="49.107518" lon="9.730196">
        <ele>332.5</ele>
      </trkpt>
      <trkpt lat="49.107631" lon="9.730246">
        <ele>332.5</ele>
      </trkpt>
      <trkpt lat="49.107814" lon="9.730232">
        <ele>334</ele>
      </trkpt>
      <trkpt lat="49.108236" lon="9.730059">
        <ele>340</ele>
      </trkpt>
      <trkpt lat="49.108431" lon="9.729957">
        <ele>342.75</ele>
      </trkpt>
      <trkpt lat="49.108639" lon="9.729885">
        <ele>344.25</ele>
      </trkpt>
      <trkpt lat="49.108733" lon="9.729791">
        <ele>346</ele>
      </trkpt>
      <trkpt lat="49.108865" lon="9.729568">
        <ele>350</ele>
      </trkpt>
      <trkpt lat="49.108905" lon="9.729454">
        <ele>352</ele>
      </trkpt>
      <trkpt lat="49.108935" lon="9.729202">
        <ele>356.25</ele>
      </trkpt>
      <trkpt lat="49.108935" lon="9.729136">
        <ele>357.25</ele>
      </trkpt>
      <trkpt lat="49.108931" lon="9.728832">
        <ele>361.5</ele>
      </trkpt>
      <trkpt lat="49.109256" lon="9.727888">
        <ele>369.75</ele>
      </trkpt>
      <trkpt lat="49.10938" lon="9.726836">
        <ele>368.25</ele>
      </trkpt>
      <trkpt lat="49.109382" lon="9.72633">
        <ele>367.75</ele>
      </trkpt>
      <trkpt lat="49.109042" lon="9.724776">
        <ele>370.25</ele>
      </trkpt>
      <trkpt lat="49.10883" lon="9.723876">
        <ele>370.5</ele>
      </trkpt>
      <trkpt lat="49.108058" lon="9.721407">
        <ele>368.75</ele>
      </trkpt>
      <trkpt lat="49.107814" lon="9.720909">
        <ele>368.75</ele>
      </trkpt>
      <trkpt lat="49.107143" lon="9.719748">
        <ele>366.75</ele>
      </trkpt>
      <trkpt lat="49.106939" lon="9.719255">
        <ele>364.75</ele>
      </trkpt>
      <trkpt lat="49.106869" lon="9.718943">
        <ele>364.25</ele>
      </trkpt>
      <trkpt lat="49.106996" lon="9.718865">
        <ele>364</ele>
      </trkpt>
      <trkpt lat="49.106996" lon="9.718865">
        <ele>364</ele>
      </trkpt>
      <trkpt lat="49.107324" lon="9.719225">
        <ele>363.5</ele>
      </trkpt>
      <trkpt lat="49.107652" lon="9.719495">
        <ele>363.75</ele>
      </trkpt>
      <trkpt lat="49.107902" lon="9.719673">
        <ele>363</ele>
      </trkpt>
      <trkpt lat="49.108122" lon="9.7198">
        <ele>361.5</ele>
      </trkpt>
      <trkpt lat="49.108167" lon="9.719826">
        <ele>361.5</ele>
      </trkpt>
      <trkpt lat="49.108589" lon="9.719984">
        <ele>356.5</ele>
      </trkpt>
      <trkpt lat="49.108953" lon="9.720049">
        <ele>352</ele>
      </trkpt>
      <trkpt lat="49.109069" lon="9.720081">
        <ele>350.5</ele>
      </trkpt>
      <trkpt lat="49.109103" lon="9.720107">
        <ele>349.75</ele>
      </trkpt>
      <trkpt lat="49.109104684338405" lon="9.720104253281136">
        <ele>350.04754996689275</ele>
      </trkpt>
      <trkpt lat="49.109104684338405" lon="9.720104253281136">
        <ele>350.04754996689275</ele>
      </trkpt>
      <trkpt lat="49.10942521242404" lon="9.720143481227979">
        <ele>347.4204876513696</ele>
      </trkpt>
      <trkpt lat="49.10967058425982" lon="9.720098398833159">
        <ele>346.9015524764272</ele>
      </trkpt>
      <trkpt lat="49.10967058425982" lon="9.720098398833159">
        <ele>346.9015524764272</ele>
      </trkpt>
      <trkpt lat="49.10967058425982" lon="9.720098398833159">
        <ele>346.9015524764272</ele>
      </trkpt>
      <trkpt lat="49.10973075071021" lon="9.720779132210929">
        <ele>344.9880898583633</ele>
      </trkpt>
      <trkpt lat="49.10974542842834" lon="9.720945198391831">
        <ele>343.8716353258182</ele>
      </trkpt>
      <trkpt lat="49.1098350786433" lon="9.721618320219346">
        <ele>344.1184168385699</ele>
      </trkpt>
      <trkpt lat="49.10992472885826" lon="9.72229144204686">
        <ele>345.5536560566683</ele>
      </trkpt>
      <trkpt lat="49.11000534399403" lon="9.722896725676577">
        <ele>347.68268737348194</ele>
      </trkpt>
      <trkpt lat="49.11000534399403" lon="9.722896725676577">
        <ele>347.68268737348194</ele>
      </trkpt>
      <trkpt lat="49.11006236210773" lon="9.723578096069895">
        <ele>351.92353560415</ele>
      </trkpt>
      <trkpt lat="49.11011938022144" lon="9.724259466463213">
        <ele>349.96969118098826</ele>
      </trkpt>
      <trkpt lat="49.11012900650985" lon="9.724374501273985">
        <ele>350.3420283210961</ele>
      </trkpt>
      <trkpt lat="49.11012900650985" lon="9.724374501273985">
        <ele>350.3420283210961</ele>
      </trkpt>
      <trkpt lat="49.110266094695845" lon="9.724763425663554">
        <ele>348.0334939562682</ele>
      </trkpt>
      <trkpt lat="49.110266094695845" lon="9.724763425663554">
        <ele>348.0334939562682</ele>
      </trkpt>
      <trkpt lat="49.11053033729484" lon="9.725319227274522">
        <ele>342.4365256014531</ele>
      </trkpt>
      <trkpt lat="49.11079457989383" lon="9.725875028885492">
        <ele>335.8728020120001</ele>
      </trkpt>
      <trkpt lat="49.11105882249282" lon="9.72643083049646">
        <ele>326.989902746713</ele>
      </trkpt>
      <trkpt lat="49.11126485852506" lon="9.726864201796445">
        <ele>322.9603356346761</ele>
      </trkpt>
      <trkpt lat="49.11126485852506" lon="9.726864201796445">
        <ele>322.9603356346761</ele>
      </trkpt>
      <trkpt lat="49.11153152255336" lon="9.727417304963376">
        <ele>329.4818927652632</ele>
      </trkpt>
      <trkpt lat="49.111532500408856" lon="9.727419333189573">
        <ele>329.4871750813925</ele>
      </trkpt>
      <trkpt lat="49.111532500408856" lon="9.727419333189573">
        <ele>329.4871750813925</ele>
      </trkpt>
      <trkpt lat="49.111759485868475" lon="9.727996537376555">
        <ele>325.2959637830262</ele>
      </trkpt>
      <trkpt lat="49.111759485868475" lon="9.727996537376555">
        <ele>325.2959637830262</ele>
      </trkpt>
      <trkpt lat="49.11175" lon="9.728002">
        <ele>331</ele>
      </trkpt>
      <trkpt lat="49.11176" lon="9.728036">
        <ele>331.25</ele>
      </trkpt>
      <trkpt lat="49.111779" lon="9.728324">
        <ele>330.75</ele>
      </trkpt>
      <trkpt lat="49.111791" lon="9.728528">
        <ele>330.25</ele>
      </trkpt>
      <trkpt lat="49.111838" lon="9.728698">
        <ele>329.5</ele>
      </trkpt>
      <trkpt lat="49.111986" lon="9.729118">
        <ele>325.75</ele>
      </trkpt>
      <trkpt lat="49.112031" lon="9.729225">
        <ele>323.5</ele>
      </trkpt>
      <trkpt lat="49.112134" lon="9.729399">
        <ele>318.75</ele>
      </trkpt>
      <trkpt lat="49.112151" lon="9.72944">
        <ele>317.75</ele>
      </trkpt>
      <trkpt lat="49.112167" lon="9.729536">
        <ele>315.75</ele>
      </trkpt>
      <trkpt lat="49.11217" lon="9.729635">
        <ele>312.25</ele>
      </trkpt>
      <trkpt lat="49.112174" lon="9.729718">
        <ele>312.25</ele>
      </trkpt>
      <trkpt lat="49.112191" lon="9.729805">
        <ele>310.25</ele>
      </trkpt>
      <trkpt lat="49.11222" lon="9.729922">
        <ele>307.75</ele>
      </trkpt>
      <trkpt lat="49.112248" lon="9.730038">
        <ele>305.25</ele>
      </trkpt>
      <trkpt lat="49.11233" lon="9.730271">
        <ele>301</ele>
      </trkpt>
      <trkpt lat="49.112412" lon="9.730474">
        <ele>297.5</ele>
      </trkpt>
      <trkpt lat="49.112435" lon="9.730521">
        <ele>296.5</ele>
      </trkpt>
      <trkpt lat="49.112509" lon="9.730639">
        <ele>294.5</ele>
      </trkpt>
      <trkpt lat="49.112548" lon="9.730696">
        <ele>294.25</ele>
      </trkpt>
      <trkpt lat="49.112548" lon="9.730696">
        <ele>294.25</ele>
      </trkpt>
      <trkpt lat="49.112931" lon="9.731202">
        <ele>292.75</ele>
      </trkpt>
      <trkpt lat="49.112959" lon="9.731232">
        <ele>292.75</ele>
      </trkpt>
      <trkpt lat="49.113139" lon="9.731323">
        <ele>293</ele>
      </trkpt>
      <trkpt lat="49.11347" lon="9.731469">
        <ele>292.5</ele>
      </trkpt>
      <trkpt lat="49.113529" lon="9.731495">
        <ele>292.25</ele>
      </trkpt>
      <trkpt lat="49.113692" lon="9.731569">
        <ele>291.75</ele>
      </trkpt>
      <trkpt lat="49.11413" lon="9.731778">
        <ele>290</ele>
      </trkpt>
      <trkpt lat="49.114293" lon="9.731851">
        <ele>290.5</ele>
      </trkpt>
      <trkpt lat="49.114888" lon="9.732077">
        <ele>292.25</ele>
      </trkpt>
      <trkpt lat="49.115153" lon="9.732169">
        <ele>290.75</ele>
      </trkpt>
      <trkpt lat="49.115412" lon="9.732238">
        <ele>288</ele>
      </trkpt>
      <trkpt lat="49.115468" lon="9.732247">
        <ele>287.75</ele>
      </trkpt>
      <trkpt lat="49.115672" lon="9.732369">
        <ele>284.25</ele>
      </trkpt>
      <trkpt lat="49.115838" lon="9.732419">
        <ele>282.5</ele>
      </trkpt>
      <trkpt lat="49.116029" lon="9.732461">
        <ele>281</ele>
      </trkpt>
      <trkpt lat="49.116745" lon="9.732534">
        <ele>278.5</ele>
      </trkpt>
      <trkpt lat="49.117171" lon="9.732583">
        <ele>276.75</ele>
      </trkpt>
      <trkpt lat="49.117392" lon="9.732647">
        <ele>275.75</ele>
      </trkpt>
      <trkpt lat="49.117548" lon="9.732706">
        <ele>275.5</ele>
      </trkpt>
      <trkpt lat="49.117645" lon="9.732766">
        <ele>275.5</ele>
      </trkpt>
      <trkpt lat="49.1178" lon="9.732926">
        <ele>275.25</ele>
      </trkpt>
      <trkpt lat="49.11817" lon="9.733353">
        <ele>274.75</ele>
      </trkpt>
      <trkpt lat="49.118224" lon="9.733413">
        <ele>274.75</ele>
      </trkpt>
      <trkpt lat="49.119022" lon="9.734398">
        <ele>275.25</ele>
      </trkpt>
      <trkpt lat="49.119186" lon="9.734647">
        <ele>275.5</ele>
      </trkpt>
      <trkpt lat="49.119277" lon="9.734871">
        <ele>276.5</ele>
      </trkpt>
      <trkpt lat="49.119337" lon="9.735052">
        <ele>277.25</ele>
      </trkpt>
      <trkpt lat="49.119367" lon="9.735173">
        <ele>277.75</ele>
      </trkpt>
      <trkpt lat="49.119382" lon="9.735309">
        <ele>278.25</ele>
      </trkpt>
      <trkpt lat="49.119379999999985" lon="9.735330000000014">
        <ele>278.3394008363625</ele>
      </trkpt>
      <trkpt lat="49.119383" lon="9.735328">
        <ele>278.25</ele>
      </trkpt>
      <trkpt lat="49.119392" lon="9.735485">
        <ele>278.75</ele>
      </trkpt>
      <trkpt lat="49.11938" lon="9.735645">
        <ele>279.25</ele>
      </trkpt>
      <trkpt lat="49.119354" lon="9.735819">
        <ele>279.5</ele>
      </trkpt>
      <trkpt lat="49.119321" lon="9.735948">
        <ele>279.75</ele>
      </trkpt>
      <trkpt lat="49.119267" lon="9.736089">
        <ele>280</ele>
      </trkpt>
      <trkpt lat="49.119167" lon="9.736285">
        <ele>280.5</ele>
      </trkpt>
      <trkpt lat="49.119056" lon="9.736438">
        <ele>282</ele>
      </trkpt>
      <trkpt lat="49.118965" lon="9.736538">
        <ele>283</ele>
      </trkpt>
      <trkpt lat="49.118853" lon="9.73664">
        <ele>284.25</ele>
      </trkpt>
      <trkpt lat="49.118692" lon="9.736735">
        <ele>285.75</ele>
      </trkpt>
      <trkpt lat="49.118557" lon="9.736736">
        <ele>286.5</ele>
      </trkpt>
      <trkpt lat="49.118371" lon="9.736718">
        <ele>287.25</ele>
      </trkpt>
      <trkpt lat="49.118181" lon="9.736734">
        <ele>288</ele>
      </trkpt>
      <trkpt lat="49.117927" lon="9.736772">
        <ele>289.25</ele>
      </trkpt>
      <trkpt lat="49.117658" lon="9.736851">
        <ele>291</ele>
      </trkpt>
      <trkpt lat="49.11694" lon="9.737114">
        <ele>296.5</ele>
      </trkpt>
      <trkpt lat="49.116249" lon="9.737249">
        <ele>299.5</ele>
      </trkpt>
      <trkpt lat="49.116148" lon="9.737276">
        <ele>299.75</ele>
      </trkpt>
      <trkpt lat="49.115747" lon="9.737333">
        <ele>300.25</ele>
      </trkpt>
      <trkpt lat="49.115665" lon="9.737354">
        <ele>300.25</ele>
      </trkpt>
      <trkpt lat="49.115562" lon="9.737393">
        <ele>300</ele>
      </trkpt>
      <trkpt lat="49.115445" lon="9.737462">
        <ele>299.75</ele>
      </trkpt>
      <trkpt lat="49.115351" lon="9.737537">
        <ele>300</ele>
      </trkpt>
      <trkpt lat="49.115258" lon="9.737577">
        <ele>300.25</ele>
      </trkpt>
      <trkpt lat="49.114993" lon="9.737634">
        <ele>299.75</ele>
      </trkpt>
      <trkpt lat="49.114325" lon="9.737743">
        <ele>302.5</ele>
      </trkpt>
      <trkpt lat="49.114116" lon="9.737777">
        <ele>303</ele>
      </trkpt>
      <trkpt lat="49.114044" lon="9.737811">
        <ele>303.25</ele>
      </trkpt>
      <trkpt lat="49.114044" lon="9.737811">
        <ele>303</ele>
      </trkpt>
      <trkpt lat="49.11399" lon="9.737838">
        <ele>303.25</ele>
      </trkpt>
      <trkpt lat="49.113929" lon="9.73789">
        <ele>303.5</ele>
      </trkpt>
      <trkpt lat="49.11387" lon="9.737963">
        <ele>303.75</ele>
      </trkpt>
      <trkpt lat="49.113688" lon="9.73828">
        <ele>305.75</ele>
      </trkpt>
      <trkpt lat="49.113508" lon="9.738584">
        <ele>308.25</ele>
      </trkpt>
      <trkpt lat="49.113466" lon="9.738611">
        <ele>308.5</ele>
      </trkpt>
      <trkpt lat="49.113347" lon="9.738699">
        <ele>309</ele>
      </trkpt>
      <trkpt lat="49.113073" lon="9.738839">
        <ele>311.25</ele>
      </trkpt>
      <trkpt lat="49.113001" lon="9.738863">
        <ele>311.5</ele>
      </trkpt>
      <trkpt lat="49.112927" lon="9.7389">
        <ele>312</ele>
      </trkpt>
      <trkpt lat="49.112716" lon="9.739038">
        <ele>313.25</ele>
      </trkpt>
      <trkpt lat="49.112391" lon="9.739298">
        <ele>317.25</ele>
      </trkpt>
      <trkpt lat="49.111928" lon="9.739634">
        <ele>322.5</ele>
      </trkpt>
      <trkpt lat="49.111665" lon="9.739836">
        <ele>322.75</ele>
      </trkpt>
      <trkpt lat="49.11163" lon="9.739939">
        <ele>323.25</ele>
      </trkpt>
      <trkpt lat="49.111528" lon="9.740049">
        <ele>324.75</ele>
      </trkpt>
      <trkpt lat="49.111432" lon="9.740142">
        <ele>326.5</ele>
      </trkpt>
      <trkpt lat="49.111256" lon="9.740356">
        <ele>329.5</ele>
      </trkpt>
      <trkpt lat="49.11118" lon="9.740481">
        <ele>331</ele>
      </trkpt>
      <trkpt lat="49.111115" lon="9.740605">
        <ele>332.25</ele>
      </trkpt>
      <trkpt lat="49.111071" lon="9.740714">
        <ele>333.25</ele>
      </trkpt>
      <trkpt lat="49.11103" lon="9.740882">
        <ele>334.5</ele>
      </trkpt>
      <trkpt lat="49.110994" lon="9.741072">
        <ele>336.25</ele>
      </trkpt>
      <trkpt lat="49.11096" lon="9.741337">
        <ele>338.5</ele>
      </trkpt>
      <trkpt lat="49.110962" lon="9.741558">
        <ele>340.5</ele>
      </trkpt>
      <trkpt lat="49.110998" lon="9.741829">
        <ele>342.25</ele>
      </trkpt>
      <trkpt lat="49.111044" lon="9.741998">
        <ele>343</ele>
      </trkpt>
      <trkpt lat="49.111149" lon="9.742315">
        <ele>344.25</ele>
      </trkpt>
      <trkpt lat="49.111189" lon="9.742429">
        <ele>344.75</ele>
      </trkpt>
      <trkpt lat="49.111244" lon="9.742532">
        <ele>345</ele>
      </trkpt>
      <trkpt lat="49.111493" lon="9.743107">
        <ele>344</ele>
      </trkpt>
      <trkpt lat="49.111652" lon="9.743459">
        <ele>343.5</ele>
      </trkpt>
      <trkpt lat="49.111688" lon="9.743549">
        <ele>343.75</ele>
      </trkpt>
      <trkpt lat="49.111922" lon="9.744082">
        <ele>345.75</ele>
      </trkpt>
      <trkpt lat="49.11209" lon="9.744496">
        <ele>347.5</ele>
      </trkpt>
      <trkpt lat="49.112285" lon="9.744875">
        <ele>348.75</ele>
      </trkpt>
      <trkpt lat="49.11237" lon="9.74521">
        <ele>351.25</ele>
      </trkpt>
      <trkpt lat="49.112403" lon="9.745393">
        <ele>352.75</ele>
      </trkpt>
      <trkpt lat="49.112409" lon="9.745466">
        <ele>353.5</ele>
      </trkpt>
      <trkpt lat="49.112426" lon="9.745656">
        <ele>355.25</ele>
      </trkpt>
      <trkpt lat="49.112438" lon="9.745908">
        <ele>358.25</ele>
      </trkpt>
      <trkpt lat="49.112392" lon="9.74611">
        <ele>361.25</ele>
      </trkpt>
      <trkpt lat="49.112341" lon="9.746289">
        <ele>363.75</ele>
      </trkpt>
      <trkpt lat="49.112263" lon="9.746507">
        <ele>366.5</ele>
      </trkpt>
      <trkpt lat="49.112164" lon="9.746703">
        <ele>367.75</ele>
      </trkpt>
      <trkpt lat="49.112121" lon="9.746775">
        <ele>368</ele>
      </trkpt>
      <trkpt lat="49.11193" lon="9.747095">
        <ele>368.5</ele>
      </trkpt>
      <trkpt lat="49.111816" lon="9.747269">
        <ele>369</ele>
      </trkpt>
      <trkpt lat="49.110807" lon="9.748819">
        <ele>378</ele>
      </trkpt>
      <trkpt lat="49.110663" lon="9.749092">
        <ele>378.5</ele>
      </trkpt>
      <trkpt lat="49.110536" lon="9.749382">
        <ele>378</ele>
      </trkpt>
      <trkpt lat="49.110508" lon="9.749452">
        <ele>377.75</ele>
      </trkpt>
      <trkpt lat="49.110434" lon="9.749692">
        <ele>377</ele>
      </trkpt>
      <trkpt lat="49.11033" lon="9.750094">
        <ele>375.25</ele>
      </trkpt>
      <trkpt lat="49.110182" lon="9.750844">
        <ele>372.5</ele>
      </trkpt>
      <trkpt lat="49.110155" lon="9.751023">
        <ele>372</ele>
      </trkpt>
      <trkpt lat="49.110014" lon="9.751973">
        <ele>370.75</ele>
      </trkpt>
      <trkpt lat="49.109884" lon="9.752965">
        <ele>373.75</ele>
      </trkpt>
      <trkpt lat="49.109785" lon="9.753998">
        <ele>377.5</ele>
      </trkpt>
      <trkpt lat="49.109696" lon="9.755037">
        <ele>381.5</ele>
      </trkpt>
      <trkpt lat="49.109689" lon="9.755119">
        <ele>381.75</ele>
      </trkpt>
    </trkseg>
  </trk>
</gpx>
