<?xml version="1.0" encoding="UTF-8"?>
<gpx creator="Footpath/4.10.7/4924 iOS/26.3.1" version="1.1" schemaLocation="http://www.topografix.com/GPX/1/1 http://www.topografix.com/GPX/1/1/gpx.xsd http://www.garmin.com/xmlschemas/GpxExtensions/v3 http://www.garmin.com/xmlschemas/GpxExtensionsv3.xsd http://www.garmin.com/xmlschemas/TrackPointExtension/v1 http://www.garmin.com/xmlschemas/TrackPointExtensionv1.xsd http://www.garmin.com/xmlschemas/PowerExtension/v1 http://www.garmin.com/xmlschemas/PowerExtensionv1.xsd http://www.topografix.com/GPX/gpx_style/0/2 http://www.topografix.com/GPX/gpx_style/0/2/gpx_style.xsd" xmlns="http://www.topografix.com/GPX/1/1" xmlns:xsi="http://www.w3.org/2001/XMLSchema-instance" xsi:schemaLocation="http://www.topografix.com/GPX/1/1 http://www.topografix.com/GPX/1/1/gpx.xsd http://www.garmin.com/xmlschemas/GpxExtensions/v3 http://www.garmin.com/xmlschemas/GpxExtensionsv3.xsd http://www.garmin.com/xmlschemas/TrackPointExtension/v1 http://www.garmin.com/xmlschemas/TrackPointExtensionv1.xsd http://www.garmin.com/xmlschemas/PowerExtension/v1 http://www.garmin.com/xmlschemas/PowerExtensionv1.xsd http://www.topografix.com/GPX/gpx_style/0/2 http://www.topografix.com/GPX/gpx_style/0/2/gpx_style.xsd" xmlns:gpxtpx="http://www.garmin.com/xmlschemas/TrackPointExtension/v1" xmlns:gpxx="http://www.garmin.com/xmlschemas/GpxExtensions/v3" xmlns:gpxpx="http://www.garmin.com/xmlschemas/PowerExtension/v1" xmlns:gpx_style="http://www.topografix.com/GPX/gpx_style/0/2">
  <metadata>
    <name>LDT26_E3 Herxheim - Bad Dürkheim</name>
    <author>
      <name>gpx.studio</name>
      <link href="https://gpx.studio"/>
    </author>
    <link href="https://footpathapp.com">
      <text>Footpath</text>
    </link>
    <time>2026-03-19T15:42:05.000Z</time>
  </metadata>
  <trk>
    <name>LDT26_E3 Herxheim - Bad Dürkheim</name>
    <extensions>
      <gpx_style:line>
        <gpx_style:color>ff0000</gpx_style:color>
      </gpx_style:line>
    </extensions>
    <trkseg>
      <trkpt lat="49.144329" lon="8.214975">
        <ele>119.01</ele>
      </trkpt>
      <trkpt lat="49.144056" lon="8.212762">
        <ele>119.72</ele>
      </trkpt>
      <trkpt lat="49.144049" lon="8.212519">
        <ele>119.43</ele>
      </trkpt>
      <trkpt lat="49.144132" lon="8.212521">
        <ele>119.59</ele>
      </trkpt>
      <trkpt lat="49.144305" lon="8.212503">
        <ele>119.91</ele>
      </trkpt>
      <trkpt lat="49.144572" lon="8.212416">
        <ele>120.4</ele>
      </trkpt>
      <trkpt lat="49.144878" lon="8.212282">
        <ele>121.05</ele>
      </trkpt>
      <trkpt lat="49.145055" lon="8.212217">
        <ele>121.47</ele>
      </trkpt>
      <trkpt lat="49.145281" lon="8.212157">
        <ele>122.02</ele>
      </trkpt>
      <trkpt lat="49.145382" lon="8.212152">
        <ele>122.27</ele>
      </trkpt>
      <trkpt lat="49.145679" lon="8.212166">
        <ele>123.01</ele>
      </trkpt>
      <trkpt lat="49.145966" lon="8.212197">
        <ele>123.66</ele>
      </trkpt>
      <trkpt lat="49.146104" lon="8.212235">
        <ele>123.95</ele>
      </trkpt>
      <trkpt lat="49.146343" lon="8.21233">
        <ele>124.41</ele>
      </trkpt>
      <trkpt lat="49.146408" lon="8.212166">
        <ele>124.73</ele>
      </trkpt>
      <trkpt lat="49.146531" lon="8.211909">
        <ele>125.01</ele>
      </trkpt>
      <trkpt lat="49.146598" lon="8.211814">
        <ele>125.05</ele>
      </trkpt>
      <trkpt lat="49.146585" lon="8.211767">
        <ele>125.03</ele>
      </trkpt>
      <trkpt lat="49.146583" lon="8.211675">
        <ele>125.03</ele>
      </trkpt>
      <trkpt lat="49.146692" lon="8.210801">
        <ele>123.23</ele>
      </trkpt>
      <trkpt lat="49.146715" lon="8.210232">
        <ele>122.34</ele>
      </trkpt>
      <trkpt lat="49.146704" lon="8.209851">
        <ele>122.14</ele>
      </trkpt>
      <trkpt lat="49.146659" lon="8.209309">
        <ele>122.6</ele>
      </trkpt>
      <trkpt lat="49.146659" lon="8.209309">
        <ele>125.5</ele>
      </trkpt>
      <trkpt lat="49.146586" lon="8.208625">
        <ele>125.5</ele>
      </trkpt>
      <trkpt lat="49.146435" lon="8.207206">
        <ele>124.5</ele>
      </trkpt>
      <trkpt lat="49.146425" lon="8.207147">
        <ele>124.5</ele>
      </trkpt>
      <trkpt lat="49.146409" lon="8.207097">
        <ele>124.5</ele>
      </trkpt>
      <trkpt lat="49.146351" lon="8.207023">
        <ele>124.25</ele>
      </trkpt>
      <trkpt lat="49.146266" lon="8.206958">
        <ele>124</ele>
      </trkpt>
      <trkpt lat="49.146169" lon="8.206899">
        <ele>123.5</ele>
      </trkpt>
      <trkpt lat="49.146137" lon="8.206868">
        <ele>123.5</ele>
      </trkpt>
      <trkpt lat="49.146098" lon="8.206818">
        <ele>123.25</ele>
      </trkpt>
      <trkpt lat="49.146054" lon="8.206731">
        <ele>123</ele>
      </trkpt>
      <trkpt lat="49.146013" lon="8.206605">
        <ele>122.75</ele>
      </trkpt>
      <trkpt lat="49.145957" lon="8.206218">
        <ele>123</ele>
      </trkpt>
      <trkpt lat="49.145925" lon="8.206005">
        <ele>123.25</ele>
      </trkpt>
      <trkpt lat="49.145864" lon="8.205597">
        <ele>123</ele>
      </trkpt>
      <trkpt lat="49.145745" lon="8.204755">
        <ele>123</ele>
      </trkpt>
      <trkpt lat="49.145691" lon="8.204389">
        <ele>123</ele>
      </trkpt>
      <trkpt lat="49.145624" lon="8.204075">
        <ele>122.75</ele>
      </trkpt>
      <trkpt lat="49.145503" lon="8.203712">
        <ele>122</ele>
      </trkpt>
      <trkpt lat="49.145105" lon="8.202621">
        <ele>120.5</ele>
      </trkpt>
      <trkpt lat="49.145072" lon="8.202504">
        <ele>120.5</ele>
      </trkpt>
      <trkpt lat="49.14503" lon="8.202323">
        <ele>120.5</ele>
      </trkpt>
      <trkpt lat="49.145015" lon="8.202226">
        <ele>120.75</ele>
      </trkpt>
      <trkpt lat="49.144947" lon="8.201792">
        <ele>121.5</ele>
      </trkpt>
      <trkpt lat="49.14494" lon="8.201745">
        <ele>121.5</ele>
      </trkpt>
      <trkpt lat="49.144894" lon="8.201443">
        <ele>121.75</ele>
      </trkpt>
      <trkpt lat="49.144887" lon="8.201391">
        <ele>121.75</ele>
      </trkpt>
      <trkpt lat="49.144882" lon="8.201345">
        <ele>121.75</ele>
      </trkpt>
      <trkpt lat="49.14487" lon="8.201214">
        <ele>122</ele>
      </trkpt>
      <trkpt lat="49.144829" lon="8.200875">
        <ele>122.25</ele>
      </trkpt>
      <trkpt lat="49.144809" lon="8.200668">
        <ele>122.25</ele>
      </trkpt>
      <trkpt lat="49.144809" lon="8.200471">
        <ele>122.25</ele>
      </trkpt>
      <trkpt lat="49.14481" lon="8.200372">
        <ele>122.25</ele>
      </trkpt>
      <trkpt lat="49.144796" lon="8.199993">
        <ele>122.25</ele>
      </trkpt>
      <trkpt lat="49.144815" lon="8.199921">
        <ele>122.25</ele>
      </trkpt>
      <trkpt lat="49.144843" lon="8.199871">
        <ele>122.5</ele>
      </trkpt>
      <trkpt lat="49.144859" lon="8.19981">
        <ele>122.5</ele>
      </trkpt>
      <trkpt lat="49.144863" lon="8.199744">
        <ele>122.75</ele>
      </trkpt>
      <trkpt lat="49.144853" lon="8.19968">
        <ele>122.75</ele>
      </trkpt>
      <trkpt lat="49.144831" lon="8.199624">
        <ele>122.5</ele>
      </trkpt>
      <trkpt lat="49.144807" lon="8.199588">
        <ele>122.5</ele>
      </trkpt>
      <trkpt lat="49.144777" lon="8.199562">
        <ele>122.5</ele>
      </trkpt>
      <trkpt lat="49.144738" lon="8.199497">
        <ele>122.25</ele>
      </trkpt>
      <trkpt lat="49.144674" lon="8.199284">
        <ele>122.25</ele>
      </trkpt>
      <trkpt lat="49.144589" lon="8.199104">
        <ele>122</ele>
      </trkpt>
      <trkpt lat="49.144563" lon="8.198971">
        <ele>122</ele>
      </trkpt>
      <trkpt lat="49.144508" lon="8.198605">
        <ele>122.25</ele>
      </trkpt>
      <trkpt lat="49.14448" lon="8.198374">
        <ele>122.5</ele>
      </trkpt>
      <trkpt lat="49.14446" lon="8.198133">
        <ele>122.5</ele>
      </trkpt>
      <trkpt lat="49.144453" lon="8.197931">
        <ele>122.5</ele>
      </trkpt>
      <trkpt lat="49.144453" lon="8.19769">
        <ele>122.25</ele>
      </trkpt>
      <trkpt lat="49.144463" lon="8.19749">
        <ele>122.25</ele>
      </trkpt>
      <trkpt lat="49.144492" lon="8.197217">
        <ele>122.25</ele>
      </trkpt>
      <trkpt lat="49.144529" lon="8.196939">
        <ele>122.25</ele>
      </trkpt>
      <trkpt lat="49.144565" lon="8.196758">
        <ele>122.25</ele>
      </trkpt>
      <trkpt lat="49.144627" lon="8.196505">
        <ele>122.5</ele>
      </trkpt>
      <trkpt lat="49.144698" lon="8.196261">
        <ele>123</ele>
      </trkpt>
      <trkpt lat="49.14481" lon="8.195978">
        <ele>123.5</ele>
      </trkpt>
      <trkpt lat="49.144936" lon="8.195708">
        <ele>123.75</ele>
      </trkpt>
      <trkpt lat="49.144999" lon="8.195641">
        <ele>123.75</ele>
      </trkpt>
      <trkpt lat="49.145122" lon="8.195393">
        <ele>123.5</ele>
      </trkpt>
      <trkpt lat="49.145258" lon="8.195083">
        <ele>123.25</ele>
      </trkpt>
      <trkpt lat="49.145335" lon="8.194843">
        <ele>123.25</ele>
      </trkpt>
      <trkpt lat="49.145419" lon="8.194536">
        <ele>123.5</ele>
      </trkpt>
      <trkpt lat="49.145458" lon="8.194344">
        <ele>123.5</ele>
      </trkpt>
      <trkpt lat="49.145573" lon="8.193877">
        <ele>124.25</ele>
      </trkpt>
      <trkpt lat="49.145628" lon="8.193601">
        <ele>125</ele>
      </trkpt>
      <trkpt lat="49.145693" lon="8.193181">
        <ele>126</ele>
      </trkpt>
      <trkpt lat="49.145726" lon="8.192894">
        <ele>126.75</ele>
      </trkpt>
      <trkpt lat="49.145741" lon="8.192685">
        <ele>127.25</ele>
      </trkpt>
      <trkpt lat="49.14575" lon="8.192226">
        <ele>127.75</ele>
      </trkpt>
      <trkpt lat="49.145795" lon="8.191656">
        <ele>127.75</ele>
      </trkpt>
      <trkpt lat="49.1458" lon="8.191598">
        <ele>128</ele>
      </trkpt>
      <trkpt lat="49.145814" lon="8.191516">
        <ele>128.25</ele>
      </trkpt>
      <trkpt lat="49.145838" lon="8.191507">
        <ele>128.25</ele>
      </trkpt>
      <trkpt lat="49.145879" lon="8.191472">
        <ele>128.25</ele>
      </trkpt>
      <trkpt lat="49.145918" lon="8.191404">
        <ele>128.25</ele>
      </trkpt>
      <trkpt lat="49.145939" lon="8.191311">
        <ele>128.25</ele>
      </trkpt>
      <trkpt lat="49.145939" lon="8.191213">
        <ele>128.5</ele>
      </trkpt>
      <trkpt lat="49.145878" lon="8.19106">
        <ele>129.25</ele>
      </trkpt>
      <trkpt lat="49.145832" lon="8.190994">
        <ele>129.5</ele>
      </trkpt>
      <trkpt lat="49.145754" lon="8.190914">
        <ele>129.75</ele>
      </trkpt>
      <trkpt lat="49.145697" lon="8.190893">
        <ele>129.75</ele>
      </trkpt>
      <trkpt lat="49.145656" lon="8.190831">
        <ele>130</ele>
      </trkpt>
      <trkpt lat="49.145623" lon="8.190718">
        <ele>130</ele>
      </trkpt>
      <trkpt lat="49.145568" lon="8.190442">
        <ele>130</ele>
      </trkpt>
      <trkpt lat="49.145521" lon="8.19013">
        <ele>130</ele>
      </trkpt>
      <trkpt lat="49.145506" lon="8.189852">
        <ele>130</ele>
      </trkpt>
      <trkpt lat="49.145489" lon="8.189709">
        <ele>130</ele>
      </trkpt>
      <trkpt lat="49.145267" lon="8.188075">
        <ele>131</ele>
      </trkpt>
      <trkpt lat="49.145224" lon="8.187799">
        <ele>131.25</ele>
      </trkpt>
      <trkpt lat="49.14512" lon="8.187121">
        <ele>131.75</ele>
      </trkpt>
      <trkpt lat="49.145076" lon="8.186846">
        <ele>131.75</ele>
      </trkpt>
      <trkpt lat="49.145048" lon="8.186676">
        <ele>131.75</ele>
      </trkpt>
      <trkpt lat="49.144945" lon="8.186065">
        <ele>132.5</ele>
      </trkpt>
      <trkpt lat="49.144869" lon="8.18559">
        <ele>132.75</ele>
      </trkpt>
      <trkpt lat="49.144431" lon="8.183379">
        <ele>132.5</ele>
      </trkpt>
      <trkpt lat="49.144149" lon="8.182003">
        <ele>132.75</ele>
      </trkpt>
      <trkpt lat="49.143383" lon="8.17816">
        <ele>130.25</ele>
      </trkpt>
      <trkpt lat="49.143276" lon="8.177772">
        <ele>130.25</ele>
      </trkpt>
      <trkpt lat="49.143171" lon="8.177422">
        <ele>130.25</ele>
      </trkpt>
      <trkpt lat="49.142697" lon="8.17595">
        <ele>131</ele>
      </trkpt>
      <trkpt lat="49.142457" lon="8.175122">
        <ele>131.5</ele>
      </trkpt>
      <trkpt lat="49.141956" lon="8.173069">
        <ele>132.75</ele>
      </trkpt>
      <trkpt lat="49.141732" lon="8.172254">
        <ele>132.75</ele>
      </trkpt>
      <trkpt lat="49.141492" lon="8.171464">
        <ele>132.75</ele>
      </trkpt>
      <trkpt lat="49.141136" lon="8.170269">
        <ele>130.25</ele>
      </trkpt>
      <trkpt lat="49.140895" lon="8.169438">
        <ele>129</ele>
      </trkpt>
      <trkpt lat="49.14058" lon="8.16834">
        <ele>128</ele>
      </trkpt>
      <trkpt lat="49.140384" lon="8.167712">
        <ele>127.75</ele>
      </trkpt>
      <trkpt lat="49.140218" lon="8.167128">
        <ele>128.5</ele>
      </trkpt>
      <trkpt lat="49.14008" lon="8.166664">
        <ele>130</ele>
      </trkpt>
      <trkpt lat="49.139875" lon="8.165969">
        <ele>129.25</ele>
      </trkpt>
      <trkpt lat="49.139608" lon="8.16511">
        <ele>130.5</ele>
      </trkpt>
      <trkpt lat="49.139458" lon="8.164569">
        <ele>130.5</ele>
      </trkpt>
      <trkpt lat="49.139321" lon="8.164001">
        <ele>130</ele>
      </trkpt>
      <trkpt lat="49.139184" lon="8.163383">
        <ele>129</ele>
      </trkpt>
      <trkpt lat="49.139086" lon="8.16292">
        <ele>129.25</ele>
      </trkpt>
      <trkpt lat="49.138997" lon="8.162496">
        <ele>130.25</ele>
      </trkpt>
      <trkpt lat="49.138911" lon="8.161959">
        <ele>131.25</ele>
      </trkpt>
      <trkpt lat="49.13877" lon="8.160895">
        <ele>131.25</ele>
      </trkpt>
      <trkpt lat="49.138728" lon="8.160543">
        <ele>131</ele>
      </trkpt>
      <trkpt lat="49.138692" lon="8.160152">
        <ele>130.5</ele>
      </trkpt>
      <trkpt lat="49.138456" lon="8.158133">
        <ele>129</ele>
      </trkpt>
      <trkpt lat="49.13833" lon="8.157073">
        <ele>129.5</ele>
      </trkpt>
      <trkpt lat="49.138271" lon="8.156561">
        <ele>130.25</ele>
      </trkpt>
      <trkpt lat="49.138198" lon="8.155928">
        <ele>131.5</ele>
      </trkpt>
      <trkpt lat="49.138131" lon="8.155035">
        <ele>131.5</ele>
      </trkpt>
      <trkpt lat="49.138054" lon="8.152951">
        <ele>134.25</ele>
      </trkpt>
      <trkpt lat="49.138029" lon="8.152303">
        <ele>131.5</ele>
      </trkpt>
      <trkpt lat="49.138029" lon="8.152305">
        <ele>131.5</ele>
      </trkpt>
      <trkpt lat="49.138029" lon="8.152303">
        <ele>134</ele>
      </trkpt>
      <trkpt lat="49.137782" lon="8.145755">
        <ele>131.5</ele>
      </trkpt>
      <trkpt lat="49.137746" lon="8.144943">
        <ele>132</ele>
      </trkpt>
      <trkpt lat="49.137731" lon="8.1444">
        <ele>131.5</ele>
      </trkpt>
      <trkpt lat="49.137706" lon="8.143772">
        <ele>132</ele>
      </trkpt>
      <trkpt lat="49.137728" lon="8.143576">
        <ele>132.5</ele>
      </trkpt>
      <trkpt lat="49.137729" lon="8.143451">
        <ele>132.75</ele>
      </trkpt>
      <trkpt lat="49.137724" lon="8.143236">
        <ele>133.25</ele>
      </trkpt>
      <trkpt lat="49.137736" lon="8.142785">
        <ele>133.25</ele>
      </trkpt>
      <trkpt lat="49.137779" lon="8.142534">
        <ele>133.5</ele>
      </trkpt>
      <trkpt lat="49.137829" lon="8.142295">
        <ele>134</ele>
      </trkpt>
      <trkpt lat="49.137855" lon="8.142204">
        <ele>134</ele>
      </trkpt>
      <trkpt lat="49.13793" lon="8.141935">
        <ele>134.5</ele>
      </trkpt>
      <trkpt lat="49.138006" lon="8.141692">
        <ele>135</ele>
      </trkpt>
      <trkpt lat="49.138028" lon="8.141622">
        <ele>135.25</ele>
      </trkpt>
      <trkpt lat="49.138044" lon="8.141568">
        <ele>135.25</ele>
      </trkpt>
      <trkpt lat="49.138049" lon="8.141542">
        <ele>135.25</ele>
      </trkpt>
      <trkpt lat="49.138082" lon="8.141497">
        <ele>135.5</ele>
      </trkpt>
      <trkpt lat="49.138094" lon="8.141443">
        <ele>135.5</ele>
      </trkpt>
      <trkpt lat="49.138094" lon="8.141381">
        <ele>135.5</ele>
      </trkpt>
      <trkpt lat="49.138093" lon="8.141292">
        <ele>135.5</ele>
      </trkpt>
      <trkpt lat="49.138082" lon="8.141202">
        <ele>135.5</ele>
      </trkpt>
      <trkpt lat="49.13804" lon="8.141111">
        <ele>135.75</ele>
      </trkpt>
      <trkpt lat="49.13807" lon="8.141095">
        <ele>135.75</ele>
      </trkpt>
      <trkpt lat="49.138123" lon="8.141055">
        <ele>135.75</ele>
      </trkpt>
      <trkpt lat="49.138163" lon="8.140999">
        <ele>135.75</ele>
      </trkpt>
      <trkpt lat="49.138191" lon="8.140938">
        <ele>135.75</ele>
      </trkpt>
      <trkpt lat="49.138215" lon="8.14079">
        <ele>136</ele>
      </trkpt>
      <trkpt lat="49.138236" lon="8.140517">
        <ele>136.75</ele>
      </trkpt>
      <trkpt lat="49.138243" lon="8.140454">
        <ele>136.75</ele>
      </trkpt>
      <trkpt lat="49.138263" lon="8.138889">
        <ele>140</ele>
      </trkpt>
      <trkpt lat="49.138247" lon="8.137952">
        <ele>139.75</ele>
      </trkpt>
      <trkpt lat="49.138235" lon="8.137699">
        <ele>139.25</ele>
      </trkpt>
      <trkpt lat="49.13822" lon="8.137444">
        <ele>138.75</ele>
      </trkpt>
      <trkpt lat="49.138197" lon="8.137199">
        <ele>138.25</ele>
      </trkpt>
      <trkpt lat="49.138172" lon="8.136948">
        <ele>138</ele>
      </trkpt>
      <trkpt lat="49.138142" lon="8.136723">
        <ele>137.75</ele>
      </trkpt>
      <trkpt lat="49.137986" lon="8.135703">
        <ele>137.5</ele>
      </trkpt>
      <trkpt lat="49.137935" lon="8.13536">
        <ele>137.75</ele>
      </trkpt>
      <trkpt lat="49.137912" lon="8.135261">
        <ele>137.75</ele>
      </trkpt>
      <trkpt lat="49.137852" lon="8.135089">
        <ele>137.75</ele>
      </trkpt>
      <trkpt lat="49.137472" lon="8.134121">
        <ele>136.75</ele>
      </trkpt>
      <trkpt lat="49.136973" lon="8.132869">
        <ele>136.5</ele>
      </trkpt>
      <trkpt lat="49.136901" lon="8.132735">
        <ele>136.25</ele>
      </trkpt>
      <trkpt lat="49.136851" lon="8.132674">
        <ele>136.25</ele>
      </trkpt>
      <trkpt lat="49.136788" lon="8.132646">
        <ele>136.25</ele>
      </trkpt>
      <trkpt lat="49.136781" lon="8.131921">
        <ele>136.25</ele>
      </trkpt>
      <trkpt lat="49.136778" lon="8.131596">
        <ele>136.25</ele>
      </trkpt>
      <trkpt lat="49.136772" lon="8.131485">
        <ele>136.5</ele>
      </trkpt>
      <trkpt lat="49.136775" lon="8.13125">
        <ele>137.25</ele>
      </trkpt>
      <trkpt lat="49.136847" lon="8.130328">
        <ele>138.25</ele>
      </trkpt>
      <trkpt lat="49.136894" lon="8.129942">
        <ele>138.25</ele>
      </trkpt>
      <trkpt lat="49.136947" lon="8.129572">
        <ele>137.5</ele>
      </trkpt>
      <trkpt lat="49.137119" lon="8.128883">
        <ele>136.75</ele>
      </trkpt>
      <trkpt lat="49.137149" lon="8.128777">
        <ele>136.75</ele>
      </trkpt>
      <trkpt lat="49.137211" lon="8.128457">
        <ele>137</ele>
      </trkpt>
      <trkpt lat="49.137303" lon="8.127815">
        <ele>136.75</ele>
      </trkpt>
      <trkpt lat="49.137357" lon="8.12734">
        <ele>136.5</ele>
      </trkpt>
      <trkpt lat="49.137466" lon="8.126758">
        <ele>136</ele>
      </trkpt>
      <trkpt lat="49.137552" lon="8.12635">
        <ele>136.25</ele>
      </trkpt>
      <trkpt lat="49.137603" lon="8.126269">
        <ele>136.5</ele>
      </trkpt>
      <trkpt lat="49.137673" lon="8.126246">
        <ele>136.75</ele>
      </trkpt>
      <trkpt lat="49.137749" lon="8.126269">
        <ele>136.75</ele>
      </trkpt>
      <trkpt lat="49.13855" lon="8.126716">
        <ele>138</ele>
      </trkpt>
      <trkpt lat="49.138804" lon="8.126839">
        <ele>139.5</ele>
      </trkpt>
      <trkpt lat="49.139156" lon="8.127014">
        <ele>140.75</ele>
      </trkpt>
      <trkpt lat="49.139518" lon="8.12718">
        <ele>141</ele>
      </trkpt>
      <trkpt lat="49.13963" lon="8.127217">
        <ele>141</ele>
      </trkpt>
      <trkpt lat="49.139709" lon="8.127223">
        <ele>141</ele>
      </trkpt>
      <trkpt lat="49.139785" lon="8.127225">
        <ele>141</ele>
      </trkpt>
      <trkpt lat="49.139879" lon="8.127209">
        <ele>141</ele>
      </trkpt>
      <trkpt lat="49.140816" lon="8.126795">
        <ele>141</ele>
      </trkpt>
      <trkpt lat="49.141256" lon="8.126614">
        <ele>141</ele>
      </trkpt>
      <trkpt lat="49.142025" lon="8.126255">
        <ele>142</ele>
      </trkpt>
      <trkpt lat="49.142124" lon="8.126213">
        <ele>142.25</ele>
      </trkpt>
      <trkpt lat="49.143357" lon="8.125671">
        <ele>145</ele>
      </trkpt>
      <trkpt lat="49.14385" lon="8.125444">
        <ele>145.25</ele>
      </trkpt>
      <trkpt lat="49.144285" lon="8.125245">
        <ele>145.75</ele>
      </trkpt>
      <trkpt lat="49.14461" lon="8.125043">
        <ele>146.75</ele>
      </trkpt>
      <trkpt lat="49.144927" lon="8.124805">
        <ele>147.75</ele>
      </trkpt>
      <trkpt lat="49.145571" lon="8.124249">
        <ele>151.25</ele>
      </trkpt>
      <trkpt lat="49.14641" lon="8.123486">
        <ele>155.5</ele>
      </trkpt>
      <trkpt lat="49.147339" lon="8.122646">
        <ele>158.25</ele>
      </trkpt>
      <trkpt lat="49.147693" lon="8.122357">
        <ele>158.75</ele>
      </trkpt>
      <trkpt lat="49.149787" lon="8.120473">
        <ele>158</ele>
      </trkpt>
      <trkpt lat="49.149911" lon="8.12037">
        <ele>158</ele>
      </trkpt>
      <trkpt lat="49.150971" lon="8.119413">
        <ele>154</ele>
      </trkpt>
      <trkpt lat="49.15122" lon="8.119211">
        <ele>152.5</ele>
      </trkpt>
      <trkpt lat="49.151526" lon="8.118946">
        <ele>150.75</ele>
      </trkpt>
      <trkpt lat="49.151844" lon="8.11873">
        <ele>149.25</ele>
      </trkpt>
      <trkpt lat="49.152201" lon="8.118531">
        <ele>148</ele>
      </trkpt>
      <trkpt lat="49.153686" lon="8.117853">
        <ele>151</ele>
      </trkpt>
      <trkpt lat="49.15413" lon="8.117642">
        <ele>153.75</ele>
      </trkpt>
      <trkpt lat="49.154251" lon="8.11759">
        <ele>154</ele>
      </trkpt>
      <trkpt lat="49.154634" lon="8.117449">
        <ele>155</ele>
      </trkpt>
      <trkpt lat="49.154912" lon="8.117327">
        <ele>155.75</ele>
      </trkpt>
      <trkpt lat="49.154991" lon="8.117289">
        <ele>155.75</ele>
      </trkpt>
      <trkpt lat="49.15529" lon="8.117134">
        <ele>156.5</ele>
      </trkpt>
      <trkpt lat="49.155601" lon="8.116932">
        <ele>157</ele>
      </trkpt>
      <trkpt lat="49.155829" lon="8.116775">
        <ele>157.75</ele>
      </trkpt>
      <trkpt lat="49.156124" lon="8.116546">
        <ele>157</ele>
      </trkpt>
      <trkpt lat="49.15737" lon="8.115493">
        <ele>157</ele>
      </trkpt>
      <trkpt lat="49.157737" lon="8.115175">
        <ele>156.75</ele>
      </trkpt>
      <trkpt lat="49.158079" lon="8.114893">
        <ele>157.75</ele>
      </trkpt>
      <trkpt lat="49.159028" lon="8.114101">
        <ele>160</ele>
      </trkpt>
      <trkpt lat="49.159082" lon="8.114057">
        <ele>160</ele>
      </trkpt>
      <trkpt lat="49.159422" lon="8.113784">
        <ele>158.75</ele>
      </trkpt>
      <trkpt lat="49.159796" lon="8.113481">
        <ele>157.5</ele>
      </trkpt>
      <trkpt lat="49.160068" lon="8.113264">
        <ele>157</ele>
      </trkpt>
      <trkpt lat="49.160621" lon="8.112784">
        <ele>158.5</ele>
      </trkpt>
      <trkpt lat="49.160655" lon="8.112742">
        <ele>158.5</ele>
      </trkpt>
      <trkpt lat="49.160682" lon="8.112694">
        <ele>158.5</ele>
      </trkpt>
      <trkpt lat="49.160705" lon="8.112647">
        <ele>158.75</ele>
      </trkpt>
      <trkpt lat="49.160721" lon="8.112593">
        <ele>158.75</ele>
      </trkpt>
      <trkpt lat="49.160731" lon="8.112542">
        <ele>158.75</ele>
      </trkpt>
      <trkpt lat="49.160735" lon="8.112426">
        <ele>159</ele>
      </trkpt>
      <trkpt lat="49.161188" lon="8.112475">
        <ele>158.5</ele>
      </trkpt>
      <trkpt lat="49.161354" lon="8.1125">
        <ele>158.25</ele>
      </trkpt>
      <trkpt lat="49.161967" lon="8.112632">
        <ele>157</ele>
      </trkpt>
      <trkpt lat="49.162313" lon="8.112653">
        <ele>156.25</ele>
      </trkpt>
      <trkpt lat="49.162468" lon="8.112637">
        <ele>155.75</ele>
      </trkpt>
      <trkpt lat="49.162491" lon="8.112633">
        <ele>155.75</ele>
      </trkpt>
      <trkpt lat="49.16253" lon="8.11263">
        <ele>155.75</ele>
      </trkpt>
      <trkpt lat="49.162801" lon="8.112535">
        <ele>156.25</ele>
      </trkpt>
      <trkpt lat="49.163003" lon="8.112457">
        <ele>156.5</ele>
      </trkpt>
      <trkpt lat="49.163349" lon="8.112368">
        <ele>157</ele>
      </trkpt>
      <trkpt lat="49.163416" lon="8.112366">
        <ele>157.5</ele>
      </trkpt>
      <trkpt lat="49.163564" lon="8.112378">
        <ele>158.25</ele>
      </trkpt>
      <trkpt lat="49.163709" lon="8.112433">
        <ele>158.75</ele>
      </trkpt>
      <trkpt lat="49.163873" lon="8.112549">
        <ele>159.5</ele>
      </trkpt>
      <trkpt lat="49.164298" lon="8.112945">
        <ele>161.75</ele>
      </trkpt>
      <trkpt lat="49.164388" lon="8.112658">
        <ele>161.75</ele>
      </trkpt>
      <trkpt lat="49.164439" lon="8.112394">
        <ele>162</ele>
      </trkpt>
      <trkpt lat="49.164479" lon="8.111753">
        <ele>163.25</ele>
      </trkpt>
      <trkpt lat="49.164537" lon="8.110246">
        <ele>166.5</ele>
      </trkpt>
      <trkpt lat="49.164554" lon="8.109931">
        <ele>167.5</ele>
      </trkpt>
      <trkpt lat="49.164547" lon="8.109682">
        <ele>167.75</ele>
      </trkpt>
      <trkpt lat="49.164512" lon="8.109394">
        <ele>168.25</ele>
      </trkpt>
      <trkpt lat="49.164495" lon="8.109277">
        <ele>168.5</ele>
      </trkpt>
      <trkpt lat="49.164487" lon="8.109195">
        <ele>168.5</ele>
      </trkpt>
      <trkpt lat="49.164487" lon="8.109119">
        <ele>168.75</ele>
      </trkpt>
      <trkpt lat="49.164519" lon="8.10877">
        <ele>169.75</ele>
      </trkpt>
      <trkpt lat="49.164642" lon="8.107878">
        <ele>173.5</ele>
      </trkpt>
      <trkpt lat="49.16472" lon="8.107628">
        <ele>175</ele>
      </trkpt>
      <trkpt lat="49.16488" lon="8.107168">
        <ele>177</ele>
      </trkpt>
      <trkpt lat="49.165117" lon="8.106638">
        <ele>178.25</ele>
      </trkpt>
      <trkpt lat="49.165264" lon="8.106331">
        <ele>178.25</ele>
      </trkpt>
      <trkpt lat="49.16533" lon="8.106148">
        <ele>178.5</ele>
      </trkpt>
      <trkpt lat="49.165457" lon="8.105728">
        <ele>179</ele>
      </trkpt>
      <trkpt lat="49.165566" lon="8.105255">
        <ele>180.25</ele>
      </trkpt>
      <trkpt lat="49.165761" lon="8.104367">
        <ele>182.25</ele>
      </trkpt>
      <trkpt lat="49.165888" lon="8.103565">
        <ele>185.75</ele>
      </trkpt>
      <trkpt lat="49.165943" lon="8.103251">
        <ele>186.75</ele>
      </trkpt>
      <trkpt lat="49.165996" lon="8.10287">
        <ele>186.25</ele>
      </trkpt>
      <trkpt lat="49.166045" lon="8.102581">
        <ele>186</ele>
      </trkpt>
      <trkpt lat="49.166074" lon="8.102296">
        <ele>185.75</ele>
      </trkpt>
      <trkpt lat="49.166087" lon="8.101955">
        <ele>185.25</ele>
      </trkpt>
      <trkpt lat="49.1661" lon="8.101025">
        <ele>185.5</ele>
      </trkpt>
      <trkpt lat="49.166095" lon="8.100423">
        <ele>185.75</ele>
      </trkpt>
      <trkpt lat="49.166093" lon="8.100263">
        <ele>185.75</ele>
      </trkpt>
      <trkpt lat="49.166058" lon="8.099576">
        <ele>185.25</ele>
      </trkpt>
      <trkpt lat="49.166021" lon="8.099052">
        <ele>184.5</ele>
      </trkpt>
      <trkpt lat="49.165947" lon="8.098204">
        <ele>182.75</ele>
      </trkpt>
      <trkpt lat="49.165894" lon="8.097671">
        <ele>182</ele>
      </trkpt>
      <trkpt lat="49.165798" lon="8.096918">
        <ele>182.5</ele>
      </trkpt>
      <trkpt lat="49.165722" lon="8.096419">
        <ele>182.5</ele>
      </trkpt>
      <trkpt lat="49.165563" lon="8.095232">
        <ele>182.25</ele>
      </trkpt>
      <trkpt lat="49.165359" lon="8.094041">
        <ele>183</ele>
      </trkpt>
      <trkpt lat="49.165236" lon="8.093334">
        <ele>183.25</ele>
      </trkpt>
      <trkpt lat="49.165086" lon="8.092682">
        <ele>184.75</ele>
      </trkpt>
      <trkpt lat="49.164849" lon="8.091716">
        <ele>186.5</ele>
      </trkpt>
      <trkpt lat="49.164644" lon="8.090922">
        <ele>189.75</ele>
      </trkpt>
      <trkpt lat="49.164505" lon="8.090442">
        <ele>191</ele>
      </trkpt>
      <trkpt lat="49.164483" lon="8.09028">
        <ele>191.5</ele>
      </trkpt>
      <trkpt lat="49.164482" lon="8.090279">
        <ele>191.25</ele>
      </trkpt>
      <trkpt lat="49.164474" lon="8.090215">
        <ele>191.5</ele>
      </trkpt>
      <trkpt lat="49.164429" lon="8.08926">
        <ele>193.25</ele>
      </trkpt>
      <trkpt lat="49.164441" lon="8.089139">
        <ele>193.5</ele>
      </trkpt>
      <trkpt lat="49.164454" lon="8.089">
        <ele>194</ele>
      </trkpt>
      <trkpt lat="49.164505" lon="8.088718">
        <ele>195.25</ele>
      </trkpt>
      <trkpt lat="49.164608" lon="8.088425">
        <ele>196.25</ele>
      </trkpt>
      <trkpt lat="49.164804" lon="8.087966">
        <ele>196.5</ele>
      </trkpt>
      <trkpt lat="49.165129" lon="8.087239">
        <ele>195</ele>
      </trkpt>
      <trkpt lat="49.165204" lon="8.087061">
        <ele>194.25</ele>
      </trkpt>
      <trkpt lat="49.165263" lon="8.08689">
        <ele>194</ele>
      </trkpt>
      <trkpt lat="49.165304" lon="8.086741">
        <ele>193.5</ele>
      </trkpt>
      <trkpt lat="49.165329" lon="8.086601">
        <ele>193.25</ele>
      </trkpt>
      <trkpt lat="49.165388" lon="8.085766">
        <ele>192</ele>
      </trkpt>
      <trkpt lat="49.16541" lon="8.085454">
        <ele>192.25</ele>
      </trkpt>
      <trkpt lat="49.165455" lon="8.084912">
        <ele>192.25</ele>
      </trkpt>
      <trkpt lat="49.1655" lon="8.084453">
        <ele>192.5</ele>
      </trkpt>
      <trkpt lat="49.165558" lon="8.084048">
        <ele>192.75</ele>
      </trkpt>
      <trkpt lat="49.165728" lon="8.083088">
        <ele>193.75</ele>
      </trkpt>
      <trkpt lat="49.165757" lon="8.082925">
        <ele>194</ele>
      </trkpt>
      <trkpt lat="49.165836" lon="8.082494">
        <ele>194.75</ele>
      </trkpt>
      <trkpt lat="49.16603" lon="8.081616">
        <ele>195.25</ele>
      </trkpt>
      <trkpt lat="49.16625" lon="8.080724">
        <ele>195</ele>
      </trkpt>
      <trkpt lat="49.166323" lon="8.080431">
        <ele>195.25</ele>
      </trkpt>
      <trkpt lat="49.166401" lon="8.080124">
        <ele>195.25</ele>
      </trkpt>
      <trkpt lat="49.16643" lon="8.079998">
        <ele>195.5</ele>
      </trkpt>
      <trkpt lat="49.166544" lon="8.079534">
        <ele>196.25</ele>
      </trkpt>
      <trkpt lat="49.166598" lon="8.079319">
        <ele>196.5</ele>
      </trkpt>
      <trkpt lat="49.166819" lon="8.078177">
        <ele>197.5</ele>
      </trkpt>
      <trkpt lat="49.166836" lon="8.077896">
        <ele>197.5</ele>
      </trkpt>
      <trkpt lat="49.166827" lon="8.077324">
        <ele>198</ele>
      </trkpt>
      <trkpt lat="49.166821" lon="8.07714">
        <ele>198.5</ele>
      </trkpt>
      <trkpt lat="49.166747" lon="8.076384">
        <ele>200.25</ele>
      </trkpt>
      <trkpt lat="49.166721" lon="8.07621">
        <ele>200.5</ele>
      </trkpt>
      <trkpt lat="49.166753" lon="8.075166">
        <ele>200.75</ele>
      </trkpt>
      <trkpt lat="49.166658" lon="8.074018">
        <ele>198</ele>
      </trkpt>
      <trkpt lat="49.166658" lon="8.073977">
        <ele>198</ele>
      </trkpt>
      <trkpt lat="49.167012" lon="8.074193">
        <ele>197.5</ele>
      </trkpt>
      <trkpt lat="49.167178" lon="8.074295">
        <ele>197.75</ele>
      </trkpt>
      <trkpt lat="49.167666" lon="8.074667">
        <ele>198.75</ele>
      </trkpt>
      <trkpt lat="49.167887" lon="8.074835">
        <ele>199.25</ele>
      </trkpt>
      <trkpt lat="49.167945" lon="8.074881">
        <ele>199.5</ele>
      </trkpt>
      <trkpt lat="49.168001" lon="8.074926">
        <ele>199.75</ele>
      </trkpt>
      <trkpt lat="49.1681" lon="8.074993">
        <ele>199.75</ele>
      </trkpt>
      <trkpt lat="49.168152" lon="8.075004">
        <ele>199.75</ele>
      </trkpt>
      <trkpt lat="49.168884" lon="8.074726">
        <ele>198.5</ele>
      </trkpt>
      <trkpt lat="49.168993" lon="8.07468">
        <ele>198.5</ele>
      </trkpt>
      <trkpt lat="49.169134" lon="8.074593">
        <ele>198.5</ele>
      </trkpt>
      <trkpt lat="49.169285" lon="8.074467">
        <ele>198.5</ele>
      </trkpt>
      <trkpt lat="49.169354" lon="8.074395">
        <ele>198.5</ele>
      </trkpt>
      <trkpt lat="49.169418" lon="8.074303">
        <ele>198.75</ele>
      </trkpt>
      <trkpt lat="49.169418" lon="8.074303">
        <ele>198.5</ele>
      </trkpt>
      <trkpt lat="49.169454" lon="8.074253">
        <ele>198.75</ele>
      </trkpt>
      <trkpt lat="49.169485" lon="8.074232">
        <ele>198.75</ele>
      </trkpt>
      <trkpt lat="49.169539" lon="8.074218">
        <ele>198.75</ele>
      </trkpt>
      <trkpt lat="49.169563" lon="8.074229">
        <ele>198.75</ele>
      </trkpt>
      <trkpt lat="49.169875" lon="8.07449">
        <ele>198.25</ele>
      </trkpt>
      <trkpt lat="49.170105" lon="8.074611">
        <ele>197.5</ele>
      </trkpt>
      <trkpt lat="49.170195" lon="8.074658">
        <ele>197</ele>
      </trkpt>
      <trkpt lat="49.170513" lon="8.074789">
        <ele>195.75</ele>
      </trkpt>
      <trkpt lat="49.170627" lon="8.074845">
        <ele>195.25</ele>
      </trkpt>
      <trkpt lat="49.170672" lon="8.074891">
        <ele>194.75</ele>
      </trkpt>
      <trkpt lat="49.170812" lon="8.075113">
        <ele>193.75</ele>
      </trkpt>
      <trkpt lat="49.171464" lon="8.07606">
        <ele>189.5</ele>
      </trkpt>
      <trkpt lat="49.172469" lon="8.078122">
        <ele>181.25</ele>
      </trkpt>
      <trkpt lat="49.172771" lon="8.079063">
        <ele>179.75</ele>
      </trkpt>
      <trkpt lat="49.173533" lon="8.080169">
        <ele>176.75</ele>
      </trkpt>
      <trkpt lat="49.174279" lon="8.081226">
        <ele>177.75</ele>
      </trkpt>
      <trkpt lat="49.174518" lon="8.08152">
        <ele>177.75</ele>
      </trkpt>
      <trkpt lat="49.174783" lon="8.081743">
        <ele>177.75</ele>
      </trkpt>
      <trkpt lat="49.17495" lon="8.081841">
        <ele>178</ele>
      </trkpt>
      <trkpt lat="49.176224" lon="8.082411">
        <ele>183.25</ele>
      </trkpt>
      <trkpt lat="49.176322" lon="8.082471">
        <ele>183.25</ele>
      </trkpt>
      <trkpt lat="49.177023" lon="8.082979">
        <ele>181.5</ele>
      </trkpt>
      <trkpt lat="49.177427" lon="8.083261">
        <ele>177.75</ele>
      </trkpt>
      <trkpt lat="49.17756" lon="8.083363">
        <ele>176.75</ele>
      </trkpt>
      <trkpt lat="49.17766" lon="8.083461">
        <ele>176.25</ele>
      </trkpt>
      <trkpt lat="49.177911" lon="8.083742">
        <ele>175.5</ele>
      </trkpt>
      <trkpt lat="49.178064" lon="8.083889">
        <ele>174.75</ele>
      </trkpt>
      <trkpt lat="49.178214" lon="8.084003">
        <ele>174.25</ele>
      </trkpt>
      <trkpt lat="49.178314" lon="8.08406">
        <ele>174</ele>
      </trkpt>
      <trkpt lat="49.178435" lon="8.084113">
        <ele>174</ele>
      </trkpt>
      <trkpt lat="49.178504" lon="8.084141">
        <ele>174</ele>
      </trkpt>
      <trkpt lat="49.178701" lon="8.084179">
        <ele>174</ele>
      </trkpt>
      <trkpt lat="49.178832" lon="8.084189">
        <ele>173.75</ele>
      </trkpt>
      <trkpt lat="49.178933" lon="8.084197">
        <ele>173.75</ele>
      </trkpt>
      <trkpt lat="49.179216" lon="8.084215">
        <ele>173.75</ele>
      </trkpt>
      <trkpt lat="49.179278" lon="8.084215">
        <ele>173.5</ele>
      </trkpt>
      <trkpt lat="49.179423" lon="8.084215">
        <ele>173.25</ele>
      </trkpt>
      <trkpt lat="49.179678" lon="8.084199">
        <ele>172.5</ele>
      </trkpt>
      <trkpt lat="49.179732" lon="8.084186">
        <ele>172.5</ele>
      </trkpt>
      <trkpt lat="49.179818" lon="8.084156">
        <ele>172.25</ele>
      </trkpt>
      <trkpt lat="49.18018" lon="8.083976">
        <ele>171.75</ele>
      </trkpt>
      <trkpt lat="49.180212" lon="8.083963">
        <ele>171.75</ele>
      </trkpt>
      <trkpt lat="49.180456" lon="8.083875">
        <ele>171.75</ele>
      </trkpt>
      <trkpt lat="49.180623" lon="8.083828">
        <ele>171.5</ele>
      </trkpt>
      <trkpt lat="49.180725" lon="8.083801">
        <ele>171.5</ele>
      </trkpt>
      <trkpt lat="49.180831" lon="8.083787">
        <ele>171.5</ele>
      </trkpt>
      <trkpt lat="49.180972" lon="8.083764">
        <ele>173</ele>
      </trkpt>
      <trkpt lat="49.181255" lon="8.083725">
        <ele>176.5</ele>
      </trkpt>
      <trkpt lat="49.181415" lon="8.083719">
        <ele>178.25</ele>
      </trkpt>
      <trkpt lat="49.181517" lon="8.083758">
        <ele>179.5</ele>
      </trkpt>
      <trkpt lat="49.181639" lon="8.083845">
        <ele>181.25</ele>
      </trkpt>
      <trkpt lat="49.181696" lon="8.083903">
        <ele>181.75</ele>
      </trkpt>
      <trkpt lat="49.181979" lon="8.084254">
        <ele>184.25</ele>
      </trkpt>
      <trkpt lat="49.182944" lon="8.085578">
        <ele>185</ele>
      </trkpt>
      <trkpt lat="49.183373" lon="8.086167">
        <ele>184</ele>
      </trkpt>
      <trkpt lat="49.183483" lon="8.086262">
        <ele>183.75</ele>
      </trkpt>
      <trkpt lat="49.183574" lon="8.086332">
        <ele>183.75</ele>
      </trkpt>
      <trkpt lat="49.183648" lon="8.086354">
        <ele>183.75</ele>
      </trkpt>
      <trkpt lat="49.183701" lon="8.08636">
        <ele>183.5</ele>
      </trkpt>
      <trkpt lat="49.183783" lon="8.086337">
        <ele>183.75</ele>
      </trkpt>
      <trkpt lat="49.183897" lon="8.086259">
        <ele>183.75</ele>
      </trkpt>
      <trkpt lat="49.183948" lon="8.086218">
        <ele>184</ele>
      </trkpt>
      <trkpt lat="49.183921" lon="8.086158">
        <ele>184</ele>
      </trkpt>
      <trkpt lat="49.183863" lon="8.085964">
        <ele>184.5</ele>
      </trkpt>
      <trkpt lat="49.183554" lon="8.085231">
        <ele>185</ele>
      </trkpt>
      <trkpt lat="49.18343" lon="8.084965">
        <ele>185</ele>
      </trkpt>
      <trkpt lat="49.183218" lon="8.084323">
        <ele>186.75</ele>
      </trkpt>
      <trkpt lat="49.183127" lon="8.084007">
        <ele>187.5</ele>
      </trkpt>
      <trkpt lat="49.183047" lon="8.08369">
        <ele>188</ele>
      </trkpt>
      <trkpt lat="49.182908" lon="8.08305">
        <ele>187.75</ele>
      </trkpt>
      <trkpt lat="49.182837" lon="8.082652">
        <ele>187.25</ele>
      </trkpt>
      <trkpt lat="49.182773" lon="8.082237">
        <ele>186</ele>
      </trkpt>
      <trkpt lat="49.182709" lon="8.081767">
        <ele>184.5</ele>
      </trkpt>
      <trkpt lat="49.182652" lon="8.081288">
        <ele>183.5</ele>
      </trkpt>
      <trkpt lat="49.182544" lon="8.080107">
        <ele>183</ele>
      </trkpt>
      <trkpt lat="49.182514" lon="8.079748">
        <ele>183</ele>
      </trkpt>
      <trkpt lat="49.182432" lon="8.078852">
        <ele>183</ele>
      </trkpt>
      <trkpt lat="49.182345" lon="8.078005">
        <ele>184.25</ele>
      </trkpt>
      <trkpt lat="49.18229" lon="8.077577">
        <ele>185.75</ele>
      </trkpt>
      <trkpt lat="49.182435" lon="8.077422">
        <ele>187.75</ele>
      </trkpt>
      <trkpt lat="49.18255" lon="8.077321">
        <ele>188.75</ele>
      </trkpt>
      <trkpt lat="49.182637" lon="8.077231">
        <ele>189.5</ele>
      </trkpt>
      <trkpt lat="49.182918" lon="8.077051">
        <ele>191.25</ele>
      </trkpt>
      <trkpt lat="49.183759" lon="8.076409">
        <ele>196.75</ele>
      </trkpt>
      <trkpt lat="49.183887" lon="8.076323">
        <ele>197.5</ele>
      </trkpt>
      <trkpt lat="49.184404" lon="8.07601">
        <ele>200</ele>
      </trkpt>
      <trkpt lat="49.184552" lon="8.075906">
        <ele>200.75</ele>
      </trkpt>
      <trkpt lat="49.184765" lon="8.075721">
        <ele>202.5</ele>
      </trkpt>
      <trkpt lat="49.184984" lon="8.075504">
        <ele>204.75</ele>
      </trkpt>
      <trkpt lat="49.185152" lon="8.075351">
        <ele>206.25</ele>
      </trkpt>
      <trkpt lat="49.18526" lon="8.075264">
        <ele>206.75</ele>
      </trkpt>
      <trkpt lat="49.185356" lon="8.075191">
        <ele>207.5</ele>
      </trkpt>
      <trkpt lat="49.185474" lon="8.075116">
        <ele>207.75</ele>
      </trkpt>
      <trkpt lat="49.185541" lon="8.075085">
        <ele>208</ele>
      </trkpt>
      <trkpt lat="49.185706" lon="8.07503">
        <ele>208</ele>
      </trkpt>
      <trkpt lat="49.186682" lon="8.074851">
        <ele>209.75</ele>
      </trkpt>
      <trkpt lat="49.186807" lon="8.074821">
        <ele>209.75</ele>
      </trkpt>
      <trkpt lat="49.187233" lon="8.074656">
        <ele>211</ele>
      </trkpt>
      <trkpt lat="49.187315" lon="8.074636">
        <ele>211.25</ele>
      </trkpt>
      <trkpt lat="49.187468" lon="8.074622">
        <ele>211</ele>
      </trkpt>
      <trkpt lat="49.187562" lon="8.074623">
        <ele>211</ele>
      </trkpt>
      <trkpt lat="49.187844" lon="8.074666">
        <ele>210.25</ele>
      </trkpt>
      <trkpt lat="49.187999" lon="8.074719">
        <ele>209.5</ele>
      </trkpt>
      <trkpt lat="49.188089" lon="8.07476">
        <ele>209</ele>
      </trkpt>
      <trkpt lat="49.188271" lon="8.074861">
        <ele>207.5</ele>
      </trkpt>
      <trkpt lat="49.189159" lon="8.07541">
        <ele>203.5</ele>
      </trkpt>
      <trkpt lat="49.189487" lon="8.075611">
        <ele>199.75</ele>
      </trkpt>
      <trkpt lat="49.189605" lon="8.075666">
        <ele>199</ele>
      </trkpt>
      <trkpt lat="49.189854" lon="8.075761">
        <ele>197.75</ele>
      </trkpt>
      <trkpt lat="49.190129" lon="8.075823">
        <ele>197</ele>
      </trkpt>
      <trkpt lat="49.19036" lon="8.075844">
        <ele>196.75</ele>
      </trkpt>
      <trkpt lat="49.190568" lon="8.075837">
        <ele>196.75</ele>
      </trkpt>
      <trkpt lat="49.191076" lon="8.075708">
        <ele>197</ele>
      </trkpt>
      <trkpt lat="49.191133" lon="8.075691">
        <ele>196.75</ele>
      </trkpt>
      <trkpt lat="49.191374" lon="8.075614">
        <ele>196.75</ele>
      </trkpt>
      <trkpt lat="49.191419" lon="8.075601">
        <ele>196.5</ele>
      </trkpt>
      <trkpt lat="49.191747" lon="8.075502">
        <ele>194.75</ele>
      </trkpt>
      <trkpt lat="49.191941" lon="8.075444">
        <ele>194.75</ele>
      </trkpt>
      <trkpt lat="49.192209" lon="8.075358">
        <ele>193.25</ele>
      </trkpt>
      <trkpt lat="49.19242" lon="8.075293">
        <ele>191.75</ele>
      </trkpt>
      <trkpt lat="49.192443" lon="8.075287">
        <ele>191.5</ele>
      </trkpt>
      <trkpt lat="49.192622" lon="8.07525">
        <ele>191</ele>
      </trkpt>
      <trkpt lat="49.193147" lon="8.075135">
        <ele>190.75</ele>
      </trkpt>
      <trkpt lat="49.19357" lon="8.075042">
        <ele>189.25</ele>
      </trkpt>
      <trkpt lat="49.193741" lon="8.074986">
        <ele>188.5</ele>
      </trkpt>
      <trkpt lat="49.19405" lon="8.074798">
        <ele>187</ele>
      </trkpt>
      <trkpt lat="49.194241" lon="8.074692">
        <ele>186.5</ele>
      </trkpt>
      <trkpt lat="49.194347" lon="8.074586">
        <ele>186.75</ele>
      </trkpt>
      <trkpt lat="49.194372" lon="8.074571">
        <ele>187</ele>
      </trkpt>
      <trkpt lat="49.194421" lon="8.074563">
        <ele>187</ele>
      </trkpt>
      <trkpt lat="49.194477" lon="8.074578">
        <ele>187</ele>
      </trkpt>
      <trkpt lat="49.194579" lon="8.074636">
        <ele>186.75</ele>
      </trkpt>
      <trkpt lat="49.194627" lon="8.074698">
        <ele>186.5</ele>
      </trkpt>
      <trkpt lat="49.194662" lon="8.074816">
        <ele>186</ele>
      </trkpt>
      <trkpt lat="49.194843" lon="8.075954">
        <ele>180.25</ele>
      </trkpt>
      <trkpt lat="49.195074" lon="8.076989">
        <ele>178</ele>
      </trkpt>
      <trkpt lat="49.19512" lon="8.077231">
        <ele>177.25</ele>
      </trkpt>
      <trkpt lat="49.195155" lon="8.077466">
        <ele>176.75</ele>
      </trkpt>
      <trkpt lat="49.195203" lon="8.077924">
        <ele>177</ele>
      </trkpt>
      <trkpt lat="49.195235" lon="8.078293">
        <ele>177.25</ele>
      </trkpt>
      <trkpt lat="49.195271" lon="8.078876">
        <ele>176.5</ele>
      </trkpt>
      <trkpt lat="49.195305" lon="8.079784">
        <ele>174.75</ele>
      </trkpt>
      <trkpt lat="49.19545" lon="8.081806">
        <ele>172.5</ele>
      </trkpt>
      <trkpt lat="49.195463" lon="8.082052">
        <ele>172.25</ele>
      </trkpt>
      <trkpt lat="49.195468" lon="8.082347">
        <ele>172</ele>
      </trkpt>
      <trkpt lat="49.195457" lon="8.082997">
        <ele>169.5</ele>
      </trkpt>
      <trkpt lat="49.195454" lon="8.083159">
        <ele>168.75</ele>
      </trkpt>
      <trkpt lat="49.195447" lon="8.083238">
        <ele>168.25</ele>
      </trkpt>
      <trkpt lat="49.195411" lon="8.083357">
        <ele>167.75</ele>
      </trkpt>
      <trkpt lat="49.195366" lon="8.083469">
        <ele>167.25</ele>
      </trkpt>
      <trkpt lat="49.195353" lon="8.083532">
        <ele>167.25</ele>
      </trkpt>
      <trkpt lat="49.19535" lon="8.083627">
        <ele>166.75</ele>
      </trkpt>
      <trkpt lat="49.195356" lon="8.083714">
        <ele>166.5</ele>
      </trkpt>
      <trkpt lat="49.195467" lon="8.084419">
        <ele>165</ele>
      </trkpt>
      <trkpt lat="49.195585" lon="8.08518">
        <ele>164.25</ele>
      </trkpt>
      <trkpt lat="49.195711" lon="8.085979">
        <ele>164</ele>
      </trkpt>
      <trkpt lat="49.195782" lon="8.08641">
        <ele>163.25</ele>
      </trkpt>
      <trkpt lat="49.1959" lon="8.08717">
        <ele>163.75</ele>
      </trkpt>
      <trkpt lat="49.195908" lon="8.087263">
        <ele>164</ele>
      </trkpt>
      <trkpt lat="49.195906" lon="8.087425">
        <ele>164</ele>
      </trkpt>
      <trkpt lat="49.195894" lon="8.087603">
        <ele>163.75</ele>
      </trkpt>
      <trkpt lat="49.195811" lon="8.088211">
        <ele>162.25</ele>
      </trkpt>
      <trkpt lat="49.195789" lon="8.088482">
        <ele>162</ele>
      </trkpt>
      <trkpt lat="49.195769" lon="8.088975">
        <ele>161.5</ele>
      </trkpt>
      <trkpt lat="49.195768" lon="8.089211">
        <ele>161.5</ele>
      </trkpt>
      <trkpt lat="49.195789" lon="8.089577">
        <ele>161.75</ele>
      </trkpt>
      <trkpt lat="49.195828" lon="8.089923">
        <ele>161.75</ele>
      </trkpt>
      <trkpt lat="49.195889" lon="8.090559">
        <ele>161</ele>
      </trkpt>
      <trkpt lat="49.19591" lon="8.090847">
        <ele>160.5</ele>
      </trkpt>
      <trkpt lat="49.195923" lon="8.091133">
        <ele>159.5</ele>
      </trkpt>
      <trkpt lat="49.195918" lon="8.091372">
        <ele>158.75</ele>
      </trkpt>
      <trkpt lat="49.195885" lon="8.092175">
        <ele>157</ele>
      </trkpt>
      <trkpt lat="49.195884" lon="8.09225">
        <ele>157</ele>
      </trkpt>
      <trkpt lat="49.195889" lon="8.092378">
        <ele>156.75</ele>
      </trkpt>
      <trkpt lat="49.195898" lon="8.092467">
        <ele>156.5</ele>
      </trkpt>
      <trkpt lat="49.195935" lon="8.092603">
        <ele>156.25</ele>
      </trkpt>
      <trkpt lat="49.195956" lon="8.092649">
        <ele>156</ele>
      </trkpt>
      <trkpt lat="49.196036" lon="8.092498">
        <ele>156</ele>
      </trkpt>
      <trkpt lat="49.196061" lon="8.092455">
        <ele>155.75</ele>
      </trkpt>
      <trkpt lat="49.196114" lon="8.092361">
        <ele>155.75</ele>
      </trkpt>
      <trkpt lat="49.196353" lon="8.091917">
        <ele>156</ele>
      </trkpt>
      <trkpt lat="49.196755" lon="8.091165">
        <ele>156.75</ele>
      </trkpt>
      <trkpt lat="49.19709" lon="8.090564">
        <ele>157.5</ele>
      </trkpt>
      <trkpt lat="49.197277" lon="8.090196">
        <ele>158</ele>
      </trkpt>
      <trkpt lat="49.197433" lon="8.089892">
        <ele>158.5</ele>
      </trkpt>
      <trkpt lat="49.19762" lon="8.08952">
        <ele>160</ele>
      </trkpt>
      <trkpt lat="49.197759" lon="8.089268">
        <ele>160.75</ele>
      </trkpt>
      <trkpt lat="49.197948" lon="8.088947">
        <ele>161.25</ele>
      </trkpt>
      <trkpt lat="49.198415" lon="8.088236">
        <ele>161.75</ele>
      </trkpt>
      <trkpt lat="49.198479" lon="8.088134">
        <ele>161.75</ele>
      </trkpt>
      <trkpt lat="49.198657" lon="8.087846">
        <ele>161.75</ele>
      </trkpt>
      <trkpt lat="49.199048" lon="8.087254">
        <ele>161.25</ele>
      </trkpt>
      <trkpt lat="49.19929" lon="8.086922">
        <ele>160.25</ele>
      </trkpt>
      <trkpt lat="49.199692" lon="8.086492">
        <ele>158.5</ele>
      </trkpt>
      <trkpt lat="49.200531" lon="8.085645">
        <ele>156.5</ele>
      </trkpt>
      <trkpt lat="49.200606" lon="8.085566">
        <ele>156.25</ele>
      </trkpt>
      <trkpt lat="49.200882" lon="8.085283">
        <ele>155.75</ele>
      </trkpt>
      <trkpt lat="49.200934" lon="8.085223">
        <ele>155.75</ele>
      </trkpt>
      <trkpt lat="49.201442" lon="8.084633">
        <ele>156.5</ele>
      </trkpt>
      <trkpt lat="49.202036" lon="8.083912">
        <ele>158</ele>
      </trkpt>
      <trkpt lat="49.202459" lon="8.083437">
        <ele>158</ele>
      </trkpt>
      <trkpt lat="49.202706" lon="8.083177">
        <ele>158.75</ele>
      </trkpt>
      <trkpt lat="49.202892" lon="8.08299">
        <ele>159.75</ele>
      </trkpt>
      <trkpt lat="49.203109" lon="8.082782">
        <ele>163.5</ele>
      </trkpt>
      <trkpt lat="49.203109" lon="8.082782">
        <ele>163.5</ele>
      </trkpt>
      <trkpt lat="49.203109" lon="8.082782">
        <ele>161.5</ele>
      </trkpt>
      <trkpt lat="49.203329" lon="8.082573">
        <ele>163.5</ele>
      </trkpt>
      <trkpt lat="49.203987" lon="8.082025">
        <ele>162.75</ele>
      </trkpt>
      <trkpt lat="49.204289" lon="8.081795">
        <ele>161.75</ele>
      </trkpt>
      <trkpt lat="49.204538" lon="8.081621">
        <ele>161</ele>
      </trkpt>
      <trkpt lat="49.204636" lon="8.081552">
        <ele>160.75</ele>
      </trkpt>
      <trkpt lat="49.204748" lon="8.081475">
        <ele>160.5</ele>
      </trkpt>
      <trkpt lat="49.204974" lon="8.08134">
        <ele>160</ele>
      </trkpt>
      <trkpt lat="49.205179" lon="8.081216">
        <ele>160.5</ele>
      </trkpt>
      <trkpt lat="49.205233" lon="8.081181">
        <ele>160.5</ele>
      </trkpt>
      <trkpt lat="49.205577" lon="8.080966">
        <ele>160.5</ele>
      </trkpt>
      <trkpt lat="49.205742" lon="8.080859">
        <ele>160.25</ele>
      </trkpt>
      <trkpt lat="49.206061" lon="8.080638">
        <ele>158</ele>
      </trkpt>
      <trkpt lat="49.206203" lon="8.080536">
        <ele>157</ele>
      </trkpt>
      <trkpt lat="49.206278" lon="8.080477">
        <ele>156.5</ele>
      </trkpt>
      <trkpt lat="49.206391" lon="8.08039">
        <ele>155.75</ele>
      </trkpt>
      <trkpt lat="49.206492" lon="8.080301">
        <ele>155</ele>
      </trkpt>
      <trkpt lat="49.20657" lon="8.080229">
        <ele>154.25</ele>
      </trkpt>
      <trkpt lat="49.206758" lon="8.080023">
        <ele>153</ele>
      </trkpt>
      <trkpt lat="49.206856" lon="8.079906">
        <ele>152.25</ele>
      </trkpt>
      <trkpt lat="49.20702" lon="8.079654">
        <ele>152.25</ele>
      </trkpt>
      <trkpt lat="49.207115" lon="8.079487">
        <ele>151.75</ele>
      </trkpt>
      <trkpt lat="49.207271" lon="8.079172">
        <ele>150.75</ele>
      </trkpt>
      <trkpt lat="49.20743" lon="8.078787">
        <ele>149.75</ele>
      </trkpt>
      <trkpt lat="49.20752" lon="8.078535">
        <ele>149.25</ele>
      </trkpt>
      <trkpt lat="49.207601" lon="8.07827">
        <ele>149.5</ele>
      </trkpt>
      <trkpt lat="49.20761" lon="8.078237">
        <ele>149.5</ele>
      </trkpt>
      <trkpt lat="49.207677" lon="8.077977">
        <ele>149.75</ele>
      </trkpt>
      <trkpt lat="49.207721" lon="8.077754">
        <ele>150</ele>
      </trkpt>
      <trkpt lat="49.207771" lon="8.077401">
        <ele>150</ele>
      </trkpt>
      <trkpt lat="49.207881" lon="8.076926">
        <ele>150</ele>
      </trkpt>
      <trkpt lat="49.207914" lon="8.076872">
        <ele>150</ele>
      </trkpt>
      <trkpt lat="49.207951" lon="8.076834">
        <ele>149.75</ele>
      </trkpt>
      <trkpt lat="49.207994" lon="8.076806">
        <ele>149.75</ele>
      </trkpt>
      <trkpt lat="49.208255" lon="8.076719">
        <ele>149</ele>
      </trkpt>
      <trkpt lat="49.208803" lon="8.076532">
        <ele>150</ele>
      </trkpt>
      <trkpt lat="49.208835" lon="8.076521">
        <ele>150.25</ele>
      </trkpt>
      <trkpt lat="49.208926" lon="8.076494">
        <ele>150.25</ele>
      </trkpt>
      <trkpt lat="49.208997" lon="8.076472">
        <ele>150.5</ele>
      </trkpt>
      <trkpt lat="49.209098" lon="8.076439">
        <ele>150.75</ele>
      </trkpt>
      <trkpt lat="49.209264" lon="8.07639">
        <ele>151</ele>
      </trkpt>
      <trkpt lat="49.209342" lon="8.076363">
        <ele>151.25</ele>
      </trkpt>
      <trkpt lat="49.209355" lon="8.076358">
        <ele>151.25</ele>
      </trkpt>
      <trkpt lat="49.209948" lon="8.076176">
        <ele>152.25</ele>
      </trkpt>
      <trkpt lat="49.210198" lon="8.076099">
        <ele>153.25</ele>
      </trkpt>
      <trkpt lat="49.210225" lon="8.076092">
        <ele>153.25</ele>
      </trkpt>
      <trkpt lat="49.210223" lon="8.075888">
        <ele>153.5</ele>
      </trkpt>
      <trkpt lat="49.210237" lon="8.07576">
        <ele>153.25</ele>
      </trkpt>
      <trkpt lat="49.210267" lon="8.075595">
        <ele>153</ele>
      </trkpt>
      <trkpt lat="49.210332" lon="8.075326">
        <ele>152.25</ele>
      </trkpt>
      <trkpt lat="49.21052" lon="8.074737">
        <ele>151.25</ele>
      </trkpt>
      <trkpt lat="49.210726" lon="8.074103">
        <ele>151</ele>
      </trkpt>
      <trkpt lat="49.210927" lon="8.07323">
        <ele>151.5</ele>
      </trkpt>
      <trkpt lat="49.210964" lon="8.073065">
        <ele>151.75</ele>
      </trkpt>
      <trkpt lat="49.211129" lon="8.072251">
        <ele>153</ele>
      </trkpt>
      <trkpt lat="49.211221" lon="8.071755">
        <ele>153.75</ele>
      </trkpt>
      <trkpt lat="49.211284" lon="8.071428">
        <ele>153.5</ele>
      </trkpt>
      <trkpt lat="49.211332" lon="8.071151">
        <ele>153.25</ele>
      </trkpt>
      <trkpt lat="49.21155" lon="8.070043">
        <ele>155</ele>
      </trkpt>
      <trkpt lat="49.211598" lon="8.069792">
        <ele>155.5</ele>
      </trkpt>
      <trkpt lat="49.211681" lon="8.069328">
        <ele>155.75</ele>
      </trkpt>
      <trkpt lat="49.211681" lon="8.069328">
        <ele>155.5</ele>
      </trkpt>
      <trkpt lat="49.211777" lon="8.068804">
        <ele>155.75</ele>
      </trkpt>
      <trkpt lat="49.211898" lon="8.068186">
        <ele>154.75</ele>
      </trkpt>
      <trkpt lat="49.211952" lon="8.067877">
        <ele>154.25</ele>
      </trkpt>
      <trkpt lat="49.211967" lon="8.067634">
        <ele>153.75</ele>
      </trkpt>
      <trkpt lat="49.211968" lon="8.067464">
        <ele>153.5</ele>
      </trkpt>
      <trkpt lat="49.211971" lon="8.067155">
        <ele>153.5</ele>
      </trkpt>
      <trkpt lat="49.211957" lon="8.066776">
        <ele>153.25</ele>
      </trkpt>
      <trkpt lat="49.211908" lon="8.065707">
        <ele>153.75</ele>
      </trkpt>
      <trkpt lat="49.211767" lon="8.062524">
        <ele>155.25</ele>
      </trkpt>
      <trkpt lat="49.211701" lon="8.061691">
        <ele>154</ele>
      </trkpt>
      <trkpt lat="49.211623" lon="8.06083">
        <ele>154.75</ele>
      </trkpt>
      <trkpt lat="49.211419" lon="8.058563">
        <ele>154.25</ele>
      </trkpt>
      <trkpt lat="49.211382" lon="8.058207">
        <ele>154.25</ele>
      </trkpt>
      <trkpt lat="49.211348" lon="8.05799">
        <ele>154.5</ele>
      </trkpt>
      <trkpt lat="49.211302" lon="8.057762">
        <ele>154.75</ele>
      </trkpt>
      <trkpt lat="49.211169" lon="8.057268">
        <ele>154.5</ele>
      </trkpt>
      <trkpt lat="49.211027" lon="8.056789">
        <ele>153.75</ele>
      </trkpt>
      <trkpt lat="49.21078" lon="8.055945">
        <ele>156.25</ele>
      </trkpt>
      <trkpt lat="49.210465" lon="8.054902">
        <ele>156.25</ele>
      </trkpt>
      <trkpt lat="49.210109" lon="8.053665">
        <ele>157.5</ele>
      </trkpt>
      <trkpt lat="49.210069" lon="8.053514">
        <ele>157.5</ele>
      </trkpt>
      <trkpt lat="49.209841" lon="8.052618">
        <ele>158.5</ele>
      </trkpt>
      <trkpt lat="49.209722" lon="8.05212">
        <ele>158.5</ele>
      </trkpt>
      <trkpt lat="49.209682" lon="8.051917">
        <ele>158.25</ele>
      </trkpt>
      <trkpt lat="49.209617" lon="8.051483">
        <ele>157.75</ele>
      </trkpt>
      <trkpt lat="49.209564" lon="8.051363">
        <ele>157.5</ele>
      </trkpt>
      <trkpt lat="49.209593" lon="8.05133">
        <ele>157.5</ele>
      </trkpt>
      <trkpt lat="49.20976" lon="8.051271">
        <ele>157.75</ele>
      </trkpt>
      <trkpt lat="49.209799" lon="8.051242">
        <ele>158</ele>
      </trkpt>
      <trkpt lat="49.209949" lon="8.051039">
        <ele>158</ele>
      </trkpt>
      <trkpt lat="49.210062" lon="8.050954">
        <ele>158.25</ele>
      </trkpt>
      <trkpt lat="49.210148" lon="8.050907">
        <ele>158.25</ele>
      </trkpt>
      <trkpt lat="49.210268" lon="8.050841">
        <ele>158.5</ele>
      </trkpt>
      <trkpt lat="49.210314" lon="8.050804">
        <ele>158.75</ele>
      </trkpt>
      <trkpt lat="49.210341" lon="8.050768">
        <ele>158.75</ele>
      </trkpt>
      <trkpt lat="49.210351" lon="8.050709">
        <ele>158.75</ele>
      </trkpt>
      <trkpt lat="49.210372" lon="8.050418">
        <ele>159</ele>
      </trkpt>
      <trkpt lat="49.210384" lon="8.050349">
        <ele>159</ele>
      </trkpt>
      <trkpt lat="49.210407" lon="8.050284">
        <ele>159.25</ele>
      </trkpt>
      <trkpt lat="49.210442" lon="8.050222">
        <ele>159.25</ele>
      </trkpt>
      <trkpt lat="49.210493" lon="8.050144">
        <ele>159.5</ele>
      </trkpt>
      <trkpt lat="49.210579" lon="8.050054">
        <ele>160</ele>
      </trkpt>
      <trkpt lat="49.210681" lon="8.049965">
        <ele>160.25</ele>
      </trkpt>
      <trkpt lat="49.210916" lon="8.049786">
        <ele>161.25</ele>
      </trkpt>
      <trkpt lat="49.210988" lon="8.049751">
        <ele>161.5</ele>
      </trkpt>
      <trkpt lat="49.211265" lon="8.049675">
        <ele>163.25</ele>
      </trkpt>
      <trkpt lat="49.211412" lon="8.049616">
        <ele>164</ele>
      </trkpt>
      <trkpt lat="49.21181" lon="8.049486">
        <ele>165.5</ele>
      </trkpt>
      <trkpt lat="49.212061" lon="8.049443">
        <ele>166.25</ele>
      </trkpt>
      <trkpt lat="49.21225" lon="8.049464">
        <ele>167</ele>
      </trkpt>
      <trkpt lat="49.212467" lon="8.049519">
        <ele>168.25</ele>
      </trkpt>
      <trkpt lat="49.212641" lon="8.049619">
        <ele>169.25</ele>
      </trkpt>
      <trkpt lat="49.212839" lon="8.049747">
        <ele>169.75</ele>
      </trkpt>
      <trkpt lat="49.213742" lon="8.050507">
        <ele>174</ele>
      </trkpt>
      <trkpt lat="49.213981" lon="8.050671">
        <ele>175.25</ele>
      </trkpt>
      <trkpt lat="49.214155" lon="8.050724">
        <ele>175.5</ele>
      </trkpt>
      <trkpt lat="49.214347" lon="8.050744">
        <ele>176.75</ele>
      </trkpt>
      <trkpt lat="49.214639" lon="8.050704">
        <ele>178.5</ele>
      </trkpt>
      <trkpt lat="49.215081" lon="8.050596">
        <ele>181</ele>
      </trkpt>
      <trkpt lat="49.217644" lon="8.050036">
        <ele>190.5</ele>
      </trkpt>
      <trkpt lat="49.218015" lon="8.049981">
        <ele>191</ele>
      </trkpt>
      <trkpt lat="49.21816" lon="8.049982">
        <ele>191.5</ele>
      </trkpt>
      <trkpt lat="49.218565" lon="8.050019">
        <ele>193.25</ele>
      </trkpt>
      <trkpt lat="49.219085" lon="8.050236">
        <ele>197.25</ele>
      </trkpt>
      <trkpt lat="49.21935" lon="8.050428">
        <ele>199.5</ele>
      </trkpt>
      <trkpt lat="49.219607" lon="8.050635">
        <ele>201.25</ele>
      </trkpt>
      <trkpt lat="49.219895" lon="8.050919">
        <ele>203.25</ele>
      </trkpt>
      <trkpt lat="49.220138" lon="8.05122">
        <ele>205.25</ele>
      </trkpt>
      <trkpt lat="49.220313" lon="8.051453">
        <ele>206.5</ele>
      </trkpt>
      <trkpt lat="49.220542" lon="8.051789">
        <ele>207.75</ele>
      </trkpt>
      <trkpt lat="49.220909" lon="8.052422">
        <ele>208.25</ele>
      </trkpt>
      <trkpt lat="49.221105" lon="8.052788">
        <ele>209.5</ele>
      </trkpt>
      <trkpt lat="49.221197" lon="8.053016">
        <ele>210</ele>
      </trkpt>
      <trkpt lat="49.221338" lon="8.0533">
        <ele>210.5</ele>
      </trkpt>
      <trkpt lat="49.22193" lon="8.054811">
        <ele>213</ele>
      </trkpt>
      <trkpt lat="49.222076" lon="8.05511">
        <ele>213.5</ele>
      </trkpt>
      <trkpt lat="49.222155" lon="8.055236">
        <ele>214</ele>
      </trkpt>
      <trkpt lat="49.222239" lon="8.055334">
        <ele>214.25</ele>
      </trkpt>
      <trkpt lat="49.222353" lon="8.055445">
        <ele>214.75</ele>
      </trkpt>
      <trkpt lat="49.223237" lon="8.056082">
        <ele>220.5</ele>
      </trkpt>
      <trkpt lat="49.223681" lon="8.056365">
        <ele>223.25</ele>
      </trkpt>
      <trkpt lat="49.223881" lon="8.056527">
        <ele>224.5</ele>
      </trkpt>
      <trkpt lat="49.223993" lon="8.056645">
        <ele>225</ele>
      </trkpt>
      <trkpt lat="49.224138" lon="8.056815">
        <ele>225</ele>
      </trkpt>
      <trkpt lat="49.224471" lon="8.057177">
        <ele>224.25</ele>
      </trkpt>
      <trkpt lat="49.224613" lon="8.057261">
        <ele>224</ele>
      </trkpt>
      <trkpt lat="49.224766" lon="8.057309">
        <ele>224</ele>
      </trkpt>
      <trkpt lat="49.224846" lon="8.057317">
        <ele>224</ele>
      </trkpt>
      <trkpt lat="49.224992" lon="8.057306">
        <ele>224.5</ele>
      </trkpt>
      <trkpt lat="49.225125" lon="8.057275">
        <ele>225</ele>
      </trkpt>
      <trkpt lat="49.22535" lon="8.057209">
        <ele>225.75</ele>
      </trkpt>
      <trkpt lat="49.225716" lon="8.057155">
        <ele>226.75</ele>
      </trkpt>
      <trkpt lat="49.225815" lon="8.05716">
        <ele>226.75</ele>
      </trkpt>
      <trkpt lat="49.225961" lon="8.0572">
        <ele>226.75</ele>
      </trkpt>
      <trkpt lat="49.226078" lon="8.057258">
        <ele>226.75</ele>
      </trkpt>
      <trkpt lat="49.226124" lon="8.057281">
        <ele>226.75</ele>
      </trkpt>
      <trkpt lat="49.226421" lon="8.057524">
        <ele>227.5</ele>
      </trkpt>
      <trkpt lat="49.226754" lon="8.057781">
        <ele>230.5</ele>
      </trkpt>
      <trkpt lat="49.226812" lon="8.057822">
        <ele>231.25</ele>
      </trkpt>
      <trkpt lat="49.226854" lon="8.057851">
        <ele>232</ele>
      </trkpt>
      <trkpt lat="49.227037" lon="8.057921">
        <ele>234.5</ele>
      </trkpt>
      <trkpt lat="49.227378" lon="8.05796">
        <ele>239</ele>
      </trkpt>
      <trkpt lat="49.227482" lon="8.057972">
        <ele>240.5</ele>
      </trkpt>
      <trkpt lat="49.227465" lon="8.057796">
        <ele>240.75</ele>
      </trkpt>
      <trkpt lat="49.227479" lon="8.057626">
        <ele>241.25</ele>
      </trkpt>
      <trkpt lat="49.227537" lon="8.057268">
        <ele>242.25</ele>
      </trkpt>
      <trkpt lat="49.227623" lon="8.056663">
        <ele>243.25</ele>
      </trkpt>
      <trkpt lat="49.227627" lon="8.056488">
        <ele>243.75</ele>
      </trkpt>
      <trkpt lat="49.227617" lon="8.056342">
        <ele>244</ele>
      </trkpt>
      <trkpt lat="49.227496" lon="8.055751">
        <ele>244.25</ele>
      </trkpt>
      <trkpt lat="49.227401" lon="8.055377">
        <ele>245.25</ele>
      </trkpt>
      <trkpt lat="49.227349" lon="8.055214">
        <ele>246</ele>
      </trkpt>
      <trkpt lat="49.227245" lon="8.055021">
        <ele>246.5</ele>
      </trkpt>
      <trkpt lat="49.227123" lon="8.054872">
        <ele>247</ele>
      </trkpt>
      <trkpt lat="49.227024" lon="8.054818">
        <ele>246.75</ele>
      </trkpt>
      <trkpt lat="49.226837" lon="8.054762">
        <ele>246</ele>
      </trkpt>
      <trkpt lat="49.226705" lon="8.054761">
        <ele>245.25</ele>
      </trkpt>
      <trkpt lat="49.226492" lon="8.054809">
        <ele>243.75</ele>
      </trkpt>
      <trkpt lat="49.226429" lon="8.054827">
        <ele>243.5</ele>
      </trkpt>
      <trkpt lat="49.226279" lon="8.054871">
        <ele>242.5</ele>
      </trkpt>
      <trkpt lat="49.226217" lon="8.05488">
        <ele>242</ele>
      </trkpt>
      <trkpt lat="49.226157" lon="8.054875">
        <ele>241.75</ele>
      </trkpt>
      <trkpt lat="49.226071" lon="8.054852">
        <ele>241.25</ele>
      </trkpt>
      <trkpt lat="49.226008" lon="8.054814">
        <ele>241</ele>
      </trkpt>
      <trkpt lat="49.225948" lon="8.054752">
        <ele>240.75</ele>
      </trkpt>
      <trkpt lat="49.225876" lon="8.054637">
        <ele>240.5</ele>
      </trkpt>
      <trkpt lat="49.22581" lon="8.054488">
        <ele>240.25</ele>
      </trkpt>
      <trkpt lat="49.225677" lon="8.054034">
        <ele>240</ele>
      </trkpt>
      <trkpt lat="49.225522" lon="8.053472">
        <ele>240</ele>
      </trkpt>
      <trkpt lat="49.225482" lon="8.053327">
        <ele>240</ele>
      </trkpt>
      <trkpt lat="49.225253" lon="8.052533">
        <ele>240.5</ele>
      </trkpt>
      <trkpt lat="49.225181" lon="8.052336">
        <ele>241</ele>
      </trkpt>
      <trkpt lat="49.225084" lon="8.052137">
        <ele>241.75</ele>
      </trkpt>
      <trkpt lat="49.224834" lon="8.051746">
        <ele>242.75</ele>
      </trkpt>
      <trkpt lat="49.224422" lon="8.051232">
        <ele>242.5</ele>
      </trkpt>
      <trkpt lat="49.224049" lon="8.050733">
        <ele>242</ele>
      </trkpt>
      <trkpt lat="49.223926" lon="8.050541">
        <ele>241.25</ele>
      </trkpt>
      <trkpt lat="49.223762" lon="8.050188">
        <ele>240.25</ele>
      </trkpt>
      <trkpt lat="49.223572" lon="8.04966">
        <ele>239.5</ele>
      </trkpt>
      <trkpt lat="49.22302" lon="8.048214">
        <ele>234.75</ele>
      </trkpt>
      <trkpt lat="49.222975" lon="8.048059">
        <ele>233.75</ele>
      </trkpt>
      <trkpt lat="49.222954" lon="8.04789">
        <ele>233.25</ele>
      </trkpt>
      <trkpt lat="49.222954" lon="8.047761">
        <ele>233</ele>
      </trkpt>
      <trkpt lat="49.222973" lon="8.047643">
        <ele>233</ele>
      </trkpt>
      <trkpt lat="49.223126" lon="8.046905">
        <ele>234</ele>
      </trkpt>
      <trkpt lat="49.223135" lon="8.046735">
        <ele>233.75</ele>
      </trkpt>
      <trkpt lat="49.223114" lon="8.046555">
        <ele>233.5</ele>
      </trkpt>
      <trkpt lat="49.223042" lon="8.046368">
        <ele>233</ele>
      </trkpt>
      <trkpt lat="49.222931" lon="8.046147">
        <ele>232</ele>
      </trkpt>
      <trkpt lat="49.222749" lon="8.045828">
        <ele>230.5</ele>
      </trkpt>
      <trkpt lat="49.22254" lon="8.045348">
        <ele>228.5</ele>
      </trkpt>
      <trkpt lat="49.222415" lon="8.045029">
        <ele>227.75</ele>
      </trkpt>
      <trkpt lat="49.222343" lon="8.044769">
        <ele>226.75</ele>
      </trkpt>
      <trkpt lat="49.222287" lon="8.044503">
        <ele>226</ele>
      </trkpt>
      <trkpt lat="49.222229" lon="8.044065">
        <ele>225.25</ele>
      </trkpt>
      <trkpt lat="49.222208" lon="8.043732">
        <ele>224.75</ele>
      </trkpt>
      <trkpt lat="49.222216" lon="8.043646">
        <ele>224.75</ele>
      </trkpt>
      <trkpt lat="49.222362" lon="8.04255">
        <ele>222</ele>
      </trkpt>
      <trkpt lat="49.222416" lon="8.042125">
        <ele>220.75</ele>
      </trkpt>
      <trkpt lat="49.222453" lon="8.041991">
        <ele>220.25</ele>
      </trkpt>
      <trkpt lat="49.222491" lon="8.04191">
        <ele>219.75</ele>
      </trkpt>
      <trkpt lat="49.22253" lon="8.041854">
        <ele>219.5</ele>
      </trkpt>
      <trkpt lat="49.222566" lon="8.041813">
        <ele>219.25</ele>
      </trkpt>
      <trkpt lat="49.223042" lon="8.041395">
        <ele>214.5</ele>
      </trkpt>
      <trkpt lat="49.223131" lon="8.041317">
        <ele>213.5</ele>
      </trkpt>
      <trkpt lat="49.223255" lon="8.041189">
        <ele>212</ele>
      </trkpt>
      <trkpt lat="49.223314" lon="8.041111">
        <ele>211</ele>
      </trkpt>
      <trkpt lat="49.223345" lon="8.041035">
        <ele>210.5</ele>
      </trkpt>
      <trkpt lat="49.223371" lon="8.040926">
        <ele>209.75</ele>
      </trkpt>
      <trkpt lat="49.223379" lon="8.040846">
        <ele>209.25</ele>
      </trkpt>
      <trkpt lat="49.223373" lon="8.040741">
        <ele>208.5</ele>
      </trkpt>
      <trkpt lat="49.223352" lon="8.040622">
        <ele>207.75</ele>
      </trkpt>
      <trkpt lat="49.223322" lon="8.040535">
        <ele>207.25</ele>
      </trkpt>
      <trkpt lat="49.22316" lon="8.040222">
        <ele>205.75</ele>
      </trkpt>
      <trkpt lat="49.223131" lon="8.040156">
        <ele>205.25</ele>
      </trkpt>
      <trkpt lat="49.223092" lon="8.040057">
        <ele>204.5</ele>
      </trkpt>
      <trkpt lat="49.223078" lon="8.039973">
        <ele>204</ele>
      </trkpt>
      <trkpt lat="49.223072" lon="8.039776">
        <ele>203</ele>
      </trkpt>
      <trkpt lat="49.2231" lon="8.03946">
        <ele>201.25</ele>
      </trkpt>
      <trkpt lat="49.223145" lon="8.039142">
        <ele>199.5</ele>
      </trkpt>
      <trkpt lat="49.223166" lon="8.039053">
        <ele>199.25</ele>
      </trkpt>
      <trkpt lat="49.223207" lon="8.038926">
        <ele>198.75</ele>
      </trkpt>
      <trkpt lat="49.223247" lon="8.038827">
        <ele>198.5</ele>
      </trkpt>
      <trkpt lat="49.223354" lon="8.038607">
        <ele>198</ele>
      </trkpt>
      <trkpt lat="49.223402" lon="8.038444">
        <ele>198</ele>
      </trkpt>
      <trkpt lat="49.22342" lon="8.038289">
        <ele>197.75</ele>
      </trkpt>
      <trkpt lat="49.223401" lon="8.03804">
        <ele>197</ele>
      </trkpt>
      <trkpt lat="49.223368" lon="8.037817">
        <ele>196.25</ele>
      </trkpt>
      <trkpt lat="49.223336" lon="8.037706">
        <ele>195.5</ele>
      </trkpt>
      <trkpt lat="49.223238" lon="8.037484">
        <ele>194.5</ele>
      </trkpt>
      <trkpt lat="49.223208" lon="8.037396">
        <ele>194</ele>
      </trkpt>
      <trkpt lat="49.223168" lon="8.037333">
        <ele>193.75</ele>
      </trkpt>
      <trkpt lat="49.223086" lon="8.037228">
        <ele>193.25</ele>
      </trkpt>
      <trkpt lat="49.223034" lon="8.037142">
        <ele>192.75</ele>
      </trkpt>
      <trkpt lat="49.223" lon="8.037066">
        <ele>192.25</ele>
      </trkpt>
      <trkpt lat="49.222945" lon="8.036898">
        <ele>191.5</ele>
      </trkpt>
      <trkpt lat="49.222902" lon="8.036794">
        <ele>191</ele>
      </trkpt>
      <trkpt lat="49.222841" lon="8.03671">
        <ele>190.5</ele>
      </trkpt>
      <trkpt lat="49.222643" lon="8.03629">
        <ele>190</ele>
      </trkpt>
      <trkpt lat="49.222106" lon="8.035033">
        <ele>187.5</ele>
      </trkpt>
      <trkpt lat="49.221928" lon="8.034723">
        <ele>185.75</ele>
      </trkpt>
      <trkpt lat="49.221772" lon="8.034434">
        <ele>183.75</ele>
      </trkpt>
      <trkpt lat="49.221668" lon="8.034218">
        <ele>182</ele>
      </trkpt>
      <trkpt lat="49.221314" lon="8.033337">
        <ele>179.5</ele>
      </trkpt>
      <trkpt lat="49.221094" lon="8.032696">
        <ele>178.75</ele>
      </trkpt>
      <trkpt lat="49.22081" lon="8.031889">
        <ele>176.25</ele>
      </trkpt>
      <trkpt lat="49.220381" lon="8.031011">
        <ele>174.5</ele>
      </trkpt>
      <trkpt lat="49.220336" lon="8.030937">
        <ele>174</ele>
      </trkpt>
      <trkpt lat="49.220273" lon="8.030866">
        <ele>173.5</ele>
      </trkpt>
      <trkpt lat="49.220043" lon="8.030701">
        <ele>171.5</ele>
      </trkpt>
      <trkpt lat="49.21976" lon="8.030463">
        <ele>170.5</ele>
      </trkpt>
      <trkpt lat="49.219649" lon="8.03035">
        <ele>170.25</ele>
      </trkpt>
      <trkpt lat="49.219586" lon="8.030254">
        <ele>170</ele>
      </trkpt>
      <trkpt lat="49.219562" lon="8.030148">
        <ele>170</ele>
      </trkpt>
      <trkpt lat="49.219535" lon="8.02992">
        <ele>170.25</ele>
      </trkpt>
      <trkpt lat="49.219482" lon="8.029688">
        <ele>170</ele>
      </trkpt>
      <trkpt lat="49.219464" lon="8.029623">
        <ele>170</ele>
      </trkpt>
      <trkpt lat="49.219418" lon="8.029525">
        <ele>169.75</ele>
      </trkpt>
      <trkpt lat="49.219379" lon="8.029471">
        <ele>169.75</ele>
      </trkpt>
      <trkpt lat="49.219269" lon="8.029218">
        <ele>169.25</ele>
      </trkpt>
      <trkpt lat="49.219233" lon="8.029117">
        <ele>169</ele>
      </trkpt>
      <trkpt lat="49.219192" lon="8.029003">
        <ele>169</ele>
      </trkpt>
      <trkpt lat="49.219039" lon="8.02858">
        <ele>168.25</ele>
      </trkpt>
      <trkpt lat="49.219007" lon="8.028482">
        <ele>168.25</ele>
      </trkpt>
      <trkpt lat="49.218948" lon="8.028341">
        <ele>168</ele>
      </trkpt>
      <trkpt lat="49.218914" lon="8.028302">
        <ele>168</ele>
      </trkpt>
      <trkpt lat="49.218951" lon="8.028116">
        <ele>167.75</ele>
      </trkpt>
      <trkpt lat="49.218959" lon="8.028048">
        <ele>167.75</ele>
      </trkpt>
      <trkpt lat="49.21897" lon="8.027603">
        <ele>167.25</ele>
      </trkpt>
      <trkpt lat="49.218968" lon="8.027473">
        <ele>167.25</ele>
      </trkpt>
      <trkpt lat="49.218983" lon="8.027304">
        <ele>167.25</ele>
      </trkpt>
      <trkpt lat="49.219007" lon="8.027209">
        <ele>167.5</ele>
      </trkpt>
      <trkpt lat="49.21908" lon="8.02648">
        <ele>168</ele>
      </trkpt>
      <trkpt lat="49.219108" lon="8.026166">
        <ele>168.25</ele>
      </trkpt>
      <trkpt lat="49.219115" lon="8.026058">
        <ele>168.5</ele>
      </trkpt>
      <trkpt lat="49.219098" lon="8.025">
        <ele>168</ele>
      </trkpt>
      <trkpt lat="49.219104" lon="8.0248">
        <ele>167.75</ele>
      </trkpt>
      <trkpt lat="49.219123" lon="8.02454">
        <ele>167.75</ele>
      </trkpt>
      <trkpt lat="49.219252" lon="8.02345">
        <ele>169.25</ele>
      </trkpt>
      <trkpt lat="49.219248" lon="8.023039">
        <ele>169.75</ele>
      </trkpt>
      <trkpt lat="49.219206" lon="8.022226">
        <ele>169.25</ele>
      </trkpt>
      <trkpt lat="49.219161" lon="8.021341">
        <ele>167</ele>
      </trkpt>
      <trkpt lat="49.219166" lon="8.021312">
        <ele>167</ele>
      </trkpt>
      <trkpt lat="49.219198" lon="8.021227">
        <ele>167</ele>
      </trkpt>
      <trkpt lat="49.219309" lon="8.021002">
        <ele>166.5</ele>
      </trkpt>
      <trkpt lat="49.219373" lon="8.020884">
        <ele>166</ele>
      </trkpt>
      <trkpt lat="49.219429" lon="8.020823">
        <ele>166</ele>
      </trkpt>
      <trkpt lat="49.219486" lon="8.020785">
        <ele>166</ele>
      </trkpt>
      <trkpt lat="49.219605" lon="8.020739">
        <ele>166</ele>
      </trkpt>
      <trkpt lat="49.219936" lon="8.020637">
        <ele>166</ele>
      </trkpt>
      <trkpt lat="49.220237" lon="8.020524">
        <ele>167.5</ele>
      </trkpt>
      <trkpt lat="49.220323" lon="8.020478">
        <ele>167.75</ele>
      </trkpt>
      <trkpt lat="49.220416" lon="8.020397">
        <ele>168.5</ele>
      </trkpt>
      <trkpt lat="49.22049" lon="8.020287">
        <ele>169</ele>
      </trkpt>
      <trkpt lat="49.220548" lon="8.020137">
        <ele>169.25</ele>
      </trkpt>
      <trkpt lat="49.220593" lon="8.019946">
        <ele>169.75</ele>
      </trkpt>
      <trkpt lat="49.220628" lon="8.019701">
        <ele>169.5</ele>
      </trkpt>
      <trkpt lat="49.220652" lon="8.019353">
        <ele>168.75</ele>
      </trkpt>
      <trkpt lat="49.220673" lon="8.019062">
        <ele>168.75</ele>
      </trkpt>
      <trkpt lat="49.220704" lon="8.01881">
        <ele>169.25</ele>
      </trkpt>
      <trkpt lat="49.220733" lon="8.018507">
        <ele>169.75</ele>
      </trkpt>
      <trkpt lat="49.220761" lon="8.017993">
        <ele>171.25</ele>
      </trkpt>
      <trkpt lat="49.220773" lon="8.017502">
        <ele>172.75</ele>
      </trkpt>
      <trkpt lat="49.220789" lon="8.017145">
        <ele>172.25</ele>
      </trkpt>
      <trkpt lat="49.220805" lon="8.016942">
        <ele>172</ele>
      </trkpt>
      <trkpt lat="49.220844" lon="8.016712">
        <ele>172.25</ele>
      </trkpt>
      <trkpt lat="49.220889" lon="8.016511">
        <ele>173.5</ele>
      </trkpt>
      <trkpt lat="49.220989" lon="8.016065">
        <ele>176</ele>
      </trkpt>
      <trkpt lat="49.221004" lon="8.01594">
        <ele>176.25</ele>
      </trkpt>
      <trkpt lat="49.221021" lon="8.015818">
        <ele>176.5</ele>
      </trkpt>
      <trkpt lat="49.221025" lon="8.015683">
        <ele>176.75</ele>
      </trkpt>
      <trkpt lat="49.220994" lon="8.01551">
        <ele>176.25</ele>
      </trkpt>
      <trkpt lat="49.220954" lon="8.015374">
        <ele>176</ele>
      </trkpt>
      <trkpt lat="49.220816" lon="8.015037">
        <ele>175.5</ele>
      </trkpt>
      <trkpt lat="49.220693" lon="8.014736">
        <ele>175.5</ele>
      </trkpt>
      <trkpt lat="49.220521" lon="8.014353">
        <ele>175.25</ele>
      </trkpt>
      <trkpt lat="49.220403" lon="8.014017">
        <ele>175</ele>
      </trkpt>
      <trkpt lat="49.220296" lon="8.013654">
        <ele>174.5</ele>
      </trkpt>
      <trkpt lat="49.220054" lon="8.012754">
        <ele>172.5</ele>
      </trkpt>
      <trkpt lat="49.220007" lon="8.012512">
        <ele>172</ele>
      </trkpt>
      <trkpt lat="49.219983" lon="8.012318">
        <ele>171.75</ele>
      </trkpt>
      <trkpt lat="49.219985" lon="8.012093">
        <ele>171.75</ele>
      </trkpt>
      <trkpt lat="49.220009" lon="8.011655">
        <ele>172</ele>
      </trkpt>
      <trkpt lat="49.220056" lon="8.011313">
        <ele>172.25</ele>
      </trkpt>
      <trkpt lat="49.220079" lon="8.011077">
        <ele>172.25</ele>
      </trkpt>
      <trkpt lat="49.220192" lon="8.010569">
        <ele>172.25</ele>
      </trkpt>
      <trkpt lat="49.220218" lon="8.010479">
        <ele>172</ele>
      </trkpt>
      <trkpt lat="49.22022" lon="8.01048">
        <ele>169.87037252944464</ele>
      </trkpt>
      <trkpt lat="49.2204" lon="8.01002">
        <ele>169.77427455435785</ele>
      </trkpt>
      <trkpt lat="49.22065" lon="8.00962">
        <ele>169.67505972778403</ele>
      </trkpt>
      <trkpt lat="49.220740769924" lon="8.009494283533627">
        <ele>169.6415716984153</ele>
      </trkpt>
      <trkpt lat="49.22140742562358" lon="8.008571254319255">
        <ele>170.3641098107959</ele>
      </trkpt>
      <trkpt lat="49.22156" lon="8.00836">
        <ele>170.6537562745601</ele>
      </trkpt>
      <trkpt lat="49.22208" lon="8.00775">
        <ele>171.57583967595272</ele>
      </trkpt>
      <trkpt lat="49.222104281863906" lon="8.007704463007103">
        <ele>171.62967721213758</ele>
      </trkpt>
      <trkpt lat="49.2224" lon="8.00715">
        <ele>172.13199614633936</ele>
      </trkpt>
      <trkpt lat="49.22252" lon="8.00688">
        <ele>172.18900285037142</ele>
      </trkpt>
      <trkpt lat="49.22269" lon="8.00631">
        <ele>172.29838125302467</ele>
      </trkpt>
      <trkpt lat="49.22276225460759" lon="8.00592983684992">
        <ele>172.36744525943905</ele>
      </trkpt>
      <trkpt lat="49.22292" lon="8.0051">
        <ele>172.44237302881714</ele>
      </trkpt>
      <trkpt lat="49.22299" lon="8.00489">
        <ele>172.46280653800136</ele>
      </trkpt>
      <trkpt lat="49.22309" lon="8.00472">
        <ele>172.48263483880626</ele>
      </trkpt>
      <trkpt lat="49.22319" lon="8.00461">
        <ele>172.6625072431893</ele>
      </trkpt>
      <trkpt lat="49.22334" lon="8.00449">
        <ele>172.90973671956135</ele>
      </trkpt>
      <trkpt lat="49.22351326854007" lon="8.004377375432375">
        <ele>173.1847004527512</ele>
      </trkpt>
      <trkpt lat="49.22354" lon="8.00436">
        <ele>173.2451007779937</ele>
      </trkpt>
      <trkpt lat="49.22397" lon="8.00414">
        <ele>174.18775531815476</ele>
      </trkpt>
      <trkpt lat="49.22408" lon="8.00406">
        <ele>174.4409578134684</ele>
      </trkpt>
      <trkpt lat="49.22421" lon="8.00394">
        <ele>174.75657535535464</ele>
      </trkpt>
      <trkpt lat="49.22449" lon="8.00356">
        <ele>175.34261803012473</ele>
      </trkpt>
      <trkpt lat="49.224648605047896" lon="8.003329279528002">
        <ele>175.68486661161765</ele>
      </trkpt>
      <trkpt lat="49.22526" lon="8.00244">
        <ele>176.2638918663829</ele>
      </trkpt>
      <trkpt lat="49.22530289256726" lon="8.002385482230917">
        <ele>176.3020340286545</ele>
      </trkpt>
      <trkpt lat="49.22574" lon="8.00183">
        <ele>175.9070122408572</ele>
      </trkpt>
      <trkpt lat="49.22605" lon="8.00157">
        <ele>176.34468723336593</ele>
      </trkpt>
      <trkpt lat="49.22634" lon="8.00134">
        <ele>176.74909530580302</ele>
      </trkpt>
      <trkpt lat="49.226436380100175" lon="8.001296188786057">
        <ele>176.87340356141027</ele>
      </trkpt>
      <trkpt lat="49.22686720998808" lon="8.001100359086262">
        <ele>178.50494929770247</ele>
      </trkpt>
      <trkpt lat="49.22689" lon="8.00109">
        <ele>178.67056104480596</ele>
      </trkpt>
      <trkpt lat="49.22774" lon="8.00046">
        <ele>185.2471280226598</ele>
      </trkpt>
      <trkpt lat="49.22791" lon="8.00037">
        <ele>186.10630349367503</ele>
      </trkpt>
      <trkpt lat="49.22854667859164" lon="8.000166469247867">
        <ele>189.2121025979637</ele>
      </trkpt>
      <trkpt lat="49.228986606085186" lon="8.000025838877741">
        <ele>190.19547142856965</ele>
      </trkpt>
      <trkpt lat="49.22913" lon="7.99998">
        <ele>190.37307122883834</ele>
      </trkpt>
      <trkpt lat="49.22938" lon="7.99994">
        <ele>190.67772775508314</ele>
      </trkpt>
      <trkpt lat="49.2298807653943" lon="7.9999018459792595">
        <ele>191.28521104530878</ele>
      </trkpt>
      <trkpt lat="49.23043" lon="7.99986">
        <ele>193.2808473578614</ele>
      </trkpt>
      <trkpt lat="49.23054" lon="7.99993">
        <ele>194.10208184863066</ele>
      </trkpt>
      <trkpt lat="49.2306" lon="8.00011">
        <ele>195.01191550178427</ele>
      </trkpt>
      <trkpt lat="49.23098631054359" lon="8.000704329864758">
        <ele>198.7863406828913</ele>
      </trkpt>
      <trkpt lat="49.23125" lon="8.00111">
        <ele>201.24358069481</ele>
      </trkpt>
      <trkpt lat="49.231300551227264" lon="8.001197099214627">
        <ele>201.74082315825183</ele>
      </trkpt>
      <trkpt lat="49.23189793866444" lon="8.002225536046826">
        <ele>205.54176574578852</ele>
      </trkpt>
      <trkpt lat="49.23222" lon="8.00278">
        <ele>206.57413655911205</ele>
      </trkpt>
      <trkpt lat="49.23248321972389" lon="8.00327013354236">
        <ele>207.45667459393414</ele>
      </trkpt>
      <trkpt lat="49.23251" lon="8.00332">
        <ele>207.57923123985137</ele>
      </trkpt>
      <trkpt lat="49.23297960784849" lon="8.004417971714537">
        <ele>210.06947962596968</ele>
      </trkpt>
      <trkpt lat="49.23322" lon="8.00498">
        <ele>210.2922216572817</ele>
      </trkpt>
      <trkpt lat="49.23338" lon="8.00527">
        <ele>210.4180482331934</ele>
      </trkpt>
      <trkpt lat="49.23353" lon="8.00548">
        <ele>209.68663995828337</ele>
      </trkpt>
      <trkpt lat="49.23369" lon="8.00566">
        <ele>208.9721504731475</ele>
      </trkpt>
      <trkpt lat="49.23387" lon="8.00583">
        <ele>208.21107314918478</ele>
      </trkpt>
      <trkpt lat="49.233915081555914" lon="8.005858474256142">
        <ele>208.0359825574947</ele>
      </trkpt>
      <trkpt lat="49.23425" lon="8.00607">
        <ele>205.4057952308623</ele>
      </trkpt>
      <trkpt lat="49.23448" lon="8.00617">
        <ele>203.670534132686</ele>
      </trkpt>
      <trkpt lat="49.23482" lon="8.00626">
        <ele>201.43526541091984</ele>
      </trkpt>
      <trkpt lat="49.23515" lon="8.00629">
        <ele>199.29367527847265</ele>
      </trkpt>
      <trkpt lat="49.23522151935958" lon="8.006284498455312">
        <ele>198.8301537223086</ele>
      </trkpt>
      <trkpt lat="49.23541" lon="8.00627">
        <ele>198.03872905297757</ele>
      </trkpt>
      <trkpt lat="49.235667861870866" lon="8.006208602634706">
        <ele>196.9454657317304</ele>
      </trkpt>
      <trkpt lat="49.23625" lon="8.00607">
        <ele>197.5061866384323</ele>
      </trkpt>
      <trkpt lat="49.23655800552243" lon="8.006018665702747">
        <ele>197.80094364231206</ele>
      </trkpt>
      <trkpt lat="49.23667" lon="8.006">
        <ele>198.15207565239382</ele>
      </trkpt>
      <trkpt lat="49.237006299421566" lon="8.006034670886455">
        <ele>199.2016952750484</ele>
      </trkpt>
      <trkpt lat="49.23764" lon="8.0061">
        <ele>200.29847284213807</ele>
      </trkpt>
      <trkpt lat="49.23790356446388" lon="8.00607732701159">
        <ele>200.75381983165624</ele>
      </trkpt>
      <trkpt lat="49.23857" lon="8.00602">
        <ele>199.7351206013157</ele>
      </trkpt>
      <trkpt lat="49.23903" lon="8.00601">
        <ele>199.03323036428637</ele>
      </trkpt>
      <trkpt lat="49.23938" lon="8.00606">
        <ele>198.88795599522743</ele>
      </trkpt>
      <trkpt lat="49.23969" lon="8.00615">
        <ele>198.75755922331868</ele>
      </trkpt>
      <trkpt lat="49.24011985956913" lon="8.00636898520296">
        <ele>199.27018064630252</ele>
      </trkpt>
      <trkpt lat="49.24022" lon="8.00642">
        <ele>199.67410057948123</ele>
      </trkpt>
      <trkpt lat="49.24066" lon="8.00663">
        <ele>201.43746103848008</ele>
      </trkpt>
      <trkpt lat="49.24096" lon="8.00668">
        <ele>202.59209164242966</ele>
      </trkpt>
      <trkpt lat="49.240991168176365" lon="8.006681028038125">
        <ele>202.71031862369526</ele>
      </trkpt>
      <trkpt lat="49.24187" lon="8.00671">
        <ele>204.99183236754476</ele>
      </trkpt>
      <trkpt lat="49.24217" lon="8.0067">
        <ele>204.65575855891592</ele>
      </trkpt>
      <trkpt lat="49.24233789073103" lon="8.006666421781139">
        <ele>204.46617485019328</ele>
      </trkpt>
      <trkpt lat="49.24247" lon="8.00664">
        <ele>204.02576841890337</ele>
      </trkpt>
      <trkpt lat="49.24322263316546" lon="8.006422131563186">
        <ele>201.49503444208997</ele>
      </trkpt>
      <trkpt lat="49.24361" lon="8.00631">
        <ele>200.39642926359275</ele>
      </trkpt>
      <trkpt lat="49.24366500366438" lon="8.006299592075091">
        <ele>200.24263426954192</ele>
      </trkpt>
      <trkpt lat="49.24435" lon="8.00617">
        <ele>199.9430482070655</ele>
      </trkpt>
      <trkpt lat="49.24448" lon="8.00619">
        <ele>200.2916586651771</ele>
      </trkpt>
      <trkpt lat="49.24499231185175" lon="8.006383679676519">
        <ele>201.6993572083041</ele>
      </trkpt>
      <trkpt lat="49.2453" lon="8.0065">
        <ele>203.00712222006024</ele>
      </trkpt>
      <trkpt lat="49.24541" lon="8.00653">
        <ele>203.46802862865732</ele>
      </trkpt>
      <trkpt lat="49.2456" lon="8.00655">
        <ele>204.25366239834548</ele>
      </trkpt>
      <trkpt lat="49.24577" lon="8.00652">
        <ele>204.86433172587888</ele>
      </trkpt>
      <trkpt lat="49.24602" lon="8.00646">
        <ele>205.76735763656725</ele>
      </trkpt>
      <trkpt lat="49.24631904276346" lon="8.00636407666402">
        <ele>206.85678736982385</ele>
      </trkpt>
      <trkpt lat="49.24675891473577" lon="8.006222988880163">
        <ele>207.95894798104842</ele>
      </trkpt>
      <trkpt lat="49.24708" lon="8.00612">
        <ele>208.23269915035888</ele>
      </trkpt>
      <trkpt lat="49.24718" lon="8.00608">
        <ele>208.31891846317143</ele>
      </trkpt>
      <trkpt lat="49.24735" lon="8.00596">
        <ele>208.47506837793767</ele>
      </trkpt>
      <trkpt lat="49.2475989273576" lon="8.00576198875181">
        <ele>208.7090006274825</ele>
      </trkpt>
      <trkpt lat="49.24779" lon="8.00561">
        <ele>208.67914504082327</ele>
      </trkpt>
      <trkpt lat="49.248" lon="8.0055">
        <ele>208.64837825762723</ele>
      </trkpt>
      <trkpt lat="49.24834" lon="8.00535">
        <ele>208.59932896255546</ele>
      </trkpt>
      <trkpt lat="49.248442797047744" lon="8.005298599108318">
        <ele>208.58435939688357</ele>
      </trkpt>
      <trkpt lat="49.2489" lon="8.00507">
        <ele>208.59468727056372</ele>
      </trkpt>
      <trkpt lat="49.2491" lon="8.00508">
        <ele>208.94723551706602</ele>
      </trkpt>
      <trkpt lat="49.24952" lon="8.00518">
        <ele>209.69607658678248</ele>
      </trkpt>
      <trkpt lat="49.24975632456291" lon="8.005263033094307">
        <ele>210.12316824372962</ele>
      </trkpt>
      <trkpt lat="49.24989" lon="8.00531">
        <ele>210.64907055626057</ele>
      </trkpt>
      <trkpt lat="49.25019101463221" lon="8.005440130879347">
        <ele>211.84648620061046</ele>
      </trkpt>
      <trkpt lat="49.25105606402672" lon="8.005814042128748">
        <ele>216.2239073771447</ele>
      </trkpt>
      <trkpt lat="49.25144" lon="8.00598">
        <ele>217.75291397919145</ele>
      </trkpt>
      <trkpt lat="49.25165" lon="8.00605">
        <ele>218.5763773881102</ele>
      </trkpt>
      <trkpt lat="49.251931762474406" lon="8.006118724031833">
        <ele>219.66892163835516</ele>
      </trkpt>
      <trkpt lat="49.25247" lon="8.00625">
        <ele>220.93107843158182</ele>
      </trkpt>
      <trkpt lat="49.25269" lon="8.00635">
        <ele>221.46234263707538</ele>
      </trkpt>
      <trkpt lat="49.25311" lon="8.00663">
        <ele>223.1827885635859</ele>
      </trkpt>
      <trkpt lat="49.253213121072456" lon="8.006711722388227">
        <ele>223.61830548971844</ele>
      </trkpt>
      <trkpt lat="49.25364" lon="8.00705">
        <ele>226.55471634319102</ele>
      </trkpt>
      <trkpt lat="49.254" lon="8.00731">
        <ele>228.98564672282245</ele>
      </trkpt>
      <trkpt lat="49.25401940754755" lon="8.00732073997842">
        <ele>229.1099897392949</ele>
      </trkpt>
      <trkpt lat="49.25485" lon="8.00778">
        <ele>234.66318226625194</ele>
      </trkpt>
      <trkpt lat="49.25486445250215" lon="8.007790054708831">
        <ele>234.76250416670533</ele>
      </trkpt>
      <trkpt lat="49.25508" lon="8.00794">
        <ele>235.26661739442352</ele>
      </trkpt>
      <trkpt lat="49.25531" lon="8.0082">
        <ele>235.87510601306192</ele>
      </trkpt>
      <trkpt lat="49.25551" lon="8.00847">
        <ele>236.4425797540824</ele>
      </trkpt>
      <trkpt lat="49.25560388555432" lon="8.008557626617485">
        <ele>236.67656993807753</ele>
      </trkpt>
      <trkpt lat="49.25566" lon="8.00861">
        <ele>236.54644799423923</ele>
      </trkpt>
      <trkpt lat="49.25583" lon="8.00875">
        <ele>236.16435691672203</ele>
      </trkpt>
      <trkpt lat="49.25599" lon="8.00885">
        <ele>235.82225859397153</ele>
      </trkpt>
      <trkpt lat="49.25633" lon="8.00899">
        <ele>235.12526511031993</ele>
      </trkpt>
      <trkpt lat="49.2565" lon="8.00905">
        <ele>234.65557891835135</ele>
      </trkpt>
      <trkpt lat="49.25666" lon="8.00907">
        <ele>234.2233716726114</ele>
      </trkpt>
      <trkpt lat="49.25688" lon="8.00906">
        <ele>233.63079406298527</ele>
      </trkpt>
      <trkpt lat="49.256889722079976" lon="8.009055374219944">
        <ele>233.6039169623134</ele>
      </trkpt>
      <trkpt lat="49.25749" lon="8.00877">
        <ele>233.1166081320867</ele>
      </trkpt>
      <trkpt lat="49.257759833007924" lon="8.008743016697323">
        <ele>232.9070236827568</ele>
      </trkpt>
      <trkpt lat="49.25779" lon="8.00874">
        <ele>232.9887817802254</ele>
      </trkpt>
      <trkpt lat="49.25811" lon="8.00874">
        <ele>233.85392784186175</ele>
      </trkpt>
      <trkpt lat="49.25827" lon="8.00871">
        <ele>234.2897277152949</ele>
      </trkpt>
      <trkpt lat="49.25864655162579" lon="8.00856811015885">
        <ele>235.33782528366038</ele>
      </trkpt>
      <trkpt lat="49.25896" lon="8.00845">
        <ele>236.5406742644925</ele>
      </trkpt>
      <trkpt lat="49.2591" lon="8.00842">
        <ele>237.06728793073833</ele>
      </trkpt>
      <trkpt lat="49.25931" lon="8.00841">
        <ele>237.84997282216597</ele>
      </trkpt>
      <trkpt lat="49.2596" lon="8.00849">
        <ele>238.7084622903796</ele>
      </trkpt>
      <trkpt lat="49.25988" lon="8.00863">
        <ele>239.5665670851429</ele>
      </trkpt>
      <trkpt lat="49.25995529605774" lon="8.008690954355428">
        <ele>239.8145345827565</ele>
      </trkpt>
      <trkpt lat="49.26009" lon="8.0088">
        <ele>240.0445129644455</ele>
      </trkpt>
      <trkpt lat="49.26022" lon="8.00893">
        <ele>240.2787773015951</ele>
      </trkpt>
      <trkpt lat="49.260763082257114" lon="8.009289135187156">
        <ele>241.17136416188367</ele>
      </trkpt>
      <trkpt lat="49.26084" lon="8.00934">
        <ele>241.15918273466667</ele>
      </trkpt>
      <trkpt lat="49.26122" lon="8.0095">
        <ele>241.1018982254387</ele>
      </trkpt>
      <trkpt lat="49.26146" lon="8.00943">
        <ele>240.95583602657595</ele>
      </trkpt>
      <trkpt lat="49.26176" lon="8.0093">
        <ele>240.76944452029323</ele>
      </trkpt>
      <trkpt lat="49.26211" lon="8.0091">
        <ele>240.54611776206946</ele>
      </trkpt>
      <trkpt lat="49.26248" lon="8.00922">
        <ele>240.32000973146012</ele>
      </trkpt>
      <trkpt lat="49.26271" lon="8.00961">
        <ele>240.91493141108236</ele>
      </trkpt>
      <trkpt lat="49.26307" lon="8.01006">
        <ele>241.72064557756337</ele>
      </trkpt>
      <trkpt lat="49.26323" lon="8.01021">
        <ele>242.34123878807821</ele>
      </trkpt>
      <trkpt lat="49.263568221229804" lon="8.010425240752458">
        <ele>243.55209181527798</ele>
      </trkpt>
      <trkpt lat="49.26398326833997" lon="8.010689354688198">
        <ele>245.36865278340127</ele>
      </trkpt>
      <trkpt lat="49.26433" lon="8.01091">
        <ele>246.8682259339358</ele>
      </trkpt>
      <trkpt lat="49.26482944594477" lon="8.011151925898998">
        <ele>248.95870668317292</ele>
      </trkpt>
      <trkpt lat="49.26561" lon="8.01153">
        <ele>252.24801061557545</ele>
      </trkpt>
      <trkpt lat="49.26568216349668" lon="8.011584594856538">
        <ele>252.57028631718813</ele>
      </trkpt>
      <trkpt lat="49.26639" lon="8.01212">
        <ele>255.93917473759913</ele>
      </trkpt>
      <trkpt lat="49.26655" lon="8.01221">
        <ele>256.6663491128997</ele>
      </trkpt>
      <trkpt lat="49.26674" lon="8.01226">
        <ele>257.48885065332547</ele>
      </trkpt>
      <trkpt lat="49.26696" lon="8.01225">
        <ele>258.05204861544564</ele>
      </trkpt>
      <trkpt lat="49.26738336320821" lon="8.012186002643418">
        <ele>259.14028314312014</ele>
      </trkpt>
      <trkpt lat="49.26782" lon="8.01212">
        <ele>259.618477072865</ele>
      </trkpt>
      <trkpt lat="49.2682" lon="8.01205">
        <ele>260.0354842416312</ele>
      </trkpt>
      <trkpt lat="49.26832" lon="8.01201">
        <ele>260.0536830653121</ele>
      </trkpt>
      <trkpt lat="49.26844" lon="8.01195">
        <ele>260.0723886263747</ele>
      </trkpt>
      <trkpt lat="49.26858" lon="8.01183">
        <ele>260.09616000960307</ele>
      </trkpt>
      <trkpt lat="49.269" lon="8.01143">
        <ele>260.16943990595104</ele>
      </trkpt>
      <trkpt lat="49.26911" lon="8.01137">
        <ele>260.39574154990584</ele>
      </trkpt>
      <trkpt lat="49.26921" lon="8.01141">
        <ele>260.59605325503816</ele>
      </trkpt>
      <trkpt lat="49.26941511330847" lon="8.011750059210483">
        <ele>261.1815586241505</ele>
      </trkpt>
      <trkpt lat="49.26959" lon="8.01204">
        <ele>262.4832423788959</ele>
      </trkpt>
      <trkpt lat="49.26975" lon="8.01223">
        <ele>263.50557464805973</ele>
      </trkpt>
      <trkpt lat="49.26986" lon="8.01227">
        <ele>264.0765878424264</ele>
      </trkpt>
      <trkpt lat="49.26998" lon="8.01225">
        <ele>264.68625737206213</ele>
      </trkpt>
      <trkpt lat="49.2701" lon="8.01215">
        <ele>266.0081633516535</ele>
      </trkpt>
      <trkpt lat="49.27024" lon="8.01193">
        <ele>267.9486927272622</ele>
      </trkpt>
      <trkpt lat="49.27044898190846" lon="8.011563114694264">
        <ele>271.02291838181327</ele>
      </trkpt>
      <trkpt lat="49.27069" lon="8.01114">
        <ele>276.2596883245344</ele>
      </trkpt>
      <trkpt lat="49.27077" lon="8.01105">
        <ele>277.67730951441456</ele>
      </trkpt>
      <trkpt lat="49.27091" lon="8.01101">
        <ele>279.7116437631198</ele>
      </trkpt>
      <trkpt lat="49.27114" lon="8.01106">
        <ele>283.7703269667044</ele>
      </trkpt>
      <trkpt lat="49.27161843375075" lon="8.011322878176044">
        <ele>292.64774421162065</ele>
      </trkpt>
      <trkpt lat="49.27205" lon="8.01156">
        <ele>301.21154949749854</ele>
      </trkpt>
      <trkpt lat="49.27237" lon="8.01171">
        <ele>307.46033670580647</ele>
      </trkpt>
      <trkpt lat="49.2724722298067" lon="8.011752794862847">
        <ele>309.4372701526146</ele>
      </trkpt>
      <trkpt lat="49.2728" lon="8.01189">
        <ele>314.5290367719276</ele>
      </trkpt>
      <trkpt lat="49.27319" lon="8.01202">
        <ele>320.50820011176376</ele>
      </trkpt>
      <trkpt lat="49.27334759374342" lon="8.012065494989976">
        <ele>322.9067353650343</ele>
      </trkpt>
      <trkpt lat="49.27416" lon="8.0123">
        <ele>331.7843323147322</ele>
      </trkpt>
      <trkpt lat="49.27425" lon="8.01241">
        <ele>332.62000081821014</ele>
      </trkpt>
      <trkpt lat="49.27401" lon="8.01261">
        <ele>334.60318519702787</ele>
      </trkpt>
      <trkpt lat="49.273879815437425" lon="8.012656383416624">
        <ele>335.5717454138868</ele>
      </trkpt>
      <trkpt lat="49.27314" lon="8.01292">
        <ele>337.96653948500557</ele>
      </trkpt>
      <trkpt lat="49.273003506388704" lon="8.012963677054058">
        <ele>338.4056682895393</ele>
      </trkpt>
      <trkpt lat="49.27264" lon="8.01308">
        <ele>338.29217360633254</ele>
      </trkpt>
      <trkpt lat="49.2722" lon="8.01323">
        <ele>338.1544525043531</ele>
      </trkpt>
      <trkpt lat="49.27197" lon="8.01334">
        <ele>338.08083737833135</ele>
      </trkpt>
      <trkpt lat="49.27184" lon="8.01344">
        <ele>338.3810236163863</ele>
      </trkpt>
      <trkpt lat="49.27174" lon="8.01356">
        <ele>338.6431338332386</ele>
      </trkpt>
      <trkpt lat="49.27168" lon="8.01369">
        <ele>338.8575545815408</ele>
      </trkpt>
      <trkpt lat="49.27164" lon="8.01386">
        <ele>339.1008991667727</ele>
      </trkpt>
      <trkpt lat="49.27168" lon="8.01488">
        <ele>342.5080545659033</ele>
      </trkpt>
      <trkpt lat="49.27168545894137" lon="8.014915543861793">
        <ele>342.62872830057364</ele>
      </trkpt>
      <trkpt lat="49.27184" lon="8.01592">
        <ele>348.2950624134042</ele>
      </trkpt>
      <trkpt lat="49.27204" lon="8.01657">
        <ele>352.6672336228702</ele>
      </trkpt>
      <trkpt lat="49.272142759653434" lon="8.01684461215251">
        <ele>354.58985439850983</ele>
      </trkpt>
      <trkpt lat="49.27236640045157" lon="8.017442060135911">
        <ele>358.9475006152257</ele>
      </trkpt>
      <trkpt lat="49.27271" lon="8.01836">
        <ele>366.3831401049565</ele>
      </trkpt>
      <trkpt lat="49.27283680916938" lon="8.018613621212342">
        <ele>368.62669437335325</ele>
      </trkpt>
      <trkpt lat="49.27298" lon="8.0189">
        <ele>372.0135395988</ele>
      </trkpt>
      <trkpt lat="49.27324" lon="8.01931">
        <ele>377.37886650628275</ele>
      </trkpt>
      <trkpt lat="49.27339" lon="8.01963">
        <ele>381.0763875287998</ele>
      </trkpt>
      <trkpt lat="49.27352" lon="8.02007">
        <ele>385.45030125472834</ele>
      </trkpt>
      <trkpt lat="49.27359" lon="8.02044">
        <ele>388.9388473008678</ele>
      </trkpt>
      <trkpt lat="49.27361" lon="8.02066">
        <ele>390.95029816320687</ele>
      </trkpt>
      <trkpt lat="49.27352" lon="8.02095">
        <ele>393.8583354365663</ele>
      </trkpt>
      <trkpt lat="49.2731165122281" lon="8.021292583462426">
        <ele>397.8201827415687</ele>
      </trkpt>
      <trkpt lat="49.27299" lon="8.0214">
        <ele>398.54889832644193</ele>
      </trkpt>
      <trkpt lat="49.27268" lon="8.02175">
        <ele>400.48828872409706</ele>
      </trkpt>
      <trkpt lat="49.27243" lon="8.02208">
        <ele>402.15018218189863</ele>
      </trkpt>
      <trkpt lat="49.272401644661606" lon="8.022122519569617">
        <ele>402.34895314743426</ele>
      </trkpt>
      <trkpt lat="49.27193" lon="8.02283">
        <ele>405.60711994466527</ele>
      </trkpt>
      <trkpt lat="49.27178" lon="8.02292">
        <ele>406.9887443077428</ele>
      </trkpt>
      <trkpt lat="49.271262077596774" lon="8.023073188075902">
        <ele>411.5124031965651</ele>
      </trkpt>
      <trkpt lat="49.27107" lon="8.02313">
        <ele>413.26686771246756</ele>
      </trkpt>
      <trkpt lat="49.27095" lon="8.02322">
        <ele>414.4646864400428</ele>
      </trkpt>
      <trkpt lat="49.27077" lon="8.02354">
        <ele>416.9363216195637</ele>
      </trkpt>
      <trkpt lat="49.27067" lon="8.0238">
        <ele>418.0121805134349</ele>
      </trkpt>
      <trkpt lat="49.27054" lon="8.02422">
        <ele>419.66927470149574</ele>
      </trkpt>
      <trkpt lat="49.270417454315286" lon="8.02454248703563">
        <ele>420.9993657505126</ele>
      </trkpt>
      <trkpt lat="49.27035" lon="8.02472">
        <ele>420.7073854612044</ele>
      </trkpt>
      <trkpt lat="49.27013" lon="8.02539">
        <ele>419.64161284047975</ele>
      </trkpt>
      <trkpt lat="49.27002694688819" lon="8.025782131548763">
        <ele>419.041395334711</ele>
      </trkpt>
      <trkpt lat="49.26985906986973" lon="8.02642102953801">
        <ele>414.39840403994185</ele>
      </trkpt>
      <trkpt lat="49.26977" lon="8.02676">
        <ele>410.7912806854066</ele>
      </trkpt>
      <trkpt lat="49.26944" lon="8.02829">
        <ele>394.8897701656566</ele>
      </trkpt>
      <trkpt lat="49.26936" lon="8.02844">
        <ele>393.72178700295837</ele>
      </trkpt>
      <trkpt lat="49.26925" lon="8.02854">
        <ele>392.54006978243757</ele>
      </trkpt>
      <trkpt lat="49.2691" lon="8.02858">
        <ele>391.1333044143192</ele>
      </trkpt>
      <trkpt lat="49.26899831210005" lon="8.028585810665605">
        <ele>390.1938160525346</ele>
      </trkpt>
      <trkpt lat="49.26875" lon="8.0286">
        <ele>389.1337781746902</ele>
      </trkpt>
      <trkpt lat="49.26837" lon="8.02865">
        <ele>387.5072412860693</ele>
      </trkpt>
      <trkpt lat="49.26816" lon="8.02875">
        <ele>386.5694228413578</ele>
      </trkpt>
      <trkpt lat="49.26799" lon="8.02888">
        <ele>386.0853364648244</ele>
      </trkpt>
      <trkpt lat="49.26786" lon="8.02901">
        <ele>385.68981923449655</ele>
      </trkpt>
      <trkpt lat="49.26777" lon="8.02918">
        <ele>385.3258488545935</ele>
      </trkpt>
      <trkpt lat="49.26772" lon="8.02938">
        <ele>384.96975591287116</ele>
      </trkpt>
      <trkpt lat="49.26772" lon="8.02954">
        <ele>384.70373711843365</ele>
      </trkpt>
      <trkpt lat="49.26798" lon="8.03012">
        <ele>383.5337904701376</ele>
      </trkpt>
      <trkpt lat="49.2681302846782" lon="8.030337077975398">
        <ele>383.0076211326179</ele>
      </trkpt>
      <trkpt lat="49.26816" lon="8.03038">
        <ele>382.70222743715397</ele>
      </trkpt>
      <trkpt lat="49.26863" lon="8.03126">
        <ele>377.15433142020737</ele>
      </trkpt>
      <trkpt lat="49.26876920865383" lon="8.03210065158388">
        <ele>372.46107049892873</ele>
      </trkpt>
      <trkpt lat="49.26889" lon="8.03283">
        <ele>368.5773831040789</ele>
      </trkpt>
      <trkpt lat="49.26893" lon="8.03383">
        <ele>363.40810365257704</ele>
      </trkpt>
      <trkpt lat="49.268937800417696" lon="8.03414233695725">
        <ele>361.7968314336749</ele>
      </trkpt>
      <trkpt lat="49.26896" lon="8.03503">
        <ele>357.0835111765947</ele>
      </trkpt>
      <trkpt lat="49.269004060223835" lon="8.03551466437824">
        <ele>354.4880129124003</ele>
      </trkpt>
      <trkpt lat="49.26901" lon="8.03558">
        <ele>354.1047821084379</ele>
      </trkpt>
      <trkpt lat="49.26911" lon="8.03597">
        <ele>351.6712055606539</ele>
      </trkpt>
      <trkpt lat="49.26922" lon="8.0363">
        <ele>349.5190984388135</ele>
      </trkpt>
      <trkpt lat="49.26933" lon="8.03677">
        <ele>346.61925155560726</ele>
      </trkpt>
      <trkpt lat="49.269332534792966" lon="8.036792828099188">
        <ele>346.4855592717776</ele>
      </trkpt>
      <trkpt lat="49.26938" lon="8.03722">
        <ele>343.88800097666825</ele>
      </trkpt>
      <trkpt lat="49.269432649071" lon="8.03816117476052">
        <ele>338.22811011128385</ele>
      </trkpt>
      <trkpt lat="49.26946" lon="8.03865">
        <ele>334.85453321900053</ele>
      </trkpt>
      <trkpt lat="49.26946611205189" lon="8.038848519388194">
        <ele>333.49215447966145</ele>
      </trkpt>
      <trkpt lat="49.26950869142302" lon="8.04022447366982">
        <ele>322.65650600734324</ele>
      </trkpt>
      <trkpt lat="49.26952" lon="8.04059">
        <ele>319.81996422087974</ele>
      </trkpt>
      <trkpt lat="49.26955" lon="8.04094">
        <ele>317.0845090190023</ele>
      </trkpt>
      <trkpt lat="49.26961" lon="8.04122">
        <ele>314.8007792012148</ele>
      </trkpt>
      <trkpt lat="49.26972" lon="8.04159">
        <ele>311.65007222546126</ele>
      </trkpt>
      <trkpt lat="49.26979" lon="8.04171">
        <ele>310.62504952199953</ele>
      </trkpt>
      <trkpt lat="49.26988" lon="8.04173">
        <ele>309.7375064863965</ele>
      </trkpt>
      <trkpt lat="49.27003" lon="8.04159">
        <ele>308.0234735949481</ele>
      </trkpt>
      <trkpt lat="49.27011813220203" lon="8.040835979584969">
        <ele>303.80568079838594</ele>
      </trkpt>
      <trkpt lat="49.27012" lon="8.04082">
        <ele>303.7357834970278</ele>
      </trkpt>
      <trkpt lat="49.27015173939159" lon="8.040148769075653">
        <ele>300.84014306488695</ele>
      </trkpt>
      <trkpt lat="49.27019" lon="8.03934">
        <ele>298.27413867943017</ele>
      </trkpt>
      <trkpt lat="49.27024207600015" lon="8.03877870992318">
        <ele>296.48108881487116</ele>
      </trkpt>
      <trkpt lat="49.27028" lon="8.03837">
        <ele>295.5448772137194</ele>
      </trkpt>
      <trkpt lat="49.27032" lon="8.03814">
        <ele>295.0052352932198</ele>
      </trkpt>
      <trkpt lat="49.27045669003677" lon="8.03744319366027">
        <ele>293.35709668224814</ele>
      </trkpt>
      <trkpt lat="49.27071557550052" lon="8.036124039005724">
        <ele>291.3110597380958</ele>
      </trkpt>
      <trkpt lat="49.27084" lon="8.03549">
        <ele>291.0371723757332</ele>
      </trkpt>
      <trkpt lat="49.270843389035164" lon="8.035463608602297">
        <ele>291.0261383114571</ele>
      </trkpt>
      <trkpt lat="49.27093" lon="8.03479">
        <ele>291.7872723385559</ele>
      </trkpt>
      <trkpt lat="49.27099561076333" lon="8.034105274938454">
        <ele>292.5532999390076</ele>
      </trkpt>
      <trkpt lat="49.27112639814966" lon="8.032742391655216">
        <ele>295.9733709391283</ele>
      </trkpt>
      <trkpt lat="49.271191785831725" lon="8.032060947303803">
        <ele>297.94229617908655</ele>
      </trkpt>
      <trkpt lat="49.27126" lon="8.03135">
        <ele>300.179001414739</ele>
      </trkpt>
      <trkpt lat="49.27132" lon="8.0311">
        <ele>301.00786633054577</ele>
      </trkpt>
      <trkpt lat="49.27139" lon="8.03096">
        <ele>301.48699669836446</ele>
      </trkpt>
      <trkpt lat="49.2716" lon="8.0307">
        <ele>302.6109317383202</ele>
      </trkpt>
      <trkpt lat="49.27187826589858" lon="8.030455124661618">
        <ele>303.94649736307076</ele>
      </trkpt>
      <trkpt lat="49.2721" lon="8.03026">
        <ele>305.52524568836657</ele>
      </trkpt>
      <trkpt lat="49.2723" lon="8.03013">
        <ele>306.86621260552465</ele>
      </trkpt>
      <trkpt lat="49.27270965454137" lon="8.029949555072943">
        <ele>309.4963604116664</ele>
      </trkpt>
      <trkpt lat="49.27314" lon="8.02976">
        <ele>313.4109741086557</ele>
      </trkpt>
      <trkpt lat="49.27341" lon="8.02957">
        <ele>316.90593117224086</ele>
      </trkpt>
      <trkpt lat="49.27372" lon="8.02927">
        <ele>321.2249210313323</ele>
      </trkpt>
      <trkpt lat="49.274" lon="8.02889">
        <ele>326.23631928548025</ele>
      </trkpt>
      <trkpt lat="49.27419" lon="8.02859">
        <ele>329.8915741077344</ele>
      </trkpt>
      <trkpt lat="49.27421941441449" lon="8.028548819535734">
        <ele>330.42499673762785</ele>
      </trkpt>
      <trkpt lat="49.27429" lon="8.02845">
        <ele>331.59144089488245</ele>
      </trkpt>
      <trkpt lat="49.274943067687104" lon="8.027732545035839">
        <ele>341.3918985176017</ele>
      </trkpt>
      <trkpt lat="49.275" lon="8.02767">
        <ele>341.8642337546923</ele>
      </trkpt>
      <trkpt lat="49.27563498878532" lon="8.026852679253489">
        <ele>347.4528526897096</ele>
      </trkpt>
      <trkpt lat="49.27601" lon="8.02637">
        <ele>348.5899739131675</ele>
      </trkpt>
      <trkpt lat="49.27626" lon="8.02612">
        <ele>349.2829058798993</ele>
      </trkpt>
      <trkpt lat="49.27649" lon="8.02598">
        <ele>349.4975567703706</ele>
      </trkpt>
      <trkpt lat="49.276795304568246" lon="8.025875324131077">
        <ele>349.7689013071752</ele>
      </trkpt>
      <trkpt lat="49.27684" lon="8.02586">
        <ele>349.7762330823934</ele>
      </trkpt>
      <trkpt lat="49.27763" lon="8.02569">
        <ele>349.90389854146764</ele>
      </trkpt>
      <trkpt lat="49.277684646659765" lon="8.0256711657334">
        <ele>349.91278719096346</ele>
      </trkpt>
      <trkpt lat="49.27856161126528" lon="8.02536917767783">
        <ele>350.92587300518073</ele>
      </trkpt>
      <trkpt lat="49.279000093272906" lon="8.025218179622714">
        <ele>352.1021777377425</ele>
      </trkpt>
      <trkpt lat="49.27914" lon="8.02517">
        <ele>352.64042687009123</ele>
      </trkpt>
      <trkpt lat="49.27955" lon="8.025">
        <ele>354.23422757012224</ele>
      </trkpt>
      <trkpt lat="49.27986385784982" lon="8.024839047175567">
        <ele>355.47603252245733</ele>
      </trkpt>
      <trkpt lat="49.27994" lon="8.0248">
        <ele>355.7275526888691</ele>
      </trkpt>
      <trkpt lat="49.2804" lon="8.02447">
        <ele>357.3180689828021</ele>
      </trkpt>
      <trkpt lat="49.28079" lon="8.024">
        <ele>357.764270585634</ele>
      </trkpt>
      <trkpt lat="49.28098484898253" lon="8.02372599250323">
        <ele>358.0020495520792</ele>
      </trkpt>
      <trkpt lat="49.28111" lon="8.02355">
        <ele>357.9963219773061</ele>
      </trkpt>
      <trkpt lat="49.28132" lon="8.02324">
        <ele>357.98649301782893</ele>
      </trkpt>
      <trkpt lat="49.28152" lon="8.02287">
        <ele>357.97592501899373</ele>
      </trkpt>
      <trkpt lat="49.2817" lon="8.02244">
        <ele>358.03811425095677</ele>
      </trkpt>
      <trkpt lat="49.281791755471005" lon="8.022099191781638">
        <ele>358.0829842437928</ele>
      </trkpt>
      <trkpt lat="49.28184" lon="8.02192">
        <ele>357.96225962252436</ele>
      </trkpt>
      <trkpt lat="49.28195" lon="8.02141">
        <ele>357.6278462956621</ele>
      </trkpt>
      <trkpt lat="49.28211195254157" lon="8.020811986881132">
        <ele>357.2249148833423</ele>
      </trkpt>
      <trkpt lat="49.28234" lon="8.01997">
        <ele>356.5118754555052</ele>
      </trkpt>
      <trkpt lat="49.28244" lon="8.01975">
        <ele>356.302223463753</ele>
      </trkpt>
      <trkpt lat="49.28264" lon="8.01951">
        <ele>356.04359019380604</ele>
      </trkpt>
      <trkpt lat="49.28292" lon="8.01925">
        <ele>355.71643465709263</ele>
      </trkpt>
      <trkpt lat="49.28308" lon="8.01913">
        <ele>355.97344301274825</ele>
      </trkpt>
      <trkpt lat="49.28323" lon="8.01906">
        <ele>356.1996804630033</ele>
      </trkpt>
      <trkpt lat="49.28343" lon="8.01892">
        <ele>356.51691687025146</ele>
      </trkpt>
      <trkpt lat="49.28359" lon="8.01875">
        <ele>356.79780524505924</ele>
      </trkpt>
      <trkpt lat="49.28401524327527" lon="8.01810708083956">
        <ele>359.76908382243374</ele>
      </trkpt>
      <trkpt lat="49.28465528087157" lon="8.017139655395152">
        <ele>365.5937435122166</ele>
      </trkpt>
      <trkpt lat="49.284975296641086" lon="8.016655933254926">
        <ele>368.31419665953626</ele>
      </trkpt>
      <trkpt lat="49.28531" lon="8.01615">
        <ele>370.721282908128</ele>
      </trkpt>
      <trkpt lat="49.28556" lon="8.01582">
        <ele>372.4101860102584</ele>
      </trkpt>
      <trkpt lat="49.28564152490327" lon="8.015733289069617">
        <ele>372.9170819655169</ele>
      </trkpt>
      <trkpt lat="49.28619" lon="8.01515">
        <ele>376.556313980155</ele>
      </trkpt>
      <trkpt lat="49.28664" lon="8.01475">
        <ele>380.5290443828283</ele>
      </trkpt>
      <trkpt lat="49.2867878705906" lon="8.014653118925278">
        <ele>381.75682536748036</ele>
      </trkpt>
      <trkpt lat="49.28693" lon="8.01456">
        <ele>383.1730599806565</ele>
      </trkpt>
      <trkpt lat="49.28725" lon="8.01441">
        <ele>386.23817751346803</ele>
      </trkpt>
      <trkpt lat="49.28755" lon="8.01435">
        <ele>389.0094329076044</ele>
      </trkpt>
      <trkpt lat="49.28779" lon="8.01438">
        <ele>391.11762625259934</ele>
      </trkpt>
      <trkpt lat="49.288097738328446" lon="8.01449259392439">
        <ele>393.88495544722866</ele>
      </trkpt>
      <trkpt lat="49.28853487625682" lon="8.014652517625912">
        <ele>397.9797428756567</ele>
      </trkpt>
      <trkpt lat="49.28902" lon="8.01483">
        <ele>402.0957998302199</ele>
      </trkpt>
      <trkpt lat="49.289410758477594" lon="8.014964847054532">
        <ele>405.3975766846928</ele>
      </trkpt>
      <trkpt lat="49.290287646723115" lon="8.015267427595303">
        <ele>411.6783244549058</ele>
      </trkpt>
      <trkpt lat="49.29044" lon="8.01532">
        <ele>412.48849867714796</ele>
      </trkpt>
      <trkpt lat="49.29081" lon="8.0154">
        <ele>414.4264297351338</ele>
      </trkpt>
      <trkpt lat="49.29097" lon="8.01532">
        <ele>415.1427401299027</ele>
      </trkpt>
      <trkpt lat="49.29146" lon="8.01486">
        <ele>417.5882288850663</ele>
      </trkpt>
      <trkpt lat="49.29152760972015" lon="8.014806621883125">
        <ele>417.91143868366834</ele>
      </trkpt>
      <trkpt lat="49.29184" lon="8.01456">
        <ele>419.35745686381324</ele>
      </trkpt>
      <trkpt lat="49.29233" lon="8.01427">
        <ele>421.51832981973774</ele>
      </trkpt>
      <trkpt lat="49.292794251858936" lon="8.014139056564058">
        <ele>424.8179125338826</ele>
      </trkpt>
      <trkpt lat="49.29311" lon="8.01405">
        <ele>427.4017637738985</ele>
      </trkpt>
      <trkpt lat="49.29323324350727" lon="8.013993978375712">
        <ele>428.43487723898875</ele>
      </trkpt>
      <trkpt lat="49.29366" lon="8.0138">
        <ele>434.1121944543225</ele>
      </trkpt>
      <trkpt lat="49.29396" lon="8.01372">
        <ele>437.9948430530649</ele>
      </trkpt>
      <trkpt lat="49.29423" lon="8.01371">
        <ele>441.43855417309675</ele>
      </trkpt>
      <trkpt lat="49.29443" lon="8.01373">
        <ele>444.11309912145197</ele>
      </trkpt>
      <trkpt lat="49.29463" lon="8.01383">
        <ele>446.92028351983066</ele>
      </trkpt>
      <trkpt lat="49.29486" lon="8.0141">
        <ele>450.7856876277301</ele>
      </trkpt>
      <trkpt lat="49.29503" lon="8.01439">
        <ele>453.425109790718</ele>
      </trkpt>
      <trkpt lat="49.29516878631009" lon="8.014750845816385">
        <ele>456.26035811827643</ele>
      </trkpt>
      <trkpt lat="49.29523" lon="8.01491">
        <ele>456.9859555347214</ele>
      </trkpt>
      <trkpt lat="49.29554" lon="8.01557">
        <ele>460.1790095580383</ele>
      </trkpt>
      <trkpt lat="49.29581" lon="8.01596">
        <ele>460.48758457598336</ele>
      </trkpt>
      <trkpt lat="49.29598" lon="8.01605">
        <ele>460.6371984563359</ele>
      </trkpt>
      <trkpt lat="49.29608" lon="8.01595">
        <ele>460.736515064038</ele>
      </trkpt>
      <trkpt lat="49.29609" lon="8.0157">
        <ele>460.7664616250109</ele>
      </trkpt>
      <trkpt lat="49.29598632189642" lon="8.01524580437085">
        <ele>460.82397797445566</ele>
      </trkpt>
      <trkpt lat="49.29588" lon="8.01478">
        <ele>461.8846648860289</ele>
      </trkpt>
      <trkpt lat="49.29588" lon="8.01455">
        <ele>462.3788415501623</ele>
      </trkpt>
      <trkpt lat="49.296" lon="8.01431">
        <ele>463.0286200568579</ele>
      </trkpt>
      <trkpt lat="49.29613" lon="8.01422">
        <ele>464.02310236633895</ele>
      </trkpt>
      <trkpt lat="49.29629" lon="8.01417">
        <ele>465.1615824508971</ele>
      </trkpt>
      <trkpt lat="49.29659" lon="8.01419">
        <ele>467.2552140260608</ele>
      </trkpt>
      <trkpt lat="49.29706" lon="8.01435">
        <ele>470.8575837480854</ele>
      </trkpt>
      <trkpt lat="49.29709987482063" lon="8.014367818235383">
        <ele>471.16730278094354</ele>
      </trkpt>
      <trkpt lat="49.29753" lon="8.01456">
        <ele>472.9557330292728</ele>
      </trkpt>
      <trkpt lat="49.29785" lon="8.01468">
        <ele>474.2703786126933</ele>
      </trkpt>
      <trkpt lat="49.29804" lon="8.01468">
        <ele>474.1505497825909</ele>
      </trkpt>
      <trkpt lat="49.2982" lon="8.01456">
        <ele>474.03821858035604</ele>
      </trkpt>
      <trkpt lat="49.29835" lon="8.01412">
        <ele>473.94230080500665</ele>
      </trkpt>
      <trkpt lat="49.29839" lon="8.01378">
        <ele>473.8755562195309</ele>
      </trkpt>
      <trkpt lat="49.29844" lon="8.01362">
        <ele>474.05196656379104</ele>
      </trkpt>
      <trkpt lat="49.2985" lon="8.01366">
        <ele>474.1517207235265</ele>
      </trkpt>
      <trkpt lat="49.298593066910676" lon="8.014212208010045">
        <ele>474.71870827290314</ele>
      </trkpt>
      <trkpt lat="49.29865" lon="8.01455">
        <ele>476.12990056017844</ele>
      </trkpt>
      <trkpt lat="49.29873045702085" lon="8.0148673664093">
        <ele>477.50620065326194</ele>
      </trkpt>
      <trkpt lat="49.29883" lon="8.01526">
        <ele>480.3994568688742</ele>
      </trkpt>
      <trkpt lat="49.29914206980581" lon="8.016089215323914">
        <ele>486.97258141975203</ele>
      </trkpt>
      <trkpt lat="49.29918" lon="8.01619">
        <ele>487.99639656056047</ele>
      </trkpt>
      <trkpt lat="49.29969" lon="8.01703">
        <ele>498.09114820596284</ele>
      </trkpt>
      <trkpt lat="49.29972911250717" lon="8.017831807745894">
        <ele>504.858646367312</ele>
      </trkpt>
      <trkpt lat="49.29973" lon="8.01785">
        <ele>505.0282774828611</ele>
      </trkpt>
      <trkpt lat="49.2996820447199" lon="8.019208647675116">
        <ele>517.6750248979666</ele>
      </trkpt>
      <trkpt lat="49.29967" lon="8.01955">
        <ele>519.3939743595319</ele>
      </trkpt>
      <trkpt lat="49.2996" lon="8.02024">
        <ele>522.9041714409358</ele>
      </trkpt>
      <trkpt lat="49.2997" lon="8.0211">
        <ele>527.2953858857494</ele>
      </trkpt>
      <trkpt lat="49.29989" lon="8.0217">
        <ele>528.642029016451</ele>
      </trkpt>
      <trkpt lat="49.299949260901606" lon="8.021852163203684">
        <ele>528.9988311867745</ele>
      </trkpt>
      <trkpt lat="49.300179773547896" lon="8.022443777716482">
        <ele>530.7555302845597</ele>
      </trkpt>
      <trkpt lat="49.30049" lon="8.02324">
        <ele>535.4580183182287</ele>
      </trkpt>
      <trkpt lat="49.30049" lon="8.02338">
        <ele>536.6706732317443</ele>
      </trkpt>
      <trkpt lat="49.30039" lon="8.02371">
        <ele>539.8226388317395</ele>
      </trkpt>
      <trkpt lat="49.30019" lon="8.02405">
        <ele>543.7888546517537</ele>
      </trkpt>
      <trkpt lat="49.30012063703413" lon="8.02419367460147">
        <ele>545.3358162896964</ele>
      </trkpt>
      <trkpt lat="49.29991" lon="8.02463">
        <ele>550.629581504982</ele>
      </trkpt>
      <trkpt lat="49.29987072799921" lon="8.024763519061292">
        <ele>552.0561684375858</ele>
      </trkpt>
      <trkpt lat="49.29976" lon="8.02514">
        <ele>554.6521808389139</ele>
      </trkpt>
      <trkpt lat="49.29948" lon="8.02656">
        <ele>563.9741381362926</ele>
      </trkpt>
      <trkpt lat="49.29949" lon="8.0273">
        <ele>565.6462902796034</ele>
      </trkpt>
      <trkpt lat="49.2995032489142" lon="8.02741929255058">
        <ele>565.9191126619949</ele>
      </trkpt>
      <trkpt lat="49.29959" lon="8.0282">
        <ele>567.5784578476604</ele>
      </trkpt>
      <trkpt lat="49.29973" lon="8.02908">
        <ele>570.0643810839301</ele>
      </trkpt>
      <trkpt lat="49.29980873139883" lon="8.029429917771777">
        <ele>571.0802111889058</ele>
      </trkpt>
      <trkpt lat="49.29982" lon="8.02948">
        <ele>571.2541436234811</ele>
      </trkpt>
      <trkpt lat="49.30016" lon="8.03052">
        <ele>575.0723105066874</ele>
      </trkpt>
      <trkpt lat="49.30020517878848" lon="8.030667222755705">
        <ele>575.6053345628416</ele>
      </trkpt>
      <trkpt lat="49.30039657443208" lon="8.031290779319553">
        <ele>577.4483633821834</ele>
      </trkpt>
      <trkpt lat="49.30047" lon="8.03153">
        <ele>578.0141617852182</ele>
      </trkpt>
      <trkpt lat="49.30055" lon="8.032">
        <ele>579.0533174094493</ele>
      </trkpt>
      <trkpt lat="49.30067" lon="8.03312">
        <ele>581.4814446155705</ele>
      </trkpt>
      <trkpt lat="49.30077" lon="8.03343">
        <ele>581.5593141460371</ele>
      </trkpt>
      <trkpt lat="49.30098" lon="8.03372">
        <ele>581.6568873604496</ele>
      </trkpt>
      <trkpt lat="49.30103343889339" lon="8.033764533775615">
        <ele>581.6778563775176</ele>
      </trkpt>
      <trkpt lat="49.30128" lon="8.03397">
        <ele>580.9435856860775</ele>
      </trkpt>
      <trkpt lat="49.30148" lon="8.03422">
        <ele>580.2686375643021</ele>
      </trkpt>
      <trkpt lat="49.3015" lon="8.03444">
        <ele>579.3601987975218</ele>
      </trkpt>
      <trkpt lat="49.30136" lon="8.03474">
        <ele>577.851457648179</ele>
      </trkpt>
      <trkpt lat="49.30111" lon="8.03509">
        <ele>575.7283933504143</ele>
      </trkpt>
      <trkpt lat="49.30104354448537" lon="8.035174245260064">
        <ele>575.188887735481</ele>
      </trkpt>
      <trkpt lat="49.30055" lon="8.0358">
        <ele>569.3042499326937</ele>
      </trkpt>
      <trkpt lat="49.30034" lon="8.03587">
        <ele>566.9626525697082</ele>
      </trkpt>
      <trkpt lat="49.30017" lon="8.03578">
        <ele>565.0030521957418</ele>
      </trkpt>
      <trkpt lat="49.30002" lon="8.03553">
        <ele>562.8132993478139</ele>
      </trkpt>
      <trkpt lat="49.2998" lon="8.03507">
        <ele>559.1363104327136</ele>
      </trkpt>
      <trkpt lat="49.29968" lon="8.03489">
        <ele>557.4770711550647</ele>
      </trkpt>
      <trkpt lat="49.29954" lon="8.03472">
        <ele>555.861968633789</ele>
      </trkpt>
      <trkpt lat="49.29933" lon="8.03452">
        <ele>553.6279191117351</ele>
      </trkpt>
      <trkpt lat="49.299306623286654" lon="8.034504973129716">
        <ele>553.3996364204561</ele>
      </trkpt>
      <trkpt lat="49.29905" lon="8.03434">
        <ele>551.4102924815702</ele>
      </trkpt>
      <trkpt lat="49.29869" lon="8.03407">
        <ele>548.5461445086895</ele>
      </trkpt>
      <trkpt lat="49.29832" lon="8.03366">
        <ele>545.2836057750678</ele>
      </trkpt>
      <trkpt lat="49.29826" lon="8.03375">
        <ele>544.7423229303655</ele>
      </trkpt>
      <trkpt lat="49.29847" lon="8.03422">
        <ele>542.346261158487</ele>
      </trkpt>
      <trkpt lat="49.29861192311735" lon="8.03445172070254">
        <ele>541.0103587505331</ele>
      </trkpt>
      <trkpt lat="49.29896" lon="8.03502">
        <ele>537.2159388092366</ele>
      </trkpt>
      <trkpt lat="49.29909" lon="8.03532">
        <ele>535.4634762302736</ele>
      </trkpt>
      <trkpt lat="49.29917" lon="8.03565">
        <ele>533.2243051554661</ele>
      </trkpt>
      <trkpt lat="49.2992" lon="8.036">
        <ele>530.9791257635173</ele>
      </trkpt>
      <trkpt lat="49.29917" lon="8.03636">
        <ele>528.6708729633821</ele>
      </trkpt>
      <trkpt lat="49.29909" lon="8.03669">
        <ele>525.6948223308239</ele>
      </trkpt>
      <trkpt lat="49.29878954998318" lon="8.037448028036437">
        <ele>518.1990788332714</ele>
      </trkpt>
      <trkpt lat="49.29844" lon="8.03833">
        <ele>507.6879660690626</ele>
      </trkpt>
      <trkpt lat="49.29833500552196" lon="8.038637148992562">
        <ele>504.16181848396235</ele>
      </trkpt>
      <trkpt lat="49.29791778471561" lon="8.039857962148677">
        <ele>492.26422002475306</ele>
      </trkpt>
      <trkpt lat="49.2979" lon="8.03991">
        <ele>492.04937374714285</ele>
      </trkpt>
      <trkpt lat="49.29764" lon="8.04086">
        <ele>488.2829611946967</ele>
      </trkpt>
      <trkpt lat="49.29763" lon="8.0411">
        <ele>487.4037895497128</ele>
      </trkpt>
      <trkpt lat="49.29778" lon="8.04128">
        <ele>487.4225565212393</ele>
      </trkpt>
      <trkpt lat="49.29793" lon="8.04131">
        <ele>487.43746116878816</ele>
      </trkpt>
      <trkpt lat="49.298070054209425" lon="8.0413199167532">
        <ele>487.4512447351797</ele>
      </trkpt>
      <trkpt lat="49.298967919984875" lon="8.041383481073227">
        <ele>487.98512388051097</ele>
      </trkpt>
      <trkpt lat="49.29906" lon="8.04139">
        <ele>487.3416608364808</ele>
      </trkpt>
      <trkpt lat="49.29964" lon="8.04147">
        <ele>483.27781449489254</ele>
      </trkpt>
      <trkpt lat="49.29978" lon="8.04153">
        <ele>482.2633937840521</ele>
      </trkpt>
      <trkpt lat="49.29983" lon="8.0417">
        <ele>481.4147341272675</ele>
      </trkpt>
      <trkpt lat="49.29979" lon="8.0419">
        <ele>479.5241182047179</ele>
      </trkpt>
      <trkpt lat="49.29972" lon="8.04207">
        <ele>477.70707020992734</ele>
      </trkpt>
      <trkpt lat="49.299284382519694" lon="8.042678478604675">
        <ele>469.5418127964754</ele>
      </trkpt>
      <trkpt lat="49.29909" lon="8.04295">
        <ele>465.58206580653535</ele>
      </trkpt>
      <trkpt lat="49.29877" lon="8.04334">
        <ele>459.4282562742358</ele>
      </trkpt>
      <trkpt lat="49.29844" lon="8.04368">
        <ele>453.9536845436506</ele>
      </trkpt>
      <trkpt lat="49.29818760466617" lon="8.04386356010142">
        <ele>450.10745742501274</ele>
      </trkpt>
      <trkpt lat="49.29811" lon="8.04392">
        <ele>449.016987736828</ele>
      </trkpt>
      <trkpt lat="49.297765709213074" lon="8.044099629793239">
        <ele>444.4017025040477</ele>
      </trkpt>
      <trkpt lat="49.29765" lon="8.04416">
        <ele>442.87914805122296</ele>
      </trkpt>
      <trkpt lat="49.29733" lon="8.04437">
        <ele>438.5445151050331</ele>
      </trkpt>
      <trkpt lat="49.2971" lon="8.04459">
        <ele>435.1687097365338</ele>
      </trkpt>
      <trkpt lat="49.29692" lon="8.04492">
        <ele>432.0188158940492</ele>
      </trkpt>
      <trkpt lat="49.29675" lon="8.04541">
        <ele>427.95507448474706</ele>
      </trkpt>
      <trkpt lat="49.296463597174764" lon="8.046659751775518">
        <ele>420.5388510090411</ele>
      </trkpt>
      <trkpt lat="49.29642" lon="8.04685">
        <ele>419.68288996727784</ele>
      </trkpt>
      <trkpt lat="49.29619783398474" lon="8.04797668773776">
        <ele>414.6885188752279</ele>
      </trkpt>
      <trkpt lat="49.29614" lon="8.04827">
        <ele>413.3763091657432</ele>
      </trkpt>
      <trkpt lat="49.295906056654665" lon="8.049280859534997">
        <ele>408.78643815873767</ele>
      </trkpt>
      <trkpt lat="49.29575578447514" lon="8.049930312201086">
        <ele>405.9805252092497</ele>
      </trkpt>
      <trkpt lat="49.29558" lon="8.05069">
        <ele>403.0200520795505</ele>
      </trkpt>
      <trkpt lat="49.295473899057406" lon="8.051238929236646">
        <ele>400.9187762883126</ele>
      </trkpt>
      <trkpt lat="49.29535" lon="8.05188">
        <ele>398.30350726255637</ele>
      </trkpt>
      <trkpt lat="49.29523382200173" lon="8.052567344389725">
        <ele>395.5280024881847</ele>
      </trkpt>
      <trkpt lat="49.29511" lon="8.0533">
        <ele>391.9770939294319</ele>
      </trkpt>
      <trkpt lat="49.29492340154444" lon="8.054579482533073">
        <ele>385.2359005407376</ele>
      </trkpt>
      <trkpt lat="49.29483" lon="8.05522">
        <ele>382.85894237387726</ele>
      </trkpt>
      <trkpt lat="49.29476860877583" lon="8.055936158408047">
        <ele>380.24461592302015</ele>
      </trkpt>
      <trkpt lat="49.29471" lon="8.05662">
        <ele>379.90189323488175</ele>
      </trkpt>
      <trkpt lat="49.29473043643234" lon="8.05730808889492">
        <ele>379.55978485913295</ele>
      </trkpt>
      <trkpt lat="49.29474" lon="8.05763">
        <ele>379.7138692058418</ele>
      </trkpt>
      <trkpt lat="49.29473" lon="8.05817">
        <ele>379.9720981260062</ele>
      </trkpt>
      <trkpt lat="49.29469" lon="8.05864">
        <ele>380.19866738418915</ele>
      </trkpt>
      <trkpt lat="49.29456" lon="8.0591">
        <ele>380.3791376935888</ele>
      </trkpt>
      <trkpt lat="49.29448008958635" lon="8.059295106851899">
        <ele>380.46196041921627</ele>
      </trkpt>
      <trkpt lat="49.29413" lon="8.06015">
        <ele>379.3426187883727</ele>
      </trkpt>
      <trkpt lat="49.29401" lon="8.06046">
        <ele>378.94300656522563</ele>
      </trkpt>
      <trkpt lat="49.29394" lon="8.06073">
        <ele>378.62092536210184</ele>
      </trkpt>
      <trkpt lat="49.29389" lon="8.06102">
        <ele>377.6568410863586</ele>
      </trkpt>
      <trkpt lat="49.29387" lon="8.06133">
        <ele>376.6556332335442</ele>
      </trkpt>
      <trkpt lat="49.29386499656054" lon="8.061815038285788">
        <ele>375.0970069027263</ele>
      </trkpt>
      <trkpt lat="49.29386" lon="8.0623">
        <ele>372.6176230589883</ele>
      </trkpt>
      <trkpt lat="49.29384748280041" lon="8.062503369905825">
        <ele>371.57444481681955</ele>
      </trkpt>
      <trkpt lat="49.29382" lon="8.06295">
        <ele>368.81406485990186</ele>
      </trkpt>
      <trkpt lat="49.29376" lon="8.06342">
        <ele>365.8681315491965</ele>
      </trkpt>
      <trkpt lat="49.2937" lon="8.06365">
        <ele>364.3443696057778</ele>
      </trkpt>
      <trkpt lat="49.29361" lon="8.06388">
        <ele>362.5719796847306</ele>
      </trkpt>
      <trkpt lat="49.29346" lon="8.06409">
        <ele>360.5139731412261</ele>
      </trkpt>
      <trkpt lat="49.29328893024701" lon="8.064261061583345">
        <ele>358.44665200004005</ele>
      </trkpt>
      <trkpt lat="49.29277" lon="8.06478">
        <ele>353.1473964909631</ele>
      </trkpt>
      <trkpt lat="49.29253" lon="8.06508">
        <ele>350.49965463741296</ele>
      </trkpt>
      <trkpt lat="49.29231" lon="8.06541">
        <ele>347.86798180937916</ele>
      </trkpt>
      <trkpt lat="49.29213" lon="8.06572">
        <ele>346.3113570662348</ele>
      </trkpt>
      <trkpt lat="49.29196928645691" lon="8.066090875054206">
        <ele>344.6417104084474</ele>
      </trkpt>
      <trkpt lat="49.29187" lon="8.06632">
        <ele>343.7385344585086</ele>
      </trkpt>
      <trkpt lat="49.291410389217184" lon="8.067170145765107">
        <ele>340.1169885151819</ele>
      </trkpt>
      <trkpt lat="49.29083686928984" lon="8.068231246197623">
        <ele>335.8413075984142</ele>
      </trkpt>
      <trkpt lat="49.29027" lon="8.06928">
        <ele>332.17013604982134</ele>
      </trkpt>
      <trkpt lat="49.29026294406419" lon="8.069292352697898">
        <ele>332.127002488926</ele>
      </trkpt>
      <trkpt lat="49.2897" lon="8.07028">
        <ele>329.01875338264847</ele>
      </trkpt>
      <trkpt lat="49.28949" lon="8.07056">
        <ele>328.2917438318759</ele>
      </trkpt>
      <trkpt lat="49.28931201190903" lon="8.070743920470182">
        <ele>327.7311614797452</ele>
      </trkpt>
      <trkpt lat="49.28919" lon="8.07087">
        <ele>327.43510120204616</ele>
      </trkpt>
      <trkpt lat="49.28896" lon="8.07107">
        <ele>326.9032231182403</ele>
      </trkpt>
      <trkpt lat="49.28858362565431" lon="8.07154541264044">
        <ele>325.922608343148</ele>
      </trkpt>
      <trkpt lat="49.2882" lon="8.07203">
        <ele>324.0653131647914</ele>
      </trkpt>
      <trkpt lat="49.287904720623985" lon="8.072448560466414">
        <ele>322.56411926974994</ele>
      </trkpt>
      <trkpt lat="49.28757475305344" lon="8.072916332565189">
        <ele>319.3298546269758</ele>
      </trkpt>
      <trkpt lat="49.28729" lon="8.07332">
        <ele>315.4441140845828</ele>
      </trkpt>
      <trkpt lat="49.28688" lon="8.07405">
        <ele>309.1504829067213</ele>
      </trkpt>
      <trkpt lat="49.28668" lon="8.07445">
        <ele>305.8577319598877</ele>
      </trkpt>
      <trkpt lat="49.28645341526668" lon="8.075052353364">
        <ele>302.15407259518145</ele>
      </trkpt>
      <trkpt lat="49.286004463752384" lon="8.076246115533435">
        <ele>296.61487642380473</ele>
      </trkpt>
      <trkpt lat="49.28583" lon="8.07671">
        <ele>294.54543124772067</ele>
      </trkpt>
      <trkpt lat="49.28578383068698" lon="8.076846490068501">
        <ele>293.9521507822788</ele>
      </trkpt>
      <trkpt lat="49.2856" lon="8.07739">
        <ele>291.00167539893454</ele>
      </trkpt>
      <trkpt lat="49.28538620773976" lon="8.078082648517288">
        <ele>287.31150274860823</ele>
      </trkpt>
      <trkpt lat="49.2851" lon="8.07901">
        <ele>281.74721196921325</ele>
      </trkpt>
      <trkpt lat="49.28500871295549" lon="8.07933359243295">
        <ele>279.83791484253976</ele>
      </trkpt>
      <trkpt lat="49.28466" lon="8.08057">
        <ele>272.6465719244367</ele>
      </trkpt>
      <trkpt lat="49.28451" lon="8.08113">
        <ele>269.38964587654175</ele>
      </trkpt>
      <trkpt lat="49.28449625009503" lon="8.081243256592696">
        <ele>268.77249938965815</ele>
      </trkpt>
      <trkpt lat="49.28433206044555" lon="8.082597989373546">
        <ele>261.01784713129484</ele>
      </trkpt>
      <trkpt lat="49.28431" lon="8.08278">
        <ele>260.09551174298684</ele>
      </trkpt>
      <trkpt lat="49.28401" lon="8.08452">
        <ele>251.13155383596342</ele>
      </trkpt>
      <trkpt lat="49.28391" lon="8.08487">
        <ele>249.5400765984789</ele>
      </trkpt>
      <trkpt lat="49.28378398355766" lon="8.08520889012324">
        <ele>247.91717793908143</ele>
      </trkpt>
      <trkpt lat="49.28333" lon="8.08643">
        <ele>242.2751133539173</ele>
      </trkpt>
      <trkpt lat="49.28324" lon="8.08673">
        <ele>240.94999876038648</ele>
      </trkpt>
      <trkpt lat="49.28318" lon="8.087">
        <ele>239.80533974254</ele>
      </trkpt>
      <trkpt lat="49.28314" lon="8.08734">
        <ele>238.5124209569226</ele>
      </trkpt>
      <trkpt lat="49.28313357390002" lon="8.087730478835638">
        <ele>237.05380488955046</ele>
      </trkpt>
      <trkpt lat="49.28311118173442" lon="8.08910793283552">
        <ele>232.84808719519276</ele>
      </trkpt>
      <trkpt lat="49.28309997951171" lon="8.089796659366222">
        <ele>231.17992076094296</ele>
      </trkpt>
      <trkpt lat="49.28309" lon="8.09041">
        <ele>229.78021501960302</ele>
      </trkpt>
      <trkpt lat="49.28300459182443" lon="8.091163536428278">
        <ele>228.0364340520687</ele>
      </trkpt>
      <trkpt lat="49.28292" lon="8.09191">
        <ele>226.2205888342123</ele>
      </trkpt>
      <trkpt lat="49.2828369552977" lon="8.092517914434863">
        <ele>224.73407531229495</ele>
      </trkpt>
      <trkpt lat="49.28265285493787" lon="8.093866573041867">
        <ele>222.0325861433635</ele>
      </trkpt>
      <trkpt lat="49.282560798872105" lon="8.094540898569">
        <ele>220.97302195773685</ele>
      </trkpt>
      <trkpt lat="49.28255" lon="8.09462">
        <ele>220.858693768646</ele>
      </trkpt>
      <trkpt lat="49.2825" lon="8.09523">
        <ele>219.9892205163624</ele>
      </trkpt>
      <trkpt lat="49.28253" lon="8.09587">
        <ele>218.96847816174886</ele>
      </trkpt>
      <trkpt lat="49.282628858478" lon="8.096584546638109">
        <ele>217.80693585903464</ele>
      </trkpt>
      <trkpt lat="49.28275" lon="8.09746">
        <ele>216.3229661874345</ele>
      </trkpt>
      <trkpt lat="49.28275" lon="8.09766">
        <ele>215.9914326055782</ele>
      </trkpt>
      <trkpt lat="49.28272602731264" lon="8.097941015110647">
        <ele>215.52216588873767</ele>
      </trkpt>
      <trkpt lat="49.28264" lon="8.09895">
        <ele>214.6680420979202</ele>
      </trkpt>
      <trkpt lat="49.28265332879134" lon="8.099309892499415">
        <ele>214.36561181789975</ele>
      </trkpt>
      <trkpt lat="49.28266" lon="8.09949">
        <ele>214.51763176116472</ele>
      </trkpt>
      <trkpt lat="49.28280824752293" lon="8.100666097588643">
        <ele>215.52673313085708</ele>
      </trkpt>
      <trkpt lat="49.28281" lon="8.10068">
        <ele>215.55638016596498</ele>
      </trkpt>
      <trkpt lat="49.28283" lon="8.10101">
        <ele>216.25008394477624</ele>
      </trkpt>
      <trkpt lat="49.28272999860905" lon="8.10203140934008">
        <ele>218.41169018810515</ele>
      </trkpt>
      <trkpt lat="49.28269" lon="8.10244">
        <ele>218.82101592718044</ele>
      </trkpt>
      <trkpt lat="49.28266" lon="8.10311">
        <ele>219.48614212437744</ele>
      </trkpt>
      <trkpt lat="49.2826658665072" lon="8.10340335687831">
        <ele>219.77675367642243</ele>
      </trkpt>
      <trkpt lat="49.28267" lon="8.10361">
        <ele>219.65895272127662</ele>
      </trkpt>
      <trkpt lat="49.28269723397032" lon="8.10409116464572">
        <ele>219.3841976101858</ele>
      </trkpt>
      <trkpt lat="49.28281" lon="8.10608">
        <ele>215.23721144083098</ele>
      </trkpt>
      <trkpt lat="49.28287" lon="8.10643">
        <ele>214.59180214116665</ele>
      </trkpt>
      <trkpt lat="49.282959262376146" lon="8.106803830978398">
        <ele>213.882401272367</ele>
      </trkpt>
      <trkpt lat="49.28319" lon="8.10777">
        <ele>212.62389452997803</ele>
      </trkpt>
      <trkpt lat="49.283254914245035" lon="8.108104845812633">
        <ele>212.19700735877092</ele>
      </trkpt>
      <trkpt lat="49.28338" lon="8.10875">
        <ele>211.49325317724245</ele>
      </trkpt>
      <trkpt lat="49.28338277727074" lon="8.108765887362884">
        <ele>211.47663280410677</ele>
      </trkpt>
      <trkpt lat="49.28368" lon="8.11045">
        <ele>207.52124265022178</ele>
      </trkpt>
      <trkpt lat="49.28368" lon="8.11094">
        <ele>205.88057900106708</ele>
      </trkpt>
      <trkpt lat="49.28363" lon="8.1112">
        <ele>204.9729795849504</ele>
      </trkpt>
      <trkpt lat="49.283602574042604" lon="8.111446833351673">
        <ele>204.13462908137868</ele>
      </trkpt>
      <trkpt lat="49.2836" lon="8.11147">
        <ele>204.05821180233883</ele>
      </trkpt>
      <trkpt lat="49.28363567016469" lon="8.112133490731734">
        <ele>201.8943397386185</ele>
      </trkpt>
      <trkpt lat="49.28365" lon="8.1124">
        <ele>201.06926579004465</ele>
      </trkpt>
      <trkpt lat="49.28361009746018" lon="8.113509234282825">
        <ele>197.64299140319488</ele>
      </trkpt>
      <trkpt lat="49.2836" lon="8.11379">
        <ele>197.10920571053768</ele>
      </trkpt>
      <trkpt lat="49.28361" lon="8.11465">
        <ele>195.47692468811744</ele>
      </trkpt>
      <trkpt lat="49.28363" lon="8.11552">
        <ele>193.8249015226795</ele>
      </trkpt>
      <trkpt lat="49.28353296958703" lon="8.116249969343292">
        <ele>192.64365245186178</ele>
      </trkpt>
      <trkpt lat="49.283443251887725" lon="8.116925047176126">
        <ele>191.52348820332264</ele>
      </trkpt>
      <trkpt lat="49.28342" lon="8.1171">
        <ele>191.2368693127915</ele>
      </trkpt>
      <trkpt lat="49.28337" lon="8.11764">
        <ele>190.36160053387152</ele>
      </trkpt>
      <trkpt lat="49.28334180871549" lon="8.11829362275693">
        <ele>189.31158202311042</ele>
      </trkpt>
      <trkpt lat="49.2832826622672" lon="8.119668523204716">
        <ele>186.95539156506686</ele>
      </trkpt>
      <trkpt lat="49.28324" lon="8.12066">
        <ele>185.3731897356257</ele>
      </trkpt>
      <trkpt lat="49.283229888157486" lon="8.121044179952793">
        <ele>184.76132557907724</ele>
      </trkpt>
      <trkpt lat="49.28322" lon="8.12142">
        <ele>184.17632190896992</ele>
      </trkpt>
      <trkpt lat="49.28321" lon="8.12173">
        <ele>183.69372836785507</ele>
      </trkpt>
      <trkpt lat="49.28309121290533" lon="8.123099053450387">
        <ele>181.6588823423203</ele>
      </trkpt>
      <trkpt lat="49.28302" lon="8.12392">
        <ele>180.44478354677977</ele>
      </trkpt>
      <trkpt lat="49.28303" lon="8.12401">
        <ele>180.31098552867616</ele>
      </trkpt>
      <trkpt lat="49.28297513348847" lon="8.124461244365827">
        <ele>179.6389158896283</ele>
      </trkpt>
      <trkpt lat="49.28281" lon="8.12582">
        <ele>177.7668188249161</ele>
      </trkpt>
      <trkpt lat="49.28264" lon="8.12683">
        <ele>176.41721154706985</ele>
      </trkpt>
      <trkpt lat="49.28262" lon="8.12708">
        <ele>176.0913205626342</ele>
      </trkpt>
      <trkpt lat="49.28269" lon="8.12738">
        <ele>175.52257457465123</ele>
      </trkpt>
      <trkpt lat="49.28284" lon="8.12738">
        <ele>175.16071172815856</ele>
      </trkpt>
      <trkpt lat="49.28343" lon="8.12729">
        <ele>173.73037302597777</ele>
      </trkpt>
      <trkpt lat="49.28432665485338" lon="8.127188491840885">
        <ele>171.83041208255364</ele>
      </trkpt>
      <trkpt lat="49.28449" lon="8.12717">
        <ele>171.90793278530427</ele>
      </trkpt>
      <trkpt lat="49.28515" lon="8.12712">
        <ele>172.2205895231471</ele>
      </trkpt>
      <trkpt lat="49.28522168213786" lon="8.127151166389705">
        <ele>172.2558187439957</ele>
      </trkpt>
      <trkpt lat="49.28538" lon="8.12722">
        <ele>172.86341099402765</ele>
      </trkpt>
      <trkpt lat="49.28547" lon="8.1273">
        <ele>173.24740383912672</ele>
      </trkpt>
      <trkpt lat="49.28551" lon="8.12726">
        <ele>173.42367786994316</ele>
      </trkpt>
      <trkpt lat="49.28619" lon="8.1272">
        <ele>175.93773066951368</ele>
      </trkpt>
      <trkpt lat="49.28641" lon="8.12716">
        <ele>176.83673645067813</ele>
      </trkpt>
      <trkpt lat="49.28676" lon="8.12677">
        <ele>178.59253606217197</ele>
      </trkpt>
      <trkpt lat="49.28688270683135" lon="8.126647292632809">
        <ele>179.18684494945313</ele>
      </trkpt>
      <trkpt lat="49.28701" lon="8.12652">
        <ele>179.82188063757505</ele>
      </trkpt>
      <trkpt lat="49.28728" lon="8.12634">
        <ele>181.05172846626797</ele>
      </trkpt>
      <trkpt lat="49.28771" lon="8.12603">
        <ele>182.95844351439644</ele>
      </trkpt>
      <trkpt lat="49.28797" lon="8.12575">
        <ele>184.23307279176458</ele>
      </trkpt>
      <trkpt lat="49.28809" lon="8.12555">
        <ele>184.9750297629464</ele>
      </trkpt>
      <trkpt lat="49.28815" lon="8.12542">
        <ele>185.40984129391407</ele>
      </trkpt>
      <trkpt lat="49.28825689432011" lon="8.125026762527686">
        <ele>186.57241277392777</ele>
      </trkpt>
      <trkpt lat="49.28843" lon="8.12439">
        <ele>188.6447968902117</ele>
      </trkpt>
      <trkpt lat="49.2885984571153" lon="8.12375160337659">
        <ele>190.71211816673357</ele>
      </trkpt>
      <trkpt lat="49.28881" lon="8.12295">
        <ele>193.498248552175</ele>
      </trkpt>
      <trkpt lat="49.288944386584994" lon="8.122479646026513">
        <ele>195.15211029117796</ele>
      </trkpt>
      <trkpt lat="49.28897" lon="8.12239">
        <ele>195.4358839562792</ele>
      </trkpt>
      <trkpt lat="49.28913" lon="8.12197">
        <ele>196.8457273254104</ele>
      </trkpt>
      <trkpt lat="49.28941" lon="8.12147">
        <ele>198.7559042906696</ele>
      </trkpt>
      <trkpt lat="49.28954" lon="8.12129">
        <ele>199.4279511897083</ele>
      </trkpt>
      <trkpt lat="49.28973" lon="8.12107">
        <ele>200.34143447800773</ele>
      </trkpt>
      <trkpt lat="49.28983329931645" lon="8.12096306925809">
        <ele>200.8189486912318</ele>
      </trkpt>
      <trkpt lat="49.2903" lon="8.12048">
        <ele>202.70773905496665</ele>
      </trkpt>
      <trkpt lat="49.29045" lon="8.12034">
        <ele>203.29658918361065</ele>
      </trkpt>
      <trkpt lat="49.29059177669888" lon="8.120224928339546">
        <ele>203.8338498052229</ele>
      </trkpt>
      <trkpt lat="49.29114" lon="8.11978">
        <ele>205.94011928008803</ele>
      </trkpt>
      <trkpt lat="49.29132" lon="8.11959">
        <ele>206.68193922763734</ele>
      </trkpt>
      <trkpt lat="49.291366858701124" lon="8.119531537017101">
        <ele>206.88590931833116</ele>
      </trkpt>
      <trkpt lat="49.292064168158625" lon="8.118661977401862">
        <ele>210.42749733538272</ele>
      </trkpt>
      <trkpt lat="49.29217" lon="8.11853">
        <ele>210.99241286609544</ele>
      </trkpt>
      <trkpt lat="49.2928" lon="8.118">
        <ele>213.96727462717772</ele>
      </trkpt>
      <trkpt lat="49.29288" lon="8.11789">
        <ele>214.4121222358752</ele>
      </trkpt>
      <trkpt lat="49.29297" lon="8.11772">
        <ele>215.0033000698541</ele>
      </trkpt>
      <trkpt lat="49.29333820908401" lon="8.116819930277515">
        <ele>217.64413168829776</ele>
      </trkpt>
      <trkpt lat="49.29342" lon="8.11662">
        <ele>218.19409727301988</ele>
      </trkpt>
      <trkpt lat="49.29355770346797" lon="8.116218860134815">
        <ele>219.2498916553179</ele>
      </trkpt>
      <trkpt lat="49.29365" lon="8.11595">
        <ele>219.86294269584374</ele>
      </trkpt>
      <trkpt lat="49.29377" lon="8.11537">
        <ele>221.090317911862</ele>
      </trkpt>
      <trkpt lat="49.29381303700035" lon="8.114908266280844">
        <ele>222.0306821011424</ele>
      </trkpt>
      <trkpt lat="49.29388" lon="8.11419">
        <ele>223.44223892378824</ele>
      </trkpt>
      <trkpt lat="49.29395" lon="8.11375">
        <ele>224.32305998287913</ele>
      </trkpt>
      <trkpt lat="49.29398604952517" lon="8.113557723897339">
        <ele>224.7118666261265</ele>
      </trkpt>
      <trkpt lat="49.29407" lon="8.11311">
        <ele>225.66011843385937</ele>
      </trkpt>
      <trkpt lat="49.29412113281504" lon="8.112900387575241">
        <ele>226.11450394885765</ele>
      </trkpt>
      <trkpt lat="49.2944361629551" lon="8.11160961889974">
        <ele>229.14114451540058</ele>
      </trkpt>
      <trkpt lat="49.29448" lon="8.11143">
        <ele>229.5046759463024</ele>
      </trkpt>
      <trkpt lat="49.29458" lon="8.11115">
        <ele>230.109604441538</ele>
      </trkpt>
      <trkpt lat="49.29465" lon="8.11101">
        <ele>230.44388874839734</ele>
      </trkpt>
      <trkpt lat="49.29473" lon="8.11085">
        <ele>230.82592759015293</ele>
      </trkpt>
      <trkpt lat="49.29485" lon="8.11071">
        <ele>230.9477169029957</ele>
      </trkpt>
      <trkpt lat="49.29536367331187" lon="8.110182806549878">
        <ele>231.4468945290209</ele>
      </trkpt>
      <trkpt lat="49.29561" lon="8.10993">
        <ele>230.56087652347648</ele>
      </trkpt>
      <trkpt lat="49.29588" lon="8.10968">
        <ele>229.61836916665652</ele>
      </trkpt>
      <trkpt lat="49.29613" lon="8.10953">
        <ele>228.81615849702604</ele>
      </trkpt>
      <trkpt lat="49.29625" lon="8.10949">
        <ele>228.44919667393125</ele>
      </trkpt>
      <trkpt lat="49.29645" lon="8.10945">
        <ele>227.8464895277821</ele>
      </trkpt>
      <trkpt lat="49.29663" lon="8.10947">
        <ele>226.25350329274164</ele>
      </trkpt>
      <trkpt lat="49.29681" lon="8.10951">
        <ele>224.64808521127833</ele>
      </trkpt>
      <trkpt lat="49.29693" lon="8.10957">
        <ele>223.53398487807607</ele>
      </trkpt>
      <trkpt lat="49.29703" lon="8.10963">
        <ele>222.57841145652478</ele>
      </trkpt>
      <trkpt lat="49.29764" lon="8.11024">
        <ele>213.9920509325049</ele>
      </trkpt>
      <trkpt lat="49.29773" lon="8.1103">
        <ele>212.8349674596769</ele>
      </trkpt>
      <trkpt lat="49.29794" lon="8.11041">
        <ele>210.21850877278263</ele>
      </trkpt>
      <trkpt lat="49.29813" lon="8.11046">
        <ele>209.0279427751565</ele>
      </trkpt>
      <trkpt lat="49.29846" lon="8.1105">
        <ele>206.98355345903354</ele>
      </trkpt>
      <trkpt lat="49.29868331162817" lon="8.110527922016288">
        <ele>205.60329207845066</ele>
      </trkpt>
      <trkpt lat="49.299131237199404" lon="8.110583909165404">
        <ele>205.1826034287557</ele>
      </trkpt>
      <trkpt lat="49.300027088260734" lon="8.110695886516814">
        <ele>209.3493171662556</ele>
      </trkpt>
      <trkpt lat="49.30046" lon="8.11075">
        <ele>211.63172051460643</ele>
      </trkpt>
      <trkpt lat="49.30063" lon="8.11073">
        <ele>212.52737794201337</ele>
      </trkpt>
      <trkpt lat="49.30073" lon="8.11069">
        <ele>213.07026757971914</ele>
      </trkpt>
      <trkpt lat="49.30083" lon="8.11061">
        <ele>213.6627646630782</ele>
      </trkpt>
      <trkpt lat="49.30092" lon="8.11069">
        <ele>214.20922705609</ele>
      </trkpt>
      <trkpt lat="49.30097" lon="8.11085">
        <ele>214.81699324747552</ele>
      </trkpt>
      <trkpt lat="49.30099" lon="8.11105">
        <ele>214.76295266952016</ele>
      </trkpt>
      <trkpt lat="49.30096" lon="8.1117">
        <ele>214.58891595747104</ele>
      </trkpt>
      <trkpt lat="49.30096682980894" lon="8.112007357823396">
        <ele>214.50679093358937</ele>
      </trkpt>
      <trkpt lat="49.30097" lon="8.11215">
        <ele>214.2279458017004</ele>
      </trkpt>
      <trkpt lat="49.30099898450827" lon="8.112694951700917">
        <ele>213.16030395616588</ele>
      </trkpt>
      <trkpt lat="49.30102" lon="8.11309">
        <ele>212.2304080773777</ele>
      </trkpt>
      <trkpt lat="49.30108" lon="8.11377">
        <ele>210.62103819491125</ele>
      </trkpt>
      <trkpt lat="49.301118212027646" lon="8.114060430929696">
        <ele>209.92650342167025</ele>
      </trkpt>
      <trkpt lat="49.30118" lon="8.11453">
        <ele>209.1228318847893</ele>
      </trkpt>
      <trkpt lat="49.301256463438726" lon="8.115422122671276">
        <ele>207.61399681385214</ele>
      </trkpt>
      <trkpt lat="49.3013" lon="8.11593">
        <ele>206.99942312752322</ele>
      </trkpt>
      <trkpt lat="49.30143350200518" lon="8.116772144549728">
        <ele>205.96026002999707</ele>
      </trkpt>
      <trkpt lat="49.30153967952783" lon="8.11744183093386">
        <ele>205.00911522509838</ele>
      </trkpt>
      <trkpt lat="49.30156" lon="8.11757">
        <ele>204.77141403007496</ele>
      </trkpt>
      <trkpt lat="49.30156" lon="8.11792">
        <ele>204.14088062283335</ele>
      </trkpt>
      <trkpt lat="49.3015" lon="8.11871">
        <ele>202.70805476346777</ele>
      </trkpt>
      <trkpt lat="49.30150216049452" lon="8.11881160592841">
        <ele>202.52512018306447</ele>
      </trkpt>
      <trkpt lat="49.30151" lon="8.11918">
        <ele>201.79649544675127</ele>
      </trkpt>
      <trkpt lat="49.30163943227315" lon="8.12017075598513">
        <ele>199.80032403176858</ele>
      </trkpt>
      <trkpt lat="49.30177" lon="8.12117">
        <ele>198.15538638000612</ele>
      </trkpt>
      <trkpt lat="49.30178866542106" lon="8.121528454275586">
        <ele>197.57545410718456</ele>
      </trkpt>
      <trkpt lat="49.30182" lon="8.12213">
        <ele>197.1462333079292</ele>
      </trkpt>
      <trkpt lat="49.30182" lon="8.12288">
        <ele>196.61295290339032</ele>
      </trkpt>
      <trkpt lat="49.30183" lon="8.1228">
        <ele>196.6248223001086</ele>
      </trkpt>
      <trkpt lat="49.30224190169824" lon="8.122844132373054">
        <ele>196.71708093831657</ele>
      </trkpt>
      <trkpt lat="49.30239" lon="8.12286">
        <ele>196.90889672644875</ele>
      </trkpt>
      <trkpt lat="49.3026859927882" lon="8.122944569464007">
        <ele>197.29773932271215</ele>
      </trkpt>
      <trkpt lat="49.30281" lon="8.12298">
        <ele>197.619770769835</ele>
      </trkpt>
      <trkpt lat="49.30358114129532" lon="8.122893783836284">
        <ele>199.5923870178786</ele>
      </trkpt>
      <trkpt lat="49.30442" lon="8.1228">
        <ele>202.62794601242283</ele>
      </trkpt>
      <trkpt lat="49.30463" lon="8.12276">
        <ele>203.2404385785447</ele>
      </trkpt>
      <trkpt lat="49.30479" lon="8.1227">
        <ele>203.71718432816806</ele>
      </trkpt>
      <trkpt lat="49.30532" lon="8.12243">
        <ele>205.33362752758208</ele>
      </trkpt>
      <trkpt lat="49.30578514464256" lon="8.12255093917885">
        <ele>206.05288390064405</ele>
      </trkpt>
      <trkpt lat="49.30632" lon="8.12269">
        <ele>206.02277846378587</ele>
      </trkpt>
      <trkpt lat="49.30667605319592" lon="8.122720961711142">
        <ele>206.00300349958965</ele>
      </trkpt>
      <trkpt lat="49.30724" lon="8.12277">
        <ele>205.30438497483712</ele>
      </trkpt>
      <trkpt lat="49.30753" lon="8.12283">
        <ele>204.9425731986328</ele>
      </trkpt>
      <trkpt lat="49.30757099241272" lon="8.122840694630687">
        <ele>204.89132597470157</ele>
      </trkpt>
      <trkpt lat="49.30799" lon="8.12295">
        <ele>204.65593843757424</ele>
      </trkpt>
      <trkpt lat="49.30825" lon="8.12305">
        <ele>204.50753334483213</ele>
      </trkpt>
      <trkpt lat="49.30837" lon="8.12312">
        <ele>204.62335935878602</ele>
      </trkpt>
      <trkpt lat="49.30839" lon="8.12304">
        <ele>204.67375641782556</ele>
      </trkpt>
      <trkpt lat="49.30866" lon="8.12242">
        <ele>205.1123105649302</ele>
      </trkpt>
      <trkpt lat="49.30871" lon="8.12131">
        <ele>206.87861512655653</ele>
      </trkpt>
      <trkpt lat="49.30869977600816" lon="8.121066541135415">
        <ele>207.26518982208285</ele>
      </trkpt>
      <trkpt lat="49.30864212827135" lon="8.119690783470197">
        <ele>210.70702415998372</ele>
      </trkpt>
      <trkpt lat="49.30864" lon="8.11964">
        <ele>210.8369722290915</ele>
      </trkpt>
      <trkpt lat="49.30861798673977" lon="8.118312154367683">
        <ele>214.2273986940799</ele>
      </trkpt>
      <trkpt lat="49.30861" lon="8.11783">
        <ele>215.3949160524725</ele>
      </trkpt>
      <trkpt lat="49.308566904159" lon="8.117633260407842">
        <ele>215.89596569838008</ele>
      </trkpt>
      <trkpt lat="49.30828080246283" lon="8.116326375051237">
        <ele>218.9936743515334</ele>
      </trkpt>
      <trkpt lat="49.30824" lon="8.11614">
        <ele>219.47365690036037</ele>
      </trkpt>
      <trkpt lat="49.30817" lon="8.1157">
        <ele>220.57904404093634</ele>
      </trkpt>
      <trkpt lat="49.30815" lon="8.11544">
        <ele>221.2180112596379</ele>
      </trkpt>
      <trkpt lat="49.30815" lon="8.11522">
        <ele>221.75495181970962</ele>
      </trkpt>
      <trkpt lat="49.30817345554823" lon="8.11497469747694">
        <ele>222.3593501655042</ele>
      </trkpt>
      <trkpt lat="49.30826" lon="8.11407">
        <ele>225.39944504215273</ele>
      </trkpt>
      <trkpt lat="49.30825" lon="8.11323">
        <ele>228.19182030134283</ele>
      </trkpt>
      <trkpt lat="49.3083" lon="8.11269">
        <ele>230.81657643951016</ele>
      </trkpt>
      <trkpt lat="49.30838" lon="8.11236">
        <ele>232.51088273278265</ele>
      </trkpt>
      <trkpt lat="49.30841224147781" lon="8.11226633703267">
        <ele>233.01970579060438</ele>
      </trkpt>
      <trkpt lat="49.30859" lon="8.11175">
        <ele>236.11387082233287</ele>
      </trkpt>
      <trkpt lat="49.30876" lon="8.11117">
        <ele>239.4826052617568</ele>
      </trkpt>
      <trkpt lat="49.30878146233838" lon="8.111014011588983">
        <ele>240.3250667546408</ele>
      </trkpt>
      <trkpt lat="49.30887432738228" lon="8.110339588097938">
        <ele>244.13038637265933</ele>
      </trkpt>
      <trkpt lat="49.30895" lon="8.10979">
        <ele>246.74890851205345</ele>
      </trkpt>
      <trkpt lat="49.30914326204475" lon="8.109028299592392">
        <ele>250.5570134797308</ele>
      </trkpt>
      <trkpt lat="49.30929" lon="8.10845">
        <ele>252.7195642794782</ele>
      </trkpt>
      <trkpt lat="49.309302053466745" lon="8.108383704482833">
        <ele>252.9591611653917</ele>
      </trkpt>
      <trkpt lat="49.30933" lon="8.10823">
        <ele>253.54195779246848</ele>
      </trkpt>
      <trkpt lat="49.30952" lon="8.1066">
        <ele>259.5877039428042</ele>
      </trkpt>
      <trkpt lat="49.30973377227554" lon="8.105715995627737">
        <ele>265.4563667554906</ele>
      </trkpt>
      <trkpt lat="49.30989" lon="8.10507">
        <ele>270.7955786714246</ele>
      </trkpt>
      <trkpt lat="49.30999" lon="8.10475">
        <ele>273.54457410108563</ele>
      </trkpt>
      <trkpt lat="49.31015" lon="8.10436">
        <ele>277.6703079442584</ele>
      </trkpt>
      <trkpt lat="49.310408445642246" lon="8.103958710989865">
        <ele>282.71767988744756</ele>
      </trkpt>
      <trkpt lat="49.31091" lon="8.10318">
        <ele>291.38302251504564</ele>
      </trkpt>
      <trkpt lat="49.31099" lon="8.10301">
        <ele>293.04220330037185</ele>
      </trkpt>
      <trkpt lat="49.31105" lon="8.10283">
        <ele>294.64205096717717</ele>
      </trkpt>
      <trkpt lat="49.31121" lon="8.10214">
        <ele>298.76419266559776</ele>
      </trkpt>
      <trkpt lat="49.311391352230025" lon="8.101701730875602">
        <ele>301.6857002645411</ele>
      </trkpt>
      <trkpt lat="49.31145" lon="8.10156">
        <ele>302.44913933383174</ele>
      </trkpt>
      <trkpt lat="49.31149" lon="8.10135">
        <ele>303.44379562540246</ele>
      </trkpt>
      <trkpt lat="49.3115" lon="8.10109">
        <ele>304.6279117482279</ele>
      </trkpt>
      <trkpt lat="49.31148" lon="8.1007">
        <ele>306.4064801952299</ele>
      </trkpt>
      <trkpt lat="49.31151" lon="8.10061">
        <ele>306.82082309050224</ele>
      </trkpt>
      <trkpt lat="49.31157" lon="8.10058">
        <ele>307.2176085485746</ele>
      </trkpt>
      <trkpt lat="49.31162" lon="8.1006">
        <ele>307.5424959763403</ele>
      </trkpt>
      <trkpt lat="49.31174488524314" lon="8.101328508707164">
        <ele>310.62979259538287</ele>
      </trkpt>
      <trkpt lat="49.3118" lon="8.10165">
        <ele>312.5007583567006</ele>
      </trkpt>
      <trkpt lat="49.31187739377571" lon="8.102690190441534">
        <ele>318.38944227658493</ele>
      </trkpt>
      <trkpt lat="49.31196" lon="8.1038">
        <ele>325.83503324244435</ele>
      </trkpt>
      <trkpt lat="49.31198" lon="8.10451">
        <ele>330.5705249719724</ele>
      </trkpt>
      <trkpt lat="49.31192" lon="8.10496">
        <ele>331.45687454912456</ele>
      </trkpt>
      <trkpt lat="49.31184" lon="8.10523">
        <ele>332.0291861562578</ele>
      </trkpt>
      <trkpt lat="49.31177904250702" lon="8.10537730780048">
        <ele>332.365567967564</ele>
      </trkpt>
      <trkpt lat="49.3116" lon="8.10581">
        <ele>333.4371871230255</ele>
      </trkpt>
      <trkpt lat="49.311524121218426" lon="8.105943437825667">
        <ele>333.8069887491902</ele>
      </trkpt>
      <trkpt lat="49.31131" lon="8.10632">
        <ele>334.707682745632</ele>
      </trkpt>
      <trkpt lat="49.31125" lon="8.10656">
        <ele>335.17087657502674</ele>
      </trkpt>
      <trkpt lat="49.31123" lon="8.1069">
        <ele>336.92561432739586</ele>
      </trkpt>
      <trkpt lat="49.31128" lon="8.10733">
        <ele>339.1707420214466</ele>
      </trkpt>
      <trkpt lat="49.31137" lon="8.1076">
        <ele>341.4318410845604</ele>
      </trkpt>
      <trkpt lat="49.31171" lon="8.1079">
        <ele>347.798711076454</ele>
      </trkpt>
      <trkpt lat="49.3121" lon="8.10811">
        <ele>354.5079380149961</ele>
      </trkpt>
      <trkpt lat="49.31231" lon="8.10813">
        <ele>359.0668675598789</ele>
      </trkpt>
      <trkpt lat="49.31254" lon="8.10813">
        <ele>364.0503842028683</ele>
      </trkpt>
      <trkpt lat="49.31279" lon="8.10806">
        <ele>369.5567585111434</ele>
      </trkpt>
      <trkpt lat="49.31289" lon="8.10801">
        <ele>371.2120227473672</ele>
      </trkpt>
      <trkpt lat="49.31314" lon="8.10777">
        <ele>375.8534438886859</ele>
      </trkpt>
      <trkpt lat="49.31333" lon="8.1075">
        <ele>379.9295521591816</ele>
      </trkpt>
      <trkpt lat="49.31344" lon="8.10727">
        <ele>382.856188786635</ele>
      </trkpt>
      <trkpt lat="49.3137" lon="8.10662">
        <ele>390.6802234920872</ele>
      </trkpt>
      <trkpt lat="49.31386" lon="8.106">
        <ele>392.32555242314396</ele>
      </trkpt>
      <trkpt lat="49.3139" lon="8.10564">
        <ele>393.2266463596133</ele>
      </trkpt>
      <trkpt lat="49.31389" lon="8.10549">
        <ele>393.59869498424234</ele>
      </trkpt>
      <trkpt lat="49.3138" lon="8.10521">
        <ele>393.5024368971669</ele>
      </trkpt>
      <trkpt lat="49.31372" lon="8.10503">
        <ele>393.4352652419771</ele>
      </trkpt>
      <trkpt lat="49.31369" lon="8.10486">
        <ele>393.3809612456594</ele>
      </trkpt>
      <trkpt lat="49.3137018718142" lon="8.104672986377963">
        <ele>393.3230681485912</ele>
      </trkpt>
      <trkpt lat="49.31373" lon="8.10423">
        <ele>393.00839867143867</ele>
      </trkpt>
      <trkpt lat="49.31372" lon="8.10407">
        <ele>392.89479711948815</ele>
      </trkpt>
      <trkpt lat="49.31362" lon="8.1035">
        <ele>392.47760552448676</ele>
      </trkpt>
      <trkpt lat="49.3136065074443" lon="8.103317955148427">
        <ele>392.34831322438095</ele>
      </trkpt>
      <trkpt lat="49.31355577619325" lon="8.102632994715965">
        <ele>392.8175928251868</ele>
      </trkpt>
      <trkpt lat="49.31354" lon="8.10242">
        <ele>393.56584676265476</ele>
      </trkpt>
      <trkpt lat="49.31351" lon="8.10152">
        <ele>396.7104685173272</ele>
      </trkpt>
      <trkpt lat="49.313518228558316" lon="8.101256526546056">
        <ele>397.6301408386659</ele>
      </trkpt>
      <trkpt lat="49.31354" lon="8.10056">
        <ele>401.08685134967334</ele>
      </trkpt>
      <trkpt lat="49.31363747964851" lon="8.099894819919193">
        <ele>404.46463818905124</ele>
      </trkpt>
      <trkpt lat="49.31371" lon="8.0994">
        <ele>406.4516878874542</ele>
      </trkpt>
      <trkpt lat="49.31373" lon="8.09907">
        <ele>407.74976659059024</ele>
      </trkpt>
      <trkpt lat="49.31369107499726" lon="8.098532842665614">
        <ele>409.86641047968806</ele>
      </trkpt>
      <trkpt lat="49.31368" lon="8.09838">
        <ele>410.5422490547173</ele>
      </trkpt>
      <trkpt lat="49.313660894294706" lon="8.09784504202188">
        <ele>412.8959971467482</ele>
      </trkpt>
      <trkpt lat="49.31366" lon="8.09782">
        <ele>413.05386359153846</ele>
      </trkpt>
      <trkpt lat="49.31357" lon="8.09647">
        <ele>421.5998012069514</ele>
      </trkpt>
      <trkpt lat="49.3136" lon="8.09566">
        <ele>428.50010467239906</ele>
      </trkpt>
      <trkpt lat="49.31366" lon="8.09523">
        <ele>432.2401623806479</ele>
      </trkpt>
      <trkpt lat="49.31379" lon="8.09476">
        <ele>436.3364079987544</ele>
      </trkpt>
      <trkpt lat="49.31388243862998" lon="8.094490715740912">
        <ele>438.7769872842735</ele>
      </trkpt>
      <trkpt lat="49.31402" lon="8.09409">
        <ele>441.68914993926956</ele>
      </trkpt>
      <trkpt lat="49.31433446717155" lon="8.093299338679225">
        <ele>447.6427772240895</ele>
      </trkpt>
      <trkpt lat="49.31437" lon="8.09321">
        <ele>448.07763007343624</ele>
      </trkpt>
      <trkpt lat="49.31479" lon="8.09232">
        <ele>452.6415410791419</ele>
      </trkpt>
      <trkpt lat="49.314849129242376" lon="8.092168714776792">
        <ele>453.37175335881795</ele>
      </trkpt>
      <trkpt lat="49.31508032710052" lon="8.091577550625408">
        <ele>456.38035977742663</ele>
      </trkpt>
      <trkpt lat="49.31549" lon="8.09053">
        <ele>464.8312792760609</ele>
      </trkpt>
      <trkpt lat="49.31554760738072" lon="8.090399609302738">
        <ele>465.9186971808532</ele>
      </trkpt>
      <trkpt lat="49.31587" lon="8.08967">
        <ele>473.96415568802564</ele>
      </trkpt>
      <trkpt lat="49.31606938059192" lon="8.089277467128612">
        <ele>478.5040272326918</ele>
      </trkpt>
      <trkpt lat="49.31619" lon="8.08904">
        <ele>480.8142924466676</ele>
      </trkpt>
      <trkpt lat="49.31657" lon="8.08842">
        <ele>487.34295682036475</ele>
      </trkpt>
      <trkpt lat="49.31661" lon="8.08826">
        <ele>488.65760065796786</ele>
      </trkpt>
      <trkpt lat="49.3166" lon="8.08807">
        <ele>490.11996683869614</ele>
      </trkpt>
      <trkpt lat="49.31654" lon="8.0879">
        <ele>491.16526102973404</ele>
      </trkpt>
      <trkpt lat="49.31639" lon="8.08767">
        <ele>492.9244352606058</ele>
      </trkpt>
      <trkpt lat="49.31595701212498" lon="8.087377277220526">
        <ele>496.84845942795886</ele>
      </trkpt>
      <trkpt lat="49.31568" lon="8.08719">
        <ele>499.2533827202761</ele>
      </trkpt>
      <trkpt lat="49.31541" lon="8.08716">
        <ele>501.40330079434756</ele>
      </trkpt>
      <trkpt lat="49.31487" lon="8.08721">
        <ele>506.48504110783387</ele>
      </trkpt>
      <trkpt lat="49.31463755249072" lon="8.087253583877795">
        <ele>508.68453539745974</ele>
      </trkpt>
      <trkpt lat="49.31455" lon="8.08727">
        <ele>509.67698443449564</ele>
      </trkpt>
      <trkpt lat="49.31373944280886" lon="8.087308597905913">
        <ele>518.7978403334427</ele>
      </trkpt>
      <trkpt lat="49.3135" lon="8.08732">
        <ele>521.2276613360268</ele>
      </trkpt>
      <trkpt lat="49.31339" lon="8.08733">
        <ele>522.3449903016653</ele>
      </trkpt>
      <trkpt lat="49.31326" lon="8.08738">
        <ele>523.7039621605597</ele>
      </trkpt>
      <trkpt lat="49.31295" lon="8.08756">
        <ele>526.4146020550894</ele>
      </trkpt>
      <trkpt lat="49.31246331660963" lon="8.08789498832469">
        <ele>530.7760954040932</ele>
      </trkpt>
      <trkpt lat="49.31218" lon="8.08809">
        <ele>532.5946536827776</ele>
      </trkpt>
      <trkpt lat="49.31162" lon="8.08845">
        <ele>536.1493953757633</ele>
      </trkpt>
      <trkpt lat="49.31157" lon="8.08844">
        <ele>536.3980291399016</ele>
      </trkpt>
      <trkpt lat="49.31147" lon="8.08835">
        <ele>536.9697364680385</ele>
      </trkpt>
      <trkpt lat="49.31141" lon="8.08818">
        <ele>537.5911812926579</ele>
      </trkpt>
      <trkpt lat="49.31143" lon="8.08801">
        <ele>538.146508856475</ele>
      </trkpt>
      <trkpt lat="49.31154" lon="8.08775">
        <ele>538.9395809468198</ele>
      </trkpt>
      <trkpt lat="49.31203197106808" lon="8.086937498676765">
        <ele>541.5239032758024</ele>
      </trkpt>
      <trkpt lat="49.3122" lon="8.08666">
        <ele>542.3956756048997</ele>
      </trkpt>
      <trkpt lat="49.31226" lon="8.08653">
        <ele>542.7621984838682</ele>
      </trkpt>
      <trkpt lat="49.31243" lon="8.08575">
        <ele>544.6547131137007</ele>
      </trkpt>
      <trkpt lat="49.31243555506081" lon="8.085733328593118">
        <ele>544.6974446873472</ele>
      </trkpt>
      <trkpt lat="49.31258" lon="8.0853">
        <ele>546.8344345662467</ele>
      </trkpt>
      <trkpt lat="49.31279" lon="8.08478">
        <ele>549.5194344002468</ele>
      </trkpt>
      <trkpt lat="49.3129" lon="8.08459">
        <ele>550.6348284256046</ele>
      </trkpt>
      <trkpt lat="49.31302" lon="8.0845">
        <ele>551.5342061744528</ele>
      </trkpt>
      <trkpt lat="49.31315" lon="8.08446">
        <ele>553.0917344106654</ele>
      </trkpt>
      <trkpt lat="49.31328" lon="8.08444">
        <ele>554.6265038634557</ele>
      </trkpt>
      <trkpt lat="49.3138" lon="8.08442">
        <ele>560.7381919509147</ele>
      </trkpt>
      <trkpt lat="49.31393" lon="8.08438">
        <ele>562.5929016250244</ele>
      </trkpt>
      <trkpt lat="49.31409" lon="8.08432">
        <ele>564.8969482534069</ele>
      </trkpt>
      <trkpt lat="49.31423238874948" lon="8.084239906322475">
        <ele>567.0183442394582</ele>
      </trkpt>
      <trkpt lat="49.31425" lon="8.08423">
        <ele>567.2306095664086</ele>
      </trkpt>
      <trkpt lat="49.31474" lon="8.08382">
        <ele>573.5447311812031</ele>
      </trkpt>
      <trkpt lat="49.31491" lon="8.08373">
        <ele>575.5791571631892</ele>
      </trkpt>
      <trkpt lat="49.31515" lon="8.08368">
        <ele>578.3190678831518</ele>
      </trkpt>
      <trkpt lat="49.31573" lon="8.08368">
        <ele>581.4767138414713</ele>
      </trkpt>
      <trkpt lat="49.31594924047953" lon="8.083691147963105">
        <ele>582.6703281718987</ele>
      </trkpt>
      <trkpt lat="49.31632" lon="8.08371">
        <ele>583.4139094982944</ele>
      </trkpt>
      <trkpt lat="49.31652" lon="8.08374">
        <ele>583.8165873637377</ele>
      </trkpt>
      <trkpt lat="49.31684141544315" lon="8.08383350300189">
        <ele>584.4719824644161</ele>
      </trkpt>
      <trkpt lat="49.31707" lon="8.0839">
        <ele>585.604029121838</ele>
      </trkpt>
      <trkpt lat="49.31752" lon="8.08412">
        <ele>587.9013771406957</ele>
      </trkpt>
      <trkpt lat="49.318096188864516" lon="8.08456088334437">
        <ele>592.4052658273224</ele>
      </trkpt>
      <trkpt lat="49.31884" lon="8.08513">
        <ele>597.2785438221485</ele>
      </trkpt>
      <trkpt lat="49.31890028108796" lon="8.085177364711909">
        <ele>597.6750524066828</ele>
      </trkpt>
      <trkpt lat="49.31912" lon="8.08535">
        <ele>597.6836605500686</ele>
      </trkpt>
      <trkpt lat="49.31939" lon="8.08562">
        <ele>597.6948956939656</ele>
      </trkpt>
      <trkpt lat="49.31952" lon="8.08583">
        <ele>596.5764689471184</ele>
      </trkpt>
      <trkpt lat="49.3198" lon="8.08655">
        <ele>593.3387205462541</ele>
      </trkpt>
      <trkpt lat="49.31994" lon="8.08677">
        <ele>592.1513856415786</ele>
      </trkpt>
      <trkpt lat="49.32014" lon="8.08703">
        <ele>590.598282928649</ele>
      </trkpt>
      <trkpt lat="49.32025" lon="8.08714">
        <ele>590.049755829113</ele>
      </trkpt>
      <trkpt lat="49.32036" lon="8.08723">
        <ele>589.5289656929123</ele>
      </trkpt>
      <trkpt lat="49.3205" lon="8.08731">
        <ele>588.9048641121958</ele>
      </trkpt>
      <trkpt lat="49.32057272541733" lon="8.087340498276369">
        <ele>588.5902307898349</ele>
      </trkpt>
      <trkpt lat="49.32081" lon="8.08744">
        <ele>588.3404950105911</ele>
      </trkpt>
      <trkpt lat="49.32096" lon="8.08749">
        <ele>588.1846998792363</ele>
      </trkpt>
      <trkpt lat="49.3211" lon="8.0875">
        <ele>588.0424524635145</ele>
      </trkpt>
      <trkpt lat="49.32119" lon="8.08745">
        <ele>588.22609974461</ele>
      </trkpt>
      <trkpt lat="49.32129" lon="8.0873">
        <ele>588.4944265270502</ele>
      </trkpt>
      <trkpt lat="49.32133" lon="8.08717">
        <ele>588.6742050707147</ele>
      </trkpt>
      <trkpt lat="49.32134" lon="8.08697">
        <ele>588.9250552481599</ele>
      </trkpt>
      <trkpt lat="49.32132065476512" lon="8.086435156768504">
        <ele>589.5945045312837</ele>
      </trkpt>
      <trkpt lat="49.32128" lon="8.08531">
        <ele>591.249964850375</ele>
      </trkpt>
      <trkpt lat="49.3212799984331" lon="8.085057740142242">
        <ele>591.6202639989291</ele>
      </trkpt>
      <trkpt lat="49.32128" lon="8.08469">
        <ele>590.8555986599034</ele>
      </trkpt>
      <trkpt lat="49.32134" lon="8.08403">
        <ele>589.4703711365555</ele>
      </trkpt>
      <trkpt lat="49.32143" lon="8.08364">
        <ele>588.6103669779582</ele>
      </trkpt>
      <trkpt lat="49.3216" lon="8.08313">
        <ele>586.2796520221058</ele>
      </trkpt>
      <trkpt lat="49.32179" lon="8.08273">
        <ele>584.2658080576608</ele>
      </trkpt>
      <trkpt lat="49.32190516082988" lon="8.082563016266937">
        <ele>583.2768957345907</ele>
      </trkpt>
      <trkpt lat="49.32199" lon="8.08244">
        <ele>582.6732165764677</ele>
      </trkpt>
      <trkpt lat="49.32242" lon="8.08196">
        <ele>579.9240681256954</ele>
      </trkpt>
      <trkpt lat="49.32252" lon="8.08174">
        <ele>579.0202852676589</ele>
      </trkpt>
      <trkpt lat="49.32257" lon="8.08155">
        <ele>578.3298407095394</ele>
      </trkpt>
      <trkpt lat="49.32259" lon="8.08122">
        <ele>577.2130618893476</ele>
      </trkpt>
      <trkpt lat="49.32252" lon="8.08086">
        <ele>577.1488927506591</ele>
      </trkpt>
      <trkpt lat="49.32238833510108" lon="8.080312288740052">
        <ele>577.0492067673425</ele>
      </trkpt>
      <trkpt lat="49.32227" lon="8.07982">
        <ele>576.9236831013509</ele>
      </trkpt>
      <trkpt lat="49.32221" lon="8.07951">
        <ele>576.8463454259316</ele>
      </trkpt>
      <trkpt lat="49.322143150769044" lon="8.07898861678361">
        <ele>576.7193138031688</ele>
      </trkpt>
      <trkpt lat="49.32206" lon="8.07834">
        <ele>574.9990816459637</ele>
      </trkpt>
      <trkpt lat="49.32204" lon="8.07811">
        <ele>574.3954387222145</ele>
      </trkpt>
      <trkpt lat="49.32206" lon="8.07772">
        <ele>571.9491611715262</ele>
      </trkpt>
      <trkpt lat="49.32217392856143" lon="8.076955045341618">
        <ele>567.0428359987766</ele>
      </trkpt>
      <trkpt lat="49.3222" lon="8.07678">
        <ele>565.6369254633663</ele>
      </trkpt>
      <trkpt lat="49.32223078415475" lon="8.076272052629717">
        <ele>561.6442362735785</ele>
      </trkpt>
      <trkpt lat="49.32224" lon="8.07612">
        <ele>560.4469300781093</ele>
      </trkpt>
      <trkpt lat="49.32221" lon="8.07556">
        <ele>556.0428471031224</ele>
      </trkpt>
      <trkpt lat="49.32212" lon="8.0752">
        <ele>553.0207302035735</ele>
      </trkpt>
      <trkpt lat="49.32207" lon="8.07506">
        <ele>552.0038598919315</ele>
      </trkpt>
      <trkpt lat="49.32197" lon="8.07488">
        <ele>550.497319551035</ele>
      </trkpt>
      <trkpt lat="49.32169368074572" lon="8.074494828028373">
        <ele>546.8490407359106</ele>
      </trkpt>
      <trkpt lat="49.32164" lon="8.07442">
        <ele>546.3759807280898</ele>
      </trkpt>
      <trkpt lat="49.3215" lon="8.07425">
        <ele>545.2118148059094</ele>
      </trkpt>
      <trkpt lat="49.32096281246001" lon="8.073693963891651">
        <ele>540.9866293525217</ele>
      </trkpt>
      <trkpt lat="49.32093" lon="8.07366">
        <ele>540.8349111974551</ele>
      </trkpt>
      <trkpt lat="49.32052" lon="8.07322">
        <ele>538.9176644805059</ele>
      </trkpt>
      <trkpt lat="49.3202457426221" lon="8.072864051173827">
        <ele>537.5414702564702</ele>
      </trkpt>
      <trkpt lat="49.32005" lon="8.07261">
        <ele>536.3514731295433</ele>
      </trkpt>
      <trkpt lat="49.31994" lon="8.07245">
        <ele>535.6481598123025</ele>
      </trkpt>
      <trkpt lat="49.31966" lon="8.07192">
        <ele>533.584864926697</ele>
      </trkpt>
      <trkpt lat="49.3195" lon="8.0715">
        <ele>531.4803855770234</ele>
      </trkpt>
      <trkpt lat="49.31943332200087" lon="8.071245413016523">
        <ele>530.2936934262805</ele>
      </trkpt>
      <trkpt lat="49.31939" lon="8.07108">
        <ele>529.2807770083933</ele>
      </trkpt>
      <trkpt lat="49.31936" lon="8.0709">
        <ele>528.2254317636146</ele>
      </trkpt>
      <trkpt lat="49.3193" lon="8.07006">
        <ele>523.4254194595793</ele>
      </trkpt>
      <trkpt lat="49.3192683932192" lon="8.069896710078956">
        <ele>522.4587027134639</ele>
      </trkpt>
      <trkpt lat="49.31918" lon="8.06944">
        <ele>519.5549082612064</ele>
      </trkpt>
      <trkpt lat="49.3189" lon="8.06819">
        <ele>511.5012668938966</ele>
      </trkpt>
      <trkpt lat="49.31865" lon="8.06757">
        <ele>507.478963389298</ele>
      </trkpt>
      <trkpt lat="49.318544357819356" lon="8.067404510665668">
        <ele>506.2028722462073</ele>
      </trkpt>
      <trkpt lat="49.318229937256525" lon="8.066911905059843">
        <ele>502.36386519485785</ele>
      </trkpt>
      <trkpt lat="49.31805" lon="8.06663">
        <ele>500.1788371989925</ele>
      </trkpt>
      <trkpt lat="49.31796" lon="8.06635">
        <ele>498.4504465922705</ele>
      </trkpt>
      <trkpt lat="49.31794" lon="8.06607">
        <ele>496.92899342380497</ele>
      </trkpt>
      <trkpt lat="49.31799" lon="8.06553">
        <ele>493.9829437972025</ele>
      </trkpt>
      <trkpt lat="49.31794" lon="8.06541">
        <ele>493.33326323744757</ele>
      </trkpt>
      <trkpt lat="49.31729677781288" lon="8.064965220460524">
        <ele>488.3965486372025</ele>
      </trkpt>
      <trkpt lat="49.317" lon="8.06476">
        <ele>486.7645272373237</ele>
      </trkpt>
      <trkpt lat="49.31684" lon="8.06467">
        <ele>485.91043577718295</ele>
      </trkpt>
      <trkpt lat="49.31673" lon="8.06462">
        <ele>485.3354490482566</ele>
      </trkpt>
      <trkpt lat="49.31644269348728" lon="8.064580822227946">
        <ele>483.89044630850975</ele>
      </trkpt>
      <trkpt lat="49.31607" lon="8.06453">
        <ele>481.80677184643287</ele>
      </trkpt>
      <trkpt lat="49.31599766791702" lon="8.064497852523894">
        <ele>481.3877241750087</ele>
      </trkpt>
      <trkpt lat="49.31589" lon="8.06445">
        <ele>480.6392626251193</ele>
      </trkpt>
      <trkpt lat="49.31573" lon="8.06434">
        <ele>479.4689285136274</ele>
      </trkpt>
      <trkpt lat="49.31520397946" lon="8.063861086541744">
        <ele>475.38630736309386</ele>
      </trkpt>
      <trkpt lat="49.31506" lon="8.06373">
        <ele>473.9686849612692</ele>
      </trkpt>
      <trkpt lat="49.31459" lon="8.06337">
        <ele>469.522079988467</ele>
      </trkpt>
      <trkpt lat="49.31423" lon="8.06318">
        <ele>466.29960815006973</ele>
      </trkpt>
      <trkpt lat="49.31397" lon="8.06311">
        <ele>464.0652446189999</ele>
      </trkpt>
      <trkpt lat="49.3137" lon="8.0631">
        <ele>462.1166706158427</ele>
      </trkpt>
      <trkpt lat="49.31350943903928" lon="8.063114011476785">
        <ele>460.7413353745886</ele>
      </trkpt>
      <trkpt lat="49.313060543441665" lon="8.063147018862079">
        <ele>457.6284422005601</ele>
      </trkpt>
      <trkpt lat="49.31302" lon="8.06315">
        <ele>457.34916272959146</ele>
      </trkpt>
      <trkpt lat="49.31222" lon="8.063">
        <ele>451.80553227050774</ele>
      </trkpt>
      <trkpt lat="49.31216739111578" lon="8.063">
        <ele>451.44409665509147</ele>
      </trkpt>
      <trkpt lat="49.31197" lon="8.063">
        <ele>449.8801625178446</ele>
      </trkpt>
      <trkpt lat="49.31126974014995" lon="8.063070668111507">
        <ele>444.3227094324506</ele>
      </trkpt>
      <trkpt lat="49.31088" lon="8.06311">
        <ele>440.39635231241635</ele>
      </trkpt>
      <trkpt lat="49.31037390433913" lon="8.063184669818241">
        <ele>435.28724606826137</ele>
      </trkpt>
      <trkpt lat="49.31027" lon="8.0632">
        <ele>434.0651293390664</ele>
      </trkpt>
      <trkpt lat="49.3095" lon="8.06335">
        <ele>424.98047876086406</ele>
      </trkpt>
      <trkpt lat="49.3093" lon="8.06342">
        <ele>422.42017729790433</ele>
      </trkpt>
      <trkpt lat="49.30912" lon="8.06351">
        <ele>420.05729921424256</ele>
      </trkpt>
      <trkpt lat="49.309053822600454" lon="8.063559632161471">
        <ele>419.1388395593553</ele>
      </trkpt>
      <trkpt lat="49.30884" lon="8.06372">
        <ele>416.3950781234544</ele>
      </trkpt>
      <trkpt lat="49.30854" lon="8.06398">
        <ele>412.42414940558456</ele>
      </trkpt>
      <trkpt lat="49.30833" lon="8.06424">
        <ele>410.00402443465583</ele>
      </trkpt>
      <trkpt lat="49.30797529287992" lon="8.064772059806291">
        <ele>405.55528482316265</ele>
      </trkpt>
      <trkpt lat="49.30789" lon="8.0649">
        <ele>404.8405007045019</ele>
      </trkpt>
      <trkpt lat="49.30749" lon="8.06555">
        <ele>401.3501013709296</ele>
      </trkpt>
      <trkpt lat="49.30737" lon="8.06581">
        <ele>400.10612107740616</ele>
      </trkpt>
      <trkpt lat="49.30689641175364" lon="8.066963426228648">
        <ele>395.45031454751637</ele>
      </trkpt>
      <trkpt lat="49.30636" lon="8.06827">
        <ele>390.233126024157</ele>
      </trkpt>
      <trkpt lat="49.30624" lon="8.06865">
        <ele>388.8068805467831</ele>
      </trkpt>
      <trkpt lat="49.30617" lon="8.06895">
        <ele>388.215577719523</ele>
      </trkpt>
      <trkpt lat="49.30610398311842" lon="8.069412007276417">
        <ele>387.3385817995252</ele>
      </trkpt>
      <trkpt lat="49.306007808801546" lon="8.070085300934197">
        <ele>386.6189995019696</ele>
      </trkpt>
      <trkpt lat="49.30593" lon="8.07063">
        <ele>386.6418938222102</ele>
      </trkpt>
      <trkpt lat="49.30576217554016" lon="8.071410102954108">
        <ele>386.6755978960351</ele>
      </trkpt>
      <trkpt lat="49.30556" lon="8.07235">
        <ele>386.4203673026813</ele>
      </trkpt>
      <trkpt lat="49.30544" lon="8.07303">
        <ele>386.2387556813311</ele>
      </trkpt>
      <trkpt lat="49.30536" lon="8.07366">
        <ele>384.8339199564068</ele>
      </trkpt>
      <trkpt lat="49.30535" lon="8.07397">
        <ele>384.15456902998744</ele>
      </trkpt>
      <trkpt lat="49.30535411218508" lon="8.074081036959011">
        <ele>383.91125149630057</ele>
      </trkpt>
      <trkpt lat="49.30536" lon="8.07424">
        <ele>383.33415134832853</ele>
      </trkpt>
      <trkpt lat="49.30542227687184" lon="8.074761573244187">
        <ele>381.41301663128684</ele>
      </trkpt>
      <trkpt lat="49.30544" lon="8.07491">
        <ele>380.5381934297658</ele>
      </trkpt>
      <trkpt lat="49.305719692646896" lon="8.076060744752555">
        <ele>373.42105243967046</ele>
      </trkpt>
      <trkpt lat="49.30579" lon="8.07635">
        <ele>370.7621401725785</ele>
      </trkpt>
      <trkpt lat="49.30584" lon="8.07665">
        <ele>368.095923736832</ele>
      </trkpt>
      <trkpt lat="49.30587" lon="8.07691">
        <ele>365.8224017071007</ele>
      </trkpt>
      <trkpt lat="49.30587" lon="8.07717">
        <ele>363.58366480127324</ele>
      </trkpt>
      <trkpt lat="49.30585614433936" lon="8.077405542812759">
        <ele>361.54756315358384</ele>
      </trkpt>
      <trkpt lat="49.30585" lon="8.07751">
        <ele>360.6180917906107</ele>
      </trkpt>
      <trkpt lat="49.30573" lon="8.07846">
        <ele>352.04522715275203</ele>
      </trkpt>
      <trkpt lat="49.30550808786803" lon="8.079395889666996">
        <ele>344.31326776126394</ele>
      </trkpt>
      <trkpt lat="49.3055" lon="8.07943">
        <ele>344.11042909906564</ele>
      </trkpt>
      <trkpt lat="49.30507" lon="8.08092">
        <ele>335.00722352207106</ele>
      </trkpt>
      <trkpt lat="49.30487" lon="8.08137">
        <ele>332.78648482410154</ele>
      </trkpt>
      <trkpt lat="49.3047" lon="8.08169">
        <ele>331.1033123431582</ele>
      </trkpt>
      <trkpt lat="49.304637905549576" lon="8.081785848342188">
        <ele>330.5537576881262</ele>
      </trkpt>
      <trkpt lat="49.30413" lon="8.08257">
        <ele>325.80885975839135</ele>
      </trkpt>
      <trkpt lat="49.30401996874601" lon="8.082785059438748">
        <ele>324.6360699471061</ele>
      </trkpt>
      <trkpt lat="49.30391" lon="8.083">
        <ele>323.3501654203421</ele>
      </trkpt>
      <trkpt lat="49.3038" lon="8.08328">
        <ele>321.8120614078426</ele>
      </trkpt>
      <trkpt lat="49.30377348424524" lon="8.083359545450518">
        <ele>321.39207578511923</ele>
      </trkpt>
      <trkpt lat="49.3037" lon="8.08358">
        <ele>320.07504460836117</ele>
      </trkpt>
      <trkpt lat="49.30359" lon="8.08398">
        <ele>317.7665132691525</ele>
      </trkpt>
      <trkpt lat="49.30347850909837" lon="8.084655903578124">
        <ele>314.0595078281728</ele>
      </trkpt>
      <trkpt lat="49.30343" lon="8.08495">
        <ele>312.4012214775718</ele>
      </trkpt>
      <trkpt lat="49.30333" lon="8.0853">
        <ele>310.31302422550436</ele>
      </trkpt>
      <trkpt lat="49.30325" lon="8.08549">
        <ele>309.0957951672574</ele>
      </trkpt>
      <trkpt lat="49.30315" lon="8.08569">
        <ele>307.73974066395385</ele>
      </trkpt>
      <trkpt lat="49.3027486495627" lon="8.086353092432601">
        <ele>302.8728777593133</ele>
      </trkpt>
      <trkpt lat="49.30246" lon="8.08683">
        <ele>299.6292942592695</ele>
      </trkpt>
      <trkpt lat="49.30239" lon="8.08697">
        <ele>298.7501395434425</ele>
      </trkpt>
      <trkpt lat="49.30229" lon="8.08723">
        <ele>297.2458875150189</ele>
      </trkpt>
      <trkpt lat="49.30209" lon="8.08802">
        <ele>293.5180567040342</ele>
      </trkpt>
      <trkpt lat="49.302076592906985" lon="8.08810972917843">
        <ele>293.1148901983895</ele>
      </trkpt>
      <trkpt lat="49.30189" lon="8.08936">
        <ele>288.3640570159571</ele>
      </trkpt>
      <trkpt lat="49.30186438136866" lon="8.089448031197792">
        <ele>288.00917191346446</ele>
      </trkpt>
      <trkpt lat="49.301498424358904" lon="8.09070700779884">
        <ele>283.9547368900458</ele>
      </trkpt>
      <trkpt lat="49.30139" lon="8.09108">
        <ele>282.5903914407008</ele>
      </trkpt>
      <trkpt lat="49.30134" lon="8.09136">
        <ele>281.6207972412758</ele>
      </trkpt>
      <trkpt lat="49.301272039118956" lon="8.092032047201684">
        <ele>279.3496474106043</ele>
      </trkpt>
      <trkpt lat="49.30125" lon="8.09225">
        <ele>278.45647814926355</ele>
      </trkpt>
      <trkpt lat="49.30121" lon="8.09245">
        <ele>277.6095860452616</ele>
      </trkpt>
      <trkpt lat="49.30098" lon="8.09309">
        <ele>274.6512298233323</ele>
      </trkpt>
      <trkpt lat="49.30094" lon="8.09328">
        <ele>273.84295024479104</ele>
      </trkpt>
      <trkpt lat="49.30093656140983" lon="8.093298170302859">
        <ele>273.7677338135124</ele>
      </trkpt>
      <trkpt lat="49.30074" lon="8.09434">
        <ele>269.9986623643499</ele>
      </trkpt>
      <trkpt lat="49.300737" lon="8.094339">
        <ele>276</ele>
      </trkpt>
      <trkpt lat="49.300725" lon="8.094432">
        <ele>275.75</ele>
      </trkpt>
      <trkpt lat="49.300708" lon="8.094628">
        <ele>275</ele>
      </trkpt>
      <trkpt lat="49.300709" lon="8.094792">
        <ele>275</ele>
      </trkpt>
      <trkpt lat="49.300722" lon="8.095103">
        <ele>274.75</ele>
      </trkpt>
      <trkpt lat="49.300716" lon="8.095291">
        <ele>274</ele>
      </trkpt>
      <trkpt lat="49.300695" lon="8.095577">
        <ele>272.5</ele>
      </trkpt>
      <trkpt lat="49.300689" lon="8.095782">
        <ele>271.75</ele>
      </trkpt>
      <trkpt lat="49.300712" lon="8.095996">
        <ele>271.25</ele>
      </trkpt>
      <trkpt lat="49.300776" lon="8.096336">
        <ele>270.75</ele>
      </trkpt>
      <trkpt lat="49.300862" lon="8.096704">
        <ele>270.75</ele>
      </trkpt>
      <trkpt lat="49.300891" lon="8.096876">
        <ele>271</ele>
      </trkpt>
      <trkpt lat="49.300924" lon="8.097244">
        <ele>270.5</ele>
      </trkpt>
      <trkpt lat="49.30093" lon="8.097453">
        <ele>269.5</ele>
      </trkpt>
      <trkpt lat="49.300929" lon="8.097642">
        <ele>269</ele>
      </trkpt>
      <trkpt lat="49.300916" lon="8.097884">
        <ele>268.25</ele>
      </trkpt>
      <trkpt lat="49.300897" lon="8.098084">
        <ele>267.25</ele>
      </trkpt>
      <trkpt lat="49.300871" lon="8.098278">
        <ele>266</ele>
      </trkpt>
      <trkpt lat="49.300767" lon="8.098902">
        <ele>262.75</ele>
      </trkpt>
      <trkpt lat="49.300746" lon="8.099052">
        <ele>262</ele>
      </trkpt>
      <trkpt lat="49.300735" lon="8.099222">
        <ele>261.25</ele>
      </trkpt>
      <trkpt lat="49.300734" lon="8.099357">
        <ele>260.75</ele>
      </trkpt>
      <trkpt lat="49.300742" lon="8.09949">
        <ele>260.25</ele>
      </trkpt>
      <trkpt lat="49.300759" lon="8.099635">
        <ele>260</ele>
      </trkpt>
      <trkpt lat="49.300996" lon="8.100893">
        <ele>257.25</ele>
      </trkpt>
      <trkpt lat="49.301082" lon="8.10124">
        <ele>257.5</ele>
      </trkpt>
      <trkpt lat="49.301175" lon="8.101671">
        <ele>257</ele>
      </trkpt>
      <trkpt lat="49.301216" lon="8.101915">
        <ele>256.5</ele>
      </trkpt>
      <trkpt lat="49.301231" lon="8.102041">
        <ele>256.25</ele>
      </trkpt>
      <trkpt lat="49.301239" lon="8.102185">
        <ele>255.25</ele>
      </trkpt>
      <trkpt lat="49.301229" lon="8.103157">
        <ele>248.75</ele>
      </trkpt>
      <trkpt lat="49.301237" lon="8.103408">
        <ele>247</ele>
      </trkpt>
      <trkpt lat="49.301247" lon="8.103542">
        <ele>246.25</ele>
      </trkpt>
      <trkpt lat="49.301293" lon="8.103966">
        <ele>244</ele>
      </trkpt>
      <trkpt lat="49.301313" lon="8.104103">
        <ele>243.5</ele>
      </trkpt>
      <trkpt lat="49.301446" lon="8.104809">
        <ele>242.5</ele>
      </trkpt>
      <trkpt lat="49.301481" lon="8.104996">
        <ele>242.25</ele>
      </trkpt>
      <trkpt lat="49.301505" lon="8.105187">
        <ele>241.75</ele>
      </trkpt>
      <trkpt lat="49.301509" lon="8.10533">
        <ele>241.25</ele>
      </trkpt>
      <trkpt lat="49.301505" lon="8.105487">
        <ele>240.75</ele>
      </trkpt>
      <trkpt lat="49.301482" lon="8.105944">
        <ele>238.75</ele>
      </trkpt>
      <trkpt lat="49.301468" lon="8.106162">
        <ele>238.25</ele>
      </trkpt>
      <trkpt lat="49.30143" lon="8.106985">
        <ele>236.25</ele>
      </trkpt>
      <trkpt lat="49.301401" lon="8.107679">
        <ele>234.75</ele>
      </trkpt>
      <trkpt lat="49.301394" lon="8.107842">
        <ele>234.25</ele>
      </trkpt>
      <trkpt lat="49.301376" lon="8.108145">
        <ele>233.25</ele>
      </trkpt>
      <trkpt lat="49.301332" lon="8.108494">
        <ele>231.75</ele>
      </trkpt>
      <trkpt lat="49.301189" lon="8.109204">
        <ele>227.5</ele>
      </trkpt>
      <trkpt lat="49.301117" lon="8.109583">
        <ele>225.5</ele>
      </trkpt>
      <trkpt lat="49.301062" lon="8.110012">
        <ele>223.5</ele>
      </trkpt>
      <trkpt lat="49.301044" lon="8.110135">
        <ele>223</ele>
      </trkpt>
      <trkpt lat="49.301012" lon="8.110271">
        <ele>222.25</ele>
      </trkpt>
      <trkpt lat="49.300983" lon="8.110351">
        <ele>221.75</ele>
      </trkpt>
      <trkpt lat="49.30091" lon="8.110496">
        <ele>220.5</ele>
      </trkpt>
      <trkpt lat="49.300867" lon="8.11056">
        <ele>220</ele>
      </trkpt>
      <trkpt lat="49.300889" lon="8.110607">
        <ele>220</ele>
      </trkpt>
      <trkpt lat="49.300947" lon="8.110761">
        <ele>220.25</ele>
      </trkpt>
      <trkpt lat="49.300973" lon="8.110847">
        <ele>220.25</ele>
      </trkpt>
      <trkpt lat="49.300985" lon="8.110927">
        <ele>220.25</ele>
      </trkpt>
      <trkpt lat="49.300987" lon="8.111169">
        <ele>219.75</ele>
      </trkpt>
      <trkpt lat="49.300963" lon="8.111549">
        <ele>218.75</ele>
      </trkpt>
      <trkpt lat="49.300956" lon="8.111841">
        <ele>217.75</ele>
      </trkpt>
      <trkpt lat="49.300958" lon="8.112048">
        <ele>216.75</ele>
      </trkpt>
      <trkpt lat="49.300966" lon="8.112251">
        <ele>215.75</ele>
      </trkpt>
      <trkpt lat="49.301041" lon="8.113494">
        <ele>211.25</ele>
      </trkpt>
      <trkpt lat="49.301161" lon="8.114405">
        <ele>211.5</ele>
      </trkpt>
      <trkpt lat="49.301185" lon="8.114648">
        <ele>211</ele>
      </trkpt>
      <trkpt lat="49.301245" lon="8.115444">
        <ele>209.5</ele>
      </trkpt>
      <trkpt lat="49.301279" lon="8.115759">
        <ele>208.75</ele>
      </trkpt>
      <trkpt lat="49.301322" lon="8.116085">
        <ele>208.5</ele>
      </trkpt>
      <trkpt lat="49.301377" lon="8.116438">
        <ele>208.25</ele>
      </trkpt>
      <trkpt lat="49.30155" lon="8.11743">
        <ele>207.5</ele>
      </trkpt>
      <trkpt lat="49.301568" lon="8.1177">
        <ele>207.25</ele>
      </trkpt>
      <trkpt lat="49.301567" lon="8.117778">
        <ele>207</ele>
      </trkpt>
      <trkpt lat="49.301552" lon="8.118058">
        <ele>206.75</ele>
      </trkpt>
      <trkpt lat="49.3015" lon="8.118623">
        <ele>205.5</ele>
      </trkpt>
      <trkpt lat="49.301495" lon="8.118932">
        <ele>204.5</ele>
      </trkpt>
      <trkpt lat="49.301502" lon="8.119109">
        <ele>204</ele>
      </trkpt>
      <trkpt lat="49.301511" lon="8.119249">
        <ele>203.75</ele>
      </trkpt>
      <trkpt lat="49.301527" lon="8.119386">
        <ele>203.25</ele>
      </trkpt>
      <trkpt lat="49.3017" lon="8.120614">
        <ele>201.25</ele>
      </trkpt>
      <trkpt lat="49.301749" lon="8.12099">
        <ele>200.75</ele>
      </trkpt>
      <trkpt lat="49.301788" lon="8.121349">
        <ele>200</ele>
      </trkpt>
      <trkpt lat="49.301822" lon="8.122055">
        <ele>198.5</ele>
      </trkpt>
      <trkpt lat="49.301832" lon="8.122444">
        <ele>197.5</ele>
      </trkpt>
      <trkpt lat="49.301827" lon="8.122802">
        <ele>196.25</ele>
      </trkpt>
      <trkpt lat="49.301855" lon="8.122807">
        <ele>196.25</ele>
      </trkpt>
      <trkpt lat="49.302389" lon="8.122865">
        <ele>197.75</ele>
      </trkpt>
      <trkpt lat="49.302528" lon="8.122901">
        <ele>198</ele>
      </trkpt>
      <trkpt lat="49.302726" lon="8.122969">
        <ele>198.25</ele>
      </trkpt>
      <trkpt lat="49.302812" lon="8.122981">
        <ele>198.25</ele>
      </trkpt>
      <trkpt lat="49.303399" lon="8.122926">
        <ele>200</ele>
      </trkpt>
      <trkpt lat="49.303951" lon="8.122857">
        <ele>201.5</ele>
      </trkpt>
      <trkpt lat="49.304419" lon="8.122805">
        <ele>202.75</ele>
      </trkpt>
      <trkpt lat="49.304633" lon="8.122757">
        <ele>203.25</ele>
      </trkpt>
      <trkpt lat="49.304788" lon="8.122699">
        <ele>203.75</ele>
      </trkpt>
      <trkpt lat="49.30488" lon="8.122659">
        <ele>204</ele>
      </trkpt>
      <trkpt lat="49.305326" lon="8.122436">
        <ele>206.25</ele>
      </trkpt>
      <trkpt lat="49.305524" lon="8.122493">
        <ele>206.75</ele>
      </trkpt>
      <trkpt lat="49.306316" lon="8.122688">
        <ele>206.25</ele>
      </trkpt>
      <trkpt lat="49.307238" lon="8.122771">
        <ele>205.5</ele>
      </trkpt>
      <trkpt lat="49.307528" lon="8.122827">
        <ele>205.25</ele>
      </trkpt>
      <trkpt lat="49.307861" lon="8.12291">
        <ele>204</ele>
      </trkpt>
      <trkpt lat="49.307994" lon="8.122948">
        <ele>203.5</ele>
      </trkpt>
      <trkpt lat="49.308126" lon="8.122997">
        <ele>203.25</ele>
      </trkpt>
      <trkpt lat="49.308249" lon="8.123054">
        <ele>202.75</ele>
      </trkpt>
      <trkpt lat="49.308368" lon="8.123122">
        <ele>202.5</ele>
      </trkpt>
      <trkpt lat="49.308418" lon="8.122967">
        <ele>202.75</ele>
      </trkpt>
      <trkpt lat="49.30845" lon="8.122892">
        <ele>203</ele>
      </trkpt>
      <trkpt lat="49.308513" lon="8.122768">
        <ele>203.25</ele>
      </trkpt>
      <trkpt lat="49.308644" lon="8.122491">
        <ele>204</ele>
      </trkpt>
      <trkpt lat="49.308661" lon="8.122442">
        <ele>204</ele>
      </trkpt>
      <trkpt lat="49.308678" lon="8.122335">
        <ele>204.5</ele>
      </trkpt>
      <trkpt lat="49.3087" lon="8.121866">
        <ele>205.75</ele>
      </trkpt>
      <trkpt lat="49.308708" lon="8.121389">
        <ele>207</ele>
      </trkpt>
      <trkpt lat="49.308709" lon="8.121279">
        <ele>207.25</ele>
      </trkpt>
      <trkpt lat="49.308671" lon="8.12054">
        <ele>209</ele>
      </trkpt>
      <trkpt lat="49.308626" lon="8.119417">
        <ele>212</ele>
      </trkpt>
      <trkpt lat="49.308622" lon="8.117927">
        <ele>217.75</ele>
      </trkpt>
      <trkpt lat="49.308602" lon="8.117767">
        <ele>218</ele>
      </trkpt>
      <trkpt lat="49.308573" lon="8.117609">
        <ele>218.5</ele>
      </trkpt>
      <trkpt lat="49.308439" lon="8.117091">
        <ele>219.25</ele>
      </trkpt>
      <trkpt lat="49.308287" lon="8.116455">
        <ele>220.5</ele>
      </trkpt>
      <trkpt lat="49.308176" lon="8.115815">
        <ele>222</ele>
      </trkpt>
      <trkpt lat="49.308152" lon="8.115574">
        <ele>223</ele>
      </trkpt>
      <trkpt lat="49.308145" lon="8.115312">
        <ele>223.75</ele>
      </trkpt>
      <trkpt lat="49.308151" lon="8.11518">
        <ele>224</ele>
      </trkpt>
      <trkpt lat="49.308259" lon="8.114179">
        <ele>226.75</ele>
      </trkpt>
      <trkpt lat="49.308264" lon="8.113958">
        <ele>227.5</ele>
      </trkpt>
      <trkpt lat="49.308242" lon="8.113302">
        <ele>229.75</ele>
      </trkpt>
      <trkpt lat="49.308245" lon="8.113146">
        <ele>230.25</ele>
      </trkpt>
      <trkpt lat="49.308272" lon="8.112838">
        <ele>231.5</ele>
      </trkpt>
      <trkpt lat="49.308326" lon="8.112539">
        <ele>232.75</ele>
      </trkpt>
      <trkpt lat="49.308398" lon="8.112279">
        <ele>234.25</ele>
      </trkpt>
      <trkpt lat="49.308616" lon="8.111672">
        <ele>238.25</ele>
      </trkpt>
      <trkpt lat="49.308694" lon="8.111433">
        <ele>240.25</ele>
      </trkpt>
      <trkpt lat="49.308727" lon="8.11131">
        <ele>241.25</ele>
      </trkpt>
      <trkpt lat="49.308786" lon="8.111028">
        <ele>243.5</ele>
      </trkpt>
      <trkpt lat="49.308852" lon="8.110553">
        <ele>246.5</ele>
      </trkpt>
      <trkpt lat="49.308896" lon="8.110142">
        <ele>248.75</ele>
      </trkpt>
      <trkpt lat="49.308928" lon="8.109903">
        <ele>250</ele>
      </trkpt>
      <trkpt lat="49.308971" lon="8.109669">
        <ele>251.5</ele>
      </trkpt>
      <trkpt lat="49.309096" lon="8.109163">
        <ele>254.75</ele>
      </trkpt>
      <trkpt lat="49.309269" lon="8.108562">
        <ele>258.5</ele>
      </trkpt>
      <trkpt lat="49.309314" lon="8.10834">
        <ele>260</ele>
      </trkpt>
      <trkpt lat="49.309349" lon="8.108125">
        <ele>261.5</ele>
      </trkpt>
      <trkpt lat="49.309386" lon="8.107814">
        <ele>263</ele>
      </trkpt>
      <trkpt lat="49.309468" lon="8.106926">
        <ele>267.75</ele>
      </trkpt>
      <trkpt lat="49.309497" lon="8.106721">
        <ele>269</ele>
      </trkpt>
      <trkpt lat="49.309543" lon="8.106478">
        <ele>270.75</ele>
      </trkpt>
      <trkpt lat="49.309938" lon="8.104888">
        <ele>279.75</ele>
      </trkpt>
      <trkpt lat="49.310035" lon="8.1046">
        <ele>282.75</ele>
      </trkpt>
      <trkpt lat="49.310106" lon="8.104434">
        <ele>285.5</ele>
      </trkpt>
      <trkpt lat="49.31018" lon="8.104291">
        <ele>288</ele>
      </trkpt>
      <trkpt lat="49.310656" lon="8.103562">
        <ele>297.25</ele>
      </trkpt>
      <trkpt lat="49.310849" lon="8.10328">
        <ele>298.25</ele>
      </trkpt>
      <trkpt lat="49.310962" lon="8.103078">
        <ele>300.75</ele>
      </trkpt>
      <trkpt lat="49.311022" lon="8.102926">
        <ele>301.75</ele>
      </trkpt>
      <trkpt lat="49.311075" lon="8.102721">
        <ele>302.5</ele>
      </trkpt>
      <trkpt lat="49.311146" lon="8.102358">
        <ele>304</ele>
      </trkpt>
      <trkpt lat="49.311178" lon="8.102228">
        <ele>305.25</ele>
      </trkpt>
      <trkpt lat="49.311239" lon="8.102045">
        <ele>306.75</ele>
      </trkpt>
      <trkpt lat="49.311393" lon="8.101709">
        <ele>309.5</ele>
      </trkpt>
      <trkpt lat="49.311417" lon="8.101645">
        <ele>310</ele>
      </trkpt>
      <trkpt lat="49.311468" lon="8.101455">
        <ele>312</ele>
      </trkpt>
      <trkpt lat="49.3115" lon="8.101232">
        <ele>314</ele>
      </trkpt>
      <trkpt lat="49.311497" lon="8.100945">
        <ele>316.25</ele>
      </trkpt>
      <trkpt lat="49.311477" lon="8.100781">
        <ele>317.75</ele>
      </trkpt>
      <trkpt lat="49.311478" lon="8.100723">
        <ele>318.25</ele>
      </trkpt>
      <trkpt lat="49.311483" lon="8.100669">
        <ele>318.75</ele>
      </trkpt>
      <trkpt lat="49.311494" lon="8.10063">
        <ele>319</ele>
      </trkpt>
      <trkpt lat="49.311526" lon="8.100576">
        <ele>319.5</ele>
      </trkpt>
      <trkpt lat="49.311548" lon="8.100565">
        <ele>319.5</ele>
      </trkpt>
      <trkpt lat="49.311569" lon="8.100563">
        <ele>319.25</ele>
      </trkpt>
      <trkpt lat="49.31157" lon="8.10058">
        <ele>307.95673083760306</ele>
      </trkpt>
      <trkpt lat="49.31163" lon="8.10063">
        <ele>308.4105491959583</ele>
      </trkpt>
      <trkpt lat="49.31172734818885" lon="8.101214106202352">
        <ele>311.0222023609629</ele>
      </trkpt>
      <trkpt lat="49.3118" lon="8.10165">
        <ele>313.33355692302314</ele>
      </trkpt>
      <trkpt lat="49.3118687042673" lon="8.102573455943729">
        <ele>318.10495321790154</ele>
      </trkpt>
      <trkpt lat="49.31191968479353" lon="8.103258349371714">
        <ele>323.14813526747025</ele>
      </trkpt>
      <trkpt lat="49.31196" lon="8.1038">
        <ele>326.59741695371525</ele>
      </trkpt>
      <trkpt lat="49.31198" lon="8.10431">
        <ele>329.82899943946563</ele>
      </trkpt>
      <trkpt lat="49.31197" lon="8.10451">
        <ele>330.59875675956687</ele>
      </trkpt>
      <trkpt lat="49.31191" lon="8.10496">
        <ele>332.3613862840736</ele>
      </trkpt>
      <trkpt lat="49.31186" lon="8.10519">
        <ele>333.2917937746772</ele>
      </trkpt>
      <trkpt lat="49.31182128845953" lon="8.10528289970954">
        <ele>333.714176010661</ele>
      </trkpt>
      <trkpt lat="49.31161" lon="8.10579">
        <ele>334.52560118796924</ele>
      </trkpt>
      <trkpt lat="49.31131" lon="8.10632">
        <ele>335.4716580165064</ele>
      </trkpt>
      <trkpt lat="49.31125" lon="8.10656">
        <ele>335.81811737475675</ele>
      </trkpt>
      <trkpt lat="49.31122" lon="8.1069">
        <ele>337.35541701316254</ele>
      </trkpt>
      <trkpt lat="49.31128" lon="8.10733">
        <ele>339.32571681751284</ele>
      </trkpt>
      <trkpt lat="49.31136" lon="8.1076">
        <ele>342.15994321262633</ele>
      </trkpt>
      <trkpt lat="49.31171" lon="8.10789">
        <ele>347.9910381755867</ele>
      </trkpt>
      <trkpt lat="49.3121" lon="8.10811">
        <ele>354.08212496539915</ele>
      </trkpt>
      <trkpt lat="49.31231" lon="8.10813">
        <ele>358.19288394115057</ele>
      </trkpt>
      <trkpt lat="49.31254" lon="8.10813">
        <ele>362.6864905146428</ele>
      </trkpt>
      <trkpt lat="49.31267" lon="8.1081">
        <ele>365.2549378218005</ele>
      </trkpt>
      <trkpt lat="49.31278" lon="8.10806">
        <ele>367.4636187617671</ele>
      </trkpt>
      <trkpt lat="49.31289" lon="8.108">
        <ele>369.7445687331373</ele>
      </trkpt>
      <trkpt lat="49.31301" lon="8.10791">
        <ele>372.3543008842684</ele>
      </trkpt>
      <trkpt lat="49.31314" lon="8.10777">
        <ele>375.0278288948555</ele>
      </trkpt>
      <trkpt lat="49.31324" lon="8.10763">
        <ele>377.3066346651878</ele>
      </trkpt>
      <trkpt lat="49.31342277975458" lon="8.107300996336829">
        <ele>382.04966140375063</ele>
      </trkpt>
      <trkpt lat="49.31344" lon="8.10727">
        <ele>382.22261717573684</ele>
      </trkpt>
      <trkpt lat="49.31369" lon="8.10661">
        <ele>385.46337416443254</ele>
      </trkpt>
      <trkpt lat="49.31386" lon="8.106">
        <ele>388.27989736843404</ele>
      </trkpt>
      <trkpt lat="49.31389" lon="8.10581">
        <ele>389.1098790682598</ele>
      </trkpt>
      <trkpt lat="49.31389" lon="8.10549">
        <ele>390.4684621091102</ele>
      </trkpt>
      <trkpt lat="49.31371" lon="8.10501">
        <ele>390.8800674417746</ele>
      </trkpt>
      <trkpt lat="49.31369" lon="8.10486">
        <ele>390.9938720509455</ele>
      </trkpt>
      <trkpt lat="49.31369427211614" lon="8.104791597925393">
        <ele>391.0448148241124</ele>
      </trkpt>
      <trkpt lat="49.31373" lon="8.10422">
        <ele>391.05726838123604</ele>
      </trkpt>
      <trkpt lat="49.31372236003542" lon="8.104105400957755">
        <ele>391.0597657185188</ele>
      </trkpt>
      <trkpt lat="49.31372" lon="8.10407">
        <ele>391.06233081700316</ele>
      </trkpt>
      <trkpt lat="49.31362" lon="8.10351">
        <ele>391.1041709079542</ele>
      </trkpt>
      <trkpt lat="49.31356484546808" lon="8.10275165457484">
        <ele>391.1591486003157</ele>
      </trkpt>
      <trkpt lat="49.31354" lon="8.10241">
        <ele>392.00776710087166</ele>
      </trkpt>
      <trkpt lat="49.31351" lon="8.10151">
        <ele>394.23165720373095</ele>
      </trkpt>
      <trkpt lat="49.31353598146968" lon="8.10068723472583">
        <ele>397.7011091013416</ele>
      </trkpt>
      <trkpt lat="49.31354" lon="8.10056">
        <ele>398.43987457905666</ele>
      </trkpt>
      <trkpt lat="49.31370587601277" lon="8.099334355771216">
        <ele>405.6970909195148</ele>
      </trkpt>
      <trkpt lat="49.31372" lon="8.09923">
        <ele>406.3918694677629</ele>
      </trkpt>
      <trkpt lat="49.31372" lon="8.09891">
        <ele>408.4772251892333</ele>
      </trkpt>
      <trkpt lat="49.31368" lon="8.09838">
        <ele>411.9541651048045</ele>
      </trkpt>
      <trkpt lat="49.31366505556119" lon="8.0979615677246">
        <ele>414.6847796859517</ele>
      </trkpt>
      <trkpt lat="49.31366" lon="8.09782">
        <ele>415.6875458046542</ele>
      </trkpt>
      <trkpt lat="49.313623647846306" lon="8.097274830794584">
        <ele>419.56046668799104</ele>
      </trkpt>
      <trkpt lat="49.31357" lon="8.09647">
        <ele>425.62083234024084</ele>
      </trkpt>
      <trkpt lat="49.3136" lon="8.09568">
        <ele>431.5468409557693</ele>
      </trkpt>
      <trkpt lat="49.31366" lon="8.09523">
        <ele>434.9864591937819</ele>
      </trkpt>
      <trkpt lat="49.31379" lon="8.09475">
        <ele>438.99987729592453</ele>
      </trkpt>
      <trkpt lat="49.31384304348794" lon="8.094590866174757">
        <ele>440.3791300862822</ele>
      </trkpt>
      <trkpt lat="49.31394" lon="8.0943">
        <ele>442.5737877967147</ele>
      </trkpt>
      <trkpt lat="49.31418" lon="8.09366">
        <ele>447.5323084932281</ele>
      </trkpt>
      <trkpt lat="49.31428709793863" lon="8.093392253640925">
        <ele>449.64149459334675</ele>
      </trkpt>
      <trkpt lat="49.31436" lon="8.09321">
        <ele>450.7095227771904</ele>
      </trkpt>
      <trkpt lat="49.31454742986415" lon="8.092830773191812">
        <ele>453.08481026766157</ele>
      </trkpt>
      <trkpt lat="49.31479" lon="8.09234">
        <ele>455.3862024236162</ele>
      </trkpt>
      <trkpt lat="49.31504578804149" lon="8.091684859928463">
        <ele>458.236880646232</ele>
      </trkpt>
      <trkpt lat="49.315507671596194" lon="8.090502053163487">
        <ele>464.83451283702504</ele>
      </trkpt>
      <trkpt lat="49.31561" lon="8.09024">
        <ele>467.2782621597709</ele>
      </trkpt>
      <trkpt lat="49.316026906041905" lon="8.089377430027831">
        <ele>475.86477975852824</ele>
      </trkpt>
      <trkpt lat="49.31619" lon="8.08904">
        <ele>479.4680190394075</ele>
      </trkpt>
      <trkpt lat="49.31630867195332" lon="8.088841138975924">
        <ele>481.7783671935185</ele>
      </trkpt>
      <trkpt lat="49.31656" lon="8.08842">
        <ele>486.2447956290206</ele>
      </trkpt>
      <trkpt lat="49.3166" lon="8.08826">
        <ele>487.5848716443925</ele>
      </trkpt>
      <trkpt lat="49.3166" lon="8.08807">
        <ele>489.0706926981401</ele>
      </trkpt>
      <trkpt lat="49.31654" lon="8.0879">
        <ele>490.2968196298542</ele>
      </trkpt>
      <trkpt lat="49.31639" lon="8.08767">
        <ele>492.360325694029</ele>
      </trkpt>
      <trkpt lat="49.31602141941711" lon="8.087420820839363">
        <ele>496.27815867055256</ele>
      </trkpt>
      <trkpt lat="49.31568" lon="8.08719">
        <ele>499.3286499157274</ele>
      </trkpt>
      <trkpt lat="49.31541" lon="8.08716">
        <ele>501.54124005286894</ele>
      </trkpt>
      <trkpt lat="49.31487" lon="8.08721">
        <ele>506.3831562699122</ele>
      </trkpt>
      <trkpt lat="49.314707417422674" lon="8.087240484136782">
        <ele>507.8486908091632</ele>
      </trkpt>
      <trkpt lat="49.31455" lon="8.08727">
        <ele>509.41158512900745</ele>
      </trkpt>
      <trkpt lat="49.31425898848455" lon="8.08728385713367">
        <ele>512.2776350028922</ele>
      </trkpt>
      <trkpt lat="49.3135" lon="8.08732">
        <ele>520.3634915909228</ele>
      </trkpt>
      <trkpt lat="49.31339" lon="8.08733">
        <ele>521.536495392907</ele>
      </trkpt>
      <trkpt lat="49.31326" lon="8.08738">
        <ele>522.9631827932122</ele>
      </trkpt>
      <trkpt lat="49.31294" lon="8.08755">
        <ele>525.9054761926687</ele>
      </trkpt>
      <trkpt lat="49.31252555603837" lon="8.087841228860759">
        <ele>529.8651930788399</ele>
      </trkpt>
      <trkpt lat="49.3122" lon="8.08807">
        <ele>532.1506853336771</ele>
      </trkpt>
      <trkpt lat="49.31162" lon="8.08845">
        <ele>536.1747567739625</ele>
      </trkpt>
      <trkpt lat="49.31152" lon="8.08841">
        <ele>536.6976127591388</ele>
      </trkpt>
      <trkpt lat="49.31143" lon="8.08828">
        <ele>537.3230746241326</ele>
      </trkpt>
      <trkpt lat="49.31141" lon="8.08817">
        <ele>537.6997480305978</ele>
      </trkpt>
      <trkpt lat="49.31143" lon="8.08801">
        <ele>538.2371104860996</ele>
      </trkpt>
      <trkpt lat="49.31154" lon="8.08775">
        <ele>539.031887976461</ele>
      </trkpt>
      <trkpt lat="49.311981839302796" lon="8.087020290378478">
        <ele>541.0238755627121</ele>
      </trkpt>
      <trkpt lat="49.3122" lon="8.08666">
        <ele>541.7787785308761</ele>
      </trkpt>
      <trkpt lat="49.31226" lon="8.08652">
        <ele>542.0359115149388</ele>
      </trkpt>
      <trkpt lat="49.31241050736591" lon="8.08583828865058">
        <ele>543.1404816113819</ele>
      </trkpt>
      <trkpt lat="49.31243" lon="8.08575">
        <ele>543.5742297174135</ele>
      </trkpt>
      <trkpt lat="49.31258" lon="8.0853">
        <ele>545.9252825144589</ele>
      </trkpt>
      <trkpt lat="49.31279" lon="8.08477">
        <ele>548.8103528974192</ele>
      </trkpt>
      <trkpt lat="49.3129" lon="8.08459">
        <ele>549.9580225090403</ele>
      </trkpt>
      <trkpt lat="49.31301" lon="8.0845">
        <ele>550.8475865051735</ele>
      </trkpt>
      <trkpt lat="49.31315" lon="8.08446">
        <ele>552.8770059283119</ele>
      </trkpt>
      <trkpt lat="49.31372497299688" lon="8.084415771299033">
        <ele>561.0807627444532</ele>
      </trkpt>
      <trkpt lat="49.3138" lon="8.08441">
        <ele>562.1047339906917</ele>
      </trkpt>
      <trkpt lat="49.31393" lon="8.08438">
        <ele>563.8961302653489</ele>
      </trkpt>
      <trkpt lat="49.31409" lon="8.08431">
        <ele>566.1633350740053</ele>
      </trkpt>
      <trkpt lat="49.31424" lon="8.08423">
        <ele>568.327350419942</ele>
      </trkpt>
      <trkpt lat="49.31456506852982" lon="8.083967443709136">
        <ele>573.332523829139</ele>
      </trkpt>
      <trkpt lat="49.31476" lon="8.08381">
        <ele>575.1565273313954</ele>
      </trkpt>
      <trkpt lat="49.31491" lon="8.08373">
        <ele>576.4709726658167</ele>
      </trkpt>
      <trkpt lat="49.31515" lon="8.08368">
        <ele>578.475681600194</ele>
      </trkpt>
      <trkpt lat="49.31572" lon="8.08368">
        <ele>580.6097866854822</ele>
      </trkpt>
      <trkpt lat="49.31587730644555" lon="8.083686839491637">
        <ele>581.1986295525803</ele>
      </trkpt>
      <trkpt lat="49.31618" lon="8.0837">
        <ele>581.7397841897043</ele>
      </trkpt>
      <trkpt lat="49.316326243992776" lon="8.083717726628402">
        <ele>582.0017627773203</ele>
      </trkpt>
      <trkpt lat="49.31651" lon="8.08374">
        <ele>582.6564858297163</ele>
      </trkpt>
      <trkpt lat="49.31707" lon="8.0839">
        <ele>584.6791380716924</ele>
      </trkpt>
      <trkpt lat="49.31752" lon="8.08412">
        <ele>586.356186891871</ele>
      </trkpt>
      <trkpt lat="49.31803162210311" lon="8.084513333715746">
        <ele>589.5240693482606</ele>
      </trkpt>
      <trkpt lat="49.318835200644514" lon="8.085131062813531">
        <ele>592.351190727352</ele>
      </trkpt>
      <trkpt lat="49.31912" lon="8.08535">
        <ele>591.9487044813363</ele>
      </trkpt>
      <trkpt lat="49.31939" lon="8.08561">
        <ele>591.5460563960291</ele>
      </trkpt>
      <trkpt lat="49.31952" lon="8.08583">
        <ele>590.941608155277</ele>
      </trkpt>
      <trkpt lat="49.3197852261154" lon="8.086512010341815">
        <ele>589.3250587298102</ele>
      </trkpt>
      <trkpt lat="49.3198" lon="8.08655">
        <ele>589.2330341107099</ele>
      </trkpt>
      <trkpt lat="49.31994" lon="8.08677">
        <ele>588.593645592917</ele>
      </trkpt>
      <trkpt lat="49.32013" lon="8.08702">
        <ele>587.7950587691433</ele>
      </trkpt>
      <trkpt lat="49.32025" lon="8.08714">
        <ele>587.7576415886571</ele>
      </trkpt>
      <trkpt lat="49.32036" lon="8.08723">
        <ele>587.7250768838015</ele>
      </trkpt>
      <trkpt lat="49.3205" lon="8.08731">
        <ele>587.6860521743014</ele>
      </trkpt>
      <trkpt lat="49.3208" lon="8.08744">
        <ele>587.6046212396631</ele>
      </trkpt>
      <trkpt lat="49.32096" lon="8.08749">
        <ele>587.5619684051795</ele>
      </trkpt>
      <trkpt lat="49.3211" lon="8.0875">
        <ele>587.525358525167</ele>
      </trkpt>
      <trkpt lat="49.32119" lon="8.08745">
        <ele>587.8639004162432</ele>
      </trkpt>
      <trkpt lat="49.32126" lon="8.08736">
        <ele>588.1869231913864</ele>
      </trkpt>
      <trkpt lat="49.32132" lon="8.08717">
        <ele>588.673639643787</ele>
      </trkpt>
      <trkpt lat="49.32130982832881" lon="8.086538985599915">
        <ele>590.1274531726476</ele>
      </trkpt>
      <trkpt lat="49.3212877119721" lon="8.085160453579197">
        <ele>593.8902017224907</ele>
      </trkpt>
      <trkpt lat="49.32128" lon="8.08468">
        <ele>594.4683501399476</ele>
      </trkpt>
      <trkpt lat="49.32129417296413" lon="8.08447211991411">
        <ele>594.7196217309097</ele>
      </trkpt>
      <trkpt lat="49.32131" lon="8.08424">
        <ele>594.376045847596</ele>
      </trkpt>
      <trkpt lat="49.32142" lon="8.08363">
        <ele>593.4446064180971</ele>
      </trkpt>
      <trkpt lat="49.3216" lon="8.08313">
        <ele>590.9372687873572</ele>
      </trkpt>
      <trkpt lat="49.32179" lon="8.08272">
        <ele>588.7290144102619</ele>
      </trkpt>
      <trkpt lat="49.32184988151238" lon="8.082630177600578">
        <ele>588.1651364308376</ele>
      </trkpt>
      <trkpt lat="49.32189" lon="8.08257">
        <ele>587.6589057522668</ele>
      </trkpt>
      <trkpt lat="49.32220477951256" lon="8.082207704461318">
        <ele>584.1103108992569</ele>
      </trkpt>
      <trkpt lat="49.32242" lon="8.08196">
        <ele>582.1694107017476</ele>
      </trkpt>
      <trkpt lat="49.32252" lon="8.08173">
        <ele>580.8698245427271</ele>
      </trkpt>
      <trkpt lat="49.32257" lon="8.08155">
        <ele>579.9500924890087</ele>
      </trkpt>
      <trkpt lat="49.32259" lon="8.08129">
        <ele>578.7194659503664</ele>
      </trkpt>
      <trkpt lat="49.32244" lon="8.08052">
        <ele>577.3645479716482</ele>
      </trkpt>
      <trkpt lat="49.32241329175214" lon="8.08040846963795">
        <ele>577.164561934951</ele>
      </trkpt>
      <trkpt lat="49.32227" lon="8.07981">
        <ele>576.8854395250407</ele>
      </trkpt>
      <trkpt lat="49.32215675559122" lon="8.079088835498965">
        <ele>576.5608571932842</ele>
      </trkpt>
      <trkpt lat="49.32208" lon="8.0786">
        <ele>575.65317900644</ele>
      </trkpt>
      <trkpt lat="49.32205" lon="8.07833">
        <ele>575.1589047033249</ele>
      </trkpt>
      <trkpt lat="49.32204" lon="8.07791">
        <ele>572.6277945024093</ele>
      </trkpt>
      <trkpt lat="49.322159648464186" lon="8.077057491843503">
        <ele>567.3765084270474</ele>
      </trkpt>
      <trkpt lat="49.3222" lon="8.07677">
        <ele>565.0116875638146</ele>
      </trkpt>
      <trkpt lat="49.32222423648004" lon="8.076376140847506">
        <ele>561.8320861870351</ele>
      </trkpt>
      <trkpt lat="49.32224" lon="8.07612">
        <ele>559.9628547306826</ele>
      </trkpt>
      <trkpt lat="49.3222" lon="8.07555">
        <ele>555.7989748493251</ele>
      </trkpt>
      <trkpt lat="49.32212" lon="8.0752">
        <ele>553.1051216497024</ele>
      </trkpt>
      <trkpt lat="49.32206" lon="8.07506">
        <ele>552.1292169610234</ele>
      </trkpt>
      <trkpt lat="49.32196" lon="8.07488">
        <ele>550.7516547198717</ele>
      </trkpt>
      <trkpt lat="49.32181" lon="8.07464">
        <ele>548.8149736460284</ele>
      </trkpt>
      <trkpt lat="49.3217448997972" lon="8.074555088035629">
        <ele>548.052027273414</ele>
      </trkpt>
      <trkpt lat="49.32158" lon="8.07434">
        <ele>546.4621256994379</ele>
      </trkpt>
      <trkpt lat="49.32138779189845" lon="8.074136936865449">
        <ele>544.7508217472252</ele>
      </trkpt>
      <trkpt lat="49.32064755236179" lon="8.07335477342668">
        <ele>540.3823559532584</ele>
      </trkpt>
      <trkpt lat="49.32052" lon="8.07322">
        <ele>539.9258450637994</ele>
      </trkpt>
      <trkpt lat="49.31995726379039" lon="8.072472919282108">
        <ele>537.7330218531837</ele>
      </trkpt>
      <trkpt lat="49.31994" lon="8.07245">
        <ele>537.6754192741371</ele>
      </trkpt>
      <trkpt lat="49.31965" lon="8.07192">
        <ele>536.5377345198875</ele>
      </trkpt>
      <trkpt lat="49.3195" lon="8.0715">
        <ele>534.9770234716505</ele>
      </trkpt>
      <trkpt lat="49.31939" lon="8.07106">
        <ele>533.441266568519</ele>
      </trkpt>
      <trkpt lat="49.31936" lon="8.07089">
        <ele>532.8673103133319</ele>
      </trkpt>
      <trkpt lat="49.319344483889935" lon="8.070675414115271">
        <ele>532.1643405257448</ele>
      </trkpt>
      <trkpt lat="49.3193" lon="8.07006">
        <ele>527.9045352192873</ele>
      </trkpt>
      <trkpt lat="49.319150615204855" lon="8.06933523175288">
        <ele>522.677986063143</ele>
      </trkpt>
      <trkpt lat="49.31903" lon="8.06875">
        <ele>517.5712347599716</ele>
      </trkpt>
      <trkpt lat="49.3189" lon="8.06819">
        <ele>512.6268900175791</ele>
      </trkpt>
      <trkpt lat="49.31865" lon="8.06757">
        <ele>506.81371077721826</ele>
      </trkpt>
      <trkpt lat="49.318589848816956" lon="8.067475782625081">
        <ele>505.7650936968088</ele>
      </trkpt>
      <trkpt lat="49.31805" lon="8.06663">
        <ele>498.38116903639013</ele>
      </trkpt>
      <trkpt lat="49.31796" lon="8.06635">
        <ele>496.43437756941154</ele>
      </trkpt>
      <trkpt lat="49.31794" lon="8.06608">
        <ele>495.50042108251256</ele>
      </trkpt>
      <trkpt lat="49.31803" lon="8.06552">
        <ele>493.5180802154024</ele>
      </trkpt>
      <trkpt lat="49.31824" lon="8.06537">
        <ele>492.29670235997895</ele>
      </trkpt>
      <trkpt lat="49.31844" lon="8.06534">
        <ele>491.93158427285323</ele>
      </trkpt>
      <trkpt lat="49.318726594665755" lon="8.065324646632874">
        <ele>491.4107017102023</ele>
      </trkpt>
      <trkpt lat="49.319" lon="8.06531">
        <ele>491.86685890559545</ele>
      </trkpt>
      <trkpt lat="49.31913" lon="8.06529">
        <ele>492.0846413499464</ele>
      </trkpt>
      <trkpt lat="49.319608809406894" lon="8.065098476183866">
        <ele>492.9094084354579</ele>
      </trkpt>
      <trkpt lat="49.31968" lon="8.06507">
        <ele>493.343932745344</ele>
      </trkpt>
      <trkpt lat="49.32014" lon="8.06496">
        <ele>496.09273652865386</ele>
      </trkpt>
      <trkpt lat="49.32033" lon="8.06489">
        <ele>497.58516644846543</ele>
      </trkpt>
      <trkpt lat="49.32046" lon="8.06482">
        <ele>498.637455429595</ele>
      </trkpt>
      <trkpt lat="49.32051" lon="8.06478">
        <ele>499.06814598160685</ele>
      </trkpt>
      <trkpt lat="49.32059" lon="8.06465">
        <ele>499.95821121580167</ele>
      </trkpt>
      <trkpt lat="49.32065" lon="8.06441">
        <ele>501.23791236643024</ele>
      </trkpt>
      <trkpt lat="49.32065" lon="8.06415">
        <ele>502.89519179101745</ele>
      </trkpt>
      <trkpt lat="49.3205" lon="8.06356">
        <ele>506.931885650524</ele>
      </trkpt>
      <trkpt lat="49.320322925500534" lon="8.062920421815878">
        <ele>511.1573823256198</ele>
      </trkpt>
      <trkpt lat="49.32001" lon="8.06179">
        <ele>516.3359598479703</ele>
      </trkpt>
      <trkpt lat="49.31999" lon="8.06163">
        <ele>516.9803845875994</ele>
      </trkpt>
      <trkpt lat="49.32" lon="8.06116">
        <ele>517.3166075370116</ele>
      </trkpt>
      <trkpt lat="49.3199" lon="8.05996">
        <ele>518.1815760621331</ele>
      </trkpt>
      <trkpt lat="49.31998" lon="8.05974">
        <ele>518.4308638587629</ele>
      </trkpt>
      <trkpt lat="49.32012" lon="8.05961">
        <ele>518.6792996048339</ele>
      </trkpt>
      <trkpt lat="49.32046670203943" lon="8.05942331387717">
        <ele>519.2370234286209</ele>
      </trkpt>
      <trkpt lat="49.32064" lon="8.05933">
        <ele>519.8706518182776</ele>
      </trkpt>
      <trkpt lat="49.32075" lon="8.05921">
        <ele>520.3361643173652</ele>
      </trkpt>
      <trkpt lat="49.32092" lon="8.05896">
        <ele>521.1483347394227</ele>
      </trkpt>
      <trkpt lat="49.32124" lon="8.05815">
        <ele>523.6998823892595</ele>
      </trkpt>
      <trkpt lat="49.32131538358047" lon="8.05790400537061">
        <ele>524.4317948881533</ele>
      </trkpt>
      <trkpt lat="49.32143" lon="8.05753">
        <ele>525.2216630110613</ele>
      </trkpt>
      <trkpt lat="49.32148769146206" lon="8.057268163137524">
        <ele>525.7495333706714</ele>
      </trkpt>
      <trkpt lat="49.32156" lon="8.05694">
        <ele>526.0540757886602</ele>
      </trkpt>
      <trkpt lat="49.32165" lon="8.05632">
        <ele>526.6123244553327</ele>
      </trkpt>
      <trkpt lat="49.32171" lon="8.05527">
        <ele>526.6304315456265</ele>
      </trkpt>
      <trkpt lat="49.32170999663222" lon="8.055236450451224">
        <ele>526.6310045671557</ele>
      </trkpt>
      <trkpt lat="49.32171" lon="8.05462">
        <ele>526.5507295922741</ele>
      </trkpt>
      <trkpt lat="49.32170558601766" lon="8.054547180121201">
        <ele>526.5412195220919</ele>
      </trkpt>
      <trkpt lat="49.32169" lon="8.05429">
        <ele>526.6300655840045</ele>
      </trkpt>
      <trkpt lat="49.3216" lon="8.05359">
        <ele>526.8754135776004</ele>
      </trkpt>
      <trkpt lat="49.32151076793752" lon="8.053205933853716">
        <ele>527.0155527641399</ele>
      </trkpt>
      <trkpt lat="49.32137" lon="8.0526">
        <ele>526.7227412070275</ele>
      </trkpt>
      <trkpt lat="49.32128" lon="8.05203">
        <ele>526.4558606777841</ele>
      </trkpt>
      <trkpt lat="49.32129" lon="8.05158">
        <ele>526.2509687094807</ele>
      </trkpt>
      <trkpt lat="49.32136" lon="8.05116">
        <ele>526.0597900453575</ele>
      </trkpt>
      <trkpt lat="49.32151223649876" lon="8.050558662500787">
        <ele>525.7753294157492</ele>
      </trkpt>
      <trkpt lat="49.32156" lon="8.05037">
        <ele>525.8002609397809</ele>
      </trkpt>
      <trkpt lat="49.32167" lon="8.04982">
        <ele>525.8711070217967</ele>
      </trkpt>
      <trkpt lat="49.32167" lon="8.04919">
        <ele>526.2361212435014</ele>
      </trkpt>
      <trkpt lat="49.32161" lon="8.04879">
        <ele>526.4739340142085</ele>
      </trkpt>
      <trkpt lat="49.32154" lon="8.04852">
        <ele>526.6422892878272</ele>
      </trkpt>
      <trkpt lat="49.32152" lon="8.04795">
        <ele>526.9730193397659</ele>
      </trkpt>
      <trkpt lat="49.321583264045934" lon="8.04718688386588">
        <ele>525.8757369309916</ele>
      </trkpt>
      <trkpt lat="49.32169" lon="8.0459">
        <ele>521.4114000373129</ele>
      </trkpt>
      <trkpt lat="49.32169454830304" lon="8.045817977271202">
        <ele>521.1302466439498</ele>
      </trkpt>
      <trkpt lat="49.32173292174425" lon="8.045131014720988">
        <ele>517.9818591442667</ele>
      </trkpt>
      <trkpt lat="49.3218" lon="8.04393">
        <ele>512.2662759562113</ele>
      </trkpt>
      <trkpt lat="49.321817665796544" lon="8.043758363548998">
        <ele>511.44338806261453</ele>
      </trkpt>
      <trkpt lat="49.32187" lon="8.04325">
        <ele>508.6329966828429</ele>
      </trkpt>
      <trkpt lat="49.32201594589772" lon="8.042414859114643">
        <ele>503.9133820068565</ele>
      </trkpt>
      <trkpt lat="49.32205" lon="8.04222">
        <ele>502.64515384622865</ele>
      </trkpt>
      <trkpt lat="49.32217" lon="8.04139">
        <ele>497.3023133737695</ele>
      </trkpt>
      <trkpt lat="49.32217302766749" lon="8.04106236952751">
        <ele>495.244627579367</ele>
      </trkpt>
      <trkpt lat="49.32218" lon="8.04031">
        <ele>490.6811824362118</ele>
      </trkpt>
      <trkpt lat="49.32187" lon="8.03869">
        <ele>482.64061047554253</ele>
      </trkpt>
      <trkpt lat="49.32148364629225" lon="8.03787529943821">
        <ele>478.82151692153684</ele>
      </trkpt>
      <trkpt lat="49.32141" lon="8.03772">
        <ele>477.6749526185915</ele>
      </trkpt>
      <trkpt lat="49.32091285848622" lon="8.03680925897067">
        <ele>470.5890538543691</ele>
      </trkpt>
      <trkpt lat="49.32004" lon="8.03521">
        <ele>445.1775391761125</ele>
      </trkpt>
      <trkpt lat="49.31978" lon="8.03482">
        <ele>438.38339696106493</ele>
      </trkpt>
      <trkpt lat="49.31963" lon="8.03475">
        <ele>436.40498635548994</ele>
      </trkpt>
      <trkpt lat="49.31939206625654" lon="8.035179437765308">
        <ele>431.77021126046645</ele>
      </trkpt>
      <trkpt lat="49.31922" lon="8.03549">
        <ele>429.36981093256657</ele>
      </trkpt>
      <trkpt lat="49.31909" lon="8.03588">
        <ele>426.7909103767361</ele>
      </trkpt>
      <trkpt lat="49.31903" lon="8.03616">
        <ele>425.5731263247263</ele>
      </trkpt>
      <trkpt lat="49.31904628333188" lon="8.037088220326746">
        <ele>421.73688019632436</ele>
      </trkpt>
      <trkpt lat="49.31905" lon="8.0373">
        <ele>420.78615464560886</ele>
      </trkpt>
      <trkpt lat="49.31903" lon="8.03788">
        <ele>418.1805283844025</ele>
      </trkpt>
      <trkpt lat="49.31896" lon="8.03822">
        <ele>417.0995333329648</ele>
      </trkpt>
      <trkpt lat="49.31871759590956" lon="8.039061276411468">
        <ele>414.3112509420275</ele>
      </trkpt>
      <trkpt lat="49.31862" lon="8.0394">
        <ele>415.0908823728366</ele>
      </trkpt>
      <trkpt lat="49.31846" lon="8.04005">
        <ele>416.55311422194086</ele>
      </trkpt>
      <trkpt lat="49.318390863802705" lon="8.040345873723712">
        <ele>417.214046716077</ele>
      </trkpt>
      <trkpt lat="49.31821" lon="8.04112">
        <ele>423.5379070104721</ele>
      </trkpt>
      <trkpt lat="49.31810428053252" lon="8.041652792566412">
        <ele>427.81753689963557</ele>
      </trkpt>
      <trkpt lat="49.31796" lon="8.04238">
        <ele>433.3736270927432</ele>
      </trkpt>
      <trkpt lat="49.31789" lon="8.04251">
        <ele>433.9189627611001</ele>
      </trkpt>
      <trkpt lat="49.31784" lon="8.04252">
        <ele>434.1691347720533</ele>
      </trkpt>
      <trkpt lat="49.31767" lon="8.04172">
        <ele>436.89049337978446</ele>
      </trkpt>
      <trkpt lat="49.31765071895535" lon="8.04149988917309">
        <ele>437.60571090926936</ele>
      </trkpt>
      <trkpt lat="49.31753155461192" lon="8.04013321517464">
        <ele>432.1127377821458</ele>
      </trkpt>
      <trkpt lat="49.31741237415373" lon="8.038766547789953">
        <ele>418.9666365455513</ele>
      </trkpt>
      <trkpt lat="49.31739" lon="8.03851">
        <ele>416.15307260544756</ele>
      </trkpt>
      <trkpt lat="49.31732" lon="8.03792">
        <ele>409.6363551924571</ele>
      </trkpt>
      <trkpt lat="49.31708" lon="8.03715">
        <ele>400.3616220838132</ele>
      </trkpt>
      <trkpt lat="49.31687" lon="8.03681">
        <ele>396.9577736040152</ele>
      </trkpt>
      <trkpt lat="49.31665" lon="8.0366">
        <ele>394.06909427269716</ele>
      </trkpt>
      <trkpt lat="49.31642" lon="8.03654">
        <ele>392.3023010675167</ele>
      </trkpt>
      <trkpt lat="49.31619" lon="8.03656">
        <ele>390.5577174978262</ele>
      </trkpt>
      <trkpt lat="49.31599" lon="8.03665">
        <ele>388.97929637473356</ele>
      </trkpt>
      <trkpt lat="49.31586" lon="8.03668">
        <ele>387.9837302361352</ele>
      </trkpt>
      <trkpt lat="49.31577" lon="8.03661">
        <ele>387.2195597095229</ele>
      </trkpt>
      <trkpt lat="49.31575" lon="8.03645">
        <ele>386.41528885231054</ele>
      </trkpt>
      <trkpt lat="49.3158" lon="8.03631">
        <ele>385.5819050008507</ele>
      </trkpt>
      <trkpt lat="49.316080656679205" lon="8.03598421008732">
        <ele>382.76594490167327</ele>
      </trkpt>
      <trkpt lat="49.31692" lon="8.03501">
        <ele>371.0229624754506</ele>
      </trkpt>
      <trkpt lat="49.31713" lon="8.0347">
        <ele>367.7724104039429</ele>
      </trkpt>
      <trkpt lat="49.31739" lon="8.03414">
        <ele>363.15919205479133</ele>
      </trkpt>
      <trkpt lat="49.3176" lon="8.03365">
        <ele>359.61571168014257</ele>
      </trkpt>
      <trkpt lat="49.31783541870801" lon="8.032933714414769">
        <ele>354.7796877669142</ele>
      </trkpt>
      <trkpt lat="49.31824013368182" lon="8.031702544133012">
        <ele>346.2932769552578</ele>
      </trkpt>
      <trkpt lat="49.31831" lon="8.03149">
        <ele>344.49786911578326</ele>
      </trkpt>
      <trkpt lat="49.31866" lon="8.03081">
        <ele>337.9649402708605</ele>
      </trkpt>
      <trkpt lat="49.318788640188004" lon="8.030618529654747">
        <ele>335.8932059474774</ele>
      </trkpt>
      <trkpt lat="49.31909" lon="8.03017">
        <ele>331.7001303462442</ele>
      </trkpt>
      <trkpt lat="49.31921" lon="8.02995">
        <ele>329.83336870417185</ele>
      </trkpt>
      <trkpt lat="49.31925" lon="8.02981">
        <ele>329.3479083626248</ele>
      </trkpt>
      <trkpt lat="49.31928" lon="8.02964">
        <ele>328.7885720521896</ele>
      </trkpt>
      <trkpt lat="49.3193" lon="8.02895">
        <ele>326.59504542836504</ele>
      </trkpt>
      <trkpt lat="49.31931555803943" lon="8.028833768797812">
        <ele>326.21990977824345</ele>
      </trkpt>
      <trkpt lat="49.31949666897938" lon="8.027483154940388">
        <ele>326.5365221809866</ele>
      </trkpt>
      <trkpt lat="49.31954" lon="8.02716">
        <ele>326.47107459394977</ele>
      </trkpt>
      <trkpt lat="49.31967" lon="8.02644">
        <ele>326.3229144751701</ele>
      </trkpt>
      <trkpt lat="49.31982" lon="8.02599">
        <ele>324.2170080906525</ele>
      </trkpt>
      <trkpt lat="49.32002196550508" lon="8.02561492020324">
        <ele>322.1901899779761</ele>
      </trkpt>
      <trkpt lat="49.3201" lon="8.02547">
        <ele>320.846963332318</ele>
      </trkpt>
      <trkpt lat="49.320652138122306" lon="8.024632272914658">
        <ele>312.33664685615287</ele>
      </trkpt>
      <trkpt lat="49.32068" lon="8.02459">
        <ele>311.8888901648731</ele>
      </trkpt>
      <trkpt lat="49.32086" lon="8.02438">
        <ele>309.3057794592142</ele>
      </trkpt>
      <trkpt lat="49.32108" lon="8.02417">
        <ele>306.34602331749215</ele>
      </trkpt>
      <trkpt lat="49.3213" lon="8.02409">
        <ele>304.74561995892174</ele>
      </trkpt>
      <trkpt lat="49.32189830689842" lon="8.024094904219242">
        <ele>300.51186051828375</ele>
      </trkpt>
      <trkpt lat="49.32234771153611" lon="8.024098587804419">
        <ele>299.51833700004687</ele>
      </trkpt>
      <trkpt lat="49.32252" lon="8.0241">
        <ele>299.6815244115286</ele>
      </trkpt>
      <trkpt lat="49.32297" lon="8.02405">
        <ele>300.10872948731077</ele>
      </trkpt>
      <trkpt lat="49.32324397920871" lon="8.02399614478715">
        <ele>300.3696671223499</ele>
      </trkpt>
      <trkpt lat="49.32413551936709" lon="8.023820962638128">
        <ele>302.409000648345</ele>
      </trkpt>
      <trkpt lat="49.32526" lon="8.0236">
        <ele>297.19708082936376</ele>
      </trkpt>
      <trkpt lat="49.32569" lon="8.02349">
        <ele>295.193536502842</ele>
      </trkpt>
      <trkpt lat="49.32599" lon="8.02346">
        <ele>293.81182247582194</ele>
      </trkpt>
      <trkpt lat="49.32625" lon="8.02361">
        <ele>292.5942650115727</ele>
      </trkpt>
      <trkpt lat="49.3267357880605" lon="8.024002769646431">
        <ele>290.1880735280924</ele>
      </trkpt>
      <trkpt lat="49.32713337895783" lon="8.024324221466358">
        <ele>288.858133012115</ele>
      </trkpt>
      <trkpt lat="49.32719" lon="8.02437">
        <ele>288.8115573376208</ele>
      </trkpt>
      <trkpt lat="49.32748" lon="8.02456">
        <ele>288.58215160977653</ele>
      </trkpt>
      <trkpt lat="49.32796" lon="8.0248">
        <ele>288.21487529971273</ele>
      </trkpt>
      <trkpt lat="49.32797476999296" lon="8.024804651651888">
        <ele>288.2040284674613</ele>
      </trkpt>
      <trkpt lat="49.3285" lon="8.02497">
        <ele>287.5981869563379</ele>
      </trkpt>
      <trkpt lat="49.32927" lon="8.02502">
        <ele>285.43418998272034</ele>
      </trkpt>
      <trkpt lat="49.32931187421413" lon="8.025020504660624">
        <ele>285.31730362125523</ele>
      </trkpt>
      <trkpt lat="49.3301" lon="8.02503">
        <ele>283.31044427353316</ele>
      </trkpt>
      <trkpt lat="49.3302105524581" lon="8.025017715974831">
        <ele>283.0286411115996</ele>
      </trkpt>
      <trkpt lat="49.33064" lon="8.02497">
        <ele>283.03996940739415</ele>
      </trkpt>
      <trkpt lat="49.33091" lon="8.02478">
        <ele>283.04778199564066</ele>
      </trkpt>
      <trkpt lat="49.33112" lon="8.02443">
        <ele>283.450458284327</ele>
      </trkpt>
      <trkpt lat="49.331296227796" lon="8.024036457011889">
        <ele>283.8542114543025</ele>
      </trkpt>
      <trkpt lat="49.33180531325312" lon="8.022899778243545">
        <ele>284.1312204528948</ele>
      </trkpt>
      <trkpt lat="49.33185" lon="8.0228">
        <ele>283.77757491169723</ele>
      </trkpt>
      <trkpt lat="49.33246" lon="8.02175">
        <ele>279.6700152720576</ele>
      </trkpt>
      <trkpt lat="49.33259" lon="8.02159">
        <ele>278.9458925303356</ele>
      </trkpt>
      <trkpt lat="49.33316144774393" lon="8.021161412551473">
        <ele>276.1825275765893</ele>
      </trkpt>
      <trkpt lat="49.33343" lon="8.02096">
        <ele>275.9909134075828</ele>
      </trkpt>
      <trkpt lat="49.33387" lon="8.02061">
        <ele>275.67331228572345</ele>
      </trkpt>
      <trkpt lat="49.33406" lon="8.02031">
        <ele>275.4986103189544</ele>
      </trkpt>
      <trkpt lat="49.33426" lon="8.01977">
        <ele>276.4294211716731</ele>
      </trkpt>
      <trkpt lat="49.33441369203472" lon="8.019328115539647">
        <ele>277.17966483150224</ele>
      </trkpt>
      <trkpt lat="49.33466" lon="8.01862">
        <ele>277.8194155124486</ele>
      </trkpt>
      <trkpt lat="49.334857896252245" lon="8.018129560857485">
        <ele>278.2790067452823</ele>
      </trkpt>
      <trkpt lat="49.33489" lon="8.01805">
        <ele>278.1280519510114</ele>
      </trkpt>
      <trkpt lat="49.33523" lon="8.01713">
        <ele>276.4224655786547</ele>
      </trkpt>
      <trkpt lat="49.33543" lon="8.01641">
        <ele>273.81720552111284</ele>
      </trkpt>
      <trkpt lat="49.335441704323884" lon="8.016275387411694">
        <ele>273.3655063490046</ele>
      </trkpt>
      <trkpt lat="49.33547" lon="8.01595">
        <ele>271.7461794401826</ele>
      </trkpt>
      <trkpt lat="49.33551" lon="8.01536">
        <ele>268.82099013822614</ele>
      </trkpt>
      <trkpt lat="49.33557" lon="8.01486">
        <ele>266.3138676522359</ele>
      </trkpt>
      <trkpt lat="49.33567" lon="8.01445">
        <ele>264.15503993935766</ele>
      </trkpt>
      <trkpt lat="49.33584" lon="8.01402">
        <ele>261.42057650754487</ele>
      </trkpt>
      <trkpt lat="49.335992694892184" lon="8.013709517100217">
        <ele>259.30637683731214</ele>
      </trkpt>
      <trkpt lat="49.33614" lon="8.01341">
        <ele>257.76038014649595</ele>
      </trkpt>
      <trkpt lat="49.33639" lon="8.01284">
        <ele>254.93053104567517</ele>
      </trkpt>
      <trkpt lat="49.33648133194149" lon="8.01255470750321">
        <ele>253.6235392598312</ele>
      </trkpt>
      <trkpt lat="49.33667955697997" lon="8.011935733113676">
        <ele>251.8272304237514</ele>
      </trkpt>
      <trkpt lat="49.33696" lon="8.01106">
        <ele>251.11384134842157</ele>
      </trkpt>
      <trkpt lat="49.33719" lon="8.01029">
        <ele>251.11636167951195</ele>
      </trkpt>
      <trkpt lat="49.337247587042484" lon="8.010059644951898">
        <ele>251.11709542485016</ele>
      </trkpt>
      <trkpt lat="49.33734" lon="8.00969">
        <ele>250.58928736791572</ele>
      </trkpt>
      <trkpt lat="49.33751101807978" lon="8.008741566985812">
        <ele>249.27818800230978</ele>
      </trkpt>
      <trkpt lat="49.33767" lon="8.00786">
        <ele>246.2933473186327</ele>
      </trkpt>
      <trkpt lat="49.33773" lon="8.00763">
        <ele>245.48516138047268</ele>
      </trkpt>
      <trkpt lat="49.33782" lon="8.00744">
        <ele>244.66964048686867</ele>
      </trkpt>
      <trkpt lat="49.33795" lon="8.00721">
        <ele>243.61257438645669</ele>
      </trkpt>
      <trkpt lat="49.33813" lon="8.00696">
        <ele>242.32701961314515</ele>
      </trkpt>
      <trkpt lat="49.33883" lon="8.00632">
        <ele>240.00127076185763</ele>
      </trkpt>
      <trkpt lat="49.33899" lon="8.00603">
        <ele>239.29452954962642</ele>
      </trkpt>
      <trkpt lat="49.33908" lon="8.00575">
        <ele>238.7138533124324</ele>
      </trkpt>
      <trkpt lat="49.339178856905484" lon="8.004952066368135">
        <ele>236.98055375733964</ele>
      </trkpt>
      <trkpt lat="49.33922" lon="8.00462">
        <ele>235.7470740387474</ele>
      </trkpt>
      <trkpt lat="49.33936" lon="8.00398">
        <ele>233.28428098666657</ele>
      </trkpt>
      <trkpt lat="49.33944506734641" lon="8.003637030901146">
        <ele>231.94670304542404</ele>
      </trkpt>
      <trkpt lat="49.33968" lon="8.00269">
        <ele>227.54549562475088</ele>
      </trkpt>
      <trkpt lat="49.34012" lon="8.00217">
        <ele>224.91431853751504</ele>
      </trkpt>
      <trkpt lat="49.34023318325984" lon="8.002062768016307">
        <ele>224.2849075664153</ele>
      </trkpt>
      <trkpt lat="49.34069" lon="8.00163">
        <ele>224.0414387763494</ele>
      </trkpt>
      <trkpt lat="49.34097" lon="8.0014">
        <ele>223.89745274771414</ele>
      </trkpt>
      <trkpt lat="49.34112" lon="8.0013">
        <ele>223.82330645069217</ele>
      </trkpt>
      <trkpt lat="49.34135" lon="8.00125">
        <ele>223.71798728266666</ele>
      </trkpt>
      <trkpt lat="49.34156" lon="8.00127">
        <ele>223.23183909075638</ele>
      </trkpt>
      <trkpt lat="49.34189368784989" lon="8.001349323145758">
        <ele>222.45229515487924</ele>
      </trkpt>
      <trkpt lat="49.34278" lon="8.00156">
        <ele>217.09122880055097</ele>
      </trkpt>
      <trkpt lat="49.34301" lon="8.0016">
        <ele>215.05056252189578</ele>
      </trkpt>
      <trkpt lat="49.34322994578868" lon="8.001611576121597">
        <ele>213.1055190556555</ele>
      </trkpt>
      <trkpt lat="49.34339" lon="8.00162">
        <ele>211.81909277109102</ele>
      </trkpt>
      <trkpt lat="49.34364" lon="8.00165">
        <ele>209.8054167830729</ele>
      </trkpt>
      <trkpt lat="49.34388" lon="8.00174">
        <ele>207.82148198104753</ele>
      </trkpt>
      <trkpt lat="49.3445" lon="8.00204">
        <ele>202.60122090635957</ele>
      </trkpt>
      <trkpt lat="49.34457" lon="8.00205">
        <ele>202.3521986396724</ele>
      </trkpt>
      <trkpt lat="49.34472" lon="8.00205">
        <ele>201.8208758338297</ele>
      </trkpt>
      <trkpt lat="49.34485" lon="8.00201">
        <ele>201.35123488939269</ele>
      </trkpt>
      <trkpt lat="49.34503" lon="8.00191">
        <ele>200.67316882937422</ele>
      </trkpt>
      <trkpt lat="49.34516" lon="8.00164">
        <ele>199.89839472908065</ele>
      </trkpt>
      <trkpt lat="49.34514" lon="8.00137">
        <ele>199.7137465723802</ele>
      </trkpt>
      <trkpt lat="49.3451" lon="8.00118">
        <ele>199.57806744474235</ele>
      </trkpt>
      <trkpt lat="49.34498" lon="8.0008">
        <ele>199.291121412614</ele>
      </trkpt>
      <trkpt lat="49.34495662306312" lon="8.000742857254423">
        <ele>199.24531321215784</ele>
      </trkpt>
      <trkpt lat="49.34489" lon="8.00058">
        <ele>199.53743148314115</ele>
      </trkpt>
      <trkpt lat="49.34481" lon="8.00043">
        <ele>199.831811623285</ele>
      </trkpt>
      <trkpt lat="49.34471" lon="8.00028">
        <ele>200.15772421768358</ele>
      </trkpt>
      <trkpt lat="49.34433" lon="7.99978">
        <ele>201.3243770509572</ele>
      </trkpt>
      <trkpt lat="49.34421" lon="7.99958">
        <ele>202.18212953187566</ele>
      </trkpt>
      <trkpt lat="49.344" lon="7.99905">
        <ele>204.18176423597137</ele>
      </trkpt>
      <trkpt lat="49.34368209906411" lon="7.99796469819649">
        <ele>209.25964779861874</ele>
      </trkpt>
      <trkpt lat="49.34331371949943" lon="7.996706316134681">
        <ele>212.44603435838982</ele>
      </trkpt>
      <trkpt lat="49.3431295245945" lon="7.996077132169359">
        <ele>211.5089823772545</ele>
      </trkpt>
      <trkpt lat="49.34276112453974" lon="7.99481877836999">
        <ele>207.36706944155372</ele>
      </trkpt>
      <trkpt lat="49.3427" lon="7.99461">
        <ele>206.7561259803355</ele>
      </trkpt>
      <trkpt lat="49.34242" lon="7.99386">
        <ele>204.4496050529139</ele>
      </trkpt>
      <trkpt lat="49.3422" lon="7.99344">
        <ele>204.53785713620186</ele>
      </trkpt>
      <trkpt lat="49.342" lon="7.99318">
        <ele>204.60373543785116</ele>
      </trkpt>
      <trkpt lat="49.34183" lon="7.99299">
        <ele>204.6565930583944</ele>
      </trkpt>
      <trkpt lat="49.34163" lon="7.99281">
        <ele>204.71486788245048</ele>
      </trkpt>
      <trkpt lat="49.34145" lon="7.99268">
        <ele>205.28662753067522</ele>
      </trkpt>
      <trkpt lat="49.34129" lon="7.99259">
        <ele>205.77640031201534</ele>
      </trkpt>
      <trkpt lat="49.341183620750726" lon="7.992542131778141">
        <ele>206.0945539548674</ele>
      </trkpt>
      <trkpt lat="49.34069" lon="7.99232">
        <ele>207.46402633199295</ele>
      </trkpt>
      <trkpt lat="49.34039" lon="7.99217">
        <ele>208.30375683820404</ele>
      </trkpt>
      <trkpt lat="49.34011" lon="7.9919">
        <ele>209.18383650010327</ele>
      </trkpt>
      <trkpt lat="49.33998" lon="7.99171">
        <ele>209.41566476649305</ele>
      </trkpt>
      <trkpt lat="49.33986" lon="7.99147">
        <ele>209.67021869051547</ele>
      </trkpt>
      <trkpt lat="49.33976" lon="7.99117">
        <ele>209.9537676262795</ele>
      </trkpt>
      <trkpt lat="49.33974435378558" lon="7.991111329124636">
        <ele>210.00704200874014</ele>
      </trkpt>
      <trkpt lat="49.33968" lon="7.99087">
        <ele>210.1074952888559</ele>
      </trkpt>
      <trkpt lat="49.33963" lon="7.99056">
        <ele>210.23048444876846</ele>
      </trkpt>
      <trkpt lat="49.3396" lon="7.99022">
        <ele>210.36261896527998</ele>
      </trkpt>
      <trkpt lat="49.3396" lon="7.98987">
        <ele>210.49740953793227</ele>
      </trkpt>
      <trkpt lat="49.33963" lon="7.98957">
        <ele>210.7530229921503</ele>
      </trkpt>
      <trkpt lat="49.3397" lon="7.98932">
        <ele>210.9821861002823</ele>
      </trkpt>
      <trkpt lat="49.3398" lon="7.98912">
        <ele>211.19450033695654</ele>
      </trkpt>
      <trkpt lat="49.3399" lon="7.98896">
        <ele>211.38121877036016</ele>
      </trkpt>
      <trkpt lat="49.34001" lon="7.98887">
        <ele>211.54233967772052</ele>
      </trkpt>
      <trkpt lat="49.34014" lon="7.98881">
        <ele>211.71780301543603</ele>
      </trkpt>
      <trkpt lat="49.34026" lon="7.98879">
        <ele>211.97679520349644</ele>
      </trkpt>
      <trkpt lat="49.34037" lon="7.9888">
        <ele>212.21323080236795</ele>
      </trkpt>
      <trkpt lat="49.34049" lon="7.98884">
        <ele>212.47671197602784</ele>
      </trkpt>
      <trkpt lat="49.340599841943856" lon="7.988915518691647">
        <ele>212.73468845049953</ele>
      </trkpt>
      <trkpt lat="49.34097" lon="7.98917">
        <ele>213.31158071667983</ele>
      </trkpt>
      <trkpt lat="49.34119" lon="7.98931">
        <ele>213.65021677101086</ele>
      </trkpt>
      <trkpt lat="49.34136" lon="7.98937">
        <ele>213.89824505252136</ele>
      </trkpt>
      <trkpt lat="49.34158" lon="7.98941">
        <ele>214.21324567524752</ele>
      </trkpt>
      <trkpt lat="49.34176" lon="7.9894">
        <ele>214.16024095922842</ele>
      </trkpt>
      <trkpt lat="49.34209" lon="7.98929">
        <ele>214.06086536675465</ele>
      </trkpt>
      <trkpt lat="49.34223" lon="7.9892">
        <ele>213.91340471372615</ele>
      </trkpt>
      <trkpt lat="49.342229" lon="7.989198">
        <ele>217</ele>
      </trkpt>
      <trkpt lat="49.34231" lon="7.989142">
        <ele>216.25</ele>
      </trkpt>
      <trkpt lat="49.34242" lon="7.989039">
        <ele>216.5</ele>
      </trkpt>
      <trkpt lat="49.342496" lon="7.98896">
        <ele>216.25</ele>
      </trkpt>
      <trkpt lat="49.342622" lon="7.988796">
        <ele>219.25</ele>
      </trkpt>
      <trkpt lat="49.342771" lon="7.988544">
        <ele>221.25</ele>
      </trkpt>
      <trkpt lat="49.342843" lon="7.98839">
        <ele>221.25</ele>
      </trkpt>
      <trkpt lat="49.343058" lon="7.987883">
        <ele>226.5</ele>
      </trkpt>
      <trkpt lat="49.343265" lon="7.987345">
        <ele>222.75</ele>
      </trkpt>
      <trkpt lat="49.343314" lon="7.987203">
        <ele>220.75</ele>
      </trkpt>
      <trkpt lat="49.343347" lon="7.987093">
        <ele>220.25</ele>
      </trkpt>
      <trkpt lat="49.343373" lon="7.986973">
        <ele>220.5</ele>
      </trkpt>
      <trkpt lat="49.343392" lon="7.986874">
        <ele>220.75</ele>
      </trkpt>
      <trkpt lat="49.343421" lon="7.986662">
        <ele>220.5</ele>
      </trkpt>
      <trkpt lat="49.343429" lon="7.986567">
        <ele>220.5</ele>
      </trkpt>
      <trkpt lat="49.343432" lon="7.986231">
        <ele>219.5</ele>
      </trkpt>
      <trkpt lat="49.343423" lon="7.985793">
        <ele>217.5</ele>
      </trkpt>
      <trkpt lat="49.343418" lon="7.985506">
        <ele>215.75</ele>
      </trkpt>
      <trkpt lat="49.34342" lon="7.985068">
        <ele>213.75</ele>
      </trkpt>
      <trkpt lat="49.343426" lon="7.984916">
        <ele>213.75</ele>
      </trkpt>
      <trkpt lat="49.34345" lon="7.9847">
        <ele>215.25</ele>
      </trkpt>
      <trkpt lat="49.34345" lon="7.9847">
        <ele>210.27251998120852</ele>
      </trkpt>
      <trkpt lat="49.34353" lon="7.98432">
        <ele>210.5640746603317</ele>
      </trkpt>
      <trkpt lat="49.34361" lon="7.98407">
        <ele>210.76742139408145</ele>
      </trkpt>
      <trkpt lat="49.34373483641917" lon="7.983746882605824">
        <ele>211.0415320518204</ele>
      </trkpt>
      <trkpt lat="49.34395" lon="7.98319">
        <ele>212.63841206960512</ele>
      </trkpt>
      <trkpt lat="49.34405" lon="7.98288">
        <ele>213.49132506245977</ele>
      </trkpt>
      <trkpt lat="49.34409" lon="7.98269">
        <ele>213.9836500901169</ele>
      </trkpt>
      <trkpt lat="49.34409" lon="7.98249">
        <ele>214.47678067516478</ele>
      </trkpt>
      <trkpt lat="49.34402" lon="7.98214">
        <ele>215.25602215595646</ele>
      </trkpt>
      <trkpt lat="49.34391" lon="7.98183">
        <ele>216.00733161490294</ele>
      </trkpt>
      <trkpt lat="49.343655056962426" lon="7.9813137440466635">
        <ele>217.38584891578685</ele>
      </trkpt>
      <trkpt lat="49.34351" lon="7.98102">
        <ele>217.66374536007731</ele>
      </trkpt>
      <trkpt lat="49.34335" lon="7.98061">
        <ele>218.02396340888123</ele>
      </trkpt>
      <trkpt lat="49.34327" lon="7.98022">
        <ele>218.3321392742953</ele>
      </trkpt>
      <trkpt lat="49.34327" lon="7.97996">
        <ele>218.52810672392354</ele>
      </trkpt>
      <trkpt lat="49.34345" lon="7.97926">
        <ele>218.04222251591568</ele>
      </trkpt>
      <trkpt lat="49.34360828326531" lon="7.978831894004133">
        <ele>217.72458770844042</ele>
      </trkpt>
      <trkpt lat="49.34389" lon="7.97807">
        <ele>218.65512707537738</ele>
      </trkpt>
      <trkpt lat="49.34396" lon="7.97786">
        <ele>218.90561064562064</ele>
      </trkpt>
      <trkpt lat="49.34401" lon="7.97761">
        <ele>219.1833043002504</ele>
      </trkpt>
      <trkpt lat="49.34409" lon="7.97708">
        <ele>221.67662984135268</ele>
      </trkpt>
      <trkpt lat="49.344108083725715" lon="7.976930147432856">
        <ele>222.37445534236969</ele>
      </trkpt>
      <trkpt lat="49.34416" lon="7.9765">
        <ele>225.14441952852795</ele>
      </trkpt>
      <trkpt lat="49.34422334413047" lon="7.975562436433993">
        <ele>231.10979047120213</ele>
      </trkpt>
      <trkpt lat="49.34426" lon="7.97502">
        <ele>233.27465474251161</ele>
      </trkpt>
      <trkpt lat="49.34431" lon="7.97472">
        <ele>234.50352914977034</ele>
      </trkpt>
      <trkpt lat="49.34439" lon="7.97437">
        <ele>235.9754856117611</ele>
      </trkpt>
      <trkpt lat="49.34462" lon="7.97373">
        <ele>235.39514888616398</ele>
      </trkpt>
      <trkpt lat="49.34466360228591" lon="7.97363883093487">
        <ele>235.3053943120345</ele>
      </trkpt>
      <trkpt lat="49.34473" lon="7.9735">
        <ele>234.48507240466546</ele>
      </trkpt>
      <trkpt lat="49.34521" lon="7.97272">
        <ele>229.37609549139822</ele>
      </trkpt>
      <trkpt lat="49.34537" lon="7.97241">
        <ele>227.4929225581528</ele>
      </trkpt>
      <trkpt lat="49.34546" lon="7.97208">
        <ele>225.87053395847366</ele>
      </trkpt>
      <trkpt lat="49.34551" lon="7.97178">
        <ele>224.46622125134527</ele>
      </trkpt>
      <trkpt lat="49.34553" lon="7.97121">
        <ele>221.87752774477883</ele>
      </trkpt>
      <trkpt lat="49.3455" lon="7.97065">
        <ele>221.13352720835542</ele>
      </trkpt>
      <trkpt lat="49.34545" lon="7.97038">
        <ele>220.76185691804912</ele>
      </trkpt>
      <trkpt lat="49.34537" lon="7.97014">
        <ele>220.4048920560702</ele>
      </trkpt>
      <trkpt lat="49.34524" lon="7.96988">
        <ele>220.71897501172026</ele>
      </trkpt>
      <trkpt lat="49.34500882052335" lon="7.969511014499515">
        <ele>221.2089871392124</ele>
      </trkpt>
      <trkpt lat="49.34415" lon="7.96814">
        <ele>224.15145772175822</ele>
      </trkpt>
      <trkpt lat="49.34406" lon="7.96792">
        <ele>223.89525350776174</ele>
      </trkpt>
      <trkpt lat="49.34398" lon="7.96769">
        <ele>223.6381109731777</ele>
      </trkpt>
      <trkpt lat="49.34394" lon="7.96751">
        <ele>223.4505414584058</ele>
      </trkpt>
      <trkpt lat="49.34393" lon="7.96732">
        <ele>223.26254136367143</ele>
      </trkpt>
      <trkpt lat="49.34394" lon="7.96704">
        <ele>222.98597360575846</ele>
      </trkpt>
      <trkpt lat="49.34398" lon="7.96679">
        <ele>222.42008848769524</ele>
      </trkpt>
      <trkpt lat="49.34405" lon="7.96658">
        <ele>221.90155181703994</ele>
      </trkpt>
      <trkpt lat="49.34414" lon="7.96641">
        <ele>221.420034029776</ele>
      </trkpt>
      <trkpt lat="49.34430636590661" lon="7.96618025642602">
        <ele>220.66502618718354</ele>
      </trkpt>
      <trkpt lat="49.34435" lon="7.96612">
        <ele>220.51845939678088</ele>
      </trkpt>
      <trkpt lat="49.34501381073797" lon="7.9653288826022335">
        <ele>218.42058610055096</ele>
      </trkpt>
      <trkpt lat="49.34508" lon="7.96525">
        <ele>218.3524658293582</ele>
      </trkpt>
      <trkpt lat="49.34535" lon="7.96481">
        <ele>218.03244839926418</ele>
      </trkpt>
      <trkpt lat="49.34556" lon="7.96427">
        <ele>217.69949034108174</ele>
      </trkpt>
      <trkpt lat="49.34564" lon="7.96392">
        <ele>217.5031134064256</ele>
      </trkpt>
      <trkpt lat="49.34566" lon="7.96371">
        <ele>217.39241724900737</ele>
      </trkpt>
      <trkpt lat="49.34568" lon="7.96329">
        <ele>217.1727689367238</ele>
      </trkpt>
      <trkpt lat="49.34565" lon="7.96306">
        <ele>217.05042468737028</ele>
      </trkpt>
      <trkpt lat="49.34561857933702" lon="7.962908134775404">
        <ele>216.96733999097282</ele>
      </trkpt>
      <trkpt lat="49.34559" lon="7.96277">
        <ele>216.820294889476</ele>
      </trkpt>
      <trkpt lat="49.3455" lon="7.96247">
        <ele>216.48530820912308</ele>
      </trkpt>
      <trkpt lat="49.34523" lon="7.96181">
        <ele>215.6948672782411</ele>
      </trkpt>
      <trkpt lat="49.34519394689431" lon="7.961697334884392">
        <ele>215.5676036000626</ele>
      </trkpt>
      <trkpt lat="49.34515" lon="7.96156">
        <ele>215.34982997856542</ele>
      </trkpt>
      <trkpt lat="49.34495" lon="7.96069">
        <ele>214.03714696031244</ele>
      </trkpt>
      <trkpt lat="49.34492" lon="7.96035">
        <ele>213.9333402568794</ele>
      </trkpt>
      <trkpt lat="49.34491" lon="7.96">
        <ele>213.82734533521892</ele>
      </trkpt>
      <trkpt lat="49.34494" lon="7.95965">
        <ele>213.72053969279602</ele>
      </trkpt>
      <trkpt lat="49.34502" lon="7.95928">
        <ele>213.6025919192387</ele>
      </trkpt>
      <trkpt lat="49.34511" lon="7.959">
        <ele>214.31080852652198</ele>
      </trkpt>
      <trkpt lat="49.34522" lon="7.95874">
        <ele>215.01400751298965</ele>
      </trkpt>
      <trkpt lat="49.34534" lon="7.95854">
        <ele>215.63074195420583</ele>
      </trkpt>
      <trkpt lat="49.345361907739004" lon="7.958511201917801">
        <ele>215.73069350145104</ele>
      </trkpt>
      <trkpt lat="49.34569" lon="7.95808">
        <ele>217.89310088904233</ele>
      </trkpt>
      <trkpt lat="49.34608906706139" lon="7.957707183454264">
        <ele>220.23053524790902</ele>
      </trkpt>
      <trkpt lat="49.34645" lon="7.95737">
        <ele>221.72136830597069</ele>
      </trkpt>
      <trkpt lat="49.34658" lon="7.95717">
        <ele>222.3705909724095</ele>
      </trkpt>
      <trkpt lat="49.34671" lon="7.95689">
        <ele>222.5919264893463</ele>
      </trkpt>
      <trkpt lat="49.34678" lon="7.95668">
        <ele>222.74377862490434</ele>
      </trkpt>
      <trkpt lat="49.34684" lon="7.9563">
        <ele>222.99547994448434</ele>
      </trkpt>
      <trkpt lat="49.34685" lon="7.95609">
        <ele>222.83942073206174</ele>
      </trkpt>
      <trkpt lat="49.34685" lon="7.95578">
        <ele>222.60966058546535</ele>
      </trkpt>
      <trkpt lat="49.34681" lon="7.95548">
        <ele>222.38270299795437</ele>
      </trkpt>
      <trkpt lat="49.34680159714874" lon="7.955451197644378">
        <ele>222.3594280639012</ele>
      </trkpt>
      <trkpt lat="49.34667" lon="7.955">
        <ele>221.69720793475486</ele>
      </trkpt>
      <trkpt lat="49.34638865297784" lon="7.954226352037172">
        <ele>220.5112646125172</ele>
      </trkpt>
      <trkpt lat="49.34616962746599" lon="7.9536239967398545">
        <ele>219.82763094656468</ele>
      </trkpt>
      <trkpt lat="49.34595" lon="7.95302">
        <ele>219.8686438595466</ele>
      </trkpt>
      <trkpt lat="49.34587" lon="7.95262">
        <ele>219.8934454592747</ele>
      </trkpt>
      <trkpt lat="49.34586" lon="7.95247">
        <ele>219.9023829725541</ele>
      </trkpt>
      <trkpt lat="49.34589" lon="7.95225">
        <ele>219.91570581566455</ele>
      </trkpt>
      <trkpt lat="49.34596" lon="7.95198">
        <ele>220.07229823358938</ele>
      </trkpt>
      <trkpt lat="49.34605" lon="7.95182">
        <ele>220.18620780360428</ele>
      </trkpt>
      <trkpt lat="49.34615" lon="7.95169">
        <ele>220.29460036878874</ele>
      </trkpt>
      <trkpt lat="49.34625" lon="7.95161">
        <ele>220.27031991938247</ele>
      </trkpt>
      <trkpt lat="49.34644" lon="7.95153">
        <ele>220.22789877881942</ele>
      </trkpt>
      <trkpt lat="49.34663" lon="7.9515">
        <ele>220.18677300087754</ele>
      </trkpt>
      <trkpt lat="49.34695093408678" lon="7.951500000000001">
        <ele>220.11769052093578</ele>
      </trkpt>
      <trkpt lat="49.34724" lon="7.9515">
        <ele>219.532085376515</ele>
      </trkpt>
      <trkpt lat="49.34741" lon="7.95148">
        <ele>219.18678865287916</ele>
      </trkpt>
      <trkpt lat="49.34766" lon="7.9514">
        <ele>218.66959932187044</ele>
      </trkpt>
      <trkpt lat="49.34795" lon="7.9512">
        <ele>217.79847405540738</ele>
      </trkpt>
      <trkpt lat="49.34821" lon="7.95097">
        <ele>216.97623143661124</ele>
      </trkpt>
      <trkpt lat="49.3483" lon="7.95087">
        <ele>216.6718039592074</ele>
      </trkpt>
      <trkpt lat="49.34842" lon="7.95063">
        <ele>216.13176475676565</ele>
      </trkpt>
      <trkpt lat="49.34846" lon="7.9505">
        <ele>216.00917754189402</ele>
      </trkpt>
      <trkpt lat="49.3485" lon="7.9502">
        <ele>215.74807802212888</ele>
      </trkpt>
      <trkpt lat="49.34848" lon="7.94996">
        <ele>215.54177310956024</ele>
      </trkpt>
      <trkpt lat="49.34835" lon="7.94938">
        <ele>215.0187797485631</ele>
      </trkpt>
      <trkpt lat="49.34824" lon="7.94909">
        <ele>215.1998023513869</ele>
      </trkpt>
      <trkpt lat="49.347956624430246" lon="7.948579925987671">
        <ele>215.56137730478042</ele>
      </trkpt>
      <trkpt lat="49.34784" lon="7.94837">
        <ele>216.21449051311825</ele>
      </trkpt>
      <trkpt lat="49.34769" lon="7.94805">
        <ele>217.1474437532883</ele>
      </trkpt>
      <trkpt lat="49.34756" lon="7.9477">
        <ele>218.100899557588</ele>
      </trkpt>
      <trkpt lat="49.34752" lon="7.94754">
        <ele>218.50647045412833</ele>
      </trkpt>
      <trkpt lat="49.34744" lon="7.94696">
        <ele>219.90949740075078</ele>
      </trkpt>
      <trkpt lat="49.34743" lon="7.94677">
        <ele>220.43250363624318</ele>
      </trkpt>
      <trkpt lat="49.34749" lon="7.94615">
        <ele>222.15227848556418</ele>
      </trkpt>
      <trkpt lat="49.34755" lon="7.94586">
        <ele>222.98711965038464</ele>
      </trkpt>
      <trkpt lat="49.34762" lon="7.94556">
        <ele>223.8614376101951</ele>
      </trkpt>
      <trkpt lat="49.34781" lon="7.94509">
        <ele>225.0057446954337</ele>
      </trkpt>
      <trkpt lat="49.34792" lon="7.94491">
        <ele>225.51631443797712</ele>
      </trkpt>
      <trkpt lat="49.34809" lon="7.9447">
        <ele>226.20925469237537</ele>
      </trkpt>
      <trkpt lat="49.34824" lon="7.94455">
        <ele>226.55891496677165</ele>
      </trkpt>
      <trkpt lat="49.34848" lon="7.94441">
        <ele>227.06038100667809</ele>
      </trkpt>
      <trkpt lat="49.34871" lon="7.9443">
        <ele>227.5309079263362</ele>
      </trkpt>
      <trkpt lat="49.34875383943178" lon="7.944282460481074">
        <ele>227.61897836441096</ele>
      </trkpt>
      <trkpt lat="49.34941" lon="7.94402">
        <ele>227.3884157826933</ele>
      </trkpt>
      <trkpt lat="49.34958" lon="7.94393">
        <ele>227.32728919853668</ele>
      </trkpt>
      <trkpt lat="49.34984" lon="7.94377">
        <ele>227.23207267082162</ele>
      </trkpt>
      <trkpt lat="49.35008" lon="7.94357">
        <ele>226.42990492060449</ele>
      </trkpt>
      <trkpt lat="49.35033" lon="7.94327">
        <ele>225.4977917646663</ele>
      </trkpt>
      <trkpt lat="49.3506" lon="7.9429">
        <ele>224.43463663322268</ele>
      </trkpt>
      <trkpt lat="49.35073" lon="7.9426">
        <ele>223.8375050460859</ele>
      </trkpt>
      <trkpt lat="49.35088" lon="7.94217">
        <ele>223.02914138049874</ele>
      </trkpt>
      <trkpt lat="49.35089711966197" lon="7.942090817358099">
        <ele>222.89103624925747</ele>
      </trkpt>
      <trkpt lat="49.35096" lon="7.9418">
        <ele>222.71524063282834</ele>
      </trkpt>
      <trkpt lat="49.35105" lon="7.94123">
        <ele>222.3788625560363</ele>
      </trkpt>
      <trkpt lat="49.35111028668601" lon="7.940751416972957">
        <ele>222.099441523613</ele>
      </trkpt>
      <trkpt lat="49.35121" lon="7.93996">
        <ele>222.55484007576223</ele>
      </trkpt>
      <trkpt lat="49.35121" lon="7.93951">
        <ele>223.06109661862294</ele>
      </trkpt>
      <trkpt lat="49.35119" lon="7.93934">
        <ele>223.25544310902794</ele>
      </trkpt>
      <trkpt lat="49.35108" lon="7.93894">
        <ele>223.7439051608192</ele>
      </trkpt>
      <trkpt lat="49.35106" lon="7.93877">
        <ele>223.93825214859132</ele>
      </trkpt>
      <trkpt lat="49.35105" lon="7.93857">
        <ele>224.1639175790187</ele>
      </trkpt>
      <trkpt lat="49.35107" lon="7.93833">
        <ele>224.43612221611158</ele>
      </trkpt>
      <trkpt lat="49.35101" lon="7.93831">
        <ele>224.65175793987416</ele>
      </trkpt>
      <trkpt lat="49.35093" lon="7.93827">
        <ele>224.94725274023574</ele>
      </trkpt>
      <trkpt lat="49.35054" lon="7.9381">
        <ele>226.37111576448663</ele>
      </trkpt>
      <trkpt lat="49.35015" lon="7.93789">
        <ele>227.82264992221218</ele>
      </trkpt>
      <trkpt lat="49.3501" lon="7.93823">
        <ele>229.1118817673673</ele>
      </trkpt>
      <trkpt lat="49.35003" lon="7.93872">
        <ele>230.96735541720716</ele>
      </trkpt>
      <trkpt lat="49.35002" lon="7.9388">
        <ele>231.2686568332095</ele>
      </trkpt>
      <trkpt lat="49.34999" lon="7.93888">
        <ele>231.61008537937778</ele>
      </trkpt>
      <trkpt lat="49.34993" lon="7.93904">
        <ele>232.29294294085005</ele>
      </trkpt>
      <trkpt lat="49.34983" lon="7.9392">
        <ele>233.43966185197007</ele>
      </trkpt>
      <trkpt lat="49.34967" lon="7.93939">
        <ele>235.0455908799165</ele>
      </trkpt>
      <trkpt lat="49.3496" lon="7.93946">
        <ele>235.70882891513432</ele>
      </trkpt>
      <trkpt lat="49.34954" lon="7.9395">
        <ele>236.22814333744145</ele>
      </trkpt>
      <trkpt lat="49.34943" lon="7.93952">
        <ele>237.10752409679918</ele>
      </trkpt>
      <trkpt lat="49.34924" lon="7.93942">
        <ele>239.2038061067013</ele>
      </trkpt>
      <trkpt lat="49.34905" lon="7.9393">
        <ele>241.34805286118186</ele>
      </trkpt>
      <trkpt lat="49.34883" lon="7.93918">
        <ele>243.78476407688655</ele>
      </trkpt>
      <trkpt lat="49.34872" lon="7.93914">
        <ele>244.9645687486917</ele>
      </trkpt>
      <trkpt lat="49.34855" lon="7.93913">
        <ele>246.74010201914183</ele>
      </trkpt>
      <trkpt lat="49.34837" lon="7.93919">
        <ele>249.37415914533324</ele>
      </trkpt>
      <trkpt lat="49.3480801660413" lon="7.939379502875426">
        <ele>253.87682556208827</ele>
      </trkpt>
      <trkpt lat="49.34759" lon="7.9397">
        <ele>262.7602704646677</ele>
      </trkpt>
      <trkpt lat="49.34733" lon="7.9398">
        <ele>267.22804075632246</ele>
      </trkpt>
      <trkpt lat="49.34716" lon="7.93985">
        <ele>270.11322559278494</ele>
      </trkpt>
      <trkpt lat="49.34698" lon="7.93987">
        <ele>273.1213965320795</ele>
      </trkpt>
      <trkpt lat="49.3468" lon="7.93985">
        <ele>275.6688565576991</ele>
      </trkpt>
      <trkpt lat="49.3466" lon="7.9398">
        <ele>278.52918001892095</ele>
      </trkpt>
      <trkpt lat="49.34641" lon="7.9397">
        <ele>281.3644284770455</ele>
      </trkpt>
      <trkpt lat="49.34635731105679" lon="7.939656534273086">
        <ele>282.2070257257051</ele>
      </trkpt>
      <trkpt lat="49.34601" lon="7.93937">
        <ele>286.3668443101477</ele>
      </trkpt>
      <trkpt lat="49.34585" lon="7.93917">
        <ele>288.5430635449473</ele>
      </trkpt>
      <trkpt lat="49.34529525266662" lon="7.938399979000733">
        <ele>294.00732260738533</ele>
      </trkpt>
      <trkpt lat="49.34518" lon="7.93824">
        <ele>294.8759477750698</ele>
      </trkpt>
      <trkpt lat="49.34471" lon="7.93755">
        <ele>298.5103484036304</ele>
      </trkpt>
      <trkpt lat="49.34464616703821" lon="7.937445256473627">
        <ele>299.0316848776696</ele>
      </trkpt>
      <trkpt lat="49.34432" lon="7.93691">
        <ele>302.02297302713345</ele>
      </trkpt>
      <trkpt lat="49.344066311465234" lon="7.936392428878893">
        <ele>304.66248875042106</ele>
      </trkpt>
      <trkpt lat="49.3435260565605" lon="7.93528987351287">
        <ele>311.517629040989</ele>
      </trkpt>
      <trkpt lat="49.34309" lon="7.9344">
        <ele>318.2475094428622</ele>
      </trkpt>
      <trkpt lat="49.34296171873795" lon="7.9342198331918885">
        <ele>319.85580117575074</ele>
      </trkpt>
      <trkpt lat="49.34263022993531" lon="7.933754075720195">
        <ele>324.2059509372367</ele>
      </trkpt>
      <trkpt lat="49.34188" lon="7.9327">
        <ele>333.188468192057</ele>
      </trkpt>
      <trkpt lat="49.34178" lon="7.93245">
        <ele>334.19279046972525</ele>
      </trkpt>
      <trkpt lat="49.34174" lon="7.93181">
        <ele>336.3939460619833</ele>
      </trkpt>
      <trkpt lat="49.34177658971133" lon="7.931553851335516">
        <ele>337.29115739978494</ele>
      </trkpt>
      <trkpt lat="49.34185" lon="7.93104">
        <ele>338.1623241523023</ele>
      </trkpt>
      <trkpt lat="49.34182" lon="7.93066">
        <ele>338.79601728013796</ele>
      </trkpt>
      <trkpt lat="49.34171" lon="7.93017">
        <ele>339.65401618146063</ele>
      </trkpt>
      <trkpt lat="49.34122" lon="7.92921">
        <ele>343.4718272937551</ele>
      </trkpt>
      <trkpt lat="49.341172975372366" lon="7.92912127675148">
        <ele>343.8259967142024</ele>
      </trkpt>
      <trkpt lat="49.34060681327703" lon="7.928049845701247">
        <ele>349.8075784693962</ele>
      </trkpt>
      <trkpt lat="49.3400406412788" lon="7.926978439303852">
        <ele>354.9284011619425</ele>
      </trkpt>
      <trkpt lat="49.33955" lon="7.92605">
        <ele>357.95631346004456</ele>
      </trkpt>
      <trkpt lat="49.339150961207544" lon="7.925425789316342">
        <ele>360.3499706370114</ele>
      </trkpt>
      <trkpt lat="49.33854" lon="7.92447">
        <ele>366.16231288744115</ele>
      </trkpt>
      <trkpt lat="49.338521752871394" lon="7.924439780155426">
        <ele>366.33817887307345</ele>
      </trkpt>
      <trkpt lat="49.33791156269873" lon="7.923426936425079">
        <ele>374.5701379132482</ele>
      </trkpt>
      <trkpt lat="49.33757" lon="7.92286">
        <ele>377.87107774626946</ele>
      </trkpt>
      <trkpt lat="49.3373527316854" lon="7.922351839504324">
        <ele>380.4672216292462</ele>
      </trkpt>
      <trkpt lat="49.33698" lon="7.92148">
        <ele>380.92622840946035</ele>
      </trkpt>
      <trkpt lat="49.336837053319314" lon="7.921223547657349">
        <ele>381.0744200672751</ele>
      </trkpt>
      <trkpt lat="49.33625292258433" lon="7.920175176160489">
        <ele>377.0988847101087</ele>
      </trkpt>
      <trkpt lat="49.33586" lon="7.91947">
        <ele>374.52198668761287</ele>
      </trkpt>
      <trkpt lat="49.3357" lon="7.91923">
        <ele>374.0008557997764</ele>
      </trkpt>
      <trkpt lat="49.33562" lon="7.91916">
        <ele>373.78635706470936</ele>
      </trkpt>
      <trkpt lat="49.33524227287111" lon="7.918850272606255">
        <ele>372.78934547973597</ele>
      </trkpt>
      <trkpt lat="49.33462" lon="7.91834">
        <ele>373.2191623565164</ele>
      </trkpt>
      <trkpt lat="49.33464" lon="7.91825">
        <ele>373.4232086468106</ele>
      </trkpt>
      <trkpt lat="49.33464" lon="7.91816">
        <ele>373.6163339639827</ele>
      </trkpt>
      <trkpt lat="49.33456" lon="7.91742">
        <ele>375.2259586051032</ele>
      </trkpt>
      <trkpt lat="49.33454918520074" lon="7.917371334274873">
        <ele>375.33619949669657</ele>
      </trkpt>
      <trkpt lat="49.33452" lon="7.91724">
        <ele>376.0478132567811</ele>
      </trkpt>
      <trkpt lat="49.33434" lon="7.91667">
        <ele>379.29511348564665</ele>
      </trkpt>
      <trkpt lat="49.33418" lon="7.91589">
        <ele>383.4874344784783</ele>
      </trkpt>
      <trkpt lat="49.33417" lon="7.91572">
        <ele>384.3625296305567</ele>
      </trkpt>
      <trkpt lat="49.33421" lon="7.91547">
        <ele>385.68229124798114</ele>
      </trkpt>
      <trkpt lat="49.33427" lon="7.91529">
        <ele>387.0143163468171</ele>
      </trkpt>
      <trkpt lat="49.33434" lon="7.91512">
        <ele>388.3391750012652</ele>
      </trkpt>
      <trkpt lat="49.33442" lon="7.915">
        <ele>389.47019363603755</ele>
      </trkpt>
      <trkpt lat="49.3345" lon="7.91493">
        <ele>390.40124628227255</ele>
      </trkpt>
      <trkpt lat="49.33462" lon="7.91487">
        <ele>391.42146229237613</ele>
      </trkpt>
      <trkpt lat="49.33495809468746" lon="7.914817536843573">
        <ele>394.167786862154</ele>
      </trkpt>
      <trkpt lat="49.3352" lon="7.91478">
        <ele>395.5884440011266</ele>
      </trkpt>
      <trkpt lat="49.33535" lon="7.91473">
        <ele>396.4850480010705</ele>
      </trkpt>
      <trkpt lat="49.33548" lon="7.91466">
        <ele>397.2897853008693</ele>
      </trkpt>
      <trkpt lat="49.33556" lon="7.91457">
        <ele>397.61359616271875</ele>
      </trkpt>
      <trkpt lat="49.33562" lon="7.91445">
        <ele>397.93534500925153</ele>
      </trkpt>
      <trkpt lat="49.33566" lon="7.91431">
        <ele>398.26052010463735</ele>
      </trkpt>
      <trkpt lat="49.33567" lon="7.91415">
        <ele>398.6024317219131</ele>
      </trkpt>
      <trkpt lat="49.33541" lon="7.9131">
        <ele>398.61647237543576</ele>
      </trkpt>
      <trkpt lat="49.335358885930766" lon="7.912916859927816">
        <ele>398.6189598812958</ele>
      </trkpt>
      <trkpt lat="49.33517" lon="7.91224">
        <ele>399.70885046390475</ele>
      </trkpt>
      <trkpt lat="49.33507" lon="7.91167">
        <ele>400.58233203027754</ele>
      </trkpt>
      <trkpt lat="49.33506367595857" lon="7.911617554839966">
        <ele>400.66065100004226</ele>
      </trkpt>
      <trkpt lat="49.334982096650116" lon="7.910939345743393">
        <ele>403.5764729278346</ele>
      </trkpt>
      <trkpt lat="49.33491" lon="7.91034">
        <ele>407.4968677746461</ele>
      </trkpt>
      <trkpt lat="49.33485" lon="7.90997">
        <ele>409.94869257549703</ele>
      </trkpt>
      <trkpt lat="49.334761543315835" lon="7.909605191432555">
        <ele>412.44894487002335</ele>
      </trkpt>
      <trkpt lat="49.33445" lon="7.90832">
        <ele>420.9743746818259</ele>
      </trkpt>
      <trkpt lat="49.33443" lon="7.9081">
        <ele>422.3550054198147</ele>
      </trkpt>
      <trkpt lat="49.33445" lon="7.90789">
        <ele>423.6741062324173</ele>
      </trkpt>
      <trkpt lat="49.33451" lon="7.90771">
        <ele>424.6901400200867</ele>
      </trkpt>
      <trkpt lat="49.3346" lon="7.90754">
        <ele>425.7908472531316</ele>
      </trkpt>
      <trkpt lat="49.334864660838605" lon="7.90719594076453">
        <ele>428.465648470828</ele>
      </trkpt>
      <trkpt lat="49.3349" lon="7.90715">
        <ele>428.7804886011443</ele>
      </trkpt>
      <trkpt lat="49.33502" lon="7.9069">
        <ele>430.1554932773814</ele>
      </trkpt>
      <trkpt lat="49.33531194412996" lon="7.906007125000278">
        <ele>434.57568678779484</ele>
      </trkpt>
      <trkpt lat="49.335715156902" lon="7.904774357817498">
        <ele>440.8873762921965</ele>
      </trkpt>
      <trkpt lat="49.33606" lon="7.90372">
        <ele>447.4608426678937</ele>
      </trkpt>
      <trkpt lat="49.336121203900554" lon="7.903543098836917">
        <ele>448.57326494472466</ele>
      </trkpt>
      <trkpt lat="49.33654289463505" lon="7.902324957896232">
        <ele>456.05383323874537</ele>
      </trkpt>
      <trkpt lat="49.33669" lon="7.9019">
        <ele>457.99750466353106</ele>
      </trkpt>
      <trkpt lat="49.33713" lon="7.90053">
        <ele>464.16489970200064</ele>
      </trkpt>
      <trkpt lat="49.33726478915154" lon="7.899807872020409">
        <ele>466.9445197430681</ele>
      </trkpt>
      <trkpt lat="49.33741" lon="7.89903">
        <ele>470.57419370017146</ele>
      </trkpt>
      <trkpt lat="49.337505675506534" lon="7.898478333897596">
        <ele>473.13209535829543</ele>
      </trkpt>
      <trkpt lat="49.337736926176014" lon="7.89714536291584">
        <ele>481.4613991300081</ele>
      </trkpt>
      <trkpt lat="49.33775" lon="7.89707">
        <ele>481.9875861621793</ele>
      </trkpt>
      <trkpt lat="49.33801427497147" lon="7.895832051670862">
        <ele>490.7683045079148</ele>
      </trkpt>
      <trkpt lat="49.338294234299745" lon="7.894521249526096">
        <ele>498.795000964356</ele>
      </trkpt>
      <trkpt lat="49.33857" lon="7.89323">
        <ele>505.4428784746418</ele>
      </trkpt>
      <trkpt lat="49.33861" lon="7.89282">
        <ele>507.4704485144792</ele>
      </trkpt>
      <trkpt lat="49.3386" lon="7.8924">
        <ele>509.91909091653685</ele>
      </trkpt>
      <trkpt lat="49.33857" lon="7.89201">
        <ele>512.2070938889717</ele>
      </trkpt>
      <trkpt lat="49.33845" lon="7.89153">
        <ele>515.2024577390875</ele>
      </trkpt>
      <trkpt lat="49.33812" lon="7.89073">
        <ele>521.7591125694657</ele>
      </trkpt>
      <trkpt lat="49.338086280874926" lon="7.89065387158676">
        <ele>522.3949147734983</ele>
      </trkpt>
      <trkpt lat="49.33781" lon="7.89003">
        <ele>528.3390813412227</ele>
      </trkpt>
      <trkpt lat="49.33756054302679" lon="7.889535259834994">
        <ele>533.2649558439826</ele>
      </trkpt>
      <trkpt lat="49.33721" lon="7.88884">
        <ele>539.434788501575</ele>
      </trkpt>
      <trkpt lat="49.33703006113983" lon="7.888422543283574">
        <ele>542.9461906036582</ele>
      </trkpt>
      <trkpt lat="49.33696" lon="7.88826">
        <ele>543.8935659723816</ele>
      </trkpt>
      <trkpt lat="49.33681" lon="7.8878">
        <ele>546.3932895102855</ele>
      </trkpt>
      <trkpt lat="49.33674" lon="7.88734">
        <ele>547.4583356295105</ele>
      </trkpt>
      <trkpt lat="49.33677649427453" lon="7.8864534957282215">
        <ele>549.4605021534419</ele>
      </trkpt>
      <trkpt lat="49.33680484463985" lon="7.885765177656985">
        <ele>549.329115332085</ele>
      </trkpt>
      <trkpt lat="49.33681" lon="7.88564">
        <ele>549.1412224495623</ele>
      </trkpt>
      <trkpt lat="49.33714805482306" lon="7.884497920689473">
        <ele>547.2627696654166</ele>
      </trkpt>
      <trkpt lat="49.33718" lon="7.88439">
        <ele>546.9550377029368</ele>
      </trkpt>
      <trkpt lat="49.33723" lon="7.88394">
        <ele>545.7702822216456</ele>
      </trkpt>
      <trkpt lat="49.33718" lon="7.88345">
        <ele>544.4830724452178</ele>
      </trkpt>
      <trkpt lat="49.33705" lon="7.88311">
        <ele>543.4599614914314</ele>
      </trkpt>
      <trkpt lat="49.33687" lon="7.88288">
        <ele>542.7813457254811</ele>
      </trkpt>
      <trkpt lat="49.33639" lon="7.88282">
        <ele>541.3860412307494</ele>
      </trkpt>
      <trkpt lat="49.33591" lon="7.88289">
        <ele>541.1389476930852</ele>
      </trkpt>
      <trkpt lat="49.33581632017084" lon="7.882914981048605">
        <ele>541.0902539332186</ele>
      </trkpt>
      <trkpt lat="49.33561" lon="7.88297">
        <ele>541.4754366275946</ele>
      </trkpt>
      <trkpt lat="49.3353816376728" lon="7.883084180033944">
        <ele>541.9168799468464</ele>
      </trkpt>
      <trkpt lat="49.33507" lon="7.88324">
        <ele>543.3403591487522</ele>
      </trkpt>
      <trkpt lat="49.33452" lon="7.88354">
        <ele>545.8746307971663</ele>
      </trkpt>
      <trkpt lat="49.33425" lon="7.88362">
        <ele>547.0685310556439</ele>
      </trkpt>
      <trkpt lat="49.33406" lon="7.8836">
        <ele>547.674982625086</ele>
      </trkpt>
      <trkpt lat="49.33386" lon="7.8834">
        <ele>548.4351456289521</ele>
      </trkpt>
      <trkpt lat="49.33366" lon="7.88302">
        <ele>548.9837876588094</ele>
      </trkpt>
      <trkpt lat="49.3335" lon="7.88266">
        <ele>549.4732333869057</ele>
      </trkpt>
      <trkpt lat="49.333486898701395" lon="7.882618830053661">
        <ele>549.5245385095352</ele>
      </trkpt>
      <trkpt lat="49.33336" lon="7.88222">
        <ele>549.3997470992949</ele>
      </trkpt>
      <trkpt lat="49.33332087688833" lon="7.881980794007163">
        <ele>549.3306321279524</ele>
      </trkpt>
      <trkpt lat="49.33310236991078" lon="7.880642888863865">
        <ele>546.8180065460775</ele>
      </trkpt>
      <trkpt lat="49.33295" lon="7.87971">
        <ele>543.5786020486265</ele>
      </trkpt>
      <trkpt lat="49.33287146478786" lon="7.879309871799842">
        <ele>542.1722406332514</ele>
      </trkpt>
      <trkpt lat="49.33274" lon="7.87864">
        <ele>540.3287946498285</ele>
      </trkpt>
      <trkpt lat="49.33264" lon="7.8783">
        <ele>539.3461652680238</ele>
      </trkpt>
      <trkpt lat="49.33253" lon="7.87807">
        <ele>538.594637104519</ele>
      </trkpt>
      <trkpt lat="49.33227" lon="7.87766">
        <ele>537.4752423853196</ele>
      </trkpt>
      <trkpt lat="49.33219860817361" lon="7.8775737360985785">
        <ele>537.2026056375356</ele>
      </trkpt>
      <trkpt lat="49.33203" lon="7.87737">
        <ele>536.8414027477037</ele>
      </trkpt>
      <trkpt lat="49.33177" lon="7.87712">
        <ele>536.3251493589569</ele>
      </trkpt>
      <trkpt lat="49.33152" lon="7.87697">
        <ele>536.6743363634611</ele>
      </trkpt>
      <trkpt lat="49.33137" lon="7.87692">
        <ele>536.8740134432902</ele>
      </trkpt>
      <trkpt lat="49.33097185396775" lon="7.876803619253218">
        <ele>537.4011472893599</ele>
      </trkpt>
      <trkpt lat="49.33072" lon="7.87673">
        <ele>538.8378460431425</ele>
      </trkpt>
      <trkpt lat="49.33054" lon="7.87664">
        <ele>539.8983807882203</ele>
      </trkpt>
      <trkpt lat="49.33043" lon="7.87654">
        <ele>540.6146234041422</ele>
      </trkpt>
      <trkpt lat="49.33038" lon="7.87648">
        <ele>540.9702024015119</ele>
      </trkpt>
      <trkpt lat="49.33028" lon="7.87622">
        <ele>542.0723853933762</ele>
      </trkpt>
      <trkpt lat="49.33022" lon="7.87583">
        <ele>544.1623160818458</ele>
      </trkpt>
      <trkpt lat="49.33018" lon="7.87545">
        <ele>546.1698719776084</ele>
      </trkpt>
      <trkpt lat="49.33017" lon="7.87506">
        <ele>548.1926242023862</ele>
      </trkpt>
      <trkpt lat="49.33018569312222" lon="7.874756638312214">
        <ele>549.7669858992199</ele>
      </trkpt>
      <trkpt lat="49.33025695202611" lon="7.8733817800963495">
        <ele>554.4386355723619</ele>
      </trkpt>
      <trkpt lat="49.33027" lon="7.87313">
        <ele>554.6774180742569</ele>
      </trkpt>
      <trkpt lat="49.33027" lon="7.87279">
        <ele>554.9987507296503</ele>
      </trkpt>
      <trkpt lat="49.33026" lon="7.87252">
        <ele>555.2543384432844</ele>
      </trkpt>
      <trkpt lat="49.33021" lon="7.87227">
        <ele>555.0821571910989</ele>
      </trkpt>
      <trkpt lat="49.33015" lon="7.87205">
        <ele>554.9251326891742</ele>
      </trkpt>
      <trkpt lat="49.33006" lon="7.87188">
        <ele>554.7809228613719</ele>
      </trkpt>
      <trkpt lat="49.32997" lon="7.87175">
        <ele>554.656045655618</ele>
      </trkpt>
      <trkpt lat="49.32987" lon="7.87163">
        <ele>554.5025120424094</ele>
      </trkpt>
      <trkpt lat="49.32974" lon="7.87153">
        <ele>554.3266377859657</ele>
      </trkpt>
      <trkpt lat="49.32959" lon="7.87147">
        <ele>554.1391625833006</ele>
      </trkpt>
      <trkpt lat="49.32943" lon="7.87144">
        <ele>553.9442165393731</ele>
      </trkpt>
      <trkpt lat="49.32922" lon="7.87146">
        <ele>553.862399113716</ele>
      </trkpt>
      <trkpt lat="49.3289336517448" lon="7.87156412478472">
        <ele>553.7480268285393</ele>
      </trkpt>
      <trkpt lat="49.328496353338096" lon="7.871723144216971">
        <ele>554.0299577290806</ele>
      </trkpt>
      <trkpt lat="49.32845" lon="7.87174">
        <ele>554.0445758858639</ele>
      </trkpt>
      <trkpt lat="49.32829" lon="7.87176">
        <ele>554.0938213115938</ele>
      </trkpt>
      <trkpt lat="49.32814" lon="7.87175">
        <ele>554.1398798707647</ele>
      </trkpt>
      <trkpt lat="49.32792" lon="7.87165">
        <ele>554.2102678301701</ele>
      </trkpt>
      <trkpt lat="49.32776" lon="7.87151">
        <ele>553.9701490468245</ele>
      </trkpt>
      <trkpt lat="49.32736" lon="7.8711">
        <ele>553.3430321342664</ele>
      </trkpt>
      <trkpt lat="49.32729688372715" lon="7.870989549339392">
        <ele>553.2183338725516</ele>
      </trkpt>
      <trkpt lat="49.32712" lon="7.87068">
        <ele>552.2261185459552</ele>
      </trkpt>
      <trkpt lat="49.32679" lon="7.87006">
        <ele>550.297416377082</ele>
      </trkpt>
      <trkpt lat="49.32661" lon="7.86984">
        <ele>549.4466578312272</ele>
      </trkpt>
      <trkpt lat="49.32651" lon="7.86978">
        <ele>549.1346534532273</ele>
      </trkpt>
      <trkpt lat="49.32597" lon="7.86957">
        <ele>547.5159206006516</ele>
      </trkpt>
      <trkpt lat="49.32586204051763" lon="7.869516020292269">
        <ele>547.1860280581496</ele>
      </trkpt>
      <trkpt lat="49.32581" lon="7.86949">
        <ele>547.160648618847</ele>
      </trkpt>
      <trkpt lat="49.32566" lon="7.86938">
        <ele>547.0835837551948</ele>
      </trkpt>
      <trkpt lat="49.32531" lon="7.86902">
        <ele>546.8882613637813</ele>
      </trkpt>
      <trkpt lat="49.32511" lon="7.86886">
        <ele>546.7837076922243</ele>
      </trkpt>
      <trkpt lat="49.32499" lon="7.86881">
        <ele>546.726068123783</ele>
      </trkpt>
      <trkpt lat="49.32457" lon="7.86882">
        <ele>546.5313575839127</ele>
      </trkpt>
      <trkpt lat="49.32419" lon="7.86878">
        <ele>546.3547980368658</ele>
      </trkpt>
      <trkpt lat="49.32387" lon="7.86871">
        <ele>545.5514133314481</ele>
      </trkpt>
      <trkpt lat="49.32373" lon="7.86866">
        <ele>545.1895918066173</ele>
      </trkpt>
      <trkpt lat="49.3236" lon="7.86856">
        <ele>544.8235381376863</ele>
      </trkpt>
      <trkpt lat="49.32346" lon="7.86842">
        <ele>544.4028922487082</ele>
      </trkpt>
      <trkpt lat="49.32335" lon="7.86825">
        <ele>544.0098831441511</ele>
      </trkpt>
      <trkpt lat="49.32291580263969" lon="7.86709666958126">
        <ele>541.321912731222</ele>
      </trkpt>
      <trkpt lat="49.322466349222715" lon="7.865902468023628">
        <ele>540.4434499209092</ele>
      </trkpt>
      <trkpt lat="49.32201" lon="7.86469">
        <ele>542.8290902201214</ele>
      </trkpt>
      <trkpt lat="49.32179223590065" lon="7.863372702054316">
        <ele>547.5398994076718</ele>
      </trkpt>
      <trkpt lat="49.321571369308586" lon="7.862036022672441">
        <ele>552.8273559372253</ele>
      </trkpt>
      <trkpt lat="49.32142" lon="7.86112">
        <ele>554.7546140634481</ele>
      </trkpt>
      <trkpt lat="49.321394111374765" lon="7.860687286059038">
        <ele>555.6396299186897</ele>
      </trkpt>
      <trkpt lat="49.32131" lon="7.85928">
        <ele>556.4669916013297</ele>
      </trkpt>
      <trkpt lat="49.32122" lon="7.85899">
        <ele>556.7830884046476</ele>
      </trkpt>
      <trkpt lat="49.32113" lon="7.85876">
        <ele>557.0470951574214</ele>
      </trkpt>
      <trkpt lat="49.32092" lon="7.85842">
        <ele>557.5080636458978</ele>
      </trkpt>
      <trkpt lat="49.32065" lon="7.85814">
        <ele>558.2478875929559</ele>
      </trkpt>
      <trkpt lat="49.32036" lon="7.85798">
        <ele>558.9474950936697</ele>
      </trkpt>
      <trkpt lat="49.31982" lon="7.85777">
        <ele>560.9922251113956</ele>
      </trkpt>
      <trkpt lat="49.31905" lon="7.85752">
        <ele>563.8864796322869</ele>
      </trkpt>
      <trkpt lat="49.31860135623291" lon="7.857388045977186">
        <ele>565.8898536056583</ele>
      </trkpt>
      <trkpt lat="49.31854" lon="7.85737">
        <ele>566.0996979958978</ele>
      </trkpt>
      <trkpt lat="49.31833" lon="7.85737">
        <ele>566.80485062566</ele>
      </trkpt>
      <trkpt lat="49.31779" lon="7.85744">
        <ele>568.6245623030284</ele>
      </trkpt>
      <trkpt lat="49.3177" lon="7.85741">
        <ele>568.8028237172842</ele>
      </trkpt>
      <trkpt lat="49.31759" lon="7.85735">
        <ele>569.0287885763909</ele>
      </trkpt>
      <trkpt lat="49.3174" lon="7.85717">
        <ele>569.4610106921442</ele>
      </trkpt>
      <trkpt lat="49.317318696804804" lon="7.857075147302279">
        <ele>569.6585905584499</ele>
      </trkpt>
      <trkpt lat="49.31716" lon="7.85689">
        <ele>569.265944844376</ele>
      </trkpt>
      <trkpt lat="49.31673" lon="7.85625">
        <ele>568.0864136000839</ele>
      </trkpt>
      <trkpt lat="49.3166597387429" lon="7.856139141040559">
        <ele>567.8884845925332</ele>
      </trkpt>
      <trkpt lat="49.31609" lon="7.85524">
        <ele>561.9933379906901</ele>
      </trkpt>
      <trkpt lat="49.31596" lon="7.8551">
        <ele>560.848165493041</ele>
      </trkpt>
      <trkpt lat="49.31581" lon="7.85502">
        <ele>559.7032063760964</ele>
      </trkpt>
      <trkpt lat="49.31556" lon="7.85498">
        <ele>558.5505633848176</ele>
      </trkpt>
      <trkpt lat="49.31532" lon="7.85498">
        <ele>557.449996463226</ele>
      </trkpt>
      <trkpt lat="49.31516" lon="7.85504">
        <ele>556.6946795191293</ele>
      </trkpt>
      <trkpt lat="49.31472" lon="7.85529">
        <ele>556.6102842200037</ele>
      </trkpt>
      <trkpt lat="49.31421" lon="7.85433">
        <ele>560.8053433785287</ele>
      </trkpt>
      <trkpt lat="49.31417226499899" lon="7.8542234589999245">
        <ele>561.2156265637237</ele>
      </trkpt>
      <trkpt lat="49.31404" lon="7.85385">
        <ele>563.182327451473</ele>
      </trkpt>
      <trkpt lat="49.31371402000541" lon="7.853036576539051">
        <ele>567.5956483424146</ele>
      </trkpt>
      <trkpt lat="49.31324341385754" lon="7.8518619312674">
        <ele>569.0781432686063</ele>
      </trkpt>
      <trkpt lat="49.31285" lon="7.85088">
        <ele>566.2977581589308</ele>
      </trkpt>
      <trkpt lat="49.31277799609591" lon="7.850682039377264">
        <ele>565.7521376252287</ele>
      </trkpt>
      <trkpt lat="49.31234016810284" lon="7.84947796277225">
        <ele>560.1491947077639</ele>
      </trkpt>
      <trkpt lat="49.31233" lon="7.84945">
        <ele>560.0282483828769</ele>
      </trkpt>
      <trkpt lat="49.31192" lon="7.84837">
        <ele>555.308851080699</ele>
      </trkpt>
      <trkpt lat="49.311543329147405" lon="7.847834934153706">
        <ele>552.5554917480999</ele>
      </trkpt>
      <trkpt lat="49.31066" lon="7.84658">
        <ele>547.1931488718517</ele>
      </trkpt>
      <trkpt lat="49.31055" lon="7.84596">
        <ele>546.0029587931174</ele>
      </trkpt>
      <trkpt lat="49.31061807498185" lon="7.845712381765474">
        <ele>545.5060378628442</ele>
      </trkpt>
      <trkpt lat="49.31079274767538" lon="7.845077252235253">
        <ele>544.4958773674484</ele>
      </trkpt>
      <trkpt lat="49.31099" lon="7.84436">
        <ele>543.1019586948511</ele>
      </trkpt>
      <trkpt lat="49.31106" lon="7.84403">
        <ele>542.4807589985289</ele>
      </trkpt>
      <trkpt lat="49.31109" lon="7.84376">
        <ele>541.990475028467</ele>
      </trkpt>
      <trkpt lat="49.31109" lon="7.84342">
        <ele>540.7982930945676</ele>
      </trkpt>
      <trkpt lat="49.310938794864676" lon="7.842427820702633">
        <ele>537.2267608676968</ele>
      </trkpt>
      <trkpt lat="49.31077" lon="7.84132">
        <ele>533.0469477974991</ele>
      </trkpt>
      <trkpt lat="49.31077" lon="7.84083">
        <ele>532.1792782411891</ele>
      </trkpt>
      <trkpt lat="49.31083503535115" lon="7.840400760666048">
        <ele>531.3990775824346</ele>
      </trkpt>
      <trkpt lat="49.31087" lon="7.84017">
        <ele>531.5520981107335</ele>
      </trkpt>
      <trkpt lat="49.31096403978714" lon="7.839740936961804">
        <ele>531.8443144889692</ele>
      </trkpt>
      <trkpt lat="49.31103" lon="7.83944">
        <ele>532.4773950338881</ele>
      </trkpt>
      <trkpt lat="49.31112" lon="7.8389">
        <ele>533.588446610653</ele>
      </trkpt>
      <trkpt lat="49.31112" lon="7.83852">
        <ele>534.6426502920425</ele>
      </trkpt>
      <trkpt lat="49.31093" lon="7.83732">
        <ele>538.0684906223998</ele>
      </trkpt>
      <trkpt lat="49.31093" lon="7.83713">
        <ele>538.1445926108652</ele>
      </trkpt>
      <trkpt lat="49.311" lon="7.83686">
        <ele>538.2609746518796</ele>
      </trkpt>
      <trkpt lat="49.31122" lon="7.83641">
        <ele>538.4862633860483</ele>
      </trkpt>
      <trkpt lat="49.31152" lon="7.83609">
        <ele>538.7107574086671</ele>
      </trkpt>
      <trkpt lat="49.31197" lon="7.83634">
        <ele>538.3717185799934</ele>
      </trkpt>
      <trkpt lat="49.3127" lon="7.83664">
        <ele>538.5300308978127</ele>
      </trkpt>
      <trkpt lat="49.31314" lon="7.83677">
        <ele>538.6238955446989</ele>
      </trkpt>
      <trkpt lat="49.31337" lon="7.83698">
        <ele>539.3728057046408</ele>
      </trkpt>
      <trkpt lat="49.31356134205678" lon="7.837385908326828">
        <ele>540.285784379085</ele>
      </trkpt>
      <trkpt lat="49.31403" lon="7.83838">
        <ele>543.067726825032</ele>
      </trkpt>
      <trkpt lat="49.31418" lon="7.8386">
        <ele>543.7893875092414</ele>
      </trkpt>
      <trkpt lat="49.31442" lon="7.83879">
        <ele>543.9511092420629</ele>
      </trkpt>
      <trkpt lat="49.31474" lon="7.83886">
        <ele>544.1446628170607</ele>
      </trkpt>
      <trkpt lat="49.31501" lon="7.83879">
        <ele>544.3086308656622</ele>
      </trkpt>
      <trkpt lat="49.31576990353023" lon="7.8383064240301">
        <ele>542.3334692490016</ele>
      </trkpt>
      <trkpt lat="49.316" lon="7.83816">
        <ele>541.5709128030264</ele>
      </trkpt>
      <trkpt lat="49.31659522346825" lon="7.837757961093527">
        <ele>539.5820571520755</ele>
      </trkpt>
      <trkpt lat="49.3174178526843" lon="7.837202387797134">
        <ele>538.7562569895904</ele>
      </trkpt>
      <trkpt lat="49.31791" lon="7.83687">
        <ele>539.2938228566679</ele>
      </trkpt>
      <trkpt lat="49.318245626457696" lon="7.836664183504292">
        <ele>539.6548014490647</ele>
      </trkpt>
      <trkpt lat="49.31897" lon="7.83622">
        <ele>540.9317294109046</ele>
      </trkpt>
      <trkpt lat="49.31947" lon="7.836">
        <ele>541.9185749268304</ele>
      </trkpt>
      <trkpt lat="49.31951735762997" lon="7.835984059095593">
        <ele>542.0099356140158</ele>
      </trkpt>
      <trkpt lat="49.31995633662158" lon="7.8358363702395355">
        <ele>542.9887092231143</ele>
      </trkpt>
      <trkpt lat="49.32054" lon="7.83564">
        <ele>544.4732908519183</ele>
      </trkpt>
      <trkpt lat="49.320833547042575" lon="7.8355324131458985">
        <ele>545.2218451198675</ele>
      </trkpt>
      <trkpt lat="49.32170777676841" lon="7.8352120553127">
        <ele>546.2962963060442</ele>
      </trkpt>
      <trkpt lat="49.32215" lon="7.83505">
        <ele>544.6496586811044</ele>
      </trkpt>
      <trkpt lat="49.32257761858725" lon="7.834864076487964">
        <ele>543.0410660088113</ele>
      </trkpt>
      <trkpt lat="49.32307" lon="7.83465">
        <ele>539.8281056180878</ele>
      </trkpt>
      <trkpt lat="49.32337" lon="7.83447">
        <ele>537.8063990707103</ele>
      </trkpt>
      <trkpt lat="49.32382220877787" lon="7.834091524778756">
        <ele>534.989688103085</ele>
      </trkpt>
      <trkpt lat="49.32461129706951" lon="7.8334312187123905">
        <ele>532.4067915344899</ele>
      </trkpt>
      <trkpt lat="49.32527" lon="7.83288">
        <ele>531.5050358119387</ele>
      </trkpt>
      <trkpt lat="49.32555" lon="7.83263">
        <ele>531.1158084330834</ele>
      </trkpt>
      <trkpt lat="49.32615409937495" lon="7.832018347720146">
        <ele>530.069198981377</ele>
      </trkpt>
      <trkpt lat="49.32635" lon="7.83182">
        <ele>530.0015588895426</ele>
      </trkpt>
      <trkpt lat="49.32689900688907" lon="7.831245747338779">
        <ele>529.8101708793043</ele>
      </trkpt>
      <trkpt lat="49.32722" lon="7.83091">
        <ele>530.0267381482973</ele>
      </trkpt>
      <trkpt lat="49.32761364467105" lon="7.8304099425354">
        <ele>530.3112368330593</ele>
      </trkpt>
      <trkpt lat="49.328306048393" lon="7.829530568839168">
        <ele>528.7393080859146</ele>
      </trkpt>
      <trkpt lat="49.32865224775214" lon="7.829090872715505">
        <ele>527.0956799394042</ele>
      </trkpt>
      <trkpt lat="49.32896" lon="7.8287">
        <ele>524.8004527618342</ele>
      </trkpt>
      <trkpt lat="49.32939322195356" lon="7.828318012837081">
        <ele>521.9317692433624</ele>
      </trkpt>
      <trkpt lat="49.32989" lon="7.82788">
        <ele>517.6376339888017</ele>
      </trkpt>
      <trkpt lat="49.33013" lon="7.8277">
        <ele>515.6361538067039</ele>
      </trkpt>
      <trkpt lat="49.33031" lon="7.82764">
        <ele>514.1220972602146</ele>
      </trkpt>
      <trkpt lat="49.33053" lon="7.82768">
        <ele>512.3011094734023</ele>
      </trkpt>
      <trkpt lat="49.33081" lon="7.8279">
        <ele>509.71541575082085</ele>
      </trkpt>
      <trkpt lat="49.331338967958395" lon="7.828573233312674">
        <ele>503.9520794799873</ele>
      </trkpt>
      <trkpt lat="49.33147" lon="7.82874">
        <ele>502.83693403495005</ele>
      </trkpt>
      <trkpt lat="49.33209" lon="7.82947">
        <ele>497.7193956219011</ele>
      </trkpt>
      <trkpt lat="49.33237" lon="7.82956">
        <ele>495.8460210071561</ele>
      </trkpt>
      <trkpt lat="49.33263" lon="7.82954">
        <ele>494.9859237928437</ele>
      </trkpt>
      <trkpt lat="49.3329" lon="7.82937">
        <ele>494.0216954960305</ele>
      </trkpt>
      <trkpt lat="49.33357" lon="7.82871">
        <ele>492.70451815372684</ele>
      </trkpt>
      <trkpt lat="49.33366032580407" lon="7.828610082805656">
        <ele>492.52257491204193</ele>
      </trkpt>
      <trkpt lat="49.33402490892517" lon="7.828206841177819">
        <ele>491.77002588506485</ele>
      </trkpt>
      <trkpt lat="49.33423" lon="7.82798">
        <ele>490.587012988155</ele>
      </trkpt>
      <trkpt lat="49.3345" lon="7.82764">
        <ele>488.95314481183857</ele>
      </trkpt>
      <trkpt lat="49.3347718001882" lon="7.827456351030637">
        <ele>487.56403849020336</ele>
      </trkpt>
      <trkpt lat="49.33487" lon="7.82739">
        <ele>486.5815580999431</ele>
      </trkpt>
      <trkpt lat="49.33562" lon="7.82702">
        <ele>479.37019884882454</ele>
      </trkpt>
      <trkpt lat="49.33591" lon="7.82695">
        <ele>476.69330238582825</ele>
      </trkpt>
      <trkpt lat="49.33606967530703" lon="7.826933622934223">
        <ele>475.234704384227</ele>
      </trkpt>
      <trkpt lat="49.3363" lon="7.82691">
        <ele>473.2162764383987</ele>
      </trkpt>
      <trkpt lat="49.33651586686889" lon="7.826963966982422">
        <ele>471.3051007001784</ele>
      </trkpt>
      <trkpt lat="49.33674" lon="7.82702">
        <ele>469.69798247459005</ele>
      </trkpt>
      <trkpt lat="49.33715" lon="7.82716">
        <ele>466.72635382269806</ele>
      </trkpt>
      <trkpt lat="49.337401385280295" lon="7.827191425462681">
        <ele>464.9440603383658</ele>
      </trkpt>
      <trkpt lat="49.33835" lon="7.82731">
        <ele>456.2618036849541</ele>
      </trkpt>
      <trkpt lat="49.33856" lon="7.8274">
        <ele>453.30720363978725</ele>
      </trkpt>
      <trkpt lat="49.33884" lon="7.82759">
        <ele>449.1585660718404</ele>
      </trkpt>
      <trkpt lat="49.3392" lon="7.82795">
        <ele>443.3359738997278</ele>
      </trkpt>
      <trkpt lat="49.33942" lon="7.82825">
        <ele>439.9247220484386</ele>
      </trkpt>
      <trkpt lat="49.33968007889185" lon="7.828900197652471">
        <ele>434.1626885803622</ele>
      </trkpt>
      <trkpt lat="49.3397" lon="7.82895">
        <ele>433.8366496937486</ele>
      </trkpt>
      <trkpt lat="49.33982" lon="7.82917">
        <ele>432.2364146440969</ele>
      </trkpt>
      <trkpt lat="49.34011" lon="7.82955">
        <ele>428.97233682926407</ele>
      </trkpt>
      <trkpt lat="49.34032234932255" lon="7.829859424755389">
        <ele>426.4663807554664</ele>
      </trkpt>
      <trkpt lat="49.34046" lon="7.83006">
        <ele>425.14152425797926</ele>
      </trkpt>
      <trkpt lat="49.34065" lon="7.83044">
        <ele>422.9637952563038</ele>
      </trkpt>
      <trkpt lat="49.34076" lon="7.83084">
        <ele>421.0418694692887</ele>
      </trkpt>
      <trkpt lat="49.34083" lon="7.83123">
        <ele>419.2511589249426</ele>
      </trkpt>
      <trkpt lat="49.340854497476855" lon="7.8316893522440045">
        <ele>417.2113626288352</ele>
      </trkpt>
      <trkpt lat="49.34087" lon="7.83198">
        <ele>415.7509231130488</ele>
      </trkpt>
      <trkpt lat="49.340943788939065" lon="7.83236198256952">
        <ele>413.75708506968533</ele>
      </trkpt>
      <trkpt lat="49.34104" lon="7.83286">
        <ele>410.9298496674791</ele>
      </trkpt>
      <trkpt lat="49.3411" lon="7.83357">
        <ele>407.03434234238443</ele>
      </trkpt>
      <trkpt lat="49.341127526453526" lon="7.8337085807753155">
        <ele>406.24877385362817</ele>
      </trkpt>
      <trkpt lat="49.34143" lon="7.83523">
        <ele>396.8470393380503</ele>
      </trkpt>
      <trkpt lat="49.341710445259565" lon="7.8363167420947955">
        <ele>390.40758984753666</ele>
      </trkpt>
      <trkpt lat="49.34183" lon="7.83678">
        <ele>388.0417447489751</ele>
      </trkpt>
      <trkpt lat="49.34198348776552" lon="7.837629703844139">
        <ele>383.85751600316945</ele>
      </trkpt>
      <trkpt lat="49.34211" lon="7.83833">
        <ele>380.8409241932518</ele>
      </trkpt>
      <trkpt lat="49.342282446904264" lon="7.838927286667133">
        <ele>378.1311060214925</ele>
      </trkpt>
      <trkpt lat="49.34252" lon="7.83975">
        <ele>374.9211060796062</ele>
      </trkpt>
      <trkpt lat="49.34271" lon="7.84016">
        <ele>373.12694398647704</ele>
      </trkpt>
      <trkpt lat="49.3429" lon="7.84048">
        <ele>372.2594736544369</ele>
      </trkpt>
      <trkpt lat="49.34313" lon="7.84081">
        <ele>371.29123838080903</ele>
      </trkpt>
      <trkpt lat="49.34335442222125" lon="7.841084806064082">
        <ele>370.40867731257936</ele>
      </trkpt>
      <trkpt lat="49.34362" lon="7.84141">
        <ele>370.1374967905127</ele>
      </trkpt>
      <trkpt lat="49.343973926270145" lon="7.842074691666697">
        <ele>369.69123028349185</ele>
      </trkpt>
      <trkpt lat="49.34403" lon="7.84218">
        <ele>369.58537916881943</ele>
      </trkpt>
      <trkpt lat="49.34417" lon="7.84241">
        <ele>369.34048053774677</ele>
      </trkpt>
      <trkpt lat="49.34452" lon="7.84283">
        <ele>368.80992956801936</ele>
      </trkpt>
      <trkpt lat="49.34503782176704" lon="7.84332711081832">
        <ele>367.4200946889415</ele>
      </trkpt>
      <trkpt lat="49.34527" lon="7.84355">
        <ele>366.6348817238989</ele>
      </trkpt>
      <trkpt lat="49.34565" lon="7.84374">
        <ele>365.48930865460113</ele>
      </trkpt>
      <trkpt lat="49.34586707949872" lon="7.84383453620412">
        <ele>364.8428852819666</ele>
      </trkpt>
      <trkpt lat="49.34627" lon="7.84401">
        <ele>363.8879290498825</ele>
      </trkpt>
      <trkpt lat="49.346299215838876" lon="7.844024609642165">
        <ele>363.81818424913854</ele>
      </trkpt>
      <trkpt lat="49.34669" lon="7.84422">
        <ele>363.0283705793886</ele>
      </trkpt>
      <trkpt lat="49.34685" lon="7.84436">
        <ele>362.6745582961468</ele>
      </trkpt>
      <trkpt lat="49.34696" lon="7.84449">
        <ele>362.4078571378326</ele>
      </trkpt>
      <trkpt lat="49.34705" lon="7.84464">
        <ele>362.22041258903164</ele>
      </trkpt>
      <trkpt lat="49.34731615907813" lon="7.845256372012886">
        <ele>361.5407858283419</ele>
      </trkpt>
      <trkpt lat="49.34743" lon="7.84552">
        <ele>361.1719184484668</ele>
      </trkpt>
      <trkpt lat="49.347829194568845" lon="7.8463896801962925">
        <ele>359.93172653665266</ele>
      </trkpt>
      <trkpt lat="49.34799" lon="7.84674">
        <ele>359.2570826627737</ele>
      </trkpt>
      <trkpt lat="49.34811117783707" lon="7.846924879382162">
        <ele>358.84572758953493</ele>
      </trkpt>
      <trkpt lat="49.34874887870213" lon="7.8478971891287514">
        <ele>355.70476668176633</ele>
      </trkpt>
      <trkpt lat="49.3494" lon="7.84889">
        <ele>351.611882721307</ele>
      </trkpt>
      <trkpt lat="49.34954" lon="7.84919">
        <ele>350.5400905822921</ele>
      </trkpt>
      <trkpt lat="49.349633436727885" lon="7.850161902836075">
        <ele>348.3837911309693</ele>
      </trkpt>
      <trkpt lat="49.34974" lon="7.85127">
        <ele>346.3506438119247</ele>
      </trkpt>
      <trkpt lat="49.34978071248142" lon="7.851522521701835">
        <ele>345.87936358144543</ele>
      </trkpt>
      <trkpt lat="49.34999" lon="7.85282">
        <ele>342.61213660112674</ele>
      </trkpt>
      <trkpt lat="49.35" lon="7.85305">
        <ele>342.0488706340973</ele>
      </trkpt>
      <trkpt lat="49.34997" lon="7.8533">
        <ele>341.2443750399394</ele>
      </trkpt>
      <trkpt lat="49.34974048740647" lon="7.854170350009463">
        <ele>338.2740442637947</ele>
      </trkpt>
      <trkpt lat="49.34944" lon="7.85531">
        <ele>334.6351329123278</ele>
      </trkpt>
      <trkpt lat="49.34943" lon="7.85551">
        <ele>334.3621607404563</ele>
      </trkpt>
      <trkpt lat="49.349456294489535" lon="7.856148888296994">
        <ele>333.49144520957225</ele>
      </trkpt>
      <trkpt lat="49.3495" lon="7.85721">
        <ele>333.6908971279756</ele>
      </trkpt>
      <trkpt lat="49.34948161167253" lon="7.857525573407867">
        <ele>333.7502711439525</ele>
      </trkpt>
      <trkpt lat="49.34944" lon="7.85824">
        <ele>334.2786812591883</ele>
      </trkpt>
      <trkpt lat="49.349551830721616" lon="7.859582196428715">
        <ele>333.45706518432485</ele>
      </trkpt>
      <trkpt lat="49.34965" lon="7.86076">
        <ele>330.05305791762163</ele>
      </trkpt>
      <trkpt lat="49.34968580495914" lon="7.860944546649225">
        <ele>329.50167126390335</ele>
      </trkpt>
      <trkpt lat="49.34978" lon="7.86143">
        <ele>327.95159902423154</ele>
      </trkpt>
      <trkpt lat="49.34983771058091" lon="7.862299524003632">
        <ele>325.2794014992923</ele>
      </trkpt>
      <trkpt lat="49.349928889285216" lon="7.863672157018335">
        <ele>322.12835921447896</ele>
      </trkpt>
      <trkpt lat="49.34995" lon="7.86399">
        <ele>321.34679805844866</ele>
      </trkpt>
      <trkpt lat="49.35002" lon="7.86496">
        <ele>318.96015057165647</ele>
      </trkpt>
      <trkpt lat="49.35017718253041" lon="7.865696279407505">
        <ele>316.74750649873044</ele>
      </trkpt>
      <trkpt lat="49.35021" lon="7.86585">
        <ele>316.1398581833366</ele>
      </trkpt>
      <trkpt lat="49.35035" lon="7.8664">
        <ele>313.92243519515154</ele>
      </trkpt>
      <trkpt lat="49.35046091661046" lon="7.867004927723397">
        <ele>311.5646251444889</ele>
      </trkpt>
      <trkpt lat="49.35077" lon="7.86869">
        <ele>303.69285455621184</ele>
      </trkpt>
      <trkpt lat="49.35078" lon="7.86897">
        <ele>302.43230994790883</ele>
      </trkpt>
      <trkpt lat="49.35076" lon="7.86923">
        <ele>301.75094003610866</ele>
      </trkpt>
      <trkpt lat="49.35072" lon="7.86941">
        <ele>301.2559691627602</ele>
      </trkpt>
      <trkpt lat="49.35066" lon="7.86956">
        <ele>300.7978610729619</ele>
      </trkpt>
      <trkpt lat="49.35060929315298" lon="7.869624406822083">
        <ele>300.5354401917435</ele>
      </trkpt>
      <trkpt lat="49.35029" lon="7.87003">
        <ele>299.711020466834</ele>
      </trkpt>
      <trkpt lat="49.350264941330394" lon="7.8700675871750025">
        <ele>299.64144847672253</ele>
      </trkpt>
      <trkpt lat="49.35015" lon="7.87024">
        <ele>299.6614675426536</ele>
      </trkpt>
      <trkpt lat="49.35003" lon="7.87046">
        <ele>299.6847449325087</ele>
      </trkpt>
      <trkpt lat="49.34989" lon="7.87085">
        <ele>299.72086886925547</ele>
      </trkpt>
      <trkpt lat="49.34987" lon="7.87106">
        <ele>300.1829053707663</ele>
      </trkpt>
      <trkpt lat="49.349911749529696" lon="7.871936759347044">
        <ele>302.09661143511005</ele>
      </trkpt>
      <trkpt lat="49.34992" lon="7.87211">
        <ele>302.45096654399015</ele>
      </trkpt>
      <trkpt lat="49.34993007966584" lon="7.873316699641145">
        <ele>304.91131260470775</ele>
      </trkpt>
      <trkpt lat="49.349935864309835" lon="7.87400651847736">
        <ele>305.59159365967906</ele>
      </trkpt>
      <trkpt lat="49.34994" lon="7.8745">
        <ele>305.62286031362316</ele>
      </trkpt>
      <trkpt lat="49.34994" lon="7.8748">
        <ele>305.6418605716215</ele>
      </trkpt>
      <trkpt lat="49.34997" lon="7.87502">
        <ele>305.6560960862901</ele>
      </trkpt>
      <trkpt lat="49.35001" lon="7.87522">
        <ele>305.66934644233675</ele>
      </trkpt>
      <trkpt lat="49.35008" lon="7.87544">
        <ele>305.5644963813364</ele>
      </trkpt>
      <trkpt lat="49.35018" lon="7.87566">
        <ele>305.4496162485619</ele>
      </trkpt>
      <trkpt lat="49.35034070172525" lon="7.875878554895514">
        <ele>305.3085030243425</ele>
      </trkpt>
      <trkpt lat="49.35043" lon="7.876">
        <ele>305.3457860806788</ele>
      </trkpt>
      <trkpt lat="49.35082" lon="7.87647">
        <ele>305.5006865991553</ele>
      </trkpt>
      <trkpt lat="49.3510548025224" lon="7.876715736475109">
        <ele>305.5893927763375</ele>
      </trkpt>
      <trkpt lat="49.35142613847997" lon="7.8771043337361935">
        <ele>306.3257934753585</ele>
      </trkpt>
      <trkpt lat="49.35168" lon="7.87737">
        <ele>307.28103095156024</ele>
      </trkpt>
      <trkpt lat="49.35189" lon="7.87766">
        <ele>308.1589731289744</ele>
      </trkpt>
      <trkpt lat="49.352" lon="7.87787">
        <ele>308.7045659835992</ele>
      </trkpt>
      <trkpt lat="49.35208" lon="7.8781">
        <ele>309.2324671777259</ele>
      </trkpt>
      <trkpt lat="49.35213" lon="7.87835">
        <ele>309.8434386777494</ele>
      </trkpt>
      <trkpt lat="49.35216" lon="7.87858">
        <ele>310.39144224243654</ele>
      </trkpt>
      <trkpt lat="49.35216" lon="7.87881">
        <ele>310.92877947584725</ele>
      </trkpt>
      <trkpt lat="49.35214" lon="7.87903">
        <ele>311.4477353749398</ele>
      </trkpt>
      <trkpt lat="49.35208" lon="7.87927">
        <ele>312.0483105416036</ele>
      </trkpt>
      <trkpt lat="49.35204321515916" lon="7.879375734218607">
        <ele>312.3276776094022</ele>
      </trkpt>
      <trkpt lat="49.35176" lon="7.88019">
        <ele>313.57012240881915</ele>
      </trkpt>
      <trkpt lat="49.3517" lon="7.88042">
        <ele>313.90349910423424</ele>
      </trkpt>
      <trkpt lat="49.351678059825446" lon="7.880626751674309">
        <ele>314.18489040520245</ele>
      </trkpt>
      <trkpt lat="49.35156" lon="7.88174">
        <ele>313.45903537013623</ele>
      </trkpt>
      <trkpt lat="49.35157" lon="7.88199">
        <ele>312.5559211563706</ele>
      </trkpt>
      <trkpt lat="49.3516" lon="7.88224">
        <ele>311.63933800368596</ele>
      </trkpt>
      <trkpt lat="49.35166" lon="7.88248">
        <ele>310.71243954748076</ele>
      </trkpt>
      <trkpt lat="49.35174" lon="7.88269">
        <ele>309.8352772834674</ele>
      </trkpt>
      <trkpt lat="49.35186" lon="7.88288">
        <ele>308.88107277771076</ele>
      </trkpt>
      <trkpt lat="49.352382407369795" lon="7.8835622091194555">
        <ele>302.65314422262844</ele>
      </trkpt>
      <trkpt lat="49.35271" lon="7.88399">
        <ele>298.00643842297904</ele>
      </trkpt>
      <trkpt lat="49.3531" lon="7.88449">
        <ele>292.5183813225425</ele>
      </trkpt>
      <trkpt lat="49.35333" lon="7.88472">
        <ele>289.55363075691076</ele>
      </trkpt>
      <trkpt lat="49.35353" lon="7.88478">
        <ele>288.1764266532858</ele>
      </trkpt>
      <trkpt lat="49.35364" lon="7.88475">
        <ele>287.42138611104974</ele>
      </trkpt>
      <trkpt lat="49.35387571924664" lon="7.884547549718939">
        <ele>285.5974906193335</ele>
      </trkpt>
      <trkpt lat="49.354267931665916" lon="7.884210715998997">
        <ele>283.04534115613285</ele>
      </trkpt>
      <trkpt lat="49.35449" lon="7.88402">
        <ele>282.10420773556075</ele>
      </trkpt>
      <trkpt lat="49.35473" lon="7.88385">
        <ele>281.1269132549661</ele>
      </trkpt>
      <trkpt lat="49.35487" lon="7.88379">
        <ele>280.5894752761688</ele>
      </trkpt>
      <trkpt lat="49.35498" lon="7.88378">
        <ele>280.18204080535895</ele>
      </trkpt>
      <trkpt lat="49.3551" lon="7.8838">
        <ele>279.9455094276794</ele>
      </trkpt>
      <trkpt lat="49.35521" lon="7.88387">
        <ele>279.7121713135039</ele>
      </trkpt>
      <trkpt lat="49.35531" lon="7.88399">
        <ele>279.4634540977599</ele>
      </trkpt>
      <trkpt lat="49.3554" lon="7.88416">
        <ele>279.183833388949</ele>
      </trkpt>
      <trkpt lat="49.35547" lon="7.88434">
        <ele>279.2010647682982</ele>
      </trkpt>
      <trkpt lat="49.35561651912043" lon="7.884874797844903">
        <ele>279.2487469856503</ele>
      </trkpt>
      <trkpt lat="49.35567" lon="7.88507">
        <ele>279.494752098941</ele>
      </trkpt>
      <trkpt lat="49.35577" lon="7.88557">
        <ele>280.1021631665938</ele>
      </trkpt>
      <trkpt lat="49.35571" lon="7.88626">
        <ele>282.27017136732354</ele>
      </trkpt>
      <trkpt lat="49.3557" lon="7.88673">
        <ele>283.73472610143045</ele>
      </trkpt>
      <trkpt lat="49.35570583004106" lon="7.886899077416174">
        <ele>284.26192192713626</ele>
      </trkpt>
      <trkpt lat="49.35571" lon="7.88702">
        <ele>284.64344252705405</ele>
      </trkpt>
      <trkpt lat="49.35582641889939" lon="7.888266893603625">
        <ele>288.6095741527863</ele>
      </trkpt>
      <trkpt lat="49.35595" lon="7.88959">
        <ele>289.93589537534484</ele>
      </trkpt>
      <trkpt lat="49.35597" lon="7.8902">
        <ele>290.5417613294956</ele>
      </trkpt>
      <trkpt lat="49.35594" lon="7.89095">
        <ele>290.3003138032186</ele>
      </trkpt>
      <trkpt lat="49.355934526821066" lon="7.8910110789832295">
        <ele>290.2805647586596</ele>
      </trkpt>
      <trkpt lat="49.35588" lon="7.89162">
        <ele>289.45988814710296</ele>
      </trkpt>
      <trkpt lat="49.35577083391076" lon="7.892367278905037">
        <ele>288.43810032512346</ele>
      </trkpt>
      <trkpt lat="49.35562" lon="7.8934">
        <ele>286.16683025704594</ele>
      </trkpt>
      <trkpt lat="49.3556" lon="7.89368">
        <ele>285.5625317454902</ele>
      </trkpt>
      <trkpt lat="49.35559962685774" lon="7.893720302339078">
        <ele>285.47678093088587</ele>
      </trkpt>
      <trkpt lat="49.35559" lon="7.89479">
        <ele>285.49496280956527</ele>
      </trkpt>
      <trkpt lat="49.35556" lon="7.89505">
        <ele>285.49944905240267</ele>
      </trkpt>
      <trkpt lat="49.35555356263231" lon="7.895095423618885">
        <ele>285.5002333297714</ele>
      </trkpt>
      <trkpt lat="49.355458160281486" lon="7.895769652484708">
        <ele>286.6013299885719</ele>
      </trkpt>
      <trkpt lat="49.35541" lon="7.89611">
        <ele>287.0038347584583</ele>
      </trkpt>
      <trkpt lat="49.3554" lon="7.89634">
        <ele>287.27014756557486</ele>
      </trkpt>
      <trkpt lat="49.35541" lon="7.89656">
        <ele>287.5249340773343</ele>
      </trkpt>
      <trkpt lat="49.35545" lon="7.89677">
        <ele>287.7777098757494</ele>
      </trkpt>
      <trkpt lat="49.35552" lon="7.89702">
        <ele>287.4173207286353</ele>
      </trkpt>
      <trkpt lat="49.35564" lon="7.89728">
        <ele>286.99530335098433</ele>
      </trkpt>
      <trkpt lat="49.35583894861013" lon="7.897625997800808">
        <ele>286.3841032085591</ele>
      </trkpt>
      <trkpt lat="49.35587" lon="7.89768">
        <ele>286.14910634525944</ele>
      </trkpt>
      <trkpt lat="49.3561" lon="7.89804">
        <ele>284.50454137383025</ele>
      </trkpt>
      <trkpt lat="49.35642" lon="7.89841">
        <ele>282.49876256857084</ele>
      </trkpt>
      <trkpt lat="49.35658" lon="7.89856">
        <ele>281.5929614530427</ele>
      </trkpt>
      <trkpt lat="49.35674" lon="7.89868">
        <ele>280.7325834762717</ele>
      </trkpt>
      <trkpt lat="49.35692" lon="7.89879">
        <ele>279.79651978190367</ele>
      </trkpt>
      <trkpt lat="49.356932933697806" lon="7.898795943809451">
        <ele>279.73185435077454</ele>
      </trkpt>
      <trkpt lat="49.35729" lon="7.89896">
        <ele>278.23186159164374</ele>
      </trkpt>
      <trkpt lat="49.35736422078613" lon="7.898990450451449">
        <ele>277.9231866070873</ele>
      </trkpt>
      <trkpt lat="49.35768" lon="7.89912">
        <ele>277.15080705435105</ele>
      </trkpt>
      <trkpt lat="49.35824114963228" lon="7.899292171591766">
        <ele>275.7992353125772</ele>
      </trkpt>
      <trkpt lat="49.35856" lon="7.89939">
        <ele>275.2236505515628</ele>
      </trkpt>
      <trkpt lat="49.35887" lon="7.89952">
        <ele>274.6549696895256</ele>
      </trkpt>
      <trkpt lat="49.35904" lon="7.89962">
        <ele>274.4268758938088</ele>
      </trkpt>
      <trkpt lat="49.35925" lon="7.89981">
        <ele>274.12147683569236</ele>
      </trkpt>
      <trkpt lat="49.35943" lon="7.90005">
        <ele>273.8227812575507</ele>
      </trkpt>
      <trkpt lat="49.35954" lon="7.90027">
        <ele>273.59645127008525</ele>
      </trkpt>
      <trkpt lat="49.35964" lon="7.90049">
        <ele>273.3775254128752</ele>
      </trkpt>
      <trkpt lat="49.35974" lon="7.9009">
        <ele>273.4912951921186</ele>
      </trkpt>
      <trkpt lat="49.35977" lon="7.90112">
        <ele>273.54970473780145</ele>
      </trkpt>
      <trkpt lat="49.3597763938664" lon="7.901350189071938">
        <ele>273.6095662072692</ele>
      </trkpt>
      <trkpt lat="49.35978" lon="7.90148">
        <ele>273.6800760312897</ele>
      </trkpt>
      <trkpt lat="49.359635166684555" lon="7.902710931363302">
        <ele>274.358479682531</ele>
      </trkpt>
      <trkpt lat="49.3595" lon="7.90386">
        <ele>274.5466401279658</ele>
      </trkpt>
      <trkpt lat="49.3594937518006" lon="7.904072359950918">
        <ele>274.5808610393941</ele>
      </trkpt>
      <trkpt lat="49.35948" lon="7.90454">
        <ele>274.67311079938196</ele>
      </trkpt>
      <trkpt lat="49.35953" lon="7.90524">
        <ele>274.8118403603306</ele>
      </trkpt>
      <trkpt lat="49.3596" lon="7.90572">
        <ele>275.1522322700426</ele>
      </trkpt>
      <trkpt lat="49.35968320598861" lon="7.906105774863045">
        <ele>275.43342283548594</ele>
      </trkpt>
      <trkpt lat="49.35971" lon="7.90623">
        <ele>275.5159409533862</ele>
      </trkpt>
      <trkpt lat="49.35985" lon="7.90675">
        <ele>275.87064376612085</ele>
      </trkpt>
      <trkpt lat="49.360077664840766" lon="7.907342032611822">
        <ele>276.3036454290781</ele>
      </trkpt>
      <trkpt lat="49.36075" lon="7.90909">
        <ele>276.42011940292633</ele>
      </trkpt>
      <trkpt lat="49.36078" lon="7.90925">
        <ele>276.41082572760155</ele>
      </trkpt>
      <trkpt lat="49.36079" lon="7.90947">
        <ele>276.3985158136332</ele>
      </trkpt>
      <trkpt lat="49.36076" lon="7.90968">
        <ele>276.3865152851378</ele>
      </trkpt>
      <trkpt lat="49.36072" lon="7.90983">
        <ele>276.377467886305</ele>
      </trkpt>
      <trkpt lat="49.36064" lon="7.90999">
        <ele>276.3662086234704</ele>
      </trkpt>
      <trkpt lat="49.36057" lon="7.91007">
        <ele>276.358729866595</ele>
      </trkpt>
      <trkpt lat="49.36041" lon="7.91021">
        <ele>276.23437146404416</ele>
      </trkpt>
      <trkpt lat="49.36025" lon="7.91031">
        <ele>276.1177178113888</ele>
      </trkpt>
      <trkpt lat="49.36008" lon="7.91038">
        <ele>275.99886333001734</ele>
      </trkpt>
      <trkpt lat="49.359956761312034" lon="7.910417506692301">
        <ele>275.91409611723896</ele>
      </trkpt>
      <trkpt lat="49.35962" lon="7.91052">
        <ele>275.0269727516884</ele>
      </trkpt>
      <trkpt lat="49.35932" lon="7.91073">
        <ele>274.17527363069814</ele>
      </trkpt>
      <trkpt lat="49.35922" lon="7.91083">
        <ele>273.86699500019876</ele>
      </trkpt>
      <trkpt lat="49.35915" lon="7.91092">
        <ele>273.6311437518654</ele>
      </trkpt>
      <trkpt lat="49.35909" lon="7.91105">
        <ele>273.36307393542893</ele>
      </trkpt>
      <trkpt lat="49.35905" lon="7.91121">
        <ele>273.0747285779096</ele>
      </trkpt>
      <trkpt lat="49.35904" lon="7.91139">
        <ele>272.64625291386693</ele>
      </trkpt>
      <trkpt lat="49.35906" lon="7.91157">
        <ele>272.2131598050195</ele>
      </trkpt>
      <trkpt lat="49.35911" lon="7.91172">
        <ele>271.8135033522487</ele>
      </trkpt>
      <trkpt lat="49.35917" lon="7.91185">
        <ele>271.4356018926326</ele>
      </trkpt>
      <trkpt lat="49.35935840451023" lon="7.9121001856716475">
        <ele>270.5291419353249</ele>
      </trkpt>
      <trkpt lat="49.35978" lon="7.91266">
        <ele>269.61538101497376</ele>
      </trkpt>
      <trkpt lat="49.3599" lon="7.91287">
        <ele>269.3171880660628</ele>
      </trkpt>
      <trkpt lat="49.3599848829745" lon="7.913077491747368">
        <ele>269.05565557996186</ele>
      </trkpt>
      <trkpt lat="49.35999" lon="7.91309">
        <ele>269.0630346234694</ele>
      </trkpt>
      <trkpt lat="49.36005" lon="7.91332">
        <ele>269.18676907579334</ele>
      </trkpt>
      <trkpt lat="49.36011" lon="7.91384">
        <ele>269.4505036589677</ele>
      </trkpt>
      <trkpt lat="49.36011" lon="7.91409">
        <ele>270.0346848841359</ele>
      </trkpt>
      <trkpt lat="49.36008" lon="7.91437">
        <ele>270.6977620742774</ele>
      </trkpt>
      <trkpt lat="49.36002" lon="7.91463">
        <ele>271.3423205387718</ele>
      </trkpt>
      <trkpt lat="49.359879342125794" lon="7.915048251823653">
        <ele>272.44167317017286</ele>
      </trkpt>
      <trkpt lat="49.35964" lon="7.91576">
        <ele>273.38399794469126</ele>
      </trkpt>
      <trkpt lat="49.35958" lon="7.916">
        <ele>273.68632759274385</ele>
      </trkpt>
      <trkpt lat="49.35953" lon="7.91625">
        <ele>273.9938890616194</ele>
      </trkpt>
      <trkpt lat="49.35952215126361" lon="7.916309615557925">
        <ele>274.0651540796354</ele>
      </trkpt>
      <trkpt lat="49.35943" lon="7.91701">
        <ele>272.6034919865906</ele>
      </trkpt>
      <trkpt lat="49.35938" lon="7.91717">
        <ele>272.2405821456747</ele>
      </trkpt>
      <trkpt lat="49.35932" lon="7.91732">
        <ele>271.88060462608837</ele>
      </trkpt>
      <trkpt lat="49.35924" lon="7.91744">
        <ele>271.20137774360103</ele>
      </trkpt>
      <trkpt lat="49.35907" lon="7.91758">
        <ele>270.0298121733146</ele>
      </trkpt>
      <trkpt lat="49.35897" lon="7.91761">
        <ele>269.35619161014273</ele>
      </trkpt>
      <trkpt lat="49.35886" lon="7.91761">
        <ele>268.6289615078017</ele>
      </trkpt>
      <trkpt lat="49.35836" lon="7.9173">
        <ele>265.064021710322</ele>
      </trkpt>
      <trkpt lat="49.35827" lon="7.91726">
        <ele>264.44458663232945</ele>
      </trkpt>
      <trkpt lat="49.35815" lon="7.91726">
        <ele>263.65124470252715</ele>
      </trkpt>
      <trkpt lat="49.35805" lon="7.91729">
        <ele>262.9776236759419</ele>
      </trkpt>
      <trkpt lat="49.35796" lon="7.91733">
        <ele>262.8746526177447</ele>
      </trkpt>
      <trkpt lat="49.35781" lon="7.91749">
        <ele>262.67392190836114</ele>
      </trkpt>
      <trkpt lat="49.35773" lon="7.91761">
        <ele>262.55100560664494</ele>
      </trkpt>
      <trkpt lat="49.35763" lon="7.91787">
        <ele>262.3348668067115</ele>
      </trkpt>
      <trkpt lat="49.35761" lon="7.91802">
        <ele>262.59876453729373</ele>
      </trkpt>
      <trkpt lat="49.3576" lon="7.91817">
        <ele>262.85865165457795</ele>
      </trkpt>
      <trkpt lat="49.35764" lon="7.91852">
        <ele>263.4711189584219</ele>
      </trkpt>
      <trkpt lat="49.35766328836566" lon="7.918614389975744">
        <ele>263.6441819510668</ele>
      </trkpt>
      <trkpt lat="49.35798200077577" lon="7.919904695752158">
        <ele>267.56307572049167</ele>
      </trkpt>
      <trkpt lat="49.35805" lon="7.92018">
        <ele>267.7228104435029</ele>
      </trkpt>
      <trkpt lat="49.35811" lon="7.92058">
        <ele>267.94542577161235</ele>
      </trkpt>
      <trkpt lat="49.35814" lon="7.92087">
        <ele>268.10467618954675</ele>
      </trkpt>
      <trkpt lat="49.35813" lon="7.92165">
        <ele>267.39803869315324</ele>
      </trkpt>
      <trkpt lat="49.35811" lon="7.9219">
        <ele>267.1698944276762</ele>
      </trkpt>
      <trkpt lat="49.3581043979994" lon="7.921939427225292">
        <ele>267.13370065632904</ele>
      </trkpt>
      <trkpt lat="49.35793" lon="7.92317">
        <ele>265.2333880994084</ele>
      </trkpt>
      <trkpt lat="49.35792" lon="7.92343">
        <ele>264.8405019101025</ele>
      </trkpt>
      <trkpt lat="49.35793" lon="7.92364">
        <ele>264.3434290909903</ele>
      </trkpt>
      <trkpt lat="49.35797" lon="7.92384">
        <ele>263.84952944473054</ele>
      </trkpt>
      <trkpt lat="49.3583" lon="7.92465">
        <ele>261.5940997492494</ele>
      </trkpt>
      <trkpt lat="49.3584" lon="7.92474">
        <ele>261.2576453722986</ele>
      </trkpt>
      <trkpt lat="49.35877" lon="7.92452">
        <ele>260.1059583682646</ele>
      </trkpt>
      <trkpt lat="49.359052459720985" lon="7.924370462450379">
        <ele>259.2387738623984</ele>
      </trkpt>
      <trkpt lat="49.35911" lon="7.92434">
        <ele>259.2885059089823</ele>
      </trkpt>
      <trkpt lat="49.35974" lon="7.92414">
        <ele>259.8139955244561</ele>
      </trkpt>
      <trkpt lat="49.35988" lon="7.92407">
        <ele>259.93426308444157</ele>
      </trkpt>
      <trkpt lat="49.36001" lon="7.92398">
        <ele>260.05074697725985</ele>
      </trkpt>
      <trkpt lat="49.36024" lon="7.92376">
        <ele>261.7697325604449</ele>
      </trkpt>
      <trkpt lat="49.3606795327305" lon="7.923296492126239">
        <ele>265.1519622133967</ele>
      </trkpt>
      <trkpt lat="49.36079" lon="7.92318">
        <ele>266.35478380903504</ele>
      </trkpt>
      <trkpt lat="49.36093" lon="7.92308">
        <ele>267.740227899418</ele>
      </trkpt>
      <trkpt lat="49.36109" lon="7.92298">
        <ele>269.29022812984533</ele>
      </trkpt>
      <trkpt lat="49.36126" lon="7.9229">
        <ele>270.90148360669303</ele>
      </trkpt>
      <trkpt lat="49.36144" lon="7.92285">
        <ele>272.5591053902551</ele>
      </trkpt>
      <trkpt lat="49.36171" lon="7.9228">
        <ele>275.0235516705308</ele>
      </trkpt>
      <trkpt lat="49.36198" lon="7.92278">
        <ele>277.47311244528566</ele>
      </trkpt>
      <trkpt lat="49.36214" lon="7.92279">
        <ele>278.92421841791304</ele>
      </trkpt>
      <trkpt lat="49.36226" lon="7.92282">
        <ele>280.0259669593149</ele>
      </trkpt>
      <trkpt lat="49.36237" lon="7.92287">
        <ele>280.81975750529483</ele>
      </trkpt>
      <trkpt lat="49.36247" lon="7.92295">
        <ele>281.59998768515806</ele>
      </trkpt>
      <trkpt lat="49.3626" lon="7.92311">
        <ele>282.7528252708458</ele>
      </trkpt>
      <trkpt lat="49.362751664992295" lon="7.923328018446447">
        <ele>284.19036534574985</ele>
      </trkpt>
      <trkpt lat="49.36276" lon="7.92334">
        <ele>284.2294580865868</ele>
      </trkpt>
      <trkpt lat="49.36308" lon="7.92392">
        <ele>285.92395361664</ele>
      </trkpt>
      <trkpt lat="49.36334" lon="7.92425">
        <ele>287.07856032818995</ele>
      </trkpt>
      <trkpt lat="49.36338542868769" lon="7.9242991281308734">
        <ele>287.26783611300993</ele>
      </trkpt>
      <trkpt lat="49.36408" lon="7.92505">
        <ele>287.0307311009372</ele>
      </trkpt>
      <trkpt lat="49.36411750481718" lon="7.925099673858934">
        <ele>287.0169488744912</ele>
      </trkpt>
      <trkpt lat="49.36445" lon="7.92554">
        <ele>286.1273891332874</ele>
      </trkpt>
      <trkpt lat="49.36498" lon="7.92632">
        <ele>284.64053246146716</ele>
      </trkpt>
      <trkpt lat="49.3651" lon="7.92644">
        <ele>284.71353005448134</ele>
      </trkpt>
      <trkpt lat="49.36521" lon="7.92652">
        <ele>284.7755735072962</ele>
      </trkpt>
      <trkpt lat="49.36555740231875" lon="7.92666475096896">
        <ele>284.959062676503</ele>
      </trkpt>
      <trkpt lat="49.36557" lon="7.92667">
        <ele>284.9885963810585</ele>
      </trkpt>
      <trkpt lat="49.36568" lon="7.92674">
        <ele>285.2579190017657</ele>
      </trkpt>
      <trkpt lat="49.36582" lon="7.92685">
        <ele>285.61362397231153</ele>
      </trkpt>
      <trkpt lat="49.36603" lon="7.92706">
        <ele>286.1804538300764</ele>
      </trkpt>
      <trkpt lat="49.3662" lon="7.92722">
        <ele>286.6314463843695</ele>
      </trkpt>
      <trkpt lat="49.3663" lon="7.92711">
        <ele>287.20510703925504</ele>
      </trkpt>
      <trkpt lat="49.36634" lon="7.92683">
        <ele>288.0756825003685</ele>
      </trkpt>
      <trkpt lat="49.36634" lon="7.92646">
        <ele>289.19936578921715</ele>
      </trkpt>
      <trkpt lat="49.36633676833688" lon="7.926369781534302">
        <ele>289.4727885692298</ele>
      </trkpt>
      <trkpt lat="49.3663" lon="7.92534">
        <ele>293.5333654215408</ele>
      </trkpt>
      <trkpt lat="49.36631" lon="7.92502">
        <ele>294.7943334946378</ele>
      </trkpt>
      <trkpt lat="49.3663133984765" lon="7.9249911569451">
        <ele>294.9070004292471</ele>
      </trkpt>
      <trkpt lat="49.366475348196126" lon="7.9236335321187985">
        <ele>298.57079555215427</ele>
      </trkpt>
      <trkpt lat="49.36657" lon="7.92284">
        <ele>298.80097762096784</ele>
      </trkpt>
      <trkpt lat="49.36664" lon="7.92235">
        <ele>297.84411683256513</ele>
      </trkpt>
      <trkpt lat="49.3667" lon="7.92208">
        <ele>297.2999543114159</ele>
      </trkpt>
      <trkpt lat="49.36691" lon="7.92141">
        <ele>295.88166736558657</ele>
      </trkpt>
      <trkpt lat="49.36704" lon="7.9211">
        <ele>295.1783765836274</ele>
      </trkpt>
      <trkpt lat="49.36715" lon="7.92092">
        <ele>295.40530060105266</ele>
      </trkpt>
      <trkpt lat="49.36725" lon="7.92079">
        <ele>295.5902611545495</ele>
      </trkpt>
      <trkpt lat="49.36735" lon="7.92069">
        <ele>295.75872235380757</ele>
      </trkpt>
      <trkpt lat="49.36749" lon="7.92061">
        <ele>295.96959641851487</ele>
      </trkpt>
      <trkpt lat="49.36764" lon="7.92056">
        <ele>296.186278611802</ele>
      </trkpt>
      <trkpt lat="49.36782" lon="7.92044">
        <ele>296.46329226065427</ele>
      </trkpt>
      <trkpt lat="49.36794" lon="7.92044">
        <ele>297.24458725198417</ele>
      </trkpt>
      <trkpt lat="49.36828" lon="7.92039">
        <ele>299.4683837715882</ele>
      </trkpt>
      <trkpt lat="49.368292773728264" lon="7.920387195291723">
        <ele>299.5515765411475</ele>
      </trkpt>
      <trkpt lat="49.36869" lon="7.9203">
        <ele>302.75190895093954</ele>
      </trkpt>
      <trkpt lat="49.36915" lon="7.92014">
        <ele>306.5124487331367</ele>
      </trkpt>
      <trkpt lat="49.36949" lon="7.91999">
        <ele>309.33296169661486</ele>
      </trkpt>
      <trkpt lat="49.36957" lon="7.9199">
        <ele>309.65928343390254</ele>
      </trkpt>
      <trkpt lat="49.36989514248604" lon="7.91937403411024">
        <ele>311.2132189408261</ele>
      </trkpt>
      <trkpt lat="49.36991" lon="7.91935">
        <ele>311.22409192122944</ele>
      </trkpt>
      <trkpt lat="49.37021" lon="7.91868">
        <ele>311.4907866610358</ele>
      </trkpt>
      <trkpt lat="49.37044" lon="7.91829">
        <ele>311.6633666022575</ele>
      </trkpt>
      <trkpt lat="49.37085651197943" lon="7.918008112428963">
        <ele>311.48072907110446</ele>
      </trkpt>
      <trkpt lat="49.37143" lon="7.91762">
        <ele>312.9437278986387</ele>
      </trkpt>
      <trkpt lat="49.37155" lon="7.91757">
        <ele>313.48373416883464</ele>
      </trkpt>
      <trkpt lat="49.3716" lon="7.91757">
        <ele>313.7008863031884</ele>
      </trkpt>
      <trkpt lat="49.37166" lon="7.9176">
        <ele>313.9749318423368</ele>
      </trkpt>
      <trkpt lat="49.37208264575695" lon="7.917964375331776">
        <ele>316.0783470402239</ele>
      </trkpt>
      <trkpt lat="49.37286643626558" lon="7.918640033443451">
        <ele>321.6851714051298</ele>
      </trkpt>
      <trkpt lat="49.37311" lon="7.91885">
        <ele>323.45518199793776</ele>
      </trkpt>
      <trkpt lat="49.37359" lon="7.91919">
        <ele>326.80385824231007</ele>
      </trkpt>
      <trkpt lat="49.37383" lon="7.91931">
        <ele>328.5152317778695</ele>
      </trkpt>
      <trkpt lat="49.37407" lon="7.91938">
        <ele>330.17162269405674</ele>
      </trkpt>
      <trkpt lat="49.37411401779343" lon="7.919384891425058">
        <ele>330.46980450141297</ele>
      </trkpt>
      <trkpt lat="49.37456225737058" lon="7.919434695268715">
        <ele>333.27636945355675</ele>
      </trkpt>
      <trkpt lat="49.37461" lon="7.91944">
        <ele>333.537304518042</ele>
      </trkpt>
      <trkpt lat="49.37472" lon="7.91948">
        <ele>334.15332188429164</ele>
      </trkpt>
      <trkpt lat="49.37509" lon="7.91976">
        <ele>336.40111058471575</ele>
      </trkpt>
      <trkpt lat="49.37572703669948" lon="7.920439167287416">
        <ele>338.8714430340801</ele>
      </trkpt>
      <trkpt lat="49.3763" lon="7.92105">
        <ele>339.43871939645527</ele>
      </trkpt>
      <trkpt lat="49.37648" lon="7.92103">
        <ele>339.57211094190194</ele>
      </trkpt>
      <trkpt lat="49.37657" lon="7.92089">
        <ele>339.66679112293565</ele>
      </trkpt>
      <trkpt lat="49.37666" lon="7.92039">
        <ele>339.9164359267876</ele>
      </trkpt>
      <trkpt lat="49.37673" lon="7.92016">
        <ele>340.28142420542787</ele>
      </trkpt>
      <trkpt lat="49.37682" lon="7.91993">
        <ele>340.6746218901162</ele>
      </trkpt>
      <trkpt lat="49.37694" lon="7.91973">
        <ele>341.0731391051878</ele>
      </trkpt>
      <trkpt lat="49.37718" lon="7.91954">
        <ele>342.1817360559328</ele>
      </trkpt>
      <trkpt lat="49.37762" lon="7.9193">
        <ele>344.0988412803126</ele>
      </trkpt>
      <trkpt lat="49.37771511449711" lon="7.919255236628613">
        <ele>344.5064985434192</ele>
      </trkpt>
      <trkpt lat="49.3783" lon="7.91898">
        <ele>345.5335646352378</ele>
      </trkpt>
      <trkpt lat="49.37878" lon="7.91872">
        <ele>346.38785180349623</ele>
      </trkpt>
      <trkpt lat="49.37889" lon="7.9186">
        <ele>346.20348004037515</ele>
      </trkpt>
      <trkpt lat="49.379" lon="7.91842">
        <ele>345.98384348538593</ele>
      </trkpt>
      <trkpt lat="49.37919056708432" lon="7.917911806067766">
        <ele>345.4622824601504</ele>
      </trkpt>
      <trkpt lat="49.37941488054887" lon="7.917313651690299">
        <ele>345.0343282380317</ele>
      </trkpt>
      <trkpt lat="49.37942" lon="7.9173">
        <ele>345.03711699718804</ele>
      </trkpt>
      <trkpt lat="49.37958" lon="7.91694">
        <ele>345.1142508464177</ele>
      </trkpt>
      <trkpt lat="49.37965" lon="7.91684">
        <ele>345.14023444860567</ele>
      </trkpt>
      <trkpt lat="49.37976" lon="7.91677">
        <ele>345.1725975751819</ele>
      </trkpt>
      <trkpt lat="49.38019" lon="7.91685">
        <ele>346.6715182195651</ele>
      </trkpt>
      <trkpt lat="49.38059145361692" lon="7.916951861755597">
        <ele>348.0793075840412</ele>
      </trkpt>
      <trkpt lat="49.38086" lon="7.91702">
        <ele>349.1080902699983</ele>
      </trkpt>
      <trkpt lat="49.38126" lon="7.91709">
        <ele>350.62927754497707</ele>
      </trkpt>
      <trkpt lat="49.381483030964795" lon="7.917052255660837">
        <ele>351.4765953361666</ele>
      </trkpt>
      <trkpt lat="49.38191" lon="7.91698">
        <ele>352.9163918219539</ele>
      </trkpt>
      <trkpt lat="49.3819299021391" lon="7.916978894296586">
        <ele>352.98295501637364</ele>
      </trkpt>
      <trkpt lat="49.38209" lon="7.91697">
        <ele>353.406811086198</ele>
      </trkpt>
      <trkpt lat="49.38238" lon="7.91701">
        <ele>354.1769242548856</ele>
      </trkpt>
      <trkpt lat="49.38277" lon="7.91708">
        <ele>355.21546136302504</ele>
      </trkpt>
      <trkpt lat="49.3832538640538" lon="7.917300795457713">
        <ele>356.68484877639787</ele>
      </trkpt>
      <trkpt lat="49.3838" lon="7.91755">
        <ele>358.8514136871909</ele>
      </trkpt>
      <trkpt lat="49.384111410238916" lon="7.9177168141184575">
        <ele>360.1029307345649</ele>
      </trkpt>
      <trkpt lat="49.38496013896808" lon="7.918171318410169">
        <ele>364.5864356322675</ele>
      </trkpt>
      <trkpt lat="49.385384502664564" lon="7.918398576444244">
        <ele>366.8821934229199</ele>
      </trkpt>
      <trkpt lat="49.38591" lon="7.91868">
        <ele>368.14681857920857</ele>
      </trkpt>
      <trkpt lat="49.38614" lon="7.91854">
        <ele>368.7088285824922</ele>
      </trkpt>
      <trkpt lat="49.38657" lon="7.91872">
        <ele>369.72127152537024</ele>
      </trkpt>
      <trkpt lat="49.38708921373212" lon="7.918991588966545">
        <ele>368.9183003565803</ele>
      </trkpt>
      <trkpt lat="49.38722" lon="7.91906">
        <ele>368.5349067111824</ele>
      </trkpt>
      <trkpt lat="49.38761" lon="7.91929">
        <ele>367.37601374979664</ele>
      </trkpt>
      <trkpt lat="49.38792206228361" lon="7.919509765105413">
        <ele>366.4240675242177</ele>
      </trkpt>
      <trkpt lat="49.38832" lon="7.91979">
        <ele>366.2332547015653</ele>
      </trkpt>
      <trkpt lat="49.38898" lon="7.92032">
        <ele>365.90873772105215</ele>
      </trkpt>
      <trkpt lat="49.38914" lon="7.92071">
        <ele>367.4217776765442</ele>
      </trkpt>
      <trkpt lat="49.389227845274256" lon="7.92117558084463">
        <ele>369.01268185670483</ele>
      </trkpt>
      <trkpt lat="49.38924" lon="7.92124">
        <ele>369.3933995790972</ele>
      </trkpt>
      <trkpt lat="49.38925" lon="7.92186">
        <ele>372.91270498293994</ele>
      </trkpt>
      <trkpt lat="49.38922" lon="7.92244">
        <ele>376.2143236888014</ele>
      </trkpt>
      <trkpt lat="49.38915" lon="7.92282">
        <ele>378.4553452261292</ele>
      </trkpt>
      <trkpt lat="49.38899" lon="7.92317">
        <ele>380.4903931211138</ele>
      </trkpt>
      <trkpt lat="49.38878" lon="7.92337">
        <ele>382.29653446793077</ele>
      </trkpt>
      <trkpt lat="49.3886016825252" lon="7.923469065144207">
        <ele>383.682420450016</ele>
      </trkpt>
      <trkpt lat="49.38851" lon="7.92352">
        <ele>384.2597645215945</ele>
      </trkpt>
      <trkpt lat="49.38817" lon="7.92366">
        <ele>386.34362125144986</ele>
      </trkpt>
      <trkpt lat="49.38789" lon="7.92387">
        <ele>388.1882194673015</ele>
      </trkpt>
      <trkpt lat="49.38768" lon="7.92423">
        <ele>390.0510438568638</ele>
      </trkpt>
      <trkpt lat="49.38752" lon="7.92471">
        <ele>391.63741603571856</ele>
      </trkpt>
      <trkpt lat="49.38742" lon="7.92512">
        <ele>392.925391708054</ele>
      </trkpt>
      <trkpt lat="49.38739674650876" lon="7.925247891500038">
        <ele>393.3158157143465</ele>
      </trkpt>
      <trkpt lat="49.38736" lon="7.92545">
        <ele>393.74449941234116</ele>
      </trkpt>
      <trkpt lat="49.38732" lon="7.92592">
        <ele>394.7125149918052</ele>
      </trkpt>
      <trkpt lat="49.38722" lon="7.92646">
        <ele>395.8590776209671</ele>
      </trkpt>
      <trkpt lat="49.38702" lon="7.92679">
        <ele>396.7798971226336</ele>
      </trkpt>
      <trkpt lat="49.38673" lon="7.92689">
        <ele>397.332613568181</ele>
      </trkpt>
      <trkpt lat="49.38647" lon="7.92693">
        <ele>397.818540060016</ele>
      </trkpt>
      <trkpt lat="49.38623" lon="7.92708">
        <ele>398.30037930758306</ele>
      </trkpt>
      <trkpt lat="49.38599" lon="7.92735">
        <ele>398.89505665107976</ele>
      </trkpt>
      <trkpt lat="49.38585" lon="7.92769">
        <ele>399.4185939774122</ele>
      </trkpt>
      <trkpt lat="49.38588521680463" lon="7.928711309872389">
        <ele>401.0386714013666</ele>
      </trkpt>
      <trkpt lat="49.38589" lon="7.92885">
        <ele>401.332684890269</ele>
      </trkpt>
      <trkpt lat="49.386026578680145" lon="7.93007489576264">
        <ele>403.96169062769343</ele>
      </trkpt>
      <trkpt lat="49.38610248187381" lon="7.930755360951632">
        <ele>405.65206545999933</ele>
      </trkpt>
      <trkpt lat="49.38619" lon="7.93154">
        <ele>407.63842370751735</ele>
      </trkpt>
      <trkpt lat="49.38621" lon="7.93244">
        <ele>409.8846977024628</ele>
      </trkpt>
      <trkpt lat="49.38614" lon="7.93298">
        <ele>411.3674804954242</ele>
      </trkpt>
      <trkpt lat="49.38594" lon="7.93402">
        <ele>414.2878857456674</ele>
      </trkpt>
      <trkpt lat="49.38599" lon="7.9347">
        <ele>416.40866162870884</ele>
      </trkpt>
      <trkpt lat="49.386012891927635" lon="7.934822656783217">
        <ele>416.8034642512208</ele>
      </trkpt>
      <trkpt lat="49.38613" lon="7.93545">
        <ele>419.1655117903722</ele>
      </trkpt>
      <trkpt lat="49.38618" lon="7.93608">
        <ele>421.46182014943673</ele>
      </trkpt>
      <trkpt lat="49.38584" lon="7.93741">
        <ele>428.7497261669198</ele>
      </trkpt>
      <trkpt lat="49.38594752794679" lon="7.938128237350284">
        <ele>434.145781081017</ele>
      </trkpt>
      <trkpt lat="49.38612" lon="7.93928">
        <ele>444.9571248129396</ele>
      </trkpt>
      <trkpt lat="49.38627" lon="7.93992">
        <ele>451.1776986077602</ele>
      </trkpt>
      <trkpt lat="49.38651373880118" lon="7.9407388878982745">
        <ele>458.99665207588555</ele>
      </trkpt>
      <trkpt lat="49.3868875522499" lon="7.941994592054975">
        <ele>469.14734927067013</ele>
      </trkpt>
      <trkpt lat="49.38691" lon="7.94207">
        <ele>469.6217373493077</ele>
      </trkpt>
      <trkpt lat="49.38711" lon="7.94269">
        <ele>473.5792240561442</ele>
      </trkpt>
      <trkpt lat="49.38757" lon="7.94377">
        <ele>480.9607904315142</ele>
      </trkpt>
      <trkpt lat="49.38767860543754" lon="7.9444466988550975">
        <ele>483.09038928051274</ele>
      </trkpt>
      <trkpt lat="49.3877" lon="7.94458">
        <ele>483.23687017910686</ele>
      </trkpt>
      <trkpt lat="49.38769" lon="7.94522">
        <ele>483.91968082024096</ele>
      </trkpt>
      <trkpt lat="49.38762777465741" lon="7.94581628656333">
        <ele>484.5636043329158</ele>
      </trkpt>
      <trkpt lat="49.38757" lon="7.94637">
        <ele>484.267931607377</ele>
      </trkpt>
      <trkpt lat="49.3876" lon="7.94683">
        <ele>484.0242583448867</ele>
      </trkpt>
      <trkpt lat="49.38768" lon="7.9472">
        <ele>483.76192604792965</ele>
      </trkpt>
      <trkpt lat="49.38775" lon="7.94744">
        <ele>483.5849705545132</ele>
      </trkpt>
      <trkpt lat="49.38792" lon="7.94784">
        <ele>483.2635411937443</ele>
      </trkpt>
      <trkpt lat="49.38808" lon="7.94816">
        <ele>483.10332710693694</ele>
      </trkpt>
      <trkpt lat="49.38838" lon="7.94864">
        <ele>482.8391131668871</ele>
      </trkpt>
      <trkpt lat="49.38849020804257" lon="7.948796623403052">
        <ele>482.7476559560753</ele>
      </trkpt>
      <trkpt lat="49.38895" lon="7.94945">
        <ele>482.65234604121775</ele>
      </trkpt>
      <trkpt lat="49.38913160128411" lon="7.94976252900503">
        <ele>482.61088001646004</ele>
      </trkpt>
      <trkpt lat="49.38938" lon="7.95019">
        <ele>482.2924063262161</ele>
      </trkpt>
      <trkpt lat="49.38966" lon="7.95072">
        <ele>481.91315654853304</ele>
      </trkpt>
      <trkpt lat="49.38971962882609" lon="7.950806139270499">
        <ele>481.84343634234443</ele>
      </trkpt>
      <trkpt lat="49.39011" lon="7.95137">
        <ele>481.21155841364777</ele>
      </trkpt>
      <trkpt lat="49.390395917935564" lon="7.951714163577183">
        <ele>480.7834638120801</ele>
      </trkpt>
      <trkpt lat="49.39065" lon="7.95202">
        <ele>480.63433523219055</ele>
      </trkpt>
      <trkpt lat="49.39087" lon="7.9522">
        <ele>480.5192130193877</ele>
      </trkpt>
      <trkpt lat="49.39160429361062" lon="7.9525897228772955">
        <ele>480.239528617154</ele>
      </trkpt>
      <trkpt lat="49.39245385819108" lon="7.953040595853698">
        <ele>478.2478519638632</ele>
      </trkpt>
      <trkpt lat="49.39266" lon="7.95315">
        <ele>477.21239567299324</ele>
      </trkpt>
      <trkpt lat="49.39299" lon="7.95331">
        <ele>475.5699913679815</ele>
      </trkpt>
      <trkpt lat="49.39352" lon="7.95343">
        <ele>472.71448984878685</ele>
      </trkpt>
      <trkpt lat="49.393768797511704" lon="7.953425305676946">
        <ele>471.3887266130023</ele>
      </trkpt>
      <trkpt lat="49.39405" lon="7.95342">
        <ele>470.51767358692746</ele>
      </trkpt>
      <trkpt lat="49.39465880559895" lon="7.953258165408346">
        <ele>468.60474454307183</ele>
      </trkpt>
      <trkpt lat="49.39484" lon="7.95321">
        <ele>468.52719153528744</ele>
      </trkpt>
      <trkpt lat="49.39497" lon="7.9532">
        <ele>468.4723132860888</ele>
      </trkpt>
      <trkpt lat="49.39533" lon="7.95337">
        <ele>468.3135261281372</ele>
      </trkpt>
      <trkpt lat="49.3957" lon="7.95358">
        <ele>468.34996940364204</ele>
      </trkpt>
      <trkpt lat="49.395949943235216" lon="7.953709189038185">
        <ele>468.37431451975135</ele>
      </trkpt>
      <trkpt lat="49.39659" lon="7.95404">
        <ele>468.15966942128875</ele>
      </trkpt>
      <trkpt lat="49.396785880198834" lon="7.954205744908748">
        <ele>468.0886214920776</ele>
      </trkpt>
      <trkpt lat="49.39685" lon="7.95426">
        <ele>468.1151188491468</ele>
      </trkpt>
      <trkpt lat="49.39728" lon="7.9548">
        <ele>468.3160848280219</ele>
      </trkpt>
      <trkpt lat="49.39767" lon="7.95537">
        <ele>469.1761292647598</ele>
      </trkpt>
      <trkpt lat="49.3977859466698" lon="7.955585330653954">
        <ele>469.46668225086324</ele>
      </trkpt>
      <trkpt lat="49.39788" lon="7.95576">
        <ele>469.79905812817333</ele>
      </trkpt>
      <trkpt lat="49.39809" lon="7.95642">
        <ele>470.87581099888615</ele>
      </trkpt>
      <trkpt lat="49.39832822303194" lon="7.9574696876767534">
        <ele>471.6672644146961</ele>
      </trkpt>
      <trkpt lat="49.39847626245588" lon="7.95812170280004">
        <ele>471.4850538251977</ele>
      </trkpt>
      <trkpt lat="49.39877233030484" lon="7.9594257448389785">
        <ele>468.8849712409695</ele>
      </trkpt>
      <trkpt lat="49.39888" lon="7.9599">
        <ele>467.07124225631594</ele>
      </trkpt>
      <trkpt lat="49.399057843151006" lon="7.9607359294046764">
        <ele>463.8977861101127</ele>
      </trkpt>
      <trkpt lat="49.39928" lon="7.96178">
        <ele>459.56279373693275</ele>
      </trkpt>
      <trkpt lat="49.39934601727488" lon="7.962044076406107">
        <ele>458.447240026296</ele>
      </trkpt>
      <trkpt lat="49.39944" lon="7.96242">
        <ele>457.0136376137122</ele>
      </trkpt>
      <trkpt lat="49.39951620274785" lon="7.962683256609953">
        <ele>455.9888780776616</ele>
      </trkpt>
      <trkpt lat="49.39966" lon="7.96318">
        <ele>454.5191339799767</ele>
      </trkpt>
      <trkpt lat="49.39989681599981" lon="7.963934879395554">
        <ele>452.255126240242</ele>
      </trkpt>
      <trkpt lat="49.40014" lon="7.96471">
        <ele>450.1829409275678</ele>
      </trkpt>
      <trkpt lat="49.40023" lon="7.96493">
        <ele>449.2280443032649</ele>
      </trkpt>
      <trkpt lat="49.4004" lon="7.96516">
        <ele>447.94906346483845</ele>
      </trkpt>
      <trkpt lat="49.40071693751663" lon="7.965517792804607">
        <ele>445.7305902519776</ele>
      </trkpt>
      <trkpt lat="49.40172" lon="7.96665">
        <ele>435.0032558031312</ele>
      </trkpt>
      <trkpt lat="49.40189" lon="7.96679">
        <ele>433.4872262716504</ele>
      </trkpt>
      <trkpt lat="49.40203" lon="7.96686">
        <ele>432.33000826047345</ele>
      </trkpt>
      <trkpt lat="49.40215" lon="7.96687">
        <ele>431.5049775712168</ele>
      </trkpt>
      <trkpt lat="49.40222" lon="7.96675">
        <ele>430.78501939460614</ele>
      </trkpt>
      <trkpt lat="49.40225" lon="7.96658">
        <ele>429.9981188970187</ele>
      </trkpt>
      <trkpt lat="49.40194" lon="7.96482">
        <ele>425.36086481746656</ele>
      </trkpt>
      <trkpt lat="49.40195296042409" lon="7.964074619597785">
        <ele>424.15714482063663</ele>
      </trkpt>
      <trkpt lat="49.40196" lon="7.96367">
        <ele>423.4389746895079</ele>
      </trkpt>
      <trkpt lat="49.40198226977859" lon="7.963386051093945">
        <ele>422.93180660147783</ele>
      </trkpt>
      <trkpt lat="49.402" lon="7.96316">
        <ele>422.25939207337814</ele>
      </trkpt>
      <trkpt lat="49.40207" lon="7.96283">
        <ele>421.2346769336541</ele>
      </trkpt>
      <trkpt lat="49.40216" lon="7.96259">
        <ele>420.41689572169577</ele>
      </trkpt>
      <trkpt lat="49.40226" lon="7.96245">
        <ele>419.50485990254225</ele>
      </trkpt>
      <trkpt lat="49.40249" lon="7.96235">
        <ele>417.89333776114216</ele>
      </trkpt>
      <trkpt lat="49.40279" lon="7.96237">
        <ele>415.86884605657434</ele>
      </trkpt>
      <trkpt lat="49.40335533138245" lon="7.9624735114612">
        <ele>409.97726622533526</ele>
      </trkpt>
      <trkpt lat="49.4035" lon="7.9625">
        <ele>408.18454458074</ele>
      </trkpt>
      <trkpt lat="49.40371" lon="7.96258">
        <ele>405.5231406061469</ele>
      </trkpt>
      <trkpt lat="49.40401" lon="7.96274">
        <ele>401.6169103014944</ele>
      </trkpt>
      <trkpt lat="49.40424" lon="7.96289">
        <ele>398.51250405668435</ele>
      </trkpt>
      <trkpt lat="49.40439" lon="7.96301">
        <ele>396.4113652324335</ele>
      </trkpt>
      <trkpt lat="49.404586262110136" lon="7.963248320626483">
        <ele>393.30456921557436</ele>
      </trkpt>
      <trkpt lat="49.40481" lon="7.96352">
        <ele>389.92538264836077</ele>
      </trkpt>
      <trkpt lat="49.40511" lon="7.96395">
        <ele>385.0654569996042</ele>
      </trkpt>
      <trkpt lat="49.405254665273056" lon="7.964170829635553">
        <ele>382.65309552551014</ele>
      </trkpt>
      <trkpt lat="49.40587" lon="7.96511">
        <ele>371.79057746651745</ele>
      </trkpt>
      <trkpt lat="49.405891020009406" lon="7.96514713674184">
        <ele>371.3949812962962</ele>
      </trkpt>
      <trkpt lat="49.40648156919236" lon="7.966188479144158">
        <ele>360.7630807977836</ele>
      </trkpt>
      <trkpt lat="49.4068" lon="7.96675">
        <ele>356.4359579059539</ele>
      </trkpt>
      <trkpt lat="49.40713" lon="7.96737">
        <ele>352.39320272319094</ele>
      </trkpt>
      <trkpt lat="49.40727" lon="7.96772">
        <ele>350.31963834328656</ele>
      </trkpt>
      <trkpt lat="49.40730725893699" lon="7.96782130423035">
        <ele>349.735452009718</ele>
      </trkpt>
      <trkpt lat="49.40774987982044" lon="7.969023570271414">
        <ele>340.51629167577806</ele>
      </trkpt>
      <trkpt lat="49.40794" lon="7.96954">
        <ele>334.8545124662984</ele>
      </trkpt>
      <trkpt lat="49.40817668999705" lon="7.970239568924999">
        <ele>327.3353064853322</ele>
      </trkpt>
      <trkpt lat="49.40838403201984" lon="7.970852361608187">
        <ele>322.2382048372871</ele>
      </trkpt>
      <trkpt lat="49.40839" lon="7.97087">
        <ele>322.1244224970992</ele>
      </trkpt>
      <trkpt lat="49.40856" lon="7.97118">
        <ele>319.8048441978899</ele>
      </trkpt>
      <trkpt lat="49.40875" lon="7.97143">
        <ele>317.60546979192475</ele>
      </trkpt>
      <trkpt lat="49.40895" lon="7.97163">
        <ele>317.2232178051021</ele>
      </trkpt>
      <trkpt lat="49.40917" lon="7.97178">
        <ele>316.83765270046575</ele>
      </trkpt>
      <trkpt lat="49.4093" lon="7.97184">
        <ele>316.6202045081804</ele>
      </trkpt>
      <trkpt lat="49.4095" lon="7.97188">
        <ele>316.2971025711653</ele>
      </trkpt>
      <trkpt lat="49.40968" lon="7.9719">
        <ele>316.007989530048</ele>
      </trkpt>
      <trkpt lat="49.40985" lon="7.97179">
        <ele>315.71249755945223</ele>
      </trkpt>
      <trkpt lat="49.41016" lon="7.97114">
        <ele>314.25797265238265</ele>
      </trkpt>
      <trkpt lat="49.41023" lon="7.97104">
        <ele>313.9928776868305</ele>
      </trkpt>
      <trkpt lat="49.41034" lon="7.971">
        <ele>313.6793273035936</ele>
      </trkpt>
      <trkpt lat="49.41041" lon="7.97102">
        <ele>313.1345988437351</ele>
      </trkpt>
      <trkpt lat="49.41056" lon="7.97129">
        <ele>311.36728122526796</ele>
      </trkpt>
      <trkpt lat="49.41081" lon="7.97211">
        <ele>306.85954530724365</ele>
      </trkpt>
      <trkpt lat="49.41088" lon="7.97224">
        <ele>306.01955885798503</ele>
      </trkpt>
      <trkpt lat="49.41098" lon="7.97237">
        <ele>305.01751093038973</ele>
      </trkpt>
      <trkpt lat="49.41138948116281" lon="7.972732569401489">
        <ele>300.66111354147137</ele>
      </trkpt>
      <trkpt lat="49.41194" lon="7.97322">
        <ele>294.4046308713833</ele>
      </trkpt>
      <trkpt lat="49.412159885895456" lon="7.973443747547086">
        <ele>291.80985692133225</ele>
      </trkpt>
      <trkpt lat="49.41251" lon="7.9738">
        <ele>287.0707884101583</ele>
      </trkpt>
      <trkpt lat="49.41276" lon="7.97409">
        <ele>283.5368520517274</ele>
      </trkpt>
      <trkpt lat="49.41286251477116" lon="7.974290574497871">
        <ele>281.66520068139954</ele>
      </trkpt>
      <trkpt lat="49.41299" lon="7.97454">
        <ele>280.2775061964213</ele>
      </trkpt>
      <trkpt lat="49.41313" lon="7.97474">
        <ele>278.99264850230503</ele>
      </trkpt>
      <trkpt lat="49.41354628436693" lon="7.975170161907987">
        <ele>275.6210862040101</ele>
      </trkpt>
      <trkpt lat="49.41373" lon="7.97536">
        <ele>275.38206042631407</ele>
      </trkpt>
      <trkpt lat="49.41427758214327" lon="7.975973669787807">
        <ele>274.65058518820643</ele>
      </trkpt>
      <trkpt lat="49.41431" lon="7.97601">
        <ele>274.6229601687043</ele>
      </trkpt>
      <trkpt lat="49.41495" lon="7.97676">
        <ele>274.0689834253653</ele>
      </trkpt>
      <trkpt lat="49.41515" lon="7.97695">
        <ele>272.8891535475908</ele>
      </trkpt>
      <trkpt lat="49.41535" lon="7.977">
        <ele>271.87234812220106</ele>
      </trkpt>
      <trkpt lat="49.41541569796791" lon="7.9769894882129915">
        <ele>271.5411805004869</ele>
      </trkpt>
      <trkpt lat="49.4156" lon="7.97696">
        <ele>269.91035625956255</ele>
      </trkpt>
      <trkpt lat="49.41578" lon="7.97695">
        <ele>268.3256214634779</ele>
      </trkpt>
      <trkpt lat="49.41586333446811" lon="7.976967544148626">
        <ele>267.58586912023685</ele>
      </trkpt>
      <trkpt lat="49.41597" lon="7.97699">
        <ele>266.36571226373394</ele>
      </trkpt>
      <trkpt lat="49.41619" lon="7.97708">
        <ele>263.78640785671706</ele>
      </trkpt>
      <trkpt lat="49.41642" lon="7.9772">
        <ele>261.0345544927334</ele>
      </trkpt>
      <trkpt lat="49.41661" lon="7.97734">
        <ele>258.64736170286966</ele>
      </trkpt>
      <trkpt lat="49.4169" lon="7.97764">
        <ele>254.68698155373318</ele>
      </trkpt>
      <trkpt lat="49.41732" lon="7.97828">
        <ele>249.7736953698764</ele>
      </trkpt>
      <trkpt lat="49.41737172832205" lon="7.978349235068052">
        <ele>249.20613561711122</ele>
      </trkpt>
      <trkpt lat="49.41803" lon="7.97923">
        <ele>245.7753224027956</ele>
      </trkpt>
      <trkpt lat="49.41804733544739" lon="7.979260854873802">
        <ele>245.67266150776544</ele>
      </trkpt>
      <trkpt lat="49.4186354926134" lon="7.980305648451639">
        <ele>245.09693767015025</ele>
      </trkpt>
      <trkpt lat="49.41888" lon="7.98074">
        <ele>244.32843075793875</ele>
      </trkpt>
      <trkpt lat="49.41917" lon="7.98122">
        <ele>243.4522521435421</ele>
      </trkpt>
      <trkpt lat="49.41924519390615" lon="7.981320703056383">
        <ele>243.24833205880327</ele>
      </trkpt>
      <trkpt lat="49.419923164415714" lon="7.982227855912561">
        <ele>238.949389967336</ele>
      </trkpt>
      <trkpt lat="49.42056" lon="7.98308">
        <ele>235.4667533223034</ele>
      </trkpt>
      <trkpt lat="49.42077" lon="7.98342">
        <ele>234.20911280558067</ele>
      </trkpt>
      <trkpt lat="49.42095" lon="7.98384">
        <ele>233.9160818708828</ele>
      </trkpt>
      <trkpt lat="49.42110879102086" lon="7.984270086750848">
        <ele>233.6281445361093</ele>
      </trkpt>
      <trkpt lat="49.42143" lon="7.98514">
        <ele>233.45670314162388</ele>
      </trkpt>
      <trkpt lat="49.4215270795683" lon="7.985491343972769">
        <ele>233.39132305841645</ele>
      </trkpt>
      <trkpt lat="49.42164" lon="7.9859">
        <ele>232.5154358764585</ele>
      </trkpt>
      <trkpt lat="49.42184976603004" lon="7.986781029270428">
        <ele>230.66547710664497</ele>
      </trkpt>
      <trkpt lat="49.42194" lon="7.98716">
        <ele>229.09194414756178</ele>
      </trkpt>
      <trkpt lat="49.42218" lon="7.98824">
        <ele>224.64335228191473</ele>
      </trkpt>
      <trkpt lat="49.42225" lon="7.98866">
        <ele>222.9533633920702</ele>
      </trkpt>
      <trkpt lat="49.42227" lon="7.98885">
        <ele>222.67971176373217</ele>
      </trkpt>
      <trkpt lat="49.42226" lon="7.98906">
        <ele>222.38033985720023</ele>
      </trkpt>
      <trkpt lat="49.42221" lon="7.98942">
        <ele>221.85696293247713</ele>
      </trkpt>
      <trkpt lat="49.42220561257939" lon="7.989433161626969">
        <ele>221.83600452849151</ele>
      </trkpt>
      <trkpt lat="49.42216" lon="7.98957">
        <ele>221.86718289725536</ele>
      </trkpt>
      <trkpt lat="49.42206" lon="7.98974">
        <ele>221.9136447620286</ele>
      </trkpt>
      <trkpt lat="49.42189" lon="7.98994">
        <ele>221.98035538521216</ele>
      </trkpt>
      <trkpt lat="49.42175" lon="7.99016">
        <ele>222.04274387585212</ele>
      </trkpt>
      <trkpt lat="49.42175" lon="7.9904">
        <ele>222.0913949389611</ele>
      </trkpt>
      <trkpt lat="49.42182" lon="7.99059">
        <ele>222.1356589128655</ele>
      </trkpt>
      <trkpt lat="49.42154" lon="7.99076">
        <ele>222.2294746486369</ele>
      </trkpt>
      <trkpt lat="49.42143" lon="7.99076">
        <ele>222.06409575977347</ele>
      </trkpt>
      <trkpt lat="49.42131" lon="7.99073">
        <ele>221.8813123742077</ele>
      </trkpt>
      <trkpt lat="49.421039519572815" lon="7.990516463127346">
        <ele>221.42422920846306</ele>
      </trkpt>
      <trkpt lat="49.42093" lon="7.99043">
        <ele>221.15340633177104</ele>
      </trkpt>
      <trkpt lat="49.42084" lon="7.99039">
        <ele>220.9473892647322</ele>
      </trkpt>
      <trkpt lat="49.42075" lon="7.99037">
        <ele>220.74742030294271</ele>
      </trkpt>
      <trkpt lat="49.42055" lon="7.99038">
        <ele>220.30738362825616</ele>
      </trkpt>
      <trkpt lat="49.42045" lon="7.99042">
        <ele>220.01576575390186</ele>
      </trkpt>
      <trkpt lat="49.42036" lon="7.99049">
        <ele>219.7311080529238</ele>
      </trkpt>
      <trkpt lat="49.42005" lon="7.99081">
        <ele>218.67728195603488</ele>
      </trkpt>
      <trkpt lat="49.41984" lon="7.99105">
        <ele>218.22116265724307</ele>
      </trkpt>
      <trkpt lat="49.41954908437732" lon="7.991580205008294">
        <ele>217.4349488653505</ele>
      </trkpt>
      <trkpt lat="49.41922" lon="7.99218">
        <ele>217.27757663672725</ele>
      </trkpt>
      <trkpt lat="49.41894175993687" lon="7.9925973417382385">
        <ele>217.1578280761575</ele>
      </trkpt>
      <trkpt lat="49.41842" lon="7.99338">
        <ele>217.7624389192033</ele>
      </trkpt>
      <trkpt lat="49.41822" lon="7.99377">
        <ele>218.03028661525468</ele>
      </trkpt>
      <trkpt lat="49.41806" lon="7.99414">
        <ele>218.11474506785623</ele>
      </trkpt>
      <trkpt lat="49.418" lon="7.99435">
        <ele>218.15834637152733</ele>
      </trkpt>
      <trkpt lat="49.41788" lon="7.99487">
        <ele>218.2632332356114</ele>
      </trkpt>
      <trkpt lat="49.41781" lon="7.9954">
        <ele>218.36604138838825</ele>
      </trkpt>
      <trkpt lat="49.4178" lon="7.9959">
        <ele>217.78999053923664</ele>
      </trkpt>
      <trkpt lat="49.4178141288517" lon="7.996161387915643">
        <ele>217.48798943927343</ele>
      </trkpt>
      <trkpt lat="49.41782" lon="7.99627">
        <ele>217.31474178899887</ele>
      </trkpt>
      <trkpt lat="49.41785" lon="7.99661">
        <ele>216.76949143583641</ele>
      </trkpt>
      <trkpt lat="49.41796531638064" lon="7.9975229225993845">
        <ele>215.29166727807842</ele>
      </trkpt>
      <trkpt lat="49.41797" lon="7.99756">
        <ele>215.27014464871408</ele>
      </trkpt>
      <trkpt lat="49.41799" lon="7.99791">
        <ele>215.0699973665339</ele>
      </trkpt>
      <trkpt lat="49.41797" lon="7.99827">
        <ele>214.86417477193848</ele>
      </trkpt>
      <trkpt lat="49.41789" lon="7.9986">
        <ele>214.66355945456704</ele>
      </trkpt>
      <trkpt lat="49.41747" lon="7.99952">
        <ele>217.51898519321145</ele>
      </trkpt>
      <trkpt lat="49.41733" lon="7.99981">
        <ele>218.43645967994038</ele>
      </trkpt>
      <trkpt lat="49.41725" lon="7.99993">
        <ele>219.01994462493153</ele>
      </trkpt>
      <trkpt lat="49.41712" lon="8.00007">
        <ele>219.84851970093848</ele>
      </trkpt>
      <trkpt lat="49.41686863334455" lon="8.000304226930625">
        <ele>221.38256809556592</ele>
      </trkpt>
      <trkpt lat="49.41668" lon="8.00048">
        <ele>222.30536895788129</ele>
      </trkpt>
      <trkpt lat="49.41648723612105" lon="8.00067040140915">
        <ele>223.26263394380354</ele>
      </trkpt>
      <trkpt lat="49.41586" lon="8.00129">
        <ele>225.11547852082498</ele>
      </trkpt>
      <trkpt lat="49.41572" lon="8.00146">
        <ele>225.558710856144</ele>
      </trkpt>
      <trkpt lat="49.41562" lon="8.00162">
        <ele>225.91730096940674</ele>
      </trkpt>
      <trkpt lat="49.41543" lon="8.00202">
        <ele>226.24613438883907</ele>
      </trkpt>
      <trkpt lat="49.41536" lon="8.00221">
        <ele>226.3911080310787</ele>
      </trkpt>
      <trkpt lat="49.41525066922533" lon="8.002581723205202">
        <ele>226.6619314033281</ele>
      </trkpt>
      <trkpt lat="49.41521" lon="8.00272">
        <ele>226.53341968510603</ele>
      </trkpt>
      <trkpt lat="49.41505" lon="8.00337">
        <ele>225.94506027175444</ele>
      </trkpt>
      <trkpt lat="49.41497" lon="8.00363">
        <ele>225.70156794711912</ele>
      </trkpt>
      <trkpt lat="49.41488560208609" lon="8.00384099389458">
        <ele>225.49192163596854</ele>
      </trkpt>
      <trkpt lat="49.41483" lon="8.00398">
        <ele>225.02009530940418</ele>
      </trkpt>
      <trkpt lat="49.41466" lon="8.00433">
        <ele>223.75753480824505</ele>
      </trkpt>
      <trkpt lat="49.4145" lon="8.00459">
        <ele>222.72302861215093</ele>
      </trkpt>
      <trkpt lat="49.41434" lon="8.0048">
        <ele>221.8753109959689</ele>
      </trkpt>
      <trkpt lat="49.41414" lon="8.00503">
        <ele>220.86889643163497</ele>
      </trkpt>
      <trkpt lat="49.41392006646794" lon="8.00525807908843">
        <ele>219.7999915794207</ele>
      </trkpt>
      <trkpt lat="49.41387" lon="8.00531">
        <ele>219.8644086055896</ele>
      </trkpt>
      <trkpt lat="49.413194452336235" lon="8.006074425885664">
        <ele>220.75865377298572</ele>
      </trkpt>
      <trkpt lat="49.41273" lon="8.0066">
        <ele>224.29186809670242</ele>
      </trkpt>
      <trkpt lat="49.41258" lon="8.00674">
        <ele>225.3665937708549</ele>
      </trkpt>
      <trkpt lat="49.41245186287635" lon="8.006849831638371">
        <ele>226.2649208914064</ele>
      </trkpt>
      <trkpt lat="49.41237" lon="8.00692">
        <ele>226.7030306804826</ele>
      </trkpt>
      <trkpt lat="49.41216" lon="8.00707">
        <ele>227.78506183372062</ele>
      </trkpt>
      <trkpt lat="49.41194" lon="8.00718">
        <ele>228.86606110571188</ele>
      </trkpt>
      <trkpt lat="49.41176" lon="8.00723">
        <ele>228.79145535319734</ele>
      </trkpt>
      <trkpt lat="49.4116" lon="8.00722">
        <ele>228.72614238700132</ele>
      </trkpt>
      <trkpt lat="49.41138" lon="8.00707">
        <ele>228.62797852828814</ele>
      </trkpt>
      <trkpt lat="49.41119489852356" lon="8.006923195647635">
        <ele>228.54303777613447</ele>
      </trkpt>
      <trkpt lat="49.41109" lon="8.00684">
        <ele>228.1131722275524</ele>
      </trkpt>
      <trkpt lat="49.41078" lon="8.00665">
        <ele>226.89818837803696</ele>
      </trkpt>
      <trkpt lat="49.41039" lon="8.00646">
        <ele>225.40876628891723</ele>
      </trkpt>
      <trkpt lat="49.410352787399326" lon="8.006445532369117">
        <ele>225.26983092657971</ele>
      </trkpt>
      <trkpt lat="49.40967" lon="8.00618">
        <ele>222.48802286309967</ele>
      </trkpt>
      <trkpt lat="49.40956" lon="8.00616">
        <ele>222.17488149539872</ele>
      </trkpt>
      <trkpt lat="49.40942" lon="8.00617">
        <ele>221.77867056275727</ele>
      </trkpt>
      <trkpt lat="49.4093" lon="8.00623">
        <ele>221.42192663121997</ele>
      </trkpt>
      <trkpt lat="49.40914" lon="8.0064">
        <ele>220.8720371768009</ele>
      </trkpt>
      <trkpt lat="49.40908" lon="8.00652">
        <ele>220.67246377261648</ele>
      </trkpt>
      <trkpt lat="49.40903" lon="8.00666">
        <ele>220.46185998283823</ele>
      </trkpt>
      <trkpt lat="49.40896" lon="8.00701">
        <ele>219.97899630451104</ele>
      </trkpt>
      <trkpt lat="49.408945661506685" lon="8.007133302441517">
        <ele>219.81394756371404</ele>
      </trkpt>
      <trkpt lat="49.40891" lon="8.00744">
        <ele>219.54387903638587</ele>
      </trkpt>
      <trkpt lat="49.40891" lon="8.00786">
        <ele>219.17992169785944</ele>
      </trkpt>
      <trkpt lat="49.40898" lon="8.0082">
        <ele>218.93928361998414</ele>
      </trkpt>
      <trkpt lat="49.40908" lon="8.00847">
        <ele>218.7296432235813</ele>
      </trkpt>
      <trkpt lat="49.40936620903981" lon="8.008980786904662">
        <ele>218.27496186358601</ele>
      </trkpt>
      <trkpt lat="49.40973" lon="8.00963">
        <ele>218.24327267719087</ele>
      </trkpt>
      <trkpt lat="49.4098" lon="8.00979">
        <ele>218.23614381145651</ele>
      </trkpt>
      <trkpt lat="49.40985" lon="8.00999">
        <ele>218.22822192615428</ele>
      </trkpt>
      <trkpt lat="49.40988" lon="8.0102">
        <ele>218.41648697015637</ele>
      </trkpt>
      <trkpt lat="49.40987" lon="8.01042">
        <ele>218.6095977438618</ele>
      </trkpt>
      <trkpt lat="49.40984" lon="8.01063">
        <ele>218.79786282444954</ele>
      </trkpt>
      <trkpt lat="49.40975" lon="8.01099">
        <ele>219.13556348916364</ele>
      </trkpt>
      <trkpt lat="49.40962" lon="8.01132">
        <ele>219.8921485303368</ele>
      </trkpt>
      <trkpt lat="49.40945" lon="8.01162">
        <ele>220.67237669554243</ele>
      </trkpt>
      <trkpt lat="49.40937" lon="8.01173">
        <ele>220.99593633273247</ele>
      </trkpt>
      <trkpt lat="49.40918" lon="8.01192">
        <ele>221.6792034562669</ele>
      </trkpt>
      <trkpt lat="49.40907" lon="8.01201">
        <ele>222.16758630695946</ele>
      </trkpt>
      <trkpt lat="49.40867" lon="8.01221">
        <ele>223.8161003684018</ele>
      </trkpt>
      <trkpt lat="49.40841707342985" lon="8.012309364001663">
        <ele>224.83918314650134</ele>
      </trkpt>
      <trkpt lat="49.40839" lon="8.01232">
        <ele>224.85787305043786</ele>
      </trkpt>
      <trkpt lat="49.40814" lon="8.01239">
        <ele>225.02778102091125</ele>
      </trkpt>
      <trkpt lat="49.407527083550825" lon="8.012503770605267">
        <ele>225.44034765051396</ele>
      </trkpt>
      <trkpt lat="49.40647" lon="8.0127">
        <ele>220.96534728813694</ele>
      </trkpt>
      <trkpt lat="49.40626" lon="8.01278">
        <ele>219.9190776780654</ele>
      </trkpt>
      <trkpt lat="49.40604" lon="8.01293">
        <ele>218.75518157697465</ele>
      </trkpt>
      <trkpt lat="49.40580415800286" lon="8.01315062617907">
        <ele>217.42012823886836</ele>
      </trkpt>
      <trkpt lat="49.40573" lon="8.01322">
        <ele>217.05855991756383</ele>
      </trkpt>
      <trkpt lat="49.40554" lon="8.01344">
        <ele>216.06811152133542</ele>
      </trkpt>
      <trkpt lat="49.40538" lon="8.0137">
        <ele>215.0986268054908</ele>
      </trkpt>
      <trkpt lat="49.40525" lon="8.01401">
        <ele>214.31687036782182</ele>
      </trkpt>
      <trkpt lat="49.40513" lon="8.01439">
        <ele>213.4215264530771</ele>
      </trkpt>
      <trkpt lat="49.40509" lon="8.01456">
        <ele>213.0383356790307</ele>
      </trkpt>
      <trkpt lat="49.40505673669267" lon="8.014798383250692">
        <ele>212.5216680467467</ele>
      </trkpt>
      <trkpt lat="49.40503" lon="8.01499">
        <ele>212.21834534274956</ele>
      </trkpt>
      <trkpt lat="49.404999585267255" lon="8.015483910985814">
        <ele>211.4526929217177</ele>
      </trkpt>
      <trkpt lat="49.40491539442044" lon="8.01685913567766">
        <ele>210.41119216718084</ele>
      </trkpt>
      <trkpt lat="49.4048311872642" lon="8.0182343556529">
        <ele>211.44279090390359</ele>
      </trkpt>
      <trkpt lat="49.40475" lon="8.01956">
        <ele>213.08275441522326</ele>
      </trkpt>
      <trkpt lat="49.40474372725637" lon="8.01960920641354">
        <ele>213.14407902640608</ele>
      </trkpt>
      <trkpt lat="49.40461" lon="8.02066">
        <ele>214.9856188489554</ele>
      </trkpt>
      <trkpt lat="49.4045" lon="8.0212">
        <ele>216.70029409553285</ele>
      </trkpt>
      <trkpt lat="49.40437" lon="8.02151">
        <ele>217.8178702830492</ele>
      </trkpt>
      <trkpt lat="49.40415" lon="8.02184">
        <ele>219.24953248791184</ele>
      </trkpt>
      <trkpt lat="49.40384" lon="8.02217">
        <ele>221.2937394702448</ele>
      </trkpt>
      <trkpt lat="49.40349" lon="8.02236">
        <ele>223.30588396198573</ele>
      </trkpt>
      <trkpt lat="49.40312" lon="8.02242">
        <ele>223.9349439510426</ele>
      </trkpt>
      <trkpt lat="49.40277" lon="8.02228">
        <ele>224.54643365943647</ele>
      </trkpt>
      <trkpt lat="49.40251" lon="8.02207">
        <ele>223.66622391786154</ele>
      </trkpt>
      <trkpt lat="49.40238" lon="8.02193">
        <ele>223.1905119567552</ele>
      </trkpt>
      <trkpt lat="49.402341915865875" lon="8.02188153079153">
        <ele>223.04254893697606</ele>
      </trkpt>
      <trkpt lat="49.40216" lon="8.02165">
        <ele>221.35968979350056</ele>
      </trkpt>
      <trkpt lat="49.40167104702533" lon="8.020961589240768">
        <ele>216.6388984660048</ele>
      </trkpt>
      <trkpt lat="49.40100835479652" lon="8.020028485427067">
        <ele>208.86237547800084</ele>
      </trkpt>
      <trkpt lat="49.40091" lon="8.01989">
        <ele>208.1028424204637</ele>
      </trkpt>
      <trkpt lat="49.40065" lon="8.01954">
        <ele>206.135410562719</ele>
      </trkpt>
      <trkpt lat="49.40051" lon="8.01945">
        <ele>205.2716252232765</ele>
      </trkpt>
      <trkpt lat="49.40034" lon="8.01939">
        <ele>204.2788104864082</ele>
      </trkpt>
      <trkpt lat="49.40024" lon="8.0194">
        <ele>204.16409970013544</ele>
      </trkpt>
      <trkpt lat="49.40015" lon="8.01942">
        <ele>204.06000619943325</ele>
      </trkpt>
      <trkpt lat="49.39998" lon="8.0195">
        <ele>203.8564886647678</ele>
      </trkpt>
      <trkpt lat="49.39983" lon="8.01966">
        <ele>203.64747183914844</ele>
      </trkpt>
      <trkpt lat="49.39976" lon="8.01977">
        <ele>203.5328631700936</ele>
      </trkpt>
      <trkpt lat="49.39968" lon="8.01994">
        <ele>203.78161216995892</ele>
      </trkpt>
      <trkpt lat="49.39964" lon="8.02012">
        <ele>204.0071396418019</ele>
      </trkpt>
      <trkpt lat="49.39961" lon="8.02029">
        <ele>204.21598959784095</ele>
      </trkpt>
      <trkpt lat="49.39958872206027" lon="8.020928298817454">
        <ele>204.97372106540774</ele>
      </trkpt>
      <trkpt lat="49.39958" lon="8.02119">
        <ele>205.5902523768187</ele>
      </trkpt>
      <trkpt lat="49.39952" lon="8.02167">
        <ele>206.7398689178949</ele>
      </trkpt>
      <trkpt lat="49.39942" lon="8.02202">
        <ele>206.91246928512555</ele>
      </trkpt>
      <trkpt lat="49.39934" lon="8.02221">
        <ele>207.01465346335797</ele>
      </trkpt>
      <trkpt lat="49.39917" lon="8.02251">
        <ele>207.19427392112146</ele>
      </trkpt>
      <trkpt lat="49.39907" lon="8.02263">
        <ele>207.28230979026475</ele>
      </trkpt>
      <trkpt lat="49.39891" lon="8.02277">
        <ele>207.4100626833534</ele>
      </trkpt>
      <trkpt lat="49.39881" lon="8.0228">
        <ele>207.06365268618325</ele>
      </trkpt>
      <trkpt lat="49.39861" lon="8.02282">
        <ele>206.3822326234222</ele>
      </trkpt>
      <trkpt lat="49.39842" lon="8.02275">
        <ele>205.71794147176342</ele>
      </trkpt>
      <trkpt lat="49.39815" lon="8.02254">
        <ele>204.68598135553023</ele>
      </trkpt>
      <trkpt lat="49.3979" lon="8.02239">
        <ele>203.65745494098505</ele>
      </trkpt>
      <trkpt lat="49.3978" lon="8.02237">
        <ele>203.27099208239045</ele>
      </trkpt>
      <trkpt lat="49.39769" lon="8.02236">
        <ele>202.84870171465505</ele>
      </trkpt>
      <trkpt lat="49.39756" lon="8.02238">
        <ele>202.34801151357107</ele>
      </trkpt>
      <trkpt lat="49.39692" lon="8.02261">
        <ele>201.79149055816245</ele>
      </trkpt>
      <trkpt lat="49.3968" lon="8.02268">
        <ele>201.68280915047905</ele>
      </trkpt>
      <trkpt lat="49.39668" lon="8.02277">
        <ele>201.56974555543172</ele>
      </trkpt>
      <trkpt lat="49.39659" lon="8.02286">
        <ele>201.47882380461934</ele>
      </trkpt>
      <trkpt lat="49.39651" lon="8.02297">
        <ele>201.38792461489788</ele>
      </trkpt>
      <trkpt lat="49.39637" lon="8.02326">
        <ele>202.14760500351062</ele>
      </trkpt>
      <trkpt lat="49.39624" lon="8.02379">
        <ele>203.33926909206122</ele>
      </trkpt>
      <trkpt lat="49.39622" lon="8.02419">
        <ele>204.18333422701522</ele>
      </trkpt>
      <trkpt lat="49.39626" lon="8.02463">
        <ele>204.8521217231659</ele>
      </trkpt>
      <trkpt lat="49.3963" lon="8.02485">
        <ele>205.19598066113124</ele>
      </trkpt>
      <trkpt lat="49.396332809340926" lon="8.024984224792975">
        <ele>205.4116581766343</ele>
      </trkpt>
      <trkpt lat="49.39641" lon="8.0253">
        <ele>205.5450253898941</ele>
      </trkpt>
      <trkpt lat="49.39651071527939" lon="8.025617901723352">
        <ele>205.6846787443221</ele>
      </trkpt>
      <trkpt lat="49.39673" lon="8.02631">
        <ele>205.3523000413977</ele>
      </trkpt>
      <trkpt lat="49.39674" lon="8.02646">
        <ele>205.28721218549626</ele>
      </trkpt>
      <trkpt lat="49.39673" lon="8.02662">
        <ele>205.21782880312603</ele>
      </trkpt>
      <trkpt lat="49.39667" lon="8.02692">
        <ele>205.0823538687255</ele>
      </trkpt>
      <trkpt lat="49.39662" lon="8.02706">
        <ele>205.15235345129042</ele>
      </trkpt>
      <trkpt lat="49.396141048703655" lon="8.028017901973914">
        <ele>205.6818333303538</ele>
      </trkpt>
      <trkpt lat="49.39611" lon="8.02808">
        <ele>205.84388267634907</ele>
      </trkpt>
      <trkpt lat="49.39593" lon="8.02848">
        <ele>206.84992343736806</ele>
      </trkpt>
      <trkpt lat="49.39567516600966" lon="8.029197079052834">
        <ele>208.5397674197086</ele>
      </trkpt>
      <trkpt lat="49.3955" lon="8.02969">
        <ele>208.93469487455633</ele>
      </trkpt>
      <trkpt lat="49.39542" lon="8.02989">
        <ele>209.09972278652003</ele>
      </trkpt>
      <trkpt lat="49.39523" lon="8.03027">
        <ele>209.43658777871994</ele>
      </trkpt>
      <trkpt lat="49.39514" lon="8.0304">
        <ele>209.09277950421327</ele>
      </trkpt>
      <trkpt lat="49.39504" lon="8.03052">
        <ele>208.73962307242127</ele>
      </trkpt>
      <trkpt lat="49.39494" lon="8.03061">
        <ele>208.41706059346905</ele>
      </trkpt>
      <trkpt lat="49.39482" lon="8.03069">
        <ele>208.05298147780172</ele>
      </trkpt>
      <trkpt lat="49.39479927934683" lon="8.030698488963743">
        <ele>207.99382788410466</ele>
      </trkpt>
      <trkpt lat="49.39421" lon="8.03094">
        <ele>204.72113231176218</ele>
      </trkpt>
      <trkpt lat="49.39406" lon="8.03102">
        <ele>203.86937026753301</ele>
      </trkpt>
      <trkpt lat="49.39392" lon="8.03112">
        <ele>203.04116094374285</ele>
      </trkpt>
      <trkpt lat="49.39379" lon="8.03125">
        <ele>202.4886272393872</ele>
      </trkpt>
      <trkpt lat="49.39368" lon="8.03138">
        <ele>201.9942739970889</ele>
      </trkpt>
      <trkpt lat="49.39357" lon="8.03155">
        <ele>201.43849476075397</ele>
      </trkpt>
      <trkpt lat="49.3932963768038" lon="8.03205005933837">
        <ele>199.92435549872346</ele>
      </trkpt>
      <trkpt lat="49.39299" lon="8.03261">
        <ele>199.23451437322487</ele>
      </trkpt>
      <trkpt lat="49.39293" lon="8.03278">
        <ele>199.19202464067354</ele>
      </trkpt>
      <trkpt lat="49.39275" lon="8.03369">
        <ele>198.98305427222544</ele>
      </trkpt>
      <trkpt lat="49.39276723482933" lon="8.033884401672951">
        <ele>198.94001949854675</ele>
      </trkpt>
      <trkpt lat="49.39286" lon="8.03493">
        <ele>197.51304919380365</ele>
      </trkpt>
      <trkpt lat="49.39287" lon="8.03526">
        <ele>197.06290377732125</ele>
      </trkpt>
      <trkpt lat="49.39281" lon="8.0368">
        <ele>193.7729392086791</ele>
      </trkpt>
      <trkpt lat="49.39273" lon="8.03731">
        <ele>192.65421116908394</ele>
      </trkpt>
      <trkpt lat="49.39268" lon="8.03752">
        <ele>192.26406142418287</ele>
      </trkpt>
      <trkpt lat="49.392541370930545" lon="8.037935886986816">
        <ele>191.44882513219926</ele>
      </trkpt>
      <trkpt lat="49.39253" lon="8.03797">
        <ele>191.38348665910746</ele>
      </trkpt>
      <trkpt lat="49.39245" lon="8.03814">
        <ele>191.0259685360636</ele>
      </trkpt>
      <trkpt lat="49.39225" lon="8.03849">
        <ele>190.23221293073874</ele>
      </trkpt>
      <trkpt lat="49.39214" lon="8.03866">
        <ele>189.86737816150782</ele>
      </trkpt>
      <trkpt lat="49.39185" lon="8.03897">
        <ele>189.04127235422487</ele>
      </trkpt>
      <trkpt lat="49.39167" lon="8.03912">
        <ele>188.56244348495898</ele>
      </trkpt>
      <trkpt lat="49.391514757781074" lon="8.039226451130281">
        <ele>188.1650766312414</ele>
      </trkpt>
      <trkpt lat="49.39132" lon="8.03936">
        <ele>187.8138200967502</ele>
      </trkpt>
      <trkpt lat="49.39116" lon="8.03952">
        <ele>187.49950216292387</ele>
      </trkpt>
      <trkpt lat="49.39094" lon="8.03979">
        <ele>187.03590410173032</ele>
      </trkpt>
      <trkpt lat="49.39078" lon="8.04009">
        <ele>186.62026377208065</ele>
      </trkpt>
      <trkpt lat="49.39068" lon="8.04032">
        <ele>186.32384949677976</ele>
      </trkpt>
      <trkpt lat="49.39061" lon="8.04056">
        <ele>186.2311754407618</ele>
      </trkpt>
      <trkpt lat="49.39051" lon="8.0411">
        <ele>186.03333773699288</ele>
      </trkpt>
      <trkpt lat="49.39050999632883" lon="8.04132032230215">
        <ele>185.9557663846017</ele>
      </trkpt>
      <trkpt lat="49.39051" lon="8.04192">
        <ele>185.68808604675078</ele>
      </trkpt>
      <trkpt lat="49.39046" lon="8.04243">
        <ele>185.45793976913598</ele>
      </trkpt>
      <trkpt lat="49.39028" lon="8.04318">
        <ele>184.71110614325656</ele>
      </trkpt>
      <trkpt lat="49.39023339387717" lon="8.043319816386932">
        <ele>184.5644158133728</ele>
      </trkpt>
      <trkpt lat="49.39016" lon="8.04354">
        <ele>184.25265150892716</ele>
      </trkpt>
      <trkpt lat="49.39002" lon="8.04386">
        <ele>183.7668793237218</ele>
      </trkpt>
      <trkpt lat="49.38984" lon="8.04419">
        <ele>183.2244319780164</ele>
      </trkpt>
      <trkpt lat="49.3893" lon="8.04475">
        <ele>182.30094458705176</ele>
      </trkpt>
      <trkpt lat="49.38914" lon="8.04489">
        <ele>182.2614695532786</ele>
      </trkpt>
      <trkpt lat="49.38902" lon="8.04496">
        <ele>182.23813789144822</ele>
      </trkpt>
      <trkpt lat="49.38887" lon="8.04501">
        <ele>182.2102382230263</ele>
      </trkpt>
      <trkpt lat="49.38863" lon="8.04512">
        <ele>182.1647137557245</ele>
      </trkpt>
      <trkpt lat="49.38846245191115" lon="8.045249468906036">
        <ele>182.1306266475167</ele>
      </trkpt>
      <trkpt lat="49.38841" lon="8.04529">
        <ele>182.20295699916588</ele>
      </trkpt>
      <trkpt lat="49.38769" lon="8.04593">
        <ele>183.22739533286412</ele>
      </trkpt>
      <trkpt lat="49.38758" lon="8.04599">
        <ele>183.38173340528866</ele>
      </trkpt>
      <trkpt lat="49.3873" lon="8.04607">
        <ele>183.75829901346447</ele>
      </trkpt>
      <trkpt lat="49.38709" lon="8.04607">
        <ele>184.0359619057775</ele>
      </trkpt>
      <trkpt lat="49.38691" lon="8.04604">
        <ele>184.27535522152726</ele>
      </trkpt>
      <trkpt lat="49.38681" lon="8.04601">
        <ele>184.36648898184657</ele>
      </trkpt>
      <trkpt lat="49.38645" lon="8.04578">
        <ele>184.71522468580835</ele>
      </trkpt>
      <trkpt lat="49.386379377974514" lon="8.04575236551271">
        <ele>184.78036281148263</ele>
      </trkpt>
      <trkpt lat="49.38622" lon="8.04569">
        <ele>184.90212602851688</ele>
      </trkpt>
      <trkpt lat="49.38601" lon="8.04566">
        <ele>185.05822121211872</ele>
      </trkpt>
      <trkpt lat="49.38586" lon="8.04565">
        <ele>185.16934326368582</ele>
      </trkpt>
      <trkpt lat="49.38576" lon="8.04566">
        <ele>185.2058940969823</ele>
      </trkpt>
      <trkpt lat="49.38559" lon="8.04572">
        <ele>185.26951473649294</ele>
      </trkpt>
      <trkpt lat="49.38536" lon="8.04583">
        <ele>185.35737568117491</ele>
      </trkpt>
      <trkpt lat="49.38515" lon="8.04597">
        <ele>185.44087221027146</ele>
      </trkpt>
      <trkpt lat="49.38499" lon="8.04611">
        <ele>185.43227296264078</ele>
      </trkpt>
      <trkpt lat="49.38471259028058" lon="8.046422822085812">
        <ele>185.41620536952368</ele>
      </trkpt>
      <trkpt lat="49.38452" lon="8.04664">
        <ele>185.25360457956</ele>
      </trkpt>
      <trkpt lat="49.3840131759547" lon="8.047290248694829">
        <ele>184.80447634315624</ele>
      </trkpt>
      <trkpt lat="49.38366825486136" lon="8.047732801545479">
        <ele>184.26374374981526</ele>
      </trkpt>
      <trkpt lat="49.38346" lon="8.048">
        <ele>183.63277658342727</ele>
      </trkpt>
      <trkpt lat="49.382984098664295" lon="8.048629055844033">
        <ele>182.17366298905458</ele>
      </trkpt>
      <trkpt lat="49.38259" lon="8.04915">
        <ele>180.68377640596154</ele>
      </trkpt>
      <trkpt lat="49.38241" lon="8.04935">
        <ele>180.04738217310887</ele>
      </trkpt>
      <trkpt lat="49.38195" lon="8.04961">
        <ele>178.6432633757957</ele>
      </trkpt>
      <trkpt lat="49.38183901542223" lon="8.049663436738335">
        <ele>178.31022807326897</ele>
      </trkpt>
      <trkpt lat="49.38168" lon="8.04974">
        <ele>178.12340470985578</ele>
      </trkpt>
      <trkpt lat="49.38140517531523" lon="8.049843059122269">
        <ele>177.80639752011757</ele>
      </trkpt>
      <trkpt lat="49.38128" lon="8.04989">
        <ele>177.8398018724795</ele>
      </trkpt>
      <trkpt lat="49.380511866388" lon="8.04997863062548">
        <ele>178.03941412421264</ele>
      </trkpt>
      <trkpt lat="49.38024" lon="8.05001">
        <ele>178.13315391675582</ele>
      </trkpt>
      <trkpt lat="49.38012" lon="8.05004">
        <ele>178.174943589542</ele>
      </trkpt>
      <trkpt lat="49.37997" lon="8.05009">
        <ele>178.2277023351277</ele>
      </trkpt>
      <trkpt lat="49.37983" lon="8.05017">
        <ele>178.27904589295093</ele>
      </trkpt>
      <trkpt lat="49.3797" lon="8.05028">
        <ele>178.33006164277964</ele>
      </trkpt>
      <trkpt lat="49.37957" lon="8.05042">
        <ele>178.18733264395343</ele>
      </trkpt>
      <trkpt lat="49.37937" lon="8.05071">
        <ele>177.94007977676563</ele>
      </trkpt>
      <trkpt lat="49.37932139071626" lon="8.050786235601585">
        <ele>177.87781287249064</ele>
      </trkpt>
      <trkpt lat="49.37886" lon="8.05151">
        <ele>176.63525910970696</ele>
      </trkpt>
      <trkpt lat="49.378683565362245" lon="8.051758612251152">
        <ele>176.18431293237322</ele>
      </trkpt>
      <trkpt lat="49.37864" lon="8.05182">
        <ele>176.04722246462077</ele>
      </trkpt>
      <trkpt lat="49.37842" lon="8.05207">
        <ele>175.4128450794728</ele>
      </trkpt>
      <trkpt lat="49.37831960808986" lon="8.052162390455385">
        <ele>175.14221374261945</ele>
      </trkpt>
      <trkpt lat="49.3775486332597" lon="8.052872053449674">
        <ele>173.56557689873773</ele>
      </trkpt>
      <trkpt lat="49.37754" lon="8.05288">
        <ele>173.5730263043159</ele>
      </trkpt>
      <trkpt lat="49.3774" lon="8.05303">
        <ele>173.69932692362252</ele>
      </trkpt>
      <trkpt lat="49.37723" lon="8.05323">
        <ele>173.8577709868056</ele>
      </trkpt>
      <trkpt lat="49.37683989379209" lon="8.053721064273963">
        <ele>174.23083205868002</ele>
      </trkpt>
      <trkpt lat="49.37638" lon="8.0543">
        <ele>175.69712232930038</ele>
      </trkpt>
      <trkpt lat="49.37628" lon="8.05447">
        <ele>176.00896956684934</ele>
      </trkpt>
      <trkpt lat="49.37593281962661" lon="8.05523071323295">
        <ele>177.27308370820288</ele>
      </trkpt>
      <trkpt lat="49.3756" lon="8.05596">
        <ele>177.17053545237408</ele>
      </trkpt>
      <trkpt lat="49.375464240092796" lon="8.05640348199841">
        <ele>177.11412693409898</ele>
      </trkpt>
      <trkpt lat="49.37545" lon="8.05645">
        <ele>177.01335819700242</ele>
      </trkpt>
      <trkpt lat="49.37521" lon="8.05769">
        <ele>174.4781592625847</ele>
      </trkpt>
      <trkpt lat="49.375202348602706" lon="8.057724000223532">
        <ele>174.40789735937489</ele>
      </trkpt>
      <trkpt lat="49.37512" lon="8.05809">
        <ele>173.84438167243152</ele>
      </trkpt>
      <trkpt lat="49.37497" lon="8.05849">
        <ele>173.17286029018487</ele>
      </trkpt>
      <trkpt lat="49.3747" lon="8.05905">
        <ele>172.15914243169783</ele>
      </trkpt>
      <trkpt lat="49.37458" lon="8.05935">
        <ele>171.6469291021871</ele>
      </trkpt>
      <trkpt lat="49.37453" lon="8.05954">
        <ele>172.0168274781992</ele>
      </trkpt>
      <trkpt lat="49.37448" lon="8.05982">
        <ele>172.54088603774218</ele>
      </trkpt>
      <trkpt lat="49.37446" lon="8.0601">
        <ele>173.04931451790563</ele>
      </trkpt>
      <trkpt lat="49.374463475702086" lon="8.060186993913373">
        <ele>173.20625640846703</ele>
      </trkpt>
      <trkpt lat="49.37449" lon="8.06085">
        <ele>174.40129166623376</ele>
      </trkpt>
      <trkpt lat="49.374483766765" lon="8.061566481533319">
        <ele>175.689748380719</ele>
      </trkpt>
      <trkpt lat="49.37448" lon="8.062">
        <ele>175.78486524983117</ele>
      </trkpt>
      <trkpt lat="49.37443" lon="8.06239">
        <ele>175.87204177611926</ele>
      </trkpt>
      <trkpt lat="49.37429" lon="8.06292">
        <ele>174.56777492784713</ele>
      </trkpt>
      <trkpt lat="49.374044703984275" lon="8.063471914331464">
        <ele>173.04409626720317</ele>
      </trkpt>
      <trkpt lat="49.37397" lon="8.06364">
        <ele>172.4607950346112</ele>
      </trkpt>
      <trkpt lat="49.37385" lon="8.06395">
        <ele>171.42742974655752</ele>
      </trkpt>
      <trkpt lat="49.37377" lon="8.06421">
        <ele>170.60345272336426</ele>
      </trkpt>
      <trkpt lat="49.37371" lon="8.06445">
        <ele>169.86682790904283</ele>
      </trkpt>
      <trkpt lat="49.37355894171995" lon="8.065384274443744">
        <ele>168.9188633739456</ele>
      </trkpt>
      <trkpt lat="49.37344" lon="8.06612">
        <ele>169.38663376493247</ele>
      </trkpt>
      <trkpt lat="49.37334954277927" lon="8.066727598727693">
        <ele>169.770660361867</ele>
      </trkpt>
      <trkpt lat="49.373149350236595" lon="8.068073330236533">
        <ele>171.5059321683386</ele>
      </trkpt>
      <trkpt lat="49.37304924810773" lon="8.068746191880305">
        <ele>172.389490365536</ele>
      </trkpt>
      <trkpt lat="49.37301" lon="8.06901">
        <ele>172.60254150286897</ele>
      </trkpt>
      <trkpt lat="49.37283" lon="8.07002">
        <ele>173.4267139945399</ele>
      </trkpt>
      <trkpt lat="49.3728" lon="8.07034">
        <ele>173.5836958987155</ele>
      </trkpt>
      <trkpt lat="49.37277204081123" lon="8.070768942149549">
        <ele>173.79253816189896</ele>
      </trkpt>
      <trkpt lat="49.37268284728776" lon="8.072142520421155">
        <ele>173.6674601727695</ele>
      </trkpt>
      <trkpt lat="49.37263824442357" lon="8.072829307687572">
        <ele>173.21527472477743</ele>
      </trkpt>
      <trkpt lat="49.37257" lon="8.07388">
        <ele>172.15387732233796</ele>
      </trkpt>
      <trkpt lat="49.37265674588816" lon="8.074886262447794">
        <ele>171.05654474349762</ele>
      </trkpt>
      <trkpt lat="49.37267" lon="8.07504">
        <ele>170.93662075620125</ele>
      </trkpt>
      <trkpt lat="49.37281254989076" lon="8.076246309563974">
        <ele>169.989078571368</ele>
      </trkpt>
      <trkpt lat="49.37293" lon="8.07724">
        <ele>169.65284073441856</ele>
      </trkpt>
      <trkpt lat="49.373011824970845" lon="8.077589016872643">
        <ele>169.52950051346411</ele>
      </trkpt>
      <trkpt lat="49.373164101189744" lon="8.078238389488622">
        <ele>169.15741347494594</ele>
      </trkpt>
      <trkpt lat="49.37327" lon="8.07869">
        <ele>168.5519138954729</ele>
      </trkpt>
      <trkpt lat="49.37336" lon="8.07918">
        <ele>167.90988569524114</ele>
      </trkpt>
      <trkpt lat="49.37340968855748" lon="8.079564309836696">
        <ele>167.41610364643287</ele>
      </trkpt>
      <trkpt lat="49.37351" lon="8.08034">
        <ele>165.74042676773146</ele>
      </trkpt>
      <trkpt lat="49.37357505519347" lon="8.080921506946495">
        <ele>164.4912105834197</ele>
      </trkpt>
      <trkpt lat="49.37367" lon="8.08177">
        <ele>162.67977431447716</ele>
      </trkpt>
      <trkpt lat="49.37375794139109" lon="8.082272217533202">
        <ele>161.58675517989997</ele>
      </trkpt>
      <trkpt lat="49.37398" lon="8.08354">
        <ele>160.562742525465</ele>
      </trkpt>
      <trkpt lat="49.37399050172379" lon="8.083605994358237">
        <ele>160.51003743395805</ele>
      </trkpt>
      <trkpt lat="49.37416" lon="8.08467">
        <ele>160.9384674975008</ele>
      </trkpt>
      <trkpt lat="49.37418606835317" lon="8.084952424887657">
        <ele>161.0499536434072</ele>
      </trkpt>
      <trkpt lat="49.37422" lon="8.08532">
        <ele>161.40476759450846</ele>
      </trkpt>
      <trkpt lat="49.37421" lon="8.08605">
        <ele>162.10238242108557</ele>
      </trkpt>
      <trkpt lat="49.374186635792306" lon="8.087019323816156">
        <ele>163.1632813160608</ele>
      </trkpt>
      <trkpt lat="49.37417" lon="8.08771">
        <ele>164.0443949276998</ele>
      </trkpt>
      <trkpt lat="49.37413" lon="8.08834">
        <ele>164.66547240150885</ele>
      </trkpt>
      <trkpt lat="49.37407" lon="8.08885">
        <ele>165.17397919769948</ele>
      </trkpt>
      <trkpt lat="49.37388" lon="8.08968">
        <ele>166.03722871956393</ele>
      </trkpt>
      <trkpt lat="49.37372" lon="8.09016">
        <ele>165.72076449343177</ele>
      </trkpt>
      <trkpt lat="49.37364977399771" lon="8.090317169228047">
        <ele>165.60896762477697</ele>
      </trkpt>
      <trkpt lat="49.37351" lon="8.09063">
        <ele>165.2213461011485</ele>
      </trkpt>
      <trkpt lat="49.37341" lon="8.09081">
        <ele>164.97967859360233</ele>
      </trkpt>
      <trkpt lat="49.37307" lon="8.09135">
        <ele>164.21246299767282</ele>
      </trkpt>
      <trkpt lat="49.37292" lon="8.09154">
        <ele>164.468106228737</ele>
      </trkpt>
      <trkpt lat="49.37244" lon="8.09206">
        <ele>165.32083500430318</ele>
      </trkpt>
      <trkpt lat="49.37237" lon="8.09222">
        <ele>165.503043575698</ele>
      </trkpt>
      <trkpt lat="49.37241" lon="8.09237">
        <ele>165.6562613420124</ele>
      </trkpt>
      <trkpt lat="49.37289" lon="8.09321">
        <ele>172.16031674157318</ele>
      </trkpt>
      <trkpt lat="49.37294373550144" lon="8.093270057832862">
        <ele>172.75390246208156</ele>
      </trkpt>
      <trkpt lat="49.37306" lon="8.0934">
        <ele>174.7461747551932</ele>
      </trkpt>
      <trkpt lat="49.37344" lon="8.09374">
        <ele>180.83757777863158</ele>
      </trkpt>
      <trkpt lat="49.37356" lon="8.09386">
        <ele>182.82096631960047</ele>
      </trkpt>
      <trkpt lat="49.37365" lon="8.09397">
        <ele>184.41411399899098</ele>
      </trkpt>
      <trkpt lat="49.37369099158281" lon="8.09403148779356">
        <ele>185.2072778074407</ele>
      </trkpt>
      <trkpt lat="49.37377" lon="8.09415">
        <ele>186.5715215128983</ele>
      </trkpt>
      <trkpt lat="49.37387" lon="8.09437">
        <ele>188.72886907339353</ele>
      </trkpt>
      <trkpt lat="49.37407" lon="8.09499">
        <ele>194.29233273620957</ele>
      </trkpt>
      <trkpt lat="49.374154603836736" lon="8.095204764253674">
        <ele>196.31028858987838</ele>
      </trkpt>
      <trkpt lat="49.3742" lon="8.09532">
        <ele>197.13862157708618</ele>
      </trkpt>
      <trkpt lat="49.37436" lon="8.09561">
        <ele>199.47561142028707</ele>
      </trkpt>
      <trkpt lat="49.37446" lon="8.09577">
        <ele>200.83917002072698</ele>
      </trkpt>
      <trkpt lat="49.37468" lon="8.09601">
        <ele>203.38724299344057</ele>
      </trkpt>
      <trkpt lat="49.37481" lon="8.09612">
        <ele>204.7029856292581</ele>
      </trkpt>
      <trkpt lat="49.37511" lon="8.09629">
        <ele>207.53765329325662</ele>
      </trkpt>
      <trkpt lat="49.37523818991575" lon="8.096333542510877">
        <ele>208.69882893838752</ele>
      </trkpt>
      <trkpt lat="49.37611581233257" lon="8.096631596671736">
        <ele>218.1894111485599</ele>
      </trkpt>
      <trkpt lat="49.37617" lon="8.09665">
        <ele>218.78712724602028</ele>
      </trkpt>
      <trkpt lat="49.37655158878501" lon="8.096801320049765">
        <ele>223.02970809914316</ele>
      </trkpt>
      <trkpt lat="49.37675" lon="8.09688">
        <ele>225.04212163035803</ele>
      </trkpt>
      <trkpt lat="49.37703" lon="8.09701">
        <ele>227.9138749260992</ele>
      </trkpt>
      <trkpt lat="49.37740575208048" lon="8.097227936454122">
        <ele>231.8566776670578</ele>
      </trkpt>
      <trkpt lat="49.37753" lon="8.0973">
        <ele>232.93965201164897</ele>
      </trkpt>
      <trkpt lat="49.378231698626095" lon="8.097773056008212">
        <ele>239.18587041176198</ele>
      </trkpt>
      <trkpt lat="49.37842" lon="8.0979">
        <ele>240.85098988844032</ele>
      </trkpt>
      <trkpt lat="49.37886" lon="8.09822">
        <ele>244.79173496863592</ele>
      </trkpt>
      <trkpt lat="49.37899" lon="8.09835">
        <ele>245.88201774820584</ele>
      </trkpt>
      <trkpt lat="49.37922" lon="8.09866">
        <ele>248.0327014966487</ele>
      </trkpt>
      <trkpt lat="49.379338801090995" lon="8.098897603468126">
        <ele>249.4032488853359</ele>
      </trkpt>
      <trkpt lat="49.37943" lon="8.09908">
        <ele>250.0719370506669</ele>
      </trkpt>
      <trkpt lat="49.37955" lon="8.0994">
        <ele>251.1453341565607</ele>
      </trkpt>
      <trkpt lat="49.37957302504194" lon="8.099484483551182">
        <ele>251.4103255942658</ele>
      </trkpt>
      <trkpt lat="49.37991" lon="8.10072">
        <ele>252.9285375657106</ele>
      </trkpt>
      <trkpt lat="49.37992129146462" lon="8.100757354246554">
        <ele>252.9750458688325</ele>
      </trkpt>
      <trkpt lat="49.38004" lon="8.10115">
        <ele>252.4985882076378</ele>
      </trkpt>
      <trkpt lat="49.38013" lon="8.10139">
        <ele>252.19386221220427</ele>
      </trkpt>
      <trkpt lat="49.38026" lon="8.10164">
        <ele>251.84183744215753</ele>
      </trkpt>
      <trkpt lat="49.38039" lon="8.10179">
        <ele>251.5670619283312</ele>
      </trkpt>
      <trkpt lat="49.38062" lon="8.10194">
        <ele>251.14478741683178</ele>
      </trkpt>
      <trkpt lat="49.38073" lon="8.10198">
        <ele>251.77750310397337</ele>
      </trkpt>
      <trkpt lat="49.38084" lon="8.10199">
        <ele>252.39427798887766</ele>
      </trkpt>
      <trkpt lat="49.3811" lon="8.10194">
        <ele>253.8609239800052</ele>
      </trkpt>
      <trkpt lat="49.38122" lon="8.10189">
        <ele>254.55686678480578</ele>
      </trkpt>
      <trkpt lat="49.381317754410446" lon="8.101828153014306">
        <ele>255.14787266773178</ele>
      </trkpt>
      <trkpt lat="49.38171" lon="8.10158">
        <ele>261.08606515517914</ele>
      </trkpt>
      <trkpt lat="49.38183" lon="8.10152">
        <ele>262.8520424654896</ele>
      </trkpt>
      <trkpt lat="49.38196" lon="8.10147">
        <ele>264.7273943813741</ele>
      </trkpt>
      <trkpt lat="49.38225" lon="8.10143">
        <ele>268.80191878353537</ele>
      </trkpt>
      <trkpt lat="49.3824" lon="8.10143">
        <ele>271.21981703993583</ele>
      </trkpt>
      <trkpt lat="49.38259" lon="8.10146">
        <ele>274.29862555181904</ele>
      </trkpt>
      <trkpt lat="49.38275" lon="8.10151">
        <ele>276.9305467693044</ele>
      </trkpt>
      <trkpt lat="49.38305696996148" lon="8.101639251173458">
        <ele>282.0598365411587</ele>
      </trkpt>
      <trkpt lat="49.38332" lon="8.10175">
        <ele>285.9276897136062</ele>
      </trkpt>
      <trkpt lat="49.38348" lon="8.1018">
        <ele>288.2425419270669</ele>
      </trkpt>
      <trkpt lat="49.38366" lon="8.10182">
        <ele>290.8011458273508</ele>
      </trkpt>
      <trkpt lat="49.38386" lon="8.10183">
        <ele>293.15628848895176</ele>
      </trkpt>
      <trkpt lat="49.38406" lon="8.1018">
        <ele>295.5213802745557</ele>
      </trkpt>
      <trkpt lat="49.38434" lon="8.10173">
        <ele>298.8601916103202</ele>
      </trkpt>
      <trkpt lat="49.384386639846056" lon="8.101715109529296">
        <ele>299.417477458161</ele>
      </trkpt>
      <trkpt lat="49.38482665537581" lon="8.101574683031044">
        <ele>304.19067826846776</ele>
      </trkpt>
      <trkpt lat="49.38528" lon="8.10143">
        <ele>308.55333724827</ele>
      </trkpt>
      <trkpt lat="49.38548" lon="8.1014">
        <ele>310.44612172404885</ele>
      </trkpt>
      <trkpt lat="49.38569" lon="8.10138">
        <ele>312.42793570924687</ele>
      </trkpt>
      <trkpt lat="49.38571498774271" lon="8.101380746953785">
        <ele>312.65945388192847</ele>
      </trkpt>
      <trkpt lat="49.386613640214186" lon="8.101407571455086">
        <ele>318.4595394765221</ele>
      </trkpt>
      <trkpt lat="49.38703" lon="8.10142">
        <ele>319.59112197787255</ele>
      </trkpt>
      <trkpt lat="49.38732" lon="8.10143">
        <ele>320.3790862714084</ele>
      </trkpt>
      <trkpt lat="49.38745" lon="8.10141">
        <ele>320.37915625493986</ele>
      </trkpt>
      <trkpt lat="49.38756" lon="8.10138">
        <ele>320.37921609835496</ele>
      </trkpt>
      <trkpt lat="49.38772" lon="8.10128">
        <ele>320.37930862453555</ele>
      </trkpt>
      <trkpt lat="49.38788" lon="8.10116">
        <ele>320.37940399759384</ele>
      </trkpt>
      <trkpt lat="49.38791840701615" lon="8.10111336049342">
        <ele>320.3794301698769</ele>
      </trkpt>
      <trkpt lat="49.38816" lon="8.10082">
        <ele>320.3785692011174</ele>
      </trkpt>
      <trkpt lat="49.38838" lon="8.10059">
        <ele>320.37782543969814</ele>
      </trkpt>
      <trkpt lat="49.38849" lon="8.1005">
        <ele>320.3774771124892</ele>
      </trkpt>
      <trkpt lat="49.38863" lon="8.10042">
        <ele>320.3770596285274</ele>
      </trkpt>
      <trkpt lat="49.38876" lon="8.10037">
        <ele>320.3766850718479</ele>
      </trkpt>
      <trkpt lat="49.38905" lon="8.10032">
        <ele>320.3758694491789</ele>
      </trkpt>
      <trkpt lat="49.38936" lon="8.10035">
        <ele>321.4910413468468</ele>
      </trkpt>
      <trkpt lat="49.38952" lon="8.10039">
        <ele>322.0730313704008</ele>
      </trkpt>
      <trkpt lat="49.38956967772818" lon="8.100411483241126">
        <ele>322.25794125304355</ele>
      </trkpt>
      <trkpt lat="49.38989" lon="8.10055">
        <ele>323.97704782755335</ele>
      </trkpt>
      <trkpt lat="49.389999208280805" lon="8.100613225942013">
        <ele>324.5796248457115</ele>
      </trkpt>
      <trkpt lat="49.39008" lon="8.10066">
        <ele>325.1502081798626</ele>
      </trkpt>
      <trkpt lat="49.3903" lon="8.10082">
        <ele>326.75830151538366</ele>
      </trkpt>
      <trkpt lat="49.390798337611535" lon="8.101243247159077">
        <ele>330.51969231450187</ele>
      </trkpt>
      <trkpt lat="49.39103" lon="8.10144">
        <ele>331.6846640265321</ele>
      </trkpt>
      <trkpt lat="49.39142" lon="8.1017">
        <ele>333.5551088316361</ele>
      </trkpt>
      <trkpt lat="49.39205967949984" lon="8.101944191207577">
        <ele>335.2294957335041</ele>
      </trkpt>
      <trkpt lat="49.39293198359396" lon="8.102277156153276">
        <ele>336.1607530717802</ele>
      </trkpt>
      <trkpt lat="49.39328" lon="8.10241">
        <ele>336.37653504239216</ele>
      </trkpt>
      <trkpt lat="49.39397" lon="8.10265">
        <ele>336.80210910100845</ele>
      </trkpt>
      <trkpt lat="49.39426" lon="8.10266">
        <ele>337.005376617932</ele>
      </trkpt>
      <trkpt lat="49.39468" lon="8.10267">
        <ele>337.2997252790039</ele>
      </trkpt>
      <trkpt lat="49.394702570940204" lon="8.10267">
        <ele>337.3150825828919</ele>
      </trkpt>
      <trkpt lat="49.395151981991575" lon="8.10267">
        <ele>337.7361856933884</ele>
      </trkpt>
      <trkpt lat="49.3960508040943" lon="8.10267">
        <ele>338.7303461594749</ele>
      </trkpt>
      <trkpt lat="49.39679" lon="8.10267">
        <ele>339.1595429901529</ele>
      </trkpt>
      <trkpt lat="49.39705" lon="8.10264">
        <ele>339.0393881326243</ele>
      </trkpt>
      <trkpt lat="49.39726" lon="8.10258">
        <ele>338.9409536181899</ele>
      </trkpt>
      <trkpt lat="49.39745" lon="8.10245">
        <ele>338.8451062199439</ele>
      </trkpt>
      <trkpt lat="49.39772" lon="8.10216">
        <ele>338.6772451526362</ele>
      </trkpt>
      <trkpt lat="49.398101712255645" lon="8.101671242312937">
        <ele>338.42420294576624</ele>
      </trkpt>
      <trkpt lat="49.398446976308854" lon="8.101229191103359">
        <ele>338.4099096426203</ele>
      </trkpt>
      <trkpt lat="49.39879" lon="8.10079">
        <ele>338.0733925134853</ele>
      </trkpt>
      <trkpt lat="49.39906" lon="8.10048">
        <ele>337.8194455826562</ele>
      </trkpt>
      <trkpt lat="49.3992" lon="8.10037">
        <ele>337.2177418527355</ele>
      </trkpt>
      <trkpt lat="49.39931" lon="8.10032">
        <ele>336.778780732797</ele>
      </trkpt>
      <trkpt lat="49.39945" lon="8.1003">
        <ele>336.2407405179611</ele>
      </trkpt>
      <trkpt lat="49.39960249035346" lon="8.1003">
        <ele>335.6574997308489</ele>
      </trkpt>
      <trkpt lat="49.39984" lon="8.1003">
        <ele>333.90108672271856</ele>
      </trkpt>
      <trkpt lat="49.40027" lon="8.10042">
        <ele>330.6701828036392</ele>
      </trkpt>
      <trkpt lat="49.40082" lon="8.10064">
        <ele>323.7303719496107</ele>
      </trkpt>
      <trkpt lat="49.400918523275585" lon="8.100700530379267">
        <ele>322.4395568079647</ele>
      </trkpt>
      <trkpt lat="49.40133583970086" lon="8.100956823572776">
        <ele>316.1612641088603</ele>
      </trkpt>
      <trkpt lat="49.40209" lon="8.10142">
        <ele>305.92516301297564</ele>
      </trkpt>
      <trkpt lat="49.40216884941215" lon="8.101475773489499">
        <ele>304.83294310297725</ele>
      </trkpt>
      <trkpt lat="49.4025" lon="8.10171">
        <ele>302.73060429810806</ele>
      </trkpt>
      <trkpt lat="49.40321" lon="8.10227">
        <ele>298.1296303508507</ele>
      </trkpt>
      <trkpt lat="49.4036" lon="8.10271">
        <ele>299.16420788646377</ele>
      </trkpt>
      <trkpt lat="49.40370423255644" lon="8.102879378229783">
        <ele>299.4885409468702</ele>
      </trkpt>
      <trkpt lat="49.40376" lon="8.10297">
        <ele>299.9222200129036</ele>
      </trkpt>
      <trkpt lat="49.40414" lon="8.10368">
        <ele>303.11763613336893</ele>
      </trkpt>
      <trkpt lat="49.40441" lon="8.10412">
        <ele>305.2197999913315</ele>
      </trkpt>
      <trkpt lat="49.40456" lon="8.10429">
        <ele>306.21536683844016</ele>
      </trkpt>
      <trkpt lat="49.40474" lon="8.10442">
        <ele>307.06830131659285</ele>
      </trkpt>
      <trkpt lat="49.40494" lon="8.10448">
        <ele>307.9422003265292</ele>
      </trkpt>
      <trkpt lat="49.405076283997445" lon="8.104464550163069">
        <ele>308.5264075006624</ele>
      </trkpt>
      <trkpt lat="49.40597267208895" lon="8.10436296332003">
        <ele>312.51586863074874</ele>
      </trkpt>
      <trkpt lat="49.40644" lon="8.10431">
        <ele>314.94517997031323</ele>
      </trkpt>
      <trkpt lat="49.40679" lon="8.1043">
        <ele>316.75940238921015</ele>
      </trkpt>
      <trkpt lat="49.40716" lon="8.10446">
        <ele>318.70443794053955</ele>
      </trkpt>
      <trkpt lat="49.407298935419476" lon="8.104527074402846">
        <ele>319.4406375434504</ele>
      </trkpt>
      <trkpt lat="49.40774" lon="8.10474">
        <ele>321.3346418591242</ele>
      </trkpt>
      <trkpt lat="49.40829" lon="8.10509">
        <ele>323.77263847591223</ele>
      </trkpt>
      <trkpt lat="49.4088" lon="8.1056">
        <ele>326.53942820592465</ele>
      </trkpt>
      <trkpt lat="49.408903022086314" lon="8.10572706233973">
        <ele>327.1397269436302</ele>
      </trkpt>
      <trkpt lat="49.4091" lon="8.10597">
        <ele>328.91147619310624</ele>
      </trkpt>
      <trkpt lat="49.4095" lon="8.10655">
        <ele>332.76807232424596</ele>
      </trkpt>
      <trkpt lat="49.40964" lon="8.10681">
        <ele>334.568509731259</ele>
      </trkpt>
      <trkpt lat="49.40981107993982" lon="8.10723771637565">
        <ele>337.2456513773248</ele>
      </trkpt>
      <trkpt lat="49.410046450780285" lon="8.10782612807833">
        <ele>341.03393735028794</ele>
      </trkpt>
      <trkpt lat="49.41008" lon="8.10791">
        <ele>341.59848255073337</ele>
      </trkpt>
      <trkpt lat="49.41025" lon="8.10824">
        <ele>344.0112683992574</ele>
      </trkpt>
      <trkpt lat="49.41039" lon="8.10845">
        <ele>345.73475630518016</ele>
      </trkpt>
      <trkpt lat="49.41056" lon="8.10865">
        <ele>347.7455053757372</ele>
      </trkpt>
      <trkpt lat="49.41094" lon="8.10903">
        <ele>352.0034851450839</ele>
      </trkpt>
      <trkpt lat="49.41106683553082" lon="8.10914719410138">
        <ele>353.39027253985773</ele>
      </trkpt>
      <trkpt lat="49.41145202716083" lon="8.109503023918114">
        <ele>357.9539533950094</ele>
      </trkpt>
      <trkpt lat="49.411837217698974" lon="8.109858859319184">
        <ele>361.5800935026079</ele>
      </trkpt>
      <trkpt lat="49.41199" lon="8.11">
        <ele>362.5814574750107</ele>
      </trkpt>
      <trkpt lat="49.41244" lon="8.11037">
        <ele>365.4474508621818</ele>
      </trkpt>
      <trkpt lat="49.41257" lon="8.11044">
        <ele>365.1832348351367</ele>
      </trkpt>
      <trkpt lat="49.41282" lon="8.11049">
        <ele>364.6996595347634</ele>
      </trkpt>
      <trkpt lat="49.413090055492795" lon="8.110472232868778">
        <ele>364.1814787210203</ele>
      </trkpt>
      <trkpt lat="49.41358" lon="8.11044">
        <ele>359.63477367517106</ele>
      </trkpt>
      <trkpt lat="49.41376" lon="8.11045">
        <ele>357.9653286524289</ele>
      </trkpt>
      <trkpt lat="49.41389" lon="8.11048">
        <ele>356.74690077914624</ele>
      </trkpt>
      <trkpt lat="49.41439921195019" lon="8.110785528499147">
        <ele>350.29674807182096</ele>
      </trkpt>
      <trkpt lat="49.41469" lon="8.11096">
        <ele>346.8908406991537</ele>
      </trkpt>
      <trkpt lat="49.41493" lon="8.11114">
        <ele>343.9780489393305</ele>
      </trkpt>
      <trkpt lat="49.415211965914516" lon="8.11137220850147">
        <ele>340.48979573826114</ele>
      </trkpt>
      <trkpt lat="49.41544" lon="8.11156">
        <ele>339.03937552220896</ele>
      </trkpt>
      <trkpt lat="49.41596" lon="8.11192">
        <ele>335.84289981544237</ele>
      </trkpt>
      <trkpt lat="49.41623" lon="8.11209">
        <ele>334.2075656156159</ele>
      </trkpt>
      <trkpt lat="49.41637" lon="8.11214">
        <ele>333.6375122058775</ele>
      </trkpt>
      <trkpt lat="49.41651" lon="8.11218">
        <ele>333.0727387613522</ele>
      </trkpt>
      <trkpt lat="49.41682" lon="8.11219">
        <ele>331.84295704345845</ele>
      </trkpt>
      <trkpt lat="49.41690141988307" lon="8.11219169657529">
        <ele>331.5210967129036</ele>
      </trkpt>
      <trkpt lat="49.41735078966714" lon="8.11220105819629">
        <ele>329.5796296086895</ele>
      </trkpt>
      <trkpt lat="49.41778" lon="8.11221">
        <ele>327.1025187222726</ele>
      </trkpt>
      <trkpt lat="49.4181" lon="8.11225">
        <ele>325.2503514150349</ele>
      </trkpt>
      <trkpt lat="49.41832" lon="8.11235">
        <ele>323.92685206423016</ele>
      </trkpt>
      <trkpt lat="49.41852" lon="8.11249">
        <ele>322.4164941596656</ele>
      </trkpt>
      <trkpt lat="49.41871" lon="8.11264">
        <ele>320.94852596779964</ele>
      </trkpt>
      <trkpt lat="49.41903645928611" lon="8.11295422377927">
        <ele>318.30252270359813</ele>
      </trkpt>
      <trkpt lat="49.41951" lon="8.11341">
        <ele>315.216609674921</ele>
      </trkpt>
      <trkpt lat="49.41980293074724" lon="8.113676302575582">
        <ele>313.3380017740821</ele>
      </trkpt>
      <trkpt lat="49.42006" lon="8.11391">
        <ele>312.1138414424589</ele>
      </trkpt>
      <trkpt lat="49.42024" lon="8.11405">
        <ele>311.2872413585221</ele>
      </trkpt>
      <trkpt lat="49.42042" lon="8.11415">
        <ele>310.6493769011945</ele>
      </trkpt>
      <trkpt lat="49.42066" lon="8.11422">
        <ele>309.8352516241413</ele>
      </trkpt>
      <trkpt lat="49.42101" lon="8.11427">
        <ele>308.663768936637</ele>
      </trkpt>
      <trkpt lat="49.42107115023707" lon="8.114274132408589">
        <ele>308.4604855514139</ele>
      </trkpt>
      <trkpt lat="49.42152012784799" lon="8.114304468170891">
        <ele>307.097305076361</ele>
      </trkpt>
      <trkpt lat="49.42175" lon="8.11432">
        <ele>306.45756622274934</ele>
      </trkpt>
      <trkpt lat="49.42195" lon="8.11437">
        <ele>305.8943710074315</ele>
      </trkpt>
      <trkpt lat="49.42215" lon="8.11446">
        <ele>305.3151523626252</ele>
      </trkpt>
      <trkpt lat="49.42241" lon="8.11466">
        <ele>304.7166944886644</ele>
      </trkpt>
      <trkpt lat="49.42276894159885" lon="8.114986580627766">
        <ele>303.8588566208432</ele>
      </trkpt>
      <trkpt lat="49.42315570795446" lon="8.115338435994746">
        <ele>302.80257071015467</ele>
      </trkpt>
      <trkpt lat="49.42354247324251" lon="8.115690296908554">
        <ele>301.4941659570004</ele>
      </trkpt>
      <trkpt lat="49.42374" lon="8.11587">
        <ele>300.6185402298765</ele>
      </trkpt>
      <trkpt lat="49.4241" lon="8.11622">
        <ele>298.994067025755</ele>
      </trkpt>
      <trkpt lat="49.42461624479758" lon="8.116931054244716">
        <ele>294.86671889033875</ele>
      </trkpt>
      <trkpt lat="49.42463" lon="8.11695">
        <ele>294.7665433482283</ele>
      </trkpt>
      <trkpt lat="49.42496494354436" lon="8.117367753117543">
        <ele>292.4289906642385</ele>
      </trkpt>
      <trkpt lat="49.42531395925546" lon="8.117803030803367">
        <ele>290.1742865708205</ele>
      </trkpt>
      <trkpt lat="49.42552" lon="8.11806">
        <ele>289.5784829349212</ele>
      </trkpt>
      <trkpt lat="49.42582" lon="8.11851">
        <ele>288.63754105733625</ele>
      </trkpt>
      <trkpt lat="49.4262" lon="8.11915">
        <ele>287.3721885525473</ele>
      </trkpt>
      <trkpt lat="49.42646" lon="8.11964">
        <ele>286.9936476124025</ele>
      </trkpt>
      <trkpt lat="49.42653982462983" lon="8.119814763638763">
        <ele>286.865960311963</ele>
      </trkpt>
      <trkpt lat="49.42679811581636" lon="8.120380200114827">
        <ele>286.3305724878973</ele>
      </trkpt>
      <trkpt lat="49.42683" lon="8.12045">
        <ele>286.23862686028656</ele>
      </trkpt>
      <trkpt lat="49.42712" lon="8.12093">
        <ele>285.5326290311841</ele>
      </trkpt>
      <trkpt lat="49.427414498684826" lon="8.121385136353707">
        <ele>284.84089327066005</ele>
      </trkpt>
      <trkpt lat="49.42756" lon="8.12161">
        <ele>284.3628577407411</ele>
      </trkpt>
      <trkpt lat="49.42771798876026" lon="8.121894382086628">
        <ele>283.7995368750789</ele>
      </trkpt>
      <trkpt lat="49.42786" lon="8.12215">
        <ele>283.1744893771463</ele>
      </trkpt>
      <trkpt lat="49.428250642083334" lon="8.123006678784352">
        <ele>281.2301100435824</ele>
      </trkpt>
      <trkpt lat="49.42843" lon="8.1234">
        <ele>280.0359300950106</ele>
      </trkpt>
      <trkpt lat="49.42878754435154" lon="8.124115091858851">
        <ele>277.7945745261865</ele>
      </trkpt>
      <trkpt lat="49.42891" lon="8.12436">
        <ele>276.99417498888533</ele>
      </trkpt>
      <trkpt lat="49.42926" lon="8.12548">
        <ele>273.7756976909702</ele>
      </trkpt>
      <trkpt lat="49.42934" lon="8.12635">
        <ele>272.17088837764817</ele>
      </trkpt>
      <trkpt lat="49.42941550796304" lon="8.126663966076533">
        <ele>271.55978986676814</ele>
      </trkpt>
      <trkpt lat="49.42953" lon="8.12714">
        <ele>270.9953669430627</ele>
      </trkpt>
      <trkpt lat="49.42962" lon="8.12769">
        <ele>270.36486316635694</ele>
      </trkpt>
      <trkpt lat="49.42964307357745" lon="8.12799593825401">
        <ele>270.02291699161987</ele>
      </trkpt>
      <trkpt lat="49.42974" lon="8.12928">
        <ele>269.0401182366228</ele>
      </trkpt>
      <trkpt lat="49.42975" lon="8.12989">
        <ele>268.42492322037776</ele>
      </trkpt>
      <trkpt lat="49.429745042370634" lon="8.130060571540293">
        <ele>268.25316517602266</ele>
      </trkpt>
      <trkpt lat="49.42972504257074" lon="8.130750884515152">
        <ele>267.10444071547806</ele>
      </trkpt>
      <trkpt lat="49.42971" lon="8.13127">
        <ele>266.07267336201716</ele>
      </trkpt>
      <trkpt lat="49.429709962677194" lon="8.131442060360083">
        <ele>265.7324109780805</ele>
      </trkpt>
      <trkpt lat="49.42971" lon="8.13348">
        <ele>260.33446362936473</ele>
      </trkpt>
      <trkpt lat="49.42968" lon="8.13374">
        <ele>259.83641049166334</ele>
      </trkpt>
      <trkpt lat="49.42962" lon="8.13403">
        <ele>259.2624207958964</ele>
      </trkpt>
      <trkpt lat="49.42957644321211" lon="8.134173111049835">
        <ele>258.964606500338</ele>
      </trkpt>
      <trkpt lat="49.42948" lon="8.13449">
        <ele>258.3388480756912</ele>
      </trkpt>
      <trkpt lat="49.42937760664715" lon="8.134792906726828">
        <ele>257.72872392855675</ele>
      </trkpt>
      <trkpt lat="49.42924" lon="8.1352">
        <ele>256.93233038967924</ele>
      </trkpt>
      <trkpt lat="49.42915" lon="8.13554">
        <ele>256.2953304979849</ele>
      </trkpt>
      <trkpt lat="49.42905523019724" lon="8.136077025934137">
        <ele>255.32980823003035</ele>
      </trkpt>
      <trkpt lat="49.42903" lon="8.13622">
        <ele>254.961343611431</ele>
      </trkpt>
      <trkpt lat="49.42885120469328" lon="8.137423392616432">
        <ele>251.89253428383967</ele>
      </trkpt>
      <trkpt lat="49.42877" lon="8.13797">
        <ele>250.55335378821928</ele>
      </trkpt>
      <trkpt lat="49.42874896156697" lon="8.138096804713642">
        <ele>250.24213886081975</ele>
      </trkpt>
      <trkpt lat="49.42848" lon="8.13972">
        <ele>247.81664847518695</ele>
      </trkpt>
      <trkpt lat="49.42843" lon="8.1401">
        <ele>247.43575544586565</ele>
      </trkpt>
      <trkpt lat="49.42841" lon="8.14042">
        <ele>247.1199239339159</ele>
      </trkpt>
      <trkpt lat="49.42841" lon="8.14079">
        <ele>246.75641817104602</ele>
      </trkpt>
      <trkpt lat="49.42845" lon="8.14164">
        <ele>245.42353726758017</ele>
      </trkpt>
      <trkpt lat="49.42848" lon="8.14194">
        <ele>244.51538868118246</ele>
      </trkpt>
      <trkpt lat="49.42865740157569" lon="8.142827021036432">
        <ele>241.73913971597958</ele>
      </trkpt>
      <trkpt lat="49.42873" lon="8.14319">
        <ele>240.49054832251997</ele>
      </trkpt>
      <trkpt lat="49.42891" lon="8.14397">
        <ele>237.77020523883184</ele>
      </trkpt>
      <trkpt lat="49.42897" lon="8.14417">
        <ele>237.2471490136694</ele>
      </trkpt>
      <trkpt lat="49.42915" lon="8.14455">
        <ele>236.13074743456963</ele>
      </trkpt>
      <trkpt lat="49.429230812606306" lon="8.14467432730087">
        <ele>235.713400517631</ele>
      </trkpt>
      <trkpt lat="49.42928" lon="8.14475">
        <ele>235.58911221465954</ele>
      </trkpt>
      <trkpt lat="49.42987" lon="8.14557">
        <ele>234.168960057183</ele>
      </trkpt>
      <trkpt lat="49.43003" lon="8.14584">
        <ele>233.74475601224546</ele>
      </trkpt>
      <trkpt lat="49.43016" lon="8.14615">
        <ele>233.5902065365566</ele>
      </trkpt>
      <trkpt lat="49.43038596455579" lon="8.146758855513182">
        <ele>233.29653935142358</ele>
      </trkpt>
      <trkpt lat="49.43052" lon="8.14712">
        <ele>233.24033464734555</ele>
      </trkpt>
      <trkpt lat="49.43061397761926" lon="8.147355030628262">
        <ele>233.20313662491526</ele>
      </trkpt>
      <trkpt lat="49.431084876923734" lon="8.148532206803395">
        <ele>232.00081030750326</ele>
      </trkpt>
      <trkpt lat="49.43128" lon="8.14902">
        <ele>230.95796927551297</ele>
      </trkpt>
      <trkpt lat="49.431312593458266" lon="8.149127586729183">
        <ele>230.74246528207942</ele>
      </trkpt>
      <trkpt lat="49.43158" lon="8.15001">
        <ele>227.9675296624442</ele>
      </trkpt>
      <trkpt lat="49.43167" lon="8.15037">
        <ele>226.86850835848287</ele>
      </trkpt>
      <trkpt lat="49.43176" lon="8.15092">
        <ele>225.34922878139528</ele>
      </trkpt>
      <trkpt lat="49.43177761874419" lon="8.15106500286274">
        <ele>224.95521185162144</ele>
      </trkpt>
      <trkpt lat="49.431860240626385" lon="8.151744251417263">
        <ele>223.52441825923628</ele>
      </trkpt>
      <trkpt lat="49.43194" lon="8.1524">
        <ele>222.69180182868547</ele>
      </trkpt>
      <trkpt lat="49.43194108890277" lon="8.152423989797187">
        <ele>222.6619606131622</ele>
      </trkpt>
      <trkpt lat="49.43196" lon="8.15284">
        <ele>222.50600326156828</ele>
      </trkpt>
      <trkpt lat="49.43195" lon="8.15348">
        <ele>222.26666482163338</ele>
      </trkpt>
      <trkpt lat="49.43196732290086" lon="8.1538043693276">
        <ele>222.1451045086485</ele>
      </trkpt>
      <trkpt lat="49.43202" lon="8.15479">
        <ele>221.23925537788253</ele>
      </trkpt>
      <trkpt lat="49.43202835046051" lon="8.155183486622736">
        <ele>220.87918346705132</ele>
      </trkpt>
      <trkpt lat="49.43204305775883" lon="8.155874146451858">
        <ele>219.65931034142483</ele>
      </trkpt>
      <trkpt lat="49.43206" lon="8.15667">
        <ele>217.23600830757815</ele>
      </trkpt>
      <trkpt lat="49.43205998734589" lon="8.157256301623185">
        <ele>215.45331426991837</ele>
      </trkpt>
      <trkpt lat="49.43205999663009" lon="8.157947331930476">
        <ele>212.18190553551472</ele>
      </trkpt>
      <trkpt lat="49.43206" lon="8.15833">
        <ele>210.13998599358524</ele>
      </trkpt>
      <trkpt lat="49.43208" lon="8.15897">
        <ele>206.72207485469636</ele>
      </trkpt>
      <trkpt lat="49.43218" lon="8.15956">
        <ele>203.6662184109818</ele>
      </trkpt>
      <trkpt lat="49.43227927949724" lon="8.15997377906891">
        <ele>201.45838482751753</ele>
      </trkpt>
      <trkpt lat="49.43243488391231" lon="8.160622070105113">
        <ele>198.79135358479502</ele>
      </trkpt>
      <trkpt lat="49.43266" lon="8.16156">
        <ele>196.58310051222733</ele>
      </trkpt>
      <trkpt lat="49.43277" lon="8.1619">
        <ele>196.40099732945524</ele>
      </trkpt>
      <trkpt lat="49.43293" lon="8.1623">
        <ele>196.1758055546911</ele>
      </trkpt>
      <trkpt lat="49.43301583461071" lon="8.162481577608952">
        <ele>196.0682293519349</ele>
      </trkpt>
      <trkpt lat="49.43319" lon="8.16285">
        <ele>196.4269912488216</ele>
      </trkpt>
      <trkpt lat="49.43341" lon="8.16328">
        <ele>196.85780186623904</ele>
      </trkpt>
      <trkpt lat="49.43358" lon="8.16353">
        <ele>197.3951864314455</ele>
      </trkpt>
      <trkpt lat="49.4339248265493" lon="8.164002058319806">
        <ele>198.4490607164176</ele>
      </trkpt>
      <trkpt lat="49.43459619193663" lon="8.16492102119919">
        <ele>200.11174394194543</ele>
      </trkpt>
      <trkpt lat="49.4348" lon="8.1652">
        <ele>200.1386407394756</ele>
      </trkpt>
      <trkpt lat="49.43495" lon="8.16543">
        <ele>200.1595150110205</ele>
      </trkpt>
      <trkpt lat="49.43501" lon="8.16557">
        <ele>199.90916045019824</ele>
      </trkpt>
      <trkpt lat="49.435427410663344" lon="8.166539770117394">
        <ele>198.17598541948897</ele>
      </trkpt>
      <trkpt lat="49.43592396174346" lon="8.167691869442477">
        <ele>193.6756334983863</ele>
      </trkpt>
      <trkpt lat="49.43642050137876" lon="8.168843992095608">
        <ele>188.32089575487907</ele>
      </trkpt>
      <trkpt lat="49.436668766904475" lon="8.1694200621703">
        <ele>185.7891946825507</ele>
      </trkpt>
      <trkpt lat="49.43716528937176" lon="8.170572219816147">
        <ele>182.0944221913316</ele>
      </trkpt>
      <trkpt lat="49.437661800393144" lon="8.171724400790902">
        <ele>179.728666032684</ele>
      </trkpt>
      <trkpt lat="49.43794" lon="8.17237">
        <ele>177.8079753654653</ele>
      </trkpt>
      <trkpt lat="49.43804" lon="8.17266">
        <ele>176.99418491128898</ele>
      </trkpt>
      <trkpt lat="49.438105307437795" lon="8.17292124769449">
        <ele>176.30081455532903</ele>
      </trkpt>
      <trkpt lat="49.43826" lon="8.17354">
        <ele>174.18173585445385</ele>
      </trkpt>
      <trkpt lat="49.438268247497696" lon="8.17356547546572">
        <ele>174.09156131928373</ele>
      </trkpt>
      <trkpt lat="49.43846864543758" lon="8.17418408010367">
        <ele>171.82170894135132</ele>
      </trkpt>
      <trkpt lat="49.43849" lon="8.17425">
        <ele>171.61740627884996</ele>
      </trkpt>
      <trkpt lat="49.438927901056374" lon="8.175372625119634">
        <ele>167.98726280088226</ele>
      </trkpt>
      <trkpt lat="49.43904" lon="8.17566">
        <ele>167.469978943852</ele>
      </trkpt>
      <trkpt lat="49.43922" lon="8.17606">
        <ele>166.71934774002247</ele>
      </trkpt>
      <trkpt lat="49.43934" lon="8.17627">
        <ele>166.48269959596288</ele>
      </trkpt>
      <trkpt lat="49.43946" lon="8.17643">
        <ele>166.27594804304533</ele>
      </trkpt>
      <trkpt lat="49.43989784870513" lon="8.176709026678113">
        <ele>165.65922275330576</ele>
      </trkpt>
      <trkpt lat="49.44031302848741" lon="8.176973597168509">
        <ele>165.18028515568136</ele>
      </trkpt>
      <trkpt lat="49.44048" lon="8.17708">
        <ele>164.83851166754727</ele>
      </trkpt>
      <trkpt lat="49.440707884468" lon="8.177299447239287">
        <ele>164.33045577110676</ele>
      </trkpt>
      <trkpt lat="49.44102" lon="8.1776">
        <ele>162.96665221010227</ele>
      </trkpt>
      <trkpt lat="49.44143" lon="8.17805">
        <ele>161.10179369260368</ele>
      </trkpt>
      <trkpt lat="49.441452953545856" lon="8.178072566605579">
        <ele>161.00170075248252</ele>
      </trkpt>
      <trkpt lat="49.44201" lon="8.17862">
        <ele>157.37775378763064</ele>
      </trkpt>
      <trkpt lat="49.44221" lon="8.17887">
        <ele>155.96532961524423</ele>
      </trkpt>
      <trkpt lat="49.44234" lon="8.17896">
        <ele>155.3931510614383</ele>
      </trkpt>
      <trkpt lat="49.44273" lon="8.17872">
        <ele>153.70724018817123</ele>
      </trkpt>
      <trkpt lat="49.44303537225893" lon="8.17859142214802">
        <ele>152.4366306097121</ele>
      </trkpt>
      <trkpt lat="49.44311" lon="8.17856">
        <ele>152.28008219206995</ele>
      </trkpt>
      <trkpt lat="49.443476170234916" lon="8.178457215119774">
        <ele>151.52734968643335</ele>
      </trkpt>
      <trkpt lat="49.44368" lon="8.1784">
        <ele>151.36574950764188</ele>
      </trkpt>
      <trkpt lat="49.44392211497959" lon="8.17838486780601">
        <ele>151.17683788325039</ele>
      </trkpt>
      <trkpt lat="49.444" lon="8.17838">
        <ele>151.25977455134267</ele>
      </trkpt>
      <trkpt lat="49.44437" lon="8.17826">
        <ele>151.66197923273657</ele>
      </trkpt>
      <trkpt lat="49.44463" lon="8.1782">
        <ele>151.94162339464765</ele>
      </trkpt>
      <trkpt lat="49.444809535478065" lon="8.178177558014397">
        <ele>152.1331685826559</ele>
      </trkpt>
      <trkpt lat="49.44495" lon="8.17816">
        <ele>152.24306599909636</ele>
      </trkpt>
      <trkpt lat="49.44513" lon="8.1782">
        <ele>152.38484563525293</ele>
      </trkpt>
      <trkpt lat="49.44518" lon="8.17826">
        <ele>152.43428425900706</ele>
      </trkpt>
      <trkpt lat="49.44524" lon="8.17829">
        <ele>152.4834679692465</ele>
      </trkpt>
      <trkpt lat="49.4453" lon="8.17827">
        <ele>152.53132802849433</ele>
      </trkpt>
      <trkpt lat="49.44542" lon="8.17811">
        <ele>152.65513428731558</ele>
      </trkpt>
      <trkpt lat="49.44556" lon="8.17804">
        <ele>152.76989621523822</ele>
      </trkpt>
      <trkpt lat="49.44564096984168" lon="8.178016865738034">
        <ele>152.83408301632494</ele>
      </trkpt>
      <trkpt lat="49.4457" lon="8.178">
        <ele>152.79005188938893</ele>
      </trkpt>
      <trkpt lat="49.44608836226316" lon="8.177924147741292">
        <ele>152.504501571618</ele>
      </trkpt>
      <trkpt lat="49.446980057202445" lon="8.17775039601907">
        <ele>150.55358089624193</ele>
      </trkpt>
      <trkpt lat="49.447871751881436" lon="8.177576637976397">
        <ele>148.16380892716907</ele>
      </trkpt>
      <trkpt lat="49.44876344630012" lon="8.177402873612847">
        <ele>146.63767525984235</ele>
      </trkpt>
      <trkpt lat="49.44965514045846" lon="8.17722910292799">
        <ele>145.89334982112732</ele>
      </trkpt>
      <trkpt lat="49.45054683435646" lon="8.177055325921403">
        <ele>145.55886481663055</ele>
      </trkpt>
      <trkpt lat="49.451438527994085" lon="8.176881542592655">
        <ele>146.13198054806858</ele>
      </trkpt>
      <trkpt lat="49.45237" lon="8.1767">
        <ele>148.23118163290994</ele>
      </trkpt>
      <trkpt lat="49.4525" lon="8.17669">
        <ele>148.64743177367234</ele>
      </trkpt>
      <trkpt lat="49.45261" lon="8.17671">
        <ele>149.0016525374426</ele>
      </trkpt>
      <trkpt lat="49.45272" lon="8.17676">
        <ele>149.36846058594972</ele>
      </trkpt>
      <trkpt lat="49.45283" lon="8.17689">
        <ele>149.81206163695074</ele>
      </trkpt>
      <trkpt lat="49.45288" lon="8.1769">
        <ele>149.99730478510645</ele>
      </trkpt>
      <trkpt lat="49.45296" lon="8.17681">
        <ele>150.36143323689916</ele>
      </trkpt>
      <trkpt lat="49.453" lon="8.17672">
        <ele>150.6218171134813</ele>
      </trkpt>
      <trkpt lat="49.45315" lon="8.17654">
        <ele>151.3207546151003</ele>
      </trkpt>
      <trkpt lat="49.45335" lon="8.17639">
        <ele>152.13822303531018</ele>
      </trkpt>
      <trkpt lat="49.45353" lon="8.17631">
        <ele>152.82183416254318</ele>
      </trkpt>
      <trkpt lat="49.45372" lon="8.17619">
        <ele>153.42197538784953</ele>
      </trkpt>
      <trkpt lat="49.45393" lon="8.17602">
        <ele>154.11536286890646</ele>
      </trkpt>
      <trkpt lat="49.45417" lon="8.1758">
        <ele>154.93169567128223</ele>
      </trkpt>
      <trkpt lat="49.45437" lon="8.17558">
        <ele>155.6501189837994</ele>
      </trkpt>
      <trkpt lat="49.45498478878264" lon="8.174734520938534">
        <ele>156.16387185869414</ele>
      </trkpt>
      <trkpt lat="49.45531987798224" lon="8.174273820049889">
        <ele>155.77722624015146</ele>
      </trkpt>
      <trkpt lat="49.45565496535197" lon="8.173813112861772">
        <ele>155.13670746210124</ele>
      </trkpt>
      <trkpt lat="49.45632513460166" lon="8.172891679586625">
        <ele>153.3757827349108</ele>
      </trkpt>
      <trkpt lat="49.45661" lon="8.1725">
        <ele>152.95377105301057</ele>
      </trkpt>
      <trkpt lat="49.45700973958548" lon="8.171994213057436">
        <ele>152.38297331408745</ele>
      </trkpt>
      <trkpt lat="49.45735688077367" lon="8.171555119720368">
        <ele>152.04170203926503</ele>
      </trkpt>
      <trkpt lat="49.45805115816334" lon="8.170676914384867">
        <ele>150.4301245350336</ele>
      </trkpt>
      <trkpt lat="49.45861" lon="8.16997">
        <ele>146.19120347117465</ele>
      </trkpt>
      <trkpt lat="49.45888" lon="8.16961">
        <ele>144.09851333695764</ele>
      </trkpt>
      <trkpt lat="49.45888" lon="8.16961">
        <ele>144.5</ele>
      </trkpt>
      <trkpt lat="49.459032" lon="8.169398">
        <ele>143</ele>
      </trkpt>
      <trkpt lat="49.459074" lon="8.169453">
        <ele>141.75</ele>
      </trkpt>
      <trkpt lat="49.459245" lon="8.169677">
        <ele>141.75</ele>
      </trkpt>
      <trkpt lat="49.459284" lon="8.169698">
        <ele>141.5</ele>
      </trkpt>
      <trkpt lat="49.459335" lon="8.1697">
        <ele>141.25</ele>
      </trkpt>
      <trkpt lat="49.459377" lon="8.169678">
        <ele>140.75</ele>
      </trkpt>
      <trkpt lat="49.459663" lon="8.169477">
        <ele>138.5</ele>
      </trkpt>
      <trkpt lat="49.459758" lon="8.169403">
        <ele>137.75</ele>
      </trkpt>
      <trkpt lat="49.459918" lon="8.169282">
        <ele>136.5</ele>
      </trkpt>
      <trkpt lat="49.459999" lon="8.169217">
        <ele>136</ele>
      </trkpt>
      <trkpt lat="49.460026" lon="8.169199">
        <ele>135.75</ele>
      </trkpt>
      <trkpt lat="49.460129" lon="8.169124">
        <ele>135.75</ele>
      </trkpt>
      <trkpt lat="49.460164" lon="8.169103">
        <ele>135.5</ele>
      </trkpt>
      <trkpt lat="49.4602" lon="8.169094">
        <ele>135.5</ele>
      </trkpt>
      <trkpt lat="49.460279" lon="8.169115">
        <ele>135</ele>
      </trkpt>
      <trkpt lat="49.46028" lon="8.16912">
        <ele>137.24131781073208</ele>
      </trkpt>
      <trkpt lat="49.46042" lon="8.1688">
        <ele>136.65832202020502</ele>
      </trkpt>
      <trkpt lat="49.46043" lon="8.16859">
        <ele>136.54626273875039</ele>
      </trkpt>
      <trkpt lat="49.46021" lon="8.16803">
        <ele>136.1980274854447</ele>
      </trkpt>
      <trkpt lat="49.4602" lon="8.1678">
        <ele>136.07534985561222</ele>
      </trkpt>
      <trkpt lat="49.46045" lon="8.16751">
        <ele>135.872189640501</ele>
      </trkpt>
      <trkpt lat="49.46072" lon="8.16746">
        <ele>135.4388512584751</ele>
      </trkpt>
      <trkpt lat="49.46084" lon="8.16776">
        <ele>135.07401843649635</ele>
      </trkpt>
      <trkpt lat="49.460948949866406" lon="8.16786894988916">
        <ele>134.8669757247153</ele>
      </trkpt>
      <trkpt lat="49.46097" lon="8.16789">
        <ele>134.79197249657486</ele>
      </trkpt>
      <trkpt lat="49.46147" lon="8.16784">
        <ele>133.2955475374278</ele>
      </trkpt>
      <trkpt lat="49.46158" lon="8.16776">
        <ele>132.68115827248985</ele>
      </trkpt>
      <trkpt lat="49.46212879849151" lon="8.167089244356323">
        <ele>129.1422929692171</ele>
      </trkpt>
      <trkpt lat="49.4623" lon="8.16688">
        <ele>127.92926745017702</ele>
      </trkpt>
      <trkpt lat="49.46262" lon="8.1664">
        <ele>125.4506236439277</ele>
      </trkpt>
      <trkpt lat="49.46272" lon="8.16617">
        <ele>124.45313615512566</ele>
      </trkpt>
      <trkpt lat="49.46281" lon="8.16616">
        <ele>124.08330190819677</ele>
      </trkpt>
      <trkpt lat="49.46314576445817" lon="8.166530027245852">
        <ele>122.39079248391069</ele>
      </trkpt>
      <trkpt lat="49.4633" lon="8.1667">
        <ele>121.791168603021</ele>
      </trkpt>
      <trkpt lat="49.46350372811392" lon="8.166948016903842">
        <ele>120.97037356401111</ele>
      </trkpt>
      <trkpt lat="49.46353" lon="8.16698">
        <ele>120.90930335121733</ele>
      </trkpt>
      <trkpt lat="49.46403" lon="8.16777">
        <ele>119.6032512133918</ele>
      </trkpt>
      <trkpt lat="49.46412806044194" lon="8.167942588642186">
        <ele>119.33186855046328</ele>
      </trkpt>
      <trkpt lat="49.46428" lon="8.16821">
        <ele>118.95524318702611</ele>
      </trkpt>
      <trkpt lat="49.46446" lon="8.16842">
        <ele>118.5868178060592</ele>
      </trkpt>
      <trkpt lat="49.46464" lon="8.16858">
        <ele>118.20526589011456</ele>
      </trkpt>
      <trkpt lat="49.46493" lon="8.1688">
        <ele>117.61180258502054</ele>
      </trkpt>
      <trkpt lat="49.46522" lon="8.16901">
        <ele>117.02351772940838</ele>
      </trkpt>
      <trkpt lat="49.4652573775266" lon="8.169033204202025">
        <ele>116.94987636796087</ele>
      </trkpt>
      <trkpt lat="49.46567415713867" lon="8.169291890929971">
        <ele>116.38584705937805</ele>
      </trkpt>
      <trkpt lat="49.4658" lon="8.16937">
        <ele>116.41257001276078</ele>
      </trkpt>
      <trkpt lat="49.46598" lon="8.1695">
        <ele>116.45171621174597</ele>
      </trkpt>
      <trkpt lat="49.46611" lon="8.16965">
        <ele>116.48370596218507</ele>
      </trkpt>
      <trkpt lat="49.46614" lon="8.16988">
        <ele>116.51372037588516</ele>
      </trkpt>
      <trkpt lat="49.46619" lon="8.16995">
        <ele>116.6740311092766</ele>
      </trkpt>
      <trkpt lat="49.46626" lon="8.16998">
        <ele>116.84635522158948</ele>
      </trkpt>
      <trkpt lat="49.46633" lon="8.16995">
        <ele>117.01867931617753</ele>
      </trkpt>
      <trkpt lat="49.46639" lon="8.16985">
        <ele>117.22844182883318</ele>
      </trkpt>
      <trkpt lat="49.46639" lon="8.16968">
        <ele>117.49045024841037</ele>
      </trkpt>
      <trkpt lat="49.46636" lon="8.16958">
        <ele>117.66020129263588</ele>
      </trkpt>
      <trkpt lat="49.46636" lon="8.1695">
        <ele>117.783499447936</ele>
      </trkpt>
      <trkpt lat="49.46647" lon="8.16931">
        <ele>118.17904924777329</ele>
      </trkpt>
      <trkpt lat="49.46673" lon="8.16907">
        <ele>119.50920279766144</ele>
      </trkpt>
      <trkpt lat="49.467249148819995" lon="8.168623996749835">
        <ele>122.11617184430965</ele>
      </trkpt>
      <trkpt lat="49.46822" lon="8.16779">
        <ele>126.79377265654612</ele>
      </trkpt>
      <trkpt lat="49.46878" lon="8.16734">
        <ele>128.69229084636038</ele>
      </trkpt>
      <trkpt lat="49.46882905258929" lon="8.167303957745336">
        <ele>128.85518182615593</ele>
      </trkpt>
      <trkpt lat="49.469234610902554" lon="8.167006000102658">
        <ele>130.09190326700482</ele>
      </trkpt>
      <trkpt lat="49.46927" lon="8.16698">
        <ele>130.1908087324948</ele>
      </trkpt>
      <trkpt lat="49.46945" lon="8.16688">
        <ele>130.6733130641815</ele>
      </trkpt>
      <trkpt lat="49.46986" lon="8.16673">
        <ele>131.73585820378887</ele>
      </trkpt>
      <trkpt lat="49.470555787148456" lon="8.166662754442893">
        <ele>133.31597417750083</ele>
      </trkpt>
      <trkpt lat="49.47145284230776" lon="8.166576068628924">
        <ele>135.3141848013556</ele>
      </trkpt>
      <trkpt lat="49.47224" lon="8.1665">
        <ele>137.22081509316496</ele>
      </trkpt>
      <trkpt lat="49.47257" lon="8.16652">
        <ele>138.01892790077358</ele>
      </trkpt>
      <trkpt lat="49.47291" lon="8.16658">
        <ele>138.59050450082333</ele>
      </trkpt>
      <trkpt lat="49.47323766323702" lon="8.166699876853228">
        <ele>139.15296299358573</ele>
      </trkpt>
      <trkpt lat="49.47332" lon="8.16673">
        <ele>139.2656001937331</ele>
      </trkpt>
      <trkpt lat="49.47367341445264" lon="8.166873349550366">
        <ele>139.75109031909645</ele>
      </trkpt>
      <trkpt lat="49.47454257044562" lon="8.1672257972174">
        <ele>140.5518885188767</ele>
      </trkpt>
      <trkpt lat="49.47541172536772" lon="8.167578257393288">
        <ele>143.03130342970564</ele>
      </trkpt>
      <trkpt lat="49.47549" lon="8.16761">
        <ele>143.3889323386951</ele>
      </trkpt>
      <trkpt lat="49.47585" lon="8.16775">
        <ele>145.03213856726197</ele>
      </trkpt>
      <trkpt lat="49.47617" lon="8.16783">
        <ele>146.84510978202803</ele>
      </trkpt>
      <trkpt lat="49.47647" lon="8.16787">
        <ele>148.52906405590397</ele>
      </trkpt>
      <trkpt lat="49.47669" lon="8.16788">
        <ele>149.91632230712847</ele>
      </trkpt>
      <trkpt lat="49.47689" lon="8.16787">
        <ele>151.17758156846097</ele>
      </trkpt>
      <trkpt lat="49.477186802567076" lon="8.167795259209452">
        <ele>153.07100375803475</ele>
      </trkpt>
      <trkpt lat="49.47807383234323" lon="8.167571912478152">
        <ele>158.57282089675306</ele>
      </trkpt>
      <trkpt lat="49.47828" lon="8.16752">
        <ele>159.5049012908043</ele>
      </trkpt>
      <trkpt lat="49.4786" lon="8.16751">
        <ele>160.93248088305</ele>
      </trkpt>
      <trkpt lat="49.47898" lon="8.16754">
        <ele>161.99664354232942</ele>
      </trkpt>
      <trkpt lat="49.47941650296223" lon="8.167617603606086">
        <ele>163.22474376500742</ele>
      </trkpt>
      <trkpt lat="49.48030938885935" lon="8.167776335799445">
        <ele>165.0371864047916</ele>
      </trkpt>
      <trkpt lat="49.48033" lon="8.16778">
        <ele>165.1095481497155</ele>
      </trkpt>
      <trkpt lat="49.48067" lon="8.16781">
        <ele>166.2969131264821</ele>
      </trkpt>
      <trkpt lat="49.48104" lon="8.16779">
        <ele>167.58772286482335</ele>
      </trkpt>
      <trkpt lat="49.48132" lon="8.16775">
        <ele>168.8406324026161</ele>
      </trkpt>
      <trkpt lat="49.481648659380134" lon="8.167642828336524">
        <ele>170.3372972021876</ele>
      </trkpt>
      <trkpt lat="49.48178" lon="8.1676">
        <ele>170.86492763523424</ele>
      </trkpt>
      <trkpt lat="49.48232" lon="8.16736">
        <ele>173.07315677053757</ele>
      </trkpt>
      <trkpt lat="49.48277" lon="8.16699">
        <ele>175.07755420271388</ele>
      </trkpt>
      <trkpt lat="49.48258536343255" lon="8.166124545208733">
        <ele>176.38545402151178</ele>
      </trkpt>
      <trkpt lat="49.48245" lon="8.16549">
        <ele>177.0566644726328</ele>
      </trkpt>
      <trkpt lat="49.4824436273809" lon="8.165468152780626">
        <ele>177.0806492427205</ele>
      </trkpt>
      <trkpt lat="49.48238" lon="8.16525">
        <ele>177.25272319616934</ele>
      </trkpt>
      <trkpt lat="49.48198009977419" lon="8.164284549242444">
        <ele>178.0761880180334</ele>
      </trkpt>
      <trkpt lat="49.481738511193086" lon="8.163701265598322">
        <ele>178.92549275212724</ele>
      </trkpt>
      <trkpt lat="49.48168" lon="8.16356">
        <ele>179.2387655757258</ele>
      </trkpt>
      <trkpt lat="49.48161" lon="8.16332">
        <ele>179.73054552867288</ele>
      </trkpt>
      <trkpt lat="49.48155" lon="8.163">
        <ele>180.35315157948224</ele>
      </trkpt>
      <trkpt lat="49.48149082764058" lon="8.162386215530834">
        <ele>181.51247495383362</ele>
      </trkpt>
      <trkpt lat="49.48139" lon="8.16134">
        <ele>186.8689100545877</ele>
      </trkpt>
      <trkpt lat="49.481291860426566" lon="8.16105090979717">
        <ele>188.51884522907227</ele>
      </trkpt>
      <trkpt lat="49.48102" lon="8.16025">
        <ele>196.8268571078957</ele>
      </trkpt>
      <trkpt lat="49.48084" lon="8.15977">
        <ele>201.92077246462816</ele>
      </trkpt>
      <trkpt lat="49.48069" lon="8.15943">
        <ele>205.69816223452943</ele>
      </trkpt>
      <trkpt lat="49.4805" lon="8.15908">
        <ele>209.62716093559177</ele>
      </trkpt>
      <trkpt lat="49.48028968040332" lon="8.158778237174316">
        <ele>213.43940339729969</ele>
      </trkpt>
      <trkpt lat="49.48027" lon="8.15875">
        <ele>213.76173593134965</ele>
      </trkpt>
      <trkpt lat="49.47992927527078" lon="8.158362873290844">
        <ele>218.82347428963936</ele>
      </trkpt>
      <trkpt lat="49.47920629101501" lon="8.157540952447585">
        <ele>226.58151826070954</ele>
      </trkpt>
      <trkpt lat="49.47884479670338" lon="8.157130001126722">
        <ele>229.35988005776088</ele>
      </trkpt>
      <trkpt lat="49.478121803712874" lon="8.15630811668583">
        <ele>234.64388868174723</ele>
      </trkpt>
      <trkpt lat="49.47776030503408" lon="8.155897183565514">
        <ele>238.26845863510258</ele>
      </trkpt>
      <trkpt lat="49.47771" lon="8.15584">
        <ele>238.97282718458192</ele>
      </trkpt>
      <trkpt lat="49.477018647610116" lon="8.15511476230597">
        <ele>248.39185438391905</ele>
      </trkpt>
      <trkpt lat="49.47669" lon="8.15477">
        <ele>253.2154318500817</ele>
      </trkpt>
      <trkpt lat="49.47629242949191" lon="8.15430014413406">
        <ele>259.29252418801724</ele>
      </trkpt>
      <trkpt lat="49.47625" lon="8.15425">
        <ele>259.85884424056593</ele>
      </trkpt>
      <trkpt lat="49.4761" lon="8.15399">
        <ele>262.2497355233474</ele>
      </trkpt>
      <trkpt lat="49.47599" lon="8.15374">
        <ele>264.32589949885516</ele>
      </trkpt>
      <trkpt lat="49.47593" lon="8.15349">
        <ele>265.7661075775404</ele>
      </trkpt>
      <trkpt lat="49.47589" lon="8.15321">
        <ele>267.31536351788355</ele>
      </trkpt>
      <trkpt lat="49.47589" lon="8.1528">
        <ele>269.53100012313956</ele>
      </trkpt>
      <trkpt lat="49.47597" lon="8.15222">
        <ele>272.73515345779947</ele>
      </trkpt>
      <trkpt lat="49.4761" lon="8.15163">
        <ele>275.17974128335396</ele>
      </trkpt>
      <trkpt lat="49.476236125016825" lon="8.151123310107781">
        <ele>277.3309610175948</ele>
      </trkpt>
      <trkpt lat="49.47628" lon="8.15096">
        <ele>277.7795900178648</ele>
      </trkpt>
      <trkpt lat="49.47645" lon="8.15041">
        <ele>279.3252890536011</ele>
      </trkpt>
      <trkpt lat="49.47663822736673" lon="8.149886435312307">
        <ele>280.8426959081847</ele>
      </trkpt>
      <trkpt lat="49.476855830913266" lon="8.149281260677517">
        <ele>281.82354628194975</ele>
      </trkpt>
      <trkpt lat="49.47707343130272" lon="8.148676080665">
        <ele>282.23476327447673</ele>
      </trkpt>
      <trkpt lat="49.47709" lon="8.14863">
        <ele>282.26448192972714</ele>
      </trkpt>
      <trkpt lat="49.47716" lon="8.14834">
        <ele>282.43899786066055</ele>
      </trkpt>
      <trkpt lat="49.47728" lon="8.14744">
        <ele>282.9572758764645</ele>
      </trkpt>
      <trkpt lat="49.47734" lon="8.14738">
        <ele>283.1121908118996</ele>
      </trkpt>
      <trkpt lat="49.47741" lon="8.14738">
        <ele>283.26374352764896</ele>
      </trkpt>
      <trkpt lat="49.477754013070744" lon="8.14761037603332">
        <ele>284.0754210725355</ele>
      </trkpt>
      <trkpt lat="49.478166109352244" lon="8.147886325736414">
        <ele>285.78548671593177</ele>
      </trkpt>
      <trkpt lat="49.47853" lon="8.14813">
        <ele>288.092132311329</ele>
      </trkpt>
      <trkpt lat="49.47898" lon="8.14839">
        <ele>290.8851197798169</ele>
      </trkpt>
      <trkpt lat="49.47900068105848" lon="8.148404775013686">
        <ele>291.00990593573283</ele>
      </trkpt>
      <trkpt lat="49.47940957390224" lon="8.14869179804978">
        <ele>293.74122081424395</ele>
      </trkpt>
      <trkpt lat="49.48022735745925" lon="8.14926585850159">
        <ele>297.2270407393415</ele>
      </trkpt>
      <trkpt lat="49.481045138175446" lon="8.149839938127167">
        <ele>298.5472920280802</ele>
      </trkpt>
      <trkpt lat="49.48186291605064" lon="8.150414036927641">
        <ele>299.9764518726352</ele>
      </trkpt>
      <trkpt lat="49.48227180392279" lon="8.150701093518817">
        <ele>301.00571445526697</ele>
      </trkpt>
      <trkpt lat="49.482680691084646" lon="8.150988154904141">
        <ele>301.6208367535599</ele>
      </trkpt>
      <trkpt lat="49.48284" lon="8.1511">
        <ele>301.5968313620686</ele>
      </trkpt>
      <trkpt lat="49.48351" lon="8.15158">
        <ele>301.495546203554</ele>
      </trkpt>
      <trkpt lat="49.48378" lon="8.15186">
        <ele>300.25597632230614</ele>
      </trkpt>
      <trkpt lat="49.4845" lon="8.15266">
        <ele>296.8749848838173</ele>
      </trkpt>
      <trkpt lat="49.48459" lon="8.15284">
        <ele>296.0379858471841</ele>
      </trkpt>
      <trkpt lat="49.48477772289575" lon="8.153422320735974">
        <ele>293.6441068422316</ele>
      </trkpt>
      <trkpt lat="49.48497751499039" lon="8.154041976509003">
        <ele>290.5540667131493</ele>
      </trkpt>
      <trkpt lat="49.48518" lon="8.15467">
        <ele>286.5973452317536</ele>
      </trkpt>
      <trkpt lat="49.48536888904387" lon="8.155288598713904">
        <ele>282.7459974670555</ele>
      </trkpt>
      <trkpt lat="49.485751389609085" lon="8.156540634781628">
        <ele>272.6892668691455</ele>
      </trkpt>
      <trkpt lat="49.48594263482447" lon="8.157166660151605">
        <ele>267.7853022227052</ele>
      </trkpt>
      <trkpt lat="49.48613" lon="8.15778">
        <ele>262.9580144626627</ele>
      </trkpt>
      <trkpt lat="49.48613388258831" lon="8.157793017564966">
        <ele>262.85813503552293</ele>
      </trkpt>
      <trkpt lat="49.48639" lon="8.15865">
        <ele>257.0773430346566</ele>
      </trkpt>
      <trkpt lat="49.48648529742231" lon="8.15906566799813">
        <ele>254.37930936372584</ele>
      </trkpt>
      <trkpt lat="49.48675" lon="8.16022">
        <ele>249.00081782673772</ele>
      </trkpt>
      <trkpt lat="49.48679845731532" lon="8.160361361990308">
        <ele>248.300189309036</ele>
      </trkpt>
      <trkpt lat="49.48711" lon="8.16127">
        <ele>244.6276515846563</ele>
      </trkpt>
      <trkpt lat="49.4872" lon="8.16142">
        <ele>243.8446726258893</ele>
      </trkpt>
      <trkpt lat="49.48735" lon="8.16161">
        <ele>242.69804525242725</ele>
      </trkpt>
      <trkpt lat="49.48766892381041" lon="8.161846914866176">
        <ele>240.6078477902192</ele>
      </trkpt>
      <trkpt lat="49.4877" lon="8.16187">
        <ele>240.38015865101443</ele>
      </trkpt>
      <trkpt lat="49.48831" lon="8.16218">
        <ele>236.14263719624492</ele>
      </trkpt>
      <trkpt lat="49.48846" lon="8.16225">
        <ele>235.06740793691003</ele>
      </trkpt>
      <trkpt lat="49.48861" lon="8.16228">
        <ele>234.02977291637086</ele>
      </trkpt>
      <trkpt lat="49.48873" lon="8.16227">
        <ele>233.20537797003757</ele>
      </trkpt>
      <trkpt lat="49.489" lon="8.16215">
        <ele>231.2775537064897</ele>
      </trkpt>
      <trkpt lat="49.4893" lon="8.16206">
        <ele>229.1808654854672</ele>
      </trkpt>
      <trkpt lat="49.48936" lon="8.16208">
        <ele>228.81942937869738</ele>
      </trkpt>
      <trkpt lat="49.48945" lon="8.16226">
        <ele>227.95071557467446</ele>
      </trkpt>
      <trkpt lat="49.48952" lon="8.16231">
        <ele>227.496388768807</ele>
      </trkpt>
      <trkpt lat="49.48958" lon="8.16232">
        <ele>227.14107467768585</ele>
      </trkpt>
      <trkpt lat="49.48976948355071" lon="8.162457806245206">
        <ele>225.907326411866</ele>
      </trkpt>
      <trkpt lat="49.4898" lon="8.16248">
        <ele>225.7333630561148</ele>
      </trkpt>
      <trkpt lat="49.49012" lon="8.16262">
        <ele>224.01918030285478</ele>
      </trkpt>
      <trkpt lat="49.49018" lon="8.16269">
        <ele>223.6312623635163</ele>
      </trkpt>
      <trkpt lat="49.49025" lon="8.16281">
        <ele>223.0914217496495</ele>
      </trkpt>
      <trkpt lat="49.4903" lon="8.16299">
        <ele>222.43901959874947</ele>
      </trkpt>
      <trkpt lat="49.49034" lon="8.16348">
        <ele>220.79323359037411</ele>
      </trkpt>
      <trkpt lat="49.490344757639654" lon="8.164025791779581">
        <ele>218.97601513620907</ele>
      </trkpt>
      <trkpt lat="49.49035692032904" lon="8.16540937071519">
        <ele>210.5677141918482</ele>
      </trkpt>
      <trkpt lat="49.49036" lon="8.16576">
        <ele>207.61420877087733</ele>
      </trkpt>
      <trkpt lat="49.49044643684302" lon="8.166784969167985">
        <ele>198.91321373823982</ele>
      </trkpt>
      <trkpt lat="49.4905" lon="8.16742">
        <ele>193.51495518608402</ele>
      </trkpt>
      <trkpt lat="49.490501365070436" lon="8.167471804786166">
        <ele>193.0808733963591</ele>
      </trkpt>
      <trkpt lat="49.49053" lon="8.16855">
        <ele>185.6518838716546</ele>
      </trkpt>
      <trkpt lat="49.4906" lon="8.16881">
        <ele>184.2307245478608</ele>
      </trkpt>
      <trkpt lat="49.490857278673225" lon="8.169405807257863">
        <ele>180.61866747466385</ele>
      </trkpt>
      <trkpt lat="49.49098" lon="8.16969">
        <ele>179.23055539395125</ele>
      </trkpt>
      <trkpt lat="49.49109" lon="8.16989">
        <ele>178.16492420859782</ele>
      </trkpt>
      <trkpt lat="49.49113610534035" lon="8.16994367565205">
        <ele>177.80445695999904</ele>
      </trkpt>
      <trkpt lat="49.4917" lon="8.1706">
        <ele>173.318911798845</ele>
      </trkpt>
      <trkpt lat="49.491844351427055" lon="8.170794874662791">
        <ele>172.10121487172663</ele>
      </trkpt>
      <trkpt lat="49.4919" lon="8.17087">
        <ele>171.5239188808245</ele>
      </trkpt>
      <trkpt lat="49.492094207637656" lon="8.171364920452548">
        <ele>168.59587182526604</ele>
      </trkpt>
      <trkpt lat="49.49221" lon="8.17166">
        <ele>166.85610876532496</ele>
      </trkpt>
      <trkpt lat="49.49234" lon="8.17207">
        <ele>164.55442135542464</ele>
      </trkpt>
      <trkpt lat="49.49239" lon="8.1725">
        <ele>162.55582799425292</ele>
      </trkpt>
      <trkpt lat="49.492431471284824" lon="8.17333649128212">
        <ele>158.72018679046084</ele>
      </trkpt>
      <trkpt lat="49.49252" lon="8.17512">
        <ele>153.5228560385763</ele>
      </trkpt>
      <trkpt lat="49.49242" lon="8.1752">
        <ele>153.12452962796044</ele>
      </trkpt>
      <trkpt lat="49.4922" lon="8.17513">
        <ele>152.3304966643328</ele>
      </trkpt>
      <trkpt lat="49.49196" lon="8.17503">
        <ele>151.45168705673632</ele>
      </trkpt>
      <trkpt lat="49.49191073186607" lon="8.175016205161546">
        <ele>151.2749165207508</ele>
      </trkpt>
      <trkpt lat="49.49171" lon="8.17496">
        <ele>150.57138364863357</ele>
      </trkpt>
      <trkpt lat="49.49146471536426" lon="8.174944669717425">
        <ele>149.72522581437084</ele>
      </trkpt>
      <trkpt lat="49.49139" lon="8.17494">
        <ele>149.4594033625358</ele>
      </trkpt>
      <trkpt lat="49.49106" lon="8.17498">
        <ele>148.28303386889596</ele>
      </trkpt>
      <trkpt lat="49.49074" lon="8.1751">
        <ele>147.1125794126506</ele>
      </trkpt>
      <trkpt lat="49.49049" lon="8.17527">
        <ele>146.24157438430203</ele>
      </trkpt>
      <trkpt lat="49.490211982612834" lon="8.175571847166454">
        <ele>145.1574471871081</ele>
      </trkpt>
      <trkpt lat="49.49014" lon="8.17565">
        <ele>144.92324503304857</ele>
      </trkpt>
      <trkpt lat="49.48991" lon="8.17577">
        <ele>144.27774296016798</ele>
      </trkpt>
      <trkpt lat="49.48979404673791" lon="8.175808650915352">
        <ele>143.96252534247594</ele>
      </trkpt>
      <trkpt lat="49.48964" lon="8.17586">
        <ele>143.7406726283423</ele>
      </trkpt>
      <trkpt lat="49.489376682092875" lon="8.176054023416189">
        <ele>143.3299583178515</ele>
      </trkpt>
      <trkpt lat="49.48926" lon="8.17614">
        <ele>143.3799510164043</ele>
      </trkpt>
      <trkpt lat="49.48866" lon="8.1769">
        <ele>143.69884084219836</ele>
      </trkpt>
      <trkpt lat="49.48826807675403" lon="8.177215450394721">
        <ele>145.00306714201946</ele>
      </trkpt>
      <trkpt lat="49.48825" lon="8.17723">
        <ele>145.0912833662624</ele>
      </trkpt>
      <trkpt lat="49.48744935155219" lon="8.177788763049417">
        <ele>148.8901483112959</ele>
      </trkpt>
      <trkpt lat="49.486630740242994" lon="8.178360106104194">
        <ele>152.4965601506019</ele>
      </trkpt>
      <trkpt lat="49.48633" lon="8.17857">
        <ele>152.7882608397446</ele>
      </trkpt>
      <trkpt lat="49.48608" lon="8.17873">
        <ele>153.02735977402432</ele>
      </trkpt>
      <trkpt lat="49.48592" lon="8.17878">
        <ele>152.7387794239434</ele>
      </trkpt>
      <trkpt lat="49.48576" lon="8.17879">
        <ele>152.45573501163292</ele>
      </trkpt>
      <trkpt lat="49.48536113908402" lon="8.178565531643676">
        <ele>151.70592541768974</ele>
      </trkpt>
      <trkpt lat="49.484516983554386" lon="8.178090383772966">
        <ele>147.41510654972365</ele>
      </trkpt>
      <trkpt lat="49.48393" lon="8.17776">
        <ele>142.84991931690539</ele>
      </trkpt>
      <trkpt lat="49.48379" lon="8.1777">
        <ele>141.78874455771498</ele>
      </trkpt>
      <trkpt lat="49.48366" lon="8.17769">
        <ele>140.83829099052338</ele>
      </trkpt>
      <trkpt lat="49.48352" lon="8.17773">
        <ele>139.71489320823153</ele>
      </trkpt>
      <trkpt lat="49.48334" lon="8.17782">
        <ele>138.22173748936774</ele>
      </trkpt>
      <trkpt lat="49.48281215387242" lon="8.178135177848494">
        <ele>133.7572207030117</ele>
      </trkpt>
      <trkpt lat="49.48195" lon="8.17865">
        <ele>128.4842563657139</ele>
      </trkpt>
      <trkpt lat="49.48167" lon="8.17879">
        <ele>126.80610195866683</ele>
      </trkpt>
      <trkpt lat="49.48148" lon="8.17885">
        <ele>126.21287670648815</ele>
      </trkpt>
      <trkpt lat="49.48131" lon="8.17888">
        <ele>125.6895203428945</ele>
      </trkpt>
      <trkpt lat="49.48109636625171" lon="8.17886643617775">
        <ele>125.03595952671026</ele>
      </trkpt>
      <trkpt lat="49.48068" lon="8.17884">
        <ele>124.04288483832777</ele>
      </trkpt>
      <trkpt lat="49.48031" lon="8.17888">
        <ele>123.15925319969344</ele>
      </trkpt>
      <trkpt lat="49.480199142705956" lon="8.178900249506038">
        <ele>122.89400159289528</ele>
      </trkpt>
      <trkpt lat="49.479752864678666" lon="8.178981783448387">
        <ele>121.77586408748489</ele>
      </trkpt>
      <trkpt lat="49.47927" lon="8.17907">
        <ele>120.56682333919538</ele>
      </trkpt>
      <trkpt lat="49.47885919253557" lon="8.179133200354485">
        <ele>119.54100030048225</ele>
      </trkpt>
      <trkpt lat="49.47836" lon="8.17921">
        <ele>118.74088704261624</ele>
      </trkpt>
      <trkpt lat="49.4779" lon="8.17915">
        <ele>118.37029591994728</ele>
      </trkpt>
      <trkpt lat="49.47788" lon="8.17892">
        <ele>118.35634471277734</ele>
      </trkpt>
      <trkpt lat="49.47784" lon="8.17876">
        <ele>118.34603779004063</ele>
      </trkpt>
      <trkpt lat="49.47779" lon="8.17872">
        <ele>118.34082353731533</ele>
      </trkpt>
      <trkpt lat="49.47734" lon="8.17881">
        <ele>118.2988343692377</ele>
      </trkpt>
      <trkpt lat="49.47722" lon="8.17881">
        <ele>118.2877306185651</ele>
      </trkpt>
      <trkpt lat="49.47712" lon="8.17878">
        <ele>118.27830334155789</ele>
      </trkpt>
      <trkpt lat="49.47702" lon="8.17872">
        <ele>118.26837191355075</ele>
      </trkpt>
      <trkpt lat="49.47692" lon="8.1785">
        <ele>118.24515804718402</ele>
      </trkpt>
      <trkpt lat="49.47679" lon="8.17813">
        <ele>118.208789815939</ele>
      </trkpt>
      <trkpt lat="49.47672446685943" lon="8.177864067398978">
        <ele>118.18423115365404</ele>
      </trkpt>
      <trkpt lat="49.47645" lon="8.17675">
        <ele>117.88263680051128</ele>
      </trkpt>
      <trkpt lat="49.47639" lon="8.17658">
        <ele>117.8336813626318</ele>
      </trkpt>
      <trkpt lat="49.47631" lon="8.17644">
        <ele>117.78650298396438</ele>
      </trkpt>
      <trkpt lat="49.47616" lon="8.17628">
        <ele>117.5879118286937</ele>
      </trkpt>
      <trkpt lat="49.47601" lon="8.17619">
        <ele>117.4127254035906</ele>
      </trkpt>
      <trkpt lat="49.4756108053181" lon="8.17592965710935">
        <ele>116.94106160621652</ele>
      </trkpt>
      <trkpt lat="49.47532" lon="8.17574">
        <ele>116.61310660949535</ele>
      </trkpt>
      <trkpt lat="49.47519" lon="8.17567">
        <ele>116.47014081566992</ele>
      </trkpt>
      <trkpt lat="49.47505" lon="8.17562">
        <ele>116.32095412564954</ele>
      </trkpt>
      <trkpt lat="49.47474" lon="8.17556">
        <ele>116.12522931190512</ele>
      </trkpt>
      <trkpt lat="49.47430117916938" lon="8.175533495408999">
        <ele>115.85033149910387</ele>
      </trkpt>
      <trkpt lat="49.47340304862513" lon="8.175479244576954">
        <ele>115.97197214897795</ele>
      </trkpt>
      <trkpt lat="49.47325" lon="8.17547">
        <ele>116.13786143685229</ele>
      </trkpt>
      <trkpt lat="49.47250430332943" lon="8.175429078519386">
        <ele>116.94545517596275</ele>
      </trkpt>
      <trkpt lat="49.47205517777502" lon="8.17540443071035">
        <ele>117.48177309558329</ele>
      </trkpt>
      <trkpt lat="49.47161" lon="8.17538">
        <ele>117.7542110074209</ele>
      </trkpt>
      <trkpt lat="49.4711" lon="8.17538">
        <ele>118.06602238252009</ele>
      </trkpt>
      <trkpt lat="49.47076" lon="8.17544">
        <ele>117.5342739518558</ele>
      </trkpt>
      <trkpt lat="49.47035" lon="8.17556">
        <ele>116.88580283074565</ele>
      </trkpt>
      <trkpt lat="49.47026987960528" lon="8.175593734788666">
        <ele>116.7567927853752</ele>
      </trkpt>
      <trkpt lat="49.47016" lon="8.17564">
        <ele>116.47732018446413</ele>
      </trkpt>
      <trkpt lat="49.46988" lon="8.17579">
        <ele>115.75019841480146</ele>
      </trkpt>
      <trkpt lat="49.46984336363087" lon="8.175811604328395">
        <ele>115.65426772636184</ele>
      </trkpt>
      <trkpt lat="49.46949" lon="8.17602">
        <ele>114.79399425628402</ele>
      </trkpt>
      <trkpt lat="49.46924" lon="8.17621">
        <ele>114.16033333365237</ele>
      </trkpt>
      <trkpt lat="49.46913" lon="8.17618">
        <ele>114.09959963306979</ele>
      </trkpt>
      <trkpt lat="49.46904" lon="8.176">
        <ele>114.01936162142513</ele>
      </trkpt>
      <trkpt lat="49.4688" lon="8.1756">
        <ele>113.82702019672375</ele>
      </trkpt>
      <trkpt lat="49.46873802270383" lon="8.175526404651105">
        <ele>113.78451584082714</ele>
      </trkpt>
      <trkpt lat="49.46848" lon="8.17522">
        <ele>114.18081739193792</ele>
      </trkpt>
      <trkpt lat="49.46831" lon="8.17506">
        <ele>114.42305106527654</ele>
      </trkpt>
      <trkpt lat="49.467975167525" lon="8.17480371318404">
        <ele>114.87742973683167</ele>
      </trkpt>
      <trkpt lat="49.4675" lon="8.17444">
        <ele>115.27229986868021</ele>
      </trkpt>
      <trkpt lat="49.46733" lon="8.17427">
        <ele>115.42310327161215</ele>
      </trkpt>
      <trkpt lat="49.46720659476602" lon="8.174100317921477">
        <ele>115.54618909681383</ele>
      </trkpt>
      <trkpt lat="49.46717" lon="8.17405">
        <ele>115.51459291685593</ele>
      </trkpt>
      <trkpt lat="49.46709" lon="8.17386">
        <ele>115.41989938502986</ele>
      </trkpt>
      <trkpt lat="49.46698" lon="8.17354">
        <ele>115.2684814829675</ele>
      </trkpt>
      <trkpt lat="49.46682" lon="8.17335">
        <ele>115.13840368615547</ele>
      </trkpt>
      <trkpt lat="49.4666" lon="8.17317">
        <ele>114.97803690771183</ele>
      </trkpt>
      <trkpt lat="49.46641" lon="8.17299">
        <ele>114.83443167620055</ele>
      </trkpt>
      <trkpt lat="49.46626" lon="8.17276">
        <ele>114.84844110015423</ele>
      </trkpt>
      <trkpt lat="49.46608" lon="8.17232">
        <ele>115.00423561722279</ele>
      </trkpt>
      <trkpt lat="49.46601739168347" lon="8.172122416911611">
        <ele>115.07001993823472</ele>
      </trkpt>
      <trkpt lat="49.46582046147235" lon="8.171500834875237">
        <ele>115.58688186522217</ele>
      </trkpt>
      <trkpt lat="49.46576" lon="8.17131">
        <ele>115.82751964670013</ele>
      </trkpt>
      <trkpt lat="49.46559" lon="8.17091">
        <ele>116.3690722659862</ele>
      </trkpt>
      <trkpt lat="49.46531056924125" lon="8.170365438903447">
        <ele>117.15447097864401</ele>
      </trkpt>
      <trkpt lat="49.46503212171679" lon="8.169822661311724">
        <ele>117.65220694594029</ele>
      </trkpt>
      <trkpt lat="49.464753671652595" lon="8.169279889889312">
        <ele>117.95689210879574</ele>
      </trkpt>
      <trkpt lat="49.46441" lon="8.16861">
        <ele>117.75970893873482</ele>
      </trkpt>
      <trkpt lat="49.46492" lon="8.1688">
        <ele>117.13141046708836</ele>
      </trkpt>
      <trkpt lat="49.465164937406286" lon="8.16897145625662">
        <ele>116.8092314184561</ele>
      </trkpt>
      <trkpt lat="49.46522" lon="8.16901">
        <ele>116.75334071751367</ele>
      </trkpt>
      <trkpt lat="49.46558086005043" lon="8.169233982889134">
        <ele>116.39401074050521</ele>
      </trkpt>
      <trkpt lat="49.4658" lon="8.16937">
        <ele>116.42970117706791</ele>
      </trkpt>
      <trkpt lat="49.46598" lon="8.1695">
        <ele>116.45972486932175</ele>
      </trkpt>
      <trkpt lat="49.46611" lon="8.16965">
        <ele>116.48425982922483</ele>
      </trkpt>
      <trkpt lat="49.46614" lon="8.16988">
        <ele>116.50727977863168</ele>
      </trkpt>
      <trkpt lat="49.46619" lon="8.16995">
        <ele>116.65696250007079</ele>
      </trkpt>
      <trkpt lat="49.46626" lon="8.16998">
        <ele>116.81786215759769</ele>
      </trkpt>
      <trkpt lat="49.46633" lon="8.16995">
        <ele>116.97876179857484</ele>
      </trkpt>
      <trkpt lat="49.46639" lon="8.16985">
        <ele>117.1746178282116</ele>
      </trkpt>
      <trkpt lat="49.46639" lon="8.16968">
        <ele>117.41925605331727</ele>
      </trkpt>
      <trkpt lat="49.46636" lon="8.16958">
        <ele>117.57775322770647</ele>
      </trkpt>
      <trkpt lat="49.46636" lon="8.1695">
        <ele>117.69287716883821</ele>
      </trkpt>
      <trkpt lat="49.466401968949455" lon="8.16942750774604">
        <ele>117.83251585533749</ele>
      </trkpt>
      <trkpt lat="49.46647" lon="8.16931">
        <ele>118.26205871610738</ele>
      </trkpt>
      <trkpt lat="49.46673" lon="8.16907">
        <ele>119.53504389047289</ele>
      </trkpt>
      <trkpt lat="49.46716130807505" lon="8.168699453284788">
        <ele>121.60745400846452</ele>
      </trkpt>
      <trkpt lat="49.46822" lon="8.16779">
        <ele>126.9192586341284</ele>
      </trkpt>
      <trkpt lat="49.46873885766024" lon="8.167373060725662">
        <ele>128.70362739886681</ele>
      </trkpt>
      <trkpt lat="49.46878" lon="8.16734">
        <ele>128.83369403804383</ele>
      </trkpt>
      <trkpt lat="49.469143825745945" lon="8.167072699080311">
        <ele>129.96300845201884</ele>
      </trkpt>
      <trkpt lat="49.46927" lon="8.16698">
        <ele>130.31618957447964</ele>
      </trkpt>
      <trkpt lat="49.46945" lon="8.16688">
        <ele>130.7994455582307</ele>
      </trkpt>
      <trkpt lat="49.46986" lon="8.16673">
        <ele>131.86364594566777</ele>
      </trkpt>
      <trkpt lat="49.470455383145655" lon="8.166672456661363">
        <ele>133.22819599423332</ele>
      </trkpt>
      <trkpt lat="49.47135243831221" lon="8.16658577120275">
        <ele>135.1863745506916</ele>
      </trkpt>
      <trkpt lat="49.47224" lon="8.1665">
        <ele>137.17812633500074</ele>
      </trkpt>
      <trkpt lat="49.47257" lon="8.16652">
        <ele>137.91755486722505</ele>
      </trkpt>
      <trkpt lat="49.47291" lon="8.16658">
        <ele>138.45922291651362</ele>
      </trkpt>
      <trkpt lat="49.47313978920313" lon="8.166664069485678">
        <ele>138.8329706529943</ele>
      </trkpt>
      <trkpt lat="49.47332" lon="8.16673">
        <ele>139.06094054042447</ele>
      </trkpt>
      <trkpt lat="49.47357613303566" lon="8.166833902191376">
        <ele>139.38606890796024</ele>
      </trkpt>
      <trkpt lat="49.47444528914847" lon="8.167186348458392">
        <ele>140.25093503250582</ele>
      </trkpt>
      <trkpt lat="49.47487986680331" lon="8.167362576282635">
        <ele>141.3004599934901</ele>
      </trkpt>
      <trkpt lat="49.47531444419043" lon="8.16753880723417">
        <ele>142.7558090422791</ele>
      </trkpt>
      <trkpt lat="49.47549" lon="8.16761">
        <ele>143.67162879280156</ele>
      </trkpt>
      <trkpt lat="49.47585" lon="8.16775">
        <ele>145.54414115925783</ele>
      </trkpt>
      <trkpt lat="49.47617" lon="8.16783">
        <ele>147.17902643270546</ele>
      </trkpt>
      <trkpt lat="49.47647" lon="8.16787">
        <ele>148.69756794130615</ele>
      </trkpt>
      <trkpt lat="49.47669" lon="8.16788">
        <ele>150.0127873961003</ele>
      </trkpt>
      <trkpt lat="49.47689" lon="8.16787">
        <ele>151.20855085007904</ele>
      </trkpt>
      <trkpt lat="49.47708752064485" lon="8.167820257062795">
        <ele>152.4022985783123</ele>
      </trkpt>
      <trkpt lat="49.477974550469135" lon="8.167596911237048">
        <ele>157.86112125773798</ele>
      </trkpt>
      <trkpt lat="49.47828" lon="8.16752">
        <ele>159.3134291155953</ele>
      </trkpt>
      <trkpt lat="49.4786" lon="8.16751">
        <ele>160.81479564423879</ele>
      </trkpt>
      <trkpt lat="49.47898" lon="8.16754">
        <ele>162.00889947062495</ele>
      </trkpt>
      <trkpt lat="49.47931656559972" lon="8.167599837670881">
        <ele>163.071145832765</ele>
      </trkpt>
      <trkpt lat="49.48020945152116" lon="8.167758569216366">
        <ele>164.7716888657951</ele>
      </trkpt>
      <trkpt lat="49.48033" lon="8.16778">
        <ele>165.1429128183088</ele>
      </trkpt>
      <trkpt lat="49.48067" lon="8.16781">
        <ele>166.1843941566688</ele>
      </trkpt>
      <trkpt lat="49.48104" lon="8.16779">
        <ele>167.3166106866832</ele>
      </trkpt>
      <trkpt lat="49.48132" lon="8.16775">
        <ele>168.44210381981048</ele>
      </trkpt>
      <trkpt lat="49.48155024197479" lon="8.16767492071996">
        <ele>169.38378665724125</ele>
      </trkpt>
      <trkpt lat="49.48178" lon="8.1676">
        <ele>170.40934101011453</ele>
      </trkpt>
      <trkpt lat="49.481986301531634" lon="8.167508309309358">
        <ele>171.34623403649022</ele>
      </trkpt>
      <trkpt lat="49.48232" lon="8.16736">
        <ele>172.68895501650613</ele>
      </trkpt>
      <trkpt lat="49.48277" lon="8.16699">
        <ele>174.66060142967555</ele>
      </trkpt>
      <trkpt lat="49.48261674715287" lon="8.166271665973305">
        <ele>175.9958583478665</ele>
      </trkpt>
      <trkpt lat="49.48247654746595" lon="8.165614445398266">
        <ele>176.9000297124801</ele>
      </trkpt>
      <trkpt lat="49.48245" lon="8.16549">
        <ele>177.00156499179664</ele>
      </trkpt>
      <trkpt lat="49.48238" lon="8.16525">
        <ele>177.20543319261066</ele>
      </trkpt>
      <trkpt lat="49.482034179568856" lon="8.164415119505149">
        <ele>177.97248154023458</ele>
      </trkpt>
      <trkpt lat="49.48179259164427" lon="8.163831834572633">
        <ele>178.70074736866894</ele>
      </trkpt>
      <trkpt lat="49.48168" lon="8.16356">
        <ele>179.28665152731176</ele>
      </trkpt>
      <trkpt lat="49.48161" lon="8.16332">
        <ele>179.76462839888467</ele>
      </trkpt>
      <trkpt lat="49.48155" lon="8.163">
        <ele>180.3697593941706</ele>
      </trkpt>
      <trkpt lat="49.481505588288044" lon="8.162539384675547">
        <ele>181.21511919732438</ele>
      </trkpt>
      <trkpt lat="49.48139" lon="8.16134">
        <ele>187.16387029676406</ele>
      </trkpt>
      <trkpt lat="49.48133844515479" lon="8.161188152472713">
        <ele>188.00255655081742</ele>
      </trkpt>
      <trkpt lat="49.4811303392835" lon="8.1605750601378">
        <ele>193.2455092527353</ele>
      </trkpt>
      <trkpt lat="49.48102" lon="8.16025">
        <ele>196.5799018719924</ele>
      </trkpt>
      <trkpt lat="49.48084" lon="8.15977">
        <ele>201.61710900784132</ele>
      </trkpt>
      <trkpt lat="49.48069" lon="8.15943">
        <ele>205.35244683175506</ele>
      </trkpt>
      <trkpt lat="49.4805" lon="8.15908">
        <ele>209.40959704115258</ele>
      </trkpt>
      <trkpt lat="49.48036326757636" lon="8.158883819335205">
        <ele>211.96836249704555</ele>
      </trkpt>
      <trkpt lat="49.48027" lon="8.15875">
        <ele>213.48279477006182</ele>
      </trkpt>
      <trkpt lat="49.47964870473377" lon="8.158043904485893">
        <ele>222.6438937986207</ele>
      </trkpt>
      <trkpt lat="49.47892571821811" lon="8.157221993060748">
        <ele>229.65329209566607</ele>
      </trkpt>
      <trkpt lat="49.47856422277659" lon="8.156811046448778">
        <ele>232.2729847092545</ele>
      </trkpt>
      <trkpt lat="49.47784122752639" lon="8.15598917142534">
        <ele>238.19595847700057</ele>
      </trkpt>
      <trkpt lat="49.47771" lon="8.15584">
        <ele>239.8008581212223</ele>
      </trkpt>
      <trkpt lat="49.477101775243874" lon="8.155201966870267">
        <ele>247.03816081238986</ele>
      </trkpt>
      <trkpt lat="49.47669" lon="8.15477">
        <ele>252.94078433393273</ele>
      </trkpt>
      <trkpt lat="49.47637221991949" lon="8.154394442572368">
        <ele>257.6844702559812</ele>
      </trkpt>
      <trkpt lat="49.47625" lon="8.15425">
        <ele>259.36289600907423</ele>
      </trkpt>
      <trkpt lat="49.4761" lon="8.15399">
        <ele>261.8228424570325</ele>
      </trkpt>
      <trkpt lat="49.47599" lon="8.15374">
        <ele>263.95897145365456</ele>
      </trkpt>
      <trkpt lat="49.47593" lon="8.15349">
        <ele>265.50450971629874</ele>
      </trkpt>
      <trkpt lat="49.47589" lon="8.15321">
        <ele>267.1670710988252</ele>
      </trkpt>
      <trkpt lat="49.47589" lon="8.1528">
        <ele>269.544749158138</ele>
      </trkpt>
      <trkpt lat="49.47597" lon="8.15222">
        <ele>272.9832395064295</ele>
      </trkpt>
      <trkpt lat="49.4761" lon="8.15163">
        <ele>275.641179435829</ele>
      </trkpt>
      <trkpt lat="49.47619768484344" lon="8.151266389990534">
        <ele>277.3193899508852</ele>
      </trkpt>
      <trkpt lat="49.47628" lon="8.15096">
        <ele>278.397074562212</ele>
      </trkpt>
      <trkpt lat="49.476380565293994" lon="8.15063463895086">
        <ele>279.56758618420815</ele>
      </trkpt>
      <trkpt lat="49.47645" lon="8.15041">
        <ele>279.98716952796565</ele>
      </trkpt>
      <trkpt lat="49.476807120099934" lon="8.14941673097094">
        <ele>281.90080636639556</ele>
      </trkpt>
      <trkpt lat="49.477024721196116" lon="8.14881155216224">
        <ele>282.537197771308</ele>
      </trkpt>
      <trkpt lat="49.47709" lon="8.14863">
        <ele>282.6423641135349</ele>
      </trkpt>
      <trkpt lat="49.47716" lon="8.14834">
        <ele>282.7991112348266</ele>
      </trkpt>
      <trkpt lat="49.47728" lon="8.14744">
        <ele>283.26461937824666</ele>
      </trkpt>
      <trkpt lat="49.47734" lon="8.14738">
        <ele>283.47277272364016</ele>
      </trkpt>
      <trkpt lat="49.47741" lon="8.14738">
        <ele>283.6764083814813</ele>
      </trkpt>
      <trkpt lat="49.47807386064595" lon="8.147824553315143">
        <ele>285.7820617753944</ele>
      </trkpt>
      <trkpt lat="49.47848595641797" lon="8.148100506622763">
        <ele>287.92622451228135</ele>
      </trkpt>
      <trkpt lat="49.47853" lon="8.14813">
        <ele>288.1999687322488</ele>
      </trkpt>
      <trkpt lat="49.47898" lon="8.14839">
        <ele>290.9385211973564</ele>
      </trkpt>
      <trkpt lat="49.479318042298004" lon="8.148627546822814">
        <ele>293.04882040451344</ele>
      </trkpt>
      <trkpt lat="49.47972693459057" lon="8.148914573579093">
        <ele>295.0091965969163</ele>
      </trkpt>
      <trkpt lat="49.480544717045156" lon="8.149488641471606">
        <ele>297.50067754563383</ele>
      </trkpt>
      <trkpt lat="49.48136249665886" lon="8.150062728538323">
        <ele>298.74957286536267</ele>
      </trkpt>
      <trkpt lat="49.481771385400315" lon="8.150349779262363">
        <ele>299.609845801473</ele>
      </trkpt>
      <trkpt lat="49.482589160752326" lon="8.150923895092507">
        <ele>301.80673978354884</ele>
      </trkpt>
      <trkpt lat="49.48284" lon="8.1511">
        <ele>301.7554507791168</ele>
      </trkpt>
      <trkpt lat="49.48351" lon="8.15158">
        <ele>301.6180130521716</ele>
      </trkpt>
      <trkpt lat="49.48378" lon="8.15186">
        <ele>300.37499915932074</ele>
      </trkpt>
      <trkpt lat="49.4845" lon="8.15266">
        <ele>296.9846139997351</ele>
      </trkpt>
      <trkpt lat="49.48459" lon="8.15284">
        <ele>296.1757617782198</ele>
      </trkpt>
      <trkpt lat="49.484732998491985" lon="8.153283609964141">
        <ele>294.414002274914</ele>
      </trkpt>
      <trkpt lat="49.48513258085323" lon="8.154522924303235">
        <ele>288.0646821055306</ele>
      </trkpt>
      <trkpt lat="49.48518" lon="8.15467">
        <ele>286.9788704458602</ele>
      </trkpt>
      <trkpt lat="49.48551732908607" lon="8.155774478752669">
        <ele>278.9151470396519</ele>
      </trkpt>
      <trkpt lat="49.485899824407426" lon="8.157026522412275">
        <ele>268.05557154610926</ele>
      </trkpt>
      <trkpt lat="49.48609106700079" lon="8.157652551578177">
        <ele>262.7724874917563</ele>
      </trkpt>
      <trkpt lat="49.48613" lon="8.15778">
        <ele>261.8996328962345</ele>
      </trkpt>
      <trkpt lat="49.48639" lon="8.15865">
        <ele>255.96635856292716</ele>
      </trkpt>
      <trkpt lat="49.48645181006497" lon="8.158919638637837">
        <ele>254.19748914264457</ele>
      </trkpt>
      <trkpt lat="49.48675" lon="8.16022">
        <ele>248.57108076019796</ele>
      </trkpt>
      <trkpt lat="49.48711" lon="8.16127">
        <ele>244.5974529382727</ele>
      </trkpt>
      <trkpt lat="49.4872" lon="8.16142">
        <ele>243.84295358299852</ele>
      </trkpt>
      <trkpt lat="49.48735" lon="8.16161">
        <ele>242.73803294071513</ele>
      </trkpt>
      <trkpt lat="49.48757831993074" lon="8.161779609417477">
        <ele>241.29627012714968</ele>
      </trkpt>
      <trkpt lat="49.4877" lon="8.16187">
        <ele>240.4054826550591</ele>
      </trkpt>
      <trkpt lat="49.48831" lon="8.16218">
        <ele>236.1714704758055</ele>
      </trkpt>
      <trkpt lat="49.48846" lon="8.16225">
        <ele>235.07976386886992</ele>
      </trkpt>
      <trkpt lat="49.48861" lon="8.16228">
        <ele>234.02622761353112</ele>
      </trkpt>
      <trkpt lat="49.48873" lon="8.16227">
        <ele>233.18919922928393</ele>
      </trkpt>
      <trkpt lat="49.489" lon="8.16215">
        <ele>231.23183202851678</ele>
      </trkpt>
      <trkpt lat="49.4893" lon="8.16206">
        <ele>229.1030131150599</ele>
      </trkpt>
      <trkpt lat="49.48936" lon="8.16208">
        <ele>228.73749328579828</ele>
      </trkpt>
      <trkpt lat="49.48945" lon="8.16225">
        <ele>227.8892849099166</ele>
      </trkpt>
      <trkpt lat="49.48952" lon="8.16231">
        <ele>227.41225431107438</ele>
      </trkpt>
      <trkpt lat="49.48958" lon="8.16232">
        <ele>227.05292566767457</ele>
      </trkpt>
      <trkpt lat="49.489680457230854" lon="8.162393060083856">
        <ele>226.39166041766757</ele>
      </trkpt>
      <trkpt lat="49.4898" lon="8.16248">
        <ele>225.68580448525404</ele>
      </trkpt>
      <trkpt lat="49.49012" lon="8.16262">
        <ele>223.91028194320936</ele>
      </trkpt>
      <trkpt lat="49.49022" lon="8.16273">
        <ele>223.2543181260404</ele>
      </trkpt>
      <trkpt lat="49.49028" lon="8.16289">
        <ele>222.6138152224658</ele>
      </trkpt>
      <trkpt lat="49.49033" lon="8.16341">
        <ele>220.7824273373347</ele>
      </trkpt>
      <trkpt lat="49.49033585514708" lon="8.163871356733356">
        <ele>219.17684951564226</ele>
      </trkpt>
      <trkpt lat="49.490353544346526" lon="8.165254794192606">
        <ele>210.68642242432418</ele>
      </trkpt>
      <trkpt lat="49.49036" lon="8.16576">
        <ele>206.50586704232455</ele>
      </trkpt>
      <trkpt lat="49.49043350122559" lon="8.166631614244235">
        <ele>199.23853389324253</ele>
      </trkpt>
      <trkpt lat="49.49049137222953" lon="8.167317708523088">
        <ele>193.46690018227406</ele>
      </trkpt>
      <trkpt lat="49.4905" lon="8.16742">
        <ele>192.7644612459387</ele>
      </trkpt>
      <trkpt lat="49.49053" lon="8.16855">
        <ele>185.06530905392108</ele>
      </trkpt>
      <trkpt lat="49.4906" lon="8.16881">
        <ele>183.64597309225093</ele>
      </trkpt>
      <trkpt lat="49.49080166671285" lon="8.16927702448466">
        <ele>180.81865622885928</ele>
      </trkpt>
      <trkpt lat="49.49098" lon="8.16969">
        <ele>178.87953164005103</ele>
      </trkpt>
      <trkpt lat="49.49109" lon="8.16989">
        <ele>177.85511579719517</ele>
      </trkpt>
      <trkpt lat="49.491414464906605" lon="8.170267659551222">
        <ele>175.40792524429628</ele>
      </trkpt>
      <trkpt lat="49.4917" lon="8.1706">
        <ele>173.04889705167037</ele>
      </trkpt>
      <trkpt lat="49.4919" lon="8.17087">
        <ele>171.29640510854327</ele>
      </trkpt>
      <trkpt lat="49.49204226478476" lon="8.171232552922095">
        <ele>169.48443758931504</ele>
      </trkpt>
      <trkpt lat="49.49221" lon="8.17166">
        <ele>167.0577799121771</ele>
      </trkpt>
      <trkpt lat="49.49234" lon="8.17207">
        <ele>164.8415181783564</ele>
      </trkpt>
      <trkpt lat="49.49239" lon="8.1725">
        <ele>162.80042304788677</ele>
      </trkpt>
      <trkpt lat="49.492423815945024" lon="8.173182292254664">
        <ele>159.60602912319266</ele>
      </trkpt>
      <trkpt lat="49.49252" lon="8.17512">
        <ele>153.31786493456326</ele>
      </trkpt>
      <trkpt lat="49.49242" lon="8.1752">
        <ele>152.87832919782244</ele>
      </trkpt>
      <trkpt lat="49.4922" lon="8.17513">
        <ele>152.00214862238735</ele>
      </trkpt>
      <trkpt lat="49.492008703048576" lon="8.175050292961478">
        <ele>151.2292688221288</ele>
      </trkpt>
      <trkpt lat="49.49196" lon="8.17503">
        <ele>151.05382751652965</ele>
      </trkpt>
      <trkpt lat="49.49171" lon="8.17496">
        <ele>150.1705531906764</ele>
      </trkpt>
      <trkpt lat="49.49156508456609" lon="8.174950942824614">
        <ele>149.66659285166068</ele>
      </trkpt>
      <trkpt lat="49.49139" lon="8.17494">
        <ele>149.08866643022256</ele>
      </trkpt>
      <trkpt lat="49.49106" lon="8.17498">
        <ele>147.9972595251205</ele>
      </trkpt>
      <trkpt lat="49.49074" lon="8.1751">
        <ele>146.91134044734756</ele>
      </trkpt>
      <trkpt lat="49.49049" lon="8.17527">
        <ele>146.08380523174998</ele>
      </trkpt>
      <trkpt lat="49.49029407260371" lon="8.175482720218234">
        <ele>145.3580390728331</ele>
      </trkpt>
      <trkpt lat="49.49014" lon="8.17565">
        <ele>144.9719343773164</ele>
      </trkpt>
      <trkpt lat="49.48991" lon="8.17577">
        <ele>144.4747541563883</ele>
      </trkpt>
      <trkpt lat="49.48964" lon="8.17586">
        <ele>143.9091810417861</ele>
      </trkpt>
      <trkpt lat="49.489467289512696" lon="8.175987259502397">
        <ele>143.5173276896636</ele>
      </trkpt>
      <trkpt lat="49.48926" lon="8.17614">
        <ele>143.4083395491609</ele>
      </trkpt>
      <trkpt lat="49.48909023397381" lon="8.176355028294662">
        <ele>143.30419431119495</ele>
      </trkpt>
      <trkpt lat="49.48866" lon="8.1769">
        <ele>144.26177704091975</ele>
      </trkpt>
      <trkpt lat="49.488357095155756" lon="8.177143801146988">
        <ele>144.84899171003536</ele>
      </trkpt>
      <trkpt lat="49.48825" lon="8.17723">
        <ele>145.36067725863484</ele>
      </trkpt>
      <trkpt lat="49.487540838942586" lon="8.17772490886601">
        <ele>148.65464140511926</ele>
      </trkpt>
      <trkpt lat="49.48672222794785" lon="8.178296254056141">
        <ele>152.32352424610738</ele>
      </trkpt>
      <trkpt lat="49.48633" lon="8.17857">
        <ele>152.8048640610532</ele>
      </trkpt>
      <trkpt lat="49.48608" lon="8.17873">
        <ele>153.10737765771276</ele>
      </trkpt>
      <trkpt lat="49.48592" lon="8.17878">
        <ele>152.87056923745345</ele>
      </trkpt>
      <trkpt lat="49.48576" lon="8.17879">
        <ele>152.63830359592882</ele>
      </trkpt>
      <trkpt lat="49.485455481336835" lon="8.178618634935273">
        <ele>152.16875913524342</ele>
      </trkpt>
      <trkpt lat="49.484611326024705" lon="8.178143485233452">
        <ele>148.12476009343732</ele>
      </trkpt>
      <trkpt lat="49.48418924763886" lon="8.177905916526578">
        <ele>145.10783967805892</ele>
      </trkpt>
      <trkpt lat="49.48393" lon="8.17776">
        <ele>143.18535963792888</ele>
      </trkpt>
      <trkpt lat="49.48379" lon="8.1777">
        <ele>142.17354379497286</ele>
      </trkpt>
      <trkpt lat="49.48366" lon="8.17769">
        <ele>141.26729911760123</ele>
      </trkpt>
      <trkpt lat="49.48352" lon="8.17773">
        <ele>140.153977524292</ele>
      </trkpt>
      <trkpt lat="49.48334" lon="8.17782">
        <ele>138.67421449627807</ele>
      </trkpt>
      <trkpt lat="49.48290580510103" lon="8.178079254259316">
        <ele>135.0353956764602</ele>
      </trkpt>
      <trkpt lat="49.48195" lon="8.17865">
        <ele>128.88404848470435</ele>
      </trkpt>
      <trkpt lat="49.48167" lon="8.17879">
        <ele>127.11816233450696</ele>
      </trkpt>
      <trkpt lat="49.48148" lon="8.17885">
        <ele>126.49888045080752</ele>
      </trkpt>
      <trkpt lat="49.48131" lon="8.17888">
        <ele>125.95253635385355</ele>
      </trkpt>
      <trkpt lat="49.48119673277287" lon="8.178872808776886">
        <ele>125.59109943097819</ele>
      </trkpt>
      <trkpt lat="49.480747703609175" lon="8.178844298647848">
        <ele>124.54986645145884</ele>
      </trkpt>
      <trkpt lat="49.48068" lon="8.17884">
        <ele>124.40160580082721</ele>
      </trkpt>
      <trkpt lat="49.48031" lon="8.17888">
        <ele>123.59031052132302</ele>
      </trkpt>
      <trkpt lat="49.47985261627431" lon="8.178963559197149">
        <ele>122.58325470441181</ele>
      </trkpt>
      <trkpt lat="49.47927" lon="8.17907">
        <ele>120.97934189405842</ele>
      </trkpt>
      <trkpt lat="49.47895914628468" lon="8.179117822506583">
        <ele>120.12609323497263</ele>
      </trkpt>
      <trkpt lat="49.47836" lon="8.17921">
        <ele>118.76914669307577</ele>
      </trkpt>
      <trkpt lat="49.4779" lon="8.17915">
        <ele>117.92719028502444</ele>
      </trkpt>
      <trkpt lat="49.47788" lon="8.17892">
        <ele>117.81275784793694</ele>
      </trkpt>
      <trkpt lat="49.47784" lon="8.17876">
        <ele>117.72821704273903</ele>
      </trkpt>
      <trkpt lat="49.47779" lon="8.17872">
        <ele>117.68544800922992</ele>
      </trkpt>
      <trkpt lat="49.47734" lon="8.17881">
        <ele>117.3410388999781</ele>
      </trkpt>
      <trkpt lat="49.47722" lon="8.17881">
        <ele>117.24996224727023</ele>
      </trkpt>
      <trkpt lat="49.47712" lon="8.17878">
        <ele>117.17263658864513</ele>
      </trkpt>
      <trkpt lat="49.47702" lon="8.17872">
        <ele>117.09117571599309</ele>
      </trkpt>
      <trkpt lat="49.47692" lon="8.1785">
        <ele>117.13571153404676</ele>
      </trkpt>
      <trkpt lat="49.47679" lon="8.17813">
        <ele>117.20548400986371</ele>
      </trkpt>
      <trkpt lat="49.47676007968824" lon="8.17800862480195">
        <ele>117.22694742850449</ele>
      </trkpt>
      <trkpt lat="49.47645" lon="8.17675">
        <ele>117.56028274126231</ele>
      </trkpt>
      <trkpt lat="49.47639" lon="8.17658">
        <ele>117.60817601826068</ele>
      </trkpt>
      <trkpt lat="49.47631" lon="8.17644">
        <ele>117.65433079198391</ele>
      </trkpt>
      <trkpt lat="49.47616" lon="8.17628">
        <ele>117.50019844404282</ele>
      </trkpt>
      <trkpt lat="49.47601" lon="8.17619">
        <ele>117.3642311851192</ele>
      </trkpt>
      <trkpt lat="49.47570329517098" lon="8.175989977559674">
        <ele>117.08302121298172</ele>
      </trkpt>
      <trkpt lat="49.47532" lon="8.17574">
        <ele>116.66079980115681</ele>
      </trkpt>
      <trkpt lat="49.47519" lon="8.17567">
        <ele>116.52115426284637</ele>
      </trkpt>
      <trkpt lat="49.47505" lon="8.17562">
        <ele>116.3754323032141</ele>
      </trkpt>
      <trkpt lat="49.47474" lon="8.17556">
        <ele>116.14580888640857</ele>
      </trkpt>
      <trkpt lat="49.474401553760494" lon="8.175539558576782">
        <ele>115.89714850606234</ele>
      </trkpt>
      <trkpt lat="49.47350342321907" lon="8.175485307522385">
        <ele>115.94528978673921</ele>
      </trkpt>
      <trkpt lat="49.47325" lon="8.17547">
        <ele>116.19297713409182</ele>
      </trkpt>
      <trkpt lat="49.472604691395645" lon="8.175434587833289">
        <ele>116.82309244516242</ele>
      </trkpt>
      <trkpt lat="49.47215556584239" lon="8.175409939923224">
        <ele>117.287321558179</ele>
      </trkpt>
      <trkpt lat="49.47170644028392" lon="8.175385292465146">
        <ele>117.76673166471099</ele>
      </trkpt>
      <trkpt lat="49.47161" lon="8.17538">
        <ele>117.78408811931217</ele>
      </trkpt>
      <trkpt lat="49.4711" lon="8.17538">
        <ele>117.87578623777978</ele>
      </trkpt>
      <trkpt lat="49.47076" lon="8.17544">
        <ele>117.40852549412286</ele>
      </trkpt>
      <trkpt lat="49.47036714099411" lon="8.175554983121131">
        <ele>116.8625280318403</ele>
      </trkpt>
      <trkpt lat="49.47035" lon="8.17556">
        <ele>116.82130441484178</ele>
      </trkpt>
      <trkpt lat="49.47016" lon="8.17564">
        <ele>116.35605254947002</ele>
      </trkpt>
      <trkpt lat="49.46993793806611" lon="8.175758961700621">
        <ele>115.80074138781282</ele>
      </trkpt>
      <trkpt lat="49.46988" lon="8.17579">
        <ele>115.66822048790058</ele>
      </trkpt>
      <trkpt lat="49.46949" lon="8.17602">
        <ele>114.7663043414682</ele>
      </trkpt>
      <trkpt lat="49.46924" lon="8.17621">
        <ele>114.16418774733391</ele>
      </trkpt>
      <trkpt lat="49.46913" lon="8.17618">
        <ele>114.087857848173</ele>
      </trkpt>
      <trkpt lat="49.46904" lon="8.176">
        <ele>113.98701500015063</ele>
      </trkpt>
      <trkpt lat="49.46881512287634" lon="8.175625204878674">
        <ele>113.76051794939707</ele>
      </trkpt>
      <trkpt lat="49.4688" lon="8.1756">
        <ele>113.78728788691359</ele>
      </trkpt>
      <trkpt lat="49.46848" lon="8.17522">
        <ele>114.27250805273533</ele>
      </trkpt>
      <trkpt lat="49.46831" lon="8.17506">
        <ele>114.51172578423349</ele>
      </trkpt>
      <trkpt lat="49.468065106109854" lon="8.174872556847296">
        <ele>114.8398244690961</ele>
      </trkpt>
      <trkpt lat="49.4675" lon="8.17444">
        <ele>115.37791939097096</ele>
      </trkpt>
      <trkpt lat="49.46733" lon="8.17427">
        <ele>115.55071487987377</ele>
      </trkpt>
      <trkpt lat="49.467281498195085" lon="8.17420331070637">
        <ele>115.60611089446674</ele>
      </trkpt>
      <trkpt lat="49.46717" lon="8.17405">
        <ele>115.49570458676921</ele>
      </trkpt>
      <trkpt lat="49.46709" lon="8.17386">
        <ele>115.38710441936374</ele>
      </trkpt>
      <trkpt lat="49.46698" lon="8.17354">
        <ele>115.21344937455726</ele>
      </trkpt>
      <trkpt lat="49.46682" lon="8.17335">
        <ele>115.06426843012429</ele>
      </trkpt>
      <trkpt lat="49.4666" lon="8.17317">
        <ele>114.88035028229108</ele>
      </trkpt>
      <trkpt lat="49.46641" lon="8.17299">
        <ele>114.71565527217076</ele>
      </trkpt>
      <trkpt lat="49.46626" lon="8.17276">
        <ele>114.68916272533072</ele>
      </trkpt>
      <trkpt lat="49.46608" lon="8.17232">
        <ele>114.87663037761382</ele>
      </trkpt>
      <trkpt lat="49.46586447939301" lon="8.171639769798217">
        <ele>115.14945816601258</ele>
      </trkpt>
      <trkpt lat="49.46576" lon="8.17131">
        <ele>115.51353939723997</ele>
      </trkpt>
      <trkpt lat="49.46564447424868" lon="8.171038175531883">
        <ele>115.83571072386924</ele>
      </trkpt>
      <trkpt lat="49.46559" lon="8.17091">
        <ele>115.99450457738233</ele>
      </trkpt>
      <trkpt lat="49.46509" lon="8.16995">
        <ele>117.26969470063906</ele>
      </trkpt>
    </trkseg>
  </trk>
</gpx>
