<?xml version="1.0" encoding="UTF-8"?>
<gpx version="1.0" creator="GPSBabel - https://www.gpsbabel.org" xmlns="http://www.topografix.com/GPX/1/0">
  <time>2025-12-15T08:47:31.396Z</time>
  <bounds minlat="46.250820000" minlon="5.683520000" maxlat="46.916480000" maxlon="6.132650000"/>
  <trk>
    <trkseg>
      <trkpt lat="46.250820000" lon="6.130230000">
        <ele>406.000</ele>
      </trkpt>
      <trkpt lat="46.250860000" lon="6.130220000">
        <ele>406.000</ele>
      </trkpt>
      <trkpt lat="46.250990000" lon="6.130180000">
        <ele>406.000</ele>
      </trkpt>
      <trkpt lat="46.251140000" lon="6.130130000">
        <ele>406.000</ele>
      </trkpt>
      <trkpt lat="46.251270000" lon="6.130080000">
        <ele>406.000</ele>
      </trkpt>
      <trkpt lat="46.251520000" lon="6.129990000">
        <ele>406.000</ele>
      </trkpt>
      <trkpt lat="46.251870000" lon="6.129850000">
        <ele>406.000</ele>
      </trkpt>
      <trkpt lat="46.252020000" lon="6.129800000">
        <ele>406.000</ele>
      </trkpt>
      <trkpt lat="46.252140000" lon="6.129760000">
        <ele>406.000</ele>
      </trkpt>
      <trkpt lat="46.252180000" lon="6.129750000">
        <ele>406.000</ele>
      </trkpt>
      <trkpt lat="46.252250000" lon="6.129730000">
        <ele>406.000</ele>
      </trkpt>
      <trkpt lat="46.252320000" lon="6.129710000">
        <ele>406.000</ele>
      </trkpt>
      <trkpt lat="46.252450000" lon="6.129680000">
        <ele>406.000</ele>
      </trkpt>
      <trkpt lat="46.252610000" lon="6.129660000">
        <ele>406.000</ele>
      </trkpt>
      <trkpt lat="46.252690000" lon="6.129650000">
        <ele>406.000</ele>
      </trkpt>
      <trkpt lat="46.252850000" lon="6.129640000">
        <ele>406.000</ele>
      </trkpt>
      <trkpt lat="46.253590000" lon="6.129600000">
        <ele>408.000</ele>
      </trkpt>
      <trkpt lat="46.254340000" lon="6.129570000">
        <ele>410.000</ele>
      </trkpt>
      <trkpt lat="46.254480000" lon="6.129570000">
        <ele>412.000</ele>
      </trkpt>
      <trkpt lat="46.254590000" lon="6.129580000">
        <ele>414.000</ele>
      </trkpt>
      <trkpt lat="46.254700000" lon="6.129600000">
        <ele>415.000</ele>
      </trkpt>
      <trkpt lat="46.254810000" lon="6.129630000">
        <ele>415.000</ele>
      </trkpt>
      <trkpt lat="46.254920000" lon="6.129680000">
        <ele>416.000</ele>
      </trkpt>
      <trkpt lat="46.255030000" lon="6.129750000">
        <ele>416.000</ele>
      </trkpt>
      <trkpt lat="46.255250000" lon="6.129910000">
        <ele>417.000</ele>
      </trkpt>
      <trkpt lat="46.255380000" lon="6.130000000">
        <ele>417.000</ele>
      </trkpt>
      <trkpt lat="46.255480000" lon="6.130070000">
        <ele>417.000</ele>
      </trkpt>
      <trkpt lat="46.255540000" lon="6.130110000">
        <ele>417.000</ele>
      </trkpt>
      <trkpt lat="46.255610000" lon="6.130140000">
        <ele>417.000</ele>
      </trkpt>
      <trkpt lat="46.255670000" lon="6.130150000">
        <ele>417.000</ele>
      </trkpt>
      <trkpt lat="46.255690000" lon="6.130150000">
        <ele>417.000</ele>
      </trkpt>
      <trkpt lat="46.255710000" lon="6.130150000">
        <ele>418.000</ele>
      </trkpt>
      <trkpt lat="46.255740000" lon="6.130150000">
        <ele>418.000</ele>
      </trkpt>
      <trkpt lat="46.255760000" lon="6.130140000">
        <ele>418.000</ele>
      </trkpt>
      <trkpt lat="46.255810000" lon="6.130120000">
        <ele>418.000</ele>
      </trkpt>
      <trkpt lat="46.255850000" lon="6.130080000">
        <ele>418.000</ele>
      </trkpt>
      <trkpt lat="46.255900000" lon="6.130030000">
        <ele>418.000</ele>
      </trkpt>
      <trkpt lat="46.255940000" lon="6.129970000">
        <ele>418.000</ele>
      </trkpt>
      <trkpt lat="46.256410000" lon="6.129230000">
        <ele>418.000</ele>
      </trkpt>
      <trkpt lat="46.256880000" lon="6.128500000">
        <ele>419.000</ele>
      </trkpt>
      <trkpt lat="46.257030000" lon="6.128290000">
        <ele>420.000</ele>
      </trkpt>
      <trkpt lat="46.257090000" lon="6.128210000">
        <ele>421.000</ele>
      </trkpt>
      <trkpt lat="46.257180000" lon="6.128100000">
        <ele>422.000</ele>
      </trkpt>
      <trkpt lat="46.257290000" lon="6.127980000">
        <ele>423.000</ele>
      </trkpt>
      <trkpt lat="46.257410000" lon="6.127890000">
        <ele>424.000</ele>
      </trkpt>
      <trkpt lat="46.257520000" lon="6.127810000">
        <ele>424.000</ele>
      </trkpt>
      <trkpt lat="46.257640000" lon="6.127730000">
        <ele>425.000</ele>
      </trkpt>
      <trkpt lat="46.257770000" lon="6.127670000">
        <ele>425.000</ele>
      </trkpt>
      <trkpt lat="46.257920000" lon="6.127610000">
        <ele>426.000</ele>
      </trkpt>
      <trkpt lat="46.258020000" lon="6.127590000">
        <ele>427.000</ele>
      </trkpt>
      <trkpt lat="46.258100000" lon="6.127570000">
        <ele>427.000</ele>
      </trkpt>
      <trkpt lat="46.258130000" lon="6.127560000">
        <ele>427.000</ele>
      </trkpt>
      <trkpt lat="46.258180000" lon="6.127560000">
        <ele>427.000</ele>
      </trkpt>
      <trkpt lat="46.258240000" lon="6.127550000">
        <ele>427.000</ele>
      </trkpt>
      <trkpt lat="46.258290000" lon="6.127550000">
        <ele>427.000</ele>
      </trkpt>
      <trkpt lat="46.258360000" lon="6.127550000">
        <ele>427.000</ele>
      </trkpt>
      <trkpt lat="46.258540000" lon="6.127560000">
        <ele>427.000</ele>
      </trkpt>
      <trkpt lat="46.258650000" lon="6.127560000">
        <ele>427.000</ele>
      </trkpt>
      <trkpt lat="46.258730000" lon="6.127550000">
        <ele>427.000</ele>
      </trkpt>
      <trkpt lat="46.258810000" lon="6.127540000">
        <ele>427.000</ele>
      </trkpt>
      <trkpt lat="46.258910000" lon="6.127520000">
        <ele>427.000</ele>
      </trkpt>
      <trkpt lat="46.259030000" lon="6.127490000">
        <ele>426.000</ele>
      </trkpt>
      <trkpt lat="46.259190000" lon="6.127450000">
        <ele>426.000</ele>
      </trkpt>
      <trkpt lat="46.259310000" lon="6.127410000">
        <ele>426.000</ele>
      </trkpt>
      <trkpt lat="46.259420000" lon="6.127360000">
        <ele>426.000</ele>
      </trkpt>
      <trkpt lat="46.259420000" lon="6.127360000">
        <ele>426.000</ele>
      </trkpt>
      <trkpt lat="46.259420000" lon="6.127360000">
        <ele>426.000</ele>
      </trkpt>
      <trkpt lat="46.259530000" lon="6.127300000">
        <ele>426.000</ele>
      </trkpt>
      <trkpt lat="46.259610000" lon="6.127240000">
        <ele>426.000</ele>
      </trkpt>
      <trkpt lat="46.259700000" lon="6.127170000">
        <ele>426.000</ele>
      </trkpt>
      <trkpt lat="46.259820000" lon="6.127070000">
        <ele>426.000</ele>
      </trkpt>
      <trkpt lat="46.260020000" lon="6.126870000">
        <ele>425.000</ele>
      </trkpt>
      <trkpt lat="46.260370000" lon="6.126510000">
        <ele>425.000</ele>
      </trkpt>
      <trkpt lat="46.260820000" lon="6.126030000">
        <ele>424.000</ele>
      </trkpt>
      <trkpt lat="46.260900000" lon="6.125940000">
        <ele>424.000</ele>
      </trkpt>
      <trkpt lat="46.260990000" lon="6.125870000">
        <ele>424.000</ele>
      </trkpt>
      <trkpt lat="46.261080000" lon="6.125790000">
        <ele>423.000</ele>
      </trkpt>
      <trkpt lat="46.261150000" lon="6.125740000">
        <ele>423.000</ele>
      </trkpt>
      <trkpt lat="46.261200000" lon="6.125710000">
        <ele>423.000</ele>
      </trkpt>
      <trkpt lat="46.261250000" lon="6.125680000">
        <ele>423.000</ele>
      </trkpt>
      <trkpt lat="46.261360000" lon="6.125630000">
        <ele>423.000</ele>
      </trkpt>
      <trkpt lat="46.261470000" lon="6.125590000">
        <ele>423.000</ele>
      </trkpt>
      <trkpt lat="46.261590000" lon="6.125570000">
        <ele>422.000</ele>
      </trkpt>
      <trkpt lat="46.261800000" lon="6.125550000">
        <ele>422.000</ele>
      </trkpt>
      <trkpt lat="46.262050000" lon="6.125530000">
        <ele>422.000</ele>
      </trkpt>
      <trkpt lat="46.262150000" lon="6.125510000">
        <ele>422.000</ele>
      </trkpt>
      <trkpt lat="46.262250000" lon="6.125490000">
        <ele>422.000</ele>
      </trkpt>
      <trkpt lat="46.262350000" lon="6.125450000">
        <ele>422.000</ele>
      </trkpt>
      <trkpt lat="46.262500000" lon="6.125380000">
        <ele>422.000</ele>
      </trkpt>
      <trkpt lat="46.262700000" lon="6.125250000">
        <ele>422.000</ele>
      </trkpt>
      <trkpt lat="46.262950000" lon="6.125110000">
        <ele>422.000</ele>
      </trkpt>
      <trkpt lat="46.263080000" lon="6.125040000">
        <ele>422.000</ele>
      </trkpt>
      <trkpt lat="46.263230000" lon="6.124980000">
        <ele>422.000</ele>
      </trkpt>
      <trkpt lat="46.263380000" lon="6.124940000">
        <ele>422.000</ele>
      </trkpt>
      <trkpt lat="46.263410000" lon="6.124930000">
        <ele>422.000</ele>
      </trkpt>
      <trkpt lat="46.263420000" lon="6.124970000">
        <ele>422.000</ele>
      </trkpt>
      <trkpt lat="46.263440000" lon="6.125000000">
        <ele>422.000</ele>
      </trkpt>
      <trkpt lat="46.263460000" lon="6.125030000">
        <ele>422.000</ele>
      </trkpt>
      <trkpt lat="46.263490000" lon="6.125040000">
        <ele>422.000</ele>
      </trkpt>
      <trkpt lat="46.263530000" lon="6.125070000">
        <ele>422.000</ele>
      </trkpt>
      <trkpt lat="46.263570000" lon="6.125120000">
        <ele>422.000</ele>
      </trkpt>
      <trkpt lat="46.263640000" lon="6.125210000">
        <ele>422.000</ele>
      </trkpt>
      <trkpt lat="46.263740000" lon="6.125280000">
        <ele>422.000</ele>
      </trkpt>
      <trkpt lat="46.263830000" lon="6.125380000">
        <ele>422.000</ele>
      </trkpt>
      <trkpt lat="46.263880000" lon="6.125450000">
        <ele>422.000</ele>
      </trkpt>
      <trkpt lat="46.263940000" lon="6.125540000">
        <ele>422.000</ele>
      </trkpt>
      <trkpt lat="46.264240000" lon="6.126100000">
        <ele>422.000</ele>
      </trkpt>
      <trkpt lat="46.264530000" lon="6.126660000">
        <ele>422.000</ele>
      </trkpt>
      <trkpt lat="46.264760000" lon="6.127090000">
        <ele>423.000</ele>
      </trkpt>
      <trkpt lat="46.264900000" lon="6.127340000">
        <ele>423.000</ele>
      </trkpt>
      <trkpt lat="46.265020000" lon="6.127580000">
        <ele>424.000</ele>
      </trkpt>
      <trkpt lat="46.265060000" lon="6.127660000">
        <ele>424.000</ele>
      </trkpt>
      <trkpt lat="46.265300000" lon="6.128090000">
        <ele>425.000</ele>
      </trkpt>
      <trkpt lat="46.265880000" lon="6.129190000">
        <ele>427.000</ele>
      </trkpt>
      <trkpt lat="46.265940000" lon="6.129290000">
        <ele>427.000</ele>
      </trkpt>
      <trkpt lat="46.266060000" lon="6.129520000">
        <ele>428.000</ele>
      </trkpt>
      <trkpt lat="46.266270000" lon="6.129900000">
        <ele>428.000</ele>
      </trkpt>
      <trkpt lat="46.266430000" lon="6.130200000">
        <ele>427.000</ele>
      </trkpt>
      <trkpt lat="46.266500000" lon="6.130330000">
        <ele>427.000</ele>
      </trkpt>
      <trkpt lat="46.266570000" lon="6.130450000">
        <ele>427.000</ele>
      </trkpt>
      <trkpt lat="46.266660000" lon="6.130630000">
        <ele>426.000</ele>
      </trkpt>
      <trkpt lat="46.266710000" lon="6.130710000">
        <ele>426.000</ele>
      </trkpt>
      <trkpt lat="46.266880000" lon="6.131050000">
        <ele>425.000</ele>
      </trkpt>
      <trkpt lat="46.267520000" lon="6.132240000">
        <ele>424.000</ele>
      </trkpt>
      <trkpt lat="46.267560000" lon="6.132320000">
        <ele>423.000</ele>
      </trkpt>
      <trkpt lat="46.267580000" lon="6.132370000">
        <ele>422.000</ele>
      </trkpt>
      <trkpt lat="46.267600000" lon="6.132400000">
        <ele>422.000</ele>
      </trkpt>
      <trkpt lat="46.267580000" lon="6.132440000">
        <ele>421.000</ele>
      </trkpt>
      <trkpt lat="46.267570000" lon="6.132480000">
        <ele>421.000</ele>
      </trkpt>
      <trkpt lat="46.267570000" lon="6.132530000">
        <ele>421.000</ele>
      </trkpt>
      <trkpt lat="46.267580000" lon="6.132580000">
        <ele>421.000</ele>
      </trkpt>
      <trkpt lat="46.267600000" lon="6.132610000">
        <ele>421.000</ele>
      </trkpt>
      <trkpt lat="46.267630000" lon="6.132630000">
        <ele>421.000</ele>
      </trkpt>
      <trkpt lat="46.267650000" lon="6.132650000">
        <ele>421.000</ele>
      </trkpt>
      <trkpt lat="46.267680000" lon="6.132650000">
        <ele>421.000</ele>
      </trkpt>
      <trkpt lat="46.267710000" lon="6.132630000">
        <ele>421.000</ele>
      </trkpt>
      <trkpt lat="46.267730000" lon="6.132610000">
        <ele>421.000</ele>
      </trkpt>
      <trkpt lat="46.267750000" lon="6.132570000">
        <ele>421.000</ele>
      </trkpt>
      <trkpt lat="46.267760000" lon="6.132530000">
        <ele>421.000</ele>
      </trkpt>
      <trkpt lat="46.267770000" lon="6.132480000">
        <ele>421.000</ele>
      </trkpt>
      <trkpt lat="46.267760000" lon="6.132440000">
        <ele>421.000</ele>
      </trkpt>
      <trkpt lat="46.267740000" lon="6.132400000">
        <ele>421.000</ele>
      </trkpt>
      <trkpt lat="46.267760000" lon="6.132370000">
        <ele>421.000</ele>
      </trkpt>
      <trkpt lat="46.267940000" lon="6.132110000">
        <ele>421.000</ele>
      </trkpt>
      <trkpt lat="46.267980000" lon="6.132050000">
        <ele>421.000</ele>
      </trkpt>
      <trkpt lat="46.268000000" lon="6.132020000">
        <ele>421.000</ele>
      </trkpt>
      <trkpt lat="46.268470000" lon="6.131350000">
        <ele>422.000</ele>
      </trkpt>
      <trkpt lat="46.268550000" lon="6.131230000">
        <ele>422.000</ele>
      </trkpt>
      <trkpt lat="46.268620000" lon="6.131110000">
        <ele>422.000</ele>
      </trkpt>
      <trkpt lat="46.268840000" lon="6.130750000">
        <ele>422.000</ele>
      </trkpt>
      <trkpt lat="46.269250000" lon="6.130060000">
        <ele>423.000</ele>
      </trkpt>
      <trkpt lat="46.269470000" lon="6.129670000">
        <ele>423.000</ele>
      </trkpt>
      <trkpt lat="46.269550000" lon="6.129540000">
        <ele>424.000</ele>
      </trkpt>
      <trkpt lat="46.269550000" lon="6.129540000">
        <ele>424.000</ele>
      </trkpt>
      <trkpt lat="46.269930000" lon="6.128880000">
        <ele>425.000</ele>
      </trkpt>
      <trkpt lat="46.270040000" lon="6.128680000">
        <ele>425.000</ele>
      </trkpt>
      <trkpt lat="46.270090000" lon="6.128590000">
        <ele>426.000</ele>
      </trkpt>
      <trkpt lat="46.270400000" lon="6.128020000">
        <ele>426.000</ele>
      </trkpt>
      <trkpt lat="46.270660000" lon="6.127540000">
        <ele>427.000</ele>
      </trkpt>
      <trkpt lat="46.270690000" lon="6.127490000">
        <ele>428.000</ele>
      </trkpt>
      <trkpt lat="46.270830000" lon="6.127240000">
        <ele>429.000</ele>
      </trkpt>
      <trkpt lat="46.271030000" lon="6.126900000">
        <ele>430.000</ele>
      </trkpt>
      <trkpt lat="46.271230000" lon="6.126570000">
        <ele>431.000</ele>
      </trkpt>
      <trkpt lat="46.271290000" lon="6.126480000">
        <ele>431.000</ele>
      </trkpt>
      <trkpt lat="46.271410000" lon="6.126290000">
        <ele>431.000</ele>
      </trkpt>
      <trkpt lat="46.271500000" lon="6.126120000">
        <ele>431.000</ele>
      </trkpt>
      <trkpt lat="46.271620000" lon="6.125940000">
        <ele>431.000</ele>
      </trkpt>
      <trkpt lat="46.271710000" lon="6.125800000">
        <ele>431.000</ele>
      </trkpt>
      <trkpt lat="46.271730000" lon="6.125770000">
        <ele>431.000</ele>
      </trkpt>
      <trkpt lat="46.271750000" lon="6.125790000">
        <ele>431.000</ele>
      </trkpt>
      <trkpt lat="46.271770000" lon="6.125800000">
        <ele>431.000</ele>
      </trkpt>
      <trkpt lat="46.271800000" lon="6.125800000">
        <ele>430.000</ele>
      </trkpt>
      <trkpt lat="46.271820000" lon="6.125790000">
        <ele>430.000</ele>
      </trkpt>
      <trkpt lat="46.271840000" lon="6.125770000">
        <ele>430.000</ele>
      </trkpt>
      <trkpt lat="46.271860000" lon="6.125740000">
        <ele>430.000</ele>
      </trkpt>
      <trkpt lat="46.271870000" lon="6.125710000">
        <ele>430.000</ele>
      </trkpt>
      <trkpt lat="46.271870000" lon="6.125670000">
        <ele>430.000</ele>
      </trkpt>
      <trkpt lat="46.271870000" lon="6.125630000">
        <ele>430.000</ele>
      </trkpt>
      <trkpt lat="46.271850000" lon="6.125600000">
        <ele>430.000</ele>
      </trkpt>
      <trkpt lat="46.271880000" lon="6.125560000">
        <ele>430.000</ele>
      </trkpt>
      <trkpt lat="46.271930000" lon="6.125490000">
        <ele>430.000</ele>
      </trkpt>
      <trkpt lat="46.272110000" lon="6.125240000">
        <ele>429.000</ele>
      </trkpt>
      <trkpt lat="46.272210000" lon="6.125100000">
        <ele>429.000</ele>
      </trkpt>
      <trkpt lat="46.272260000" lon="6.125030000">
        <ele>429.000</ele>
      </trkpt>
      <trkpt lat="46.272460000" lon="6.124760000">
        <ele>428.000</ele>
      </trkpt>
      <trkpt lat="46.272670000" lon="6.124470000">
        <ele>428.000</ele>
      </trkpt>
      <trkpt lat="46.272760000" lon="6.124340000">
        <ele>428.000</ele>
      </trkpt>
      <trkpt lat="46.272850000" lon="6.124200000">
        <ele>428.000</ele>
      </trkpt>
      <trkpt lat="46.273080000" lon="6.123890000">
        <ele>428.000</ele>
      </trkpt>
      <trkpt lat="46.273740000" lon="6.122980000">
        <ele>429.000</ele>
      </trkpt>
      <trkpt lat="46.273810000" lon="6.122880000">
        <ele>430.000</ele>
      </trkpt>
      <trkpt lat="46.273870000" lon="6.122780000">
        <ele>430.000</ele>
      </trkpt>
      <trkpt lat="46.273900000" lon="6.122730000">
        <ele>430.000</ele>
      </trkpt>
      <trkpt lat="46.273940000" lon="6.122660000">
        <ele>430.000</ele>
      </trkpt>
      <trkpt lat="46.274010000" lon="6.122530000">
        <ele>430.000</ele>
      </trkpt>
      <trkpt lat="46.274080000" lon="6.122390000">
        <ele>431.000</ele>
      </trkpt>
      <trkpt lat="46.274550000" lon="6.121370000">
        <ele>431.000</ele>
      </trkpt>
      <trkpt lat="46.274800000" lon="6.120840000">
        <ele>431.000</ele>
      </trkpt>
      <trkpt lat="46.275090000" lon="6.120280000">
        <ele>432.000</ele>
      </trkpt>
      <trkpt lat="46.275250000" lon="6.119940000">
        <ele>432.000</ele>
      </trkpt>
      <trkpt lat="46.275500000" lon="6.119420000">
        <ele>433.000</ele>
      </trkpt>
      <trkpt lat="46.275580000" lon="6.119280000">
        <ele>433.000</ele>
      </trkpt>
      <trkpt lat="46.275690000" lon="6.119080000">
        <ele>434.000</ele>
      </trkpt>
      <trkpt lat="46.275890000" lon="6.118740000">
        <ele>434.000</ele>
      </trkpt>
      <trkpt lat="46.275980000" lon="6.118590000">
        <ele>435.000</ele>
      </trkpt>
      <trkpt lat="46.276100000" lon="6.118420000">
        <ele>435.000</ele>
      </trkpt>
      <trkpt lat="46.276190000" lon="6.118300000">
        <ele>436.000</ele>
      </trkpt>
      <trkpt lat="46.276290000" lon="6.118180000">
        <ele>436.000</ele>
      </trkpt>
      <trkpt lat="46.276510000" lon="6.117940000">
        <ele>437.000</ele>
      </trkpt>
      <trkpt lat="46.276640000" lon="6.117790000">
        <ele>438.000</ele>
      </trkpt>
      <trkpt lat="46.277040000" lon="6.117300000">
        <ele>439.000</ele>
      </trkpt>
      <trkpt lat="46.277550000" lon="6.116670000">
        <ele>442.000</ele>
      </trkpt>
      <trkpt lat="46.278100000" lon="6.115990000">
        <ele>446.000</ele>
      </trkpt>
      <trkpt lat="46.278220000" lon="6.115830000">
        <ele>448.000</ele>
      </trkpt>
      <trkpt lat="46.278280000" lon="6.115750000">
        <ele>450.000</ele>
      </trkpt>
      <trkpt lat="46.278320000" lon="6.115710000">
        <ele>452.000</ele>
      </trkpt>
      <trkpt lat="46.278380000" lon="6.115650000">
        <ele>453.000</ele>
      </trkpt>
      <trkpt lat="46.278440000" lon="6.115590000">
        <ele>454.000</ele>
      </trkpt>
      <trkpt lat="46.278530000" lon="6.115470000">
        <ele>455.000</ele>
      </trkpt>
      <trkpt lat="46.278570000" lon="6.115410000">
        <ele>455.000</ele>
      </trkpt>
      <trkpt lat="46.278770000" lon="6.115170000">
        <ele>456.000</ele>
      </trkpt>
      <trkpt lat="46.278840000" lon="6.115090000">
        <ele>457.000</ele>
      </trkpt>
      <trkpt lat="46.278890000" lon="6.115030000">
        <ele>458.000</ele>
      </trkpt>
      <trkpt lat="46.278930000" lon="6.114960000">
        <ele>459.000</ele>
      </trkpt>
      <trkpt lat="46.278980000" lon="6.114850000">
        <ele>460.000</ele>
      </trkpt>
      <trkpt lat="46.279010000" lon="6.114790000">
        <ele>460.000</ele>
      </trkpt>
      <trkpt lat="46.279030000" lon="6.114720000">
        <ele>461.000</ele>
      </trkpt>
      <trkpt lat="46.279050000" lon="6.114660000">
        <ele>461.000</ele>
      </trkpt>
      <trkpt lat="46.279070000" lon="6.114620000">
        <ele>461.000</ele>
      </trkpt>
      <trkpt lat="46.279130000" lon="6.114540000">
        <ele>462.000</ele>
      </trkpt>
      <trkpt lat="46.279210000" lon="6.114430000">
        <ele>462.000</ele>
      </trkpt>
      <trkpt lat="46.279240000" lon="6.114400000">
        <ele>463.000</ele>
      </trkpt>
      <trkpt lat="46.279270000" lon="6.114340000">
        <ele>463.000</ele>
      </trkpt>
      <trkpt lat="46.279290000" lon="6.114310000">
        <ele>464.000</ele>
      </trkpt>
      <trkpt lat="46.279300000" lon="6.114250000">
        <ele>464.000</ele>
      </trkpt>
      <trkpt lat="46.279300000" lon="6.114190000">
        <ele>464.000</ele>
      </trkpt>
      <trkpt lat="46.279390000" lon="6.114210000">
        <ele>465.000</ele>
      </trkpt>
      <trkpt lat="46.279450000" lon="6.114210000">
        <ele>465.000</ele>
      </trkpt>
      <trkpt lat="46.279630000" lon="6.114230000">
        <ele>465.000</ele>
      </trkpt>
      <trkpt lat="46.279650000" lon="6.114190000">
        <ele>465.000</ele>
      </trkpt>
      <trkpt lat="46.279710000" lon="6.114030000">
        <ele>465.000</ele>
      </trkpt>
      <trkpt lat="46.279820000" lon="6.113780000">
        <ele>465.000</ele>
      </trkpt>
      <trkpt lat="46.279840000" lon="6.113720000">
        <ele>465.000</ele>
      </trkpt>
      <trkpt lat="46.279850000" lon="6.113690000">
        <ele>465.000</ele>
      </trkpt>
      <trkpt lat="46.279880000" lon="6.113620000">
        <ele>465.000</ele>
      </trkpt>
      <trkpt lat="46.279910000" lon="6.113550000">
        <ele>465.000</ele>
      </trkpt>
      <trkpt lat="46.279980000" lon="6.113330000">
        <ele>465.000</ele>
      </trkpt>
      <trkpt lat="46.280010000" lon="6.113240000">
        <ele>465.000</ele>
      </trkpt>
      <trkpt lat="46.280060000" lon="6.113090000">
        <ele>464.000</ele>
      </trkpt>
      <trkpt lat="46.280120000" lon="6.112880000">
        <ele>464.000</ele>
      </trkpt>
      <trkpt lat="46.280160000" lon="6.112780000">
        <ele>464.000</ele>
      </trkpt>
      <trkpt lat="46.280200000" lon="6.112660000">
        <ele>464.000</ele>
      </trkpt>
      <trkpt lat="46.280440000" lon="6.112160000">
        <ele>464.000</ele>
      </trkpt>
      <trkpt lat="46.280590000" lon="6.111850000">
        <ele>464.000</ele>
      </trkpt>
      <trkpt lat="46.280760000" lon="6.111530000">
        <ele>464.000</ele>
      </trkpt>
      <trkpt lat="46.280920000" lon="6.111260000">
        <ele>464.000</ele>
      </trkpt>
      <trkpt lat="46.281130000" lon="6.110910000">
        <ele>464.000</ele>
      </trkpt>
      <trkpt lat="46.281310000" lon="6.110630000">
        <ele>464.000</ele>
      </trkpt>
      <trkpt lat="46.281550000" lon="6.110290000">
        <ele>464.000</ele>
      </trkpt>
      <trkpt lat="46.282010000" lon="6.109680000">
        <ele>464.000</ele>
      </trkpt>
      <trkpt lat="46.282200000" lon="6.109430000">
        <ele>465.000</ele>
      </trkpt>
      <trkpt lat="46.282370000" lon="6.109210000">
        <ele>465.000</ele>
      </trkpt>
      <trkpt lat="46.282850000" lon="6.108680000">
        <ele>466.000</ele>
      </trkpt>
      <trkpt lat="46.283460000" lon="6.108010000">
        <ele>468.000</ele>
      </trkpt>
      <trkpt lat="46.283570000" lon="6.107880000">
        <ele>469.000</ele>
      </trkpt>
      <trkpt lat="46.283690000" lon="6.107710000">
        <ele>470.000</ele>
      </trkpt>
      <trkpt lat="46.284580000" lon="6.106110000">
        <ele>472.000</ele>
      </trkpt>
      <trkpt lat="46.284710000" lon="6.105890000">
        <ele>474.000</ele>
      </trkpt>
      <trkpt lat="46.284790000" lon="6.105780000">
        <ele>475.000</ele>
      </trkpt>
      <trkpt lat="46.284870000" lon="6.105690000">
        <ele>476.000</ele>
      </trkpt>
      <trkpt lat="46.285020000" lon="6.105570000">
        <ele>477.000</ele>
      </trkpt>
      <trkpt lat="46.285200000" lon="6.105450000">
        <ele>478.000</ele>
      </trkpt>
      <trkpt lat="46.286160000" lon="6.104930000">
        <ele>479.000</ele>
      </trkpt>
      <trkpt lat="46.286690000" lon="6.104640000">
        <ele>481.000</ele>
      </trkpt>
      <trkpt lat="46.286800000" lon="6.104580000">
        <ele>482.000</ele>
      </trkpt>
      <trkpt lat="46.286940000" lon="6.104500000">
        <ele>483.000</ele>
      </trkpt>
      <trkpt lat="46.287000000" lon="6.104470000">
        <ele>483.000</ele>
      </trkpt>
      <trkpt lat="46.287110000" lon="6.104410000">
        <ele>483.000</ele>
      </trkpt>
      <trkpt lat="46.287880000" lon="6.103960000">
        <ele>483.000</ele>
      </trkpt>
      <trkpt lat="46.288150000" lon="6.103820000">
        <ele>483.000</ele>
      </trkpt>
      <trkpt lat="46.288290000" lon="6.103760000">
        <ele>482.000</ele>
      </trkpt>
      <trkpt lat="46.288390000" lon="6.103720000">
        <ele>482.000</ele>
      </trkpt>
      <trkpt lat="46.288510000" lon="6.103700000">
        <ele>482.000</ele>
      </trkpt>
      <trkpt lat="46.288670000" lon="6.103690000">
        <ele>481.000</ele>
      </trkpt>
      <trkpt lat="46.289440000" lon="6.103690000">
        <ele>481.000</ele>
      </trkpt>
      <trkpt lat="46.289610000" lon="6.103680000">
        <ele>480.000</ele>
      </trkpt>
      <trkpt lat="46.289700000" lon="6.103660000">
        <ele>480.000</ele>
      </trkpt>
      <trkpt lat="46.289790000" lon="6.103640000">
        <ele>479.000</ele>
      </trkpt>
      <trkpt lat="46.289900000" lon="6.103600000">
        <ele>479.000</ele>
      </trkpt>
      <trkpt lat="46.290110000" lon="6.103510000">
        <ele>478.000</ele>
      </trkpt>
      <trkpt lat="46.290970000" lon="6.103130000">
        <ele>477.000</ele>
      </trkpt>
      <trkpt lat="46.291570000" lon="6.102860000">
        <ele>477.000</ele>
      </trkpt>
      <trkpt lat="46.291980000" lon="6.102670000">
        <ele>477.000</ele>
      </trkpt>
      <trkpt lat="46.292070000" lon="6.102630000">
        <ele>478.000</ele>
      </trkpt>
      <trkpt lat="46.292190000" lon="6.102570000">
        <ele>478.000</ele>
      </trkpt>
      <trkpt lat="46.292280000" lon="6.102510000">
        <ele>478.000</ele>
      </trkpt>
      <trkpt lat="46.292440000" lon="6.102410000">
        <ele>478.000</ele>
      </trkpt>
      <trkpt lat="46.292670000" lon="6.102250000">
        <ele>479.000</ele>
      </trkpt>
      <trkpt lat="46.292860000" lon="6.102100000">
        <ele>479.000</ele>
      </trkpt>
      <trkpt lat="46.293020000" lon="6.101980000">
        <ele>479.000</ele>
      </trkpt>
      <trkpt lat="46.293190000" lon="6.101820000">
        <ele>479.000</ele>
      </trkpt>
      <trkpt lat="46.293420000" lon="6.101590000">
        <ele>479.000</ele>
      </trkpt>
      <trkpt lat="46.293640000" lon="6.101400000">
        <ele>479.000</ele>
      </trkpt>
      <trkpt lat="46.293730000" lon="6.101320000">
        <ele>479.000</ele>
      </trkpt>
      <trkpt lat="46.293820000" lon="6.101260000">
        <ele>479.000</ele>
      </trkpt>
      <trkpt lat="46.294150000" lon="6.101040000">
        <ele>479.000</ele>
      </trkpt>
      <trkpt lat="46.295030000" lon="6.100470000">
        <ele>478.000</ele>
      </trkpt>
      <trkpt lat="46.295180000" lon="6.100370000">
        <ele>478.000</ele>
      </trkpt>
      <trkpt lat="46.295270000" lon="6.100310000">
        <ele>478.000</ele>
      </trkpt>
      <trkpt lat="46.295390000" lon="6.100220000">
        <ele>477.000</ele>
      </trkpt>
      <trkpt lat="46.295480000" lon="6.100140000">
        <ele>477.000</ele>
      </trkpt>
      <trkpt lat="46.295580000" lon="6.100060000">
        <ele>477.000</ele>
      </trkpt>
      <trkpt lat="46.295660000" lon="6.099990000">
        <ele>477.000</ele>
      </trkpt>
      <trkpt lat="46.295860000" lon="6.099820000">
        <ele>476.000</ele>
      </trkpt>
      <trkpt lat="46.296010000" lon="6.099680000">
        <ele>476.000</ele>
      </trkpt>
      <trkpt lat="46.296500000" lon="6.099200000">
        <ele>476.000</ele>
      </trkpt>
      <trkpt lat="46.296620000" lon="6.099070000">
        <ele>475.000</ele>
      </trkpt>
      <trkpt lat="46.296660000" lon="6.099030000">
        <ele>475.000</ele>
      </trkpt>
      <trkpt lat="46.296800000" lon="6.098870000">
        <ele>475.000</ele>
      </trkpt>
      <trkpt lat="46.296920000" lon="6.098760000">
        <ele>475.000</ele>
      </trkpt>
      <trkpt lat="46.297000000" lon="6.098700000">
        <ele>475.000</ele>
      </trkpt>
      <trkpt lat="46.297080000" lon="6.098630000">
        <ele>474.000</ele>
      </trkpt>
      <trkpt lat="46.297180000" lon="6.098570000">
        <ele>474.000</ele>
      </trkpt>
      <trkpt lat="46.297310000" lon="6.098500000">
        <ele>474.000</ele>
      </trkpt>
      <trkpt lat="46.297650000" lon="6.098360000">
        <ele>474.000</ele>
      </trkpt>
      <trkpt lat="46.298120000" lon="6.098180000">
        <ele>474.000</ele>
      </trkpt>
      <trkpt lat="46.298340000" lon="6.098090000">
        <ele>474.000</ele>
      </trkpt>
      <trkpt lat="46.298700000" lon="6.097940000">
        <ele>474.000</ele>
      </trkpt>
      <trkpt lat="46.298930000" lon="6.097830000">
        <ele>474.000</ele>
      </trkpt>
      <trkpt lat="46.299030000" lon="6.097770000">
        <ele>474.000</ele>
      </trkpt>
      <trkpt lat="46.299130000" lon="6.097700000">
        <ele>474.000</ele>
      </trkpt>
      <trkpt lat="46.299280000" lon="6.097580000">
        <ele>474.000</ele>
      </trkpt>
      <trkpt lat="46.299390000" lon="6.097480000">
        <ele>474.000</ele>
      </trkpt>
      <trkpt lat="46.299520000" lon="6.097370000">
        <ele>474.000</ele>
      </trkpt>
      <trkpt lat="46.299630000" lon="6.097250000">
        <ele>474.000</ele>
      </trkpt>
      <trkpt lat="46.299720000" lon="6.097140000">
        <ele>474.000</ele>
      </trkpt>
      <trkpt lat="46.299810000" lon="6.097020000">
        <ele>474.000</ele>
      </trkpt>
      <trkpt lat="46.299980000" lon="6.096780000">
        <ele>474.000</ele>
      </trkpt>
      <trkpt lat="46.300160000" lon="6.096510000">
        <ele>474.000</ele>
      </trkpt>
      <trkpt lat="46.300290000" lon="6.096340000">
        <ele>474.000</ele>
      </trkpt>
      <trkpt lat="46.300430000" lon="6.096150000">
        <ele>474.000</ele>
      </trkpt>
      <trkpt lat="46.300590000" lon="6.095950000">
        <ele>474.000</ele>
      </trkpt>
      <trkpt lat="46.300760000" lon="6.095750000">
        <ele>474.000</ele>
      </trkpt>
      <trkpt lat="46.300860000" lon="6.095620000">
        <ele>474.000</ele>
      </trkpt>
      <trkpt lat="46.300880000" lon="6.095650000">
        <ele>474.000</ele>
      </trkpt>
      <trkpt lat="46.300910000" lon="6.095660000">
        <ele>474.000</ele>
      </trkpt>
      <trkpt lat="46.300940000" lon="6.095660000">
        <ele>474.000</ele>
      </trkpt>
      <trkpt lat="46.300960000" lon="6.095650000">
        <ele>474.000</ele>
      </trkpt>
      <trkpt lat="46.300990000" lon="6.095630000">
        <ele>474.000</ele>
      </trkpt>
      <trkpt lat="46.301010000" lon="6.095600000">
        <ele>474.000</ele>
      </trkpt>
      <trkpt lat="46.301030000" lon="6.095560000">
        <ele>474.000</ele>
      </trkpt>
      <trkpt lat="46.301030000" lon="6.095520000">
        <ele>474.000</ele>
      </trkpt>
      <trkpt lat="46.301030000" lon="6.095470000">
        <ele>474.000</ele>
      </trkpt>
      <trkpt lat="46.301020000" lon="6.095430000">
        <ele>474.000</ele>
      </trkpt>
      <trkpt lat="46.301000000" lon="6.095390000">
        <ele>474.000</ele>
      </trkpt>
      <trkpt lat="46.301060000" lon="6.095320000">
        <ele>474.000</ele>
      </trkpt>
      <trkpt lat="46.301140000" lon="6.095190000">
        <ele>474.000</ele>
      </trkpt>
      <trkpt lat="46.301160000" lon="6.095160000">
        <ele>474.000</ele>
      </trkpt>
      <trkpt lat="46.301290000" lon="6.094960000">
        <ele>474.000</ele>
      </trkpt>
      <trkpt lat="46.301670000" lon="6.094370000">
        <ele>474.000</ele>
      </trkpt>
      <trkpt lat="46.301840000" lon="6.094100000">
        <ele>474.000</ele>
      </trkpt>
      <trkpt lat="46.302870000" lon="6.092530000">
        <ele>476.000</ele>
      </trkpt>
      <trkpt lat="46.303170000" lon="6.092040000">
        <ele>477.000</ele>
      </trkpt>
      <trkpt lat="46.303200000" lon="6.091970000">
        <ele>478.000</ele>
      </trkpt>
      <trkpt lat="46.303360000" lon="6.091700000">
        <ele>479.000</ele>
      </trkpt>
      <trkpt lat="46.304050000" lon="6.090280000">
        <ele>481.000</ele>
      </trkpt>
      <trkpt lat="46.304500000" lon="6.089650000">
        <ele>482.000</ele>
      </trkpt>
      <trkpt lat="46.305300000" lon="6.088710000">
        <ele>484.000</ele>
      </trkpt>
      <trkpt lat="46.305990000" lon="6.088000000">
        <ele>485.000</ele>
      </trkpt>
      <trkpt lat="46.306440000" lon="6.087490000">
        <ele>486.000</ele>
      </trkpt>
      <trkpt lat="46.307700000" lon="6.085810000">
        <ele>489.000</ele>
      </trkpt>
      <trkpt lat="46.308410000" lon="6.084910000">
        <ele>492.000</ele>
      </trkpt>
      <trkpt lat="46.308940000" lon="6.084320000">
        <ele>495.000</ele>
      </trkpt>
      <trkpt lat="46.309220000" lon="6.083890000">
        <ele>498.000</ele>
      </trkpt>
      <trkpt lat="46.309510000" lon="6.083440000">
        <ele>499.000</ele>
      </trkpt>
      <trkpt lat="46.309770000" lon="6.082890000">
        <ele>501.000</ele>
      </trkpt>
      <trkpt lat="46.309980000" lon="6.082330000">
        <ele>502.000</ele>
      </trkpt>
      <trkpt lat="46.310550000" lon="6.080130000">
        <ele>503.000</ele>
      </trkpt>
      <trkpt lat="46.310660000" lon="6.079610000">
        <ele>504.000</ele>
      </trkpt>
      <trkpt lat="46.310720000" lon="6.079280000">
        <ele>505.000</ele>
      </trkpt>
      <trkpt lat="46.310770000" lon="6.078910000">
        <ele>506.000</ele>
      </trkpt>
      <trkpt lat="46.310820000" lon="6.078580000">
        <ele>507.000</ele>
      </trkpt>
      <trkpt lat="46.310880000" lon="6.078290000">
        <ele>507.000</ele>
      </trkpt>
      <trkpt lat="46.310950000" lon="6.078060000">
        <ele>508.000</ele>
      </trkpt>
      <trkpt lat="46.311000000" lon="6.077920000">
        <ele>508.000</ele>
      </trkpt>
      <trkpt lat="46.311050000" lon="6.077810000">
        <ele>509.000</ele>
      </trkpt>
      <trkpt lat="46.311120000" lon="6.077670000">
        <ele>509.000</ele>
      </trkpt>
      <trkpt lat="46.311200000" lon="6.077540000">
        <ele>509.000</ele>
      </trkpt>
      <trkpt lat="46.311260000" lon="6.077450000">
        <ele>510.000</ele>
      </trkpt>
      <trkpt lat="46.311350000" lon="6.077350000">
        <ele>510.000</ele>
      </trkpt>
      <trkpt lat="46.311780000" lon="6.076850000">
        <ele>511.000</ele>
      </trkpt>
      <trkpt lat="46.312310000" lon="6.076250000">
        <ele>512.000</ele>
      </trkpt>
      <trkpt lat="46.312340000" lon="6.076220000">
        <ele>514.000</ele>
      </trkpt>
      <trkpt lat="46.312520000" lon="6.076030000">
        <ele>515.000</ele>
      </trkpt>
      <trkpt lat="46.312650000" lon="6.075970000">
        <ele>515.000</ele>
      </trkpt>
      <trkpt lat="46.312750000" lon="6.075940000">
        <ele>516.000</ele>
      </trkpt>
      <trkpt lat="46.312810000" lon="6.075940000">
        <ele>516.000</ele>
      </trkpt>
      <trkpt lat="46.312840000" lon="6.075960000">
        <ele>516.000</ele>
      </trkpt>
      <trkpt lat="46.312880000" lon="6.075970000">
        <ele>516.000</ele>
      </trkpt>
      <trkpt lat="46.312920000" lon="6.075970000">
        <ele>516.000</ele>
      </trkpt>
      <trkpt lat="46.312960000" lon="6.075970000">
        <ele>517.000</ele>
      </trkpt>
      <trkpt lat="46.312990000" lon="6.075950000">
        <ele>517.000</ele>
      </trkpt>
      <trkpt lat="46.313060000" lon="6.075950000">
        <ele>517.000</ele>
      </trkpt>
      <trkpt lat="46.313150000" lon="6.075970000">
        <ele>517.000</ele>
      </trkpt>
      <trkpt lat="46.313280000" lon="6.076030000">
        <ele>517.000</ele>
      </trkpt>
      <trkpt lat="46.313410000" lon="6.076160000">
        <ele>517.000</ele>
      </trkpt>
      <trkpt lat="46.313590000" lon="6.076370000">
        <ele>517.000</ele>
      </trkpt>
      <trkpt lat="46.314610000" lon="6.077880000">
        <ele>517.000</ele>
      </trkpt>
      <trkpt lat="46.314610000" lon="6.077880000">
        <ele>517.000</ele>
      </trkpt>
      <trkpt lat="46.314840000" lon="6.078220000">
        <ele>517.000</ele>
      </trkpt>
      <trkpt lat="46.314860000" lon="6.078250000">
        <ele>517.000</ele>
      </trkpt>
      <trkpt lat="46.315270000" lon="6.078840000">
        <ele>518.000</ele>
      </trkpt>
      <trkpt lat="46.315690000" lon="6.079470000">
        <ele>518.000</ele>
      </trkpt>
      <trkpt lat="46.315840000" lon="6.079670000">
        <ele>518.000</ele>
      </trkpt>
      <trkpt lat="46.315990000" lon="6.079550000">
        <ele>518.000</ele>
      </trkpt>
      <trkpt lat="46.316160000" lon="6.079460000">
        <ele>518.000</ele>
      </trkpt>
      <trkpt lat="46.316220000" lon="6.079430000">
        <ele>519.000</ele>
      </trkpt>
      <trkpt lat="46.316280000" lon="6.079410000">
        <ele>519.000</ele>
      </trkpt>
      <trkpt lat="46.316590000" lon="6.079250000">
        <ele>519.000</ele>
      </trkpt>
      <trkpt lat="46.316660000" lon="6.079210000">
        <ele>519.000</ele>
      </trkpt>
      <trkpt lat="46.316740000" lon="6.079130000">
        <ele>519.000</ele>
      </trkpt>
      <trkpt lat="46.316910000" lon="6.078910000">
        <ele>520.000</ele>
      </trkpt>
      <trkpt lat="46.317090000" lon="6.078600000">
        <ele>520.000</ele>
      </trkpt>
      <trkpt lat="46.317180000" lon="6.078450000">
        <ele>520.000</ele>
      </trkpt>
      <trkpt lat="46.317400000" lon="6.078010000">
        <ele>521.000</ele>
      </trkpt>
      <trkpt lat="46.317800000" lon="6.077240000">
        <ele>522.000</ele>
      </trkpt>
      <trkpt lat="46.317850000" lon="6.077150000">
        <ele>524.000</ele>
      </trkpt>
      <trkpt lat="46.317880000" lon="6.077100000">
        <ele>525.000</ele>
      </trkpt>
      <trkpt lat="46.318180000" lon="6.076500000">
        <ele>527.000</ele>
      </trkpt>
      <trkpt lat="46.318180000" lon="6.076500000">
        <ele>528.000</ele>
      </trkpt>
      <trkpt lat="46.318200000" lon="6.076460000">
        <ele>529.000</ele>
      </trkpt>
      <trkpt lat="46.318270000" lon="6.076320000">
        <ele>530.000</ele>
      </trkpt>
      <trkpt lat="46.318530000" lon="6.075790000">
        <ele>531.000</ele>
      </trkpt>
      <trkpt lat="46.318770000" lon="6.075220000">
        <ele>533.000</ele>
      </trkpt>
      <trkpt lat="46.318950000" lon="6.074820000">
        <ele>533.000</ele>
      </trkpt>
      <trkpt lat="46.319000000" lon="6.074700000">
        <ele>534.000</ele>
      </trkpt>
      <trkpt lat="46.319000000" lon="6.074700000">
        <ele>535.000</ele>
      </trkpt>
      <trkpt lat="46.319080000" lon="6.074540000">
        <ele>535.000</ele>
      </trkpt>
      <trkpt lat="46.319220000" lon="6.074300000">
        <ele>535.000</ele>
      </trkpt>
      <trkpt lat="46.319280000" lon="6.074260000">
        <ele>535.000</ele>
      </trkpt>
      <trkpt lat="46.319350000" lon="6.074160000">
        <ele>536.000</ele>
      </trkpt>
      <trkpt lat="46.319380000" lon="6.074130000">
        <ele>536.000</ele>
      </trkpt>
      <trkpt lat="46.319410000" lon="6.074090000">
        <ele>536.000</ele>
      </trkpt>
      <trkpt lat="46.319470000" lon="6.074060000">
        <ele>536.000</ele>
      </trkpt>
      <trkpt lat="46.319510000" lon="6.074050000">
        <ele>536.000</ele>
      </trkpt>
      <trkpt lat="46.319530000" lon="6.074050000">
        <ele>536.000</ele>
      </trkpt>
      <trkpt lat="46.319580000" lon="6.074010000">
        <ele>536.000</ele>
      </trkpt>
      <trkpt lat="46.319610000" lon="6.073970000">
        <ele>536.000</ele>
      </trkpt>
      <trkpt lat="46.319630000" lon="6.073920000">
        <ele>536.000</ele>
      </trkpt>
      <trkpt lat="46.319650000" lon="6.073860000">
        <ele>536.000</ele>
      </trkpt>
      <trkpt lat="46.319650000" lon="6.073800000">
        <ele>536.000</ele>
      </trkpt>
      <trkpt lat="46.319650000" lon="6.073740000">
        <ele>536.000</ele>
      </trkpt>
      <trkpt lat="46.319630000" lon="6.073690000">
        <ele>536.000</ele>
      </trkpt>
      <trkpt lat="46.319610000" lon="6.073640000">
        <ele>537.000</ele>
      </trkpt>
      <trkpt lat="46.319590000" lon="6.073610000">
        <ele>537.000</ele>
      </trkpt>
      <trkpt lat="46.319560000" lon="6.073580000">
        <ele>537.000</ele>
      </trkpt>
      <trkpt lat="46.319530000" lon="6.073560000">
        <ele>537.000</ele>
      </trkpt>
      <trkpt lat="46.319490000" lon="6.073540000">
        <ele>537.000</ele>
      </trkpt>
      <trkpt lat="46.319450000" lon="6.073540000">
        <ele>537.000</ele>
      </trkpt>
      <trkpt lat="46.319410000" lon="6.073560000">
        <ele>537.000</ele>
      </trkpt>
      <trkpt lat="46.319350000" lon="6.073550000">
        <ele>537.000</ele>
      </trkpt>
      <trkpt lat="46.319300000" lon="6.073520000">
        <ele>537.000</ele>
      </trkpt>
      <trkpt lat="46.319230000" lon="6.073440000">
        <ele>537.000</ele>
      </trkpt>
      <trkpt lat="46.319160000" lon="6.073340000">
        <ele>537.000</ele>
      </trkpt>
      <trkpt lat="46.319120000" lon="6.073320000">
        <ele>537.000</ele>
      </trkpt>
      <trkpt lat="46.319040000" lon="6.073160000">
        <ele>537.000</ele>
      </trkpt>
      <trkpt lat="46.319000000" lon="6.073030000">
        <ele>537.000</ele>
      </trkpt>
      <trkpt lat="46.318980000" lon="6.072970000">
        <ele>537.000</ele>
      </trkpt>
      <trkpt lat="46.318940000" lon="6.072850000">
        <ele>537.000</ele>
      </trkpt>
      <trkpt lat="46.318920000" lon="6.072770000">
        <ele>538.000</ele>
      </trkpt>
      <trkpt lat="46.318910000" lon="6.072650000">
        <ele>538.000</ele>
      </trkpt>
      <trkpt lat="46.318920000" lon="6.072540000">
        <ele>538.000</ele>
      </trkpt>
      <trkpt lat="46.318940000" lon="6.072440000">
        <ele>538.000</ele>
      </trkpt>
      <trkpt lat="46.319060000" lon="6.072010000">
        <ele>538.000</ele>
      </trkpt>
      <trkpt lat="46.319070000" lon="6.071900000">
        <ele>538.000</ele>
      </trkpt>
      <trkpt lat="46.319080000" lon="6.071820000">
        <ele>538.000</ele>
      </trkpt>
      <trkpt lat="46.319080000" lon="6.071700000">
        <ele>538.000</ele>
      </trkpt>
      <trkpt lat="46.319060000" lon="6.071460000">
        <ele>539.000</ele>
      </trkpt>
      <trkpt lat="46.319030000" lon="6.071120000">
        <ele>539.000</ele>
      </trkpt>
      <trkpt lat="46.319030000" lon="6.071010000">
        <ele>540.000</ele>
      </trkpt>
      <trkpt lat="46.319030000" lon="6.070930000">
        <ele>540.000</ele>
      </trkpt>
      <trkpt lat="46.319040000" lon="6.070840000">
        <ele>541.000</ele>
      </trkpt>
      <trkpt lat="46.319060000" lon="6.070780000">
        <ele>541.000</ele>
      </trkpt>
      <trkpt lat="46.319080000" lon="6.070720000">
        <ele>541.000</ele>
      </trkpt>
      <trkpt lat="46.319130000" lon="6.070620000">
        <ele>541.000</ele>
      </trkpt>
      <trkpt lat="46.319210000" lon="6.070510000">
        <ele>542.000</ele>
      </trkpt>
      <trkpt lat="46.319500000" lon="6.070120000">
        <ele>543.000</ele>
      </trkpt>
      <trkpt lat="46.319620000" lon="6.069950000">
        <ele>543.000</ele>
      </trkpt>
      <trkpt lat="46.319720000" lon="6.069820000">
        <ele>544.000</ele>
      </trkpt>
      <trkpt lat="46.319950000" lon="6.069580000">
        <ele>545.000</ele>
      </trkpt>
      <trkpt lat="46.320020000" lon="6.069510000">
        <ele>545.000</ele>
      </trkpt>
      <trkpt lat="46.320050000" lon="6.069480000">
        <ele>546.000</ele>
      </trkpt>
      <trkpt lat="46.320200000" lon="6.069270000">
        <ele>546.000</ele>
      </trkpt>
      <trkpt lat="46.320380000" lon="6.069040000">
        <ele>547.000</ele>
      </trkpt>
      <trkpt lat="46.320490000" lon="6.068920000">
        <ele>547.000</ele>
      </trkpt>
      <trkpt lat="46.320620000" lon="6.068800000">
        <ele>548.000</ele>
      </trkpt>
      <trkpt lat="46.321080000" lon="6.068370000">
        <ele>549.000</ele>
      </trkpt>
      <trkpt lat="46.321120000" lon="6.068340000">
        <ele>549.000</ele>
      </trkpt>
      <trkpt lat="46.321410000" lon="6.068120000">
        <ele>550.000</ele>
      </trkpt>
      <trkpt lat="46.321430000" lon="6.068110000">
        <ele>551.000</ele>
      </trkpt>
      <trkpt lat="46.321700000" lon="6.067960000">
        <ele>551.000</ele>
      </trkpt>
      <trkpt lat="46.321870000" lon="6.067890000">
        <ele>552.000</ele>
      </trkpt>
      <trkpt lat="46.322120000" lon="6.067780000">
        <ele>553.000</ele>
      </trkpt>
      <trkpt lat="46.322240000" lon="6.067730000">
        <ele>553.000</ele>
      </trkpt>
      <trkpt lat="46.322410000" lon="6.067660000">
        <ele>554.000</ele>
      </trkpt>
      <trkpt lat="46.322460000" lon="6.067640000">
        <ele>555.000</ele>
      </trkpt>
      <trkpt lat="46.322730000" lon="6.067520000">
        <ele>555.000</ele>
      </trkpt>
      <trkpt lat="46.322860000" lon="6.067460000">
        <ele>556.000</ele>
      </trkpt>
      <trkpt lat="46.322880000" lon="6.067450000">
        <ele>556.000</ele>
      </trkpt>
      <trkpt lat="46.323030000" lon="6.067390000">
        <ele>557.000</ele>
      </trkpt>
      <trkpt lat="46.323130000" lon="6.067330000">
        <ele>557.000</ele>
      </trkpt>
      <trkpt lat="46.323190000" lon="6.067280000">
        <ele>558.000</ele>
      </trkpt>
      <trkpt lat="46.323210000" lon="6.067260000">
        <ele>558.000</ele>
      </trkpt>
      <trkpt lat="46.323230000" lon="6.067240000">
        <ele>558.000</ele>
      </trkpt>
      <trkpt lat="46.323370000" lon="6.067110000">
        <ele>558.000</ele>
      </trkpt>
      <trkpt lat="46.323420000" lon="6.067070000">
        <ele>559.000</ele>
      </trkpt>
      <trkpt lat="46.323740000" lon="6.066750000">
        <ele>559.000</ele>
      </trkpt>
      <trkpt lat="46.323890000" lon="6.066590000">
        <ele>560.000</ele>
      </trkpt>
      <trkpt lat="46.324190000" lon="6.066290000">
        <ele>560.000</ele>
      </trkpt>
      <trkpt lat="46.324190000" lon="6.066290000">
        <ele>561.000</ele>
      </trkpt>
      <trkpt lat="46.324230000" lon="6.066250000">
        <ele>561.000</ele>
      </trkpt>
      <trkpt lat="46.324460000" lon="6.065990000">
        <ele>562.000</ele>
      </trkpt>
      <trkpt lat="46.324750000" lon="6.065660000">
        <ele>562.000</ele>
      </trkpt>
      <trkpt lat="46.324810000" lon="6.065590000">
        <ele>563.000</ele>
      </trkpt>
      <trkpt lat="46.325020000" lon="6.065320000">
        <ele>563.000</ele>
      </trkpt>
      <trkpt lat="46.325270000" lon="6.065000000">
        <ele>564.000</ele>
      </trkpt>
      <trkpt lat="46.325310000" lon="6.064940000">
        <ele>564.000</ele>
      </trkpt>
      <trkpt lat="46.325530000" lon="6.064650000">
        <ele>565.000</ele>
      </trkpt>
      <trkpt lat="46.325590000" lon="6.064560000">
        <ele>566.000</ele>
      </trkpt>
      <trkpt lat="46.325610000" lon="6.064540000">
        <ele>566.000</ele>
      </trkpt>
      <trkpt lat="46.325710000" lon="6.064410000">
        <ele>566.000</ele>
      </trkpt>
      <trkpt lat="46.325810000" lon="6.064270000">
        <ele>567.000</ele>
      </trkpt>
      <trkpt lat="46.326130000" lon="6.063820000">
        <ele>567.000</ele>
      </trkpt>
      <trkpt lat="46.326340000" lon="6.063520000">
        <ele>568.000</ele>
      </trkpt>
      <trkpt lat="46.326420000" lon="6.063440000">
        <ele>568.000</ele>
      </trkpt>
      <trkpt lat="46.326560000" lon="6.063310000">
        <ele>569.000</ele>
      </trkpt>
      <trkpt lat="46.326800000" lon="6.063100000">
        <ele>569.000</ele>
      </trkpt>
      <trkpt lat="46.326860000" lon="6.063050000">
        <ele>569.000</ele>
      </trkpt>
      <trkpt lat="46.326900000" lon="6.063040000">
        <ele>570.000</ele>
      </trkpt>
      <trkpt lat="46.326950000" lon="6.063030000">
        <ele>570.000</ele>
      </trkpt>
      <trkpt lat="46.326990000" lon="6.063040000">
        <ele>570.000</ele>
      </trkpt>
      <trkpt lat="46.327040000" lon="6.063080000">
        <ele>570.000</ele>
      </trkpt>
      <trkpt lat="46.327090000" lon="6.063130000">
        <ele>570.000</ele>
      </trkpt>
      <trkpt lat="46.327270000" lon="6.063350000">
        <ele>570.000</ele>
      </trkpt>
      <trkpt lat="46.327540000" lon="6.063690000">
        <ele>571.000</ele>
      </trkpt>
      <trkpt lat="46.327600000" lon="6.063750000">
        <ele>571.000</ele>
      </trkpt>
      <trkpt lat="46.327640000" lon="6.063770000">
        <ele>571.000</ele>
      </trkpt>
      <trkpt lat="46.327680000" lon="6.063770000">
        <ele>571.000</ele>
      </trkpt>
      <trkpt lat="46.327750000" lon="6.063740000">
        <ele>571.000</ele>
      </trkpt>
      <trkpt lat="46.327760000" lon="6.063790000">
        <ele>571.000</ele>
      </trkpt>
      <trkpt lat="46.327780000" lon="6.063820000">
        <ele>571.000</ele>
      </trkpt>
      <trkpt lat="46.327800000" lon="6.063840000">
        <ele>571.000</ele>
      </trkpt>
      <trkpt lat="46.327830000" lon="6.063850000">
        <ele>571.000</ele>
      </trkpt>
      <trkpt lat="46.327860000" lon="6.063850000">
        <ele>571.000</ele>
      </trkpt>
      <trkpt lat="46.327890000" lon="6.063840000">
        <ele>571.000</ele>
      </trkpt>
      <trkpt lat="46.327900000" lon="6.063940000">
        <ele>571.000</ele>
      </trkpt>
      <trkpt lat="46.327900000" lon="6.063950000">
        <ele>571.000</ele>
      </trkpt>
      <trkpt lat="46.327920000" lon="6.064050000">
        <ele>571.000</ele>
      </trkpt>
      <trkpt lat="46.327960000" lon="6.064160000">
        <ele>571.000</ele>
      </trkpt>
      <trkpt lat="46.328200000" lon="6.064850000">
        <ele>570.000</ele>
      </trkpt>
      <trkpt lat="46.328470000" lon="6.065320000">
        <ele>570.000</ele>
      </trkpt>
      <trkpt lat="46.328720000" lon="6.065580000">
        <ele>569.000</ele>
      </trkpt>
      <trkpt lat="46.328920000" lon="6.065720000">
        <ele>569.000</ele>
      </trkpt>
      <trkpt lat="46.329140000" lon="6.065810000">
        <ele>569.000</ele>
      </trkpt>
      <trkpt lat="46.329280000" lon="6.065850000">
        <ele>569.000</ele>
      </trkpt>
      <trkpt lat="46.329460000" lon="6.065860000">
        <ele>569.000</ele>
      </trkpt>
      <trkpt lat="46.329820000" lon="6.065800000">
        <ele>568.000</ele>
      </trkpt>
      <trkpt lat="46.330340000" lon="6.065480000">
        <ele>568.000</ele>
      </trkpt>
      <trkpt lat="46.331110000" lon="6.064870000">
        <ele>568.000</ele>
      </trkpt>
      <trkpt lat="46.331200000" lon="6.064790000">
        <ele>568.000</ele>
      </trkpt>
      <trkpt lat="46.331300000" lon="6.064700000">
        <ele>568.000</ele>
      </trkpt>
      <trkpt lat="46.331340000" lon="6.064740000">
        <ele>569.000</ele>
      </trkpt>
      <trkpt lat="46.331380000" lon="6.064770000">
        <ele>569.000</ele>
      </trkpt>
      <trkpt lat="46.331430000" lon="6.064770000">
        <ele>569.000</ele>
      </trkpt>
      <trkpt lat="46.331480000" lon="6.064750000">
        <ele>570.000</ele>
      </trkpt>
      <trkpt lat="46.331520000" lon="6.064710000">
        <ele>570.000</ele>
      </trkpt>
      <trkpt lat="46.331550000" lon="6.064650000">
        <ele>570.000</ele>
      </trkpt>
      <trkpt lat="46.331560000" lon="6.064590000">
        <ele>571.000</ele>
      </trkpt>
      <trkpt lat="46.331560000" lon="6.064520000">
        <ele>571.000</ele>
      </trkpt>
      <trkpt lat="46.331550000" lon="6.064450000">
        <ele>571.000</ele>
      </trkpt>
      <trkpt lat="46.331520000" lon="6.064390000">
        <ele>572.000</ele>
      </trkpt>
      <trkpt lat="46.331620000" lon="6.064270000">
        <ele>572.000</ele>
      </trkpt>
      <trkpt lat="46.331720000" lon="6.064170000">
        <ele>573.000</ele>
      </trkpt>
      <trkpt lat="46.331930000" lon="6.063930000">
        <ele>574.000</ele>
      </trkpt>
      <trkpt lat="46.332110000" lon="6.063700000">
        <ele>575.000</ele>
      </trkpt>
      <trkpt lat="46.332340000" lon="6.063420000">
        <ele>577.000</ele>
      </trkpt>
      <trkpt lat="46.332800000" lon="6.062780000">
        <ele>579.000</ele>
      </trkpt>
      <trkpt lat="46.332950000" lon="6.062650000">
        <ele>581.000</ele>
      </trkpt>
      <trkpt lat="46.333060000" lon="6.062510000">
        <ele>583.000</ele>
      </trkpt>
      <trkpt lat="46.333110000" lon="6.062440000">
        <ele>584.000</ele>
      </trkpt>
      <trkpt lat="46.333150000" lon="6.062390000">
        <ele>585.000</ele>
      </trkpt>
      <trkpt lat="46.333170000" lon="6.062380000">
        <ele>586.000</ele>
      </trkpt>
      <trkpt lat="46.333190000" lon="6.062360000">
        <ele>587.000</ele>
      </trkpt>
      <trkpt lat="46.333210000" lon="6.062340000">
        <ele>587.000</ele>
      </trkpt>
      <trkpt lat="46.333230000" lon="6.062310000">
        <ele>587.000</ele>
      </trkpt>
      <trkpt lat="46.333240000" lon="6.062280000">
        <ele>588.000</ele>
      </trkpt>
      <trkpt lat="46.333240000" lon="6.062240000">
        <ele>588.000</ele>
      </trkpt>
      <trkpt lat="46.333240000" lon="6.062210000">
        <ele>588.000</ele>
      </trkpt>
      <trkpt lat="46.333230000" lon="6.062160000">
        <ele>588.000</ele>
      </trkpt>
      <trkpt lat="46.333210000" lon="6.062120000">
        <ele>588.000</ele>
      </trkpt>
      <trkpt lat="46.333180000" lon="6.062100000">
        <ele>589.000</ele>
      </trkpt>
      <trkpt lat="46.333150000" lon="6.062080000">
        <ele>589.000</ele>
      </trkpt>
      <trkpt lat="46.333100000" lon="6.062040000">
        <ele>589.000</ele>
      </trkpt>
      <trkpt lat="46.333060000" lon="6.062010000">
        <ele>589.000</ele>
      </trkpt>
      <trkpt lat="46.332970000" lon="6.061870000">
        <ele>590.000</ele>
      </trkpt>
      <trkpt lat="46.332650000" lon="6.061190000">
        <ele>591.000</ele>
      </trkpt>
      <trkpt lat="46.332640000" lon="6.061160000">
        <ele>592.000</ele>
      </trkpt>
      <trkpt lat="46.332470000" lon="6.060790000">
        <ele>594.000</ele>
      </trkpt>
      <trkpt lat="46.332380000" lon="6.060590000">
        <ele>595.000</ele>
      </trkpt>
      <trkpt lat="46.332310000" lon="6.060420000">
        <ele>596.000</ele>
      </trkpt>
      <trkpt lat="46.332270000" lon="6.060310000">
        <ele>597.000</ele>
      </trkpt>
      <trkpt lat="46.332250000" lon="6.060250000">
        <ele>598.000</ele>
      </trkpt>
      <trkpt lat="46.332320000" lon="6.060190000">
        <ele>599.000</ele>
      </trkpt>
      <trkpt lat="46.332510000" lon="6.059980000">
        <ele>600.000</ele>
      </trkpt>
      <trkpt lat="46.332610000" lon="6.059880000">
        <ele>601.000</ele>
      </trkpt>
      <trkpt lat="46.332680000" lon="6.059830000">
        <ele>601.000</ele>
      </trkpt>
      <trkpt lat="46.332770000" lon="6.059800000">
        <ele>602.000</ele>
      </trkpt>
      <trkpt lat="46.332860000" lon="6.059780000">
        <ele>603.000</ele>
      </trkpt>
      <trkpt lat="46.332950000" lon="6.059790000">
        <ele>604.000</ele>
      </trkpt>
      <trkpt lat="46.333080000" lon="6.059800000">
        <ele>604.000</ele>
      </trkpt>
      <trkpt lat="46.333210000" lon="6.059810000">
        <ele>605.000</ele>
      </trkpt>
      <trkpt lat="46.333420000" lon="6.059800000">
        <ele>606.000</ele>
      </trkpt>
      <trkpt lat="46.333910000" lon="6.059780000">
        <ele>608.000</ele>
      </trkpt>
      <trkpt lat="46.333930000" lon="6.059780000">
        <ele>609.000</ele>
      </trkpt>
      <trkpt lat="46.333940000" lon="6.059780000">
        <ele>610.000</ele>
      </trkpt>
      <trkpt lat="46.334020000" lon="6.059810000">
        <ele>611.000</ele>
      </trkpt>
      <trkpt lat="46.334020000" lon="6.059830000">
        <ele>611.000</ele>
      </trkpt>
      <trkpt lat="46.334040000" lon="6.059840000">
        <ele>611.000</ele>
      </trkpt>
      <trkpt lat="46.334050000" lon="6.059850000">
        <ele>612.000</ele>
      </trkpt>
      <trkpt lat="46.334060000" lon="6.059850000">
        <ele>612.000</ele>
      </trkpt>
      <trkpt lat="46.334080000" lon="6.059850000">
        <ele>612.000</ele>
      </trkpt>
      <trkpt lat="46.334090000" lon="6.059840000">
        <ele>612.000</ele>
      </trkpt>
      <trkpt lat="46.334100000" lon="6.059830000">
        <ele>612.000</ele>
      </trkpt>
      <trkpt lat="46.334250000" lon="6.059870000">
        <ele>612.000</ele>
      </trkpt>
      <trkpt lat="46.334290000" lon="6.059900000">
        <ele>613.000</ele>
      </trkpt>
      <trkpt lat="46.334980000" lon="6.060280000">
        <ele>614.000</ele>
      </trkpt>
      <trkpt lat="46.335010000" lon="6.060300000">
        <ele>615.000</ele>
      </trkpt>
      <trkpt lat="46.335120000" lon="6.060380000">
        <ele>615.000</ele>
      </trkpt>
      <trkpt lat="46.335250000" lon="6.060510000">
        <ele>616.000</ele>
      </trkpt>
      <trkpt lat="46.335330000" lon="6.060650000">
        <ele>617.000</ele>
      </trkpt>
      <trkpt lat="46.335380000" lon="6.060770000">
        <ele>617.000</ele>
      </trkpt>
      <trkpt lat="46.335530000" lon="6.061190000">
        <ele>618.000</ele>
      </trkpt>
      <trkpt lat="46.335610000" lon="6.061400000">
        <ele>619.000</ele>
      </trkpt>
      <trkpt lat="46.335690000" lon="6.061490000">
        <ele>620.000</ele>
      </trkpt>
      <trkpt lat="46.335760000" lon="6.061520000">
        <ele>620.000</ele>
      </trkpt>
      <trkpt lat="46.335830000" lon="6.061530000">
        <ele>621.000</ele>
      </trkpt>
      <trkpt lat="46.335860000" lon="6.061530000">
        <ele>621.000</ele>
      </trkpt>
      <trkpt lat="46.335860000" lon="6.061530000">
        <ele>622.000</ele>
      </trkpt>
      <trkpt lat="46.335900000" lon="6.061520000">
        <ele>622.000</ele>
      </trkpt>
      <trkpt lat="46.335950000" lon="6.061470000">
        <ele>622.000</ele>
      </trkpt>
      <trkpt lat="46.335970000" lon="6.061420000">
        <ele>623.000</ele>
      </trkpt>
      <trkpt lat="46.335990000" lon="6.061320000">
        <ele>623.000</ele>
      </trkpt>
      <trkpt lat="46.335990000" lon="6.061190000">
        <ele>623.000</ele>
      </trkpt>
      <trkpt lat="46.335950000" lon="6.061010000">
        <ele>624.000</ele>
      </trkpt>
      <trkpt lat="46.335260000" lon="6.058810000">
        <ele>628.000</ele>
      </trkpt>
      <trkpt lat="46.335230000" lon="6.058730000">
        <ele>630.000</ele>
      </trkpt>
      <trkpt lat="46.335120000" lon="6.058380000">
        <ele>633.000</ele>
      </trkpt>
      <trkpt lat="46.335120000" lon="6.058300000">
        <ele>634.000</ele>
      </trkpt>
      <trkpt lat="46.335120000" lon="6.058290000">
        <ele>635.000</ele>
      </trkpt>
      <trkpt lat="46.335120000" lon="6.058210000">
        <ele>636.000</ele>
      </trkpt>
      <trkpt lat="46.335160000" lon="6.058090000">
        <ele>637.000</ele>
      </trkpt>
      <trkpt lat="46.335230000" lon="6.057920000">
        <ele>638.000</ele>
      </trkpt>
      <trkpt lat="46.335240000" lon="6.057890000">
        <ele>638.000</ele>
      </trkpt>
      <trkpt lat="46.335270000" lon="6.057840000">
        <ele>638.000</ele>
      </trkpt>
      <trkpt lat="46.335530000" lon="6.057410000">
        <ele>639.000</ele>
      </trkpt>
      <trkpt lat="46.335650000" lon="6.057270000">
        <ele>640.000</ele>
      </trkpt>
      <trkpt lat="46.335690000" lon="6.057240000">
        <ele>641.000</ele>
      </trkpt>
      <trkpt lat="46.335880000" lon="6.057130000">
        <ele>642.000</ele>
      </trkpt>
      <trkpt lat="46.336030000" lon="6.057070000">
        <ele>642.000</ele>
      </trkpt>
      <trkpt lat="46.336290000" lon="6.056900000">
        <ele>643.000</ele>
      </trkpt>
      <trkpt lat="46.336970000" lon="6.056480000">
        <ele>645.000</ele>
      </trkpt>
      <trkpt lat="46.337070000" lon="6.056420000">
        <ele>646.000</ele>
      </trkpt>
      <trkpt lat="46.337150000" lon="6.056430000">
        <ele>647.000</ele>
      </trkpt>
      <trkpt lat="46.337270000" lon="6.056460000">
        <ele>648.000</ele>
      </trkpt>
      <trkpt lat="46.337400000" lon="6.056510000">
        <ele>648.000</ele>
      </trkpt>
      <trkpt lat="46.337510000" lon="6.056600000">
        <ele>649.000</ele>
      </trkpt>
      <trkpt lat="46.337690000" lon="6.056820000">
        <ele>649.000</ele>
      </trkpt>
      <trkpt lat="46.337920000" lon="6.057130000">
        <ele>650.000</ele>
      </trkpt>
      <trkpt lat="46.338000000" lon="6.057240000">
        <ele>651.000</ele>
      </trkpt>
      <trkpt lat="46.338030000" lon="6.057280000">
        <ele>651.000</ele>
      </trkpt>
      <trkpt lat="46.338200000" lon="6.057510000">
        <ele>652.000</ele>
      </trkpt>
      <trkpt lat="46.338380000" lon="6.057690000">
        <ele>653.000</ele>
      </trkpt>
      <trkpt lat="46.338460000" lon="6.057760000">
        <ele>654.000</ele>
      </trkpt>
      <trkpt lat="46.338510000" lon="6.057790000">
        <ele>655.000</ele>
      </trkpt>
      <trkpt lat="46.338650000" lon="6.057870000">
        <ele>656.000</ele>
      </trkpt>
      <trkpt lat="46.338800000" lon="6.057950000">
        <ele>657.000</ele>
      </trkpt>
      <trkpt lat="46.338920000" lon="6.058010000">
        <ele>658.000</ele>
      </trkpt>
      <trkpt lat="46.339090000" lon="6.058030000">
        <ele>658.000</ele>
      </trkpt>
      <trkpt lat="46.339130000" lon="6.058020000">
        <ele>659.000</ele>
      </trkpt>
      <trkpt lat="46.339220000" lon="6.057990000">
        <ele>660.000</ele>
      </trkpt>
      <trkpt lat="46.339410000" lon="6.057850000">
        <ele>661.000</ele>
      </trkpt>
      <trkpt lat="46.340300000" lon="6.057060000">
        <ele>664.000</ele>
      </trkpt>
      <trkpt lat="46.340580000" lon="6.056860000">
        <ele>666.000</ele>
      </trkpt>
      <trkpt lat="46.340710000" lon="6.056810000">
        <ele>668.000</ele>
      </trkpt>
      <trkpt lat="46.340800000" lon="6.056780000">
        <ele>669.000</ele>
      </trkpt>
      <trkpt lat="46.340830000" lon="6.056800000">
        <ele>670.000</ele>
      </trkpt>
      <trkpt lat="46.340860000" lon="6.056820000">
        <ele>670.000</ele>
      </trkpt>
      <trkpt lat="46.340910000" lon="6.056820000">
        <ele>671.000</ele>
      </trkpt>
      <trkpt lat="46.340970000" lon="6.056800000">
        <ele>671.000</ele>
      </trkpt>
      <trkpt lat="46.340980000" lon="6.056780000">
        <ele>672.000</ele>
      </trkpt>
      <trkpt lat="46.341010000" lon="6.056740000">
        <ele>672.000</ele>
      </trkpt>
      <trkpt lat="46.341020000" lon="6.056700000">
        <ele>672.000</ele>
      </trkpt>
      <trkpt lat="46.341230000" lon="6.056680000">
        <ele>672.000</ele>
      </trkpt>
      <trkpt lat="46.341330000" lon="6.056720000">
        <ele>673.000</ele>
      </trkpt>
      <trkpt lat="46.341480000" lon="6.056780000">
        <ele>673.000</ele>
      </trkpt>
      <trkpt lat="46.341620000" lon="6.056860000">
        <ele>674.000</ele>
      </trkpt>
      <trkpt lat="46.341770000" lon="6.056940000">
        <ele>674.000</ele>
      </trkpt>
      <trkpt lat="46.341970000" lon="6.057070000">
        <ele>675.000</ele>
      </trkpt>
      <trkpt lat="46.342060000" lon="6.057120000">
        <ele>675.000</ele>
      </trkpt>
      <trkpt lat="46.342150000" lon="6.057150000">
        <ele>676.000</ele>
      </trkpt>
      <trkpt lat="46.342200000" lon="6.057170000">
        <ele>677.000</ele>
      </trkpt>
      <trkpt lat="46.342260000" lon="6.057180000">
        <ele>677.000</ele>
      </trkpt>
      <trkpt lat="46.342330000" lon="6.057180000">
        <ele>678.000</ele>
      </trkpt>
      <trkpt lat="46.342380000" lon="6.057170000">
        <ele>678.000</ele>
      </trkpt>
      <trkpt lat="46.342470000" lon="6.057150000">
        <ele>679.000</ele>
      </trkpt>
      <trkpt lat="46.342540000" lon="6.057120000">
        <ele>679.000</ele>
      </trkpt>
      <trkpt lat="46.342600000" lon="6.057080000">
        <ele>680.000</ele>
      </trkpt>
      <trkpt lat="46.342640000" lon="6.057040000">
        <ele>680.000</ele>
      </trkpt>
      <trkpt lat="46.342680000" lon="6.057000000">
        <ele>681.000</ele>
      </trkpt>
      <trkpt lat="46.342720000" lon="6.056930000">
        <ele>681.000</ele>
      </trkpt>
      <trkpt lat="46.342790000" lon="6.056810000">
        <ele>682.000</ele>
      </trkpt>
      <trkpt lat="46.342850000" lon="6.056680000">
        <ele>683.000</ele>
      </trkpt>
      <trkpt lat="46.342930000" lon="6.056440000">
        <ele>684.000</ele>
      </trkpt>
      <trkpt lat="46.342980000" lon="6.056320000">
        <ele>685.000</ele>
      </trkpt>
      <trkpt lat="46.343020000" lon="6.056240000">
        <ele>685.000</ele>
      </trkpt>
      <trkpt lat="46.343070000" lon="6.056170000">
        <ele>686.000</ele>
      </trkpt>
      <trkpt lat="46.343130000" lon="6.056110000">
        <ele>687.000</ele>
      </trkpt>
      <trkpt lat="46.343190000" lon="6.056070000">
        <ele>688.000</ele>
      </trkpt>
      <trkpt lat="46.343250000" lon="6.056050000">
        <ele>688.000</ele>
      </trkpt>
      <trkpt lat="46.343300000" lon="6.056030000">
        <ele>689.000</ele>
      </trkpt>
      <trkpt lat="46.343360000" lon="6.056020000">
        <ele>689.000</ele>
      </trkpt>
      <trkpt lat="46.343430000" lon="6.056010000">
        <ele>690.000</ele>
      </trkpt>
      <trkpt lat="46.343510000" lon="6.056020000">
        <ele>690.000</ele>
      </trkpt>
      <trkpt lat="46.343630000" lon="6.056050000">
        <ele>691.000</ele>
      </trkpt>
      <trkpt lat="46.343790000" lon="6.056110000">
        <ele>692.000</ele>
      </trkpt>
      <trkpt lat="46.343900000" lon="6.056150000">
        <ele>693.000</ele>
      </trkpt>
      <trkpt lat="46.343970000" lon="6.056160000">
        <ele>693.000</ele>
      </trkpt>
      <trkpt lat="46.344060000" lon="6.056170000">
        <ele>694.000</ele>
      </trkpt>
      <trkpt lat="46.344140000" lon="6.056160000">
        <ele>694.000</ele>
      </trkpt>
      <trkpt lat="46.344240000" lon="6.056130000">
        <ele>695.000</ele>
      </trkpt>
      <trkpt lat="46.344390000" lon="6.056080000">
        <ele>696.000</ele>
      </trkpt>
      <trkpt lat="46.344560000" lon="6.056010000">
        <ele>697.000</ele>
      </trkpt>
      <trkpt lat="46.344690000" lon="6.055950000">
        <ele>698.000</ele>
      </trkpt>
      <trkpt lat="46.344790000" lon="6.055880000">
        <ele>698.000</ele>
      </trkpt>
      <trkpt lat="46.344920000" lon="6.055770000">
        <ele>699.000</ele>
      </trkpt>
      <trkpt lat="46.345080000" lon="6.055580000">
        <ele>700.000</ele>
      </trkpt>
      <trkpt lat="46.345160000" lon="6.055490000">
        <ele>701.000</ele>
      </trkpt>
      <trkpt lat="46.345240000" lon="6.055420000">
        <ele>702.000</ele>
      </trkpt>
      <trkpt lat="46.345320000" lon="6.055370000">
        <ele>703.000</ele>
      </trkpt>
      <trkpt lat="46.345400000" lon="6.055320000">
        <ele>703.000</ele>
      </trkpt>
      <trkpt lat="46.345490000" lon="6.055290000">
        <ele>704.000</ele>
      </trkpt>
      <trkpt lat="46.346240000" lon="6.055130000">
        <ele>706.000</ele>
      </trkpt>
      <trkpt lat="46.346440000" lon="6.055090000">
        <ele>707.000</ele>
      </trkpt>
      <trkpt lat="46.346520000" lon="6.055080000">
        <ele>708.000</ele>
      </trkpt>
      <trkpt lat="46.346570000" lon="6.055080000">
        <ele>709.000</ele>
      </trkpt>
      <trkpt lat="46.346610000" lon="6.055100000">
        <ele>710.000</ele>
      </trkpt>
      <trkpt lat="46.346660000" lon="6.055120000">
        <ele>710.000</ele>
      </trkpt>
      <trkpt lat="46.346710000" lon="6.055140000">
        <ele>711.000</ele>
      </trkpt>
      <trkpt lat="46.346890000" lon="6.055260000">
        <ele>711.000</ele>
      </trkpt>
      <trkpt lat="46.346980000" lon="6.055310000">
        <ele>712.000</ele>
      </trkpt>
      <trkpt lat="46.347050000" lon="6.055340000">
        <ele>712.000</ele>
      </trkpt>
      <trkpt lat="46.347220000" lon="6.055390000">
        <ele>713.000</ele>
      </trkpt>
      <trkpt lat="46.347360000" lon="6.055420000">
        <ele>714.000</ele>
      </trkpt>
      <trkpt lat="46.347490000" lon="6.055480000">
        <ele>715.000</ele>
      </trkpt>
      <trkpt lat="46.347960000" lon="6.055720000">
        <ele>718.000</ele>
      </trkpt>
      <trkpt lat="46.348100000" lon="6.055800000">
        <ele>720.000</ele>
      </trkpt>
      <trkpt lat="46.348290000" lon="6.055950000">
        <ele>722.000</ele>
      </trkpt>
      <trkpt lat="46.348370000" lon="6.056010000">
        <ele>723.000</ele>
      </trkpt>
      <trkpt lat="46.348440000" lon="6.056050000">
        <ele>725.000</ele>
      </trkpt>
      <trkpt lat="46.348500000" lon="6.056070000">
        <ele>726.000</ele>
      </trkpt>
      <trkpt lat="46.348570000" lon="6.056080000">
        <ele>727.000</ele>
      </trkpt>
      <trkpt lat="46.348650000" lon="6.056060000">
        <ele>728.000</ele>
      </trkpt>
      <trkpt lat="46.348730000" lon="6.056030000">
        <ele>729.000</ele>
      </trkpt>
      <trkpt lat="46.348950000" lon="6.055890000">
        <ele>730.000</ele>
      </trkpt>
      <trkpt lat="46.349120000" lon="6.055760000">
        <ele>731.000</ele>
      </trkpt>
      <trkpt lat="46.349280000" lon="6.055600000">
        <ele>732.000</ele>
      </trkpt>
      <trkpt lat="46.349360000" lon="6.055540000">
        <ele>732.000</ele>
      </trkpt>
      <trkpt lat="46.349450000" lon="6.055510000">
        <ele>732.000</ele>
      </trkpt>
      <trkpt lat="46.349550000" lon="6.055520000">
        <ele>733.000</ele>
      </trkpt>
      <trkpt lat="46.349600000" lon="6.055540000">
        <ele>733.000</ele>
      </trkpt>
      <trkpt lat="46.349650000" lon="6.055590000">
        <ele>733.000</ele>
      </trkpt>
      <trkpt lat="46.349700000" lon="6.055630000">
        <ele>733.000</ele>
      </trkpt>
      <trkpt lat="46.349750000" lon="6.055670000">
        <ele>733.000</ele>
      </trkpt>
      <trkpt lat="46.349770000" lon="6.055710000">
        <ele>733.000</ele>
      </trkpt>
      <trkpt lat="46.349800000" lon="6.055760000">
        <ele>733.000</ele>
      </trkpt>
      <trkpt lat="46.349820000" lon="6.055810000">
        <ele>734.000</ele>
      </trkpt>
      <trkpt lat="46.349830000" lon="6.055850000">
        <ele>734.000</ele>
      </trkpt>
      <trkpt lat="46.349840000" lon="6.055900000">
        <ele>734.000</ele>
      </trkpt>
      <trkpt lat="46.349840000" lon="6.055960000">
        <ele>734.000</ele>
      </trkpt>
      <trkpt lat="46.349840000" lon="6.056000000">
        <ele>734.000</ele>
      </trkpt>
      <trkpt lat="46.349830000" lon="6.056060000">
        <ele>734.000</ele>
      </trkpt>
      <trkpt lat="46.349810000" lon="6.056130000">
        <ele>734.000</ele>
      </trkpt>
      <trkpt lat="46.349780000" lon="6.056230000">
        <ele>734.000</ele>
      </trkpt>
      <trkpt lat="46.349680000" lon="6.056480000">
        <ele>734.000</ele>
      </trkpt>
      <trkpt lat="46.349660000" lon="6.056550000">
        <ele>734.000</ele>
      </trkpt>
      <trkpt lat="46.349650000" lon="6.056600000">
        <ele>734.000</ele>
      </trkpt>
      <trkpt lat="46.349650000" lon="6.056630000">
        <ele>734.000</ele>
      </trkpt>
      <trkpt lat="46.349650000" lon="6.056680000">
        <ele>734.000</ele>
      </trkpt>
      <trkpt lat="46.349660000" lon="6.056710000">
        <ele>734.000</ele>
      </trkpt>
      <trkpt lat="46.349670000" lon="6.056750000">
        <ele>734.000</ele>
      </trkpt>
      <trkpt lat="46.349690000" lon="6.056780000">
        <ele>734.000</ele>
      </trkpt>
      <trkpt lat="46.349710000" lon="6.056820000">
        <ele>734.000</ele>
      </trkpt>
      <trkpt lat="46.349730000" lon="6.056840000">
        <ele>734.000</ele>
      </trkpt>
      <trkpt lat="46.349760000" lon="6.056860000">
        <ele>735.000</ele>
      </trkpt>
      <trkpt lat="46.349790000" lon="6.056880000">
        <ele>735.000</ele>
      </trkpt>
      <trkpt lat="46.349830000" lon="6.056890000">
        <ele>735.000</ele>
      </trkpt>
      <trkpt lat="46.349870000" lon="6.056910000">
        <ele>735.000</ele>
      </trkpt>
      <trkpt lat="46.349940000" lon="6.056910000">
        <ele>736.000</ele>
      </trkpt>
      <trkpt lat="46.350040000" lon="6.056910000">
        <ele>736.000</ele>
      </trkpt>
      <trkpt lat="46.350140000" lon="6.056910000">
        <ele>737.000</ele>
      </trkpt>
      <trkpt lat="46.350240000" lon="6.056910000">
        <ele>738.000</ele>
      </trkpt>
      <trkpt lat="46.350320000" lon="6.056920000">
        <ele>739.000</ele>
      </trkpt>
      <trkpt lat="46.350410000" lon="6.056940000">
        <ele>739.000</ele>
      </trkpt>
      <trkpt lat="46.350480000" lon="6.056970000">
        <ele>740.000</ele>
      </trkpt>
      <trkpt lat="46.350530000" lon="6.057000000">
        <ele>741.000</ele>
      </trkpt>
      <trkpt lat="46.350590000" lon="6.057050000">
        <ele>741.000</ele>
      </trkpt>
      <trkpt lat="46.350630000" lon="6.057110000">
        <ele>742.000</ele>
      </trkpt>
      <trkpt lat="46.350670000" lon="6.057170000">
        <ele>743.000</ele>
      </trkpt>
      <trkpt lat="46.350710000" lon="6.057240000">
        <ele>743.000</ele>
      </trkpt>
      <trkpt lat="46.350800000" lon="6.057450000">
        <ele>744.000</ele>
      </trkpt>
      <trkpt lat="46.350880000" lon="6.057620000">
        <ele>745.000</ele>
      </trkpt>
      <trkpt lat="46.350930000" lon="6.057700000">
        <ele>746.000</ele>
      </trkpt>
      <trkpt lat="46.350970000" lon="6.057750000">
        <ele>747.000</ele>
      </trkpt>
      <trkpt lat="46.351010000" lon="6.057810000">
        <ele>748.000</ele>
      </trkpt>
      <trkpt lat="46.351050000" lon="6.057850000">
        <ele>748.000</ele>
      </trkpt>
      <trkpt lat="46.351100000" lon="6.057900000">
        <ele>749.000</ele>
      </trkpt>
      <trkpt lat="46.351140000" lon="6.057920000">
        <ele>749.000</ele>
      </trkpt>
      <trkpt lat="46.351180000" lon="6.057940000">
        <ele>750.000</ele>
      </trkpt>
      <trkpt lat="46.351220000" lon="6.057960000">
        <ele>750.000</ele>
      </trkpt>
      <trkpt lat="46.351250000" lon="6.057960000">
        <ele>751.000</ele>
      </trkpt>
      <trkpt lat="46.351280000" lon="6.057960000">
        <ele>751.000</ele>
      </trkpt>
      <trkpt lat="46.351320000" lon="6.057950000">
        <ele>751.000</ele>
      </trkpt>
      <trkpt lat="46.351360000" lon="6.057920000">
        <ele>752.000</ele>
      </trkpt>
      <trkpt lat="46.351390000" lon="6.057880000">
        <ele>752.000</ele>
      </trkpt>
      <trkpt lat="46.351420000" lon="6.057840000">
        <ele>752.000</ele>
      </trkpt>
      <trkpt lat="46.351430000" lon="6.057800000">
        <ele>753.000</ele>
      </trkpt>
      <trkpt lat="46.351440000" lon="6.057750000">
        <ele>753.000</ele>
      </trkpt>
      <trkpt lat="46.351440000" lon="6.057710000">
        <ele>753.000</ele>
      </trkpt>
      <trkpt lat="46.351440000" lon="6.057660000">
        <ele>753.000</ele>
      </trkpt>
      <trkpt lat="46.351440000" lon="6.057600000">
        <ele>754.000</ele>
      </trkpt>
      <trkpt lat="46.351420000" lon="6.057530000">
        <ele>754.000</ele>
      </trkpt>
      <trkpt lat="46.351370000" lon="6.057380000">
        <ele>754.000</ele>
      </trkpt>
      <trkpt lat="46.351290000" lon="6.057140000">
        <ele>755.000</ele>
      </trkpt>
      <trkpt lat="46.351240000" lon="6.057010000">
        <ele>756.000</ele>
      </trkpt>
      <trkpt lat="46.351180000" lon="6.056890000">
        <ele>757.000</ele>
      </trkpt>
      <trkpt lat="46.351120000" lon="6.056770000">
        <ele>757.000</ele>
      </trkpt>
      <trkpt lat="46.350940000" lon="6.056470000">
        <ele>758.000</ele>
      </trkpt>
      <trkpt lat="46.350830000" lon="6.056240000">
        <ele>760.000</ele>
      </trkpt>
      <trkpt lat="46.350810000" lon="6.056120000">
        <ele>761.000</ele>
      </trkpt>
      <trkpt lat="46.350820000" lon="6.055980000">
        <ele>762.000</ele>
      </trkpt>
      <trkpt lat="46.350810000" lon="6.055780000">
        <ele>763.000</ele>
      </trkpt>
      <trkpt lat="46.350880000" lon="6.054900000">
        <ele>765.000</ele>
      </trkpt>
      <trkpt lat="46.350860000" lon="6.054640000">
        <ele>766.000</ele>
      </trkpt>
      <trkpt lat="46.350660000" lon="6.054100000">
        <ele>769.000</ele>
      </trkpt>
      <trkpt lat="46.350490000" lon="6.053720000">
        <ele>771.000</ele>
      </trkpt>
      <trkpt lat="46.350110000" lon="6.053040000">
        <ele>774.000</ele>
      </trkpt>
      <trkpt lat="46.349990000" lon="6.052790000">
        <ele>776.000</ele>
      </trkpt>
      <trkpt lat="46.349930000" lon="6.052580000">
        <ele>777.000</ele>
      </trkpt>
      <trkpt lat="46.349830000" lon="6.052240000">
        <ele>778.000</ele>
      </trkpt>
      <trkpt lat="46.349790000" lon="6.052130000">
        <ele>779.000</ele>
      </trkpt>
      <trkpt lat="46.349700000" lon="6.051900000">
        <ele>779.000</ele>
      </trkpt>
      <trkpt lat="46.349600000" lon="6.051690000">
        <ele>780.000</ele>
      </trkpt>
      <trkpt lat="46.349030000" lon="6.050840000">
        <ele>780.000</ele>
      </trkpt>
      <trkpt lat="46.348600000" lon="6.050220000">
        <ele>783.000</ele>
      </trkpt>
      <trkpt lat="46.348570000" lon="6.050120000">
        <ele>784.000</ele>
      </trkpt>
      <trkpt lat="46.348560000" lon="6.049990000">
        <ele>786.000</ele>
      </trkpt>
      <trkpt lat="46.348580000" lon="6.049900000">
        <ele>787.000</ele>
      </trkpt>
      <trkpt lat="46.348620000" lon="6.049850000">
        <ele>788.000</ele>
      </trkpt>
      <trkpt lat="46.348670000" lon="6.049820000">
        <ele>789.000</ele>
      </trkpt>
      <trkpt lat="46.348760000" lon="6.049830000">
        <ele>790.000</ele>
      </trkpt>
      <trkpt lat="46.349180000" lon="6.050090000">
        <ele>792.000</ele>
      </trkpt>
      <trkpt lat="46.349360000" lon="6.050180000">
        <ele>794.000</ele>
      </trkpt>
      <trkpt lat="46.349560000" lon="6.050230000">
        <ele>796.000</ele>
      </trkpt>
      <trkpt lat="46.349850000" lon="6.050270000">
        <ele>798.000</ele>
      </trkpt>
      <trkpt lat="46.350920000" lon="6.050450000">
        <ele>801.000</ele>
      </trkpt>
      <trkpt lat="46.351050000" lon="6.050490000">
        <ele>804.000</ele>
      </trkpt>
      <trkpt lat="46.351160000" lon="6.050520000">
        <ele>806.000</ele>
      </trkpt>
      <trkpt lat="46.351300000" lon="6.050600000">
        <ele>808.000</ele>
      </trkpt>
      <trkpt lat="46.351440000" lon="6.050730000">
        <ele>809.000</ele>
      </trkpt>
      <trkpt lat="46.351680000" lon="6.050970000">
        <ele>811.000</ele>
      </trkpt>
      <trkpt lat="46.351950000" lon="6.051250000">
        <ele>813.000</ele>
      </trkpt>
      <trkpt lat="46.352450000" lon="6.051960000">
        <ele>816.000</ele>
      </trkpt>
      <trkpt lat="46.352630000" lon="6.052170000">
        <ele>819.000</ele>
      </trkpt>
      <trkpt lat="46.352930000" lon="6.052450000">
        <ele>821.000</ele>
      </trkpt>
      <trkpt lat="46.353130000" lon="6.052660000">
        <ele>824.000</ele>
      </trkpt>
      <trkpt lat="46.353240000" lon="6.052860000">
        <ele>826.000</ele>
      </trkpt>
      <trkpt lat="46.353330000" lon="6.053130000">
        <ele>828.000</ele>
      </trkpt>
      <trkpt lat="46.353360000" lon="6.053240000">
        <ele>830.000</ele>
      </trkpt>
      <trkpt lat="46.353390000" lon="6.053340000">
        <ele>831.000</ele>
      </trkpt>
      <trkpt lat="46.353540000" lon="6.053830000">
        <ele>833.000</ele>
      </trkpt>
      <trkpt lat="46.353630000" lon="6.054010000">
        <ele>834.000</ele>
      </trkpt>
      <trkpt lat="46.353720000" lon="6.054130000">
        <ele>836.000</ele>
      </trkpt>
      <trkpt lat="46.353830000" lon="6.054210000">
        <ele>837.000</ele>
      </trkpt>
      <trkpt lat="46.353920000" lon="6.054220000">
        <ele>838.000</ele>
      </trkpt>
      <trkpt lat="46.354020000" lon="6.054220000">
        <ele>839.000</ele>
      </trkpt>
      <trkpt lat="46.354120000" lon="6.054190000">
        <ele>840.000</ele>
      </trkpt>
      <trkpt lat="46.354250000" lon="6.054110000">
        <ele>842.000</ele>
      </trkpt>
      <trkpt lat="46.354530000" lon="6.053870000">
        <ele>843.000</ele>
      </trkpt>
      <trkpt lat="46.354670000" lon="6.053760000">
        <ele>844.000</ele>
      </trkpt>
      <trkpt lat="46.354780000" lon="6.053700000">
        <ele>846.000</ele>
      </trkpt>
      <trkpt lat="46.354870000" lon="6.053660000">
        <ele>847.000</ele>
      </trkpt>
      <trkpt lat="46.354970000" lon="6.053630000">
        <ele>848.000</ele>
      </trkpt>
      <trkpt lat="46.355080000" lon="6.053610000">
        <ele>848.000</ele>
      </trkpt>
      <trkpt lat="46.355180000" lon="6.053600000">
        <ele>849.000</ele>
      </trkpt>
      <trkpt lat="46.355260000" lon="6.053610000">
        <ele>850.000</ele>
      </trkpt>
      <trkpt lat="46.355400000" lon="6.053630000">
        <ele>851.000</ele>
      </trkpt>
      <trkpt lat="46.355510000" lon="6.053650000">
        <ele>852.000</ele>
      </trkpt>
      <trkpt lat="46.355610000" lon="6.053690000">
        <ele>853.000</ele>
      </trkpt>
      <trkpt lat="46.355690000" lon="6.053720000">
        <ele>853.000</ele>
      </trkpt>
      <trkpt lat="46.355780000" lon="6.053760000">
        <ele>854.000</ele>
      </trkpt>
      <trkpt lat="46.355900000" lon="6.053820000">
        <ele>855.000</ele>
      </trkpt>
      <trkpt lat="46.356010000" lon="6.053890000">
        <ele>856.000</ele>
      </trkpt>
      <trkpt lat="46.356180000" lon="6.054000000">
        <ele>857.000</ele>
      </trkpt>
      <trkpt lat="46.356250000" lon="6.054060000">
        <ele>859.000</ele>
      </trkpt>
      <trkpt lat="46.356310000" lon="6.054120000">
        <ele>860.000</ele>
      </trkpt>
      <trkpt lat="46.356360000" lon="6.054190000">
        <ele>861.000</ele>
      </trkpt>
      <trkpt lat="46.356410000" lon="6.054290000">
        <ele>862.000</ele>
      </trkpt>
      <trkpt lat="46.356460000" lon="6.054360000">
        <ele>863.000</ele>
      </trkpt>
      <trkpt lat="46.356510000" lon="6.054460000">
        <ele>864.000</ele>
      </trkpt>
      <trkpt lat="46.356560000" lon="6.054510000">
        <ele>865.000</ele>
      </trkpt>
      <trkpt lat="46.356600000" lon="6.054550000">
        <ele>866.000</ele>
      </trkpt>
      <trkpt lat="46.356640000" lon="6.054570000">
        <ele>867.000</ele>
      </trkpt>
      <trkpt lat="46.356680000" lon="6.054590000">
        <ele>868.000</ele>
      </trkpt>
      <trkpt lat="46.356730000" lon="6.054590000">
        <ele>868.000</ele>
      </trkpt>
      <trkpt lat="46.356780000" lon="6.054590000">
        <ele>869.000</ele>
      </trkpt>
      <trkpt lat="46.356830000" lon="6.054590000">
        <ele>869.000</ele>
      </trkpt>
      <trkpt lat="46.356880000" lon="6.054570000">
        <ele>870.000</ele>
      </trkpt>
      <trkpt lat="46.357060000" lon="6.054500000">
        <ele>871.000</ele>
      </trkpt>
      <trkpt lat="46.357270000" lon="6.054410000">
        <ele>873.000</ele>
      </trkpt>
      <trkpt lat="46.357360000" lon="6.054370000">
        <ele>875.000</ele>
      </trkpt>
      <trkpt lat="46.357440000" lon="6.054310000">
        <ele>876.000</ele>
      </trkpt>
      <trkpt lat="46.357610000" lon="6.054170000">
        <ele>878.000</ele>
      </trkpt>
      <trkpt lat="46.358000000" lon="6.053900000">
        <ele>880.000</ele>
      </trkpt>
      <trkpt lat="46.358080000" lon="6.053830000">
        <ele>881.000</ele>
      </trkpt>
      <trkpt lat="46.358130000" lon="6.053780000">
        <ele>881.000</ele>
      </trkpt>
      <trkpt lat="46.358200000" lon="6.053680000">
        <ele>882.000</ele>
      </trkpt>
      <trkpt lat="46.358310000" lon="6.053510000">
        <ele>883.000</ele>
      </trkpt>
      <trkpt lat="46.358500000" lon="6.053090000">
        <ele>883.000</ele>
      </trkpt>
      <trkpt lat="46.358580000" lon="6.052930000">
        <ele>884.000</ele>
      </trkpt>
      <trkpt lat="46.358680000" lon="6.052790000">
        <ele>884.000</ele>
      </trkpt>
      <trkpt lat="46.358810000" lon="6.052620000">
        <ele>885.000</ele>
      </trkpt>
      <trkpt lat="46.358870000" lon="6.052540000">
        <ele>885.000</ele>
      </trkpt>
      <trkpt lat="46.358890000" lon="6.052510000">
        <ele>886.000</ele>
      </trkpt>
      <trkpt lat="46.358920000" lon="6.052460000">
        <ele>886.000</ele>
      </trkpt>
      <trkpt lat="46.358930000" lon="6.052410000">
        <ele>886.000</ele>
      </trkpt>
      <trkpt lat="46.358940000" lon="6.052340000">
        <ele>886.000</ele>
      </trkpt>
      <trkpt lat="46.358940000" lon="6.052260000">
        <ele>887.000</ele>
      </trkpt>
      <trkpt lat="46.358930000" lon="6.052200000">
        <ele>887.000</ele>
      </trkpt>
      <trkpt lat="46.358910000" lon="6.052140000">
        <ele>887.000</ele>
      </trkpt>
      <trkpt lat="46.358890000" lon="6.052090000">
        <ele>887.000</ele>
      </trkpt>
      <trkpt lat="46.358870000" lon="6.052060000">
        <ele>888.000</ele>
      </trkpt>
      <trkpt lat="46.358840000" lon="6.052020000">
        <ele>888.000</ele>
      </trkpt>
      <trkpt lat="46.358810000" lon="6.052000000">
        <ele>888.000</ele>
      </trkpt>
      <trkpt lat="46.358780000" lon="6.051990000">
        <ele>888.000</ele>
      </trkpt>
      <trkpt lat="46.358760000" lon="6.051980000">
        <ele>889.000</ele>
      </trkpt>
      <trkpt lat="46.358730000" lon="6.051980000">
        <ele>889.000</ele>
      </trkpt>
      <trkpt lat="46.358700000" lon="6.051990000">
        <ele>889.000</ele>
      </trkpt>
      <trkpt lat="46.358680000" lon="6.052000000">
        <ele>889.000</ele>
      </trkpt>
      <trkpt lat="46.358650000" lon="6.052030000">
        <ele>890.000</ele>
      </trkpt>
      <trkpt lat="46.358630000" lon="6.052060000">
        <ele>890.000</ele>
      </trkpt>
      <trkpt lat="46.358610000" lon="6.052100000">
        <ele>890.000</ele>
      </trkpt>
      <trkpt lat="46.358600000" lon="6.052130000">
        <ele>890.000</ele>
      </trkpt>
      <trkpt lat="46.358550000" lon="6.052340000">
        <ele>891.000</ele>
      </trkpt>
      <trkpt lat="46.358510000" lon="6.052480000">
        <ele>891.000</ele>
      </trkpt>
      <trkpt lat="46.358480000" lon="6.052570000">
        <ele>892.000</ele>
      </trkpt>
      <trkpt lat="46.358420000" lon="6.052730000">
        <ele>892.000</ele>
      </trkpt>
      <trkpt lat="46.358360000" lon="6.052840000">
        <ele>893.000</ele>
      </trkpt>
      <trkpt lat="46.358330000" lon="6.052900000">
        <ele>893.000</ele>
      </trkpt>
      <trkpt lat="46.358290000" lon="6.052950000">
        <ele>894.000</ele>
      </trkpt>
      <trkpt lat="46.358240000" lon="6.052990000">
        <ele>894.000</ele>
      </trkpt>
      <trkpt lat="46.358180000" lon="6.053050000">
        <ele>895.000</ele>
      </trkpt>
      <trkpt lat="46.358110000" lon="6.053080000">
        <ele>895.000</ele>
      </trkpt>
      <trkpt lat="46.357780000" lon="6.053260000">
        <ele>896.000</ele>
      </trkpt>
      <trkpt lat="46.357670000" lon="6.053340000">
        <ele>897.000</ele>
      </trkpt>
      <trkpt lat="46.357570000" lon="6.053420000">
        <ele>898.000</ele>
      </trkpt>
      <trkpt lat="46.357480000" lon="6.053510000">
        <ele>899.000</ele>
      </trkpt>
      <trkpt lat="46.357420000" lon="6.053550000">
        <ele>900.000</ele>
      </trkpt>
      <trkpt lat="46.357330000" lon="6.053600000">
        <ele>900.000</ele>
      </trkpt>
      <trkpt lat="46.357240000" lon="6.053640000">
        <ele>901.000</ele>
      </trkpt>
      <trkpt lat="46.357170000" lon="6.053660000">
        <ele>901.000</ele>
      </trkpt>
      <trkpt lat="46.357100000" lon="6.053680000">
        <ele>901.000</ele>
      </trkpt>
      <trkpt lat="46.357040000" lon="6.053670000">
        <ele>902.000</ele>
      </trkpt>
      <trkpt lat="46.356990000" lon="6.053660000">
        <ele>902.000</ele>
      </trkpt>
      <trkpt lat="46.356950000" lon="6.053640000">
        <ele>902.000</ele>
      </trkpt>
      <trkpt lat="46.356900000" lon="6.053610000">
        <ele>903.000</ele>
      </trkpt>
      <trkpt lat="46.356860000" lon="6.053570000">
        <ele>903.000</ele>
      </trkpt>
      <trkpt lat="46.356820000" lon="6.053530000">
        <ele>903.000</ele>
      </trkpt>
      <trkpt lat="46.356730000" lon="6.053420000">
        <ele>903.000</ele>
      </trkpt>
      <trkpt lat="46.356610000" lon="6.053230000">
        <ele>904.000</ele>
      </trkpt>
      <trkpt lat="46.356470000" lon="6.053040000">
        <ele>904.000</ele>
      </trkpt>
      <trkpt lat="46.356350000" lon="6.052880000">
        <ele>905.000</ele>
      </trkpt>
      <trkpt lat="46.355940000" lon="6.052420000">
        <ele>906.000</ele>
      </trkpt>
      <trkpt lat="46.355470000" lon="6.051930000">
        <ele>908.000</ele>
      </trkpt>
      <trkpt lat="46.355360000" lon="6.051800000">
        <ele>909.000</ele>
      </trkpt>
      <trkpt lat="46.355110000" lon="6.051480000">
        <ele>910.000</ele>
      </trkpt>
      <trkpt lat="46.354790000" lon="6.051040000">
        <ele>911.000</ele>
      </trkpt>
      <trkpt lat="46.354620000" lon="6.050780000">
        <ele>912.000</ele>
      </trkpt>
      <trkpt lat="46.354510000" lon="6.050590000">
        <ele>913.000</ele>
      </trkpt>
      <trkpt lat="46.354390000" lon="6.050330000">
        <ele>914.000</ele>
      </trkpt>
      <trkpt lat="46.354010000" lon="6.049560000">
        <ele>917.000</ele>
      </trkpt>
      <trkpt lat="46.353950000" lon="6.049450000">
        <ele>919.000</ele>
      </trkpt>
      <trkpt lat="46.353890000" lon="6.049370000">
        <ele>921.000</ele>
      </trkpt>
      <trkpt lat="46.353830000" lon="6.049290000">
        <ele>922.000</ele>
      </trkpt>
      <trkpt lat="46.353710000" lon="6.049170000">
        <ele>923.000</ele>
      </trkpt>
      <trkpt lat="46.353650000" lon="6.049110000">
        <ele>924.000</ele>
      </trkpt>
      <trkpt lat="46.353590000" lon="6.049040000">
        <ele>925.000</ele>
      </trkpt>
      <trkpt lat="46.353550000" lon="6.048970000">
        <ele>926.000</ele>
      </trkpt>
      <trkpt lat="46.353510000" lon="6.048900000">
        <ele>927.000</ele>
      </trkpt>
      <trkpt lat="46.353480000" lon="6.048810000">
        <ele>928.000</ele>
      </trkpt>
      <trkpt lat="46.353440000" lon="6.048590000">
        <ele>929.000</ele>
      </trkpt>
      <trkpt lat="46.353400000" lon="6.048460000">
        <ele>930.000</ele>
      </trkpt>
      <trkpt lat="46.353370000" lon="6.048350000">
        <ele>930.000</ele>
      </trkpt>
      <trkpt lat="46.353310000" lon="6.048250000">
        <ele>931.000</ele>
      </trkpt>
      <trkpt lat="46.353240000" lon="6.048150000">
        <ele>932.000</ele>
      </trkpt>
      <trkpt lat="46.352940000" lon="6.047880000">
        <ele>933.000</ele>
      </trkpt>
      <trkpt lat="46.352810000" lon="6.047770000">
        <ele>934.000</ele>
      </trkpt>
      <trkpt lat="46.352690000" lon="6.047660000">
        <ele>935.000</ele>
      </trkpt>
      <trkpt lat="46.352490000" lon="6.047430000">
        <ele>936.000</ele>
      </trkpt>
      <trkpt lat="46.352370000" lon="6.047270000">
        <ele>937.000</ele>
      </trkpt>
      <trkpt lat="46.352290000" lon="6.047150000">
        <ele>938.000</ele>
      </trkpt>
      <trkpt lat="46.352260000" lon="6.047100000">
        <ele>938.000</ele>
      </trkpt>
      <trkpt lat="46.352210000" lon="6.047010000">
        <ele>939.000</ele>
      </trkpt>
      <trkpt lat="46.352150000" lon="6.046830000">
        <ele>940.000</ele>
      </trkpt>
      <trkpt lat="46.352090000" lon="6.046700000">
        <ele>940.000</ele>
      </trkpt>
      <trkpt lat="46.352020000" lon="6.046570000">
        <ele>941.000</ele>
      </trkpt>
      <trkpt lat="46.351910000" lon="6.046390000">
        <ele>942.000</ele>
      </trkpt>
      <trkpt lat="46.351840000" lon="6.046260000">
        <ele>942.000</ele>
      </trkpt>
      <trkpt lat="46.351770000" lon="6.046090000">
        <ele>943.000</ele>
      </trkpt>
      <trkpt lat="46.351660000" lon="6.045790000">
        <ele>944.000</ele>
      </trkpt>
      <trkpt lat="46.351550000" lon="6.045440000">
        <ele>944.000</ele>
      </trkpt>
      <trkpt lat="46.351410000" lon="6.045110000">
        <ele>946.000</ele>
      </trkpt>
      <trkpt lat="46.351360000" lon="6.044980000">
        <ele>946.000</ele>
      </trkpt>
      <trkpt lat="46.351210000" lon="6.044670000">
        <ele>947.000</ele>
      </trkpt>
      <trkpt lat="46.351050000" lon="6.044390000">
        <ele>948.000</ele>
      </trkpt>
      <trkpt lat="46.350930000" lon="6.044190000">
        <ele>949.000</ele>
      </trkpt>
      <trkpt lat="46.350790000" lon="6.044000000">
        <ele>950.000</ele>
      </trkpt>
      <trkpt lat="46.350720000" lon="6.043900000">
        <ele>951.000</ele>
      </trkpt>
      <trkpt lat="46.350680000" lon="6.043810000">
        <ele>951.000</ele>
      </trkpt>
      <trkpt lat="46.350660000" lon="6.043760000">
        <ele>952.000</ele>
      </trkpt>
      <trkpt lat="46.350650000" lon="6.043700000">
        <ele>952.000</ele>
      </trkpt>
      <trkpt lat="46.350650000" lon="6.043650000">
        <ele>952.000</ele>
      </trkpt>
      <trkpt lat="46.350650000" lon="6.043600000">
        <ele>953.000</ele>
      </trkpt>
      <trkpt lat="46.350660000" lon="6.043560000">
        <ele>953.000</ele>
      </trkpt>
      <trkpt lat="46.350680000" lon="6.043520000">
        <ele>953.000</ele>
      </trkpt>
      <trkpt lat="46.350710000" lon="6.043490000">
        <ele>953.000</ele>
      </trkpt>
      <trkpt lat="46.350740000" lon="6.043470000">
        <ele>953.000</ele>
      </trkpt>
      <trkpt lat="46.350780000" lon="6.043460000">
        <ele>953.000</ele>
      </trkpt>
      <trkpt lat="46.350830000" lon="6.043460000">
        <ele>954.000</ele>
      </trkpt>
      <trkpt lat="46.350880000" lon="6.043490000">
        <ele>954.000</ele>
      </trkpt>
      <trkpt lat="46.350970000" lon="6.043560000">
        <ele>954.000</ele>
      </trkpt>
      <trkpt lat="46.351070000" lon="6.043680000">
        <ele>954.000</ele>
      </trkpt>
      <trkpt lat="46.351170000" lon="6.043800000">
        <ele>955.000</ele>
      </trkpt>
      <trkpt lat="46.351230000" lon="6.043890000">
        <ele>955.000</ele>
      </trkpt>
      <trkpt lat="46.351280000" lon="6.044000000">
        <ele>955.000</ele>
      </trkpt>
      <trkpt lat="46.351380000" lon="6.044230000">
        <ele>956.000</ele>
      </trkpt>
      <trkpt lat="46.351470000" lon="6.044430000">
        <ele>956.000</ele>
      </trkpt>
      <trkpt lat="46.351530000" lon="6.044510000">
        <ele>957.000</ele>
      </trkpt>
      <trkpt lat="46.351610000" lon="6.044600000">
        <ele>958.000</ele>
      </trkpt>
      <trkpt lat="46.351680000" lon="6.044650000">
        <ele>958.000</ele>
      </trkpt>
      <trkpt lat="46.351750000" lon="6.044680000">
        <ele>959.000</ele>
      </trkpt>
      <trkpt lat="46.351900000" lon="6.044730000">
        <ele>960.000</ele>
      </trkpt>
      <trkpt lat="46.352030000" lon="6.044780000">
        <ele>961.000</ele>
      </trkpt>
      <trkpt lat="46.352080000" lon="6.044810000">
        <ele>961.000</ele>
      </trkpt>
      <trkpt lat="46.352150000" lon="6.044860000">
        <ele>962.000</ele>
      </trkpt>
      <trkpt lat="46.352190000" lon="6.044910000">
        <ele>963.000</ele>
      </trkpt>
      <trkpt lat="46.352240000" lon="6.044980000">
        <ele>963.000</ele>
      </trkpt>
      <trkpt lat="46.352290000" lon="6.045070000">
        <ele>964.000</ele>
      </trkpt>
      <trkpt lat="46.352360000" lon="6.045220000">
        <ele>964.000</ele>
      </trkpt>
      <trkpt lat="46.352420000" lon="6.045340000">
        <ele>965.000</ele>
      </trkpt>
      <trkpt lat="46.352490000" lon="6.045450000">
        <ele>966.000</ele>
      </trkpt>
      <trkpt lat="46.352550000" lon="6.045540000">
        <ele>967.000</ele>
      </trkpt>
      <trkpt lat="46.352630000" lon="6.045640000">
        <ele>967.000</ele>
      </trkpt>
      <trkpt lat="46.352730000" lon="6.045730000">
        <ele>968.000</ele>
      </trkpt>
      <trkpt lat="46.352900000" lon="6.045860000">
        <ele>969.000</ele>
      </trkpt>
      <trkpt lat="46.353040000" lon="6.045950000">
        <ele>970.000</ele>
      </trkpt>
      <trkpt lat="46.353130000" lon="6.046010000">
        <ele>971.000</ele>
      </trkpt>
      <trkpt lat="46.353200000" lon="6.046030000">
        <ele>972.000</ele>
      </trkpt>
      <trkpt lat="46.353270000" lon="6.046050000">
        <ele>973.000</ele>
      </trkpt>
      <trkpt lat="46.353360000" lon="6.046040000">
        <ele>973.000</ele>
      </trkpt>
      <trkpt lat="46.353450000" lon="6.046020000">
        <ele>974.000</ele>
      </trkpt>
      <trkpt lat="46.353590000" lon="6.045980000">
        <ele>975.000</ele>
      </trkpt>
      <trkpt lat="46.353670000" lon="6.045980000">
        <ele>976.000</ele>
      </trkpt>
      <trkpt lat="46.353750000" lon="6.045990000">
        <ele>976.000</ele>
      </trkpt>
      <trkpt lat="46.353850000" lon="6.046010000">
        <ele>977.000</ele>
      </trkpt>
      <trkpt lat="46.353940000" lon="6.046040000">
        <ele>978.000</ele>
      </trkpt>
      <trkpt lat="46.354010000" lon="6.046080000">
        <ele>978.000</ele>
      </trkpt>
      <trkpt lat="46.354080000" lon="6.046130000">
        <ele>979.000</ele>
      </trkpt>
      <trkpt lat="46.354140000" lon="6.046200000">
        <ele>979.000</ele>
      </trkpt>
      <trkpt lat="46.354330000" lon="6.046450000">
        <ele>980.000</ele>
      </trkpt>
      <trkpt lat="46.354430000" lon="6.046570000">
        <ele>981.000</ele>
      </trkpt>
      <trkpt lat="46.354520000" lon="6.046670000">
        <ele>982.000</ele>
      </trkpt>
      <trkpt lat="46.354610000" lon="6.046740000">
        <ele>983.000</ele>
      </trkpt>
      <trkpt lat="46.354720000" lon="6.046840000">
        <ele>984.000</ele>
      </trkpt>
      <trkpt lat="46.354810000" lon="6.046950000">
        <ele>985.000</ele>
      </trkpt>
      <trkpt lat="46.354870000" lon="6.047050000">
        <ele>986.000</ele>
      </trkpt>
      <trkpt lat="46.354930000" lon="6.047150000">
        <ele>986.000</ele>
      </trkpt>
      <trkpt lat="46.355000000" lon="6.047290000">
        <ele>987.000</ele>
      </trkpt>
      <trkpt lat="46.355080000" lon="6.047510000">
        <ele>988.000</ele>
      </trkpt>
      <trkpt lat="46.355180000" lon="6.047810000">
        <ele>990.000</ele>
      </trkpt>
      <trkpt lat="46.355230000" lon="6.047990000">
        <ele>991.000</ele>
      </trkpt>
      <trkpt lat="46.355300000" lon="6.048210000">
        <ele>992.000</ele>
      </trkpt>
      <trkpt lat="46.355350000" lon="6.048370000">
        <ele>993.000</ele>
      </trkpt>
      <trkpt lat="46.355400000" lon="6.048490000">
        <ele>994.000</ele>
      </trkpt>
      <trkpt lat="46.355450000" lon="6.048590000">
        <ele>995.000</ele>
      </trkpt>
      <trkpt lat="46.355580000" lon="6.048800000">
        <ele>996.000</ele>
      </trkpt>
      <trkpt lat="46.356010000" lon="6.049450000">
        <ele>999.000</ele>
      </trkpt>
      <trkpt lat="46.356160000" lon="6.049660000">
        <ele>1001.000</ele>
      </trkpt>
      <trkpt lat="46.356260000" lon="6.049780000">
        <ele>1003.000</ele>
      </trkpt>
      <trkpt lat="46.356360000" lon="6.049890000">
        <ele>1005.000</ele>
      </trkpt>
      <trkpt lat="46.356500000" lon="6.050000000">
        <ele>1007.000</ele>
      </trkpt>
      <trkpt lat="46.356620000" lon="6.050090000">
        <ele>1008.000</ele>
      </trkpt>
      <trkpt lat="46.356690000" lon="6.050140000">
        <ele>1010.000</ele>
      </trkpt>
      <trkpt lat="46.356760000" lon="6.050170000">
        <ele>1011.000</ele>
      </trkpt>
      <trkpt lat="46.356820000" lon="6.050200000">
        <ele>1012.000</ele>
      </trkpt>
      <trkpt lat="46.356870000" lon="6.050210000">
        <ele>1013.000</ele>
      </trkpt>
      <trkpt lat="46.356910000" lon="6.050220000">
        <ele>1014.000</ele>
      </trkpt>
      <trkpt lat="46.356950000" lon="6.050220000">
        <ele>1014.000</ele>
      </trkpt>
      <trkpt lat="46.356990000" lon="6.050220000">
        <ele>1015.000</ele>
      </trkpt>
      <trkpt lat="46.357050000" lon="6.050210000">
        <ele>1015.000</ele>
      </trkpt>
      <trkpt lat="46.357090000" lon="6.050180000">
        <ele>1016.000</ele>
      </trkpt>
      <trkpt lat="46.357130000" lon="6.050150000">
        <ele>1017.000</ele>
      </trkpt>
      <trkpt lat="46.357170000" lon="6.050120000">
        <ele>1017.000</ele>
      </trkpt>
      <trkpt lat="46.357210000" lon="6.050070000">
        <ele>1018.000</ele>
      </trkpt>
      <trkpt lat="46.357240000" lon="6.049990000">
        <ele>1018.000</ele>
      </trkpt>
      <trkpt lat="46.357270000" lon="6.049910000">
        <ele>1019.000</ele>
      </trkpt>
      <trkpt lat="46.357320000" lon="6.049740000">
        <ele>1020.000</ele>
      </trkpt>
      <trkpt lat="46.357370000" lon="6.049540000">
        <ele>1021.000</ele>
      </trkpt>
      <trkpt lat="46.357440000" lon="6.049370000">
        <ele>1022.000</ele>
      </trkpt>
      <trkpt lat="46.357670000" lon="6.048890000">
        <ele>1024.000</ele>
      </trkpt>
      <trkpt lat="46.357760000" lon="6.048680000">
        <ele>1025.000</ele>
      </trkpt>
      <trkpt lat="46.357830000" lon="6.048500000">
        <ele>1026.000</ele>
      </trkpt>
      <trkpt lat="46.357880000" lon="6.048360000">
        <ele>1027.000</ele>
      </trkpt>
      <trkpt lat="46.357960000" lon="6.048100000">
        <ele>1028.000</ele>
      </trkpt>
      <trkpt lat="46.357980000" lon="6.048010000">
        <ele>1029.000</ele>
      </trkpt>
      <trkpt lat="46.357990000" lon="6.047900000">
        <ele>1030.000</ele>
      </trkpt>
      <trkpt lat="46.358020000" lon="6.047570000">
        <ele>1031.000</ele>
      </trkpt>
      <trkpt lat="46.358050000" lon="6.047320000">
        <ele>1032.000</ele>
      </trkpt>
      <trkpt lat="46.358170000" lon="6.046630000">
        <ele>1033.000</ele>
      </trkpt>
      <trkpt lat="46.358220000" lon="6.046330000">
        <ele>1035.000</ele>
      </trkpt>
      <trkpt lat="46.358240000" lon="6.046250000">
        <ele>1037.000</ele>
      </trkpt>
      <trkpt lat="46.358260000" lon="6.046160000">
        <ele>1038.000</ele>
      </trkpt>
      <trkpt lat="46.358290000" lon="6.046080000">
        <ele>1039.000</ele>
      </trkpt>
      <trkpt lat="46.358300000" lon="6.046050000">
        <ele>1040.000</ele>
      </trkpt>
      <trkpt lat="46.358380000" lon="6.045920000">
        <ele>1041.000</ele>
      </trkpt>
      <trkpt lat="46.358440000" lon="6.045850000">
        <ele>1042.000</ele>
      </trkpt>
      <trkpt lat="46.358500000" lon="6.045790000">
        <ele>1043.000</ele>
      </trkpt>
      <trkpt lat="46.358570000" lon="6.045740000">
        <ele>1044.000</ele>
      </trkpt>
      <trkpt lat="46.358650000" lon="6.045680000">
        <ele>1045.000</ele>
      </trkpt>
      <trkpt lat="46.358750000" lon="6.045630000">
        <ele>1046.000</ele>
      </trkpt>
      <trkpt lat="46.358890000" lon="6.045590000">
        <ele>1047.000</ele>
      </trkpt>
      <trkpt lat="46.358980000" lon="6.045560000">
        <ele>1048.000</ele>
      </trkpt>
      <trkpt lat="46.359110000" lon="6.045540000">
        <ele>1049.000</ele>
      </trkpt>
      <trkpt lat="46.359360000" lon="6.045500000">
        <ele>1051.000</ele>
      </trkpt>
      <trkpt lat="46.359420000" lon="6.045500000">
        <ele>1053.000</ele>
      </trkpt>
      <trkpt lat="46.359480000" lon="6.045520000">
        <ele>1054.000</ele>
      </trkpt>
      <trkpt lat="46.359570000" lon="6.045560000">
        <ele>1055.000</ele>
      </trkpt>
      <trkpt lat="46.359650000" lon="6.045610000">
        <ele>1056.000</ele>
      </trkpt>
      <trkpt lat="46.359700000" lon="6.045640000">
        <ele>1057.000</ele>
      </trkpt>
      <trkpt lat="46.359720000" lon="6.045650000">
        <ele>1057.000</ele>
      </trkpt>
      <trkpt lat="46.359750000" lon="6.045650000">
        <ele>1058.000</ele>
      </trkpt>
      <trkpt lat="46.359780000" lon="6.045650000">
        <ele>1058.000</ele>
      </trkpt>
      <trkpt lat="46.359800000" lon="6.045630000">
        <ele>1058.000</ele>
      </trkpt>
      <trkpt lat="46.359820000" lon="6.045610000">
        <ele>1058.000</ele>
      </trkpt>
      <trkpt lat="46.359840000" lon="6.045590000">
        <ele>1058.000</ele>
      </trkpt>
      <trkpt lat="46.359860000" lon="6.045560000">
        <ele>1059.000</ele>
      </trkpt>
      <trkpt lat="46.359870000" lon="6.045520000">
        <ele>1059.000</ele>
      </trkpt>
      <trkpt lat="46.359880000" lon="6.045470000">
        <ele>1059.000</ele>
      </trkpt>
      <trkpt lat="46.359870000" lon="6.045430000">
        <ele>1059.000</ele>
      </trkpt>
      <trkpt lat="46.359860000" lon="6.045390000">
        <ele>1059.000</ele>
      </trkpt>
      <trkpt lat="46.359850000" lon="6.045360000">
        <ele>1059.000</ele>
      </trkpt>
      <trkpt lat="46.359830000" lon="6.045340000">
        <ele>1059.000</ele>
      </trkpt>
      <trkpt lat="46.359750000" lon="6.045310000">
        <ele>1060.000</ele>
      </trkpt>
      <trkpt lat="46.359640000" lon="6.045290000">
        <ele>1060.000</ele>
      </trkpt>
      <trkpt lat="46.359570000" lon="6.045270000">
        <ele>1060.000</ele>
      </trkpt>
      <trkpt lat="46.359500000" lon="6.045230000">
        <ele>1060.000</ele>
      </trkpt>
      <trkpt lat="46.359440000" lon="6.045190000">
        <ele>1061.000</ele>
      </trkpt>
      <trkpt lat="46.359340000" lon="6.045120000">
        <ele>1061.000</ele>
      </trkpt>
      <trkpt lat="46.359290000" lon="6.045050000">
        <ele>1061.000</ele>
      </trkpt>
      <trkpt lat="46.359260000" lon="6.045010000">
        <ele>1062.000</ele>
      </trkpt>
      <trkpt lat="46.359240000" lon="6.044960000">
        <ele>1062.000</ele>
      </trkpt>
      <trkpt lat="46.359220000" lon="6.044890000">
        <ele>1062.000</ele>
      </trkpt>
      <trkpt lat="46.359210000" lon="6.044800000">
        <ele>1062.000</ele>
      </trkpt>
      <trkpt lat="46.359210000" lon="6.044680000">
        <ele>1063.000</ele>
      </trkpt>
      <trkpt lat="46.359230000" lon="6.044390000">
        <ele>1063.000</ele>
      </trkpt>
      <trkpt lat="46.359230000" lon="6.044250000">
        <ele>1063.000</ele>
      </trkpt>
      <trkpt lat="46.359230000" lon="6.044140000">
        <ele>1064.000</ele>
      </trkpt>
      <trkpt lat="46.359220000" lon="6.043850000">
        <ele>1064.000</ele>
      </trkpt>
      <trkpt lat="46.359230000" lon="6.043770000">
        <ele>1065.000</ele>
      </trkpt>
      <trkpt lat="46.359230000" lon="6.043710000">
        <ele>1065.000</ele>
      </trkpt>
      <trkpt lat="46.359250000" lon="6.043640000">
        <ele>1066.000</ele>
      </trkpt>
      <trkpt lat="46.359280000" lon="6.043570000">
        <ele>1066.000</ele>
      </trkpt>
      <trkpt lat="46.359330000" lon="6.043480000">
        <ele>1066.000</ele>
      </trkpt>
      <trkpt lat="46.359380000" lon="6.043410000">
        <ele>1067.000</ele>
      </trkpt>
      <trkpt lat="46.359490000" lon="6.043240000">
        <ele>1067.000</ele>
      </trkpt>
      <trkpt lat="46.359580000" lon="6.043080000">
        <ele>1068.000</ele>
      </trkpt>
      <trkpt lat="46.359610000" lon="6.043020000">
        <ele>1068.000</ele>
      </trkpt>
      <trkpt lat="46.359650000" lon="6.042930000">
        <ele>1069.000</ele>
      </trkpt>
      <trkpt lat="46.359680000" lon="6.042810000">
        <ele>1069.000</ele>
      </trkpt>
      <trkpt lat="46.359700000" lon="6.042680000">
        <ele>1070.000</ele>
      </trkpt>
      <trkpt lat="46.359740000" lon="6.042470000">
        <ele>1070.000</ele>
      </trkpt>
      <trkpt lat="46.359760000" lon="6.042310000">
        <ele>1071.000</ele>
      </trkpt>
      <trkpt lat="46.359780000" lon="6.042190000">
        <ele>1071.000</ele>
      </trkpt>
      <trkpt lat="46.359780000" lon="6.042080000">
        <ele>1072.000</ele>
      </trkpt>
      <trkpt lat="46.359780000" lon="6.041920000">
        <ele>1072.000</ele>
      </trkpt>
      <trkpt lat="46.359760000" lon="6.041790000">
        <ele>1073.000</ele>
      </trkpt>
      <trkpt lat="46.359740000" lon="6.041660000">
        <ele>1073.000</ele>
      </trkpt>
      <trkpt lat="46.359700000" lon="6.041520000">
        <ele>1074.000</ele>
      </trkpt>
      <trkpt lat="46.359300000" lon="6.040470000">
        <ele>1076.000</ele>
      </trkpt>
      <trkpt lat="46.359260000" lon="6.040340000">
        <ele>1078.000</ele>
      </trkpt>
      <trkpt lat="46.359240000" lon="6.040260000">
        <ele>1079.000</ele>
      </trkpt>
      <trkpt lat="46.359240000" lon="6.040170000">
        <ele>1080.000</ele>
      </trkpt>
      <trkpt lat="46.359230000" lon="6.040090000">
        <ele>1081.000</ele>
      </trkpt>
      <trkpt lat="46.359240000" lon="6.039990000">
        <ele>1082.000</ele>
      </trkpt>
      <trkpt lat="46.359270000" lon="6.039840000">
        <ele>1083.000</ele>
      </trkpt>
      <trkpt lat="46.359320000" lon="6.039660000">
        <ele>1085.000</ele>
      </trkpt>
      <trkpt lat="46.359430000" lon="6.039250000">
        <ele>1087.000</ele>
      </trkpt>
      <trkpt lat="46.359540000" lon="6.038850000">
        <ele>1090.000</ele>
      </trkpt>
      <trkpt lat="46.359590000" lon="6.038660000">
        <ele>1092.000</ele>
      </trkpt>
      <trkpt lat="46.359640000" lon="6.038510000">
        <ele>1094.000</ele>
      </trkpt>
      <trkpt lat="46.359690000" lon="6.038400000">
        <ele>1096.000</ele>
      </trkpt>
      <trkpt lat="46.359740000" lon="6.038290000">
        <ele>1098.000</ele>
      </trkpt>
      <trkpt lat="46.359800000" lon="6.038200000">
        <ele>1099.000</ele>
      </trkpt>
      <trkpt lat="46.359870000" lon="6.038120000">
        <ele>1101.000</ele>
      </trkpt>
      <trkpt lat="46.359930000" lon="6.038060000">
        <ele>1102.000</ele>
      </trkpt>
      <trkpt lat="46.360020000" lon="6.037980000">
        <ele>1103.000</ele>
      </trkpt>
      <trkpt lat="46.360140000" lon="6.037910000">
        <ele>1105.000</ele>
      </trkpt>
      <trkpt lat="46.360220000" lon="6.037870000">
        <ele>1107.000</ele>
      </trkpt>
      <trkpt lat="46.360350000" lon="6.037810000">
        <ele>1108.000</ele>
      </trkpt>
      <trkpt lat="46.360460000" lon="6.037750000">
        <ele>1110.000</ele>
      </trkpt>
      <trkpt lat="46.360520000" lon="6.037700000">
        <ele>1112.000</ele>
      </trkpt>
      <trkpt lat="46.360580000" lon="6.037640000">
        <ele>1113.000</ele>
      </trkpt>
      <trkpt lat="46.360630000" lon="6.037580000">
        <ele>1115.000</ele>
      </trkpt>
      <trkpt lat="46.360670000" lon="6.037510000">
        <ele>1116.000</ele>
      </trkpt>
      <trkpt lat="46.360720000" lon="6.037420000">
        <ele>1117.000</ele>
      </trkpt>
      <trkpt lat="46.360780000" lon="6.037270000">
        <ele>1118.000</ele>
      </trkpt>
      <trkpt lat="46.361030000" lon="6.036600000">
        <ele>1122.000</ele>
      </trkpt>
      <trkpt lat="46.361140000" lon="6.036310000">
        <ele>1126.000</ele>
      </trkpt>
      <trkpt lat="46.361200000" lon="6.036150000">
        <ele>1129.000</ele>
      </trkpt>
      <trkpt lat="46.361260000" lon="6.036020000">
        <ele>1131.000</ele>
      </trkpt>
      <trkpt lat="46.361360000" lon="6.035870000">
        <ele>1133.000</ele>
      </trkpt>
      <trkpt lat="46.361580000" lon="6.035580000">
        <ele>1135.000</ele>
      </trkpt>
      <trkpt lat="46.361670000" lon="6.035470000">
        <ele>1136.000</ele>
      </trkpt>
      <trkpt lat="46.361720000" lon="6.035390000">
        <ele>1137.000</ele>
      </trkpt>
      <trkpt lat="46.361760000" lon="6.035310000">
        <ele>1138.000</ele>
      </trkpt>
      <trkpt lat="46.361800000" lon="6.035240000">
        <ele>1139.000</ele>
      </trkpt>
      <trkpt lat="46.361840000" lon="6.035130000">
        <ele>1140.000</ele>
      </trkpt>
      <trkpt lat="46.361870000" lon="6.035030000">
        <ele>1140.000</ele>
      </trkpt>
      <trkpt lat="46.361900000" lon="6.034920000">
        <ele>1141.000</ele>
      </trkpt>
      <trkpt lat="46.361990000" lon="6.034570000">
        <ele>1142.000</ele>
      </trkpt>
      <trkpt lat="46.362030000" lon="6.034420000">
        <ele>1143.000</ele>
      </trkpt>
      <trkpt lat="46.362070000" lon="6.034290000">
        <ele>1144.000</ele>
      </trkpt>
      <trkpt lat="46.362130000" lon="6.034140000">
        <ele>1145.000</ele>
      </trkpt>
      <trkpt lat="46.362240000" lon="6.033900000">
        <ele>1146.000</ele>
      </trkpt>
      <trkpt lat="46.362330000" lon="6.033720000">
        <ele>1147.000</ele>
      </trkpt>
      <trkpt lat="46.362390000" lon="6.033580000">
        <ele>1148.000</ele>
      </trkpt>
      <trkpt lat="46.362480000" lon="6.033290000">
        <ele>1150.000</ele>
      </trkpt>
      <trkpt lat="46.362760000" lon="6.032380000">
        <ele>1153.000</ele>
      </trkpt>
      <trkpt lat="46.362850000" lon="6.032070000">
        <ele>1156.000</ele>
      </trkpt>
      <trkpt lat="46.362880000" lon="6.031960000">
        <ele>1158.000</ele>
      </trkpt>
      <trkpt lat="46.362900000" lon="6.031840000">
        <ele>1160.000</ele>
      </trkpt>
      <trkpt lat="46.362900000" lon="6.031780000">
        <ele>1161.000</ele>
      </trkpt>
      <trkpt lat="46.362900000" lon="6.031690000">
        <ele>1162.000</ele>
      </trkpt>
      <trkpt lat="46.362890000" lon="6.031610000">
        <ele>1163.000</ele>
      </trkpt>
      <trkpt lat="46.362880000" lon="6.031530000">
        <ele>1164.000</ele>
      </trkpt>
      <trkpt lat="46.362840000" lon="6.031350000">
        <ele>1165.000</ele>
      </trkpt>
      <trkpt lat="46.362820000" lon="6.031230000">
        <ele>1166.000</ele>
      </trkpt>
      <trkpt lat="46.362810000" lon="6.031140000">
        <ele>1167.000</ele>
      </trkpt>
      <trkpt lat="46.362800000" lon="6.031030000">
        <ele>1167.000</ele>
      </trkpt>
      <trkpt lat="46.362800000" lon="6.030920000">
        <ele>1168.000</ele>
      </trkpt>
      <trkpt lat="46.362800000" lon="6.030790000">
        <ele>1169.000</ele>
      </trkpt>
      <trkpt lat="46.362840000" lon="6.030360000">
        <ele>1171.000</ele>
      </trkpt>
      <trkpt lat="46.362850000" lon="6.030240000">
        <ele>1172.000</ele>
      </trkpt>
      <trkpt lat="46.362850000" lon="6.030120000">
        <ele>1173.000</ele>
      </trkpt>
      <trkpt lat="46.362830000" lon="6.029980000">
        <ele>1174.000</ele>
      </trkpt>
      <trkpt lat="46.362810000" lon="6.029840000">
        <ele>1175.000</ele>
      </trkpt>
      <trkpt lat="46.362720000" lon="6.029460000">
        <ele>1177.000</ele>
      </trkpt>
      <trkpt lat="46.362680000" lon="6.029260000">
        <ele>1179.000</ele>
      </trkpt>
      <trkpt lat="46.362620000" lon="6.029070000">
        <ele>1180.000</ele>
      </trkpt>
      <trkpt lat="46.362570000" lon="6.028950000">
        <ele>1182.000</ele>
      </trkpt>
      <trkpt lat="46.362520000" lon="6.028880000">
        <ele>1183.000</ele>
      </trkpt>
      <trkpt lat="46.362470000" lon="6.028820000">
        <ele>1184.000</ele>
      </trkpt>
      <trkpt lat="46.362390000" lon="6.028760000">
        <ele>1184.000</ele>
      </trkpt>
      <trkpt lat="46.362170000" lon="6.028610000">
        <ele>1185.000</ele>
      </trkpt>
      <trkpt lat="46.362100000" lon="6.028550000">
        <ele>1186.000</ele>
      </trkpt>
      <trkpt lat="46.362030000" lon="6.028470000">
        <ele>1187.000</ele>
      </trkpt>
      <trkpt lat="46.361620000" lon="6.027820000">
        <ele>1189.000</ele>
      </trkpt>
      <trkpt lat="46.361430000" lon="6.027550000">
        <ele>1191.000</ele>
      </trkpt>
      <trkpt lat="46.361230000" lon="6.027310000">
        <ele>1193.000</ele>
      </trkpt>
      <trkpt lat="46.361040000" lon="6.027100000">
        <ele>1195.000</ele>
      </trkpt>
      <trkpt lat="46.360710000" lon="6.026770000">
        <ele>1197.000</ele>
      </trkpt>
      <trkpt lat="46.360590000" lon="6.026670000">
        <ele>1199.000</ele>
      </trkpt>
      <trkpt lat="46.360420000" lon="6.026560000">
        <ele>1200.000</ele>
      </trkpt>
      <trkpt lat="46.360080000" lon="6.026410000">
        <ele>1202.000</ele>
      </trkpt>
      <trkpt lat="46.359640000" lon="6.026200000">
        <ele>1204.000</ele>
      </trkpt>
      <trkpt lat="46.359160000" lon="6.025960000">
        <ele>1206.000</ele>
      </trkpt>
      <trkpt lat="46.359100000" lon="6.025920000">
        <ele>1208.000</ele>
      </trkpt>
      <trkpt lat="46.359060000" lon="6.025900000">
        <ele>1209.000</ele>
      </trkpt>
      <trkpt lat="46.359040000" lon="6.025870000">
        <ele>1210.000</ele>
      </trkpt>
      <trkpt lat="46.359030000" lon="6.025830000">
        <ele>1211.000</ele>
      </trkpt>
      <trkpt lat="46.359020000" lon="6.025800000">
        <ele>1212.000</ele>
      </trkpt>
      <trkpt lat="46.359010000" lon="6.025760000">
        <ele>1212.000</ele>
      </trkpt>
      <trkpt lat="46.359020000" lon="6.025730000">
        <ele>1213.000</ele>
      </trkpt>
      <trkpt lat="46.359030000" lon="6.025700000">
        <ele>1213.000</ele>
      </trkpt>
      <trkpt lat="46.359050000" lon="6.025670000">
        <ele>1214.000</ele>
      </trkpt>
      <trkpt lat="46.359060000" lon="6.025650000">
        <ele>1214.000</ele>
      </trkpt>
      <trkpt lat="46.359090000" lon="6.025640000">
        <ele>1214.000</ele>
      </trkpt>
      <trkpt lat="46.359120000" lon="6.025630000">
        <ele>1215.000</ele>
      </trkpt>
      <trkpt lat="46.359160000" lon="6.025630000">
        <ele>1215.000</ele>
      </trkpt>
      <trkpt lat="46.359200000" lon="6.025650000">
        <ele>1216.000</ele>
      </trkpt>
      <trkpt lat="46.359410000" lon="6.025740000">
        <ele>1217.000</ele>
      </trkpt>
      <trkpt lat="46.359670000" lon="6.025830000">
        <ele>1219.000</ele>
      </trkpt>
      <trkpt lat="46.359780000" lon="6.025860000">
        <ele>1221.000</ele>
      </trkpt>
      <trkpt lat="46.359860000" lon="6.025870000">
        <ele>1223.000</ele>
      </trkpt>
      <trkpt lat="46.359960000" lon="6.025870000">
        <ele>1224.000</ele>
      </trkpt>
      <trkpt lat="46.360160000" lon="6.025820000">
        <ele>1226.000</ele>
      </trkpt>
      <trkpt lat="46.360290000" lon="6.025810000">
        <ele>1228.000</ele>
      </trkpt>
      <trkpt lat="46.360390000" lon="6.025800000">
        <ele>1230.000</ele>
      </trkpt>
      <trkpt lat="46.360500000" lon="6.025810000">
        <ele>1232.000</ele>
      </trkpt>
      <trkpt lat="46.360600000" lon="6.025830000">
        <ele>1233.000</ele>
      </trkpt>
      <trkpt lat="46.360660000" lon="6.025850000">
        <ele>1234.000</ele>
      </trkpt>
      <trkpt lat="46.360730000" lon="6.025890000">
        <ele>1235.000</ele>
      </trkpt>
      <trkpt lat="46.360820000" lon="6.025950000">
        <ele>1236.000</ele>
      </trkpt>
      <trkpt lat="46.360970000" lon="6.026090000">
        <ele>1236.000</ele>
      </trkpt>
      <trkpt lat="46.361300000" lon="6.026390000">
        <ele>1237.000</ele>
      </trkpt>
      <trkpt lat="46.361620000" lon="6.026650000">
        <ele>1237.000</ele>
      </trkpt>
      <trkpt lat="46.361740000" lon="6.026740000">
        <ele>1238.000</ele>
      </trkpt>
      <trkpt lat="46.361830000" lon="6.026780000">
        <ele>1238.000</ele>
      </trkpt>
      <trkpt lat="46.361920000" lon="6.026810000">
        <ele>1238.000</ele>
      </trkpt>
      <trkpt lat="46.362000000" lon="6.026820000">
        <ele>1239.000</ele>
      </trkpt>
      <trkpt lat="46.362230000" lon="6.026780000">
        <ele>1239.000</ele>
      </trkpt>
      <trkpt lat="46.362480000" lon="6.026740000">
        <ele>1240.000</ele>
      </trkpt>
      <trkpt lat="46.362630000" lon="6.026710000">
        <ele>1241.000</ele>
      </trkpt>
      <trkpt lat="46.362750000" lon="6.026660000">
        <ele>1243.000</ele>
      </trkpt>
      <trkpt lat="46.362870000" lon="6.026590000">
        <ele>1244.000</ele>
      </trkpt>
      <trkpt lat="46.362990000" lon="6.026510000">
        <ele>1246.000</ele>
      </trkpt>
      <trkpt lat="46.363090000" lon="6.026410000">
        <ele>1247.000</ele>
      </trkpt>
      <trkpt lat="46.363210000" lon="6.026290000">
        <ele>1249.000</ele>
      </trkpt>
      <trkpt lat="46.363350000" lon="6.026110000">
        <ele>1250.000</ele>
      </trkpt>
      <trkpt lat="46.363470000" lon="6.025940000">
        <ele>1252.000</ele>
      </trkpt>
      <trkpt lat="46.363570000" lon="6.025780000">
        <ele>1254.000</ele>
      </trkpt>
      <trkpt lat="46.363670000" lon="6.025600000">
        <ele>1256.000</ele>
      </trkpt>
      <trkpt lat="46.363710000" lon="6.025500000">
        <ele>1257.000</ele>
      </trkpt>
      <trkpt lat="46.363740000" lon="6.025400000">
        <ele>1259.000</ele>
      </trkpt>
      <trkpt lat="46.363750000" lon="6.025310000">
        <ele>1260.000</ele>
      </trkpt>
      <trkpt lat="46.363750000" lon="6.025220000">
        <ele>1260.000</ele>
      </trkpt>
      <trkpt lat="46.363740000" lon="6.025120000">
        <ele>1261.000</ele>
      </trkpt>
      <trkpt lat="46.363720000" lon="6.025040000">
        <ele>1262.000</ele>
      </trkpt>
      <trkpt lat="46.363700000" lon="6.024980000">
        <ele>1262.000</ele>
      </trkpt>
      <trkpt lat="46.363650000" lon="6.024860000">
        <ele>1263.000</ele>
      </trkpt>
      <trkpt lat="46.363520000" lon="6.024590000">
        <ele>1264.000</ele>
      </trkpt>
      <trkpt lat="46.363480000" lon="6.024520000">
        <ele>1265.000</ele>
      </trkpt>
      <trkpt lat="46.363430000" lon="6.024380000">
        <ele>1266.000</ele>
      </trkpt>
      <trkpt lat="46.363390000" lon="6.024230000">
        <ele>1267.000</ele>
      </trkpt>
      <trkpt lat="46.363380000" lon="6.024100000">
        <ele>1268.000</ele>
      </trkpt>
      <trkpt lat="46.363370000" lon="6.023950000">
        <ele>1268.000</ele>
      </trkpt>
      <trkpt lat="46.363380000" lon="6.023840000">
        <ele>1269.000</ele>
      </trkpt>
      <trkpt lat="46.363380000" lon="6.023730000">
        <ele>1270.000</ele>
      </trkpt>
      <trkpt lat="46.363390000" lon="6.023600000">
        <ele>1271.000</ele>
      </trkpt>
      <trkpt lat="46.363410000" lon="6.023490000">
        <ele>1271.000</ele>
      </trkpt>
      <trkpt lat="46.363430000" lon="6.023400000">
        <ele>1272.000</ele>
      </trkpt>
      <trkpt lat="46.363460000" lon="6.023320000">
        <ele>1273.000</ele>
      </trkpt>
      <trkpt lat="46.363500000" lon="6.023270000">
        <ele>1273.000</ele>
      </trkpt>
      <trkpt lat="46.363530000" lon="6.023220000">
        <ele>1274.000</ele>
      </trkpt>
      <trkpt lat="46.363590000" lon="6.023180000">
        <ele>1274.000</ele>
      </trkpt>
      <trkpt lat="46.363640000" lon="6.023160000">
        <ele>1275.000</ele>
      </trkpt>
      <trkpt lat="46.363690000" lon="6.023170000">
        <ele>1275.000</ele>
      </trkpt>
      <trkpt lat="46.363740000" lon="6.023180000">
        <ele>1275.000</ele>
      </trkpt>
      <trkpt lat="46.363800000" lon="6.023230000">
        <ele>1276.000</ele>
      </trkpt>
      <trkpt lat="46.363840000" lon="6.023270000">
        <ele>1276.000</ele>
      </trkpt>
      <trkpt lat="46.363880000" lon="6.023360000">
        <ele>1276.000</ele>
      </trkpt>
      <trkpt lat="46.363910000" lon="6.023450000">
        <ele>1277.000</ele>
      </trkpt>
      <trkpt lat="46.363960000" lon="6.023570000">
        <ele>1277.000</ele>
      </trkpt>
      <trkpt lat="46.364240000" lon="6.024520000">
        <ele>1279.000</ele>
      </trkpt>
      <trkpt lat="46.364300000" lon="6.024660000">
        <ele>1280.000</ele>
      </trkpt>
      <trkpt lat="46.364350000" lon="6.024760000">
        <ele>1282.000</ele>
      </trkpt>
      <trkpt lat="46.364400000" lon="6.024840000">
        <ele>1282.000</ele>
      </trkpt>
      <trkpt lat="46.364450000" lon="6.024910000">
        <ele>1283.000</ele>
      </trkpt>
      <trkpt lat="46.364490000" lon="6.024950000">
        <ele>1284.000</ele>
      </trkpt>
      <trkpt lat="46.364550000" lon="6.025000000">
        <ele>1284.000</ele>
      </trkpt>
      <trkpt lat="46.364600000" lon="6.025040000">
        <ele>1285.000</ele>
      </trkpt>
      <trkpt lat="46.364670000" lon="6.025070000">
        <ele>1285.000</ele>
      </trkpt>
      <trkpt lat="46.364730000" lon="6.025080000">
        <ele>1286.000</ele>
      </trkpt>
      <trkpt lat="46.364780000" lon="6.025090000">
        <ele>1286.000</ele>
      </trkpt>
      <trkpt lat="46.364850000" lon="6.025090000">
        <ele>1287.000</ele>
      </trkpt>
      <trkpt lat="46.364940000" lon="6.025060000">
        <ele>1288.000</ele>
      </trkpt>
      <trkpt lat="46.365450000" lon="6.024790000">
        <ele>1291.000</ele>
      </trkpt>
      <trkpt lat="46.365550000" lon="6.024740000">
        <ele>1293.000</ele>
      </trkpt>
      <trkpt lat="46.365620000" lon="6.024690000">
        <ele>1295.000</ele>
      </trkpt>
      <trkpt lat="46.365700000" lon="6.024630000">
        <ele>1297.000</ele>
      </trkpt>
      <trkpt lat="46.365770000" lon="6.024540000">
        <ele>1298.000</ele>
      </trkpt>
      <trkpt lat="46.365860000" lon="6.024400000">
        <ele>1300.000</ele>
      </trkpt>
      <trkpt lat="46.365940000" lon="6.024240000">
        <ele>1302.000</ele>
      </trkpt>
      <trkpt lat="46.366010000" lon="6.024070000">
        <ele>1304.000</ele>
      </trkpt>
      <trkpt lat="46.366080000" lon="6.023850000">
        <ele>1305.000</ele>
      </trkpt>
      <trkpt lat="46.366240000" lon="6.023210000">
        <ele>1309.000</ele>
      </trkpt>
      <trkpt lat="46.366290000" lon="6.023050000">
        <ele>1311.000</ele>
      </trkpt>
      <trkpt lat="46.366330000" lon="6.022960000">
        <ele>1313.000</ele>
      </trkpt>
      <trkpt lat="46.366370000" lon="6.022890000">
        <ele>1315.000</ele>
      </trkpt>
      <trkpt lat="46.366430000" lon="6.022830000">
        <ele>1316.000</ele>
      </trkpt>
      <trkpt lat="46.366500000" lon="6.022780000">
        <ele>1317.000</ele>
      </trkpt>
      <trkpt lat="46.366590000" lon="6.022730000">
        <ele>1317.000</ele>
      </trkpt>
      <trkpt lat="46.366830000" lon="6.022650000">
        <ele>1319.000</ele>
      </trkpt>
      <trkpt lat="46.367490000" lon="6.022430000">
        <ele>1321.000</ele>
      </trkpt>
      <trkpt lat="46.367760000" lon="6.022340000">
        <ele>1323.000</ele>
      </trkpt>
      <trkpt lat="46.367850000" lon="6.022270000">
        <ele>1325.000</ele>
      </trkpt>
      <trkpt lat="46.367900000" lon="6.022220000">
        <ele>1326.000</ele>
      </trkpt>
      <trkpt lat="46.367960000" lon="6.022160000">
        <ele>1327.000</ele>
      </trkpt>
      <trkpt lat="46.368010000" lon="6.022080000">
        <ele>1327.000</ele>
      </trkpt>
      <trkpt lat="46.368100000" lon="6.021940000">
        <ele>1328.000</ele>
      </trkpt>
      <trkpt lat="46.368190000" lon="6.021770000">
        <ele>1328.000</ele>
      </trkpt>
      <trkpt lat="46.368260000" lon="6.021590000">
        <ele>1328.000</ele>
      </trkpt>
      <trkpt lat="46.368350000" lon="6.021360000">
        <ele>1327.000</ele>
      </trkpt>
      <trkpt lat="46.368400000" lon="6.021230000">
        <ele>1327.000</ele>
      </trkpt>
      <trkpt lat="46.368590000" lon="6.020720000">
        <ele>1327.000</ele>
      </trkpt>
      <trkpt lat="46.368690000" lon="6.020470000">
        <ele>1327.000</ele>
      </trkpt>
      <trkpt lat="46.368800000" lon="6.020200000">
        <ele>1326.000</ele>
      </trkpt>
      <trkpt lat="46.368850000" lon="6.020060000">
        <ele>1326.000</ele>
      </trkpt>
      <trkpt lat="46.368890000" lon="6.019990000">
        <ele>1326.000</ele>
      </trkpt>
      <trkpt lat="46.368950000" lon="6.019890000">
        <ele>1325.000</ele>
      </trkpt>
      <trkpt lat="46.369030000" lon="6.019760000">
        <ele>1325.000</ele>
      </trkpt>
      <trkpt lat="46.369040000" lon="6.019750000">
        <ele>1325.000</ele>
      </trkpt>
      <trkpt lat="46.369050000" lon="6.019730000">
        <ele>1325.000</ele>
      </trkpt>
      <trkpt lat="46.369260000" lon="6.019380000">
        <ele>1324.000</ele>
      </trkpt>
      <trkpt lat="46.369280000" lon="6.019340000">
        <ele>1324.000</ele>
      </trkpt>
      <trkpt lat="46.369290000" lon="6.019340000">
        <ele>1323.000</ele>
      </trkpt>
      <trkpt lat="46.369460000" lon="6.019170000">
        <ele>1323.000</ele>
      </trkpt>
      <trkpt lat="46.369550000" lon="6.019030000">
        <ele>1322.000</ele>
      </trkpt>
      <trkpt lat="46.369560000" lon="6.019000000">
        <ele>1322.000</ele>
      </trkpt>
      <trkpt lat="46.369710000" lon="6.018770000">
        <ele>1321.000</ele>
      </trkpt>
      <trkpt lat="46.369750000" lon="6.018710000">
        <ele>1321.000</ele>
      </trkpt>
      <trkpt lat="46.369790000" lon="6.018670000">
        <ele>1320.000</ele>
      </trkpt>
      <trkpt lat="46.369810000" lon="6.018640000">
        <ele>1320.000</ele>
      </trkpt>
      <trkpt lat="46.369880000" lon="6.018610000">
        <ele>1320.000</ele>
      </trkpt>
      <trkpt lat="46.369930000" lon="6.018590000">
        <ele>1320.000</ele>
      </trkpt>
      <trkpt lat="46.369980000" lon="6.018580000">
        <ele>1319.000</ele>
      </trkpt>
      <trkpt lat="46.370050000" lon="6.018590000">
        <ele>1319.000</ele>
      </trkpt>
      <trkpt lat="46.370150000" lon="6.018600000">
        <ele>1319.000</ele>
      </trkpt>
      <trkpt lat="46.370180000" lon="6.018630000">
        <ele>1318.000</ele>
      </trkpt>
      <trkpt lat="46.370260000" lon="6.018680000">
        <ele>1318.000</ele>
      </trkpt>
      <trkpt lat="46.370310000" lon="6.018730000">
        <ele>1318.000</ele>
      </trkpt>
      <trkpt lat="46.370390000" lon="6.018810000">
        <ele>1318.000</ele>
      </trkpt>
      <trkpt lat="46.370470000" lon="6.018910000">
        <ele>1318.000</ele>
      </trkpt>
      <trkpt lat="46.370540000" lon="6.018990000">
        <ele>1318.000</ele>
      </trkpt>
      <trkpt lat="46.370650000" lon="6.019140000">
        <ele>1318.000</ele>
      </trkpt>
      <trkpt lat="46.370810000" lon="6.019350000">
        <ele>1319.000</ele>
      </trkpt>
      <trkpt lat="46.370890000" lon="6.019460000">
        <ele>1319.000</ele>
      </trkpt>
      <trkpt lat="46.371000000" lon="6.019620000">
        <ele>1319.000</ele>
      </trkpt>
      <trkpt lat="46.371050000" lon="6.019690000">
        <ele>1319.000</ele>
      </trkpt>
      <trkpt lat="46.371110000" lon="6.019790000">
        <ele>1320.000</ele>
      </trkpt>
      <trkpt lat="46.371160000" lon="6.019860000">
        <ele>1320.000</ele>
      </trkpt>
      <trkpt lat="46.371220000" lon="6.019970000">
        <ele>1320.000</ele>
      </trkpt>
      <trkpt lat="46.371250000" lon="6.020040000">
        <ele>1320.000</ele>
      </trkpt>
      <trkpt lat="46.371340000" lon="6.020230000">
        <ele>1320.000</ele>
      </trkpt>
      <trkpt lat="46.371490000" lon="6.020580000">
        <ele>1321.000</ele>
      </trkpt>
      <trkpt lat="46.371900000" lon="6.021550000">
        <ele>1322.000</ele>
      </trkpt>
      <trkpt lat="46.372390000" lon="6.022660000">
        <ele>1323.000</ele>
      </trkpt>
      <trkpt lat="46.372520000" lon="6.022960000">
        <ele>1324.000</ele>
      </trkpt>
      <trkpt lat="46.372560000" lon="6.023070000">
        <ele>1324.000</ele>
      </trkpt>
      <trkpt lat="46.372630000" lon="6.023280000">
        <ele>1325.000</ele>
      </trkpt>
      <trkpt lat="46.372810000" lon="6.023900000">
        <ele>1325.000</ele>
      </trkpt>
      <trkpt lat="46.373000000" lon="6.024520000">
        <ele>1325.000</ele>
      </trkpt>
      <trkpt lat="46.373290000" lon="6.025360000">
        <ele>1325.000</ele>
      </trkpt>
      <trkpt lat="46.373330000" lon="6.025480000">
        <ele>1325.000</ele>
      </trkpt>
      <trkpt lat="46.373360000" lon="6.025580000">
        <ele>1325.000</ele>
      </trkpt>
      <trkpt lat="46.373380000" lon="6.025660000">
        <ele>1324.000</ele>
      </trkpt>
      <trkpt lat="46.373400000" lon="6.025780000">
        <ele>1324.000</ele>
      </trkpt>
      <trkpt lat="46.373410000" lon="6.025860000">
        <ele>1324.000</ele>
      </trkpt>
      <trkpt lat="46.373410000" lon="6.026050000">
        <ele>1324.000</ele>
      </trkpt>
      <trkpt lat="46.373410000" lon="6.026700000">
        <ele>1324.000</ele>
      </trkpt>
      <trkpt lat="46.373420000" lon="6.026920000">
        <ele>1324.000</ele>
      </trkpt>
      <trkpt lat="46.373430000" lon="6.027070000">
        <ele>1324.000</ele>
      </trkpt>
      <trkpt lat="46.373470000" lon="6.027290000">
        <ele>1323.000</ele>
      </trkpt>
      <trkpt lat="46.373490000" lon="6.027420000">
        <ele>1323.000</ele>
      </trkpt>
      <trkpt lat="46.373530000" lon="6.027580000">
        <ele>1323.000</ele>
      </trkpt>
      <trkpt lat="46.373590000" lon="6.027880000">
        <ele>1323.000</ele>
      </trkpt>
      <trkpt lat="46.373620000" lon="6.027990000">
        <ele>1323.000</ele>
      </trkpt>
      <trkpt lat="46.373640000" lon="6.028070000">
        <ele>1323.000</ele>
      </trkpt>
      <trkpt lat="46.373690000" lon="6.028180000">
        <ele>1323.000</ele>
      </trkpt>
      <trkpt lat="46.373720000" lon="6.028250000">
        <ele>1323.000</ele>
      </trkpt>
      <trkpt lat="46.373760000" lon="6.028330000">
        <ele>1323.000</ele>
      </trkpt>
      <trkpt lat="46.373930000" lon="6.028580000">
        <ele>1323.000</ele>
      </trkpt>
      <trkpt lat="46.373990000" lon="6.028680000">
        <ele>1323.000</ele>
      </trkpt>
      <trkpt lat="46.374030000" lon="6.028760000">
        <ele>1323.000</ele>
      </trkpt>
      <trkpt lat="46.374090000" lon="6.028870000">
        <ele>1323.000</ele>
      </trkpt>
      <trkpt lat="46.374190000" lon="6.029100000">
        <ele>1324.000</ele>
      </trkpt>
      <trkpt lat="46.374470000" lon="6.029770000">
        <ele>1324.000</ele>
      </trkpt>
      <trkpt lat="46.374510000" lon="6.029870000">
        <ele>1324.000</ele>
      </trkpt>
      <trkpt lat="46.374540000" lon="6.029970000">
        <ele>1325.000</ele>
      </trkpt>
      <trkpt lat="46.374590000" lon="6.030140000">
        <ele>1325.000</ele>
      </trkpt>
      <trkpt lat="46.374620000" lon="6.030310000">
        <ele>1325.000</ele>
      </trkpt>
      <trkpt lat="46.374640000" lon="6.030490000">
        <ele>1325.000</ele>
      </trkpt>
      <trkpt lat="46.374670000" lon="6.031060000">
        <ele>1325.000</ele>
      </trkpt>
      <trkpt lat="46.374680000" lon="6.031290000">
        <ele>1325.000</ele>
      </trkpt>
      <trkpt lat="46.374710000" lon="6.031480000">
        <ele>1325.000</ele>
      </trkpt>
      <trkpt lat="46.374730000" lon="6.031590000">
        <ele>1324.000</ele>
      </trkpt>
      <trkpt lat="46.374760000" lon="6.031700000">
        <ele>1324.000</ele>
      </trkpt>
      <trkpt lat="46.374790000" lon="6.031810000">
        <ele>1324.000</ele>
      </trkpt>
      <trkpt lat="46.374850000" lon="6.031930000">
        <ele>1324.000</ele>
      </trkpt>
      <trkpt lat="46.374910000" lon="6.032050000">
        <ele>1324.000</ele>
      </trkpt>
      <trkpt lat="46.375000000" lon="6.032180000">
        <ele>1324.000</ele>
      </trkpt>
      <trkpt lat="46.375100000" lon="6.032350000">
        <ele>1324.000</ele>
      </trkpt>
      <trkpt lat="46.375210000" lon="6.032540000">
        <ele>1323.000</ele>
      </trkpt>
      <trkpt lat="46.375350000" lon="6.032820000">
        <ele>1323.000</ele>
      </trkpt>
      <trkpt lat="46.375440000" lon="6.033010000">
        <ele>1323.000</ele>
      </trkpt>
      <trkpt lat="46.375500000" lon="6.033170000">
        <ele>1323.000</ele>
      </trkpt>
      <trkpt lat="46.375580000" lon="6.033360000">
        <ele>1323.000</ele>
      </trkpt>
      <trkpt lat="46.375650000" lon="6.033530000">
        <ele>1322.000</ele>
      </trkpt>
      <trkpt lat="46.375700000" lon="6.033710000">
        <ele>1322.000</ele>
      </trkpt>
      <trkpt lat="46.375750000" lon="6.033860000">
        <ele>1322.000</ele>
      </trkpt>
      <trkpt lat="46.375800000" lon="6.033990000">
        <ele>1322.000</ele>
      </trkpt>
      <trkpt lat="46.375890000" lon="6.034200000">
        <ele>1322.000</ele>
      </trkpt>
      <trkpt lat="46.376000000" lon="6.034410000">
        <ele>1322.000</ele>
      </trkpt>
      <trkpt lat="46.376130000" lon="6.034650000">
        <ele>1322.000</ele>
      </trkpt>
      <trkpt lat="46.376460000" lon="6.035290000">
        <ele>1322.000</ele>
      </trkpt>
      <trkpt lat="46.376680000" lon="6.035660000">
        <ele>1321.000</ele>
      </trkpt>
      <trkpt lat="46.376870000" lon="6.035980000">
        <ele>1321.000</ele>
      </trkpt>
      <trkpt lat="46.376960000" lon="6.036130000">
        <ele>1320.000</ele>
      </trkpt>
      <trkpt lat="46.377000000" lon="6.036210000">
        <ele>1320.000</ele>
      </trkpt>
      <trkpt lat="46.377040000" lon="6.036300000">
        <ele>1319.000</ele>
      </trkpt>
      <trkpt lat="46.377100000" lon="6.036470000">
        <ele>1319.000</ele>
      </trkpt>
      <trkpt lat="46.377180000" lon="6.036690000">
        <ele>1318.000</ele>
      </trkpt>
      <trkpt lat="46.377320000" lon="6.037190000">
        <ele>1318.000</ele>
      </trkpt>
      <trkpt lat="46.377440000" lon="6.037490000">
        <ele>1317.000</ele>
      </trkpt>
      <trkpt lat="46.377520000" lon="6.037700000">
        <ele>1316.000</ele>
      </trkpt>
      <trkpt lat="46.377590000" lon="6.037890000">
        <ele>1316.000</ele>
      </trkpt>
      <trkpt lat="46.377690000" lon="6.038190000">
        <ele>1315.000</ele>
      </trkpt>
      <trkpt lat="46.377790000" lon="6.038540000">
        <ele>1314.000</ele>
      </trkpt>
      <trkpt lat="46.377880000" lon="6.038870000">
        <ele>1314.000</ele>
      </trkpt>
      <trkpt lat="46.377980000" lon="6.039310000">
        <ele>1313.000</ele>
      </trkpt>
      <trkpt lat="46.378070000" lon="6.039800000">
        <ele>1312.000</ele>
      </trkpt>
      <trkpt lat="46.378150000" lon="6.040320000">
        <ele>1311.000</ele>
      </trkpt>
      <trkpt lat="46.378170000" lon="6.040470000">
        <ele>1311.000</ele>
      </trkpt>
      <trkpt lat="46.378210000" lon="6.040600000">
        <ele>1310.000</ele>
      </trkpt>
      <trkpt lat="46.378260000" lon="6.040780000">
        <ele>1309.000</ele>
      </trkpt>
      <trkpt lat="46.378340000" lon="6.041000000">
        <ele>1308.000</ele>
      </trkpt>
      <trkpt lat="46.378720000" lon="6.041910000">
        <ele>1307.000</ele>
      </trkpt>
      <trkpt lat="46.379130000" lon="6.042920000">
        <ele>1304.000</ele>
      </trkpt>
      <trkpt lat="46.379240000" lon="6.043190000">
        <ele>1303.000</ele>
      </trkpt>
      <trkpt lat="46.379310000" lon="6.043320000">
        <ele>1301.000</ele>
      </trkpt>
      <trkpt lat="46.379350000" lon="6.043390000">
        <ele>1300.000</ele>
      </trkpt>
      <trkpt lat="46.379400000" lon="6.043460000">
        <ele>1300.000</ele>
      </trkpt>
      <trkpt lat="46.379430000" lon="6.043500000">
        <ele>1299.000</ele>
      </trkpt>
      <trkpt lat="46.379480000" lon="6.043550000">
        <ele>1299.000</ele>
      </trkpt>
      <trkpt lat="46.379530000" lon="6.043600000">
        <ele>1298.000</ele>
      </trkpt>
      <trkpt lat="46.379570000" lon="6.043630000">
        <ele>1298.000</ele>
      </trkpt>
      <trkpt lat="46.379650000" lon="6.043670000">
        <ele>1298.000</ele>
      </trkpt>
      <trkpt lat="46.379750000" lon="6.043720000">
        <ele>1298.000</ele>
      </trkpt>
      <trkpt lat="46.379850000" lon="6.043760000">
        <ele>1297.000</ele>
      </trkpt>
      <trkpt lat="46.379960000" lon="6.043830000">
        <ele>1297.000</ele>
      </trkpt>
      <trkpt lat="46.380010000" lon="6.043810000">
        <ele>1297.000</ele>
      </trkpt>
      <trkpt lat="46.380030000" lon="6.043800000">
        <ele>1297.000</ele>
      </trkpt>
      <trkpt lat="46.380050000" lon="6.043800000">
        <ele>1296.000</ele>
      </trkpt>
      <trkpt lat="46.380070000" lon="6.043790000">
        <ele>1296.000</ele>
      </trkpt>
      <trkpt lat="46.380110000" lon="6.043800000">
        <ele>1296.000</ele>
      </trkpt>
      <trkpt lat="46.380140000" lon="6.043810000">
        <ele>1296.000</ele>
      </trkpt>
      <trkpt lat="46.380180000" lon="6.043830000">
        <ele>1296.000</ele>
      </trkpt>
      <trkpt lat="46.380220000" lon="6.043860000">
        <ele>1296.000</ele>
      </trkpt>
      <trkpt lat="46.380260000" lon="6.043910000">
        <ele>1296.000</ele>
      </trkpt>
      <trkpt lat="46.380310000" lon="6.043980000">
        <ele>1296.000</ele>
      </trkpt>
      <trkpt lat="46.380360000" lon="6.044080000">
        <ele>1295.000</ele>
      </trkpt>
      <trkpt lat="46.380650000" lon="6.044740000">
        <ele>1295.000</ele>
      </trkpt>
      <trkpt lat="46.380740000" lon="6.044930000">
        <ele>1294.000</ele>
      </trkpt>
      <trkpt lat="46.380840000" lon="6.045120000">
        <ele>1293.000</ele>
      </trkpt>
      <trkpt lat="46.380920000" lon="6.045230000">
        <ele>1293.000</ele>
      </trkpt>
      <trkpt lat="46.380990000" lon="6.045330000">
        <ele>1292.000</ele>
      </trkpt>
      <trkpt lat="46.381090000" lon="6.045450000">
        <ele>1292.000</ele>
      </trkpt>
      <trkpt lat="46.381160000" lon="6.045540000">
        <ele>1291.000</ele>
      </trkpt>
      <trkpt lat="46.381240000" lon="6.045600000">
        <ele>1291.000</ele>
      </trkpt>
      <trkpt lat="46.381310000" lon="6.045640000">
        <ele>1290.000</ele>
      </trkpt>
      <trkpt lat="46.381390000" lon="6.045680000">
        <ele>1290.000</ele>
      </trkpt>
      <trkpt lat="46.381460000" lon="6.045700000">
        <ele>1290.000</ele>
      </trkpt>
      <trkpt lat="46.381550000" lon="6.045730000">
        <ele>1289.000</ele>
      </trkpt>
      <trkpt lat="46.381710000" lon="6.045780000">
        <ele>1289.000</ele>
      </trkpt>
      <trkpt lat="46.381830000" lon="6.045830000">
        <ele>1288.000</ele>
      </trkpt>
      <trkpt lat="46.382270000" lon="6.046050000">
        <ele>1287.000</ele>
      </trkpt>
      <trkpt lat="46.382360000" lon="6.046090000">
        <ele>1287.000</ele>
      </trkpt>
      <trkpt lat="46.382440000" lon="6.046120000">
        <ele>1286.000</ele>
      </trkpt>
      <trkpt lat="46.382550000" lon="6.046150000">
        <ele>1286.000</ele>
      </trkpt>
      <trkpt lat="46.382600000" lon="6.046150000">
        <ele>1285.000</ele>
      </trkpt>
      <trkpt lat="46.382650000" lon="6.046140000">
        <ele>1285.000</ele>
      </trkpt>
      <trkpt lat="46.382700000" lon="6.046110000">
        <ele>1284.000</ele>
      </trkpt>
      <trkpt lat="46.382760000" lon="6.046070000">
        <ele>1284.000</ele>
      </trkpt>
      <trkpt lat="46.382800000" lon="6.046020000">
        <ele>1284.000</ele>
      </trkpt>
      <trkpt lat="46.382830000" lon="6.045960000">
        <ele>1284.000</ele>
      </trkpt>
      <trkpt lat="46.382860000" lon="6.045910000">
        <ele>1283.000</ele>
      </trkpt>
      <trkpt lat="46.382870000" lon="6.045840000">
        <ele>1283.000</ele>
      </trkpt>
      <trkpt lat="46.382890000" lon="6.045760000">
        <ele>1283.000</ele>
      </trkpt>
      <trkpt lat="46.382890000" lon="6.045690000">
        <ele>1283.000</ele>
      </trkpt>
      <trkpt lat="46.382890000" lon="6.045560000">
        <ele>1283.000</ele>
      </trkpt>
      <trkpt lat="46.382890000" lon="6.045420000">
        <ele>1282.000</ele>
      </trkpt>
      <trkpt lat="46.382900000" lon="6.045340000">
        <ele>1282.000</ele>
      </trkpt>
      <trkpt lat="46.382910000" lon="6.045270000">
        <ele>1282.000</ele>
      </trkpt>
      <trkpt lat="46.382920000" lon="6.045210000">
        <ele>1282.000</ele>
      </trkpt>
      <trkpt lat="46.382940000" lon="6.045140000">
        <ele>1281.000</ele>
      </trkpt>
      <trkpt lat="46.382980000" lon="6.045060000">
        <ele>1281.000</ele>
      </trkpt>
      <trkpt lat="46.383170000" lon="6.044760000">
        <ele>1281.000</ele>
      </trkpt>
      <trkpt lat="46.383240000" lon="6.044640000">
        <ele>1280.000</ele>
      </trkpt>
      <trkpt lat="46.383310000" lon="6.044500000">
        <ele>1280.000</ele>
      </trkpt>
      <trkpt lat="46.383380000" lon="6.044350000">
        <ele>1279.000</ele>
      </trkpt>
      <trkpt lat="46.383440000" lon="6.044270000">
        <ele>1279.000</ele>
      </trkpt>
      <trkpt lat="46.383480000" lon="6.044210000">
        <ele>1278.000</ele>
      </trkpt>
      <trkpt lat="46.383510000" lon="6.044180000">
        <ele>1278.000</ele>
      </trkpt>
      <trkpt lat="46.383540000" lon="6.044150000">
        <ele>1277.000</ele>
      </trkpt>
      <trkpt lat="46.383590000" lon="6.044130000">
        <ele>1277.000</ele>
      </trkpt>
      <trkpt lat="46.383630000" lon="6.044120000">
        <ele>1276.000</ele>
      </trkpt>
      <trkpt lat="46.383670000" lon="6.044120000">
        <ele>1276.000</ele>
      </trkpt>
      <trkpt lat="46.383710000" lon="6.044120000">
        <ele>1275.000</ele>
      </trkpt>
      <trkpt lat="46.383750000" lon="6.044130000">
        <ele>1275.000</ele>
      </trkpt>
      <trkpt lat="46.383790000" lon="6.044150000">
        <ele>1274.000</ele>
      </trkpt>
      <trkpt lat="46.383830000" lon="6.044170000">
        <ele>1274.000</ele>
      </trkpt>
      <trkpt lat="46.383880000" lon="6.044220000">
        <ele>1273.000</ele>
      </trkpt>
      <trkpt lat="46.383950000" lon="6.044280000">
        <ele>1273.000</ele>
      </trkpt>
      <trkpt lat="46.384250000" lon="6.044640000">
        <ele>1271.000</ele>
      </trkpt>
      <trkpt lat="46.384290000" lon="6.044670000">
        <ele>1269.000</ele>
      </trkpt>
      <trkpt lat="46.384330000" lon="6.044700000">
        <ele>1268.000</ele>
      </trkpt>
      <trkpt lat="46.384370000" lon="6.044710000">
        <ele>1267.000</ele>
      </trkpt>
      <trkpt lat="46.384400000" lon="6.044720000">
        <ele>1267.000</ele>
      </trkpt>
      <trkpt lat="46.384440000" lon="6.044720000">
        <ele>1266.000</ele>
      </trkpt>
      <trkpt lat="46.384470000" lon="6.044710000">
        <ele>1266.000</ele>
      </trkpt>
      <trkpt lat="46.384510000" lon="6.044700000">
        <ele>1265.000</ele>
      </trkpt>
      <trkpt lat="46.384550000" lon="6.044680000">
        <ele>1265.000</ele>
      </trkpt>
      <trkpt lat="46.384580000" lon="6.044660000">
        <ele>1264.000</ele>
      </trkpt>
      <trkpt lat="46.384630000" lon="6.044620000">
        <ele>1264.000</ele>
      </trkpt>
      <trkpt lat="46.384760000" lon="6.044440000">
        <ele>1263.000</ele>
      </trkpt>
      <trkpt lat="46.384810000" lon="6.044390000">
        <ele>1262.000</ele>
      </trkpt>
      <trkpt lat="46.384840000" lon="6.044360000">
        <ele>1261.000</ele>
      </trkpt>
      <trkpt lat="46.384890000" lon="6.044330000">
        <ele>1260.000</ele>
      </trkpt>
      <trkpt lat="46.384930000" lon="6.044320000">
        <ele>1260.000</ele>
      </trkpt>
      <trkpt lat="46.384970000" lon="6.044310000">
        <ele>1259.000</ele>
      </trkpt>
      <trkpt lat="46.385010000" lon="6.044310000">
        <ele>1259.000</ele>
      </trkpt>
      <trkpt lat="46.385050000" lon="6.044320000">
        <ele>1259.000</ele>
      </trkpt>
      <trkpt lat="46.385080000" lon="6.044320000">
        <ele>1258.000</ele>
      </trkpt>
      <trkpt lat="46.385170000" lon="6.044360000">
        <ele>1258.000</ele>
      </trkpt>
      <trkpt lat="46.385350000" lon="6.044430000">
        <ele>1257.000</ele>
      </trkpt>
      <trkpt lat="46.385470000" lon="6.044480000">
        <ele>1257.000</ele>
      </trkpt>
      <trkpt lat="46.385590000" lon="6.044550000">
        <ele>1256.000</ele>
      </trkpt>
      <trkpt lat="46.385770000" lon="6.044660000">
        <ele>1255.000</ele>
      </trkpt>
      <trkpt lat="46.385850000" lon="6.044700000">
        <ele>1255.000</ele>
      </trkpt>
      <trkpt lat="46.385930000" lon="6.044720000">
        <ele>1254.000</ele>
      </trkpt>
      <trkpt lat="46.386100000" lon="6.044760000">
        <ele>1253.000</ele>
      </trkpt>
      <trkpt lat="46.386270000" lon="6.044820000">
        <ele>1252.000</ele>
      </trkpt>
      <trkpt lat="46.386340000" lon="6.044860000">
        <ele>1252.000</ele>
      </trkpt>
      <trkpt lat="46.386400000" lon="6.044900000">
        <ele>1251.000</ele>
      </trkpt>
      <trkpt lat="46.386450000" lon="6.044940000">
        <ele>1251.000</ele>
      </trkpt>
      <trkpt lat="46.386510000" lon="6.045000000">
        <ele>1250.000</ele>
      </trkpt>
      <trkpt lat="46.386770000" lon="6.045340000">
        <ele>1249.000</ele>
      </trkpt>
      <trkpt lat="46.386830000" lon="6.045410000">
        <ele>1249.000</ele>
      </trkpt>
      <trkpt lat="46.386870000" lon="6.045440000">
        <ele>1248.000</ele>
      </trkpt>
      <trkpt lat="46.386900000" lon="6.045460000">
        <ele>1248.000</ele>
      </trkpt>
      <trkpt lat="46.386940000" lon="6.045470000">
        <ele>1247.000</ele>
      </trkpt>
      <trkpt lat="46.386970000" lon="6.045470000">
        <ele>1247.000</ele>
      </trkpt>
      <trkpt lat="46.387000000" lon="6.045460000">
        <ele>1247.000</ele>
      </trkpt>
      <trkpt lat="46.387020000" lon="6.045450000">
        <ele>1247.000</ele>
      </trkpt>
      <trkpt lat="46.387040000" lon="6.045430000">
        <ele>1247.000</ele>
      </trkpt>
      <trkpt lat="46.387060000" lon="6.045400000">
        <ele>1247.000</ele>
      </trkpt>
      <trkpt lat="46.387070000" lon="6.045360000">
        <ele>1246.000</ele>
      </trkpt>
      <trkpt lat="46.387080000" lon="6.045320000">
        <ele>1246.000</ele>
      </trkpt>
      <trkpt lat="46.387080000" lon="6.045280000">
        <ele>1246.000</ele>
      </trkpt>
      <trkpt lat="46.387080000" lon="6.045250000">
        <ele>1246.000</ele>
      </trkpt>
      <trkpt lat="46.387080000" lon="6.045210000">
        <ele>1246.000</ele>
      </trkpt>
      <trkpt lat="46.387060000" lon="6.045180000">
        <ele>1246.000</ele>
      </trkpt>
      <trkpt lat="46.387050000" lon="6.045150000">
        <ele>1246.000</ele>
      </trkpt>
      <trkpt lat="46.387030000" lon="6.045130000">
        <ele>1246.000</ele>
      </trkpt>
      <trkpt lat="46.386970000" lon="6.045050000">
        <ele>1245.000</ele>
      </trkpt>
      <trkpt lat="46.386870000" lon="6.044910000">
        <ele>1245.000</ele>
      </trkpt>
      <trkpt lat="46.386720000" lon="6.044640000">
        <ele>1245.000</ele>
      </trkpt>
      <trkpt lat="46.386660000" lon="6.044560000">
        <ele>1244.000</ele>
      </trkpt>
      <trkpt lat="46.386620000" lon="6.044520000">
        <ele>1244.000</ele>
      </trkpt>
      <trkpt lat="46.386570000" lon="6.044460000">
        <ele>1244.000</ele>
      </trkpt>
      <trkpt lat="46.386360000" lon="6.044280000">
        <ele>1243.000</ele>
      </trkpt>
      <trkpt lat="46.386160000" lon="6.044120000">
        <ele>1242.000</ele>
      </trkpt>
      <trkpt lat="46.386080000" lon="6.044040000">
        <ele>1242.000</ele>
      </trkpt>
      <trkpt lat="46.386010000" lon="6.043970000">
        <ele>1241.000</ele>
      </trkpt>
      <trkpt lat="46.385960000" lon="6.043920000">
        <ele>1241.000</ele>
      </trkpt>
      <trkpt lat="46.385930000" lon="6.043880000">
        <ele>1241.000</ele>
      </trkpt>
      <trkpt lat="46.385900000" lon="6.043840000">
        <ele>1240.000</ele>
      </trkpt>
      <trkpt lat="46.385840000" lon="6.043740000">
        <ele>1240.000</ele>
      </trkpt>
      <trkpt lat="46.385760000" lon="6.043580000">
        <ele>1239.000</ele>
      </trkpt>
      <trkpt lat="46.385670000" lon="6.043390000">
        <ele>1238.000</ele>
      </trkpt>
      <trkpt lat="46.385650000" lon="6.043330000">
        <ele>1237.000</ele>
      </trkpt>
      <trkpt lat="46.385620000" lon="6.043290000">
        <ele>1236.000</ele>
      </trkpt>
      <trkpt lat="46.385600000" lon="6.043260000">
        <ele>1236.000</ele>
      </trkpt>
      <trkpt lat="46.385560000" lon="6.043210000">
        <ele>1235.000</ele>
      </trkpt>
      <trkpt lat="46.385530000" lon="6.043170000">
        <ele>1235.000</ele>
      </trkpt>
      <trkpt lat="46.385490000" lon="6.043150000">
        <ele>1234.000</ele>
      </trkpt>
      <trkpt lat="46.385440000" lon="6.043120000">
        <ele>1234.000</ele>
      </trkpt>
      <trkpt lat="46.385230000" lon="6.043030000">
        <ele>1233.000</ele>
      </trkpt>
      <trkpt lat="46.385130000" lon="6.042980000">
        <ele>1232.000</ele>
      </trkpt>
      <trkpt lat="46.385080000" lon="6.042940000">
        <ele>1231.000</ele>
      </trkpt>
      <trkpt lat="46.385020000" lon="6.042890000">
        <ele>1230.000</ele>
      </trkpt>
      <trkpt lat="46.384990000" lon="6.042840000">
        <ele>1229.000</ele>
      </trkpt>
      <trkpt lat="46.384940000" lon="6.042780000">
        <ele>1229.000</ele>
      </trkpt>
      <trkpt lat="46.384880000" lon="6.042700000">
        <ele>1228.000</ele>
      </trkpt>
      <trkpt lat="46.384810000" lon="6.042550000">
        <ele>1227.000</ele>
      </trkpt>
      <trkpt lat="46.384680000" lon="6.042280000">
        <ele>1226.000</ele>
      </trkpt>
      <trkpt lat="46.384660000" lon="6.042230000">
        <ele>1225.000</ele>
      </trkpt>
      <trkpt lat="46.384620000" lon="6.042180000">
        <ele>1225.000</ele>
      </trkpt>
      <trkpt lat="46.384590000" lon="6.042150000">
        <ele>1224.000</ele>
      </trkpt>
      <trkpt lat="46.384560000" lon="6.042110000">
        <ele>1224.000</ele>
      </trkpt>
      <trkpt lat="46.384540000" lon="6.042080000">
        <ele>1223.000</ele>
      </trkpt>
      <trkpt lat="46.384500000" lon="6.042040000">
        <ele>1223.000</ele>
      </trkpt>
      <trkpt lat="46.384440000" lon="6.041990000">
        <ele>1223.000</ele>
      </trkpt>
      <trkpt lat="46.384340000" lon="6.041930000">
        <ele>1223.000</ele>
      </trkpt>
      <trkpt lat="46.384110000" lon="6.041780000">
        <ele>1222.000</ele>
      </trkpt>
      <trkpt lat="46.383760000" lon="6.041560000">
        <ele>1222.000</ele>
      </trkpt>
      <trkpt lat="46.383480000" lon="6.041390000">
        <ele>1221.000</ele>
      </trkpt>
      <trkpt lat="46.383170000" lon="6.041200000">
        <ele>1220.000</ele>
      </trkpt>
      <trkpt lat="46.382810000" lon="6.040960000">
        <ele>1219.000</ele>
      </trkpt>
      <trkpt lat="46.382590000" lon="6.040800000">
        <ele>1218.000</ele>
      </trkpt>
      <trkpt lat="46.382510000" lon="6.040740000">
        <ele>1217.000</ele>
      </trkpt>
      <trkpt lat="46.382450000" lon="6.040690000">
        <ele>1216.000</ele>
      </trkpt>
      <trkpt lat="46.382370000" lon="6.040610000">
        <ele>1215.000</ele>
      </trkpt>
      <trkpt lat="46.382290000" lon="6.040520000">
        <ele>1215.000</ele>
      </trkpt>
      <trkpt lat="46.382230000" lon="6.040440000">
        <ele>1214.000</ele>
      </trkpt>
      <trkpt lat="46.382180000" lon="6.040370000">
        <ele>1213.000</ele>
      </trkpt>
      <trkpt lat="46.382140000" lon="6.040280000">
        <ele>1213.000</ele>
      </trkpt>
      <trkpt lat="46.382080000" lon="6.040190000">
        <ele>1212.000</ele>
      </trkpt>
      <trkpt lat="46.382050000" lon="6.040130000">
        <ele>1212.000</ele>
      </trkpt>
      <trkpt lat="46.382020000" lon="6.040090000">
        <ele>1211.000</ele>
      </trkpt>
      <trkpt lat="46.382000000" lon="6.040070000">
        <ele>1211.000</ele>
      </trkpt>
      <trkpt lat="46.381980000" lon="6.040040000">
        <ele>1211.000</ele>
      </trkpt>
      <trkpt lat="46.381950000" lon="6.040010000">
        <ele>1210.000</ele>
      </trkpt>
      <trkpt lat="46.381930000" lon="6.040000000">
        <ele>1210.000</ele>
      </trkpt>
      <trkpt lat="46.381480000" lon="6.039720000">
        <ele>1209.000</ele>
      </trkpt>
      <trkpt lat="46.381410000" lon="6.039680000">
        <ele>1208.000</ele>
      </trkpt>
      <trkpt lat="46.381370000" lon="6.039670000">
        <ele>1207.000</ele>
      </trkpt>
      <trkpt lat="46.381330000" lon="6.039650000">
        <ele>1206.000</ele>
      </trkpt>
      <trkpt lat="46.381270000" lon="6.039630000">
        <ele>1206.000</ele>
      </trkpt>
      <trkpt lat="46.381210000" lon="6.039620000">
        <ele>1205.000</ele>
      </trkpt>
      <trkpt lat="46.381060000" lon="6.039590000">
        <ele>1204.000</ele>
      </trkpt>
      <trkpt lat="46.381020000" lon="6.039580000">
        <ele>1203.000</ele>
      </trkpt>
      <trkpt lat="46.380990000" lon="6.039570000">
        <ele>1203.000</ele>
      </trkpt>
      <trkpt lat="46.380970000" lon="6.039560000">
        <ele>1202.000</ele>
      </trkpt>
      <trkpt lat="46.380940000" lon="6.039540000">
        <ele>1202.000</ele>
      </trkpt>
      <trkpt lat="46.380910000" lon="6.039520000">
        <ele>1201.000</ele>
      </trkpt>
      <trkpt lat="46.380880000" lon="6.039490000">
        <ele>1201.000</ele>
      </trkpt>
      <trkpt lat="46.380850000" lon="6.039470000">
        <ele>1201.000</ele>
      </trkpt>
      <trkpt lat="46.380810000" lon="6.039430000">
        <ele>1200.000</ele>
      </trkpt>
      <trkpt lat="46.380780000" lon="6.039390000">
        <ele>1200.000</ele>
      </trkpt>
      <trkpt lat="46.380750000" lon="6.039340000">
        <ele>1199.000</ele>
      </trkpt>
      <trkpt lat="46.380720000" lon="6.039310000">
        <ele>1199.000</ele>
      </trkpt>
      <trkpt lat="46.380700000" lon="6.039270000">
        <ele>1199.000</ele>
      </trkpt>
      <trkpt lat="46.380670000" lon="6.039180000">
        <ele>1198.000</ele>
      </trkpt>
      <trkpt lat="46.380630000" lon="6.039080000">
        <ele>1198.000</ele>
      </trkpt>
      <trkpt lat="46.380600000" lon="6.038990000">
        <ele>1197.000</ele>
      </trkpt>
      <trkpt lat="46.380570000" lon="6.038870000">
        <ele>1196.000</ele>
      </trkpt>
      <trkpt lat="46.380550000" lon="6.038710000">
        <ele>1195.000</ele>
      </trkpt>
      <trkpt lat="46.380520000" lon="6.038580000">
        <ele>1195.000</ele>
      </trkpt>
      <trkpt lat="46.380510000" lon="6.038520000">
        <ele>1194.000</ele>
      </trkpt>
      <trkpt lat="46.380500000" lon="6.038480000">
        <ele>1193.000</ele>
      </trkpt>
      <trkpt lat="46.380490000" lon="6.038450000">
        <ele>1193.000</ele>
      </trkpt>
      <trkpt lat="46.380470000" lon="6.038410000">
        <ele>1192.000</ele>
      </trkpt>
      <trkpt lat="46.380450000" lon="6.038360000">
        <ele>1192.000</ele>
      </trkpt>
      <trkpt lat="46.380370000" lon="6.038220000">
        <ele>1191.000</ele>
      </trkpt>
      <trkpt lat="46.380150000" lon="6.037840000">
        <ele>1190.000</ele>
      </trkpt>
      <trkpt lat="46.380110000" lon="6.037750000">
        <ele>1188.000</ele>
      </trkpt>
      <trkpt lat="46.380090000" lon="6.037670000">
        <ele>1187.000</ele>
      </trkpt>
      <trkpt lat="46.380060000" lon="6.037600000">
        <ele>1186.000</ele>
      </trkpt>
      <trkpt lat="46.380050000" lon="6.037550000">
        <ele>1186.000</ele>
      </trkpt>
      <trkpt lat="46.380040000" lon="6.037510000">
        <ele>1185.000</ele>
      </trkpt>
      <trkpt lat="46.380040000" lon="6.037470000">
        <ele>1185.000</ele>
      </trkpt>
      <trkpt lat="46.380040000" lon="6.037420000">
        <ele>1185.000</ele>
      </trkpt>
      <trkpt lat="46.380050000" lon="6.037370000">
        <ele>1184.000</ele>
      </trkpt>
      <trkpt lat="46.380070000" lon="6.037290000">
        <ele>1184.000</ele>
      </trkpt>
      <trkpt lat="46.380120000" lon="6.037170000">
        <ele>1184.000</ele>
      </trkpt>
      <trkpt lat="46.380170000" lon="6.037030000">
        <ele>1183.000</ele>
      </trkpt>
      <trkpt lat="46.380200000" lon="6.036920000">
        <ele>1183.000</ele>
      </trkpt>
      <trkpt lat="46.380210000" lon="6.036870000">
        <ele>1182.000</ele>
      </trkpt>
      <trkpt lat="46.380210000" lon="6.036830000">
        <ele>1182.000</ele>
      </trkpt>
      <trkpt lat="46.380210000" lon="6.036780000">
        <ele>1182.000</ele>
      </trkpt>
      <trkpt lat="46.380200000" lon="6.036740000">
        <ele>1182.000</ele>
      </trkpt>
      <trkpt lat="46.380170000" lon="6.036590000">
        <ele>1181.000</ele>
      </trkpt>
      <trkpt lat="46.379930000" lon="6.035770000">
        <ele>1180.000</ele>
      </trkpt>
      <trkpt lat="46.379910000" lon="6.035710000">
        <ele>1179.000</ele>
      </trkpt>
      <trkpt lat="46.379870000" lon="6.035660000">
        <ele>1178.000</ele>
      </trkpt>
      <trkpt lat="46.379820000" lon="6.035610000">
        <ele>1177.000</ele>
      </trkpt>
      <trkpt lat="46.379780000" lon="6.035580000">
        <ele>1177.000</ele>
      </trkpt>
      <trkpt lat="46.379700000" lon="6.035530000">
        <ele>1176.000</ele>
      </trkpt>
      <trkpt lat="46.379620000" lon="6.035490000">
        <ele>1176.000</ele>
      </trkpt>
      <trkpt lat="46.379540000" lon="6.035430000">
        <ele>1175.000</ele>
      </trkpt>
      <trkpt lat="46.379480000" lon="6.035370000">
        <ele>1174.000</ele>
      </trkpt>
      <trkpt lat="46.379390000" lon="6.035260000">
        <ele>1174.000</ele>
      </trkpt>
      <trkpt lat="46.379280000" lon="6.035100000">
        <ele>1173.000</ele>
      </trkpt>
      <trkpt lat="46.379190000" lon="6.034940000">
        <ele>1172.000</ele>
      </trkpt>
      <trkpt lat="46.379120000" lon="6.034800000">
        <ele>1172.000</ele>
      </trkpt>
      <trkpt lat="46.379080000" lon="6.034690000">
        <ele>1171.000</ele>
      </trkpt>
      <trkpt lat="46.379040000" lon="6.034600000">
        <ele>1170.000</ele>
      </trkpt>
      <trkpt lat="46.378990000" lon="6.034470000">
        <ele>1170.000</ele>
      </trkpt>
      <trkpt lat="46.378950000" lon="6.034410000">
        <ele>1169.000</ele>
      </trkpt>
      <trkpt lat="46.378910000" lon="6.034340000">
        <ele>1169.000</ele>
      </trkpt>
      <trkpt lat="46.378750000" lon="6.034110000">
        <ele>1168.000</ele>
      </trkpt>
      <trkpt lat="46.378700000" lon="6.034020000">
        <ele>1167.000</ele>
      </trkpt>
      <trkpt lat="46.378660000" lon="6.033950000">
        <ele>1167.000</ele>
      </trkpt>
      <trkpt lat="46.378640000" lon="6.033880000">
        <ele>1166.000</ele>
      </trkpt>
      <trkpt lat="46.378620000" lon="6.033820000">
        <ele>1166.000</ele>
      </trkpt>
      <trkpt lat="46.378610000" lon="6.033760000">
        <ele>1166.000</ele>
      </trkpt>
      <trkpt lat="46.378590000" lon="6.033670000">
        <ele>1165.000</ele>
      </trkpt>
      <trkpt lat="46.378590000" lon="6.033580000">
        <ele>1165.000</ele>
      </trkpt>
      <trkpt lat="46.378580000" lon="6.033220000">
        <ele>1164.000</ele>
      </trkpt>
      <trkpt lat="46.378570000" lon="6.032180000">
        <ele>1161.000</ele>
      </trkpt>
      <trkpt lat="46.378550000" lon="6.032110000">
        <ele>1159.000</ele>
      </trkpt>
      <trkpt lat="46.377650000" lon="6.030240000">
        <ele>1153.000</ele>
      </trkpt>
      <trkpt lat="46.377580000" lon="6.030080000">
        <ele>1149.000</ele>
      </trkpt>
      <trkpt lat="46.377500000" lon="6.029990000">
        <ele>1146.000</ele>
      </trkpt>
      <trkpt lat="46.377410000" lon="6.029920000">
        <ele>1143.000</ele>
      </trkpt>
      <trkpt lat="46.377280000" lon="6.029830000">
        <ele>1141.000</ele>
      </trkpt>
      <trkpt lat="46.377210000" lon="6.029770000">
        <ele>1140.000</ele>
      </trkpt>
      <trkpt lat="46.377160000" lon="6.029720000">
        <ele>1139.000</ele>
      </trkpt>
      <trkpt lat="46.377120000" lon="6.029660000">
        <ele>1138.000</ele>
      </trkpt>
      <trkpt lat="46.377080000" lon="6.029610000">
        <ele>1137.000</ele>
      </trkpt>
      <trkpt lat="46.377050000" lon="6.029550000">
        <ele>1136.000</ele>
      </trkpt>
      <trkpt lat="46.377030000" lon="6.029490000">
        <ele>1136.000</ele>
      </trkpt>
      <trkpt lat="46.376930000" lon="6.029200000">
        <ele>1135.000</ele>
      </trkpt>
      <trkpt lat="46.376740000" lon="6.028620000">
        <ele>1133.000</ele>
      </trkpt>
      <trkpt lat="46.376590000" lon="6.028250000">
        <ele>1130.000</ele>
      </trkpt>
      <trkpt lat="46.376410000" lon="6.027880000">
        <ele>1128.000</ele>
      </trkpt>
      <trkpt lat="46.376370000" lon="6.027800000">
        <ele>1127.000</ele>
      </trkpt>
      <trkpt lat="46.376210000" lon="6.027550000">
        <ele>1125.000</ele>
      </trkpt>
      <trkpt lat="46.375960000" lon="6.027200000">
        <ele>1124.000</ele>
      </trkpt>
      <trkpt lat="46.375850000" lon="6.027020000">
        <ele>1123.000</ele>
      </trkpt>
      <trkpt lat="46.375810000" lon="6.026950000">
        <ele>1122.000</ele>
      </trkpt>
      <trkpt lat="46.375780000" lon="6.026900000">
        <ele>1122.000</ele>
      </trkpt>
      <trkpt lat="46.375760000" lon="6.026840000">
        <ele>1121.000</ele>
      </trkpt>
      <trkpt lat="46.375740000" lon="6.026790000">
        <ele>1121.000</ele>
      </trkpt>
      <trkpt lat="46.375730000" lon="6.026720000">
        <ele>1121.000</ele>
      </trkpt>
      <trkpt lat="46.375720000" lon="6.026620000">
        <ele>1120.000</ele>
      </trkpt>
      <trkpt lat="46.375720000" lon="6.026370000">
        <ele>1120.000</ele>
      </trkpt>
      <trkpt lat="46.375710000" lon="6.026290000">
        <ele>1120.000</ele>
      </trkpt>
      <trkpt lat="46.375700000" lon="6.026220000">
        <ele>1120.000</ele>
      </trkpt>
      <trkpt lat="46.375690000" lon="6.026160000">
        <ele>1119.000</ele>
      </trkpt>
      <trkpt lat="46.375660000" lon="6.026060000">
        <ele>1119.000</ele>
      </trkpt>
      <trkpt lat="46.375550000" lon="6.025770000">
        <ele>1119.000</ele>
      </trkpt>
      <trkpt lat="46.375500000" lon="6.025570000">
        <ele>1118.000</ele>
      </trkpt>
      <trkpt lat="46.375420000" lon="6.025230000">
        <ele>1118.000</ele>
      </trkpt>
      <trkpt lat="46.375390000" lon="6.025140000">
        <ele>1117.000</ele>
      </trkpt>
      <trkpt lat="46.375360000" lon="6.025050000">
        <ele>1117.000</ele>
      </trkpt>
      <trkpt lat="46.375330000" lon="6.025000000">
        <ele>1116.000</ele>
      </trkpt>
      <trkpt lat="46.375300000" lon="6.024920000">
        <ele>1116.000</ele>
      </trkpt>
      <trkpt lat="46.375230000" lon="6.024790000">
        <ele>1116.000</ele>
      </trkpt>
      <trkpt lat="46.375190000" lon="6.024690000">
        <ele>1115.000</ele>
      </trkpt>
      <trkpt lat="46.375150000" lon="6.024600000">
        <ele>1115.000</ele>
      </trkpt>
      <trkpt lat="46.375130000" lon="6.024530000">
        <ele>1114.000</ele>
      </trkpt>
      <trkpt lat="46.375120000" lon="6.024450000">
        <ele>1114.000</ele>
      </trkpt>
      <trkpt lat="46.375050000" lon="6.024010000">
        <ele>1113.000</ele>
      </trkpt>
      <trkpt lat="46.375020000" lon="6.023890000">
        <ele>1113.000</ele>
      </trkpt>
      <trkpt lat="46.374870000" lon="6.023420000">
        <ele>1112.000</ele>
      </trkpt>
      <trkpt lat="46.374740000" lon="6.022940000">
        <ele>1111.000</ele>
      </trkpt>
      <trkpt lat="46.374680000" lon="6.022730000">
        <ele>1110.000</ele>
      </trkpt>
      <trkpt lat="46.374560000" lon="6.022380000">
        <ele>1108.000</ele>
      </trkpt>
      <trkpt lat="46.374530000" lon="6.022290000">
        <ele>1107.000</ele>
      </trkpt>
      <trkpt lat="46.374490000" lon="6.022200000">
        <ele>1107.000</ele>
      </trkpt>
      <trkpt lat="46.374410000" lon="6.022070000">
        <ele>1106.000</ele>
      </trkpt>
      <trkpt lat="46.374350000" lon="6.021930000">
        <ele>1105.000</ele>
      </trkpt>
      <trkpt lat="46.374190000" lon="6.021440000">
        <ele>1104.000</ele>
      </trkpt>
      <trkpt lat="46.374060000" lon="6.021140000">
        <ele>1102.000</ele>
      </trkpt>
      <trkpt lat="46.374030000" lon="6.021050000">
        <ele>1101.000</ele>
      </trkpt>
      <trkpt lat="46.374020000" lon="6.020970000">
        <ele>1101.000</ele>
      </trkpt>
      <trkpt lat="46.374010000" lon="6.020860000">
        <ele>1100.000</ele>
      </trkpt>
      <trkpt lat="46.374000000" lon="6.020610000">
        <ele>1099.000</ele>
      </trkpt>
      <trkpt lat="46.373990000" lon="6.020430000">
        <ele>1098.000</ele>
      </trkpt>
      <trkpt lat="46.373970000" lon="6.020300000">
        <ele>1098.000</ele>
      </trkpt>
      <trkpt lat="46.373960000" lon="6.020220000">
        <ele>1097.000</ele>
      </trkpt>
      <trkpt lat="46.373940000" lon="6.020130000">
        <ele>1097.000</ele>
      </trkpt>
      <trkpt lat="46.373900000" lon="6.020040000">
        <ele>1096.000</ele>
      </trkpt>
      <trkpt lat="46.373850000" lon="6.019910000">
        <ele>1096.000</ele>
      </trkpt>
      <trkpt lat="46.373560000" lon="6.019310000">
        <ele>1095.000</ele>
      </trkpt>
      <trkpt lat="46.373530000" lon="6.019240000">
        <ele>1094.000</ele>
      </trkpt>
      <trkpt lat="46.373470000" lon="6.019030000">
        <ele>1093.000</ele>
      </trkpt>
      <trkpt lat="46.373430000" lon="6.018870000">
        <ele>1092.000</ele>
      </trkpt>
      <trkpt lat="46.373380000" lon="6.018700000">
        <ele>1091.000</ele>
      </trkpt>
      <trkpt lat="46.373320000" lon="6.018530000">
        <ele>1090.000</ele>
      </trkpt>
      <trkpt lat="46.373090000" lon="6.017920000">
        <ele>1089.000</ele>
      </trkpt>
      <trkpt lat="46.372950000" lon="6.017480000">
        <ele>1088.000</ele>
      </trkpt>
      <trkpt lat="46.372840000" lon="6.017120000">
        <ele>1087.000</ele>
      </trkpt>
      <trkpt lat="46.372820000" lon="6.017080000">
        <ele>1087.000</ele>
      </trkpt>
      <trkpt lat="46.372820000" lon="6.017080000">
        <ele>1086.000</ele>
      </trkpt>
      <trkpt lat="46.372780000" lon="6.016940000">
        <ele>1086.000</ele>
      </trkpt>
      <trkpt lat="46.372630000" lon="6.016430000">
        <ele>1086.000</ele>
      </trkpt>
      <trkpt lat="46.372460000" lon="6.015800000">
        <ele>1085.000</ele>
      </trkpt>
      <trkpt lat="46.372330000" lon="6.015390000">
        <ele>1085.000</ele>
      </trkpt>
      <trkpt lat="46.372280000" lon="6.015230000">
        <ele>1084.000</ele>
      </trkpt>
      <trkpt lat="46.372260000" lon="6.015160000">
        <ele>1083.000</ele>
      </trkpt>
      <trkpt lat="46.372240000" lon="6.015110000">
        <ele>1083.000</ele>
      </trkpt>
      <trkpt lat="46.372220000" lon="6.015050000">
        <ele>1083.000</ele>
      </trkpt>
      <trkpt lat="46.372110000" lon="6.014860000">
        <ele>1082.000</ele>
      </trkpt>
      <trkpt lat="46.371730000" lon="6.014320000">
        <ele>1081.000</ele>
      </trkpt>
      <trkpt lat="46.371610000" lon="6.014140000">
        <ele>1080.000</ele>
      </trkpt>
      <trkpt lat="46.371540000" lon="6.014010000">
        <ele>1079.000</ele>
      </trkpt>
      <trkpt lat="46.371490000" lon="6.013890000">
        <ele>1078.000</ele>
      </trkpt>
      <trkpt lat="46.371300000" lon="6.013230000">
        <ele>1076.000</ele>
      </trkpt>
      <trkpt lat="46.371230000" lon="6.013020000">
        <ele>1075.000</ele>
      </trkpt>
      <trkpt lat="46.371140000" lon="6.012790000">
        <ele>1074.000</ele>
      </trkpt>
      <trkpt lat="46.371090000" lon="6.012640000">
        <ele>1073.000</ele>
      </trkpt>
      <trkpt lat="46.371030000" lon="6.012510000">
        <ele>1072.000</ele>
      </trkpt>
      <trkpt lat="46.370920000" lon="6.012310000">
        <ele>1070.000</ele>
      </trkpt>
      <trkpt lat="46.370750000" lon="6.012040000">
        <ele>1069.000</ele>
      </trkpt>
      <trkpt lat="46.370690000" lon="6.011940000">
        <ele>1068.000</ele>
      </trkpt>
      <trkpt lat="46.370650000" lon="6.011840000">
        <ele>1067.000</ele>
      </trkpt>
      <trkpt lat="46.370620000" lon="6.011720000">
        <ele>1066.000</ele>
      </trkpt>
      <trkpt lat="46.370590000" lon="6.011620000">
        <ele>1065.000</ele>
      </trkpt>
      <trkpt lat="46.370580000" lon="6.011550000">
        <ele>1065.000</ele>
      </trkpt>
      <trkpt lat="46.370570000" lon="6.011500000">
        <ele>1064.000</ele>
      </trkpt>
      <trkpt lat="46.370570000" lon="6.011410000">
        <ele>1064.000</ele>
      </trkpt>
      <trkpt lat="46.370560000" lon="6.011190000">
        <ele>1063.000</ele>
      </trkpt>
      <trkpt lat="46.370560000" lon="6.011030000">
        <ele>1062.000</ele>
      </trkpt>
      <trkpt lat="46.370550000" lon="6.010920000">
        <ele>1062.000</ele>
      </trkpt>
      <trkpt lat="46.370530000" lon="6.010820000">
        <ele>1061.000</ele>
      </trkpt>
      <trkpt lat="46.370500000" lon="6.010720000">
        <ele>1061.000</ele>
      </trkpt>
      <trkpt lat="46.370460000" lon="6.010610000">
        <ele>1061.000</ele>
      </trkpt>
      <trkpt lat="46.370400000" lon="6.010440000">
        <ele>1061.000</ele>
      </trkpt>
      <trkpt lat="46.370380000" lon="6.010370000">
        <ele>1061.000</ele>
      </trkpt>
      <trkpt lat="46.370360000" lon="6.010300000">
        <ele>1061.000</ele>
      </trkpt>
      <trkpt lat="46.370340000" lon="6.010210000">
        <ele>1061.000</ele>
      </trkpt>
      <trkpt lat="46.370330000" lon="6.010120000">
        <ele>1061.000</ele>
      </trkpt>
      <trkpt lat="46.370320000" lon="6.010000000">
        <ele>1061.000</ele>
      </trkpt>
      <trkpt lat="46.370320000" lon="6.009620000">
        <ele>1061.000</ele>
      </trkpt>
      <trkpt lat="46.370310000" lon="6.009460000">
        <ele>1061.000</ele>
      </trkpt>
      <trkpt lat="46.370280000" lon="6.009240000">
        <ele>1061.000</ele>
      </trkpt>
      <trkpt lat="46.370230000" lon="6.008990000">
        <ele>1061.000</ele>
      </trkpt>
      <trkpt lat="46.370180000" lon="6.008830000">
        <ele>1061.000</ele>
      </trkpt>
      <trkpt lat="46.370130000" lon="6.008690000">
        <ele>1061.000</ele>
      </trkpt>
      <trkpt lat="46.370070000" lon="6.008550000">
        <ele>1061.000</ele>
      </trkpt>
      <trkpt lat="46.369970000" lon="6.008390000">
        <ele>1061.000</ele>
      </trkpt>
      <trkpt lat="46.369910000" lon="6.008320000">
        <ele>1060.000</ele>
      </trkpt>
      <trkpt lat="46.369840000" lon="6.008250000">
        <ele>1060.000</ele>
      </trkpt>
      <trkpt lat="46.369790000" lon="6.008210000">
        <ele>1060.000</ele>
      </trkpt>
      <trkpt lat="46.369650000" lon="6.008150000">
        <ele>1060.000</ele>
      </trkpt>
      <trkpt lat="46.369590000" lon="6.008130000">
        <ele>1059.000</ele>
      </trkpt>
      <trkpt lat="46.369560000" lon="6.008110000">
        <ele>1059.000</ele>
      </trkpt>
      <trkpt lat="46.369520000" lon="6.008080000">
        <ele>1059.000</ele>
      </trkpt>
      <trkpt lat="46.369480000" lon="6.008040000">
        <ele>1059.000</ele>
      </trkpt>
      <trkpt lat="46.369450000" lon="6.008000000">
        <ele>1058.000</ele>
      </trkpt>
      <trkpt lat="46.369430000" lon="6.007960000">
        <ele>1058.000</ele>
      </trkpt>
      <trkpt lat="46.369410000" lon="6.007910000">
        <ele>1058.000</ele>
      </trkpt>
      <trkpt lat="46.369370000" lon="6.007810000">
        <ele>1058.000</ele>
      </trkpt>
      <trkpt lat="46.369330000" lon="6.007680000">
        <ele>1057.000</ele>
      </trkpt>
      <trkpt lat="46.369230000" lon="6.007320000">
        <ele>1057.000</ele>
      </trkpt>
      <trkpt lat="46.368950000" lon="6.006630000">
        <ele>1056.000</ele>
      </trkpt>
      <trkpt lat="46.368840000" lon="6.006010000">
        <ele>1054.000</ele>
      </trkpt>
      <trkpt lat="46.368710000" lon="6.005440000">
        <ele>1052.000</ele>
      </trkpt>
      <trkpt lat="46.368580000" lon="6.004890000">
        <ele>1048.000</ele>
      </trkpt>
      <trkpt lat="46.368500000" lon="6.004660000">
        <ele>1045.000</ele>
      </trkpt>
      <trkpt lat="46.368450000" lon="6.004480000">
        <ele>1042.000</ele>
      </trkpt>
      <trkpt lat="46.368290000" lon="6.003840000">
        <ele>1038.000</ele>
      </trkpt>
      <trkpt lat="46.368250000" lon="6.003670000">
        <ele>1035.000</ele>
      </trkpt>
      <trkpt lat="46.368230000" lon="6.003540000">
        <ele>1032.000</ele>
      </trkpt>
      <trkpt lat="46.368220000" lon="6.003430000">
        <ele>1031.000</ele>
      </trkpt>
      <trkpt lat="46.368200000" lon="6.003300000">
        <ele>1029.000</ele>
      </trkpt>
      <trkpt lat="46.368200000" lon="6.003160000">
        <ele>1028.000</ele>
      </trkpt>
      <trkpt lat="46.368200000" lon="6.003090000">
        <ele>1027.000</ele>
      </trkpt>
      <trkpt lat="46.368220000" lon="6.002980000">
        <ele>1027.000</ele>
      </trkpt>
      <trkpt lat="46.368250000" lon="6.002840000">
        <ele>1026.000</ele>
      </trkpt>
      <trkpt lat="46.368400000" lon="6.002470000">
        <ele>1025.000</ele>
      </trkpt>
      <trkpt lat="46.368460000" lon="6.002280000">
        <ele>1024.000</ele>
      </trkpt>
      <trkpt lat="46.368480000" lon="6.002180000">
        <ele>1023.000</ele>
      </trkpt>
      <trkpt lat="46.368490000" lon="6.002070000">
        <ele>1023.000</ele>
      </trkpt>
      <trkpt lat="46.368490000" lon="6.001990000">
        <ele>1022.000</ele>
      </trkpt>
      <trkpt lat="46.368460000" lon="6.001560000">
        <ele>1021.000</ele>
      </trkpt>
      <trkpt lat="46.368430000" lon="6.001310000">
        <ele>1020.000</ele>
      </trkpt>
      <trkpt lat="46.368240000" lon="6.000420000">
        <ele>1018.000</ele>
      </trkpt>
      <trkpt lat="46.368210000" lon="6.000220000">
        <ele>1016.000</ele>
      </trkpt>
      <trkpt lat="46.368180000" lon="6.000010000">
        <ele>1015.000</ele>
      </trkpt>
      <trkpt lat="46.368160000" lon="5.999910000">
        <ele>1013.000</ele>
      </trkpt>
      <trkpt lat="46.368140000" lon="5.999800000">
        <ele>1012.000</ele>
      </trkpt>
      <trkpt lat="46.368090000" lon="5.999560000">
        <ele>1011.000</ele>
      </trkpt>
      <trkpt lat="46.368070000" lon="5.999410000">
        <ele>1009.000</ele>
      </trkpt>
      <trkpt lat="46.368040000" lon="5.999090000">
        <ele>1007.000</ele>
      </trkpt>
      <trkpt lat="46.368030000" lon="5.998990000">
        <ele>1006.000</ele>
      </trkpt>
      <trkpt lat="46.368010000" lon="5.998930000">
        <ele>1005.000</ele>
      </trkpt>
      <trkpt lat="46.367980000" lon="5.998870000">
        <ele>1004.000</ele>
      </trkpt>
      <trkpt lat="46.367970000" lon="5.998840000">
        <ele>1003.000</ele>
      </trkpt>
      <trkpt lat="46.367940000" lon="5.998790000">
        <ele>1002.000</ele>
      </trkpt>
      <trkpt lat="46.367920000" lon="5.998760000">
        <ele>1002.000</ele>
      </trkpt>
      <trkpt lat="46.367860000" lon="5.998710000">
        <ele>1001.000</ele>
      </trkpt>
      <trkpt lat="46.367790000" lon="5.998660000">
        <ele>1001.000</ele>
      </trkpt>
      <trkpt lat="46.367510000" lon="5.998540000">
        <ele>999.000</ele>
      </trkpt>
      <trkpt lat="46.367420000" lon="5.998480000">
        <ele>998.000</ele>
      </trkpt>
      <trkpt lat="46.367330000" lon="5.998400000">
        <ele>996.000</ele>
      </trkpt>
      <trkpt lat="46.367260000" lon="5.998310000">
        <ele>995.000</ele>
      </trkpt>
      <trkpt lat="46.367220000" lon="5.998230000">
        <ele>995.000</ele>
      </trkpt>
      <trkpt lat="46.367160000" lon="5.998120000">
        <ele>994.000</ele>
      </trkpt>
      <trkpt lat="46.367140000" lon="5.998080000">
        <ele>994.000</ele>
      </trkpt>
      <trkpt lat="46.367090000" lon="5.997980000">
        <ele>994.000</ele>
      </trkpt>
      <trkpt lat="46.367020000" lon="5.997840000">
        <ele>994.000</ele>
      </trkpt>
      <trkpt lat="46.366980000" lon="5.997730000">
        <ele>994.000</ele>
      </trkpt>
      <trkpt lat="46.366950000" lon="5.997620000">
        <ele>994.000</ele>
      </trkpt>
      <trkpt lat="46.366840000" lon="5.997180000">
        <ele>994.000</ele>
      </trkpt>
      <trkpt lat="46.366810000" lon="5.997070000">
        <ele>994.000</ele>
      </trkpt>
      <trkpt lat="46.366780000" lon="5.996990000">
        <ele>994.000</ele>
      </trkpt>
      <trkpt lat="46.366750000" lon="5.996950000">
        <ele>994.000</ele>
      </trkpt>
      <trkpt lat="46.366730000" lon="5.996920000">
        <ele>994.000</ele>
      </trkpt>
      <trkpt lat="46.366550000" lon="5.996670000">
        <ele>994.000</ele>
      </trkpt>
      <trkpt lat="46.366330000" lon="5.996400000">
        <ele>994.000</ele>
      </trkpt>
      <trkpt lat="46.366240000" lon="5.996260000">
        <ele>994.000</ele>
      </trkpt>
      <trkpt lat="46.366300000" lon="5.996140000">
        <ele>994.000</ele>
      </trkpt>
      <trkpt lat="46.366320000" lon="5.996100000">
        <ele>994.000</ele>
      </trkpt>
      <trkpt lat="46.366450000" lon="5.995860000">
        <ele>994.000</ele>
      </trkpt>
      <trkpt lat="46.366520000" lon="5.995740000">
        <ele>993.000</ele>
      </trkpt>
      <trkpt lat="46.366660000" lon="5.995520000">
        <ele>993.000</ele>
      </trkpt>
      <trkpt lat="46.366670000" lon="5.995500000">
        <ele>992.000</ele>
      </trkpt>
      <trkpt lat="46.366690000" lon="5.995470000">
        <ele>992.000</ele>
      </trkpt>
      <trkpt lat="46.366730000" lon="5.995440000">
        <ele>992.000</ele>
      </trkpt>
      <trkpt lat="46.366770000" lon="5.995400000">
        <ele>991.000</ele>
      </trkpt>
      <trkpt lat="46.366930000" lon="5.995280000">
        <ele>991.000</ele>
      </trkpt>
      <trkpt lat="46.367000000" lon="5.995230000">
        <ele>991.000</ele>
      </trkpt>
      <trkpt lat="46.367080000" lon="5.995170000">
        <ele>990.000</ele>
      </trkpt>
      <trkpt lat="46.367210000" lon="5.995080000">
        <ele>990.000</ele>
      </trkpt>
      <trkpt lat="46.367270000" lon="5.995030000">
        <ele>989.000</ele>
      </trkpt>
      <trkpt lat="46.367360000" lon="5.994970000">
        <ele>989.000</ele>
      </trkpt>
      <trkpt lat="46.367400000" lon="5.994940000">
        <ele>989.000</ele>
      </trkpt>
      <trkpt lat="46.367430000" lon="5.994920000">
        <ele>988.000</ele>
      </trkpt>
      <trkpt lat="46.367500000" lon="5.994860000">
        <ele>988.000</ele>
      </trkpt>
      <trkpt lat="46.367550000" lon="5.994820000">
        <ele>988.000</ele>
      </trkpt>
      <trkpt lat="46.367630000" lon="5.994780000">
        <ele>987.000</ele>
      </trkpt>
      <trkpt lat="46.367670000" lon="5.994770000">
        <ele>987.000</ele>
      </trkpt>
      <trkpt lat="46.367720000" lon="5.994770000">
        <ele>987.000</ele>
      </trkpt>
      <trkpt lat="46.367750000" lon="5.994770000">
        <ele>987.000</ele>
      </trkpt>
      <trkpt lat="46.367790000" lon="5.994790000">
        <ele>987.000</ele>
      </trkpt>
      <trkpt lat="46.367840000" lon="5.994820000">
        <ele>988.000</ele>
      </trkpt>
      <trkpt lat="46.368280000" lon="5.995060000">
        <ele>990.000</ele>
      </trkpt>
      <trkpt lat="46.368510000" lon="5.995200000">
        <ele>992.000</ele>
      </trkpt>
      <trkpt lat="46.368680000" lon="5.995320000">
        <ele>994.000</ele>
      </trkpt>
      <trkpt lat="46.368840000" lon="5.995430000">
        <ele>996.000</ele>
      </trkpt>
      <trkpt lat="46.368930000" lon="5.995510000">
        <ele>997.000</ele>
      </trkpt>
      <trkpt lat="46.369000000" lon="5.995590000">
        <ele>999.000</ele>
      </trkpt>
      <trkpt lat="46.369080000" lon="5.995680000">
        <ele>1000.000</ele>
      </trkpt>
      <trkpt lat="46.369160000" lon="5.995790000">
        <ele>1001.000</ele>
      </trkpt>
      <trkpt lat="46.369340000" lon="5.996030000">
        <ele>1003.000</ele>
      </trkpt>
      <trkpt lat="46.369440000" lon="5.996160000">
        <ele>1004.000</ele>
      </trkpt>
      <trkpt lat="46.369540000" lon="5.996250000">
        <ele>1006.000</ele>
      </trkpt>
      <trkpt lat="46.369660000" lon="5.996380000">
        <ele>1007.000</ele>
      </trkpt>
      <trkpt lat="46.369750000" lon="5.996490000">
        <ele>1007.000</ele>
      </trkpt>
      <trkpt lat="46.369840000" lon="5.996600000">
        <ele>1008.000</ele>
      </trkpt>
      <trkpt lat="46.369920000" lon="5.996730000">
        <ele>1009.000</ele>
      </trkpt>
      <trkpt lat="46.370240000" lon="5.997230000">
        <ele>1010.000</ele>
      </trkpt>
      <trkpt lat="46.370320000" lon="5.997360000">
        <ele>1011.000</ele>
      </trkpt>
      <trkpt lat="46.370380000" lon="5.997460000">
        <ele>1012.000</ele>
      </trkpt>
      <trkpt lat="46.370440000" lon="5.997580000">
        <ele>1013.000</ele>
      </trkpt>
      <trkpt lat="46.370470000" lon="5.997660000">
        <ele>1013.000</ele>
      </trkpt>
      <trkpt lat="46.370490000" lon="5.997740000">
        <ele>1014.000</ele>
      </trkpt>
      <trkpt lat="46.370520000" lon="5.997830000">
        <ele>1014.000</ele>
      </trkpt>
      <trkpt lat="46.370560000" lon="5.997950000">
        <ele>1015.000</ele>
      </trkpt>
      <trkpt lat="46.370590000" lon="5.998060000">
        <ele>1015.000</ele>
      </trkpt>
      <trkpt lat="46.370610000" lon="5.998100000">
        <ele>1016.000</ele>
      </trkpt>
      <trkpt lat="46.370620000" lon="5.998140000">
        <ele>1016.000</ele>
      </trkpt>
      <trkpt lat="46.370650000" lon="5.998160000">
        <ele>1017.000</ele>
      </trkpt>
      <trkpt lat="46.370670000" lon="5.998170000">
        <ele>1017.000</ele>
      </trkpt>
      <trkpt lat="46.370690000" lon="5.998180000">
        <ele>1017.000</ele>
      </trkpt>
      <trkpt lat="46.370720000" lon="5.998180000">
        <ele>1018.000</ele>
      </trkpt>
      <trkpt lat="46.370740000" lon="5.998170000">
        <ele>1018.000</ele>
      </trkpt>
      <trkpt lat="46.370760000" lon="5.998160000">
        <ele>1018.000</ele>
      </trkpt>
      <trkpt lat="46.370780000" lon="5.998140000">
        <ele>1018.000</ele>
      </trkpt>
      <trkpt lat="46.370790000" lon="5.998110000">
        <ele>1019.000</ele>
      </trkpt>
      <trkpt lat="46.370800000" lon="5.998070000">
        <ele>1019.000</ele>
      </trkpt>
      <trkpt lat="46.370810000" lon="5.998030000">
        <ele>1019.000</ele>
      </trkpt>
      <trkpt lat="46.370800000" lon="5.997980000">
        <ele>1020.000</ele>
      </trkpt>
      <trkpt lat="46.370800000" lon="5.997950000">
        <ele>1020.000</ele>
      </trkpt>
      <trkpt lat="46.370790000" lon="5.997910000">
        <ele>1020.000</ele>
      </trkpt>
      <trkpt lat="46.370780000" lon="5.997890000">
        <ele>1020.000</ele>
      </trkpt>
      <trkpt lat="46.370760000" lon="5.997860000">
        <ele>1021.000</ele>
      </trkpt>
      <trkpt lat="46.370720000" lon="5.997800000">
        <ele>1021.000</ele>
      </trkpt>
      <trkpt lat="46.370620000" lon="5.997650000">
        <ele>1022.000</ele>
      </trkpt>
      <trkpt lat="46.370580000" lon="5.997570000">
        <ele>1023.000</ele>
      </trkpt>
      <trkpt lat="46.370510000" lon="5.997430000">
        <ele>1024.000</ele>
      </trkpt>
      <trkpt lat="46.370390000" lon="5.997100000">
        <ele>1025.000</ele>
      </trkpt>
      <trkpt lat="46.370100000" lon="5.996340000">
        <ele>1028.000</ele>
      </trkpt>
      <trkpt lat="46.369970000" lon="5.996030000">
        <ele>1031.000</ele>
      </trkpt>
      <trkpt lat="46.369790000" lon="5.995620000">
        <ele>1034.000</ele>
      </trkpt>
      <trkpt lat="46.369480000" lon="5.994970000">
        <ele>1037.000</ele>
      </trkpt>
      <trkpt lat="46.369280000" lon="5.994520000">
        <ele>1040.000</ele>
      </trkpt>
      <trkpt lat="46.369200000" lon="5.994320000">
        <ele>1042.000</ele>
      </trkpt>
      <trkpt lat="46.369070000" lon="5.994050000">
        <ele>1044.000</ele>
      </trkpt>
      <trkpt lat="46.368980000" lon="5.993810000">
        <ele>1046.000</ele>
      </trkpt>
      <trkpt lat="46.368830000" lon="5.993350000">
        <ele>1048.000</ele>
      </trkpt>
      <trkpt lat="46.368740000" lon="5.993140000">
        <ele>1049.000</ele>
      </trkpt>
      <trkpt lat="46.368440000" lon="5.992420000">
        <ele>1050.000</ele>
      </trkpt>
      <trkpt lat="46.368350000" lon="5.992150000">
        <ele>1051.000</ele>
      </trkpt>
      <trkpt lat="46.368270000" lon="5.991890000">
        <ele>1052.000</ele>
      </trkpt>
      <trkpt lat="46.368220000" lon="5.991690000">
        <ele>1053.000</ele>
      </trkpt>
      <trkpt lat="46.368170000" lon="5.991490000">
        <ele>1054.000</ele>
      </trkpt>
      <trkpt lat="46.368130000" lon="5.991230000">
        <ele>1055.000</ele>
      </trkpt>
      <trkpt lat="46.368090000" lon="5.991080000">
        <ele>1055.000</ele>
      </trkpt>
      <trkpt lat="46.368070000" lon="5.991000000">
        <ele>1055.000</ele>
      </trkpt>
      <trkpt lat="46.368020000" lon="5.990880000">
        <ele>1056.000</ele>
      </trkpt>
      <trkpt lat="46.367920000" lon="5.990620000">
        <ele>1056.000</ele>
      </trkpt>
      <trkpt lat="46.367850000" lon="5.990430000">
        <ele>1056.000</ele>
      </trkpt>
      <trkpt lat="46.367810000" lon="5.990300000">
        <ele>1056.000</ele>
      </trkpt>
      <trkpt lat="46.367760000" lon="5.990140000">
        <ele>1056.000</ele>
      </trkpt>
      <trkpt lat="46.367710000" lon="5.989950000">
        <ele>1056.000</ele>
      </trkpt>
      <trkpt lat="46.367660000" lon="5.989780000">
        <ele>1057.000</ele>
      </trkpt>
      <trkpt lat="46.367620000" lon="5.989580000">
        <ele>1057.000</ele>
      </trkpt>
      <trkpt lat="46.367560000" lon="5.989310000">
        <ele>1057.000</ele>
      </trkpt>
      <trkpt lat="46.367530000" lon="5.989140000">
        <ele>1057.000</ele>
      </trkpt>
      <trkpt lat="46.367480000" lon="5.988940000">
        <ele>1057.000</ele>
      </trkpt>
      <trkpt lat="46.367430000" lon="5.988750000">
        <ele>1058.000</ele>
      </trkpt>
      <trkpt lat="46.367400000" lon="5.988650000">
        <ele>1058.000</ele>
      </trkpt>
      <trkpt lat="46.367390000" lon="5.988600000">
        <ele>1059.000</ele>
      </trkpt>
      <trkpt lat="46.367380000" lon="5.988540000">
        <ele>1059.000</ele>
      </trkpt>
      <trkpt lat="46.367370000" lon="5.988490000">
        <ele>1060.000</ele>
      </trkpt>
      <trkpt lat="46.367370000" lon="5.988440000">
        <ele>1060.000</ele>
      </trkpt>
      <trkpt lat="46.367380000" lon="5.988400000">
        <ele>1060.000</ele>
      </trkpt>
      <trkpt lat="46.367390000" lon="5.988350000">
        <ele>1061.000</ele>
      </trkpt>
      <trkpt lat="46.367410000" lon="5.988320000">
        <ele>1061.000</ele>
      </trkpt>
      <trkpt lat="46.367430000" lon="5.988300000">
        <ele>1061.000</ele>
      </trkpt>
      <trkpt lat="46.367450000" lon="5.988290000">
        <ele>1061.000</ele>
      </trkpt>
      <trkpt lat="46.367470000" lon="5.988290000">
        <ele>1062.000</ele>
      </trkpt>
      <trkpt lat="46.367490000" lon="5.988290000">
        <ele>1062.000</ele>
      </trkpt>
      <trkpt lat="46.367520000" lon="5.988290000">
        <ele>1062.000</ele>
      </trkpt>
      <trkpt lat="46.367540000" lon="5.988300000">
        <ele>1062.000</ele>
      </trkpt>
      <trkpt lat="46.367570000" lon="5.988320000">
        <ele>1063.000</ele>
      </trkpt>
      <trkpt lat="46.367580000" lon="5.988350000">
        <ele>1063.000</ele>
      </trkpt>
      <trkpt lat="46.367600000" lon="5.988380000">
        <ele>1063.000</ele>
      </trkpt>
      <trkpt lat="46.367610000" lon="5.988420000">
        <ele>1063.000</ele>
      </trkpt>
      <trkpt lat="46.367610000" lon="5.988480000">
        <ele>1064.000</ele>
      </trkpt>
      <trkpt lat="46.367630000" lon="5.988650000">
        <ele>1064.000</ele>
      </trkpt>
      <trkpt lat="46.367670000" lon="5.988840000">
        <ele>1065.000</ele>
      </trkpt>
      <trkpt lat="46.367730000" lon="5.989070000">
        <ele>1066.000</ele>
      </trkpt>
      <trkpt lat="46.367790000" lon="5.989270000">
        <ele>1067.000</ele>
      </trkpt>
      <trkpt lat="46.367840000" lon="5.989430000">
        <ele>1068.000</ele>
      </trkpt>
      <trkpt lat="46.367890000" lon="5.989640000">
        <ele>1069.000</ele>
      </trkpt>
      <trkpt lat="46.367960000" lon="5.989930000">
        <ele>1071.000</ele>
      </trkpt>
      <trkpt lat="46.368000000" lon="5.990090000">
        <ele>1072.000</ele>
      </trkpt>
      <trkpt lat="46.368040000" lon="5.990190000">
        <ele>1073.000</ele>
      </trkpt>
      <trkpt lat="46.368100000" lon="5.990320000">
        <ele>1074.000</ele>
      </trkpt>
      <trkpt lat="46.368160000" lon="5.990420000">
        <ele>1074.000</ele>
      </trkpt>
      <trkpt lat="46.368200000" lon="5.990490000">
        <ele>1075.000</ele>
      </trkpt>
      <trkpt lat="46.368440000" lon="5.990880000">
        <ele>1076.000</ele>
      </trkpt>
      <trkpt lat="46.368500000" lon="5.991020000">
        <ele>1077.000</ele>
      </trkpt>
      <trkpt lat="46.368650000" lon="5.991360000">
        <ele>1078.000</ele>
      </trkpt>
      <trkpt lat="46.368780000" lon="5.991690000">
        <ele>1080.000</ele>
      </trkpt>
      <trkpt lat="46.368910000" lon="5.992020000">
        <ele>1081.000</ele>
      </trkpt>
      <trkpt lat="46.368980000" lon="5.992150000">
        <ele>1082.000</ele>
      </trkpt>
      <trkpt lat="46.369050000" lon="5.992260000">
        <ele>1083.000</ele>
      </trkpt>
      <trkpt lat="46.369140000" lon="5.992390000">
        <ele>1084.000</ele>
      </trkpt>
      <trkpt lat="46.369280000" lon="5.992590000">
        <ele>1085.000</ele>
      </trkpt>
      <trkpt lat="46.369460000" lon="5.992910000">
        <ele>1087.000</ele>
      </trkpt>
      <trkpt lat="46.369560000" lon="5.993080000">
        <ele>1088.000</ele>
      </trkpt>
      <trkpt lat="46.369620000" lon="5.993210000">
        <ele>1089.000</ele>
      </trkpt>
      <trkpt lat="46.369690000" lon="5.993340000">
        <ele>1091.000</ele>
      </trkpt>
      <trkpt lat="46.369780000" lon="5.993550000">
        <ele>1092.000</ele>
      </trkpt>
      <trkpt lat="46.369890000" lon="5.993810000">
        <ele>1093.000</ele>
      </trkpt>
      <trkpt lat="46.369970000" lon="5.994000000">
        <ele>1094.000</ele>
      </trkpt>
      <trkpt lat="46.370020000" lon="5.994060000">
        <ele>1095.000</ele>
      </trkpt>
      <trkpt lat="46.370080000" lon="5.994140000">
        <ele>1096.000</ele>
      </trkpt>
      <trkpt lat="46.370160000" lon="5.994210000">
        <ele>1097.000</ele>
      </trkpt>
      <trkpt lat="46.370310000" lon="5.994370000">
        <ele>1098.000</ele>
      </trkpt>
      <trkpt lat="46.370390000" lon="5.994460000">
        <ele>1098.000</ele>
      </trkpt>
      <trkpt lat="46.370430000" lon="5.994520000">
        <ele>1099.000</ele>
      </trkpt>
      <trkpt lat="46.370480000" lon="5.994590000">
        <ele>1099.000</ele>
      </trkpt>
      <trkpt lat="46.370540000" lon="5.994710000">
        <ele>1099.000</ele>
      </trkpt>
      <trkpt lat="46.370860000" lon="5.995280000">
        <ele>1100.000</ele>
      </trkpt>
      <trkpt lat="46.371140000" lon="5.995790000">
        <ele>1101.000</ele>
      </trkpt>
      <trkpt lat="46.371290000" lon="5.996070000">
        <ele>1102.000</ele>
      </trkpt>
      <trkpt lat="46.371500000" lon="5.996450000">
        <ele>1103.000</ele>
      </trkpt>
      <trkpt lat="46.371560000" lon="5.996560000">
        <ele>1104.000</ele>
      </trkpt>
      <trkpt lat="46.371590000" lon="5.996590000">
        <ele>1104.000</ele>
      </trkpt>
      <trkpt lat="46.371610000" lon="5.996620000">
        <ele>1105.000</ele>
      </trkpt>
      <trkpt lat="46.371640000" lon="5.996640000">
        <ele>1106.000</ele>
      </trkpt>
      <trkpt lat="46.371670000" lon="5.996650000">
        <ele>1106.000</ele>
      </trkpt>
      <trkpt lat="46.371690000" lon="5.996650000">
        <ele>1106.000</ele>
      </trkpt>
      <trkpt lat="46.371720000" lon="5.996650000">
        <ele>1107.000</ele>
      </trkpt>
      <trkpt lat="46.371750000" lon="5.996640000">
        <ele>1107.000</ele>
      </trkpt>
      <trkpt lat="46.371780000" lon="5.996620000">
        <ele>1108.000</ele>
      </trkpt>
      <trkpt lat="46.371800000" lon="5.996600000">
        <ele>1108.000</ele>
      </trkpt>
      <trkpt lat="46.371830000" lon="5.996550000">
        <ele>1108.000</ele>
      </trkpt>
      <trkpt lat="46.371850000" lon="5.996510000">
        <ele>1109.000</ele>
      </trkpt>
      <trkpt lat="46.371860000" lon="5.996470000">
        <ele>1109.000</ele>
      </trkpt>
      <trkpt lat="46.371860000" lon="5.996430000">
        <ele>1109.000</ele>
      </trkpt>
      <trkpt lat="46.371860000" lon="5.996380000">
        <ele>1110.000</ele>
      </trkpt>
      <trkpt lat="46.371860000" lon="5.996330000">
        <ele>1110.000</ele>
      </trkpt>
      <trkpt lat="46.371850000" lon="5.996300000">
        <ele>1111.000</ele>
      </trkpt>
      <trkpt lat="46.371840000" lon="5.996260000">
        <ele>1111.000</ele>
      </trkpt>
      <trkpt lat="46.371790000" lon="5.996160000">
        <ele>1111.000</ele>
      </trkpt>
      <trkpt lat="46.371690000" lon="5.995970000">
        <ele>1112.000</ele>
      </trkpt>
      <trkpt lat="46.371630000" lon="5.995850000">
        <ele>1113.000</ele>
      </trkpt>
      <trkpt lat="46.371540000" lon="5.995660000">
        <ele>1115.000</ele>
      </trkpt>
      <trkpt lat="46.371440000" lon="5.995440000">
        <ele>1116.000</ele>
      </trkpt>
      <trkpt lat="46.371350000" lon="5.995230000">
        <ele>1118.000</ele>
      </trkpt>
      <trkpt lat="46.371220000" lon="5.994970000">
        <ele>1120.000</ele>
      </trkpt>
      <trkpt lat="46.371070000" lon="5.994690000">
        <ele>1122.000</ele>
      </trkpt>
      <trkpt lat="46.370820000" lon="5.994230000">
        <ele>1124.000</ele>
      </trkpt>
      <trkpt lat="46.370720000" lon="5.994070000">
        <ele>1126.000</ele>
      </trkpt>
      <trkpt lat="46.370590000" lon="5.993900000">
        <ele>1127.000</ele>
      </trkpt>
      <trkpt lat="46.370510000" lon="5.993780000">
        <ele>1128.000</ele>
      </trkpt>
      <trkpt lat="46.370480000" lon="5.993710000">
        <ele>1128.000</ele>
      </trkpt>
      <trkpt lat="46.370430000" lon="5.993580000">
        <ele>1129.000</ele>
      </trkpt>
      <trkpt lat="46.370390000" lon="5.993430000">
        <ele>1129.000</ele>
      </trkpt>
      <trkpt lat="46.370370000" lon="5.993340000">
        <ele>1130.000</ele>
      </trkpt>
      <trkpt lat="46.370320000" lon="5.993210000">
        <ele>1130.000</ele>
      </trkpt>
      <trkpt lat="46.370240000" lon="5.993020000">
        <ele>1131.000</ele>
      </trkpt>
      <trkpt lat="46.370120000" lon="5.992760000">
        <ele>1131.000</ele>
      </trkpt>
      <trkpt lat="46.369970000" lon="5.992430000">
        <ele>1132.000</ele>
      </trkpt>
      <trkpt lat="46.369760000" lon="5.991950000">
        <ele>1133.000</ele>
      </trkpt>
      <trkpt lat="46.369690000" lon="5.991790000">
        <ele>1134.000</ele>
      </trkpt>
      <trkpt lat="46.369630000" lon="5.991620000">
        <ele>1135.000</ele>
      </trkpt>
      <trkpt lat="46.369600000" lon="5.991540000">
        <ele>1135.000</ele>
      </trkpt>
      <trkpt lat="46.369580000" lon="5.991450000">
        <ele>1136.000</ele>
      </trkpt>
      <trkpt lat="46.369550000" lon="5.991310000">
        <ele>1136.000</ele>
      </trkpt>
      <trkpt lat="46.369520000" lon="5.991110000">
        <ele>1137.000</ele>
      </trkpt>
      <trkpt lat="46.369500000" lon="5.991020000">
        <ele>1137.000</ele>
      </trkpt>
      <trkpt lat="46.369480000" lon="5.990930000">
        <ele>1138.000</ele>
      </trkpt>
      <trkpt lat="46.369440000" lon="5.990840000">
        <ele>1138.000</ele>
      </trkpt>
      <trkpt lat="46.369370000" lon="5.990690000">
        <ele>1138.000</ele>
      </trkpt>
      <trkpt lat="46.369280000" lon="5.990470000">
        <ele>1139.000</ele>
      </trkpt>
      <trkpt lat="46.369210000" lon="5.990290000">
        <ele>1140.000</ele>
      </trkpt>
      <trkpt lat="46.369170000" lon="5.990150000">
        <ele>1140.000</ele>
      </trkpt>
      <trkpt lat="46.369140000" lon="5.990040000">
        <ele>1141.000</ele>
      </trkpt>
      <trkpt lat="46.369040000" lon="5.989610000">
        <ele>1142.000</ele>
      </trkpt>
      <trkpt lat="46.369000000" lon="5.989460000">
        <ele>1143.000</ele>
      </trkpt>
      <trkpt lat="46.368900000" lon="5.989110000">
        <ele>1144.000</ele>
      </trkpt>
      <trkpt lat="46.368820000" lon="5.988840000">
        <ele>1146.000</ele>
      </trkpt>
      <trkpt lat="46.368760000" lon="5.988600000">
        <ele>1147.000</ele>
      </trkpt>
      <trkpt lat="46.368740000" lon="5.988510000">
        <ele>1148.000</ele>
      </trkpt>
      <trkpt lat="46.368720000" lon="5.988380000">
        <ele>1149.000</ele>
      </trkpt>
      <trkpt lat="46.368700000" lon="5.988220000">
        <ele>1150.000</ele>
      </trkpt>
      <trkpt lat="46.368690000" lon="5.988130000">
        <ele>1151.000</ele>
      </trkpt>
      <trkpt lat="46.368670000" lon="5.988030000">
        <ele>1151.000</ele>
      </trkpt>
      <trkpt lat="46.368650000" lon="5.987900000">
        <ele>1152.000</ele>
      </trkpt>
      <trkpt lat="46.368620000" lon="5.987780000">
        <ele>1153.000</ele>
      </trkpt>
      <trkpt lat="46.368490000" lon="5.987400000">
        <ele>1154.000</ele>
      </trkpt>
      <trkpt lat="46.368410000" lon="5.987170000">
        <ele>1155.000</ele>
      </trkpt>
      <trkpt lat="46.368370000" lon="5.987040000">
        <ele>1156.000</ele>
      </trkpt>
      <trkpt lat="46.368320000" lon="5.986920000">
        <ele>1157.000</ele>
      </trkpt>
      <trkpt lat="46.368240000" lon="5.986750000">
        <ele>1158.000</ele>
      </trkpt>
      <trkpt lat="46.368090000" lon="5.986460000">
        <ele>1159.000</ele>
      </trkpt>
      <trkpt lat="46.368010000" lon="5.986280000">
        <ele>1161.000</ele>
      </trkpt>
      <trkpt lat="46.367990000" lon="5.986210000">
        <ele>1162.000</ele>
      </trkpt>
      <trkpt lat="46.367970000" lon="5.986160000">
        <ele>1162.000</ele>
      </trkpt>
      <trkpt lat="46.367970000" lon="5.986130000">
        <ele>1163.000</ele>
      </trkpt>
      <trkpt lat="46.367970000" lon="5.986090000">
        <ele>1163.000</ele>
      </trkpt>
      <trkpt lat="46.367980000" lon="5.986040000">
        <ele>1163.000</ele>
      </trkpt>
      <trkpt lat="46.367990000" lon="5.986030000">
        <ele>1164.000</ele>
      </trkpt>
      <trkpt lat="46.368010000" lon="5.986010000">
        <ele>1164.000</ele>
      </trkpt>
      <trkpt lat="46.368020000" lon="5.985990000">
        <ele>1164.000</ele>
      </trkpt>
      <trkpt lat="46.368050000" lon="5.985980000">
        <ele>1164.000</ele>
      </trkpt>
      <trkpt lat="46.368080000" lon="5.985980000">
        <ele>1165.000</ele>
      </trkpt>
      <trkpt lat="46.368110000" lon="5.985990000">
        <ele>1165.000</ele>
      </trkpt>
      <trkpt lat="46.368140000" lon="5.986010000">
        <ele>1165.000</ele>
      </trkpt>
      <trkpt lat="46.368160000" lon="5.986050000">
        <ele>1165.000</ele>
      </trkpt>
      <trkpt lat="46.368180000" lon="5.986090000">
        <ele>1165.000</ele>
      </trkpt>
      <trkpt lat="46.368190000" lon="5.986140000">
        <ele>1166.000</ele>
      </trkpt>
      <trkpt lat="46.368210000" lon="5.986200000">
        <ele>1166.000</ele>
      </trkpt>
      <trkpt lat="46.368230000" lon="5.986270000">
        <ele>1166.000</ele>
      </trkpt>
      <trkpt lat="46.368250000" lon="5.986340000">
        <ele>1167.000</ele>
      </trkpt>
      <trkpt lat="46.368270000" lon="5.986390000">
        <ele>1167.000</ele>
      </trkpt>
      <trkpt lat="46.368300000" lon="5.986440000">
        <ele>1167.000</ele>
      </trkpt>
      <trkpt lat="46.368390000" lon="5.986600000">
        <ele>1168.000</ele>
      </trkpt>
      <trkpt lat="46.368450000" lon="5.986690000">
        <ele>1168.000</ele>
      </trkpt>
      <trkpt lat="46.368490000" lon="5.986760000">
        <ele>1169.000</ele>
      </trkpt>
      <trkpt lat="46.368560000" lon="5.986860000">
        <ele>1169.000</ele>
      </trkpt>
      <trkpt lat="46.368720000" lon="5.987120000">
        <ele>1170.000</ele>
      </trkpt>
      <trkpt lat="46.368820000" lon="5.987280000">
        <ele>1170.000</ele>
      </trkpt>
      <trkpt lat="46.368880000" lon="5.987380000">
        <ele>1171.000</ele>
      </trkpt>
      <trkpt lat="46.368910000" lon="5.987450000">
        <ele>1171.000</ele>
      </trkpt>
      <trkpt lat="46.368950000" lon="5.987550000">
        <ele>1171.000</ele>
      </trkpt>
      <trkpt lat="46.368990000" lon="5.987640000">
        <ele>1172.000</ele>
      </trkpt>
      <trkpt lat="46.369050000" lon="5.987740000">
        <ele>1172.000</ele>
      </trkpt>
      <trkpt lat="46.369130000" lon="5.987840000">
        <ele>1172.000</ele>
      </trkpt>
      <trkpt lat="46.369170000" lon="5.987900000">
        <ele>1173.000</ele>
      </trkpt>
      <trkpt lat="46.369210000" lon="5.988000000">
        <ele>1173.000</ele>
      </trkpt>
      <trkpt lat="46.369240000" lon="5.988110000">
        <ele>1173.000</ele>
      </trkpt>
      <trkpt lat="46.369270000" lon="5.988280000">
        <ele>1173.000</ele>
      </trkpt>
      <trkpt lat="46.369290000" lon="5.988470000">
        <ele>1174.000</ele>
      </trkpt>
      <trkpt lat="46.369290000" lon="5.988600000">
        <ele>1174.000</ele>
      </trkpt>
      <trkpt lat="46.369290000" lon="5.988760000">
        <ele>1175.000</ele>
      </trkpt>
      <trkpt lat="46.369290000" lon="5.988830000">
        <ele>1175.000</ele>
      </trkpt>
      <trkpt lat="46.369310000" lon="5.988880000">
        <ele>1175.000</ele>
      </trkpt>
      <trkpt lat="46.369320000" lon="5.988910000">
        <ele>1175.000</ele>
      </trkpt>
      <trkpt lat="46.369330000" lon="5.988930000">
        <ele>1175.000</ele>
      </trkpt>
      <trkpt lat="46.369350000" lon="5.988950000">
        <ele>1176.000</ele>
      </trkpt>
      <trkpt lat="46.369370000" lon="5.988970000">
        <ele>1176.000</ele>
      </trkpt>
      <trkpt lat="46.369400000" lon="5.988980000">
        <ele>1176.000</ele>
      </trkpt>
      <trkpt lat="46.369430000" lon="5.988970000">
        <ele>1176.000</ele>
      </trkpt>
      <trkpt lat="46.369450000" lon="5.988960000">
        <ele>1177.000</ele>
      </trkpt>
      <trkpt lat="46.369480000" lon="5.988950000">
        <ele>1177.000</ele>
      </trkpt>
      <trkpt lat="46.369490000" lon="5.988930000">
        <ele>1177.000</ele>
      </trkpt>
      <trkpt lat="46.369500000" lon="5.988900000">
        <ele>1177.000</ele>
      </trkpt>
      <trkpt lat="46.369510000" lon="5.988870000">
        <ele>1178.000</ele>
      </trkpt>
      <trkpt lat="46.369520000" lon="5.988830000">
        <ele>1178.000</ele>
      </trkpt>
      <trkpt lat="46.369510000" lon="5.988790000">
        <ele>1178.000</ele>
      </trkpt>
      <trkpt lat="46.369510000" lon="5.988740000">
        <ele>1178.000</ele>
      </trkpt>
      <trkpt lat="46.369490000" lon="5.988710000">
        <ele>1179.000</ele>
      </trkpt>
      <trkpt lat="46.369460000" lon="5.988650000">
        <ele>1179.000</ele>
      </trkpt>
      <trkpt lat="46.369450000" lon="5.988620000">
        <ele>1179.000</ele>
      </trkpt>
      <trkpt lat="46.369430000" lon="5.988570000">
        <ele>1180.000</ele>
      </trkpt>
      <trkpt lat="46.369410000" lon="5.988520000">
        <ele>1180.000</ele>
      </trkpt>
      <trkpt lat="46.369410000" lon="5.988480000">
        <ele>1180.000</ele>
      </trkpt>
      <trkpt lat="46.369400000" lon="5.988430000">
        <ele>1181.000</ele>
      </trkpt>
      <trkpt lat="46.369400000" lon="5.988390000">
        <ele>1181.000</ele>
      </trkpt>
      <trkpt lat="46.369410000" lon="5.988340000">
        <ele>1181.000</ele>
      </trkpt>
      <trkpt lat="46.369420000" lon="5.988290000">
        <ele>1181.000</ele>
      </trkpt>
      <trkpt lat="46.369450000" lon="5.988220000">
        <ele>1182.000</ele>
      </trkpt>
      <trkpt lat="46.369480000" lon="5.988140000">
        <ele>1182.000</ele>
      </trkpt>
      <trkpt lat="46.369500000" lon="5.988060000">
        <ele>1183.000</ele>
      </trkpt>
      <trkpt lat="46.369510000" lon="5.988000000">
        <ele>1183.000</ele>
      </trkpt>
      <trkpt lat="46.369510000" lon="5.987950000">
        <ele>1184.000</ele>
      </trkpt>
      <trkpt lat="46.369510000" lon="5.987890000">
        <ele>1184.000</ele>
      </trkpt>
      <trkpt lat="46.369500000" lon="5.987810000">
        <ele>1185.000</ele>
      </trkpt>
      <trkpt lat="46.369470000" lon="5.987700000">
        <ele>1185.000</ele>
      </trkpt>
      <trkpt lat="46.369400000" lon="5.987450000">
        <ele>1186.000</ele>
      </trkpt>
      <trkpt lat="46.369350000" lon="5.987280000">
        <ele>1187.000</ele>
      </trkpt>
      <trkpt lat="46.369330000" lon="5.987150000">
        <ele>1188.000</ele>
      </trkpt>
      <trkpt lat="46.369310000" lon="5.986980000">
        <ele>1189.000</ele>
      </trkpt>
      <trkpt lat="46.369310000" lon="5.986870000">
        <ele>1190.000</ele>
      </trkpt>
      <trkpt lat="46.369310000" lon="5.986810000">
        <ele>1191.000</ele>
      </trkpt>
      <trkpt lat="46.369320000" lon="5.986610000">
        <ele>1192.000</ele>
      </trkpt>
      <trkpt lat="46.369300000" lon="5.986510000">
        <ele>1192.000</ele>
      </trkpt>
      <trkpt lat="46.369280000" lon="5.986390000">
        <ele>1193.000</ele>
      </trkpt>
      <trkpt lat="46.369230000" lon="5.986230000">
        <ele>1194.000</ele>
      </trkpt>
      <trkpt lat="46.369180000" lon="5.986050000">
        <ele>1194.000</ele>
      </trkpt>
      <trkpt lat="46.369140000" lon="5.985910000">
        <ele>1195.000</ele>
      </trkpt>
      <trkpt lat="46.369110000" lon="5.985720000">
        <ele>1196.000</ele>
      </trkpt>
      <trkpt lat="46.369100000" lon="5.985530000">
        <ele>1196.000</ele>
      </trkpt>
      <trkpt lat="46.369080000" lon="5.984960000">
        <ele>1197.000</ele>
      </trkpt>
      <trkpt lat="46.369080000" lon="5.984750000">
        <ele>1198.000</ele>
      </trkpt>
      <trkpt lat="46.369070000" lon="5.984530000">
        <ele>1199.000</ele>
      </trkpt>
      <trkpt lat="46.369080000" lon="5.984450000">
        <ele>1200.000</ele>
      </trkpt>
      <trkpt lat="46.369090000" lon="5.984390000">
        <ele>1201.000</ele>
      </trkpt>
      <trkpt lat="46.369100000" lon="5.984340000">
        <ele>1201.000</ele>
      </trkpt>
      <trkpt lat="46.369120000" lon="5.984270000">
        <ele>1201.000</ele>
      </trkpt>
      <trkpt lat="46.369140000" lon="5.984230000">
        <ele>1202.000</ele>
      </trkpt>
      <trkpt lat="46.369170000" lon="5.984150000">
        <ele>1202.000</ele>
      </trkpt>
      <trkpt lat="46.369280000" lon="5.983990000">
        <ele>1203.000</ele>
      </trkpt>
      <trkpt lat="46.369320000" lon="5.983930000">
        <ele>1203.000</ele>
      </trkpt>
      <trkpt lat="46.369360000" lon="5.983870000">
        <ele>1203.000</ele>
      </trkpt>
      <trkpt lat="46.369390000" lon="5.983780000">
        <ele>1203.000</ele>
      </trkpt>
      <trkpt lat="46.369400000" lon="5.983720000">
        <ele>1203.000</ele>
      </trkpt>
      <trkpt lat="46.369410000" lon="5.983660000">
        <ele>1203.000</ele>
      </trkpt>
      <trkpt lat="46.369420000" lon="5.983600000">
        <ele>1203.000</ele>
      </trkpt>
      <trkpt lat="46.369420000" lon="5.983520000">
        <ele>1203.000</ele>
      </trkpt>
      <trkpt lat="46.369410000" lon="5.983450000">
        <ele>1203.000</ele>
      </trkpt>
      <trkpt lat="46.369400000" lon="5.983340000">
        <ele>1203.000</ele>
      </trkpt>
      <trkpt lat="46.369360000" lon="5.983080000">
        <ele>1203.000</ele>
      </trkpt>
      <trkpt lat="46.369340000" lon="5.982790000">
        <ele>1203.000</ele>
      </trkpt>
      <trkpt lat="46.369340000" lon="5.982610000">
        <ele>1203.000</ele>
      </trkpt>
      <trkpt lat="46.369350000" lon="5.982470000">
        <ele>1203.000</ele>
      </trkpt>
      <trkpt lat="46.369350000" lon="5.982330000">
        <ele>1203.000</ele>
      </trkpt>
      <trkpt lat="46.369390000" lon="5.981890000">
        <ele>1203.000</ele>
      </trkpt>
      <trkpt lat="46.369400000" lon="5.981680000">
        <ele>1203.000</ele>
      </trkpt>
      <trkpt lat="46.369420000" lon="5.981490000">
        <ele>1203.000</ele>
      </trkpt>
      <trkpt lat="46.369440000" lon="5.981400000">
        <ele>1203.000</ele>
      </trkpt>
      <trkpt lat="46.369460000" lon="5.981310000">
        <ele>1203.000</ele>
      </trkpt>
      <trkpt lat="46.369500000" lon="5.981210000">
        <ele>1203.000</ele>
      </trkpt>
      <trkpt lat="46.369580000" lon="5.981070000">
        <ele>1203.000</ele>
      </trkpt>
      <trkpt lat="46.369620000" lon="5.980990000">
        <ele>1203.000</ele>
      </trkpt>
      <trkpt lat="46.369670000" lon="5.980920000">
        <ele>1203.000</ele>
      </trkpt>
      <trkpt lat="46.369710000" lon="5.980840000">
        <ele>1203.000</ele>
      </trkpt>
      <trkpt lat="46.369740000" lon="5.980750000">
        <ele>1203.000</ele>
      </trkpt>
      <trkpt lat="46.369790000" lon="5.980550000">
        <ele>1203.000</ele>
      </trkpt>
      <trkpt lat="46.369960000" lon="5.979840000">
        <ele>1203.000</ele>
      </trkpt>
      <trkpt lat="46.370020000" lon="5.979610000">
        <ele>1203.000</ele>
      </trkpt>
      <trkpt lat="46.370070000" lon="5.979430000">
        <ele>1203.000</ele>
      </trkpt>
      <trkpt lat="46.370120000" lon="5.979260000">
        <ele>1203.000</ele>
      </trkpt>
      <trkpt lat="46.370160000" lon="5.979170000">
        <ele>1203.000</ele>
      </trkpt>
      <trkpt lat="46.370200000" lon="5.979070000">
        <ele>1203.000</ele>
      </trkpt>
      <trkpt lat="46.370260000" lon="5.978970000">
        <ele>1203.000</ele>
      </trkpt>
      <trkpt lat="46.370370000" lon="5.978780000">
        <ele>1202.000</ele>
      </trkpt>
      <trkpt lat="46.370460000" lon="5.978630000">
        <ele>1201.000</ele>
      </trkpt>
      <trkpt lat="46.370520000" lon="5.978480000">
        <ele>1200.000</ele>
      </trkpt>
      <trkpt lat="46.370640000" lon="5.978160000">
        <ele>1199.000</ele>
      </trkpt>
      <trkpt lat="46.370710000" lon="5.978000000">
        <ele>1198.000</ele>
      </trkpt>
      <trkpt lat="46.370790000" lon="5.977850000">
        <ele>1196.000</ele>
      </trkpt>
      <trkpt lat="46.371200000" lon="5.977020000">
        <ele>1193.000</ele>
      </trkpt>
      <trkpt lat="46.371490000" lon="5.976430000">
        <ele>1190.000</ele>
      </trkpt>
      <trkpt lat="46.371570000" lon="5.976260000">
        <ele>1187.000</ele>
      </trkpt>
      <trkpt lat="46.371620000" lon="5.976150000">
        <ele>1185.000</ele>
      </trkpt>
      <trkpt lat="46.371660000" lon="5.976040000">
        <ele>1184.000</ele>
      </trkpt>
      <trkpt lat="46.371690000" lon="5.975920000">
        <ele>1183.000</ele>
      </trkpt>
      <trkpt lat="46.371710000" lon="5.975790000">
        <ele>1182.000</ele>
      </trkpt>
      <trkpt lat="46.371730000" lon="5.975690000">
        <ele>1181.000</ele>
      </trkpt>
      <trkpt lat="46.371770000" lon="5.975600000">
        <ele>1180.000</ele>
      </trkpt>
      <trkpt lat="46.371800000" lon="5.975530000">
        <ele>1180.000</ele>
      </trkpt>
      <trkpt lat="46.371850000" lon="5.975470000">
        <ele>1179.000</ele>
      </trkpt>
      <trkpt lat="46.371890000" lon="5.975420000">
        <ele>1179.000</ele>
      </trkpt>
      <trkpt lat="46.371940000" lon="5.975390000">
        <ele>1178.000</ele>
      </trkpt>
      <trkpt lat="46.372020000" lon="5.975360000">
        <ele>1178.000</ele>
      </trkpt>
      <trkpt lat="46.372120000" lon="5.975340000">
        <ele>1178.000</ele>
      </trkpt>
      <trkpt lat="46.372290000" lon="5.975320000">
        <ele>1177.000</ele>
      </trkpt>
      <trkpt lat="46.372450000" lon="5.975280000">
        <ele>1176.000</ele>
      </trkpt>
      <trkpt lat="46.372500000" lon="5.975260000">
        <ele>1176.000</ele>
      </trkpt>
      <trkpt lat="46.372550000" lon="5.975230000">
        <ele>1175.000</ele>
      </trkpt>
      <trkpt lat="46.372710000" lon="5.975110000">
        <ele>1175.000</ele>
      </trkpt>
      <trkpt lat="46.372780000" lon="5.975080000">
        <ele>1174.000</ele>
      </trkpt>
      <trkpt lat="46.372860000" lon="5.975070000">
        <ele>1174.000</ele>
      </trkpt>
      <trkpt lat="46.372930000" lon="5.975080000">
        <ele>1173.000</ele>
      </trkpt>
      <trkpt lat="46.372980000" lon="5.975100000">
        <ele>1173.000</ele>
      </trkpt>
      <trkpt lat="46.373040000" lon="5.975140000">
        <ele>1173.000</ele>
      </trkpt>
      <trkpt lat="46.373090000" lon="5.975190000">
        <ele>1173.000</ele>
      </trkpt>
      <trkpt lat="46.373130000" lon="5.975250000">
        <ele>1173.000</ele>
      </trkpt>
      <trkpt lat="46.373290000" lon="5.975490000">
        <ele>1172.000</ele>
      </trkpt>
      <trkpt lat="46.373500000" lon="5.975780000">
        <ele>1172.000</ele>
      </trkpt>
      <trkpt lat="46.373780000" lon="5.976210000">
        <ele>1172.000</ele>
      </trkpt>
      <trkpt lat="46.373900000" lon="5.976360000">
        <ele>1172.000</ele>
      </trkpt>
      <trkpt lat="46.373950000" lon="5.976400000">
        <ele>1172.000</ele>
      </trkpt>
      <trkpt lat="46.374010000" lon="5.976420000">
        <ele>1172.000</ele>
      </trkpt>
      <trkpt lat="46.374080000" lon="5.976430000">
        <ele>1172.000</ele>
      </trkpt>
      <trkpt lat="46.374140000" lon="5.976420000">
        <ele>1172.000</ele>
      </trkpt>
      <trkpt lat="46.374170000" lon="5.976400000">
        <ele>1172.000</ele>
      </trkpt>
      <trkpt lat="46.374200000" lon="5.976370000">
        <ele>1172.000</ele>
      </trkpt>
      <trkpt lat="46.374230000" lon="5.976330000">
        <ele>1172.000</ele>
      </trkpt>
      <trkpt lat="46.374250000" lon="5.976290000">
        <ele>1172.000</ele>
      </trkpt>
      <trkpt lat="46.374280000" lon="5.976230000">
        <ele>1172.000</ele>
      </trkpt>
      <trkpt lat="46.374300000" lon="5.976170000">
        <ele>1172.000</ele>
      </trkpt>
      <trkpt lat="46.374310000" lon="5.976110000">
        <ele>1172.000</ele>
      </trkpt>
      <trkpt lat="46.374350000" lon="5.975870000">
        <ele>1172.000</ele>
      </trkpt>
      <trkpt lat="46.374390000" lon="5.975590000">
        <ele>1172.000</ele>
      </trkpt>
      <trkpt lat="46.374490000" lon="5.974960000">
        <ele>1172.000</ele>
      </trkpt>
      <trkpt lat="46.374520000" lon="5.974690000">
        <ele>1172.000</ele>
      </trkpt>
      <trkpt lat="46.374590000" lon="5.973930000">
        <ele>1172.000</ele>
      </trkpt>
      <trkpt lat="46.374600000" lon="5.973830000">
        <ele>1172.000</ele>
      </trkpt>
      <trkpt lat="46.374620000" lon="5.973570000">
        <ele>1172.000</ele>
      </trkpt>
      <trkpt lat="46.374630000" lon="5.973370000">
        <ele>1172.000</ele>
      </trkpt>
      <trkpt lat="46.374650000" lon="5.973200000">
        <ele>1172.000</ele>
      </trkpt>
      <trkpt lat="46.374690000" lon="5.972990000">
        <ele>1173.000</ele>
      </trkpt>
      <trkpt lat="46.374710000" lon="5.972900000">
        <ele>1173.000</ele>
      </trkpt>
      <trkpt lat="46.374760000" lon="5.972770000">
        <ele>1173.000</ele>
      </trkpt>
      <trkpt lat="46.374770000" lon="5.972740000">
        <ele>1173.000</ele>
      </trkpt>
      <trkpt lat="46.374800000" lon="5.972640000">
        <ele>1173.000</ele>
      </trkpt>
      <trkpt lat="46.374850000" lon="5.972520000">
        <ele>1173.000</ele>
      </trkpt>
      <trkpt lat="46.374950000" lon="5.972340000">
        <ele>1173.000</ele>
      </trkpt>
      <trkpt lat="46.375060000" lon="5.972140000">
        <ele>1173.000</ele>
      </trkpt>
      <trkpt lat="46.375110000" lon="5.972040000">
        <ele>1173.000</ele>
      </trkpt>
      <trkpt lat="46.375160000" lon="5.971930000">
        <ele>1173.000</ele>
      </trkpt>
      <trkpt lat="46.375200000" lon="5.971820000">
        <ele>1173.000</ele>
      </trkpt>
      <trkpt lat="46.375230000" lon="5.971710000">
        <ele>1173.000</ele>
      </trkpt>
      <trkpt lat="46.375260000" lon="5.971600000">
        <ele>1173.000</ele>
      </trkpt>
      <trkpt lat="46.375360000" lon="5.971130000">
        <ele>1173.000</ele>
      </trkpt>
      <trkpt lat="46.375500000" lon="5.970550000">
        <ele>1174.000</ele>
      </trkpt>
      <trkpt lat="46.375560000" lon="5.970310000">
        <ele>1174.000</ele>
      </trkpt>
      <trkpt lat="46.375610000" lon="5.970120000">
        <ele>1174.000</ele>
      </trkpt>
      <trkpt lat="46.375660000" lon="5.969930000">
        <ele>1174.000</ele>
      </trkpt>
      <trkpt lat="46.375730000" lon="5.969760000">
        <ele>1175.000</ele>
      </trkpt>
      <trkpt lat="46.375900000" lon="5.969350000">
        <ele>1175.000</ele>
      </trkpt>
      <trkpt lat="46.375950000" lon="5.969240000">
        <ele>1175.000</ele>
      </trkpt>
      <trkpt lat="46.375980000" lon="5.969170000">
        <ele>1175.000</ele>
      </trkpt>
      <trkpt lat="46.376220000" lon="5.968650000">
        <ele>1176.000</ele>
      </trkpt>
      <trkpt lat="46.376340000" lon="5.968400000">
        <ele>1176.000</ele>
      </trkpt>
      <trkpt lat="46.376430000" lon="5.968230000">
        <ele>1176.000</ele>
      </trkpt>
      <trkpt lat="46.376510000" lon="5.968110000">
        <ele>1176.000</ele>
      </trkpt>
      <trkpt lat="46.376800000" lon="5.967750000">
        <ele>1176.000</ele>
      </trkpt>
      <trkpt lat="46.376880000" lon="5.967650000">
        <ele>1176.000</ele>
      </trkpt>
      <trkpt lat="46.376960000" lon="5.967550000">
        <ele>1176.000</ele>
      </trkpt>
      <trkpt lat="46.377000000" lon="5.967480000">
        <ele>1176.000</ele>
      </trkpt>
      <trkpt lat="46.377040000" lon="5.967390000">
        <ele>1176.000</ele>
      </trkpt>
      <trkpt lat="46.377070000" lon="5.967410000">
        <ele>1176.000</ele>
      </trkpt>
      <trkpt lat="46.377090000" lon="5.967420000">
        <ele>1176.000</ele>
      </trkpt>
      <trkpt lat="46.377110000" lon="5.967420000">
        <ele>1175.000</ele>
      </trkpt>
      <trkpt lat="46.377130000" lon="5.967410000">
        <ele>1175.000</ele>
      </trkpt>
      <trkpt lat="46.377240000" lon="5.967320000">
        <ele>1175.000</ele>
      </trkpt>
      <trkpt lat="46.377390000" lon="5.967170000">
        <ele>1175.000</ele>
      </trkpt>
      <trkpt lat="46.377980000" lon="5.966600000">
        <ele>1175.000</ele>
      </trkpt>
      <trkpt lat="46.378240000" lon="5.966370000">
        <ele>1175.000</ele>
      </trkpt>
      <trkpt lat="46.378320000" lon="5.966290000">
        <ele>1175.000</ele>
      </trkpt>
      <trkpt lat="46.378970000" lon="5.965700000">
        <ele>1176.000</ele>
      </trkpt>
      <trkpt lat="46.379010000" lon="5.965660000">
        <ele>1176.000</ele>
      </trkpt>
      <trkpt lat="46.379090000" lon="5.965580000">
        <ele>1176.000</ele>
      </trkpt>
      <trkpt lat="46.379160000" lon="5.965470000">
        <ele>1176.000</ele>
      </trkpt>
      <trkpt lat="46.379220000" lon="5.965360000">
        <ele>1177.000</ele>
      </trkpt>
      <trkpt lat="46.379280000" lon="5.965230000">
        <ele>1177.000</ele>
      </trkpt>
      <trkpt lat="46.379390000" lon="5.964950000">
        <ele>1177.000</ele>
      </trkpt>
      <trkpt lat="46.379590000" lon="5.964430000">
        <ele>1177.000</ele>
      </trkpt>
      <trkpt lat="46.379710000" lon="5.964130000">
        <ele>1177.000</ele>
      </trkpt>
      <trkpt lat="46.379970000" lon="5.963540000">
        <ele>1178.000</ele>
      </trkpt>
      <trkpt lat="46.380180000" lon="5.963010000">
        <ele>1178.000</ele>
      </trkpt>
      <trkpt lat="46.380360000" lon="5.962550000">
        <ele>1178.000</ele>
      </trkpt>
      <trkpt lat="46.380440000" lon="5.962370000">
        <ele>1178.000</ele>
      </trkpt>
      <trkpt lat="46.380700000" lon="5.961850000">
        <ele>1179.000</ele>
      </trkpt>
      <trkpt lat="46.380770000" lon="5.961670000">
        <ele>1179.000</ele>
      </trkpt>
      <trkpt lat="46.380840000" lon="5.961470000">
        <ele>1179.000</ele>
      </trkpt>
      <trkpt lat="46.380890000" lon="5.961250000">
        <ele>1179.000</ele>
      </trkpt>
      <trkpt lat="46.380920000" lon="5.961000000">
        <ele>1179.000</ele>
      </trkpt>
      <trkpt lat="46.380950000" lon="5.960640000">
        <ele>1180.000</ele>
      </trkpt>
      <trkpt lat="46.380970000" lon="5.960370000">
        <ele>1180.000</ele>
      </trkpt>
      <trkpt lat="46.381010000" lon="5.960180000">
        <ele>1180.000</ele>
      </trkpt>
      <trkpt lat="46.381050000" lon="5.960050000">
        <ele>1180.000</ele>
      </trkpt>
      <trkpt lat="46.381100000" lon="5.959940000">
        <ele>1180.000</ele>
      </trkpt>
      <trkpt lat="46.381140000" lon="5.959860000">
        <ele>1180.000</ele>
      </trkpt>
      <trkpt lat="46.381280000" lon="5.959650000">
        <ele>1181.000</ele>
      </trkpt>
      <trkpt lat="46.381360000" lon="5.959550000">
        <ele>1181.000</ele>
      </trkpt>
      <trkpt lat="46.381530000" lon="5.959380000">
        <ele>1181.000</ele>
      </trkpt>
      <trkpt lat="46.381560000" lon="5.959360000">
        <ele>1181.000</ele>
      </trkpt>
      <trkpt lat="46.381620000" lon="5.959330000">
        <ele>1181.000</ele>
      </trkpt>
      <trkpt lat="46.381690000" lon="5.959320000">
        <ele>1181.000</ele>
      </trkpt>
      <trkpt lat="46.381760000" lon="5.959340000">
        <ele>1181.000</ele>
      </trkpt>
      <trkpt lat="46.381820000" lon="5.959390000">
        <ele>1181.000</ele>
      </trkpt>
      <trkpt lat="46.381880000" lon="5.959480000">
        <ele>1181.000</ele>
      </trkpt>
      <trkpt lat="46.381930000" lon="5.959590000">
        <ele>1181.000</ele>
      </trkpt>
      <trkpt lat="46.381990000" lon="5.959810000">
        <ele>1181.000</ele>
      </trkpt>
      <trkpt lat="46.382030000" lon="5.960000000">
        <ele>1181.000</ele>
      </trkpt>
      <trkpt lat="46.382080000" lon="5.960260000">
        <ele>1181.000</ele>
      </trkpt>
      <trkpt lat="46.382110000" lon="5.960490000">
        <ele>1181.000</ele>
      </trkpt>
      <trkpt lat="46.382150000" lon="5.960960000">
        <ele>1182.000</ele>
      </trkpt>
      <trkpt lat="46.382250000" lon="5.961350000">
        <ele>1183.000</ele>
      </trkpt>
      <trkpt lat="46.382560000" lon="5.962960000">
        <ele>1185.000</ele>
      </trkpt>
      <trkpt lat="46.382790000" lon="5.964220000">
        <ele>1188.000</ele>
      </trkpt>
      <trkpt lat="46.383130000" lon="5.965320000">
        <ele>1189.000</ele>
      </trkpt>
      <trkpt lat="46.383410000" lon="5.966120000">
        <ele>1188.000</ele>
      </trkpt>
      <trkpt lat="46.383550000" lon="5.966420000">
        <ele>1188.000</ele>
      </trkpt>
      <trkpt lat="46.383670000" lon="5.966870000">
        <ele>1187.000</ele>
      </trkpt>
      <trkpt lat="46.383950000" lon="5.967310000">
        <ele>1186.000</ele>
      </trkpt>
      <trkpt lat="46.384790000" lon="5.968560000">
        <ele>1185.000</ele>
      </trkpt>
      <trkpt lat="46.385200000" lon="5.969090000">
        <ele>1184.000</ele>
      </trkpt>
      <trkpt lat="46.385390000" lon="5.969370000">
        <ele>1183.000</ele>
      </trkpt>
      <trkpt lat="46.385550000" lon="5.969680000">
        <ele>1183.000</ele>
      </trkpt>
      <trkpt lat="46.385980000" lon="5.970610000">
        <ele>1184.000</ele>
      </trkpt>
      <trkpt lat="46.386140000" lon="5.970860000">
        <ele>1185.000</ele>
      </trkpt>
      <trkpt lat="46.386270000" lon="5.971040000">
        <ele>1186.000</ele>
      </trkpt>
      <trkpt lat="46.386450000" lon="5.971160000">
        <ele>1186.000</ele>
      </trkpt>
      <trkpt lat="46.386590000" lon="5.971210000">
        <ele>1186.000</ele>
      </trkpt>
      <trkpt lat="46.386730000" lon="5.971220000">
        <ele>1186.000</ele>
      </trkpt>
      <trkpt lat="46.386870000" lon="5.971200000">
        <ele>1186.000</ele>
      </trkpt>
      <trkpt lat="46.386990000" lon="5.971160000">
        <ele>1186.000</ele>
      </trkpt>
      <trkpt lat="46.387390000" lon="5.971000000">
        <ele>1185.000</ele>
      </trkpt>
      <trkpt lat="46.387620000" lon="5.970920000">
        <ele>1184.000</ele>
      </trkpt>
      <trkpt lat="46.387780000" lon="5.970900000">
        <ele>1184.000</ele>
      </trkpt>
      <trkpt lat="46.387890000" lon="5.970910000">
        <ele>1183.000</ele>
      </trkpt>
      <trkpt lat="46.387980000" lon="5.970930000">
        <ele>1183.000</ele>
      </trkpt>
      <trkpt lat="46.388070000" lon="5.970970000">
        <ele>1182.000</ele>
      </trkpt>
      <trkpt lat="46.388170000" lon="5.971080000">
        <ele>1182.000</ele>
      </trkpt>
      <trkpt lat="46.388550000" lon="5.971710000">
        <ele>1181.000</ele>
      </trkpt>
      <trkpt lat="46.388720000" lon="5.971940000">
        <ele>1180.000</ele>
      </trkpt>
      <trkpt lat="46.388910000" lon="5.972140000">
        <ele>1179.000</ele>
      </trkpt>
      <trkpt lat="46.389450000" lon="5.972600000">
        <ele>1178.000</ele>
      </trkpt>
      <trkpt lat="46.389560000" lon="5.972710000">
        <ele>1177.000</ele>
      </trkpt>
      <trkpt lat="46.389720000" lon="5.972910000">
        <ele>1176.000</ele>
      </trkpt>
      <trkpt lat="46.390020000" lon="5.973360000">
        <ele>1175.000</ele>
      </trkpt>
      <trkpt lat="46.390090000" lon="5.973450000">
        <ele>1175.000</ele>
      </trkpt>
      <trkpt lat="46.390160000" lon="5.973520000">
        <ele>1174.000</ele>
      </trkpt>
      <trkpt lat="46.390320000" lon="5.973660000">
        <ele>1174.000</ele>
      </trkpt>
      <trkpt lat="46.390470000" lon="5.973780000">
        <ele>1174.000</ele>
      </trkpt>
      <trkpt lat="46.390660000" lon="5.973890000">
        <ele>1174.000</ele>
      </trkpt>
      <trkpt lat="46.391080000" lon="5.974100000">
        <ele>1174.000</ele>
      </trkpt>
      <trkpt lat="46.391540000" lon="5.974350000">
        <ele>1175.000</ele>
      </trkpt>
      <trkpt lat="46.391590000" lon="5.974370000">
        <ele>1175.000</ele>
      </trkpt>
      <trkpt lat="46.391610000" lon="5.974370000">
        <ele>1175.000</ele>
      </trkpt>
      <trkpt lat="46.391630000" lon="5.974370000">
        <ele>1175.000</ele>
      </trkpt>
      <trkpt lat="46.391650000" lon="5.974350000">
        <ele>1175.000</ele>
      </trkpt>
      <trkpt lat="46.391670000" lon="5.974320000">
        <ele>1175.000</ele>
      </trkpt>
      <trkpt lat="46.391670000" lon="5.974300000">
        <ele>1175.000</ele>
      </trkpt>
      <trkpt lat="46.391670000" lon="5.974270000">
        <ele>1176.000</ele>
      </trkpt>
      <trkpt lat="46.391670000" lon="5.974250000">
        <ele>1176.000</ele>
      </trkpt>
      <trkpt lat="46.391670000" lon="5.974220000">
        <ele>1176.000</ele>
      </trkpt>
      <trkpt lat="46.391660000" lon="5.974200000">
        <ele>1176.000</ele>
      </trkpt>
      <trkpt lat="46.391630000" lon="5.974140000">
        <ele>1176.000</ele>
      </trkpt>
      <trkpt lat="46.391560000" lon="5.974070000">
        <ele>1176.000</ele>
      </trkpt>
      <trkpt lat="46.391410000" lon="5.973890000">
        <ele>1177.000</ele>
      </trkpt>
      <trkpt lat="46.391120000" lon="5.973550000">
        <ele>1178.000</ele>
      </trkpt>
      <trkpt lat="46.391040000" lon="5.973440000">
        <ele>1179.000</ele>
      </trkpt>
      <trkpt lat="46.390960000" lon="5.973370000">
        <ele>1180.000</ele>
      </trkpt>
      <trkpt lat="46.390760000" lon="5.973180000">
        <ele>1181.000</ele>
      </trkpt>
      <trkpt lat="46.390650000" lon="5.973070000">
        <ele>1182.000</ele>
      </trkpt>
      <trkpt lat="46.390590000" lon="5.972990000">
        <ele>1182.000</ele>
      </trkpt>
      <trkpt lat="46.390550000" lon="5.972930000">
        <ele>1183.000</ele>
      </trkpt>
      <trkpt lat="46.390520000" lon="5.972880000">
        <ele>1184.000</ele>
      </trkpt>
      <trkpt lat="46.390500000" lon="5.972810000">
        <ele>1184.000</ele>
      </trkpt>
      <trkpt lat="46.390480000" lon="5.972730000">
        <ele>1185.000</ele>
      </trkpt>
      <trkpt lat="46.390480000" lon="5.972640000">
        <ele>1185.000</ele>
      </trkpt>
      <trkpt lat="46.390480000" lon="5.972550000">
        <ele>1185.000</ele>
      </trkpt>
      <trkpt lat="46.390500000" lon="5.972450000">
        <ele>1186.000</ele>
      </trkpt>
      <trkpt lat="46.390540000" lon="5.972320000">
        <ele>1186.000</ele>
      </trkpt>
      <trkpt lat="46.390570000" lon="5.972210000">
        <ele>1186.000</ele>
      </trkpt>
      <trkpt lat="46.390610000" lon="5.972120000">
        <ele>1186.000</ele>
      </trkpt>
      <trkpt lat="46.390680000" lon="5.971880000">
        <ele>1186.000</ele>
      </trkpt>
      <trkpt lat="46.390710000" lon="5.971750000">
        <ele>1186.000</ele>
      </trkpt>
      <trkpt lat="46.390740000" lon="5.971620000">
        <ele>1186.000</ele>
      </trkpt>
      <trkpt lat="46.390750000" lon="5.971560000">
        <ele>1186.000</ele>
      </trkpt>
      <trkpt lat="46.390760000" lon="5.971500000">
        <ele>1186.000</ele>
      </trkpt>
      <trkpt lat="46.390780000" lon="5.971380000">
        <ele>1186.000</ele>
      </trkpt>
      <trkpt lat="46.390790000" lon="5.971300000">
        <ele>1186.000</ele>
      </trkpt>
      <trkpt lat="46.390790000" lon="5.971220000">
        <ele>1186.000</ele>
      </trkpt>
      <trkpt lat="46.390780000" lon="5.971140000">
        <ele>1186.000</ele>
      </trkpt>
      <trkpt lat="46.390750000" lon="5.971060000">
        <ele>1186.000</ele>
      </trkpt>
      <trkpt lat="46.390720000" lon="5.970990000">
        <ele>1186.000</ele>
      </trkpt>
      <trkpt lat="46.390670000" lon="5.970910000">
        <ele>1186.000</ele>
      </trkpt>
      <trkpt lat="46.390570000" lon="5.970760000">
        <ele>1186.000</ele>
      </trkpt>
      <trkpt lat="46.390370000" lon="5.970490000">
        <ele>1186.000</ele>
      </trkpt>
      <trkpt lat="46.390320000" lon="5.970410000">
        <ele>1186.000</ele>
      </trkpt>
      <trkpt lat="46.390280000" lon="5.970320000">
        <ele>1186.000</ele>
      </trkpt>
      <trkpt lat="46.390240000" lon="5.970220000">
        <ele>1186.000</ele>
      </trkpt>
      <trkpt lat="46.390210000" lon="5.970140000">
        <ele>1186.000</ele>
      </trkpt>
      <trkpt lat="46.390190000" lon="5.970050000">
        <ele>1186.000</ele>
      </trkpt>
      <trkpt lat="46.390180000" lon="5.969960000">
        <ele>1185.000</ele>
      </trkpt>
      <trkpt lat="46.390170000" lon="5.969870000">
        <ele>1184.000</ele>
      </trkpt>
      <trkpt lat="46.390180000" lon="5.969590000">
        <ele>1183.000</ele>
      </trkpt>
      <trkpt lat="46.390180000" lon="5.969450000">
        <ele>1182.000</ele>
      </trkpt>
      <trkpt lat="46.390170000" lon="5.969340000">
        <ele>1181.000</ele>
      </trkpt>
      <trkpt lat="46.390160000" lon="5.969250000">
        <ele>1179.000</ele>
      </trkpt>
      <trkpt lat="46.390140000" lon="5.969150000">
        <ele>1178.000</ele>
      </trkpt>
      <trkpt lat="46.390090000" lon="5.969000000">
        <ele>1177.000</ele>
      </trkpt>
      <trkpt lat="46.390010000" lon="5.968740000">
        <ele>1175.000</ele>
      </trkpt>
      <trkpt lat="46.389990000" lon="5.968660000">
        <ele>1174.000</ele>
      </trkpt>
      <trkpt lat="46.389980000" lon="5.968610000">
        <ele>1173.000</ele>
      </trkpt>
      <trkpt lat="46.389980000" lon="5.968590000">
        <ele>1172.000</ele>
      </trkpt>
      <trkpt lat="46.389980000" lon="5.968540000">
        <ele>1172.000</ele>
      </trkpt>
      <trkpt lat="46.389990000" lon="5.968470000">
        <ele>1171.000</ele>
      </trkpt>
      <trkpt lat="46.390010000" lon="5.968420000">
        <ele>1170.000</ele>
      </trkpt>
      <trkpt lat="46.390040000" lon="5.968360000">
        <ele>1170.000</ele>
      </trkpt>
      <trkpt lat="46.390060000" lon="5.968330000">
        <ele>1169.000</ele>
      </trkpt>
      <trkpt lat="46.390090000" lon="5.968310000">
        <ele>1168.000</ele>
      </trkpt>
      <trkpt lat="46.390130000" lon="5.968300000">
        <ele>1168.000</ele>
      </trkpt>
      <trkpt lat="46.390170000" lon="5.968300000">
        <ele>1167.000</ele>
      </trkpt>
      <trkpt lat="46.390230000" lon="5.968300000">
        <ele>1167.000</ele>
      </trkpt>
      <trkpt lat="46.390660000" lon="5.968460000">
        <ele>1164.000</ele>
      </trkpt>
      <trkpt lat="46.390780000" lon="5.968510000">
        <ele>1163.000</ele>
      </trkpt>
      <trkpt lat="46.390980000" lon="5.968580000">
        <ele>1161.000</ele>
      </trkpt>
      <trkpt lat="46.391080000" lon="5.968590000">
        <ele>1160.000</ele>
      </trkpt>
      <trkpt lat="46.391170000" lon="5.968580000">
        <ele>1159.000</ele>
      </trkpt>
      <trkpt lat="46.391230000" lon="5.968570000">
        <ele>1158.000</ele>
      </trkpt>
      <trkpt lat="46.391320000" lon="5.968560000">
        <ele>1157.000</ele>
      </trkpt>
      <trkpt lat="46.391390000" lon="5.968540000">
        <ele>1157.000</ele>
      </trkpt>
      <trkpt lat="46.392130000" lon="5.968320000">
        <ele>1155.000</ele>
      </trkpt>
      <trkpt lat="46.392360000" lon="5.968280000">
        <ele>1153.000</ele>
      </trkpt>
      <trkpt lat="46.392530000" lon="5.968270000">
        <ele>1152.000</ele>
      </trkpt>
      <trkpt lat="46.392670000" lon="5.968260000">
        <ele>1151.000</ele>
      </trkpt>
      <trkpt lat="46.392900000" lon="5.968250000">
        <ele>1151.000</ele>
      </trkpt>
      <trkpt lat="46.393050000" lon="5.968250000">
        <ele>1151.000</ele>
      </trkpt>
      <trkpt lat="46.393100000" lon="5.968280000">
        <ele>1151.000</ele>
      </trkpt>
      <trkpt lat="46.393140000" lon="5.968310000">
        <ele>1151.000</ele>
      </trkpt>
      <trkpt lat="46.393210000" lon="5.968240000">
        <ele>1152.000</ele>
      </trkpt>
      <trkpt lat="46.393290000" lon="5.968200000">
        <ele>1152.000</ele>
      </trkpt>
      <trkpt lat="46.393360000" lon="5.968170000">
        <ele>1152.000</ele>
      </trkpt>
      <trkpt lat="46.393390000" lon="5.968170000">
        <ele>1152.000</ele>
      </trkpt>
      <trkpt lat="46.393650000" lon="5.968140000">
        <ele>1152.000</ele>
      </trkpt>
      <trkpt lat="46.393840000" lon="5.968120000">
        <ele>1153.000</ele>
      </trkpt>
      <trkpt lat="46.393930000" lon="5.968110000">
        <ele>1153.000</ele>
      </trkpt>
      <trkpt lat="46.393970000" lon="5.968100000">
        <ele>1154.000</ele>
      </trkpt>
      <trkpt lat="46.394010000" lon="5.968100000">
        <ele>1154.000</ele>
      </trkpt>
      <trkpt lat="46.394110000" lon="5.968080000">
        <ele>1154.000</ele>
      </trkpt>
      <trkpt lat="46.394130000" lon="5.968080000">
        <ele>1154.000</ele>
      </trkpt>
      <trkpt lat="46.394210000" lon="5.968070000">
        <ele>1155.000</ele>
      </trkpt>
      <trkpt lat="46.394320000" lon="5.968030000">
        <ele>1155.000</ele>
      </trkpt>
      <trkpt lat="46.394390000" lon="5.967990000">
        <ele>1155.000</ele>
      </trkpt>
      <trkpt lat="46.394430000" lon="5.967960000">
        <ele>1155.000</ele>
      </trkpt>
      <trkpt lat="46.394460000" lon="5.967940000">
        <ele>1155.000</ele>
      </trkpt>
      <trkpt lat="46.394580000" lon="5.967830000">
        <ele>1155.000</ele>
      </trkpt>
      <trkpt lat="46.394630000" lon="5.967770000">
        <ele>1155.000</ele>
      </trkpt>
      <trkpt lat="46.394680000" lon="5.967710000">
        <ele>1155.000</ele>
      </trkpt>
      <trkpt lat="46.394750000" lon="5.967620000">
        <ele>1155.000</ele>
      </trkpt>
      <trkpt lat="46.394800000" lon="5.967530000">
        <ele>1155.000</ele>
      </trkpt>
      <trkpt lat="46.394870000" lon="5.967410000">
        <ele>1155.000</ele>
      </trkpt>
      <trkpt lat="46.394920000" lon="5.967300000">
        <ele>1155.000</ele>
      </trkpt>
      <trkpt lat="46.395010000" lon="5.967100000">
        <ele>1155.000</ele>
      </trkpt>
      <trkpt lat="46.395030000" lon="5.967060000">
        <ele>1155.000</ele>
      </trkpt>
      <trkpt lat="46.395080000" lon="5.967000000">
        <ele>1155.000</ele>
      </trkpt>
      <trkpt lat="46.395120000" lon="5.966970000">
        <ele>1155.000</ele>
      </trkpt>
      <trkpt lat="46.395180000" lon="5.966920000">
        <ele>1155.000</ele>
      </trkpt>
      <trkpt lat="46.395220000" lon="5.966890000">
        <ele>1155.000</ele>
      </trkpt>
      <trkpt lat="46.395230000" lon="5.966880000">
        <ele>1155.000</ele>
      </trkpt>
      <trkpt lat="46.395380000" lon="5.966760000">
        <ele>1155.000</ele>
      </trkpt>
      <trkpt lat="46.395380000" lon="5.966760000">
        <ele>1155.000</ele>
      </trkpt>
      <trkpt lat="46.395380000" lon="5.966760000">
        <ele>1155.000</ele>
      </trkpt>
      <trkpt lat="46.395390000" lon="5.966750000">
        <ele>1155.000</ele>
      </trkpt>
      <trkpt lat="46.395400000" lon="5.966740000">
        <ele>1155.000</ele>
      </trkpt>
      <trkpt lat="46.395410000" lon="5.966730000">
        <ele>1155.000</ele>
      </trkpt>
      <trkpt lat="46.395490000" lon="5.966660000">
        <ele>1155.000</ele>
      </trkpt>
      <trkpt lat="46.395900000" lon="5.966340000">
        <ele>1155.000</ele>
      </trkpt>
      <trkpt lat="46.396080000" lon="5.966180000">
        <ele>1155.000</ele>
      </trkpt>
      <trkpt lat="46.396210000" lon="5.966070000">
        <ele>1155.000</ele>
      </trkpt>
      <trkpt lat="46.396320000" lon="5.965970000">
        <ele>1155.000</ele>
      </trkpt>
      <trkpt lat="46.396400000" lon="5.965860000">
        <ele>1155.000</ele>
      </trkpt>
      <trkpt lat="46.396460000" lon="5.965770000">
        <ele>1155.000</ele>
      </trkpt>
      <trkpt lat="46.396480000" lon="5.965790000">
        <ele>1155.000</ele>
      </trkpt>
      <trkpt lat="46.396550000" lon="5.965850000">
        <ele>1155.000</ele>
      </trkpt>
      <trkpt lat="46.396720000" lon="5.966000000">
        <ele>1155.000</ele>
      </trkpt>
      <trkpt lat="46.396740000" lon="5.966020000">
        <ele>1155.000</ele>
      </trkpt>
      <trkpt lat="46.396800000" lon="5.966120000">
        <ele>1155.000</ele>
      </trkpt>
      <trkpt lat="46.396830000" lon="5.966210000">
        <ele>1155.000</ele>
      </trkpt>
      <trkpt lat="46.396910000" lon="5.966390000">
        <ele>1155.000</ele>
      </trkpt>
      <trkpt lat="46.396950000" lon="5.966500000">
        <ele>1155.000</ele>
      </trkpt>
      <trkpt lat="46.397020000" lon="5.966600000">
        <ele>1155.000</ele>
      </trkpt>
      <trkpt lat="46.397090000" lon="5.966640000">
        <ele>1155.000</ele>
      </trkpt>
      <trkpt lat="46.397130000" lon="5.966660000">
        <ele>1155.000</ele>
      </trkpt>
      <trkpt lat="46.397170000" lon="5.966680000">
        <ele>1155.000</ele>
      </trkpt>
      <trkpt lat="46.397310000" lon="5.966660000">
        <ele>1155.000</ele>
      </trkpt>
      <trkpt lat="46.397460000" lon="5.966600000">
        <ele>1155.000</ele>
      </trkpt>
      <trkpt lat="46.397490000" lon="5.966580000">
        <ele>1155.000</ele>
      </trkpt>
      <trkpt lat="46.397610000" lon="5.966510000">
        <ele>1155.000</ele>
      </trkpt>
      <trkpt lat="46.397780000" lon="5.966400000">
        <ele>1155.000</ele>
      </trkpt>
      <trkpt lat="46.397860000" lon="5.966340000">
        <ele>1156.000</ele>
      </trkpt>
      <trkpt lat="46.397950000" lon="5.966290000">
        <ele>1156.000</ele>
      </trkpt>
      <trkpt lat="46.398090000" lon="5.966250000">
        <ele>1156.000</ele>
      </trkpt>
      <trkpt lat="46.398270000" lon="5.966280000">
        <ele>1156.000</ele>
      </trkpt>
      <trkpt lat="46.398350000" lon="5.966290000">
        <ele>1157.000</ele>
      </trkpt>
      <trkpt lat="46.398600000" lon="5.966350000">
        <ele>1157.000</ele>
      </trkpt>
      <trkpt lat="46.398750000" lon="5.966360000">
        <ele>1158.000</ele>
      </trkpt>
      <trkpt lat="46.398760000" lon="5.966360000">
        <ele>1158.000</ele>
      </trkpt>
      <trkpt lat="46.398900000" lon="5.966370000">
        <ele>1158.000</ele>
      </trkpt>
      <trkpt lat="46.399110000" lon="5.966290000">
        <ele>1159.000</ele>
      </trkpt>
      <trkpt lat="46.399200000" lon="5.966240000">
        <ele>1159.000</ele>
      </trkpt>
      <trkpt lat="46.399310000" lon="5.966140000">
        <ele>1159.000</ele>
      </trkpt>
      <trkpt lat="46.399500000" lon="5.965870000">
        <ele>1160.000</ele>
      </trkpt>
      <trkpt lat="46.399570000" lon="5.965820000">
        <ele>1160.000</ele>
      </trkpt>
      <trkpt lat="46.399640000" lon="5.965790000">
        <ele>1160.000</ele>
      </trkpt>
      <trkpt lat="46.399730000" lon="5.965780000">
        <ele>1160.000</ele>
      </trkpt>
      <trkpt lat="46.399970000" lon="5.965800000">
        <ele>1161.000</ele>
      </trkpt>
      <trkpt lat="46.400160000" lon="5.965820000">
        <ele>1161.000</ele>
      </trkpt>
      <trkpt lat="46.400460000" lon="5.965830000">
        <ele>1161.000</ele>
      </trkpt>
      <trkpt lat="46.400840000" lon="5.965810000">
        <ele>1162.000</ele>
      </trkpt>
      <trkpt lat="46.401160000" lon="5.965820000">
        <ele>1163.000</ele>
      </trkpt>
      <trkpt lat="46.401560000" lon="5.965640000">
        <ele>1164.000</ele>
      </trkpt>
      <trkpt lat="46.401660000" lon="5.965570000">
        <ele>1165.000</ele>
      </trkpt>
      <trkpt lat="46.401900000" lon="5.965500000">
        <ele>1167.000</ele>
      </trkpt>
      <trkpt lat="46.402130000" lon="5.965470000">
        <ele>1168.000</ele>
      </trkpt>
      <trkpt lat="46.402170000" lon="5.965450000">
        <ele>1169.000</ele>
      </trkpt>
      <trkpt lat="46.402280000" lon="5.965410000">
        <ele>1170.000</ele>
      </trkpt>
      <trkpt lat="46.402470000" lon="5.965310000">
        <ele>1171.000</ele>
      </trkpt>
      <trkpt lat="46.402600000" lon="5.965240000">
        <ele>1172.000</ele>
      </trkpt>
      <trkpt lat="46.402760000" lon="5.965190000">
        <ele>1173.000</ele>
      </trkpt>
      <trkpt lat="46.403060000" lon="5.965090000">
        <ele>1174.000</ele>
      </trkpt>
      <trkpt lat="46.403170000" lon="5.964980000">
        <ele>1175.000</ele>
      </trkpt>
      <trkpt lat="46.403250000" lon="5.964860000">
        <ele>1175.000</ele>
      </trkpt>
      <trkpt lat="46.403420000" lon="5.964620000">
        <ele>1176.000</ele>
      </trkpt>
      <trkpt lat="46.403620000" lon="5.964440000">
        <ele>1177.000</ele>
      </trkpt>
      <trkpt lat="46.403880000" lon="5.964380000">
        <ele>1179.000</ele>
      </trkpt>
      <trkpt lat="46.404130000" lon="5.964300000">
        <ele>1180.000</ele>
      </trkpt>
      <trkpt lat="46.404380000" lon="5.964180000">
        <ele>1181.000</ele>
      </trkpt>
      <trkpt lat="46.404620000" lon="5.964040000">
        <ele>1182.000</ele>
      </trkpt>
      <trkpt lat="46.404960000" lon="5.963980000">
        <ele>1181.000</ele>
      </trkpt>
      <trkpt lat="46.405290000" lon="5.963960000">
        <ele>1181.000</ele>
      </trkpt>
      <trkpt lat="46.405470000" lon="5.963910000">
        <ele>1180.000</ele>
      </trkpt>
      <trkpt lat="46.405790000" lon="5.963830000">
        <ele>1180.000</ele>
      </trkpt>
      <trkpt lat="46.405970000" lon="5.963780000">
        <ele>1179.000</ele>
      </trkpt>
      <trkpt lat="46.406240000" lon="5.963790000">
        <ele>1178.000</ele>
      </trkpt>
      <trkpt lat="46.406350000" lon="5.963840000">
        <ele>1178.000</ele>
      </trkpt>
      <trkpt lat="46.406620000" lon="5.963970000">
        <ele>1177.000</ele>
      </trkpt>
      <trkpt lat="46.406950000" lon="5.964150000">
        <ele>1176.000</ele>
      </trkpt>
      <trkpt lat="46.407580000" lon="5.964500000">
        <ele>1175.000</ele>
      </trkpt>
      <trkpt lat="46.407810000" lon="5.964570000">
        <ele>1175.000</ele>
      </trkpt>
      <trkpt lat="46.408140000" lon="5.964600000">
        <ele>1174.000</ele>
      </trkpt>
      <trkpt lat="46.408190000" lon="5.964600000">
        <ele>1173.000</ele>
      </trkpt>
      <trkpt lat="46.408410000" lon="5.964620000">
        <ele>1173.000</ele>
      </trkpt>
      <trkpt lat="46.408570000" lon="5.964690000">
        <ele>1173.000</ele>
      </trkpt>
      <trkpt lat="46.408710000" lon="5.964800000">
        <ele>1172.000</ele>
      </trkpt>
      <trkpt lat="46.408840000" lon="5.964950000">
        <ele>1172.000</ele>
      </trkpt>
      <trkpt lat="46.408970000" lon="5.965130000">
        <ele>1172.000</ele>
      </trkpt>
      <trkpt lat="46.409230000" lon="5.965530000">
        <ele>1172.000</ele>
      </trkpt>
      <trkpt lat="46.409350000" lon="5.965640000">
        <ele>1171.000</ele>
      </trkpt>
      <trkpt lat="46.409520000" lon="5.965740000">
        <ele>1171.000</ele>
      </trkpt>
      <trkpt lat="46.409660000" lon="5.965830000">
        <ele>1171.000</ele>
      </trkpt>
      <trkpt lat="46.409880000" lon="5.966020000">
        <ele>1171.000</ele>
      </trkpt>
      <trkpt lat="46.410140000" lon="5.966270000">
        <ele>1171.000</ele>
      </trkpt>
      <trkpt lat="46.410480000" lon="5.966610000">
        <ele>1171.000</ele>
      </trkpt>
      <trkpt lat="46.410860000" lon="5.967110000">
        <ele>1172.000</ele>
      </trkpt>
      <trkpt lat="46.411250000" lon="5.967600000">
        <ele>1172.000</ele>
      </trkpt>
      <trkpt lat="46.411860000" lon="5.968250000">
        <ele>1173.000</ele>
      </trkpt>
      <trkpt lat="46.412110000" lon="5.968570000">
        <ele>1174.000</ele>
      </trkpt>
      <trkpt lat="46.412290000" lon="5.968850000">
        <ele>1175.000</ele>
      </trkpt>
      <trkpt lat="46.412470000" lon="5.969100000">
        <ele>1176.000</ele>
      </trkpt>
      <trkpt lat="46.412660000" lon="5.969330000">
        <ele>1176.000</ele>
      </trkpt>
      <trkpt lat="46.412910000" lon="5.969510000">
        <ele>1176.000</ele>
      </trkpt>
      <trkpt lat="46.413290000" lon="5.969680000">
        <ele>1174.000</ele>
      </trkpt>
      <trkpt lat="46.413570000" lon="5.969820000">
        <ele>1172.000</ele>
      </trkpt>
      <trkpt lat="46.413770000" lon="5.969910000">
        <ele>1171.000</ele>
      </trkpt>
      <trkpt lat="46.414640000" lon="5.970320000">
        <ele>1167.000</ele>
      </trkpt>
      <trkpt lat="46.415060000" lon="5.970520000">
        <ele>1164.000</ele>
      </trkpt>
      <trkpt lat="46.416240000" lon="5.971110000">
        <ele>1164.000</ele>
      </trkpt>
      <trkpt lat="46.416490000" lon="5.971210000">
        <ele>1164.000</ele>
      </trkpt>
      <trkpt lat="46.416800000" lon="5.971250000">
        <ele>1164.000</ele>
      </trkpt>
      <trkpt lat="46.416970000" lon="5.971230000">
        <ele>1163.000</ele>
      </trkpt>
      <trkpt lat="46.417200000" lon="5.971150000">
        <ele>1163.000</ele>
      </trkpt>
      <trkpt lat="46.417570000" lon="5.970860000">
        <ele>1163.000</ele>
      </trkpt>
      <trkpt lat="46.419240000" lon="5.969740000">
        <ele>1162.000</ele>
      </trkpt>
      <trkpt lat="46.419330000" lon="5.969710000">
        <ele>1162.000</ele>
      </trkpt>
      <trkpt lat="46.419510000" lon="5.969660000">
        <ele>1162.000</ele>
      </trkpt>
      <trkpt lat="46.419650000" lon="5.969640000">
        <ele>1163.000</ele>
      </trkpt>
      <trkpt lat="46.419910000" lon="5.969580000">
        <ele>1164.000</ele>
      </trkpt>
      <trkpt lat="46.420080000" lon="5.969560000">
        <ele>1166.000</ele>
      </trkpt>
      <trkpt lat="46.420220000" lon="5.969560000">
        <ele>1167.000</ele>
      </trkpt>
      <trkpt lat="46.420640000" lon="5.969560000">
        <ele>1169.000</ele>
      </trkpt>
      <trkpt lat="46.420750000" lon="5.969560000">
        <ele>1171.000</ele>
      </trkpt>
      <trkpt lat="46.420850000" lon="5.969540000">
        <ele>1172.000</ele>
      </trkpt>
      <trkpt lat="46.420930000" lon="5.969520000">
        <ele>1173.000</ele>
      </trkpt>
      <trkpt lat="46.421000000" lon="5.969490000">
        <ele>1175.000</ele>
      </trkpt>
      <trkpt lat="46.421090000" lon="5.969430000">
        <ele>1176.000</ele>
      </trkpt>
      <trkpt lat="46.421170000" lon="5.969360000">
        <ele>1176.000</ele>
      </trkpt>
      <trkpt lat="46.421230000" lon="5.969260000">
        <ele>1177.000</ele>
      </trkpt>
      <trkpt lat="46.421290000" lon="5.969150000">
        <ele>1177.000</ele>
      </trkpt>
      <trkpt lat="46.421340000" lon="5.969030000">
        <ele>1177.000</ele>
      </trkpt>
      <trkpt lat="46.421390000" lon="5.968890000">
        <ele>1177.000</ele>
      </trkpt>
      <trkpt lat="46.421420000" lon="5.968740000">
        <ele>1178.000</ele>
      </trkpt>
      <trkpt lat="46.421440000" lon="5.968570000">
        <ele>1178.000</ele>
      </trkpt>
      <trkpt lat="46.421470000" lon="5.968360000">
        <ele>1178.000</ele>
      </trkpt>
      <trkpt lat="46.421500000" lon="5.968030000">
        <ele>1178.000</ele>
      </trkpt>
      <trkpt lat="46.421580000" lon="5.967200000">
        <ele>1178.000</ele>
      </trkpt>
      <trkpt lat="46.421590000" lon="5.967070000">
        <ele>1178.000</ele>
      </trkpt>
      <trkpt lat="46.421590000" lon="5.966970000">
        <ele>1178.000</ele>
      </trkpt>
      <trkpt lat="46.421590000" lon="5.966850000">
        <ele>1178.000</ele>
      </trkpt>
      <trkpt lat="46.421570000" lon="5.966700000">
        <ele>1178.000</ele>
      </trkpt>
      <trkpt lat="46.421530000" lon="5.966560000">
        <ele>1177.000</ele>
      </trkpt>
      <trkpt lat="46.421500000" lon="5.966450000">
        <ele>1177.000</ele>
      </trkpt>
      <trkpt lat="46.421470000" lon="5.966350000">
        <ele>1176.000</ele>
      </trkpt>
      <trkpt lat="46.421400000" lon="5.966220000">
        <ele>1176.000</ele>
      </trkpt>
      <trkpt lat="46.421330000" lon="5.966100000">
        <ele>1175.000</ele>
      </trkpt>
      <trkpt lat="46.421210000" lon="5.965910000">
        <ele>1174.000</ele>
      </trkpt>
      <trkpt lat="46.421140000" lon="5.965770000">
        <ele>1173.000</ele>
      </trkpt>
      <trkpt lat="46.421100000" lon="5.965680000">
        <ele>1173.000</ele>
      </trkpt>
      <trkpt lat="46.421070000" lon="5.965570000">
        <ele>1172.000</ele>
      </trkpt>
      <trkpt lat="46.421040000" lon="5.965450000">
        <ele>1171.000</ele>
      </trkpt>
      <trkpt lat="46.421030000" lon="5.965330000">
        <ele>1171.000</ele>
      </trkpt>
      <trkpt lat="46.421020000" lon="5.965190000">
        <ele>1170.000</ele>
      </trkpt>
      <trkpt lat="46.421020000" lon="5.965080000">
        <ele>1169.000</ele>
      </trkpt>
      <trkpt lat="46.421020000" lon="5.964930000">
        <ele>1169.000</ele>
      </trkpt>
      <trkpt lat="46.421060000" lon="5.964800000">
        <ele>1168.000</ele>
      </trkpt>
      <trkpt lat="46.421100000" lon="5.964690000">
        <ele>1167.000</ele>
      </trkpt>
      <trkpt lat="46.421150000" lon="5.964600000">
        <ele>1167.000</ele>
      </trkpt>
      <trkpt lat="46.421240000" lon="5.964460000">
        <ele>1166.000</ele>
      </trkpt>
      <trkpt lat="46.421330000" lon="5.964350000">
        <ele>1166.000</ele>
      </trkpt>
      <trkpt lat="46.421430000" lon="5.964220000">
        <ele>1165.000</ele>
      </trkpt>
      <trkpt lat="46.421600000" lon="5.964020000">
        <ele>1165.000</ele>
      </trkpt>
      <trkpt lat="46.421800000" lon="5.963790000">
        <ele>1164.000</ele>
      </trkpt>
      <trkpt lat="46.421870000" lon="5.963720000">
        <ele>1164.000</ele>
      </trkpt>
      <trkpt lat="46.421940000" lon="5.963670000">
        <ele>1164.000</ele>
      </trkpt>
      <trkpt lat="46.422040000" lon="5.963600000">
        <ele>1163.000</ele>
      </trkpt>
      <trkpt lat="46.422200000" lon="5.963490000">
        <ele>1163.000</ele>
      </trkpt>
      <trkpt lat="46.422340000" lon="5.963410000">
        <ele>1162.000</ele>
      </trkpt>
      <trkpt lat="46.422610000" lon="5.963200000">
        <ele>1162.000</ele>
      </trkpt>
      <trkpt lat="46.422720000" lon="5.963110000">
        <ele>1161.000</ele>
      </trkpt>
      <trkpt lat="46.422770000" lon="5.963070000">
        <ele>1161.000</ele>
      </trkpt>
      <trkpt lat="46.422830000" lon="5.963040000">
        <ele>1161.000</ele>
      </trkpt>
      <trkpt lat="46.422900000" lon="5.963020000">
        <ele>1160.000</ele>
      </trkpt>
      <trkpt lat="46.422950000" lon="5.963010000">
        <ele>1160.000</ele>
      </trkpt>
      <trkpt lat="46.423000000" lon="5.963010000">
        <ele>1160.000</ele>
      </trkpt>
      <trkpt lat="46.423060000" lon="5.963030000">
        <ele>1160.000</ele>
      </trkpt>
      <trkpt lat="46.423110000" lon="5.963050000">
        <ele>1160.000</ele>
      </trkpt>
      <trkpt lat="46.423180000" lon="5.963090000">
        <ele>1159.000</ele>
      </trkpt>
      <trkpt lat="46.423220000" lon="5.963110000">
        <ele>1159.000</ele>
      </trkpt>
      <trkpt lat="46.423270000" lon="5.963120000">
        <ele>1159.000</ele>
      </trkpt>
      <trkpt lat="46.423300000" lon="5.963120000">
        <ele>1159.000</ele>
      </trkpt>
      <trkpt lat="46.423330000" lon="5.963100000">
        <ele>1159.000</ele>
      </trkpt>
      <trkpt lat="46.423360000" lon="5.963070000">
        <ele>1159.000</ele>
      </trkpt>
      <trkpt lat="46.423380000" lon="5.963030000">
        <ele>1158.000</ele>
      </trkpt>
      <trkpt lat="46.423400000" lon="5.962970000">
        <ele>1158.000</ele>
      </trkpt>
      <trkpt lat="46.423400000" lon="5.962890000">
        <ele>1158.000</ele>
      </trkpt>
      <trkpt lat="46.423410000" lon="5.962770000">
        <ele>1158.000</ele>
      </trkpt>
      <trkpt lat="46.423410000" lon="5.962630000">
        <ele>1158.000</ele>
      </trkpt>
      <trkpt lat="46.423400000" lon="5.962470000">
        <ele>1158.000</ele>
      </trkpt>
      <trkpt lat="46.423400000" lon="5.962320000">
        <ele>1157.000</ele>
      </trkpt>
      <trkpt lat="46.423410000" lon="5.962190000">
        <ele>1157.000</ele>
      </trkpt>
      <trkpt lat="46.423430000" lon="5.962080000">
        <ele>1157.000</ele>
      </trkpt>
      <trkpt lat="46.423470000" lon="5.961980000">
        <ele>1156.000</ele>
      </trkpt>
      <trkpt lat="46.423520000" lon="5.961880000">
        <ele>1156.000</ele>
      </trkpt>
      <trkpt lat="46.423580000" lon="5.961780000">
        <ele>1156.000</ele>
      </trkpt>
      <trkpt lat="46.423680000" lon="5.961660000">
        <ele>1156.000</ele>
      </trkpt>
      <trkpt lat="46.423770000" lon="5.961550000">
        <ele>1155.000</ele>
      </trkpt>
      <trkpt lat="46.423840000" lon="5.961480000">
        <ele>1155.000</ele>
      </trkpt>
      <trkpt lat="46.423920000" lon="5.961410000">
        <ele>1154.000</ele>
      </trkpt>
      <trkpt lat="46.423990000" lon="5.961370000">
        <ele>1154.000</ele>
      </trkpt>
      <trkpt lat="46.424040000" lon="5.961340000">
        <ele>1153.000</ele>
      </trkpt>
      <trkpt lat="46.424100000" lon="5.961320000">
        <ele>1153.000</ele>
      </trkpt>
      <trkpt lat="46.424170000" lon="5.961300000">
        <ele>1152.000</ele>
      </trkpt>
      <trkpt lat="46.424230000" lon="5.961290000">
        <ele>1152.000</ele>
      </trkpt>
      <trkpt lat="46.424290000" lon="5.961290000">
        <ele>1152.000</ele>
      </trkpt>
      <trkpt lat="46.424340000" lon="5.961300000">
        <ele>1151.000</ele>
      </trkpt>
      <trkpt lat="46.424390000" lon="5.961320000">
        <ele>1151.000</ele>
      </trkpt>
      <trkpt lat="46.424440000" lon="5.961360000">
        <ele>1150.000</ele>
      </trkpt>
      <trkpt lat="46.424500000" lon="5.961410000">
        <ele>1150.000</ele>
      </trkpt>
      <trkpt lat="46.424520000" lon="5.961450000">
        <ele>1150.000</ele>
      </trkpt>
      <trkpt lat="46.424550000" lon="5.961500000">
        <ele>1149.000</ele>
      </trkpt>
      <trkpt lat="46.424580000" lon="5.961560000">
        <ele>1149.000</ele>
      </trkpt>
      <trkpt lat="46.424600000" lon="5.961620000">
        <ele>1149.000</ele>
      </trkpt>
      <trkpt lat="46.424610000" lon="5.961700000">
        <ele>1148.000</ele>
      </trkpt>
      <trkpt lat="46.424620000" lon="5.961790000">
        <ele>1148.000</ele>
      </trkpt>
      <trkpt lat="46.424620000" lon="5.961900000">
        <ele>1148.000</ele>
      </trkpt>
      <trkpt lat="46.424640000" lon="5.962000000">
        <ele>1147.000</ele>
      </trkpt>
      <trkpt lat="46.424660000" lon="5.962090000">
        <ele>1147.000</ele>
      </trkpt>
      <trkpt lat="46.424680000" lon="5.962140000">
        <ele>1146.000</ele>
      </trkpt>
      <trkpt lat="46.424720000" lon="5.962200000">
        <ele>1146.000</ele>
      </trkpt>
      <trkpt lat="46.424780000" lon="5.962250000">
        <ele>1146.000</ele>
      </trkpt>
      <trkpt lat="46.424830000" lon="5.962270000">
        <ele>1145.000</ele>
      </trkpt>
      <trkpt lat="46.424890000" lon="5.962280000">
        <ele>1145.000</ele>
      </trkpt>
      <trkpt lat="46.424960000" lon="5.962260000">
        <ele>1144.000</ele>
      </trkpt>
      <trkpt lat="46.425040000" lon="5.962230000">
        <ele>1144.000</ele>
      </trkpt>
      <trkpt lat="46.425110000" lon="5.962170000">
        <ele>1143.000</ele>
      </trkpt>
      <trkpt lat="46.425190000" lon="5.962100000">
        <ele>1143.000</ele>
      </trkpt>
      <trkpt lat="46.425310000" lon="5.961980000">
        <ele>1142.000</ele>
      </trkpt>
      <trkpt lat="46.425400000" lon="5.961890000">
        <ele>1141.000</ele>
      </trkpt>
      <trkpt lat="46.425590000" lon="5.961690000">
        <ele>1140.000</ele>
      </trkpt>
      <trkpt lat="46.425690000" lon="5.961580000">
        <ele>1138.000</ele>
      </trkpt>
      <trkpt lat="46.425750000" lon="5.961510000">
        <ele>1137.000</ele>
      </trkpt>
      <trkpt lat="46.425830000" lon="5.961410000">
        <ele>1136.000</ele>
      </trkpt>
      <trkpt lat="46.425890000" lon="5.961300000">
        <ele>1135.000</ele>
      </trkpt>
      <trkpt lat="46.425940000" lon="5.961190000">
        <ele>1134.000</ele>
      </trkpt>
      <trkpt lat="46.425980000" lon="5.961070000">
        <ele>1133.000</ele>
      </trkpt>
      <trkpt lat="46.426010000" lon="5.960940000">
        <ele>1132.000</ele>
      </trkpt>
      <trkpt lat="46.426120000" lon="5.960590000">
        <ele>1130.000</ele>
      </trkpt>
      <trkpt lat="46.426270000" lon="5.960070000">
        <ele>1128.000</ele>
      </trkpt>
      <trkpt lat="46.426320000" lon="5.959900000">
        <ele>1126.000</ele>
      </trkpt>
      <trkpt lat="46.426340000" lon="5.959780000">
        <ele>1125.000</ele>
      </trkpt>
      <trkpt lat="46.426360000" lon="5.959660000">
        <ele>1124.000</ele>
      </trkpt>
      <trkpt lat="46.426370000" lon="5.959560000">
        <ele>1124.000</ele>
      </trkpt>
      <trkpt lat="46.426370000" lon="5.959460000">
        <ele>1123.000</ele>
      </trkpt>
      <trkpt lat="46.426360000" lon="5.959340000">
        <ele>1122.000</ele>
      </trkpt>
      <trkpt lat="46.426350000" lon="5.959230000">
        <ele>1122.000</ele>
      </trkpt>
      <trkpt lat="46.426320000" lon="5.959110000">
        <ele>1122.000</ele>
      </trkpt>
      <trkpt lat="46.426280000" lon="5.958990000">
        <ele>1121.000</ele>
      </trkpt>
      <trkpt lat="46.426240000" lon="5.958840000">
        <ele>1121.000</ele>
      </trkpt>
      <trkpt lat="46.426200000" lon="5.958710000">
        <ele>1121.000</ele>
      </trkpt>
      <trkpt lat="46.426180000" lon="5.958600000">
        <ele>1120.000</ele>
      </trkpt>
      <trkpt lat="46.426150000" lon="5.958320000">
        <ele>1120.000</ele>
      </trkpt>
      <trkpt lat="46.426140000" lon="5.958190000">
        <ele>1119.000</ele>
      </trkpt>
      <trkpt lat="46.426140000" lon="5.958080000">
        <ele>1119.000</ele>
      </trkpt>
      <trkpt lat="46.426140000" lon="5.957940000">
        <ele>1119.000</ele>
      </trkpt>
      <trkpt lat="46.426150000" lon="5.957790000">
        <ele>1118.000</ele>
      </trkpt>
      <trkpt lat="46.426160000" lon="5.957670000">
        <ele>1118.000</ele>
      </trkpt>
      <trkpt lat="46.426180000" lon="5.957560000">
        <ele>1117.000</ele>
      </trkpt>
      <trkpt lat="46.426200000" lon="5.957470000">
        <ele>1117.000</ele>
      </trkpt>
      <trkpt lat="46.426230000" lon="5.957390000">
        <ele>1117.000</ele>
      </trkpt>
      <trkpt lat="46.426260000" lon="5.957350000">
        <ele>1117.000</ele>
      </trkpt>
      <trkpt lat="46.427150000" lon="5.956810000">
        <ele>1116.000</ele>
      </trkpt>
      <trkpt lat="46.427280000" lon="5.956740000">
        <ele>1116.000</ele>
      </trkpt>
      <trkpt lat="46.427400000" lon="5.956700000">
        <ele>1116.000</ele>
      </trkpt>
      <trkpt lat="46.427500000" lon="5.956680000">
        <ele>1116.000</ele>
      </trkpt>
      <trkpt lat="46.427590000" lon="5.956690000">
        <ele>1116.000</ele>
      </trkpt>
      <trkpt lat="46.427660000" lon="5.956720000">
        <ele>1116.000</ele>
      </trkpt>
      <trkpt lat="46.427750000" lon="5.956760000">
        <ele>1116.000</ele>
      </trkpt>
      <trkpt lat="46.427820000" lon="5.956820000">
        <ele>1116.000</ele>
      </trkpt>
      <trkpt lat="46.427890000" lon="5.956900000">
        <ele>1116.000</ele>
      </trkpt>
      <trkpt lat="46.427950000" lon="5.957000000">
        <ele>1115.000</ele>
      </trkpt>
      <trkpt lat="46.428020000" lon="5.957110000">
        <ele>1115.000</ele>
      </trkpt>
      <trkpt lat="46.428090000" lon="5.957280000">
        <ele>1115.000</ele>
      </trkpt>
      <trkpt lat="46.428160000" lon="5.957490000">
        <ele>1115.000</ele>
      </trkpt>
      <trkpt lat="46.428240000" lon="5.957680000">
        <ele>1114.000</ele>
      </trkpt>
      <trkpt lat="46.428320000" lon="5.957840000">
        <ele>1114.000</ele>
      </trkpt>
      <trkpt lat="46.428400000" lon="5.957980000">
        <ele>1113.000</ele>
      </trkpt>
      <trkpt lat="46.428580000" lon="5.958240000">
        <ele>1113.000</ele>
      </trkpt>
      <trkpt lat="46.428790000" lon="5.958490000">
        <ele>1112.000</ele>
      </trkpt>
      <trkpt lat="46.429200000" lon="5.958940000">
        <ele>1111.000</ele>
      </trkpt>
      <trkpt lat="46.429650000" lon="5.959440000">
        <ele>1109.000</ele>
      </trkpt>
      <trkpt lat="46.429780000" lon="5.959570000">
        <ele>1107.000</ele>
      </trkpt>
      <trkpt lat="46.429900000" lon="5.959660000">
        <ele>1105.000</ele>
      </trkpt>
      <trkpt lat="46.430010000" lon="5.959720000">
        <ele>1104.000</ele>
      </trkpt>
      <trkpt lat="46.430150000" lon="5.959770000">
        <ele>1102.000</ele>
      </trkpt>
      <trkpt lat="46.430510000" lon="5.959910000">
        <ele>1100.000</ele>
      </trkpt>
      <trkpt lat="46.431010000" lon="5.960090000">
        <ele>1097.000</ele>
      </trkpt>
      <trkpt lat="46.431200000" lon="5.960150000">
        <ele>1095.000</ele>
      </trkpt>
      <trkpt lat="46.431310000" lon="5.960190000">
        <ele>1094.000</ele>
      </trkpt>
      <trkpt lat="46.431670000" lon="5.960280000">
        <ele>1092.000</ele>
      </trkpt>
      <trkpt lat="46.431830000" lon="5.960310000">
        <ele>1091.000</ele>
      </trkpt>
      <trkpt lat="46.432070000" lon="5.960350000">
        <ele>1090.000</ele>
      </trkpt>
      <trkpt lat="46.432350000" lon="5.960410000">
        <ele>1090.000</ele>
      </trkpt>
      <trkpt lat="46.432490000" lon="5.960440000">
        <ele>1089.000</ele>
      </trkpt>
      <trkpt lat="46.432610000" lon="5.960490000">
        <ele>1088.000</ele>
      </trkpt>
      <trkpt lat="46.432710000" lon="5.960540000">
        <ele>1088.000</ele>
      </trkpt>
      <trkpt lat="46.432820000" lon="5.960610000">
        <ele>1087.000</ele>
      </trkpt>
      <trkpt lat="46.432920000" lon="5.960680000">
        <ele>1087.000</ele>
      </trkpt>
      <trkpt lat="46.433030000" lon="5.960770000">
        <ele>1087.000</ele>
      </trkpt>
      <trkpt lat="46.433120000" lon="5.960850000">
        <ele>1088.000</ele>
      </trkpt>
      <trkpt lat="46.433250000" lon="5.960980000">
        <ele>1088.000</ele>
      </trkpt>
      <trkpt lat="46.433460000" lon="5.961190000">
        <ele>1089.000</ele>
      </trkpt>
      <trkpt lat="46.433560000" lon="5.961320000">
        <ele>1090.000</ele>
      </trkpt>
      <trkpt lat="46.433650000" lon="5.961440000">
        <ele>1090.000</ele>
      </trkpt>
      <trkpt lat="46.433730000" lon="5.961560000">
        <ele>1091.000</ele>
      </trkpt>
      <trkpt lat="46.433820000" lon="5.961710000">
        <ele>1092.000</ele>
      </trkpt>
      <trkpt lat="46.433890000" lon="5.961850000">
        <ele>1092.000</ele>
      </trkpt>
      <trkpt lat="46.433930000" lon="5.961980000">
        <ele>1093.000</ele>
      </trkpt>
      <trkpt lat="46.433970000" lon="5.962150000">
        <ele>1094.000</ele>
      </trkpt>
      <trkpt lat="46.434000000" lon="5.962340000">
        <ele>1094.000</ele>
      </trkpt>
      <trkpt lat="46.434020000" lon="5.962560000">
        <ele>1095.000</ele>
      </trkpt>
      <trkpt lat="46.434040000" lon="5.962760000">
        <ele>1096.000</ele>
      </trkpt>
      <trkpt lat="46.434050000" lon="5.963010000">
        <ele>1097.000</ele>
      </trkpt>
      <trkpt lat="46.434060000" lon="5.963200000">
        <ele>1097.000</ele>
      </trkpt>
      <trkpt lat="46.434070000" lon="5.963410000">
        <ele>1098.000</ele>
      </trkpt>
      <trkpt lat="46.434090000" lon="5.963580000">
        <ele>1099.000</ele>
      </trkpt>
      <trkpt lat="46.434120000" lon="5.963740000">
        <ele>1100.000</ele>
      </trkpt>
      <trkpt lat="46.434140000" lon="5.963810000">
        <ele>1100.000</ele>
      </trkpt>
      <trkpt lat="46.434150000" lon="5.963880000">
        <ele>1101.000</ele>
      </trkpt>
      <trkpt lat="46.434200000" lon="5.964070000">
        <ele>1101.000</ele>
      </trkpt>
      <trkpt lat="46.434280000" lon="5.964350000">
        <ele>1102.000</ele>
      </trkpt>
      <trkpt lat="46.434360000" lon="5.964670000">
        <ele>1103.000</ele>
      </trkpt>
      <trkpt lat="46.434420000" lon="5.964860000">
        <ele>1104.000</ele>
      </trkpt>
      <trkpt lat="46.434500000" lon="5.965120000">
        <ele>1105.000</ele>
      </trkpt>
      <trkpt lat="46.434550000" lon="5.965260000">
        <ele>1106.000</ele>
      </trkpt>
      <trkpt lat="46.434610000" lon="5.965390000">
        <ele>1106.000</ele>
      </trkpt>
      <trkpt lat="46.434680000" lon="5.965520000">
        <ele>1107.000</ele>
      </trkpt>
      <trkpt lat="46.434760000" lon="5.965640000">
        <ele>1108.000</ele>
      </trkpt>
      <trkpt lat="46.434850000" lon="5.965750000">
        <ele>1109.000</ele>
      </trkpt>
      <trkpt lat="46.434940000" lon="5.965860000">
        <ele>1110.000</ele>
      </trkpt>
      <trkpt lat="46.435060000" lon="5.965970000">
        <ele>1111.000</ele>
      </trkpt>
      <trkpt lat="46.435220000" lon="5.966100000">
        <ele>1112.000</ele>
      </trkpt>
      <trkpt lat="46.435460000" lon="5.966330000">
        <ele>1113.000</ele>
      </trkpt>
      <trkpt lat="46.435620000" lon="5.966490000">
        <ele>1114.000</ele>
      </trkpt>
      <trkpt lat="46.435840000" lon="5.966720000">
        <ele>1116.000</ele>
      </trkpt>
      <trkpt lat="46.436010000" lon="5.966890000">
        <ele>1117.000</ele>
      </trkpt>
      <trkpt lat="46.436090000" lon="5.966950000">
        <ele>1119.000</ele>
      </trkpt>
      <trkpt lat="46.436180000" lon="5.967000000">
        <ele>1119.000</ele>
      </trkpt>
      <trkpt lat="46.436260000" lon="5.967030000">
        <ele>1120.000</ele>
      </trkpt>
      <trkpt lat="46.436390000" lon="5.967060000">
        <ele>1121.000</ele>
      </trkpt>
      <trkpt lat="46.436510000" lon="5.967070000">
        <ele>1121.000</ele>
      </trkpt>
      <trkpt lat="46.436630000" lon="5.967070000">
        <ele>1122.000</ele>
      </trkpt>
      <trkpt lat="46.436710000" lon="5.967070000">
        <ele>1122.000</ele>
      </trkpt>
      <trkpt lat="46.436780000" lon="5.967060000">
        <ele>1123.000</ele>
      </trkpt>
      <trkpt lat="46.436850000" lon="5.967040000">
        <ele>1123.000</ele>
      </trkpt>
      <trkpt lat="46.436940000" lon="5.967010000">
        <ele>1124.000</ele>
      </trkpt>
      <trkpt lat="46.436970000" lon="5.967010000">
        <ele>1124.000</ele>
      </trkpt>
      <trkpt lat="46.437060000" lon="5.967000000">
        <ele>1124.000</ele>
      </trkpt>
      <trkpt lat="46.437170000" lon="5.967000000">
        <ele>1125.000</ele>
      </trkpt>
      <trkpt lat="46.437270000" lon="5.967020000">
        <ele>1125.000</ele>
      </trkpt>
      <trkpt lat="46.437340000" lon="5.967060000">
        <ele>1125.000</ele>
      </trkpt>
      <trkpt lat="46.437430000" lon="5.967120000">
        <ele>1126.000</ele>
      </trkpt>
      <trkpt lat="46.437510000" lon="5.967170000">
        <ele>1126.000</ele>
      </trkpt>
      <trkpt lat="46.437570000" lon="5.967230000">
        <ele>1126.000</ele>
      </trkpt>
      <trkpt lat="46.437620000" lon="5.967280000">
        <ele>1127.000</ele>
      </trkpt>
      <trkpt lat="46.437680000" lon="5.967360000">
        <ele>1127.000</ele>
      </trkpt>
      <trkpt lat="46.437830000" lon="5.967540000">
        <ele>1128.000</ele>
      </trkpt>
      <trkpt lat="46.437990000" lon="5.967730000">
        <ele>1128.000</ele>
      </trkpt>
      <trkpt lat="46.438070000" lon="5.967830000">
        <ele>1129.000</ele>
      </trkpt>
      <trkpt lat="46.438150000" lon="5.967940000">
        <ele>1130.000</ele>
      </trkpt>
      <trkpt lat="46.438210000" lon="5.968050000">
        <ele>1130.000</ele>
      </trkpt>
      <trkpt lat="46.438270000" lon="5.968180000">
        <ele>1131.000</ele>
      </trkpt>
      <trkpt lat="46.438330000" lon="5.968340000">
        <ele>1132.000</ele>
      </trkpt>
      <trkpt lat="46.438380000" lon="5.968500000">
        <ele>1132.000</ele>
      </trkpt>
      <trkpt lat="46.438440000" lon="5.968680000">
        <ele>1133.000</ele>
      </trkpt>
      <trkpt lat="46.438500000" lon="5.968910000">
        <ele>1134.000</ele>
      </trkpt>
      <trkpt lat="46.438540000" lon="5.969040000">
        <ele>1135.000</ele>
      </trkpt>
      <trkpt lat="46.438590000" lon="5.969160000">
        <ele>1135.000</ele>
      </trkpt>
      <trkpt lat="46.438650000" lon="5.969290000">
        <ele>1136.000</ele>
      </trkpt>
      <trkpt lat="46.438720000" lon="5.969450000">
        <ele>1137.000</ele>
      </trkpt>
      <trkpt lat="46.438820000" lon="5.969620000">
        <ele>1137.000</ele>
      </trkpt>
      <trkpt lat="46.438900000" lon="5.969740000">
        <ele>1138.000</ele>
      </trkpt>
      <trkpt lat="46.439010000" lon="5.969880000">
        <ele>1139.000</ele>
      </trkpt>
      <trkpt lat="46.439280000" lon="5.970180000">
        <ele>1139.000</ele>
      </trkpt>
      <trkpt lat="46.439520000" lon="5.970460000">
        <ele>1140.000</ele>
      </trkpt>
      <trkpt lat="46.439670000" lon="5.970630000">
        <ele>1140.000</ele>
      </trkpt>
      <trkpt lat="46.439750000" lon="5.970730000">
        <ele>1141.000</ele>
      </trkpt>
      <trkpt lat="46.439810000" lon="5.970820000">
        <ele>1141.000</ele>
      </trkpt>
      <trkpt lat="46.439860000" lon="5.970910000">
        <ele>1142.000</ele>
      </trkpt>
      <trkpt lat="46.439900000" lon="5.971010000">
        <ele>1142.000</ele>
      </trkpt>
      <trkpt lat="46.439950000" lon="5.971150000">
        <ele>1142.000</ele>
      </trkpt>
      <trkpt lat="46.440000000" lon="5.971310000">
        <ele>1142.000</ele>
      </trkpt>
      <trkpt lat="46.440040000" lon="5.971540000">
        <ele>1143.000</ele>
      </trkpt>
      <trkpt lat="46.440080000" lon="5.971770000">
        <ele>1143.000</ele>
      </trkpt>
      <trkpt lat="46.440110000" lon="5.971990000">
        <ele>1143.000</ele>
      </trkpt>
      <trkpt lat="46.440140000" lon="5.972110000">
        <ele>1144.000</ele>
      </trkpt>
      <trkpt lat="46.440190000" lon="5.972240000">
        <ele>1144.000</ele>
      </trkpt>
      <trkpt lat="46.440250000" lon="5.972370000">
        <ele>1144.000</ele>
      </trkpt>
      <trkpt lat="46.440320000" lon="5.972480000">
        <ele>1145.000</ele>
      </trkpt>
      <trkpt lat="46.440410000" lon="5.972600000">
        <ele>1145.000</ele>
      </trkpt>
      <trkpt lat="46.440510000" lon="5.972720000">
        <ele>1145.000</ele>
      </trkpt>
      <trkpt lat="46.440660000" lon="5.972890000">
        <ele>1146.000</ele>
      </trkpt>
      <trkpt lat="46.440730000" lon="5.972980000">
        <ele>1146.000</ele>
      </trkpt>
      <trkpt lat="46.440800000" lon="5.973080000">
        <ele>1147.000</ele>
      </trkpt>
      <trkpt lat="46.440850000" lon="5.973170000">
        <ele>1147.000</ele>
      </trkpt>
      <trkpt lat="46.440890000" lon="5.973280000">
        <ele>1147.000</ele>
      </trkpt>
      <trkpt lat="46.440930000" lon="5.973400000">
        <ele>1148.000</ele>
      </trkpt>
      <trkpt lat="46.440990000" lon="5.973600000">
        <ele>1148.000</ele>
      </trkpt>
      <trkpt lat="46.441030000" lon="5.973780000">
        <ele>1148.000</ele>
      </trkpt>
      <trkpt lat="46.441070000" lon="5.973940000">
        <ele>1149.000</ele>
      </trkpt>
      <trkpt lat="46.441110000" lon="5.974070000">
        <ele>1149.000</ele>
      </trkpt>
      <trkpt lat="46.441140000" lon="5.974170000">
        <ele>1149.000</ele>
      </trkpt>
      <trkpt lat="46.441200000" lon="5.974280000">
        <ele>1149.000</ele>
      </trkpt>
      <trkpt lat="46.441250000" lon="5.974370000">
        <ele>1150.000</ele>
      </trkpt>
      <trkpt lat="46.441310000" lon="5.974460000">
        <ele>1150.000</ele>
      </trkpt>
      <trkpt lat="46.441380000" lon="5.974550000">
        <ele>1150.000</ele>
      </trkpt>
      <trkpt lat="46.441450000" lon="5.974620000">
        <ele>1150.000</ele>
      </trkpt>
      <trkpt lat="46.441530000" lon="5.974680000">
        <ele>1150.000</ele>
      </trkpt>
      <trkpt lat="46.441640000" lon="5.974740000">
        <ele>1150.000</ele>
      </trkpt>
      <trkpt lat="46.441830000" lon="5.974830000">
        <ele>1150.000</ele>
      </trkpt>
      <trkpt lat="46.441930000" lon="5.974880000">
        <ele>1150.000</ele>
      </trkpt>
      <trkpt lat="46.442020000" lon="5.974950000">
        <ele>1151.000</ele>
      </trkpt>
      <trkpt lat="46.442090000" lon="5.975030000">
        <ele>1151.000</ele>
      </trkpt>
      <trkpt lat="46.442160000" lon="5.975120000">
        <ele>1151.000</ele>
      </trkpt>
      <trkpt lat="46.442230000" lon="5.975240000">
        <ele>1151.000</ele>
      </trkpt>
      <trkpt lat="46.442350000" lon="5.975440000">
        <ele>1151.000</ele>
      </trkpt>
      <trkpt lat="46.442460000" lon="5.975610000">
        <ele>1151.000</ele>
      </trkpt>
      <trkpt lat="46.442530000" lon="5.975720000">
        <ele>1151.000</ele>
      </trkpt>
      <trkpt lat="46.442720000" lon="5.975890000">
        <ele>1151.000</ele>
      </trkpt>
      <trkpt lat="46.442750000" lon="5.975900000">
        <ele>1150.000</ele>
      </trkpt>
      <trkpt lat="46.442830000" lon="5.975900000">
        <ele>1150.000</ele>
      </trkpt>
      <trkpt lat="46.443020000" lon="5.975910000">
        <ele>1150.000</ele>
      </trkpt>
      <trkpt lat="46.443410000" lon="5.975960000">
        <ele>1149.000</ele>
      </trkpt>
      <trkpt lat="46.443800000" lon="5.975990000">
        <ele>1147.000</ele>
      </trkpt>
      <trkpt lat="46.444030000" lon="5.975900000">
        <ele>1146.000</ele>
      </trkpt>
      <trkpt lat="46.444410000" lon="5.975690000">
        <ele>1144.000</ele>
      </trkpt>
      <trkpt lat="46.444720000" lon="5.975660000">
        <ele>1143.000</ele>
      </trkpt>
      <trkpt lat="46.445220000" lon="5.975590000">
        <ele>1142.000</ele>
      </trkpt>
      <trkpt lat="46.445550000" lon="5.975440000">
        <ele>1141.000</ele>
      </trkpt>
      <trkpt lat="46.445920000" lon="5.975260000">
        <ele>1140.000</ele>
      </trkpt>
      <trkpt lat="46.446050000" lon="5.975290000">
        <ele>1139.000</ele>
      </trkpt>
      <trkpt lat="46.446350000" lon="5.975410000">
        <ele>1138.000</ele>
      </trkpt>
      <trkpt lat="46.446710000" lon="5.975420000">
        <ele>1137.000</ele>
      </trkpt>
      <trkpt lat="46.446850000" lon="5.975440000">
        <ele>1136.000</ele>
      </trkpt>
      <trkpt lat="46.446930000" lon="5.975490000">
        <ele>1136.000</ele>
      </trkpt>
      <trkpt lat="46.447230000" lon="5.975710000">
        <ele>1135.000</ele>
      </trkpt>
      <trkpt lat="46.447360000" lon="5.975770000">
        <ele>1134.000</ele>
      </trkpt>
      <trkpt lat="46.447490000" lon="5.975760000">
        <ele>1133.000</ele>
      </trkpt>
      <trkpt lat="46.447630000" lon="5.975680000">
        <ele>1133.000</ele>
      </trkpt>
      <trkpt lat="46.447680000" lon="5.975620000">
        <ele>1132.000</ele>
      </trkpt>
      <trkpt lat="46.447770000" lon="5.975460000">
        <ele>1132.000</ele>
      </trkpt>
      <trkpt lat="46.447790000" lon="5.975350000">
        <ele>1131.000</ele>
      </trkpt>
      <trkpt lat="46.447780000" lon="5.975290000">
        <ele>1131.000</ele>
      </trkpt>
      <trkpt lat="46.447750000" lon="5.975200000">
        <ele>1131.000</ele>
      </trkpt>
      <trkpt lat="46.447640000" lon="5.975020000">
        <ele>1130.000</ele>
      </trkpt>
      <trkpt lat="46.447500000" lon="5.974880000">
        <ele>1130.000</ele>
      </trkpt>
      <trkpt lat="46.447430000" lon="5.974690000">
        <ele>1129.000</ele>
      </trkpt>
      <trkpt lat="46.447410000" lon="5.974530000">
        <ele>1128.000</ele>
      </trkpt>
      <trkpt lat="46.447450000" lon="5.974330000">
        <ele>1127.000</ele>
      </trkpt>
      <trkpt lat="46.447650000" lon="5.973840000">
        <ele>1126.000</ele>
      </trkpt>
      <trkpt lat="46.447820000" lon="5.973540000">
        <ele>1124.000</ele>
      </trkpt>
      <trkpt lat="46.448100000" lon="5.973170000">
        <ele>1123.000</ele>
      </trkpt>
      <trkpt lat="46.448800000" lon="5.972510000">
        <ele>1120.000</ele>
      </trkpt>
      <trkpt lat="46.448990000" lon="5.972230000">
        <ele>1117.000</ele>
      </trkpt>
      <trkpt lat="46.449090000" lon="5.972030000">
        <ele>1115.000</ele>
      </trkpt>
      <trkpt lat="46.449520000" lon="5.970870000">
        <ele>1112.000</ele>
      </trkpt>
      <trkpt lat="46.449660000" lon="5.970560000">
        <ele>1110.000</ele>
      </trkpt>
      <trkpt lat="46.449910000" lon="5.970150000">
        <ele>1107.000</ele>
      </trkpt>
      <trkpt lat="46.450720000" lon="5.968920000">
        <ele>1104.000</ele>
      </trkpt>
      <trkpt lat="46.450800000" lon="5.968620000">
        <ele>1102.000</ele>
      </trkpt>
      <trkpt lat="46.450850000" lon="5.967050000">
        <ele>1100.000</ele>
      </trkpt>
      <trkpt lat="46.450900000" lon="5.966430000">
        <ele>1097.000</ele>
      </trkpt>
      <trkpt lat="46.450940000" lon="5.965890000">
        <ele>1094.000</ele>
      </trkpt>
      <trkpt lat="46.451000000" lon="5.965700000">
        <ele>1092.000</ele>
      </trkpt>
      <trkpt lat="46.451150000" lon="5.965530000">
        <ele>1090.000</ele>
      </trkpt>
      <trkpt lat="46.451380000" lon="5.965380000">
        <ele>1088.000</ele>
      </trkpt>
      <trkpt lat="46.451540000" lon="5.965200000">
        <ele>1087.000</ele>
      </trkpt>
      <trkpt lat="46.451640000" lon="5.964950000">
        <ele>1085.000</ele>
      </trkpt>
      <trkpt lat="46.451670000" lon="5.964690000">
        <ele>1084.000</ele>
      </trkpt>
      <trkpt lat="46.451630000" lon="5.964460000">
        <ele>1082.000</ele>
      </trkpt>
      <trkpt lat="46.451560000" lon="5.964280000">
        <ele>1081.000</ele>
      </trkpt>
      <trkpt lat="46.451430000" lon="5.964070000">
        <ele>1079.000</ele>
      </trkpt>
      <trkpt lat="46.451380000" lon="5.963910000">
        <ele>1078.000</ele>
      </trkpt>
      <trkpt lat="46.451370000" lon="5.963710000">
        <ele>1077.000</ele>
      </trkpt>
      <trkpt lat="46.451430000" lon="5.963540000">
        <ele>1076.000</ele>
      </trkpt>
      <trkpt lat="46.451520000" lon="5.963400000">
        <ele>1075.000</ele>
      </trkpt>
      <trkpt lat="46.451700000" lon="5.963220000">
        <ele>1073.000</ele>
      </trkpt>
      <trkpt lat="46.451880000" lon="5.963130000">
        <ele>1072.000</ele>
      </trkpt>
      <trkpt lat="46.452180000" lon="5.963070000">
        <ele>1070.000</ele>
      </trkpt>
      <trkpt lat="46.452360000" lon="5.962940000">
        <ele>1069.000</ele>
      </trkpt>
      <trkpt lat="46.452520000" lon="5.962720000">
        <ele>1067.000</ele>
      </trkpt>
      <trkpt lat="46.452590000" lon="5.962520000">
        <ele>1066.000</ele>
      </trkpt>
      <trkpt lat="46.452640000" lon="5.962230000">
        <ele>1064.000</ele>
      </trkpt>
      <trkpt lat="46.452720000" lon="5.961930000">
        <ele>1062.000</ele>
      </trkpt>
      <trkpt lat="46.452910000" lon="5.961530000">
        <ele>1061.000</ele>
      </trkpt>
      <trkpt lat="46.453090000" lon="5.961140000">
        <ele>1058.000</ele>
      </trkpt>
      <trkpt lat="46.453400000" lon="5.960630000">
        <ele>1056.000</ele>
      </trkpt>
      <trkpt lat="46.453530000" lon="5.960420000">
        <ele>1054.000</ele>
      </trkpt>
      <trkpt lat="46.453700000" lon="5.959940000">
        <ele>1052.000</ele>
      </trkpt>
      <trkpt lat="46.453790000" lon="5.959810000">
        <ele>1051.000</ele>
      </trkpt>
      <trkpt lat="46.453920000" lon="5.959750000">
        <ele>1050.000</ele>
      </trkpt>
      <trkpt lat="46.454080000" lon="5.959730000">
        <ele>1049.000</ele>
      </trkpt>
      <trkpt lat="46.454370000" lon="5.959720000">
        <ele>1049.000</ele>
      </trkpt>
      <trkpt lat="46.454660000" lon="5.959660000">
        <ele>1048.000</ele>
      </trkpt>
      <trkpt lat="46.454890000" lon="5.959550000">
        <ele>1047.000</ele>
      </trkpt>
      <trkpt lat="46.455020000" lon="5.959480000">
        <ele>1046.000</ele>
      </trkpt>
      <trkpt lat="46.455240000" lon="5.959410000">
        <ele>1045.000</ele>
      </trkpt>
      <trkpt lat="46.456000000" lon="5.959280000">
        <ele>1041.000</ele>
      </trkpt>
      <trkpt lat="46.456130000" lon="5.959230000">
        <ele>1039.000</ele>
      </trkpt>
      <trkpt lat="46.456200000" lon="5.959190000">
        <ele>1037.000</ele>
      </trkpt>
      <trkpt lat="46.456260000" lon="5.959130000">
        <ele>1035.000</ele>
      </trkpt>
      <trkpt lat="46.456310000" lon="5.959060000">
        <ele>1034.000</ele>
      </trkpt>
      <trkpt lat="46.456360000" lon="5.958950000">
        <ele>1033.000</ele>
      </trkpt>
      <trkpt lat="46.456400000" lon="5.958840000">
        <ele>1032.000</ele>
      </trkpt>
      <trkpt lat="46.456410000" lon="5.958730000">
        <ele>1031.000</ele>
      </trkpt>
      <trkpt lat="46.456410000" lon="5.958620000">
        <ele>1030.000</ele>
      </trkpt>
      <trkpt lat="46.456400000" lon="5.958460000">
        <ele>1029.000</ele>
      </trkpt>
      <trkpt lat="46.456350000" lon="5.957970000">
        <ele>1028.000</ele>
      </trkpt>
      <trkpt lat="46.456360000" lon="5.957870000">
        <ele>1027.000</ele>
      </trkpt>
      <trkpt lat="46.456370000" lon="5.957770000">
        <ele>1026.000</ele>
      </trkpt>
      <trkpt lat="46.456410000" lon="5.957620000">
        <ele>1026.000</ele>
      </trkpt>
      <trkpt lat="46.456450000" lon="5.957530000">
        <ele>1025.000</ele>
      </trkpt>
      <trkpt lat="46.456510000" lon="5.957450000">
        <ele>1024.000</ele>
      </trkpt>
      <trkpt lat="46.456580000" lon="5.957380000">
        <ele>1024.000</ele>
      </trkpt>
      <trkpt lat="46.456960000" lon="5.957150000">
        <ele>1022.000</ele>
      </trkpt>
      <trkpt lat="46.457030000" lon="5.957090000">
        <ele>1021.000</ele>
      </trkpt>
      <trkpt lat="46.457080000" lon="5.956890000">
        <ele>1021.000</ele>
      </trkpt>
      <trkpt lat="46.457110000" lon="5.956630000">
        <ele>1019.000</ele>
      </trkpt>
      <trkpt lat="46.457090000" lon="5.956190000">
        <ele>1018.000</ele>
      </trkpt>
      <trkpt lat="46.457050000" lon="5.956020000">
        <ele>1017.000</ele>
      </trkpt>
      <trkpt lat="46.457020000" lon="5.955800000">
        <ele>1016.000</ele>
      </trkpt>
      <trkpt lat="46.457040000" lon="5.955150000">
        <ele>1015.000</ele>
      </trkpt>
      <trkpt lat="46.457050000" lon="5.954810000">
        <ele>1013.000</ele>
      </trkpt>
      <trkpt lat="46.457000000" lon="5.954370000">
        <ele>1012.000</ele>
      </trkpt>
      <trkpt lat="46.456920000" lon="5.953880000">
        <ele>1010.000</ele>
      </trkpt>
      <trkpt lat="46.456700000" lon="5.953010000">
        <ele>1008.000</ele>
      </trkpt>
      <trkpt lat="46.456560000" lon="5.952440000">
        <ele>1006.000</ele>
      </trkpt>
      <trkpt lat="46.456460000" lon="5.951890000">
        <ele>1004.000</ele>
      </trkpt>
      <trkpt lat="46.456440000" lon="5.951390000">
        <ele>1002.000</ele>
      </trkpt>
      <trkpt lat="46.456420000" lon="5.950210000">
        <ele>999.000</ele>
      </trkpt>
      <trkpt lat="46.456430000" lon="5.949970000">
        <ele>997.000</ele>
      </trkpt>
      <trkpt lat="46.456450000" lon="5.949810000">
        <ele>995.000</ele>
      </trkpt>
      <trkpt lat="46.456470000" lon="5.949650000">
        <ele>993.000</ele>
      </trkpt>
      <trkpt lat="46.456530000" lon="5.949490000">
        <ele>992.000</ele>
      </trkpt>
      <trkpt lat="46.456600000" lon="5.949330000">
        <ele>991.000</ele>
      </trkpt>
      <trkpt lat="46.456720000" lon="5.949140000">
        <ele>990.000</ele>
      </trkpt>
      <trkpt lat="46.456850000" lon="5.948960000">
        <ele>988.000</ele>
      </trkpt>
      <trkpt lat="46.456900000" lon="5.948860000">
        <ele>987.000</ele>
      </trkpt>
      <trkpt lat="46.456950000" lon="5.948750000">
        <ele>986.000</ele>
      </trkpt>
      <trkpt lat="46.456990000" lon="5.948630000">
        <ele>986.000</ele>
      </trkpt>
      <trkpt lat="46.457020000" lon="5.948500000">
        <ele>985.000</ele>
      </trkpt>
      <trkpt lat="46.457040000" lon="5.948350000">
        <ele>984.000</ele>
      </trkpt>
      <trkpt lat="46.457050000" lon="5.948200000">
        <ele>983.000</ele>
      </trkpt>
      <trkpt lat="46.457040000" lon="5.947800000">
        <ele>982.000</ele>
      </trkpt>
      <trkpt lat="46.457030000" lon="5.947700000">
        <ele>981.000</ele>
      </trkpt>
      <trkpt lat="46.457040000" lon="5.947620000">
        <ele>980.000</ele>
      </trkpt>
      <trkpt lat="46.457070000" lon="5.947400000">
        <ele>980.000</ele>
      </trkpt>
      <trkpt lat="46.457110000" lon="5.947180000">
        <ele>979.000</ele>
      </trkpt>
      <trkpt lat="46.457150000" lon="5.946900000">
        <ele>978.000</ele>
      </trkpt>
      <trkpt lat="46.457190000" lon="5.946730000">
        <ele>977.000</ele>
      </trkpt>
      <trkpt lat="46.457230000" lon="5.946600000">
        <ele>977.000</ele>
      </trkpt>
      <trkpt lat="46.457320000" lon="5.946430000">
        <ele>976.000</ele>
      </trkpt>
      <trkpt lat="46.457410000" lon="5.946290000">
        <ele>975.000</ele>
      </trkpt>
      <trkpt lat="46.457530000" lon="5.946110000">
        <ele>974.000</ele>
      </trkpt>
      <trkpt lat="46.457650000" lon="5.945950000">
        <ele>974.000</ele>
      </trkpt>
      <trkpt lat="46.457790000" lon="5.945820000">
        <ele>973.000</ele>
      </trkpt>
      <trkpt lat="46.457930000" lon="5.945690000">
        <ele>972.000</ele>
      </trkpt>
      <trkpt lat="46.458020000" lon="5.945580000">
        <ele>971.000</ele>
      </trkpt>
      <trkpt lat="46.458070000" lon="5.945510000">
        <ele>971.000</ele>
      </trkpt>
      <trkpt lat="46.458120000" lon="5.945430000">
        <ele>971.000</ele>
      </trkpt>
      <trkpt lat="46.458150000" lon="5.945320000">
        <ele>970.000</ele>
      </trkpt>
      <trkpt lat="46.458180000" lon="5.945220000">
        <ele>970.000</ele>
      </trkpt>
      <trkpt lat="46.458190000" lon="5.945120000">
        <ele>970.000</ele>
      </trkpt>
      <trkpt lat="46.458190000" lon="5.945030000">
        <ele>969.000</ele>
      </trkpt>
      <trkpt lat="46.458180000" lon="5.944920000">
        <ele>969.000</ele>
      </trkpt>
      <trkpt lat="46.458170000" lon="5.944820000">
        <ele>969.000</ele>
      </trkpt>
      <trkpt lat="46.458150000" lon="5.944740000">
        <ele>969.000</ele>
      </trkpt>
      <trkpt lat="46.458120000" lon="5.944670000">
        <ele>969.000</ele>
      </trkpt>
      <trkpt lat="46.458090000" lon="5.944600000">
        <ele>969.000</ele>
      </trkpt>
      <trkpt lat="46.458050000" lon="5.944540000">
        <ele>968.000</ele>
      </trkpt>
      <trkpt lat="46.458000000" lon="5.944480000">
        <ele>968.000</ele>
      </trkpt>
      <trkpt lat="46.457940000" lon="5.944430000">
        <ele>968.000</ele>
      </trkpt>
      <trkpt lat="46.457820000" lon="5.944330000">
        <ele>968.000</ele>
      </trkpt>
      <trkpt lat="46.457630000" lon="5.944170000">
        <ele>967.000</ele>
      </trkpt>
      <trkpt lat="46.457510000" lon="5.944070000">
        <ele>967.000</ele>
      </trkpt>
      <trkpt lat="46.457400000" lon="5.943980000">
        <ele>967.000</ele>
      </trkpt>
      <trkpt lat="46.457320000" lon="5.943890000">
        <ele>966.000</ele>
      </trkpt>
      <trkpt lat="46.457250000" lon="5.943800000">
        <ele>966.000</ele>
      </trkpt>
      <trkpt lat="46.457170000" lon="5.943700000">
        <ele>966.000</ele>
      </trkpt>
      <trkpt lat="46.457110000" lon="5.943580000">
        <ele>965.000</ele>
      </trkpt>
      <trkpt lat="46.457010000" lon="5.943400000">
        <ele>965.000</ele>
      </trkpt>
      <trkpt lat="46.456960000" lon="5.943250000">
        <ele>964.000</ele>
      </trkpt>
      <trkpt lat="46.456910000" lon="5.943090000">
        <ele>963.000</ele>
      </trkpt>
      <trkpt lat="46.456720000" lon="5.942360000">
        <ele>962.000</ele>
      </trkpt>
      <trkpt lat="46.456530000" lon="5.941610000">
        <ele>959.000</ele>
      </trkpt>
      <trkpt lat="46.456270000" lon="5.940600000">
        <ele>956.000</ele>
      </trkpt>
      <trkpt lat="46.456250000" lon="5.940470000">
        <ele>954.000</ele>
      </trkpt>
      <trkpt lat="46.456250000" lon="5.940340000">
        <ele>953.000</ele>
      </trkpt>
      <trkpt lat="46.456270000" lon="5.940230000">
        <ele>952.000</ele>
      </trkpt>
      <trkpt lat="46.456290000" lon="5.940160000">
        <ele>951.000</ele>
      </trkpt>
      <trkpt lat="46.456310000" lon="5.940100000">
        <ele>950.000</ele>
      </trkpt>
      <trkpt lat="46.456340000" lon="5.940050000">
        <ele>950.000</ele>
      </trkpt>
      <trkpt lat="46.456390000" lon="5.940000000">
        <ele>950.000</ele>
      </trkpt>
      <trkpt lat="46.456430000" lon="5.939970000">
        <ele>949.000</ele>
      </trkpt>
      <trkpt lat="46.456470000" lon="5.939950000">
        <ele>949.000</ele>
      </trkpt>
      <trkpt lat="46.456520000" lon="5.939940000">
        <ele>949.000</ele>
      </trkpt>
      <trkpt lat="46.456580000" lon="5.939950000">
        <ele>949.000</ele>
      </trkpt>
      <trkpt lat="46.456630000" lon="5.939960000">
        <ele>949.000</ele>
      </trkpt>
      <trkpt lat="46.456670000" lon="5.939980000">
        <ele>948.000</ele>
      </trkpt>
      <trkpt lat="46.456730000" lon="5.940030000">
        <ele>948.000</ele>
      </trkpt>
      <trkpt lat="46.456780000" lon="5.940080000">
        <ele>948.000</ele>
      </trkpt>
      <trkpt lat="46.456840000" lon="5.940180000">
        <ele>948.000</ele>
      </trkpt>
      <trkpt lat="46.456980000" lon="5.940420000">
        <ele>947.000</ele>
      </trkpt>
      <trkpt lat="46.457170000" lon="5.940770000">
        <ele>947.000</ele>
      </trkpt>
      <trkpt lat="46.457210000" lon="5.940840000">
        <ele>946.000</ele>
      </trkpt>
      <trkpt lat="46.457300000" lon="5.940950000">
        <ele>946.000</ele>
      </trkpt>
      <trkpt lat="46.457410000" lon="5.941040000">
        <ele>945.000</ele>
      </trkpt>
      <trkpt lat="46.457490000" lon="5.941110000">
        <ele>945.000</ele>
      </trkpt>
      <trkpt lat="46.457540000" lon="5.941140000">
        <ele>945.000</ele>
      </trkpt>
      <trkpt lat="46.457590000" lon="5.941160000">
        <ele>944.000</ele>
      </trkpt>
      <trkpt lat="46.457640000" lon="5.941170000">
        <ele>944.000</ele>
      </trkpt>
      <trkpt lat="46.457690000" lon="5.941180000">
        <ele>944.000</ele>
      </trkpt>
      <trkpt lat="46.457810000" lon="5.941200000">
        <ele>944.000</ele>
      </trkpt>
      <trkpt lat="46.457900000" lon="5.941190000">
        <ele>943.000</ele>
      </trkpt>
      <trkpt lat="46.457970000" lon="5.941180000">
        <ele>943.000</ele>
      </trkpt>
      <trkpt lat="46.458070000" lon="5.941140000">
        <ele>943.000</ele>
      </trkpt>
      <trkpt lat="46.458200000" lon="5.941070000">
        <ele>942.000</ele>
      </trkpt>
      <trkpt lat="46.458320000" lon="5.941030000">
        <ele>942.000</ele>
      </trkpt>
      <trkpt lat="46.458400000" lon="5.941000000">
        <ele>941.000</ele>
      </trkpt>
      <trkpt lat="46.458480000" lon="5.940980000">
        <ele>941.000</ele>
      </trkpt>
      <trkpt lat="46.458550000" lon="5.940980000">
        <ele>941.000</ele>
      </trkpt>
      <trkpt lat="46.458640000" lon="5.940990000">
        <ele>940.000</ele>
      </trkpt>
      <trkpt lat="46.458720000" lon="5.941020000">
        <ele>940.000</ele>
      </trkpt>
      <trkpt lat="46.458800000" lon="5.941050000">
        <ele>940.000</ele>
      </trkpt>
      <trkpt lat="46.458880000" lon="5.941090000">
        <ele>939.000</ele>
      </trkpt>
      <trkpt lat="46.458940000" lon="5.941130000">
        <ele>939.000</ele>
      </trkpt>
      <trkpt lat="46.459010000" lon="5.941170000">
        <ele>939.000</ele>
      </trkpt>
      <trkpt lat="46.459150000" lon="5.941260000">
        <ele>938.000</ele>
      </trkpt>
      <trkpt lat="46.459220000" lon="5.941290000">
        <ele>938.000</ele>
      </trkpt>
      <trkpt lat="46.459310000" lon="5.941310000">
        <ele>938.000</ele>
      </trkpt>
      <trkpt lat="46.459390000" lon="5.941320000">
        <ele>937.000</ele>
      </trkpt>
      <trkpt lat="46.459470000" lon="5.941300000">
        <ele>937.000</ele>
      </trkpt>
      <trkpt lat="46.459550000" lon="5.941270000">
        <ele>936.000</ele>
      </trkpt>
      <trkpt lat="46.459760000" lon="5.941160000">
        <ele>936.000</ele>
      </trkpt>
      <trkpt lat="46.459850000" lon="5.941110000">
        <ele>935.000</ele>
      </trkpt>
      <trkpt lat="46.459930000" lon="5.941070000">
        <ele>935.000</ele>
      </trkpt>
      <trkpt lat="46.459990000" lon="5.941050000">
        <ele>934.000</ele>
      </trkpt>
      <trkpt lat="46.460070000" lon="5.941050000">
        <ele>934.000</ele>
      </trkpt>
      <trkpt lat="46.460120000" lon="5.941050000">
        <ele>933.000</ele>
      </trkpt>
      <trkpt lat="46.460180000" lon="5.941070000">
        <ele>933.000</ele>
      </trkpt>
      <trkpt lat="46.460390000" lon="5.941160000">
        <ele>932.000</ele>
      </trkpt>
      <trkpt lat="46.460470000" lon="5.941180000">
        <ele>932.000</ele>
      </trkpt>
      <trkpt lat="46.460540000" lon="5.941190000">
        <ele>931.000</ele>
      </trkpt>
      <trkpt lat="46.460600000" lon="5.941190000">
        <ele>931.000</ele>
      </trkpt>
      <trkpt lat="46.460680000" lon="5.941170000">
        <ele>931.000</ele>
      </trkpt>
      <trkpt lat="46.460740000" lon="5.941130000">
        <ele>930.000</ele>
      </trkpt>
      <trkpt lat="46.460800000" lon="5.941080000">
        <ele>930.000</ele>
      </trkpt>
      <trkpt lat="46.460860000" lon="5.941030000">
        <ele>930.000</ele>
      </trkpt>
      <trkpt lat="46.460910000" lon="5.940950000">
        <ele>929.000</ele>
      </trkpt>
      <trkpt lat="46.461020000" lon="5.940780000">
        <ele>929.000</ele>
      </trkpt>
      <trkpt lat="46.461140000" lon="5.940520000">
        <ele>928.000</ele>
      </trkpt>
      <trkpt lat="46.461190000" lon="5.940380000">
        <ele>927.000</ele>
      </trkpt>
      <trkpt lat="46.461210000" lon="5.940250000">
        <ele>926.000</ele>
      </trkpt>
      <trkpt lat="46.461230000" lon="5.940150000">
        <ele>926.000</ele>
      </trkpt>
      <trkpt lat="46.461230000" lon="5.940030000">
        <ele>925.000</ele>
      </trkpt>
      <trkpt lat="46.461230000" lon="5.939930000">
        <ele>925.000</ele>
      </trkpt>
      <trkpt lat="46.461210000" lon="5.939820000">
        <ele>924.000</ele>
      </trkpt>
      <trkpt lat="46.461190000" lon="5.939720000">
        <ele>924.000</ele>
      </trkpt>
      <trkpt lat="46.461160000" lon="5.939630000">
        <ele>923.000</ele>
      </trkpt>
      <trkpt lat="46.461120000" lon="5.939540000">
        <ele>923.000</ele>
      </trkpt>
      <trkpt lat="46.460550000" lon="5.938500000">
        <ele>921.000</ele>
      </trkpt>
      <trkpt lat="46.460360000" lon="5.938140000">
        <ele>919.000</ele>
      </trkpt>
      <trkpt lat="46.460300000" lon="5.937980000">
        <ele>917.000</ele>
      </trkpt>
      <trkpt lat="46.460280000" lon="5.937930000">
        <ele>916.000</ele>
      </trkpt>
      <trkpt lat="46.460240000" lon="5.937770000">
        <ele>915.000</ele>
      </trkpt>
      <trkpt lat="46.460230000" lon="5.937700000">
        <ele>914.000</ele>
      </trkpt>
      <trkpt lat="46.460220000" lon="5.937600000">
        <ele>913.000</ele>
      </trkpt>
      <trkpt lat="46.460220000" lon="5.937510000">
        <ele>913.000</ele>
      </trkpt>
      <trkpt lat="46.460230000" lon="5.937400000">
        <ele>912.000</ele>
      </trkpt>
      <trkpt lat="46.460290000" lon="5.936990000">
        <ele>911.000</ele>
      </trkpt>
      <trkpt lat="46.460320000" lon="5.936690000">
        <ele>910.000</ele>
      </trkpt>
      <trkpt lat="46.460340000" lon="5.936520000">
        <ele>909.000</ele>
      </trkpt>
      <trkpt lat="46.460340000" lon="5.936360000">
        <ele>908.000</ele>
      </trkpt>
      <trkpt lat="46.460340000" lon="5.936140000">
        <ele>908.000</ele>
      </trkpt>
      <trkpt lat="46.460250000" lon="5.935630000">
        <ele>906.000</ele>
      </trkpt>
      <trkpt lat="46.460200000" lon="5.935420000">
        <ele>905.000</ele>
      </trkpt>
      <trkpt lat="46.460160000" lon="5.935220000">
        <ele>904.000</ele>
      </trkpt>
      <trkpt lat="46.460140000" lon="5.935050000">
        <ele>903.000</ele>
      </trkpt>
      <trkpt lat="46.460140000" lon="5.934970000">
        <ele>903.000</ele>
      </trkpt>
      <trkpt lat="46.460140000" lon="5.934880000">
        <ele>903.000</ele>
      </trkpt>
      <trkpt lat="46.460160000" lon="5.934790000">
        <ele>902.000</ele>
      </trkpt>
      <trkpt lat="46.460200000" lon="5.934700000">
        <ele>902.000</ele>
      </trkpt>
      <trkpt lat="46.460250000" lon="5.934620000">
        <ele>901.000</ele>
      </trkpt>
      <trkpt lat="46.460310000" lon="5.934550000">
        <ele>901.000</ele>
      </trkpt>
      <trkpt lat="46.460410000" lon="5.934490000">
        <ele>901.000</ele>
      </trkpt>
      <trkpt lat="46.460480000" lon="5.934460000">
        <ele>901.000</ele>
      </trkpt>
      <trkpt lat="46.460560000" lon="5.934450000">
        <ele>900.000</ele>
      </trkpt>
      <trkpt lat="46.460620000" lon="5.934460000">
        <ele>900.000</ele>
      </trkpt>
      <trkpt lat="46.460680000" lon="5.934480000">
        <ele>900.000</ele>
      </trkpt>
      <trkpt lat="46.460760000" lon="5.934530000">
        <ele>899.000</ele>
      </trkpt>
      <trkpt lat="46.460830000" lon="5.934590000">
        <ele>899.000</ele>
      </trkpt>
      <trkpt lat="46.460910000" lon="5.934640000">
        <ele>899.000</ele>
      </trkpt>
      <trkpt lat="46.460990000" lon="5.934670000">
        <ele>899.000</ele>
      </trkpt>
      <trkpt lat="46.461040000" lon="5.934680000">
        <ele>898.000</ele>
      </trkpt>
      <trkpt lat="46.461090000" lon="5.934670000">
        <ele>898.000</ele>
      </trkpt>
      <trkpt lat="46.461200000" lon="5.934630000">
        <ele>898.000</ele>
      </trkpt>
      <trkpt lat="46.461420000" lon="5.934520000">
        <ele>897.000</ele>
      </trkpt>
      <trkpt lat="46.461620000" lon="5.934400000">
        <ele>897.000</ele>
      </trkpt>
      <trkpt lat="46.461620000" lon="5.934400000">
        <ele>897.000</ele>
      </trkpt>
      <trkpt lat="46.461620000" lon="5.934400000">
        <ele>897.000</ele>
      </trkpt>
      <trkpt lat="46.461870000" lon="5.934270000">
        <ele>897.000</ele>
      </trkpt>
      <trkpt lat="46.462200000" lon="5.934100000">
        <ele>896.000</ele>
      </trkpt>
      <trkpt lat="46.462220000" lon="5.934080000">
        <ele>896.000</ele>
      </trkpt>
      <trkpt lat="46.462270000" lon="5.934170000">
        <ele>896.000</ele>
      </trkpt>
      <trkpt lat="46.462580000" lon="5.934770000">
        <ele>896.000</ele>
      </trkpt>
      <trkpt lat="46.462780000" lon="5.935170000">
        <ele>896.000</ele>
      </trkpt>
      <trkpt lat="46.462910000" lon="5.935340000">
        <ele>896.000</ele>
      </trkpt>
      <trkpt lat="46.463500000" lon="5.935870000">
        <ele>896.000</ele>
      </trkpt>
      <trkpt lat="46.464000000" lon="5.936300000">
        <ele>896.000</ele>
      </trkpt>
      <trkpt lat="46.465730000" lon="5.938010000">
        <ele>897.000</ele>
      </trkpt>
      <trkpt lat="46.466010000" lon="5.938360000">
        <ele>897.000</ele>
      </trkpt>
      <trkpt lat="46.466160000" lon="5.938650000">
        <ele>897.000</ele>
      </trkpt>
      <trkpt lat="46.466650000" lon="5.939980000">
        <ele>895.000</ele>
      </trkpt>
      <trkpt lat="46.466810000" lon="5.940420000">
        <ele>893.000</ele>
      </trkpt>
      <trkpt lat="46.466990000" lon="5.940690000">
        <ele>891.000</ele>
      </trkpt>
      <trkpt lat="46.467300000" lon="5.940970000">
        <ele>890.000</ele>
      </trkpt>
      <trkpt lat="46.467470000" lon="5.941090000">
        <ele>890.000</ele>
      </trkpt>
      <trkpt lat="46.467740000" lon="5.941150000">
        <ele>889.000</ele>
      </trkpt>
      <trkpt lat="46.467990000" lon="5.941120000">
        <ele>889.000</ele>
      </trkpt>
      <trkpt lat="46.468260000" lon="5.940960000">
        <ele>889.000</ele>
      </trkpt>
      <trkpt lat="46.468450000" lon="5.940780000">
        <ele>889.000</ele>
      </trkpt>
      <trkpt lat="46.468490000" lon="5.940750000">
        <ele>889.000</ele>
      </trkpt>
      <trkpt lat="46.468740000" lon="5.940530000">
        <ele>889.000</ele>
      </trkpt>
      <trkpt lat="46.468840000" lon="5.940490000">
        <ele>890.000</ele>
      </trkpt>
      <trkpt lat="46.469000000" lon="5.940490000">
        <ele>890.000</ele>
      </trkpt>
      <trkpt lat="46.469120000" lon="5.940500000">
        <ele>891.000</ele>
      </trkpt>
      <trkpt lat="46.469280000" lon="5.940570000">
        <ele>892.000</ele>
      </trkpt>
      <trkpt lat="46.469430000" lon="5.940710000">
        <ele>892.000</ele>
      </trkpt>
      <trkpt lat="46.469590000" lon="5.941020000">
        <ele>893.000</ele>
      </trkpt>
      <trkpt lat="46.469930000" lon="5.941890000">
        <ele>895.000</ele>
      </trkpt>
      <trkpt lat="46.470060000" lon="5.942440000">
        <ele>897.000</ele>
      </trkpt>
      <trkpt lat="46.470290000" lon="5.943050000">
        <ele>899.000</ele>
      </trkpt>
      <trkpt lat="46.470730000" lon="5.943720000">
        <ele>902.000</ele>
      </trkpt>
      <trkpt lat="46.470880000" lon="5.944010000">
        <ele>904.000</ele>
      </trkpt>
      <trkpt lat="46.470930000" lon="5.944160000">
        <ele>905.000</ele>
      </trkpt>
      <trkpt lat="46.470960000" lon="5.944330000">
        <ele>907.000</ele>
      </trkpt>
      <trkpt lat="46.471040000" lon="5.944620000">
        <ele>908.000</ele>
      </trkpt>
      <trkpt lat="46.471160000" lon="5.944910000">
        <ele>909.000</ele>
      </trkpt>
      <trkpt lat="46.471360000" lon="5.945280000">
        <ele>910.000</ele>
      </trkpt>
      <trkpt lat="46.471600000" lon="5.945510000">
        <ele>912.000</ele>
      </trkpt>
      <trkpt lat="46.471820000" lon="5.945660000">
        <ele>913.000</ele>
      </trkpt>
      <trkpt lat="46.472250000" lon="5.945780000">
        <ele>914.000</ele>
      </trkpt>
      <trkpt lat="46.472710000" lon="5.945890000">
        <ele>916.000</ele>
      </trkpt>
      <trkpt lat="46.473330000" lon="5.946040000">
        <ele>919.000</ele>
      </trkpt>
      <trkpt lat="46.473730000" lon="5.946040000">
        <ele>921.000</ele>
      </trkpt>
      <trkpt lat="46.474130000" lon="5.945990000">
        <ele>923.000</ele>
      </trkpt>
      <trkpt lat="46.474440000" lon="5.946030000">
        <ele>925.000</ele>
      </trkpt>
      <trkpt lat="46.474640000" lon="5.946070000">
        <ele>926.000</ele>
      </trkpt>
      <trkpt lat="46.474960000" lon="5.946140000">
        <ele>928.000</ele>
      </trkpt>
      <trkpt lat="46.475140000" lon="5.946110000">
        <ele>929.000</ele>
      </trkpt>
      <trkpt lat="46.475190000" lon="5.946090000">
        <ele>930.000</ele>
      </trkpt>
      <trkpt lat="46.475230000" lon="5.946070000">
        <ele>930.000</ele>
      </trkpt>
      <trkpt lat="46.475480000" lon="5.945880000">
        <ele>931.000</ele>
      </trkpt>
      <trkpt lat="46.475880000" lon="5.945390000">
        <ele>932.000</ele>
      </trkpt>
      <trkpt lat="46.476300000" lon="5.944780000">
        <ele>931.000</ele>
      </trkpt>
      <trkpt lat="46.476730000" lon="5.944500000">
        <ele>929.000</ele>
      </trkpt>
      <trkpt lat="46.476940000" lon="5.944360000">
        <ele>927.000</ele>
      </trkpt>
      <trkpt lat="46.477030000" lon="5.944360000">
        <ele>925.000</ele>
      </trkpt>
      <trkpt lat="46.477100000" lon="5.944350000">
        <ele>924.000</ele>
      </trkpt>
      <trkpt lat="46.477290000" lon="5.944430000">
        <ele>922.000</ele>
      </trkpt>
      <trkpt lat="46.477460000" lon="5.944600000">
        <ele>921.000</ele>
      </trkpt>
      <trkpt lat="46.477700000" lon="5.944970000">
        <ele>919.000</ele>
      </trkpt>
      <trkpt lat="46.477750000" lon="5.945040000">
        <ele>919.000</ele>
      </trkpt>
      <trkpt lat="46.478590000" lon="5.946250000">
        <ele>917.000</ele>
      </trkpt>
      <trkpt lat="46.478850000" lon="5.946520000">
        <ele>916.000</ele>
      </trkpt>
      <trkpt lat="46.478870000" lon="5.946540000">
        <ele>916.000</ele>
      </trkpt>
      <trkpt lat="46.479540000" lon="5.947070000">
        <ele>915.000</ele>
      </trkpt>
      <trkpt lat="46.479660000" lon="5.947270000">
        <ele>915.000</ele>
      </trkpt>
      <trkpt lat="46.479760000" lon="5.947520000">
        <ele>915.000</ele>
      </trkpt>
      <trkpt lat="46.480060000" lon="5.948690000">
        <ele>915.000</ele>
      </trkpt>
      <trkpt lat="46.480750000" lon="5.951650000">
        <ele>914.000</ele>
      </trkpt>
      <trkpt lat="46.480900000" lon="5.952030000">
        <ele>913.000</ele>
      </trkpt>
      <trkpt lat="46.482110000" lon="5.953360000">
        <ele>908.000</ele>
      </trkpt>
      <trkpt lat="46.482430000" lon="5.953700000">
        <ele>905.000</ele>
      </trkpt>
      <trkpt lat="46.483860000" lon="5.955260000">
        <ele>905.000</ele>
      </trkpt>
      <trkpt lat="46.483940000" lon="5.955360000">
        <ele>905.000</ele>
      </trkpt>
      <trkpt lat="46.484280000" lon="5.955800000">
        <ele>906.000</ele>
      </trkpt>
      <trkpt lat="46.485680000" lon="5.957690000">
        <ele>906.000</ele>
      </trkpt>
      <trkpt lat="46.485720000" lon="5.957740000">
        <ele>906.000</ele>
      </trkpt>
      <trkpt lat="46.486070000" lon="5.958250000">
        <ele>906.000</ele>
      </trkpt>
      <trkpt lat="46.486120000" lon="5.958320000">
        <ele>906.000</ele>
      </trkpt>
      <trkpt lat="46.486500000" lon="5.958850000">
        <ele>906.000</ele>
      </trkpt>
      <trkpt lat="46.487210000" lon="5.959980000">
        <ele>906.000</ele>
      </trkpt>
      <trkpt lat="46.488330000" lon="5.961620000">
        <ele>908.000</ele>
      </trkpt>
      <trkpt lat="46.489860000" lon="5.964290000">
        <ele>910.000</ele>
      </trkpt>
      <trkpt lat="46.489910000" lon="5.964390000">
        <ele>912.000</ele>
      </trkpt>
      <trkpt lat="46.490970000" lon="5.966280000">
        <ele>915.000</ele>
      </trkpt>
      <trkpt lat="46.491790000" lon="5.967800000">
        <ele>918.000</ele>
      </trkpt>
      <trkpt lat="46.492060000" lon="5.968300000">
        <ele>919.000</ele>
      </trkpt>
      <trkpt lat="46.493090000" lon="5.970160000">
        <ele>920.000</ele>
      </trkpt>
      <trkpt lat="46.493250000" lon="5.970450000">
        <ele>920.000</ele>
      </trkpt>
      <trkpt lat="46.494100000" lon="5.972000000">
        <ele>922.000</ele>
      </trkpt>
      <trkpt lat="46.494320000" lon="5.972340000">
        <ele>923.000</ele>
      </trkpt>
      <trkpt lat="46.494570000" lon="5.972620000">
        <ele>924.000</ele>
      </trkpt>
      <trkpt lat="46.495160000" lon="5.973170000">
        <ele>925.000</ele>
      </trkpt>
      <trkpt lat="46.495630000" lon="5.973630000">
        <ele>926.000</ele>
      </trkpt>
      <trkpt lat="46.496850000" lon="5.974820000">
        <ele>927.000</ele>
      </trkpt>
      <trkpt lat="46.497460000" lon="5.975290000">
        <ele>927.000</ele>
      </trkpt>
      <trkpt lat="46.498070000" lon="5.975730000">
        <ele>927.000</ele>
      </trkpt>
      <trkpt lat="46.498420000" lon="5.975980000">
        <ele>926.000</ele>
      </trkpt>
      <trkpt lat="46.499820000" lon="5.977030000">
        <ele>925.000</ele>
      </trkpt>
      <trkpt lat="46.499900000" lon="5.977090000">
        <ele>924.000</ele>
      </trkpt>
      <trkpt lat="46.500190000" lon="5.977300000">
        <ele>923.000</ele>
      </trkpt>
      <trkpt lat="46.500520000" lon="5.977540000">
        <ele>923.000</ele>
      </trkpt>
      <trkpt lat="46.502260000" lon="5.978760000">
        <ele>923.000</ele>
      </trkpt>
      <trkpt lat="46.502630000" lon="5.979010000">
        <ele>923.000</ele>
      </trkpt>
      <trkpt lat="46.503080000" lon="5.979330000">
        <ele>922.000</ele>
      </trkpt>
      <trkpt lat="46.503320000" lon="5.979510000">
        <ele>921.000</ele>
      </trkpt>
      <trkpt lat="46.503440000" lon="5.979580000">
        <ele>921.000</ele>
      </trkpt>
      <trkpt lat="46.503530000" lon="5.979640000">
        <ele>920.000</ele>
      </trkpt>
      <trkpt lat="46.503650000" lon="5.979700000">
        <ele>920.000</ele>
      </trkpt>
      <trkpt lat="46.503850000" lon="5.979750000">
        <ele>919.000</ele>
      </trkpt>
      <trkpt lat="46.504060000" lon="5.979780000">
        <ele>919.000</ele>
      </trkpt>
      <trkpt lat="46.504230000" lon="5.979800000">
        <ele>918.000</ele>
      </trkpt>
      <trkpt lat="46.504580000" lon="5.980000000">
        <ele>917.000</ele>
      </trkpt>
      <trkpt lat="46.504750000" lon="5.980170000">
        <ele>917.000</ele>
      </trkpt>
      <trkpt lat="46.504840000" lon="5.980240000">
        <ele>916.000</ele>
      </trkpt>
      <trkpt lat="46.504970000" lon="5.980380000">
        <ele>915.000</ele>
      </trkpt>
      <trkpt lat="46.505320000" lon="5.980690000">
        <ele>914.000</ele>
      </trkpt>
      <trkpt lat="46.505450000" lon="5.980830000">
        <ele>914.000</ele>
      </trkpt>
      <trkpt lat="46.505560000" lon="5.980950000">
        <ele>913.000</ele>
      </trkpt>
      <trkpt lat="46.505650000" lon="5.981030000">
        <ele>913.000</ele>
      </trkpt>
      <trkpt lat="46.505750000" lon="5.981090000">
        <ele>912.000</ele>
      </trkpt>
      <trkpt lat="46.505880000" lon="5.981160000">
        <ele>912.000</ele>
      </trkpt>
      <trkpt lat="46.506010000" lon="5.981140000">
        <ele>911.000</ele>
      </trkpt>
      <trkpt lat="46.506320000" lon="5.980980000">
        <ele>910.000</ele>
      </trkpt>
      <trkpt lat="46.506720000" lon="5.980750000">
        <ele>910.000</ele>
      </trkpt>
      <trkpt lat="46.507570000" lon="5.980270000">
        <ele>908.000</ele>
      </trkpt>
      <trkpt lat="46.508160000" lon="5.979930000">
        <ele>907.000</ele>
      </trkpt>
      <trkpt lat="46.508470000" lon="5.979770000">
        <ele>906.000</ele>
      </trkpt>
      <trkpt lat="46.508670000" lon="5.979710000">
        <ele>906.000</ele>
      </trkpt>
      <trkpt lat="46.508860000" lon="5.979710000">
        <ele>906.000</ele>
      </trkpt>
      <trkpt lat="46.508910000" lon="5.979730000">
        <ele>905.000</ele>
      </trkpt>
      <trkpt lat="46.509070000" lon="5.979800000">
        <ele>905.000</ele>
      </trkpt>
      <trkpt lat="46.509420000" lon="5.980070000">
        <ele>905.000</ele>
      </trkpt>
      <trkpt lat="46.509610000" lon="5.980290000">
        <ele>905.000</ele>
      </trkpt>
      <trkpt lat="46.509740000" lon="5.980600000">
        <ele>904.000</ele>
      </trkpt>
      <trkpt lat="46.510020000" lon="5.981510000">
        <ele>903.000</ele>
      </trkpt>
      <trkpt lat="46.510320000" lon="5.982330000">
        <ele>900.000</ele>
      </trkpt>
      <trkpt lat="46.510620000" lon="5.983050000">
        <ele>898.000</ele>
      </trkpt>
      <trkpt lat="46.511120000" lon="5.983990000">
        <ele>896.000</ele>
      </trkpt>
      <trkpt lat="46.511280000" lon="5.984260000">
        <ele>895.000</ele>
      </trkpt>
      <trkpt lat="46.511420000" lon="5.984370000">
        <ele>894.000</ele>
      </trkpt>
      <trkpt lat="46.511570000" lon="5.984450000">
        <ele>893.000</ele>
      </trkpt>
      <trkpt lat="46.512050000" lon="5.984590000">
        <ele>892.000</ele>
      </trkpt>
      <trkpt lat="46.512420000" lon="5.984730000">
        <ele>891.000</ele>
      </trkpt>
      <trkpt lat="46.512730000" lon="5.984960000">
        <ele>890.000</ele>
      </trkpt>
      <trkpt lat="46.512990000" lon="5.985240000">
        <ele>889.000</ele>
      </trkpt>
      <trkpt lat="46.513390000" lon="5.985830000">
        <ele>888.000</ele>
      </trkpt>
      <trkpt lat="46.513730000" lon="5.986270000">
        <ele>887.000</ele>
      </trkpt>
      <trkpt lat="46.514410000" lon="5.987080000">
        <ele>886.000</ele>
      </trkpt>
      <trkpt lat="46.514840000" lon="5.987510000">
        <ele>885.000</ele>
      </trkpt>
      <trkpt lat="46.515320000" lon="5.987900000">
        <ele>883.000</ele>
      </trkpt>
      <trkpt lat="46.515860000" lon="5.988170000">
        <ele>880.000</ele>
      </trkpt>
      <trkpt lat="46.516520000" lon="5.988530000">
        <ele>877.000</ele>
      </trkpt>
      <trkpt lat="46.517310000" lon="5.989190000">
        <ele>874.000</ele>
      </trkpt>
      <trkpt lat="46.518070000" lon="5.989850000">
        <ele>871.000</ele>
      </trkpt>
      <trkpt lat="46.518270000" lon="5.990050000">
        <ele>869.000</ele>
      </trkpt>
      <trkpt lat="46.518950000" lon="5.990710000">
        <ele>867.000</ele>
      </trkpt>
      <trkpt lat="46.519370000" lon="5.991290000">
        <ele>865.000</ele>
      </trkpt>
      <trkpt lat="46.519980000" lon="5.992150000">
        <ele>862.000</ele>
      </trkpt>
      <trkpt lat="46.520230000" lon="5.992520000">
        <ele>860.000</ele>
      </trkpt>
      <trkpt lat="46.520470000" lon="5.992990000">
        <ele>858.000</ele>
      </trkpt>
      <trkpt lat="46.520710000" lon="5.993740000">
        <ele>857.000</ele>
      </trkpt>
      <trkpt lat="46.520980000" lon="5.994670000">
        <ele>855.000</ele>
      </trkpt>
      <trkpt lat="46.521160000" lon="5.995200000">
        <ele>853.000</ele>
      </trkpt>
      <trkpt lat="46.521450000" lon="5.995990000">
        <ele>851.000</ele>
      </trkpt>
      <trkpt lat="46.521560000" lon="5.996280000">
        <ele>849.000</ele>
      </trkpt>
      <trkpt lat="46.521660000" lon="5.996510000">
        <ele>848.000</ele>
      </trkpt>
      <trkpt lat="46.521730000" lon="5.996640000">
        <ele>847.000</ele>
      </trkpt>
      <trkpt lat="46.521810000" lon="5.996780000">
        <ele>846.000</ele>
      </trkpt>
      <trkpt lat="46.522020000" lon="5.997060000">
        <ele>845.000</ele>
      </trkpt>
      <trkpt lat="46.522080000" lon="5.997120000">
        <ele>845.000</ele>
      </trkpt>
      <trkpt lat="46.522180000" lon="5.997190000">
        <ele>844.000</ele>
      </trkpt>
      <trkpt lat="46.522270000" lon="5.997250000">
        <ele>843.000</ele>
      </trkpt>
      <trkpt lat="46.522340000" lon="5.997290000">
        <ele>843.000</ele>
      </trkpt>
      <trkpt lat="46.522430000" lon="5.997320000">
        <ele>842.000</ele>
      </trkpt>
      <trkpt lat="46.522560000" lon="5.997350000">
        <ele>841.000</ele>
      </trkpt>
      <trkpt lat="46.522830000" lon="5.997430000">
        <ele>840.000</ele>
      </trkpt>
      <trkpt lat="46.523080000" lon="5.997570000">
        <ele>839.000</ele>
      </trkpt>
      <trkpt lat="46.523430000" lon="5.997860000">
        <ele>838.000</ele>
      </trkpt>
      <trkpt lat="46.523570000" lon="5.997960000">
        <ele>836.000</ele>
      </trkpt>
      <trkpt lat="46.523640000" lon="5.998000000">
        <ele>835.000</ele>
      </trkpt>
      <trkpt lat="46.523760000" lon="5.998050000">
        <ele>834.000</ele>
      </trkpt>
      <trkpt lat="46.523840000" lon="5.998070000">
        <ele>834.000</ele>
      </trkpt>
      <trkpt lat="46.523910000" lon="5.998080000">
        <ele>833.000</ele>
      </trkpt>
      <trkpt lat="46.524210000" lon="5.998110000">
        <ele>832.000</ele>
      </trkpt>
      <trkpt lat="46.524290000" lon="5.998110000">
        <ele>831.000</ele>
      </trkpt>
      <trkpt lat="46.524450000" lon="5.998090000">
        <ele>831.000</ele>
      </trkpt>
      <trkpt lat="46.524740000" lon="5.998040000">
        <ele>830.000</ele>
      </trkpt>
      <trkpt lat="46.524960000" lon="5.998010000">
        <ele>829.000</ele>
      </trkpt>
      <trkpt lat="46.525050000" lon="5.997990000">
        <ele>828.000</ele>
      </trkpt>
      <trkpt lat="46.525170000" lon="5.997980000">
        <ele>827.000</ele>
      </trkpt>
      <trkpt lat="46.525310000" lon="5.997970000">
        <ele>826.000</ele>
      </trkpt>
      <trkpt lat="46.525380000" lon="5.997970000">
        <ele>826.000</ele>
      </trkpt>
      <trkpt lat="46.525480000" lon="5.997990000">
        <ele>825.000</ele>
      </trkpt>
      <trkpt lat="46.525570000" lon="5.998030000">
        <ele>825.000</ele>
      </trkpt>
      <trkpt lat="46.525650000" lon="5.998080000">
        <ele>824.000</ele>
      </trkpt>
      <trkpt lat="46.525740000" lon="5.998150000">
        <ele>824.000</ele>
      </trkpt>
      <trkpt lat="46.526000000" lon="5.998380000">
        <ele>823.000</ele>
      </trkpt>
      <trkpt lat="46.526220000" lon="5.998600000">
        <ele>823.000</ele>
      </trkpt>
      <trkpt lat="46.526430000" lon="5.998810000">
        <ele>822.000</ele>
      </trkpt>
      <trkpt lat="46.526540000" lon="5.998930000">
        <ele>822.000</ele>
      </trkpt>
      <trkpt lat="46.526660000" lon="5.999060000">
        <ele>822.000</ele>
      </trkpt>
      <trkpt lat="46.526750000" lon="5.999190000">
        <ele>821.000</ele>
      </trkpt>
      <trkpt lat="46.527150000" lon="5.999750000">
        <ele>821.000</ele>
      </trkpt>
      <trkpt lat="46.527630000" lon="6.000340000">
        <ele>818.000</ele>
      </trkpt>
      <trkpt lat="46.527790000" lon="6.000530000">
        <ele>816.000</ele>
      </trkpt>
      <trkpt lat="46.528010000" lon="6.000780000">
        <ele>814.000</ele>
      </trkpt>
      <trkpt lat="46.528270000" lon="6.001090000">
        <ele>811.000</ele>
      </trkpt>
      <trkpt lat="46.528400000" lon="6.001220000">
        <ele>809.000</ele>
      </trkpt>
      <trkpt lat="46.528620000" lon="6.001390000">
        <ele>807.000</ele>
      </trkpt>
      <trkpt lat="46.528740000" lon="6.001500000">
        <ele>805.000</ele>
      </trkpt>
      <trkpt lat="46.528830000" lon="6.001590000">
        <ele>804.000</ele>
      </trkpt>
      <trkpt lat="46.528900000" lon="6.001690000">
        <ele>803.000</ele>
      </trkpt>
      <trkpt lat="46.528960000" lon="6.001800000">
        <ele>802.000</ele>
      </trkpt>
      <trkpt lat="46.529000000" lon="6.001900000">
        <ele>802.000</ele>
      </trkpt>
      <trkpt lat="46.529040000" lon="6.002020000">
        <ele>801.000</ele>
      </trkpt>
      <trkpt lat="46.529090000" lon="6.002160000">
        <ele>801.000</ele>
      </trkpt>
      <trkpt lat="46.529110000" lon="6.002280000">
        <ele>800.000</ele>
      </trkpt>
      <trkpt lat="46.529130000" lon="6.002480000">
        <ele>800.000</ele>
      </trkpt>
      <trkpt lat="46.529140000" lon="6.002650000">
        <ele>800.000</ele>
      </trkpt>
      <trkpt lat="46.529140000" lon="6.002880000">
        <ele>799.000</ele>
      </trkpt>
      <trkpt lat="46.529150000" lon="6.003070000">
        <ele>799.000</ele>
      </trkpt>
      <trkpt lat="46.529160000" lon="6.003210000">
        <ele>798.000</ele>
      </trkpt>
      <trkpt lat="46.529170000" lon="6.003330000">
        <ele>798.000</ele>
      </trkpt>
      <trkpt lat="46.529200000" lon="6.003450000">
        <ele>798.000</ele>
      </trkpt>
      <trkpt lat="46.529320000" lon="6.003990000">
        <ele>797.000</ele>
      </trkpt>
      <trkpt lat="46.529340000" lon="6.004110000">
        <ele>796.000</ele>
      </trkpt>
      <trkpt lat="46.529350000" lon="6.004270000">
        <ele>796.000</ele>
      </trkpt>
      <trkpt lat="46.529360000" lon="6.004530000">
        <ele>796.000</ele>
      </trkpt>
      <trkpt lat="46.529350000" lon="6.004800000">
        <ele>796.000</ele>
      </trkpt>
      <trkpt lat="46.529360000" lon="6.004920000">
        <ele>796.000</ele>
      </trkpt>
      <trkpt lat="46.529380000" lon="6.005030000">
        <ele>796.000</ele>
      </trkpt>
      <trkpt lat="46.529400000" lon="6.005120000">
        <ele>796.000</ele>
      </trkpt>
      <trkpt lat="46.529450000" lon="6.005210000">
        <ele>796.000</ele>
      </trkpt>
      <trkpt lat="46.529540000" lon="6.005310000">
        <ele>796.000</ele>
      </trkpt>
      <trkpt lat="46.529690000" lon="6.005450000">
        <ele>796.000</ele>
      </trkpt>
      <trkpt lat="46.529860000" lon="6.005580000">
        <ele>796.000</ele>
      </trkpt>
      <trkpt lat="46.530010000" lon="6.005720000">
        <ele>796.000</ele>
      </trkpt>
      <trkpt lat="46.530110000" lon="6.005820000">
        <ele>796.000</ele>
      </trkpt>
      <trkpt lat="46.530180000" lon="6.005910000">
        <ele>796.000</ele>
      </trkpt>
      <trkpt lat="46.530310000" lon="6.006130000">
        <ele>796.000</ele>
      </trkpt>
      <trkpt lat="46.530870000" lon="6.007150000">
        <ele>794.000</ele>
      </trkpt>
      <trkpt lat="46.531620000" lon="6.008370000">
        <ele>790.000</ele>
      </trkpt>
      <trkpt lat="46.531720000" lon="6.008520000">
        <ele>788.000</ele>
      </trkpt>
      <trkpt lat="46.531800000" lon="6.008670000">
        <ele>786.000</ele>
      </trkpt>
      <trkpt lat="46.531970000" lon="6.008990000">
        <ele>784.000</ele>
      </trkpt>
      <trkpt lat="46.532020000" lon="6.009130000">
        <ele>783.000</ele>
      </trkpt>
      <trkpt lat="46.532060000" lon="6.009260000">
        <ele>782.000</ele>
      </trkpt>
      <trkpt lat="46.532090000" lon="6.009410000">
        <ele>782.000</ele>
      </trkpt>
      <trkpt lat="46.532110000" lon="6.009570000">
        <ele>781.000</ele>
      </trkpt>
      <trkpt lat="46.532120000" lon="6.009640000">
        <ele>781.000</ele>
      </trkpt>
      <trkpt lat="46.532130000" lon="6.009750000">
        <ele>781.000</ele>
      </trkpt>
      <trkpt lat="46.532140000" lon="6.009880000">
        <ele>780.000</ele>
      </trkpt>
      <trkpt lat="46.532130000" lon="6.010010000">
        <ele>780.000</ele>
      </trkpt>
      <trkpt lat="46.532120000" lon="6.010210000">
        <ele>780.000</ele>
      </trkpt>
      <trkpt lat="46.532090000" lon="6.010400000">
        <ele>780.000</ele>
      </trkpt>
      <trkpt lat="46.532080000" lon="6.010550000">
        <ele>779.000</ele>
      </trkpt>
      <trkpt lat="46.532050000" lon="6.010760000">
        <ele>779.000</ele>
      </trkpt>
      <trkpt lat="46.532000000" lon="6.011090000">
        <ele>778.000</ele>
      </trkpt>
      <trkpt lat="46.531940000" lon="6.011360000">
        <ele>777.000</ele>
      </trkpt>
      <trkpt lat="46.531900000" lon="6.011520000">
        <ele>776.000</ele>
      </trkpt>
      <trkpt lat="46.531860000" lon="6.011670000">
        <ele>776.000</ele>
      </trkpt>
      <trkpt lat="46.531810000" lon="6.011830000">
        <ele>775.000</ele>
      </trkpt>
      <trkpt lat="46.531750000" lon="6.011980000">
        <ele>774.000</ele>
      </trkpt>
      <trkpt lat="46.531700000" lon="6.012130000">
        <ele>773.000</ele>
      </trkpt>
      <trkpt lat="46.531630000" lon="6.012270000">
        <ele>772.000</ele>
      </trkpt>
      <trkpt lat="46.531540000" lon="6.012460000">
        <ele>771.000</ele>
      </trkpt>
      <trkpt lat="46.531440000" lon="6.012640000">
        <ele>770.000</ele>
      </trkpt>
      <trkpt lat="46.531360000" lon="6.012750000">
        <ele>769.000</ele>
      </trkpt>
      <trkpt lat="46.531280000" lon="6.012870000">
        <ele>768.000</ele>
      </trkpt>
      <trkpt lat="46.531220000" lon="6.012940000">
        <ele>768.000</ele>
      </trkpt>
      <trkpt lat="46.531150000" lon="6.013000000">
        <ele>767.000</ele>
      </trkpt>
      <trkpt lat="46.530880000" lon="6.013250000">
        <ele>767.000</ele>
      </trkpt>
      <trkpt lat="46.530760000" lon="6.013380000">
        <ele>766.000</ele>
      </trkpt>
      <trkpt lat="46.530640000" lon="6.013530000">
        <ele>766.000</ele>
      </trkpt>
      <trkpt lat="46.530500000" lon="6.013720000">
        <ele>766.000</ele>
      </trkpt>
      <trkpt lat="46.530360000" lon="6.013920000">
        <ele>766.000</ele>
      </trkpt>
      <trkpt lat="46.530210000" lon="6.014170000">
        <ele>767.000</ele>
      </trkpt>
      <trkpt lat="46.530130000" lon="6.014330000">
        <ele>767.000</ele>
      </trkpt>
      <trkpt lat="46.530060000" lon="6.014520000">
        <ele>767.000</ele>
      </trkpt>
      <trkpt lat="46.529920000" lon="6.014910000">
        <ele>767.000</ele>
      </trkpt>
      <trkpt lat="46.529840000" lon="6.015110000">
        <ele>767.000</ele>
      </trkpt>
      <trkpt lat="46.529790000" lon="6.015260000">
        <ele>767.000</ele>
      </trkpt>
      <trkpt lat="46.529700000" lon="6.015470000">
        <ele>767.000</ele>
      </trkpt>
      <trkpt lat="46.529630000" lon="6.015690000">
        <ele>766.000</ele>
      </trkpt>
      <trkpt lat="46.529550000" lon="6.015930000">
        <ele>766.000</ele>
      </trkpt>
      <trkpt lat="46.529450000" lon="6.016290000">
        <ele>765.000</ele>
      </trkpt>
      <trkpt lat="46.529390000" lon="6.016430000">
        <ele>764.000</ele>
      </trkpt>
      <trkpt lat="46.529320000" lon="6.016570000">
        <ele>764.000</ele>
      </trkpt>
      <trkpt lat="46.529250000" lon="6.016710000">
        <ele>763.000</ele>
      </trkpt>
      <trkpt lat="46.529170000" lon="6.016830000">
        <ele>763.000</ele>
      </trkpt>
      <trkpt lat="46.529120000" lon="6.016910000">
        <ele>762.000</ele>
      </trkpt>
      <trkpt lat="46.528910000" lon="6.017240000">
        <ele>762.000</ele>
      </trkpt>
      <trkpt lat="46.528780000" lon="6.017450000">
        <ele>761.000</ele>
      </trkpt>
      <trkpt lat="46.528680000" lon="6.017630000">
        <ele>760.000</ele>
      </trkpt>
      <trkpt lat="46.528430000" lon="6.018060000">
        <ele>758.000</ele>
      </trkpt>
      <trkpt lat="46.528340000" lon="6.018210000">
        <ele>756.000</ele>
      </trkpt>
      <trkpt lat="46.528250000" lon="6.018400000">
        <ele>755.000</ele>
      </trkpt>
      <trkpt lat="46.528190000" lon="6.018540000">
        <ele>753.000</ele>
      </trkpt>
      <trkpt lat="46.528150000" lon="6.018670000">
        <ele>752.000</ele>
      </trkpt>
      <trkpt lat="46.528050000" lon="6.019110000">
        <ele>750.000</ele>
      </trkpt>
      <trkpt lat="46.528020000" lon="6.019400000">
        <ele>749.000</ele>
      </trkpt>
      <trkpt lat="46.528020000" lon="6.019500000">
        <ele>747.000</ele>
      </trkpt>
      <trkpt lat="46.528000000" lon="6.019620000">
        <ele>746.000</ele>
      </trkpt>
      <trkpt lat="46.527980000" lon="6.019740000">
        <ele>745.000</ele>
      </trkpt>
      <trkpt lat="46.527960000" lon="6.019820000">
        <ele>743.000</ele>
      </trkpt>
      <trkpt lat="46.527930000" lon="6.019900000">
        <ele>742.000</ele>
      </trkpt>
      <trkpt lat="46.527890000" lon="6.019970000">
        <ele>741.000</ele>
      </trkpt>
      <trkpt lat="46.527830000" lon="6.020050000">
        <ele>740.000</ele>
      </trkpt>
      <trkpt lat="46.527770000" lon="6.020110000">
        <ele>739.000</ele>
      </trkpt>
      <trkpt lat="46.527700000" lon="6.020160000">
        <ele>738.000</ele>
      </trkpt>
      <trkpt lat="46.527600000" lon="6.020220000">
        <ele>737.000</ele>
      </trkpt>
      <trkpt lat="46.527390000" lon="6.020290000">
        <ele>735.000</ele>
      </trkpt>
      <trkpt lat="46.527150000" lon="6.020370000">
        <ele>732.000</ele>
      </trkpt>
      <trkpt lat="46.526780000" lon="6.020480000">
        <ele>729.000</ele>
      </trkpt>
      <trkpt lat="46.526650000" lon="6.020500000">
        <ele>726.000</ele>
      </trkpt>
      <trkpt lat="46.526540000" lon="6.020500000">
        <ele>723.000</ele>
      </trkpt>
      <trkpt lat="46.526430000" lon="6.020480000">
        <ele>721.000</ele>
      </trkpt>
      <trkpt lat="46.526230000" lon="6.020430000">
        <ele>719.000</ele>
      </trkpt>
      <trkpt lat="46.526110000" lon="6.020410000">
        <ele>718.000</ele>
      </trkpt>
      <trkpt lat="46.525930000" lon="6.020390000">
        <ele>717.000</ele>
      </trkpt>
      <trkpt lat="46.525780000" lon="6.020380000">
        <ele>717.000</ele>
      </trkpt>
      <trkpt lat="46.525770000" lon="6.020370000">
        <ele>716.000</ele>
      </trkpt>
      <trkpt lat="46.525700000" lon="6.020360000">
        <ele>716.000</ele>
      </trkpt>
      <trkpt lat="46.525640000" lon="6.020340000">
        <ele>716.000</ele>
      </trkpt>
      <trkpt lat="46.525550000" lon="6.020310000">
        <ele>715.000</ele>
      </trkpt>
      <trkpt lat="46.525450000" lon="6.020280000">
        <ele>715.000</ele>
      </trkpt>
      <trkpt lat="46.525230000" lon="6.020210000">
        <ele>715.000</ele>
      </trkpt>
      <trkpt lat="46.525020000" lon="6.020160000">
        <ele>714.000</ele>
      </trkpt>
      <trkpt lat="46.524820000" lon="6.020120000">
        <ele>714.000</ele>
      </trkpt>
      <trkpt lat="46.524700000" lon="6.020100000">
        <ele>714.000</ele>
      </trkpt>
      <trkpt lat="46.524320000" lon="6.020110000">
        <ele>713.000</ele>
      </trkpt>
      <trkpt lat="46.523650000" lon="6.020150000">
        <ele>713.000</ele>
      </trkpt>
      <trkpt lat="46.523450000" lon="6.020160000">
        <ele>713.000</ele>
      </trkpt>
      <trkpt lat="46.523430000" lon="6.020160000">
        <ele>712.000</ele>
      </trkpt>
      <trkpt lat="46.523100000" lon="6.020170000">
        <ele>712.000</ele>
      </trkpt>
      <trkpt lat="46.522810000" lon="6.020200000">
        <ele>712.000</ele>
      </trkpt>
      <trkpt lat="46.522650000" lon="6.020210000">
        <ele>712.000</ele>
      </trkpt>
      <trkpt lat="46.522570000" lon="6.020230000">
        <ele>712.000</ele>
      </trkpt>
      <trkpt lat="46.522460000" lon="6.020260000">
        <ele>712.000</ele>
      </trkpt>
      <trkpt lat="46.522380000" lon="6.020290000">
        <ele>712.000</ele>
      </trkpt>
      <trkpt lat="46.522310000" lon="6.020340000">
        <ele>711.000</ele>
      </trkpt>
      <trkpt lat="46.521990000" lon="6.020600000">
        <ele>711.000</ele>
      </trkpt>
      <trkpt lat="46.521920000" lon="6.020670000">
        <ele>711.000</ele>
      </trkpt>
      <trkpt lat="46.521870000" lon="6.020720000">
        <ele>710.000</ele>
      </trkpt>
      <trkpt lat="46.521840000" lon="6.020780000">
        <ele>710.000</ele>
      </trkpt>
      <trkpt lat="46.521820000" lon="6.020830000">
        <ele>710.000</ele>
      </trkpt>
      <trkpt lat="46.521800000" lon="6.020900000">
        <ele>710.000</ele>
      </trkpt>
      <trkpt lat="46.521780000" lon="6.020980000">
        <ele>710.000</ele>
      </trkpt>
      <trkpt lat="46.521780000" lon="6.020980000">
        <ele>710.000</ele>
      </trkpt>
      <trkpt lat="46.521750000" lon="6.021110000">
        <ele>710.000</ele>
      </trkpt>
      <trkpt lat="46.521750000" lon="6.021180000">
        <ele>709.000</ele>
      </trkpt>
      <trkpt lat="46.521750000" lon="6.021230000">
        <ele>709.000</ele>
      </trkpt>
      <trkpt lat="46.521780000" lon="6.021300000">
        <ele>709.000</ele>
      </trkpt>
      <trkpt lat="46.521800000" lon="6.021360000">
        <ele>709.000</ele>
      </trkpt>
      <trkpt lat="46.521830000" lon="6.021480000">
        <ele>709.000</ele>
      </trkpt>
      <trkpt lat="46.521840000" lon="6.021530000">
        <ele>709.000</ele>
      </trkpt>
      <trkpt lat="46.521930000" lon="6.021890000">
        <ele>709.000</ele>
      </trkpt>
      <trkpt lat="46.521950000" lon="6.021970000">
        <ele>708.000</ele>
      </trkpt>
      <trkpt lat="46.522010000" lon="6.022170000">
        <ele>708.000</ele>
      </trkpt>
      <trkpt lat="46.522040000" lon="6.022220000">
        <ele>708.000</ele>
      </trkpt>
      <trkpt lat="46.522060000" lon="6.022220000">
        <ele>708.000</ele>
      </trkpt>
      <trkpt lat="46.522080000" lon="6.022220000">
        <ele>708.000</ele>
      </trkpt>
      <trkpt lat="46.522200000" lon="6.022140000">
        <ele>708.000</ele>
      </trkpt>
      <trkpt lat="46.522310000" lon="6.022070000">
        <ele>708.000</ele>
      </trkpt>
      <trkpt lat="46.522330000" lon="6.022050000">
        <ele>708.000</ele>
      </trkpt>
      <trkpt lat="46.522360000" lon="6.022050000">
        <ele>708.000</ele>
      </trkpt>
      <trkpt lat="46.522390000" lon="6.022060000">
        <ele>708.000</ele>
      </trkpt>
      <trkpt lat="46.522410000" lon="6.022080000">
        <ele>709.000</ele>
      </trkpt>
      <trkpt lat="46.522430000" lon="6.022110000">
        <ele>709.000</ele>
      </trkpt>
      <trkpt lat="46.522440000" lon="6.022140000">
        <ele>709.000</ele>
      </trkpt>
      <trkpt lat="46.522440000" lon="6.022180000">
        <ele>709.000</ele>
      </trkpt>
      <trkpt lat="46.522440000" lon="6.022220000">
        <ele>709.000</ele>
      </trkpt>
      <trkpt lat="46.522430000" lon="6.022250000">
        <ele>709.000</ele>
      </trkpt>
      <trkpt lat="46.522410000" lon="6.022280000">
        <ele>709.000</ele>
      </trkpt>
      <trkpt lat="46.522440000" lon="6.022340000">
        <ele>709.000</ele>
      </trkpt>
      <trkpt lat="46.522470000" lon="6.022390000">
        <ele>709.000</ele>
      </trkpt>
      <trkpt lat="46.522520000" lon="6.022440000">
        <ele>709.000</ele>
      </trkpt>
      <trkpt lat="46.522590000" lon="6.022490000">
        <ele>710.000</ele>
      </trkpt>
      <trkpt lat="46.522690000" lon="6.022540000">
        <ele>710.000</ele>
      </trkpt>
      <trkpt lat="46.522740000" lon="6.022560000">
        <ele>710.000</ele>
      </trkpt>
      <trkpt lat="46.522810000" lon="6.022570000">
        <ele>710.000</ele>
      </trkpt>
      <trkpt lat="46.522880000" lon="6.022570000">
        <ele>710.000</ele>
      </trkpt>
      <trkpt lat="46.522980000" lon="6.022540000">
        <ele>711.000</ele>
      </trkpt>
      <trkpt lat="46.523050000" lon="6.022530000">
        <ele>711.000</ele>
      </trkpt>
      <trkpt lat="46.523050000" lon="6.022530000">
        <ele>711.000</ele>
      </trkpt>
      <trkpt lat="46.523240000" lon="6.022490000">
        <ele>711.000</ele>
      </trkpt>
      <trkpt lat="46.523740000" lon="6.022380000">
        <ele>712.000</ele>
      </trkpt>
      <trkpt lat="46.523840000" lon="6.022360000">
        <ele>713.000</ele>
      </trkpt>
      <trkpt lat="46.523890000" lon="6.022360000">
        <ele>713.000</ele>
      </trkpt>
      <trkpt lat="46.523940000" lon="6.022350000">
        <ele>713.000</ele>
      </trkpt>
      <trkpt lat="46.523990000" lon="6.022360000">
        <ele>714.000</ele>
      </trkpt>
      <trkpt lat="46.524060000" lon="6.022360000">
        <ele>714.000</ele>
      </trkpt>
      <trkpt lat="46.524100000" lon="6.022380000">
        <ele>714.000</ele>
      </trkpt>
      <trkpt lat="46.524150000" lon="6.022390000">
        <ele>714.000</ele>
      </trkpt>
      <trkpt lat="46.524230000" lon="6.022420000">
        <ele>714.000</ele>
      </trkpt>
      <trkpt lat="46.524350000" lon="6.022540000">
        <ele>715.000</ele>
      </trkpt>
      <trkpt lat="46.524430000" lon="6.022610000">
        <ele>715.000</ele>
      </trkpt>
      <trkpt lat="46.524460000" lon="6.022670000">
        <ele>715.000</ele>
      </trkpt>
      <trkpt lat="46.524500000" lon="6.022780000">
        <ele>715.000</ele>
      </trkpt>
      <trkpt lat="46.524520000" lon="6.022830000">
        <ele>716.000</ele>
      </trkpt>
      <trkpt lat="46.524610000" lon="6.022820000">
        <ele>716.000</ele>
      </trkpt>
      <trkpt lat="46.524720000" lon="6.022830000">
        <ele>716.000</ele>
      </trkpt>
      <trkpt lat="46.524830000" lon="6.022860000">
        <ele>716.000</ele>
      </trkpt>
      <trkpt lat="46.525080000" lon="6.022960000">
        <ele>717.000</ele>
      </trkpt>
      <trkpt lat="46.525210000" lon="6.023010000">
        <ele>717.000</ele>
      </trkpt>
      <trkpt lat="46.525270000" lon="6.023030000">
        <ele>717.000</ele>
      </trkpt>
      <trkpt lat="46.525350000" lon="6.023050000">
        <ele>718.000</ele>
      </trkpt>
      <trkpt lat="46.525430000" lon="6.023060000">
        <ele>718.000</ele>
      </trkpt>
      <trkpt lat="46.525560000" lon="6.023080000">
        <ele>718.000</ele>
      </trkpt>
      <trkpt lat="46.525670000" lon="6.023070000">
        <ele>719.000</ele>
      </trkpt>
      <trkpt lat="46.525790000" lon="6.023050000">
        <ele>719.000</ele>
      </trkpt>
      <trkpt lat="46.525940000" lon="6.023020000">
        <ele>719.000</ele>
      </trkpt>
      <trkpt lat="46.526120000" lon="6.022970000">
        <ele>720.000</ele>
      </trkpt>
      <trkpt lat="46.526660000" lon="6.022820000">
        <ele>721.000</ele>
      </trkpt>
      <trkpt lat="46.526950000" lon="6.022810000">
        <ele>722.000</ele>
      </trkpt>
      <trkpt lat="46.527040000" lon="6.022830000">
        <ele>722.000</ele>
      </trkpt>
      <trkpt lat="46.527120000" lon="6.022850000">
        <ele>723.000</ele>
      </trkpt>
      <trkpt lat="46.527190000" lon="6.022880000">
        <ele>723.000</ele>
      </trkpt>
      <trkpt lat="46.527300000" lon="6.022910000">
        <ele>724.000</ele>
      </trkpt>
      <trkpt lat="46.527380000" lon="6.022930000">
        <ele>724.000</ele>
      </trkpt>
      <trkpt lat="46.527450000" lon="6.022950000">
        <ele>724.000</ele>
      </trkpt>
      <trkpt lat="46.527520000" lon="6.022960000">
        <ele>724.000</ele>
      </trkpt>
      <trkpt lat="46.527590000" lon="6.022940000">
        <ele>724.000</ele>
      </trkpt>
      <trkpt lat="46.527670000" lon="6.022920000">
        <ele>724.000</ele>
      </trkpt>
      <trkpt lat="46.527740000" lon="6.022900000">
        <ele>724.000</ele>
      </trkpt>
      <trkpt lat="46.527740000" lon="6.022890000">
        <ele>724.000</ele>
      </trkpt>
      <trkpt lat="46.527830000" lon="6.022850000">
        <ele>724.000</ele>
      </trkpt>
      <trkpt lat="46.528000000" lon="6.022720000">
        <ele>724.000</ele>
      </trkpt>
      <trkpt lat="46.528180000" lon="6.022610000">
        <ele>723.000</ele>
      </trkpt>
      <trkpt lat="46.528650000" lon="6.022290000">
        <ele>723.000</ele>
      </trkpt>
      <trkpt lat="46.528790000" lon="6.022210000">
        <ele>723.000</ele>
      </trkpt>
      <trkpt lat="46.528950000" lon="6.022130000">
        <ele>722.000</ele>
      </trkpt>
      <trkpt lat="46.529110000" lon="6.022070000">
        <ele>722.000</ele>
      </trkpt>
      <trkpt lat="46.529230000" lon="6.022020000">
        <ele>722.000</ele>
      </trkpt>
      <trkpt lat="46.529360000" lon="6.021990000">
        <ele>722.000</ele>
      </trkpt>
      <trkpt lat="46.529480000" lon="6.021970000">
        <ele>722.000</ele>
      </trkpt>
      <trkpt lat="46.529600000" lon="6.021970000">
        <ele>722.000</ele>
      </trkpt>
      <trkpt lat="46.529700000" lon="6.021970000">
        <ele>722.000</ele>
      </trkpt>
      <trkpt lat="46.529830000" lon="6.021990000">
        <ele>722.000</ele>
      </trkpt>
      <trkpt lat="46.529950000" lon="6.022020000">
        <ele>722.000</ele>
      </trkpt>
      <trkpt lat="46.530080000" lon="6.022080000">
        <ele>722.000</ele>
      </trkpt>
      <trkpt lat="46.530190000" lon="6.022160000">
        <ele>722.000</ele>
      </trkpt>
      <trkpt lat="46.530310000" lon="6.022260000">
        <ele>722.000</ele>
      </trkpt>
      <trkpt lat="46.530610000" lon="6.022530000">
        <ele>722.000</ele>
      </trkpt>
      <trkpt lat="46.530990000" lon="6.022860000">
        <ele>722.000</ele>
      </trkpt>
      <trkpt lat="46.531150000" lon="6.022970000">
        <ele>722.000</ele>
      </trkpt>
      <trkpt lat="46.531330000" lon="6.023080000">
        <ele>722.000</ele>
      </trkpt>
      <trkpt lat="46.531780000" lon="6.023340000">
        <ele>722.000</ele>
      </trkpt>
      <trkpt lat="46.531910000" lon="6.023420000">
        <ele>722.000</ele>
      </trkpt>
      <trkpt lat="46.532050000" lon="6.023540000">
        <ele>722.000</ele>
      </trkpt>
      <trkpt lat="46.532700000" lon="6.024180000">
        <ele>722.000</ele>
      </trkpt>
      <trkpt lat="46.533140000" lon="6.024580000">
        <ele>723.000</ele>
      </trkpt>
      <trkpt lat="46.533300000" lon="6.024720000">
        <ele>724.000</ele>
      </trkpt>
      <trkpt lat="46.533540000" lon="6.024940000">
        <ele>725.000</ele>
      </trkpt>
      <trkpt lat="46.533700000" lon="6.025080000">
        <ele>726.000</ele>
      </trkpt>
      <trkpt lat="46.533870000" lon="6.025270000">
        <ele>727.000</ele>
      </trkpt>
      <trkpt lat="46.534040000" lon="6.025470000">
        <ele>728.000</ele>
      </trkpt>
      <trkpt lat="46.534140000" lon="6.025600000">
        <ele>728.000</ele>
      </trkpt>
      <trkpt lat="46.534220000" lon="6.025720000">
        <ele>729.000</ele>
      </trkpt>
      <trkpt lat="46.534300000" lon="6.025840000">
        <ele>730.000</ele>
      </trkpt>
      <trkpt lat="46.534370000" lon="6.025980000">
        <ele>731.000</ele>
      </trkpt>
      <trkpt lat="46.534430000" lon="6.026140000">
        <ele>732.000</ele>
      </trkpt>
      <trkpt lat="46.534510000" lon="6.026340000">
        <ele>732.000</ele>
      </trkpt>
      <trkpt lat="46.534630000" lon="6.026620000">
        <ele>734.000</ele>
      </trkpt>
      <trkpt lat="46.534730000" lon="6.026850000">
        <ele>735.000</ele>
      </trkpt>
      <trkpt lat="46.534830000" lon="6.027060000">
        <ele>736.000</ele>
      </trkpt>
      <trkpt lat="46.534940000" lon="6.027240000">
        <ele>738.000</ele>
      </trkpt>
      <trkpt lat="46.535090000" lon="6.027490000">
        <ele>739.000</ele>
      </trkpt>
      <trkpt lat="46.535170000" lon="6.027630000">
        <ele>740.000</ele>
      </trkpt>
      <trkpt lat="46.535240000" lon="6.027700000">
        <ele>741.000</ele>
      </trkpt>
      <trkpt lat="46.535300000" lon="6.027760000">
        <ele>742.000</ele>
      </trkpt>
      <trkpt lat="46.535360000" lon="6.027780000">
        <ele>743.000</ele>
      </trkpt>
      <trkpt lat="46.535410000" lon="6.027790000">
        <ele>744.000</ele>
      </trkpt>
      <trkpt lat="46.535460000" lon="6.027780000">
        <ele>744.000</ele>
      </trkpt>
      <trkpt lat="46.535540000" lon="6.027750000">
        <ele>745.000</ele>
      </trkpt>
      <trkpt lat="46.535600000" lon="6.027710000">
        <ele>746.000</ele>
      </trkpt>
      <trkpt lat="46.535650000" lon="6.027660000">
        <ele>746.000</ele>
      </trkpt>
      <trkpt lat="46.535690000" lon="6.027610000">
        <ele>747.000</ele>
      </trkpt>
      <trkpt lat="46.535730000" lon="6.027550000">
        <ele>747.000</ele>
      </trkpt>
      <trkpt lat="46.535760000" lon="6.027510000">
        <ele>748.000</ele>
      </trkpt>
      <trkpt lat="46.535790000" lon="6.027460000">
        <ele>748.000</ele>
      </trkpt>
      <trkpt lat="46.535810000" lon="6.027380000">
        <ele>749.000</ele>
      </trkpt>
      <trkpt lat="46.535820000" lon="6.027310000">
        <ele>749.000</ele>
      </trkpt>
      <trkpt lat="46.535830000" lon="6.027230000">
        <ele>750.000</ele>
      </trkpt>
      <trkpt lat="46.535830000" lon="6.027150000">
        <ele>750.000</ele>
      </trkpt>
      <trkpt lat="46.535820000" lon="6.027070000">
        <ele>751.000</ele>
      </trkpt>
      <trkpt lat="46.535800000" lon="6.026960000">
        <ele>751.000</ele>
      </trkpt>
      <trkpt lat="46.535760000" lon="6.026820000">
        <ele>752.000</ele>
      </trkpt>
      <trkpt lat="46.535650000" lon="6.026400000">
        <ele>753.000</ele>
      </trkpt>
      <trkpt lat="46.535560000" lon="6.026110000">
        <ele>755.000</ele>
      </trkpt>
      <trkpt lat="46.535440000" lon="6.025750000">
        <ele>757.000</ele>
      </trkpt>
      <trkpt lat="46.535350000" lon="6.025490000">
        <ele>759.000</ele>
      </trkpt>
      <trkpt lat="46.535240000" lon="6.025210000">
        <ele>760.000</ele>
      </trkpt>
      <trkpt lat="46.535120000" lon="6.024930000">
        <ele>762.000</ele>
      </trkpt>
      <trkpt lat="46.535000000" lon="6.024650000">
        <ele>764.000</ele>
      </trkpt>
      <trkpt lat="46.534950000" lon="6.024520000">
        <ele>765.000</ele>
      </trkpt>
      <trkpt lat="46.534700000" lon="6.023940000">
        <ele>766.000</ele>
      </trkpt>
      <trkpt lat="46.534530000" lon="6.023530000">
        <ele>768.000</ele>
      </trkpt>
      <trkpt lat="46.534360000" lon="6.023230000">
        <ele>770.000</ele>
      </trkpt>
      <trkpt lat="46.533260000" lon="6.021610000">
        <ele>776.000</ele>
      </trkpt>
      <trkpt lat="46.533080000" lon="6.021310000">
        <ele>781.000</ele>
      </trkpt>
      <trkpt lat="46.532980000" lon="6.021070000">
        <ele>784.000</ele>
      </trkpt>
      <trkpt lat="46.532910000" lon="6.020880000">
        <ele>787.000</ele>
      </trkpt>
      <trkpt lat="46.532840000" lon="6.020660000">
        <ele>788.000</ele>
      </trkpt>
      <trkpt lat="46.532810000" lon="6.020500000">
        <ele>790.000</ele>
      </trkpt>
      <trkpt lat="46.532810000" lon="6.020500000">
        <ele>790.000</ele>
      </trkpt>
      <trkpt lat="46.532760000" lon="6.020280000">
        <ele>791.000</ele>
      </trkpt>
      <trkpt lat="46.532710000" lon="6.019780000">
        <ele>792.000</ele>
      </trkpt>
      <trkpt lat="46.532710000" lon="6.019410000">
        <ele>793.000</ele>
      </trkpt>
      <trkpt lat="46.532710000" lon="6.019220000">
        <ele>793.000</ele>
      </trkpt>
      <trkpt lat="46.532740000" lon="6.018970000">
        <ele>794.000</ele>
      </trkpt>
      <trkpt lat="46.532790000" lon="6.018710000">
        <ele>794.000</ele>
      </trkpt>
      <trkpt lat="46.532900000" lon="6.018380000">
        <ele>795.000</ele>
      </trkpt>
      <trkpt lat="46.533040000" lon="6.018110000">
        <ele>796.000</ele>
      </trkpt>
      <trkpt lat="46.533510000" lon="6.017250000">
        <ele>798.000</ele>
      </trkpt>
      <trkpt lat="46.533580000" lon="6.017120000">
        <ele>800.000</ele>
      </trkpt>
      <trkpt lat="46.533700000" lon="6.016920000">
        <ele>801.000</ele>
      </trkpt>
      <trkpt lat="46.533900000" lon="6.016570000">
        <ele>803.000</ele>
      </trkpt>
      <trkpt lat="46.534040000" lon="6.016330000">
        <ele>804.000</ele>
      </trkpt>
      <trkpt lat="46.534140000" lon="6.016200000">
        <ele>805.000</ele>
      </trkpt>
      <trkpt lat="46.534210000" lon="6.016120000">
        <ele>806.000</ele>
      </trkpt>
      <trkpt lat="46.534350000" lon="6.016020000">
        <ele>807.000</ele>
      </trkpt>
      <trkpt lat="46.534440000" lon="6.015980000">
        <ele>808.000</ele>
      </trkpt>
      <trkpt lat="46.534620000" lon="6.015920000">
        <ele>809.000</ele>
      </trkpt>
      <trkpt lat="46.534810000" lon="6.015880000">
        <ele>810.000</ele>
      </trkpt>
      <trkpt lat="46.534970000" lon="6.015870000">
        <ele>811.000</ele>
      </trkpt>
      <trkpt lat="46.535190000" lon="6.015870000">
        <ele>812.000</ele>
      </trkpt>
      <trkpt lat="46.535470000" lon="6.015880000">
        <ele>813.000</ele>
      </trkpt>
      <trkpt lat="46.535650000" lon="6.015890000">
        <ele>814.000</ele>
      </trkpt>
      <trkpt lat="46.535780000" lon="6.015900000">
        <ele>815.000</ele>
      </trkpt>
      <trkpt lat="46.535830000" lon="6.015900000">
        <ele>816.000</ele>
      </trkpt>
      <trkpt lat="46.536160000" lon="6.015910000">
        <ele>818.000</ele>
      </trkpt>
      <trkpt lat="46.536310000" lon="6.015930000">
        <ele>820.000</ele>
      </trkpt>
      <trkpt lat="46.536360000" lon="6.015930000">
        <ele>821.000</ele>
      </trkpt>
      <trkpt lat="46.536400000" lon="6.015940000">
        <ele>822.000</ele>
      </trkpt>
      <trkpt lat="46.536450000" lon="6.015950000">
        <ele>823.000</ele>
      </trkpt>
      <trkpt lat="46.536510000" lon="6.015960000">
        <ele>823.000</ele>
      </trkpt>
      <trkpt lat="46.536850000" lon="6.016030000">
        <ele>825.000</ele>
      </trkpt>
      <trkpt lat="46.537020000" lon="6.016060000">
        <ele>827.000</ele>
      </trkpt>
      <trkpt lat="46.537200000" lon="6.016100000">
        <ele>828.000</ele>
      </trkpt>
      <trkpt lat="46.537370000" lon="6.016130000">
        <ele>830.000</ele>
      </trkpt>
      <trkpt lat="46.537420000" lon="6.016130000">
        <ele>831.000</ele>
      </trkpt>
      <trkpt lat="46.537490000" lon="6.016120000">
        <ele>832.000</ele>
      </trkpt>
      <trkpt lat="46.538020000" lon="6.015970000">
        <ele>834.000</ele>
      </trkpt>
      <trkpt lat="46.538230000" lon="6.015910000">
        <ele>836.000</ele>
      </trkpt>
      <trkpt lat="46.538310000" lon="6.015910000">
        <ele>838.000</ele>
      </trkpt>
      <trkpt lat="46.538390000" lon="6.015930000">
        <ele>839.000</ele>
      </trkpt>
      <trkpt lat="46.538480000" lon="6.015960000">
        <ele>840.000</ele>
      </trkpt>
      <trkpt lat="46.538770000" lon="6.016160000">
        <ele>841.000</ele>
      </trkpt>
      <trkpt lat="46.538940000" lon="6.016280000">
        <ele>843.000</ele>
      </trkpt>
      <trkpt lat="46.539070000" lon="6.016350000">
        <ele>844.000</ele>
      </trkpt>
      <trkpt lat="46.539160000" lon="6.016370000">
        <ele>845.000</ele>
      </trkpt>
      <trkpt lat="46.539230000" lon="6.016370000">
        <ele>846.000</ele>
      </trkpt>
      <trkpt lat="46.539290000" lon="6.016360000">
        <ele>846.000</ele>
      </trkpt>
      <trkpt lat="46.539340000" lon="6.016350000">
        <ele>847.000</ele>
      </trkpt>
      <trkpt lat="46.539390000" lon="6.016330000">
        <ele>847.000</ele>
      </trkpt>
      <trkpt lat="46.539480000" lon="6.016270000">
        <ele>848.000</ele>
      </trkpt>
      <trkpt lat="46.539570000" lon="6.016190000">
        <ele>848.000</ele>
      </trkpt>
      <trkpt lat="46.539650000" lon="6.016150000">
        <ele>849.000</ele>
      </trkpt>
      <trkpt lat="46.539710000" lon="6.016120000">
        <ele>849.000</ele>
      </trkpt>
      <trkpt lat="46.539770000" lon="6.016110000">
        <ele>850.000</ele>
      </trkpt>
      <trkpt lat="46.540010000" lon="6.016080000">
        <ele>850.000</ele>
      </trkpt>
      <trkpt lat="46.540250000" lon="6.016060000">
        <ele>851.000</ele>
      </trkpt>
      <trkpt lat="46.540320000" lon="6.016070000">
        <ele>852.000</ele>
      </trkpt>
      <trkpt lat="46.540400000" lon="6.016100000">
        <ele>853.000</ele>
      </trkpt>
      <trkpt lat="46.540430000" lon="6.016120000">
        <ele>853.000</ele>
      </trkpt>
      <trkpt lat="46.540460000" lon="6.016140000">
        <ele>853.000</ele>
      </trkpt>
      <trkpt lat="46.540530000" lon="6.016200000">
        <ele>854.000</ele>
      </trkpt>
      <trkpt lat="46.540690000" lon="6.016390000">
        <ele>854.000</ele>
      </trkpt>
      <trkpt lat="46.540770000" lon="6.016460000">
        <ele>855.000</ele>
      </trkpt>
      <trkpt lat="46.541010000" lon="6.016670000">
        <ele>856.000</ele>
      </trkpt>
      <trkpt lat="46.541210000" lon="6.016840000">
        <ele>857.000</ele>
      </trkpt>
      <trkpt lat="46.541360000" lon="6.016980000">
        <ele>858.000</ele>
      </trkpt>
      <trkpt lat="46.541480000" lon="6.017060000">
        <ele>859.000</ele>
      </trkpt>
      <trkpt lat="46.541600000" lon="6.017110000">
        <ele>859.000</ele>
      </trkpt>
      <trkpt lat="46.541690000" lon="6.017130000">
        <ele>860.000</ele>
      </trkpt>
      <trkpt lat="46.541770000" lon="6.017150000">
        <ele>861.000</ele>
      </trkpt>
      <trkpt lat="46.541830000" lon="6.017150000">
        <ele>861.000</ele>
      </trkpt>
      <trkpt lat="46.542010000" lon="6.017130000">
        <ele>862.000</ele>
      </trkpt>
      <trkpt lat="46.542390000" lon="6.017070000">
        <ele>863.000</ele>
      </trkpt>
      <trkpt lat="46.542490000" lon="6.017060000">
        <ele>864.000</ele>
      </trkpt>
      <trkpt lat="46.542610000" lon="6.017060000">
        <ele>864.000</ele>
      </trkpt>
      <trkpt lat="46.542660000" lon="6.017070000">
        <ele>865.000</ele>
      </trkpt>
      <trkpt lat="46.542730000" lon="6.017090000">
        <ele>865.000</ele>
      </trkpt>
      <trkpt lat="46.542820000" lon="6.017130000">
        <ele>866.000</ele>
      </trkpt>
      <trkpt lat="46.542960000" lon="6.017190000">
        <ele>866.000</ele>
      </trkpt>
      <trkpt lat="46.543200000" lon="6.017370000">
        <ele>867.000</ele>
      </trkpt>
      <trkpt lat="46.543220000" lon="6.017400000">
        <ele>867.000</ele>
      </trkpt>
      <trkpt lat="46.543250000" lon="6.017430000">
        <ele>867.000</ele>
      </trkpt>
      <trkpt lat="46.543300000" lon="6.017500000">
        <ele>868.000</ele>
      </trkpt>
      <trkpt lat="46.543320000" lon="6.017560000">
        <ele>868.000</ele>
      </trkpt>
      <trkpt lat="46.543350000" lon="6.017620000">
        <ele>868.000</ele>
      </trkpt>
      <trkpt lat="46.543390000" lon="6.017660000">
        <ele>868.000</ele>
      </trkpt>
      <trkpt lat="46.543440000" lon="6.017680000">
        <ele>868.000</ele>
      </trkpt>
      <trkpt lat="46.543480000" lon="6.017680000">
        <ele>869.000</ele>
      </trkpt>
      <trkpt lat="46.543530000" lon="6.017670000">
        <ele>869.000</ele>
      </trkpt>
      <trkpt lat="46.543620000" lon="6.017670000">
        <ele>869.000</ele>
      </trkpt>
      <trkpt lat="46.543860000" lon="6.017810000">
        <ele>869.000</ele>
      </trkpt>
      <trkpt lat="46.544030000" lon="6.017860000">
        <ele>870.000</ele>
      </trkpt>
      <trkpt lat="46.544150000" lon="6.017860000">
        <ele>870.000</ele>
      </trkpt>
      <trkpt lat="46.544280000" lon="6.017840000">
        <ele>870.000</ele>
      </trkpt>
      <trkpt lat="46.544450000" lon="6.017780000">
        <ele>871.000</ele>
      </trkpt>
      <trkpt lat="46.544940000" lon="6.017560000">
        <ele>872.000</ele>
      </trkpt>
      <trkpt lat="46.545130000" lon="6.017520000">
        <ele>872.000</ele>
      </trkpt>
      <trkpt lat="46.545270000" lon="6.017490000">
        <ele>873.000</ele>
      </trkpt>
      <trkpt lat="46.545380000" lon="6.017500000">
        <ele>874.000</ele>
      </trkpt>
      <trkpt lat="46.545660000" lon="6.017540000">
        <ele>874.000</ele>
      </trkpt>
      <trkpt lat="46.546480000" lon="6.017610000">
        <ele>876.000</ele>
      </trkpt>
      <trkpt lat="46.546590000" lon="6.017610000">
        <ele>877.000</ele>
      </trkpt>
      <trkpt lat="46.546730000" lon="6.017600000">
        <ele>878.000</ele>
      </trkpt>
      <trkpt lat="46.546870000" lon="6.017580000">
        <ele>878.000</ele>
      </trkpt>
      <trkpt lat="46.547030000" lon="6.017540000">
        <ele>879.000</ele>
      </trkpt>
      <trkpt lat="46.547170000" lon="6.017480000">
        <ele>880.000</ele>
      </trkpt>
      <trkpt lat="46.547830000" lon="6.017210000">
        <ele>881.000</ele>
      </trkpt>
      <trkpt lat="46.548420000" lon="6.016940000">
        <ele>882.000</ele>
      </trkpt>
      <trkpt lat="46.548660000" lon="6.016810000">
        <ele>884.000</ele>
      </trkpt>
      <trkpt lat="46.548810000" lon="6.016700000">
        <ele>885.000</ele>
      </trkpt>
      <trkpt lat="46.548960000" lon="6.016580000">
        <ele>886.000</ele>
      </trkpt>
      <trkpt lat="46.549070000" lon="6.016460000">
        <ele>887.000</ele>
      </trkpt>
      <trkpt lat="46.549200000" lon="6.016310000">
        <ele>888.000</ele>
      </trkpt>
      <trkpt lat="46.549290000" lon="6.016170000">
        <ele>889.000</ele>
      </trkpt>
      <trkpt lat="46.549550000" lon="6.015810000">
        <ele>890.000</ele>
      </trkpt>
      <trkpt lat="46.549760000" lon="6.015520000">
        <ele>891.000</ele>
      </trkpt>
      <trkpt lat="46.549990000" lon="6.015250000">
        <ele>892.000</ele>
      </trkpt>
      <trkpt lat="46.550110000" lon="6.015130000">
        <ele>893.000</ele>
      </trkpt>
      <trkpt lat="46.550240000" lon="6.015020000">
        <ele>893.000</ele>
      </trkpt>
      <trkpt lat="46.550330000" lon="6.014960000">
        <ele>894.000</ele>
      </trkpt>
      <trkpt lat="46.550450000" lon="6.014880000">
        <ele>894.000</ele>
      </trkpt>
      <trkpt lat="46.550600000" lon="6.014800000">
        <ele>894.000</ele>
      </trkpt>
      <trkpt lat="46.550720000" lon="6.014760000">
        <ele>895.000</ele>
      </trkpt>
      <trkpt lat="46.550930000" lon="6.014680000">
        <ele>895.000</ele>
      </trkpt>
      <trkpt lat="46.551120000" lon="6.014610000">
        <ele>895.000</ele>
      </trkpt>
      <trkpt lat="46.551210000" lon="6.014570000">
        <ele>895.000</ele>
      </trkpt>
      <trkpt lat="46.551520000" lon="6.014480000">
        <ele>895.000</ele>
      </trkpt>
      <trkpt lat="46.551720000" lon="6.014430000">
        <ele>895.000</ele>
      </trkpt>
      <trkpt lat="46.551890000" lon="6.014400000">
        <ele>896.000</ele>
      </trkpt>
      <trkpt lat="46.552840000" lon="6.014300000">
        <ele>898.000</ele>
      </trkpt>
      <trkpt lat="46.553730000" lon="6.014190000">
        <ele>901.000</ele>
      </trkpt>
      <trkpt lat="46.554240000" lon="6.014130000">
        <ele>904.000</ele>
      </trkpt>
      <trkpt lat="46.554530000" lon="6.014080000">
        <ele>907.000</ele>
      </trkpt>
      <trkpt lat="46.554770000" lon="6.014020000">
        <ele>910.000</ele>
      </trkpt>
      <trkpt lat="46.554990000" lon="6.013940000">
        <ele>912.000</ele>
      </trkpt>
      <trkpt lat="46.555260000" lon="6.013810000">
        <ele>914.000</ele>
      </trkpt>
      <trkpt lat="46.555500000" lon="6.013650000">
        <ele>916.000</ele>
      </trkpt>
      <trkpt lat="46.555740000" lon="6.013470000">
        <ele>919.000</ele>
      </trkpt>
      <trkpt lat="46.555920000" lon="6.013330000">
        <ele>921.000</ele>
      </trkpt>
      <trkpt lat="46.556180000" lon="6.013070000">
        <ele>923.000</ele>
      </trkpt>
      <trkpt lat="46.556490000" lon="6.012660000">
        <ele>926.000</ele>
      </trkpt>
      <trkpt lat="46.556780000" lon="6.012190000">
        <ele>929.000</ele>
      </trkpt>
      <trkpt lat="46.556880000" lon="6.012000000">
        <ele>931.000</ele>
      </trkpt>
      <trkpt lat="46.557080000" lon="6.011560000">
        <ele>934.000</ele>
      </trkpt>
      <trkpt lat="46.557200000" lon="6.011280000">
        <ele>937.000</ele>
      </trkpt>
      <trkpt lat="46.557480000" lon="6.010440000">
        <ele>941.000</ele>
      </trkpt>
      <trkpt lat="46.557620000" lon="6.010060000">
        <ele>945.000</ele>
      </trkpt>
      <trkpt lat="46.557850000" lon="6.009550000">
        <ele>949.000</ele>
      </trkpt>
      <trkpt lat="46.558150000" lon="6.009120000">
        <ele>952.000</ele>
      </trkpt>
      <trkpt lat="46.558340000" lon="6.008920000">
        <ele>955.000</ele>
      </trkpt>
      <trkpt lat="46.558500000" lon="6.008760000">
        <ele>957.000</ele>
      </trkpt>
      <trkpt lat="46.559050000" lon="6.008420000">
        <ele>960.000</ele>
      </trkpt>
      <trkpt lat="46.559700000" lon="6.008030000">
        <ele>964.000</ele>
      </trkpt>
      <trkpt lat="46.560250000" lon="6.007720000">
        <ele>967.000</ele>
      </trkpt>
      <trkpt lat="46.561000000" lon="6.007460000">
        <ele>972.000</ele>
      </trkpt>
      <trkpt lat="46.561480000" lon="6.007280000">
        <ele>976.000</ele>
      </trkpt>
      <trkpt lat="46.561800000" lon="6.007130000">
        <ele>979.000</ele>
      </trkpt>
      <trkpt lat="46.562220000" lon="6.006830000">
        <ele>982.000</ele>
      </trkpt>
      <trkpt lat="46.562440000" lon="6.006620000">
        <ele>984.000</ele>
      </trkpt>
      <trkpt lat="46.562910000" lon="6.006030000">
        <ele>987.000</ele>
      </trkpt>
      <trkpt lat="46.563040000" lon="6.005860000">
        <ele>989.000</ele>
      </trkpt>
      <trkpt lat="46.563320000" lon="6.005350000">
        <ele>990.000</ele>
      </trkpt>
      <trkpt lat="46.563530000" lon="6.004880000">
        <ele>992.000</ele>
      </trkpt>
      <trkpt lat="46.563650000" lon="6.004550000">
        <ele>994.000</ele>
      </trkpt>
      <trkpt lat="46.563880000" lon="6.003760000">
        <ele>996.000</ele>
      </trkpt>
      <trkpt lat="46.564210000" lon="6.002530000">
        <ele>998.000</ele>
      </trkpt>
      <trkpt lat="46.564460000" lon="6.001420000">
        <ele>999.000</ele>
      </trkpt>
      <trkpt lat="46.564750000" lon="6.000610000">
        <ele>998.000</ele>
      </trkpt>
      <trkpt lat="46.565010000" lon="6.000040000">
        <ele>996.000</ele>
      </trkpt>
      <trkpt lat="46.565760000" lon="5.998720000">
        <ele>994.000</ele>
      </trkpt>
      <trkpt lat="46.566460000" lon="5.997260000">
        <ele>992.000</ele>
      </trkpt>
      <trkpt lat="46.566870000" lon="5.996340000">
        <ele>989.000</ele>
      </trkpt>
      <trkpt lat="46.567070000" lon="5.995870000">
        <ele>987.000</ele>
      </trkpt>
      <trkpt lat="46.567260000" lon="5.995350000">
        <ele>986.000</ele>
      </trkpt>
      <trkpt lat="46.567440000" lon="5.994820000">
        <ele>984.000</ele>
      </trkpt>
      <trkpt lat="46.567560000" lon="5.994470000">
        <ele>983.000</ele>
      </trkpt>
      <trkpt lat="46.567670000" lon="5.994220000">
        <ele>982.000</ele>
      </trkpt>
      <trkpt lat="46.567790000" lon="5.993950000">
        <ele>980.000</ele>
      </trkpt>
      <trkpt lat="46.567980000" lon="5.993650000">
        <ele>979.000</ele>
      </trkpt>
      <trkpt lat="46.568150000" lon="5.993400000">
        <ele>978.000</ele>
      </trkpt>
      <trkpt lat="46.568530000" lon="5.992910000">
        <ele>976.000</ele>
      </trkpt>
      <trkpt lat="46.568860000" lon="5.992500000">
        <ele>974.000</ele>
      </trkpt>
      <trkpt lat="46.569070000" lon="5.992260000">
        <ele>973.000</ele>
      </trkpt>
      <trkpt lat="46.569270000" lon="5.992050000">
        <ele>971.000</ele>
      </trkpt>
      <trkpt lat="46.569560000" lon="5.991790000">
        <ele>970.000</ele>
      </trkpt>
      <trkpt lat="46.569800000" lon="5.991550000">
        <ele>968.000</ele>
      </trkpt>
      <trkpt lat="46.570010000" lon="5.991320000">
        <ele>967.000</ele>
      </trkpt>
      <trkpt lat="46.570280000" lon="5.991000000">
        <ele>966.000</ele>
      </trkpt>
      <trkpt lat="46.570780000" lon="5.990500000">
        <ele>964.000</ele>
      </trkpt>
      <trkpt lat="46.571940000" lon="5.989300000">
        <ele>960.000</ele>
      </trkpt>
      <trkpt lat="46.573150000" lon="5.988070000">
        <ele>954.000</ele>
      </trkpt>
      <trkpt lat="46.573320000" lon="5.987890000">
        <ele>950.000</ele>
      </trkpt>
      <trkpt lat="46.574080000" lon="5.987110000">
        <ele>945.000</ele>
      </trkpt>
      <trkpt lat="46.574970000" lon="5.985980000">
        <ele>940.000</ele>
      </trkpt>
      <trkpt lat="46.575160000" lon="5.985680000">
        <ele>935.000</ele>
      </trkpt>
      <trkpt lat="46.575270000" lon="5.985470000">
        <ele>932.000</ele>
      </trkpt>
      <trkpt lat="46.575370000" lon="5.985260000">
        <ele>930.000</ele>
      </trkpt>
      <trkpt lat="46.575530000" lon="5.985170000">
        <ele>928.000</ele>
      </trkpt>
      <trkpt lat="46.575810000" lon="5.985010000">
        <ele>926.000</ele>
      </trkpt>
      <trkpt lat="46.576170000" lon="5.984750000">
        <ele>924.000</ele>
      </trkpt>
      <trkpt lat="46.576570000" lon="5.984550000">
        <ele>922.000</ele>
      </trkpt>
      <trkpt lat="46.576950000" lon="5.984360000">
        <ele>920.000</ele>
      </trkpt>
      <trkpt lat="46.577470000" lon="5.984050000">
        <ele>918.000</ele>
      </trkpt>
      <trkpt lat="46.577810000" lon="5.983800000">
        <ele>917.000</ele>
      </trkpt>
      <trkpt lat="46.577950000" lon="5.983720000">
        <ele>916.000</ele>
      </trkpt>
      <trkpt lat="46.578020000" lon="5.983690000">
        <ele>915.000</ele>
      </trkpt>
      <trkpt lat="46.578090000" lon="5.983700000">
        <ele>915.000</ele>
      </trkpt>
      <trkpt lat="46.578210000" lon="5.983800000">
        <ele>914.000</ele>
      </trkpt>
      <trkpt lat="46.578860000" lon="5.984500000">
        <ele>913.000</ele>
      </trkpt>
      <trkpt lat="46.578990000" lon="5.984600000">
        <ele>912.000</ele>
      </trkpt>
      <trkpt lat="46.580090000" lon="5.985190000">
        <ele>908.000</ele>
      </trkpt>
      <trkpt lat="46.580370000" lon="5.985330000">
        <ele>903.000</ele>
      </trkpt>
      <trkpt lat="46.580450000" lon="5.985340000">
        <ele>900.000</ele>
      </trkpt>
      <trkpt lat="46.580540000" lon="5.985310000">
        <ele>898.000</ele>
      </trkpt>
      <trkpt lat="46.580620000" lon="5.985260000">
        <ele>896.000</ele>
      </trkpt>
      <trkpt lat="46.580700000" lon="5.985180000">
        <ele>895.000</ele>
      </trkpt>
      <trkpt lat="46.580790000" lon="5.985030000">
        <ele>894.000</ele>
      </trkpt>
      <trkpt lat="46.580970000" lon="5.984660000">
        <ele>893.000</ele>
      </trkpt>
      <trkpt lat="46.581060000" lon="5.984490000">
        <ele>892.000</ele>
      </trkpt>
      <trkpt lat="46.581160000" lon="5.984330000">
        <ele>891.000</ele>
      </trkpt>
      <trkpt lat="46.581280000" lon="5.984210000">
        <ele>890.000</ele>
      </trkpt>
      <trkpt lat="46.581530000" lon="5.983960000">
        <ele>890.000</ele>
      </trkpt>
      <trkpt lat="46.581580000" lon="5.983900000">
        <ele>889.000</ele>
      </trkpt>
      <trkpt lat="46.581630000" lon="5.983840000">
        <ele>888.000</ele>
      </trkpt>
      <trkpt lat="46.581660000" lon="5.983760000">
        <ele>888.000</ele>
      </trkpt>
      <trkpt lat="46.581680000" lon="5.983690000">
        <ele>888.000</ele>
      </trkpt>
      <trkpt lat="46.581680000" lon="5.983610000">
        <ele>887.000</ele>
      </trkpt>
      <trkpt lat="46.581680000" lon="5.983530000">
        <ele>887.000</ele>
      </trkpt>
      <trkpt lat="46.581670000" lon="5.983450000">
        <ele>887.000</ele>
      </trkpt>
      <trkpt lat="46.581540000" lon="5.983060000">
        <ele>887.000</ele>
      </trkpt>
      <trkpt lat="46.581530000" lon="5.982990000">
        <ele>886.000</ele>
      </trkpt>
      <trkpt lat="46.581520000" lon="5.982910000">
        <ele>886.000</ele>
      </trkpt>
      <trkpt lat="46.581530000" lon="5.982810000">
        <ele>885.000</ele>
      </trkpt>
      <trkpt lat="46.581560000" lon="5.982710000">
        <ele>885.000</ele>
      </trkpt>
      <trkpt lat="46.581720000" lon="5.982310000">
        <ele>884.000</ele>
      </trkpt>
      <trkpt lat="46.581910000" lon="5.981920000">
        <ele>883.000</ele>
      </trkpt>
      <trkpt lat="46.581970000" lon="5.981800000">
        <ele>883.000</ele>
      </trkpt>
      <trkpt lat="46.582050000" lon="5.981670000">
        <ele>882.000</ele>
      </trkpt>
      <trkpt lat="46.582150000" lon="5.981550000">
        <ele>881.000</ele>
      </trkpt>
      <trkpt lat="46.582320000" lon="5.981370000">
        <ele>881.000</ele>
      </trkpt>
      <trkpt lat="46.582500000" lon="5.981200000">
        <ele>880.000</ele>
      </trkpt>
      <trkpt lat="46.582620000" lon="5.981100000">
        <ele>879.000</ele>
      </trkpt>
      <trkpt lat="46.582700000" lon="5.981070000">
        <ele>878.000</ele>
      </trkpt>
      <trkpt lat="46.582770000" lon="5.981040000">
        <ele>878.000</ele>
      </trkpt>
      <trkpt lat="46.582840000" lon="5.981020000">
        <ele>877.000</ele>
      </trkpt>
      <trkpt lat="46.582970000" lon="5.981000000">
        <ele>877.000</ele>
      </trkpt>
      <trkpt lat="46.583640000" lon="5.981000000">
        <ele>876.000</ele>
      </trkpt>
      <trkpt lat="46.583750000" lon="5.981010000">
        <ele>874.000</ele>
      </trkpt>
      <trkpt lat="46.583850000" lon="5.981030000">
        <ele>874.000</ele>
      </trkpt>
      <trkpt lat="46.583900000" lon="5.981020000">
        <ele>873.000</ele>
      </trkpt>
      <trkpt lat="46.583950000" lon="5.981010000">
        <ele>872.000</ele>
      </trkpt>
      <trkpt lat="46.584030000" lon="5.980900000">
        <ele>872.000</ele>
      </trkpt>
      <trkpt lat="46.584090000" lon="5.980790000">
        <ele>871.000</ele>
      </trkpt>
      <trkpt lat="46.584110000" lon="5.980750000">
        <ele>871.000</ele>
      </trkpt>
      <trkpt lat="46.584400000" lon="5.981090000">
        <ele>870.000</ele>
      </trkpt>
      <trkpt lat="46.585120000" lon="5.981960000">
        <ele>869.000</ele>
      </trkpt>
      <trkpt lat="46.585680000" lon="5.982630000">
        <ele>868.000</ele>
      </trkpt>
      <trkpt lat="46.585770000" lon="5.982730000">
        <ele>867.000</ele>
      </trkpt>
      <trkpt lat="46.585890000" lon="5.982860000">
        <ele>867.000</ele>
      </trkpt>
      <trkpt lat="46.586060000" lon="5.983020000">
        <ele>866.000</ele>
      </trkpt>
      <trkpt lat="46.586160000" lon="5.983120000">
        <ele>866.000</ele>
      </trkpt>
      <trkpt lat="46.586270000" lon="5.983210000">
        <ele>867.000</ele>
      </trkpt>
      <trkpt lat="46.586350000" lon="5.983270000">
        <ele>867.000</ele>
      </trkpt>
      <trkpt lat="46.586590000" lon="5.983420000">
        <ele>867.000</ele>
      </trkpt>
      <trkpt lat="46.586820000" lon="5.983520000">
        <ele>867.000</ele>
      </trkpt>
      <trkpt lat="46.587070000" lon="5.983620000">
        <ele>868.000</ele>
      </trkpt>
      <trkpt lat="46.587660000" lon="5.983810000">
        <ele>869.000</ele>
      </trkpt>
      <trkpt lat="46.587780000" lon="5.983850000">
        <ele>870.000</ele>
      </trkpt>
      <trkpt lat="46.587880000" lon="5.983870000">
        <ele>870.000</ele>
      </trkpt>
      <trkpt lat="46.587990000" lon="5.983870000">
        <ele>871.000</ele>
      </trkpt>
      <trkpt lat="46.588070000" lon="5.983870000">
        <ele>871.000</ele>
      </trkpt>
      <trkpt lat="46.588190000" lon="5.983840000">
        <ele>872.000</ele>
      </trkpt>
      <trkpt lat="46.588320000" lon="5.983810000">
        <ele>872.000</ele>
      </trkpt>
      <trkpt lat="46.588430000" lon="5.983760000">
        <ele>873.000</ele>
      </trkpt>
      <trkpt lat="46.588690000" lon="5.983650000">
        <ele>874.000</ele>
      </trkpt>
      <trkpt lat="46.588920000" lon="5.983550000">
        <ele>874.000</ele>
      </trkpt>
      <trkpt lat="46.589030000" lon="5.983510000">
        <ele>875.000</ele>
      </trkpt>
      <trkpt lat="46.589160000" lon="5.983470000">
        <ele>876.000</ele>
      </trkpt>
      <trkpt lat="46.589230000" lon="5.983460000">
        <ele>876.000</ele>
      </trkpt>
      <trkpt lat="46.589330000" lon="5.983450000">
        <ele>877.000</ele>
      </trkpt>
      <trkpt lat="46.589450000" lon="5.983440000">
        <ele>877.000</ele>
      </trkpt>
      <trkpt lat="46.589530000" lon="5.983450000">
        <ele>878.000</ele>
      </trkpt>
      <trkpt lat="46.589590000" lon="5.983450000">
        <ele>878.000</ele>
      </trkpt>
      <trkpt lat="46.589700000" lon="5.983480000">
        <ele>879.000</ele>
      </trkpt>
      <trkpt lat="46.590030000" lon="5.983560000">
        <ele>879.000</ele>
      </trkpt>
      <trkpt lat="46.590370000" lon="5.983640000">
        <ele>880.000</ele>
      </trkpt>
      <trkpt lat="46.590580000" lon="5.983700000">
        <ele>881.000</ele>
      </trkpt>
      <trkpt lat="46.590680000" lon="5.983720000">
        <ele>881.000</ele>
      </trkpt>
      <trkpt lat="46.590790000" lon="5.983750000">
        <ele>882.000</ele>
      </trkpt>
      <trkpt lat="46.590920000" lon="5.983790000">
        <ele>882.000</ele>
      </trkpt>
      <trkpt lat="46.591010000" lon="5.983840000">
        <ele>883.000</ele>
      </trkpt>
      <trkpt lat="46.591090000" lon="5.983870000">
        <ele>883.000</ele>
      </trkpt>
      <trkpt lat="46.591180000" lon="5.983930000">
        <ele>883.000</ele>
      </trkpt>
      <trkpt lat="46.591270000" lon="5.983980000">
        <ele>884.000</ele>
      </trkpt>
      <trkpt lat="46.591360000" lon="5.984050000">
        <ele>884.000</ele>
      </trkpt>
      <trkpt lat="46.591430000" lon="5.984110000">
        <ele>884.000</ele>
      </trkpt>
      <trkpt lat="46.591500000" lon="5.984180000">
        <ele>885.000</ele>
      </trkpt>
      <trkpt lat="46.591570000" lon="5.984250000">
        <ele>885.000</ele>
      </trkpt>
      <trkpt lat="46.591660000" lon="5.984350000">
        <ele>885.000</ele>
      </trkpt>
      <trkpt lat="46.591850000" lon="5.984570000">
        <ele>886.000</ele>
      </trkpt>
      <trkpt lat="46.591980000" lon="5.984730000">
        <ele>886.000</ele>
      </trkpt>
      <trkpt lat="46.592130000" lon="5.984910000">
        <ele>886.000</ele>
      </trkpt>
      <trkpt lat="46.592230000" lon="5.985000000">
        <ele>887.000</ele>
      </trkpt>
      <trkpt lat="46.593120000" lon="5.985820000">
        <ele>888.000</ele>
      </trkpt>
      <trkpt lat="46.593250000" lon="5.985960000">
        <ele>889.000</ele>
      </trkpt>
      <trkpt lat="46.593320000" lon="5.986030000">
        <ele>890.000</ele>
      </trkpt>
      <trkpt lat="46.593400000" lon="5.986140000">
        <ele>890.000</ele>
      </trkpt>
      <trkpt lat="46.593460000" lon="5.986240000">
        <ele>891.000</ele>
      </trkpt>
      <trkpt lat="46.593520000" lon="5.986350000">
        <ele>891.000</ele>
      </trkpt>
      <trkpt lat="46.593570000" lon="5.986460000">
        <ele>891.000</ele>
      </trkpt>
      <trkpt lat="46.593620000" lon="5.986600000">
        <ele>892.000</ele>
      </trkpt>
      <trkpt lat="46.593670000" lon="5.986740000">
        <ele>892.000</ele>
      </trkpt>
      <trkpt lat="46.593750000" lon="5.987050000">
        <ele>892.000</ele>
      </trkpt>
      <trkpt lat="46.593830000" lon="5.987400000">
        <ele>892.000</ele>
      </trkpt>
      <trkpt lat="46.593880000" lon="5.987570000">
        <ele>893.000</ele>
      </trkpt>
      <trkpt lat="46.593930000" lon="5.987720000">
        <ele>893.000</ele>
      </trkpt>
      <trkpt lat="46.593970000" lon="5.987830000">
        <ele>893.000</ele>
      </trkpt>
      <trkpt lat="46.594030000" lon="5.987970000">
        <ele>894.000</ele>
      </trkpt>
      <trkpt lat="46.594120000" lon="5.988130000">
        <ele>894.000</ele>
      </trkpt>
      <trkpt lat="46.594200000" lon="5.988240000">
        <ele>894.000</ele>
      </trkpt>
      <trkpt lat="46.594300000" lon="5.988360000">
        <ele>895.000</ele>
      </trkpt>
      <trkpt lat="46.594410000" lon="5.988470000">
        <ele>896.000</ele>
      </trkpt>
      <trkpt lat="46.594570000" lon="5.988620000">
        <ele>896.000</ele>
      </trkpt>
      <trkpt lat="46.594910000" lon="5.988930000">
        <ele>898.000</ele>
      </trkpt>
      <trkpt lat="46.595060000" lon="5.989070000">
        <ele>899.000</ele>
      </trkpt>
      <trkpt lat="46.595210000" lon="5.989230000">
        <ele>900.000</ele>
      </trkpt>
      <trkpt lat="46.595380000" lon="5.989430000">
        <ele>901.000</ele>
      </trkpt>
      <trkpt lat="46.595930000" lon="5.990120000">
        <ele>904.000</ele>
      </trkpt>
      <trkpt lat="46.596550000" lon="5.990900000">
        <ele>907.000</ele>
      </trkpt>
      <trkpt lat="46.596620000" lon="5.990990000">
        <ele>910.000</ele>
      </trkpt>
      <trkpt lat="46.596720000" lon="5.991130000">
        <ele>912.000</ele>
      </trkpt>
      <trkpt lat="46.596780000" lon="5.991240000">
        <ele>914.000</ele>
      </trkpt>
      <trkpt lat="46.596830000" lon="5.991370000">
        <ele>915.000</ele>
      </trkpt>
      <trkpt lat="46.596920000" lon="5.991580000">
        <ele>916.000</ele>
      </trkpt>
      <trkpt lat="46.596990000" lon="5.991760000">
        <ele>917.000</ele>
      </trkpt>
      <trkpt lat="46.597080000" lon="5.991980000">
        <ele>919.000</ele>
      </trkpt>
      <trkpt lat="46.597190000" lon="5.992200000">
        <ele>920.000</ele>
      </trkpt>
      <trkpt lat="46.597280000" lon="5.992350000">
        <ele>921.000</ele>
      </trkpt>
      <trkpt lat="46.597370000" lon="5.992470000">
        <ele>922.000</ele>
      </trkpt>
      <trkpt lat="46.597450000" lon="5.992580000">
        <ele>923.000</ele>
      </trkpt>
      <trkpt lat="46.597530000" lon="5.992660000">
        <ele>923.000</ele>
      </trkpt>
      <trkpt lat="46.597600000" lon="5.992720000">
        <ele>924.000</ele>
      </trkpt>
      <trkpt lat="46.597730000" lon="5.992810000">
        <ele>924.000</ele>
      </trkpt>
      <trkpt lat="46.597840000" lon="5.992870000">
        <ele>925.000</ele>
      </trkpt>
      <trkpt lat="46.597910000" lon="5.992900000">
        <ele>925.000</ele>
      </trkpt>
      <trkpt lat="46.598000000" lon="5.992910000">
        <ele>926.000</ele>
      </trkpt>
      <trkpt lat="46.598110000" lon="5.992920000">
        <ele>926.000</ele>
      </trkpt>
      <trkpt lat="46.598180000" lon="5.992910000">
        <ele>927.000</ele>
      </trkpt>
      <trkpt lat="46.598290000" lon="5.992900000">
        <ele>927.000</ele>
      </trkpt>
      <trkpt lat="46.598400000" lon="5.992870000">
        <ele>928.000</ele>
      </trkpt>
      <trkpt lat="46.598490000" lon="5.992840000">
        <ele>928.000</ele>
      </trkpt>
      <trkpt lat="46.598590000" lon="5.992810000">
        <ele>928.000</ele>
      </trkpt>
      <trkpt lat="46.598850000" lon="5.992680000">
        <ele>929.000</ele>
      </trkpt>
      <trkpt lat="46.599060000" lon="5.992570000">
        <ele>930.000</ele>
      </trkpt>
      <trkpt lat="46.599130000" lon="5.992540000">
        <ele>930.000</ele>
      </trkpt>
      <trkpt lat="46.599470000" lon="5.992360000">
        <ele>931.000</ele>
      </trkpt>
      <trkpt lat="46.599800000" lon="5.992200000">
        <ele>932.000</ele>
      </trkpt>
      <trkpt lat="46.600280000" lon="5.991960000">
        <ele>934.000</ele>
      </trkpt>
      <trkpt lat="46.600460000" lon="5.991860000">
        <ele>935.000</ele>
      </trkpt>
      <trkpt lat="46.600530000" lon="5.991840000">
        <ele>936.000</ele>
      </trkpt>
      <trkpt lat="46.600610000" lon="5.991820000">
        <ele>936.000</ele>
      </trkpt>
      <trkpt lat="46.600660000" lon="5.991820000">
        <ele>937.000</ele>
      </trkpt>
      <trkpt lat="46.600740000" lon="5.991820000">
        <ele>937.000</ele>
      </trkpt>
      <trkpt lat="46.600820000" lon="5.991830000">
        <ele>937.000</ele>
      </trkpt>
      <trkpt lat="46.600930000" lon="5.991860000">
        <ele>937.000</ele>
      </trkpt>
      <trkpt lat="46.601030000" lon="5.991890000">
        <ele>937.000</ele>
      </trkpt>
      <trkpt lat="46.601140000" lon="5.991950000">
        <ele>937.000</ele>
      </trkpt>
      <trkpt lat="46.601280000" lon="5.992040000">
        <ele>937.000</ele>
      </trkpt>
      <trkpt lat="46.601770000" lon="5.992370000">
        <ele>937.000</ele>
      </trkpt>
      <trkpt lat="46.602100000" lon="5.992580000">
        <ele>937.000</ele>
      </trkpt>
      <trkpt lat="46.602420000" lon="5.992820000">
        <ele>937.000</ele>
      </trkpt>
      <trkpt lat="46.602710000" lon="5.993050000">
        <ele>937.000</ele>
      </trkpt>
      <trkpt lat="46.603130000" lon="5.993400000">
        <ele>937.000</ele>
      </trkpt>
      <trkpt lat="46.603280000" lon="5.993520000">
        <ele>936.000</ele>
      </trkpt>
      <trkpt lat="46.603580000" lon="5.993780000">
        <ele>935.000</ele>
      </trkpt>
      <trkpt lat="46.603660000" lon="5.993870000">
        <ele>935.000</ele>
      </trkpt>
      <trkpt lat="46.603790000" lon="5.993990000">
        <ele>934.000</ele>
      </trkpt>
      <trkpt lat="46.603880000" lon="5.994060000">
        <ele>934.000</ele>
      </trkpt>
      <trkpt lat="46.604000000" lon="5.994130000">
        <ele>933.000</ele>
      </trkpt>
      <trkpt lat="46.604140000" lon="5.994200000">
        <ele>933.000</ele>
      </trkpt>
      <trkpt lat="46.604300000" lon="5.994270000">
        <ele>933.000</ele>
      </trkpt>
      <trkpt lat="46.604400000" lon="5.994330000">
        <ele>933.000</ele>
      </trkpt>
      <trkpt lat="46.604520000" lon="5.994420000">
        <ele>933.000</ele>
      </trkpt>
      <trkpt lat="46.604640000" lon="5.994510000">
        <ele>933.000</ele>
      </trkpt>
      <trkpt lat="46.604750000" lon="5.994630000">
        <ele>934.000</ele>
      </trkpt>
      <trkpt lat="46.604840000" lon="5.994730000">
        <ele>934.000</ele>
      </trkpt>
      <trkpt lat="46.605030000" lon="5.994980000">
        <ele>934.000</ele>
      </trkpt>
      <trkpt lat="46.605170000" lon="5.995160000">
        <ele>934.000</ele>
      </trkpt>
      <trkpt lat="46.605360000" lon="5.995430000">
        <ele>935.000</ele>
      </trkpt>
      <trkpt lat="46.605520000" lon="5.995660000">
        <ele>935.000</ele>
      </trkpt>
      <trkpt lat="46.605590000" lon="5.995780000">
        <ele>935.000</ele>
      </trkpt>
      <trkpt lat="46.605710000" lon="5.996040000">
        <ele>936.000</ele>
      </trkpt>
      <trkpt lat="46.605780000" lon="5.996210000">
        <ele>936.000</ele>
      </trkpt>
      <trkpt lat="46.605830000" lon="5.996380000">
        <ele>936.000</ele>
      </trkpt>
      <trkpt lat="46.605870000" lon="5.996520000">
        <ele>937.000</ele>
      </trkpt>
      <trkpt lat="46.605890000" lon="5.996620000">
        <ele>937.000</ele>
      </trkpt>
      <trkpt lat="46.605930000" lon="5.996830000">
        <ele>937.000</ele>
      </trkpt>
      <trkpt lat="46.606000000" lon="5.997110000">
        <ele>938.000</ele>
      </trkpt>
      <trkpt lat="46.606030000" lon="5.997230000">
        <ele>938.000</ele>
      </trkpt>
      <trkpt lat="46.606090000" lon="5.997360000">
        <ele>938.000</ele>
      </trkpt>
      <trkpt lat="46.606140000" lon="5.997450000">
        <ele>938.000</ele>
      </trkpt>
      <trkpt lat="46.606180000" lon="5.997510000">
        <ele>939.000</ele>
      </trkpt>
      <trkpt lat="46.606240000" lon="5.997580000">
        <ele>939.000</ele>
      </trkpt>
      <trkpt lat="46.606320000" lon="5.997630000">
        <ele>939.000</ele>
      </trkpt>
      <trkpt lat="46.606650000" lon="5.997820000">
        <ele>940.000</ele>
      </trkpt>
      <trkpt lat="46.606730000" lon="5.997870000">
        <ele>940.000</ele>
      </trkpt>
      <trkpt lat="46.606790000" lon="5.997920000">
        <ele>940.000</ele>
      </trkpt>
      <trkpt lat="46.606830000" lon="5.997970000">
        <ele>939.000</ele>
      </trkpt>
      <trkpt lat="46.606910000" lon="5.998080000">
        <ele>939.000</ele>
      </trkpt>
      <trkpt lat="46.606960000" lon="5.998170000">
        <ele>938.000</ele>
      </trkpt>
      <trkpt lat="46.607040000" lon="5.998320000">
        <ele>938.000</ele>
      </trkpt>
      <trkpt lat="46.607080000" lon="5.998380000">
        <ele>937.000</ele>
      </trkpt>
      <trkpt lat="46.607120000" lon="5.998450000">
        <ele>937.000</ele>
      </trkpt>
      <trkpt lat="46.607160000" lon="5.998540000">
        <ele>936.000</ele>
      </trkpt>
      <trkpt lat="46.607190000" lon="5.998590000">
        <ele>936.000</ele>
      </trkpt>
      <trkpt lat="46.607330000" lon="5.998830000">
        <ele>935.000</ele>
      </trkpt>
      <trkpt lat="46.607490000" lon="5.999120000">
        <ele>934.000</ele>
      </trkpt>
      <trkpt lat="46.607630000" lon="5.999310000">
        <ele>932.000</ele>
      </trkpt>
      <trkpt lat="46.607800000" lon="5.999480000">
        <ele>931.000</ele>
      </trkpt>
      <trkpt lat="46.607990000" lon="5.999740000">
        <ele>930.000</ele>
      </trkpt>
      <trkpt lat="46.608150000" lon="5.999980000">
        <ele>929.000</ele>
      </trkpt>
      <trkpt lat="46.608390000" lon="6.000390000">
        <ele>928.000</ele>
      </trkpt>
      <trkpt lat="46.608520000" lon="6.000610000">
        <ele>928.000</ele>
      </trkpt>
      <trkpt lat="46.608740000" lon="6.000960000">
        <ele>927.000</ele>
      </trkpt>
      <trkpt lat="46.608960000" lon="6.001320000">
        <ele>927.000</ele>
      </trkpt>
      <trkpt lat="46.609090000" lon="6.001530000">
        <ele>927.000</ele>
      </trkpt>
      <trkpt lat="46.609260000" lon="6.001870000">
        <ele>927.000</ele>
      </trkpt>
      <trkpt lat="46.610240000" lon="6.003900000">
        <ele>929.000</ele>
      </trkpt>
      <trkpt lat="46.610860000" lon="6.004950000">
        <ele>931.000</ele>
      </trkpt>
      <trkpt lat="46.611120000" lon="6.005310000">
        <ele>932.000</ele>
      </trkpt>
      <trkpt lat="46.611330000" lon="6.005630000">
        <ele>932.000</ele>
      </trkpt>
      <trkpt lat="46.611390000" lon="6.005750000">
        <ele>933.000</ele>
      </trkpt>
      <trkpt lat="46.611640000" lon="6.006200000">
        <ele>933.000</ele>
      </trkpt>
      <trkpt lat="46.611890000" lon="6.006550000">
        <ele>932.000</ele>
      </trkpt>
      <trkpt lat="46.612140000" lon="6.006850000">
        <ele>932.000</ele>
      </trkpt>
      <trkpt lat="46.612390000" lon="6.007190000">
        <ele>932.000</ele>
      </trkpt>
      <trkpt lat="46.612630000" lon="6.007520000">
        <ele>933.000</ele>
      </trkpt>
      <trkpt lat="46.613010000" lon="6.007990000">
        <ele>935.000</ele>
      </trkpt>
      <trkpt lat="46.613700000" lon="6.008770000">
        <ele>937.000</ele>
      </trkpt>
      <trkpt lat="46.613970000" lon="6.009080000">
        <ele>939.000</ele>
      </trkpt>
      <trkpt lat="46.614000000" lon="6.009120000">
        <ele>940.000</ele>
      </trkpt>
      <trkpt lat="46.614290000" lon="6.009540000">
        <ele>941.000</ele>
      </trkpt>
      <trkpt lat="46.614390000" lon="6.009680000">
        <ele>941.000</ele>
      </trkpt>
      <trkpt lat="46.614550000" lon="6.009910000">
        <ele>942.000</ele>
      </trkpt>
      <trkpt lat="46.614640000" lon="6.010090000">
        <ele>942.000</ele>
      </trkpt>
      <trkpt lat="46.614690000" lon="6.010300000">
        <ele>942.000</ele>
      </trkpt>
      <trkpt lat="46.614820000" lon="6.010960000">
        <ele>943.000</ele>
      </trkpt>
      <trkpt lat="46.614920000" lon="6.011290000">
        <ele>943.000</ele>
      </trkpt>
      <trkpt lat="46.615070000" lon="6.011590000">
        <ele>942.000</ele>
      </trkpt>
      <trkpt lat="46.615140000" lon="6.011710000">
        <ele>941.000</ele>
      </trkpt>
      <trkpt lat="46.615940000" lon="6.012920000">
        <ele>939.000</ele>
      </trkpt>
      <trkpt lat="46.616110000" lon="6.013210000">
        <ele>937.000</ele>
      </trkpt>
      <trkpt lat="46.616210000" lon="6.013420000">
        <ele>935.000</ele>
      </trkpt>
      <trkpt lat="46.616280000" lon="6.013580000">
        <ele>934.000</ele>
      </trkpt>
      <trkpt lat="46.616330000" lon="6.013760000">
        <ele>933.000</ele>
      </trkpt>
      <trkpt lat="46.616390000" lon="6.013990000">
        <ele>932.000</ele>
      </trkpt>
      <trkpt lat="46.616430000" lon="6.014300000">
        <ele>932.000</ele>
      </trkpt>
      <trkpt lat="46.616450000" lon="6.014530000">
        <ele>931.000</ele>
      </trkpt>
      <trkpt lat="46.616450000" lon="6.014770000">
        <ele>931.000</ele>
      </trkpt>
      <trkpt lat="46.616390000" lon="6.015570000">
        <ele>930.000</ele>
      </trkpt>
      <trkpt lat="46.616390000" lon="6.015640000">
        <ele>929.000</ele>
      </trkpt>
      <trkpt lat="46.616390000" lon="6.015890000">
        <ele>929.000</ele>
      </trkpt>
      <trkpt lat="46.616430000" lon="6.016130000">
        <ele>928.000</ele>
      </trkpt>
      <trkpt lat="46.616490000" lon="6.016390000">
        <ele>927.000</ele>
      </trkpt>
      <trkpt lat="46.616570000" lon="6.016590000">
        <ele>926.000</ele>
      </trkpt>
      <trkpt lat="46.616680000" lon="6.016780000">
        <ele>924.000</ele>
      </trkpt>
      <trkpt lat="46.616800000" lon="6.016940000">
        <ele>923.000</ele>
      </trkpt>
      <trkpt lat="46.616910000" lon="6.017050000">
        <ele>922.000</ele>
      </trkpt>
      <trkpt lat="46.617280000" lon="6.017400000">
        <ele>920.000</ele>
      </trkpt>
      <trkpt lat="46.617690000" lon="6.017930000">
        <ele>917.000</ele>
      </trkpt>
      <trkpt lat="46.617970000" lon="6.018310000">
        <ele>915.000</ele>
      </trkpt>
      <trkpt lat="46.618110000" lon="6.018460000">
        <ele>914.000</ele>
      </trkpt>
      <trkpt lat="46.618270000" lon="6.018580000">
        <ele>912.000</ele>
      </trkpt>
      <trkpt lat="46.618450000" lon="6.018690000">
        <ele>912.000</ele>
      </trkpt>
      <trkpt lat="46.618660000" lon="6.018820000">
        <ele>911.000</ele>
      </trkpt>
      <trkpt lat="46.618770000" lon="6.018870000">
        <ele>910.000</ele>
      </trkpt>
      <trkpt lat="46.619130000" lon="6.018960000">
        <ele>910.000</ele>
      </trkpt>
      <trkpt lat="46.619370000" lon="6.019080000">
        <ele>909.000</ele>
      </trkpt>
      <trkpt lat="46.619490000" lon="6.019180000">
        <ele>909.000</ele>
      </trkpt>
      <trkpt lat="46.619580000" lon="6.019340000">
        <ele>909.000</ele>
      </trkpt>
      <trkpt lat="46.619650000" lon="6.019590000">
        <ele>909.000</ele>
      </trkpt>
      <trkpt lat="46.619790000" lon="6.020210000">
        <ele>910.000</ele>
      </trkpt>
      <trkpt lat="46.619890000" lon="6.020460000">
        <ele>910.000</ele>
      </trkpt>
      <trkpt lat="46.619970000" lon="6.020620000">
        <ele>910.000</ele>
      </trkpt>
      <trkpt lat="46.620060000" lon="6.020710000">
        <ele>911.000</ele>
      </trkpt>
      <trkpt lat="46.620190000" lon="6.020830000">
        <ele>911.000</ele>
      </trkpt>
      <trkpt lat="46.620370000" lon="6.020940000">
        <ele>911.000</ele>
      </trkpt>
      <trkpt lat="46.620530000" lon="6.020980000">
        <ele>912.000</ele>
      </trkpt>
      <trkpt lat="46.620690000" lon="6.020990000">
        <ele>912.000</ele>
      </trkpt>
      <trkpt lat="46.620780000" lon="6.020970000">
        <ele>912.000</ele>
      </trkpt>
      <trkpt lat="46.621520000" lon="6.020780000">
        <ele>912.000</ele>
      </trkpt>
      <trkpt lat="46.621700000" lon="6.020750000">
        <ele>912.000</ele>
      </trkpt>
      <trkpt lat="46.621880000" lon="6.020750000">
        <ele>912.000</ele>
      </trkpt>
      <trkpt lat="46.622140000" lon="6.020800000">
        <ele>912.000</ele>
      </trkpt>
      <trkpt lat="46.622620000" lon="6.021000000">
        <ele>912.000</ele>
      </trkpt>
      <trkpt lat="46.622810000" lon="6.021080000">
        <ele>912.000</ele>
      </trkpt>
      <trkpt lat="46.623040000" lon="6.021120000">
        <ele>912.000</ele>
      </trkpt>
      <trkpt lat="46.623150000" lon="6.021110000">
        <ele>911.000</ele>
      </trkpt>
      <trkpt lat="46.623250000" lon="6.021080000">
        <ele>910.000</ele>
      </trkpt>
      <trkpt lat="46.623350000" lon="6.021040000">
        <ele>910.000</ele>
      </trkpt>
      <trkpt lat="46.623440000" lon="6.020970000">
        <ele>909.000</ele>
      </trkpt>
      <trkpt lat="46.623540000" lon="6.020880000">
        <ele>909.000</ele>
      </trkpt>
      <trkpt lat="46.623690000" lon="6.020690000">
        <ele>908.000</ele>
      </trkpt>
      <trkpt lat="46.623840000" lon="6.020490000">
        <ele>907.000</ele>
      </trkpt>
      <trkpt lat="46.624010000" lon="6.020320000">
        <ele>907.000</ele>
      </trkpt>
      <trkpt lat="46.624160000" lon="6.020220000">
        <ele>906.000</ele>
      </trkpt>
      <trkpt lat="46.624300000" lon="6.020180000">
        <ele>905.000</ele>
      </trkpt>
      <trkpt lat="46.624390000" lon="6.020170000">
        <ele>905.000</ele>
      </trkpt>
      <trkpt lat="46.624480000" lon="6.020180000">
        <ele>904.000</ele>
      </trkpt>
      <trkpt lat="46.624570000" lon="6.020180000">
        <ele>904.000</ele>
      </trkpt>
      <trkpt lat="46.624670000" lon="6.020200000">
        <ele>904.000</ele>
      </trkpt>
      <trkpt lat="46.624760000" lon="6.020230000">
        <ele>904.000</ele>
      </trkpt>
      <trkpt lat="46.624850000" lon="6.020280000">
        <ele>903.000</ele>
      </trkpt>
      <trkpt lat="46.624970000" lon="6.020380000">
        <ele>903.000</ele>
      </trkpt>
      <trkpt lat="46.625060000" lon="6.020470000">
        <ele>903.000</ele>
      </trkpt>
      <trkpt lat="46.625130000" lon="6.020570000">
        <ele>903.000</ele>
      </trkpt>
      <trkpt lat="46.625200000" lon="6.020720000">
        <ele>903.000</ele>
      </trkpt>
      <trkpt lat="46.625270000" lon="6.020880000">
        <ele>903.000</ele>
      </trkpt>
      <trkpt lat="46.625310000" lon="6.021020000">
        <ele>903.000</ele>
      </trkpt>
      <trkpt lat="46.625340000" lon="6.021160000">
        <ele>903.000</ele>
      </trkpt>
      <trkpt lat="46.625350000" lon="6.021310000">
        <ele>903.000</ele>
      </trkpt>
      <trkpt lat="46.625370000" lon="6.021600000">
        <ele>903.000</ele>
      </trkpt>
      <trkpt lat="46.625400000" lon="6.021790000">
        <ele>903.000</ele>
      </trkpt>
      <trkpt lat="46.625440000" lon="6.021990000">
        <ele>902.000</ele>
      </trkpt>
      <trkpt lat="46.625540000" lon="6.022310000">
        <ele>901.000</ele>
      </trkpt>
      <trkpt lat="46.625650000" lon="6.022640000">
        <ele>900.000</ele>
      </trkpt>
      <trkpt lat="46.625920000" lon="6.023320000">
        <ele>897.000</ele>
      </trkpt>
      <trkpt lat="46.626060000" lon="6.023690000">
        <ele>895.000</ele>
      </trkpt>
      <trkpt lat="46.626130000" lon="6.023910000">
        <ele>893.000</ele>
      </trkpt>
      <trkpt lat="46.626200000" lon="6.024170000">
        <ele>891.000</ele>
      </trkpt>
      <trkpt lat="46.626280000" lon="6.024520000">
        <ele>889.000</ele>
      </trkpt>
      <trkpt lat="46.626360000" lon="6.024880000">
        <ele>887.000</ele>
      </trkpt>
      <trkpt lat="46.626440000" lon="6.025340000">
        <ele>885.000</ele>
      </trkpt>
      <trkpt lat="46.626460000" lon="6.025500000">
        <ele>884.000</ele>
      </trkpt>
      <trkpt lat="46.626470000" lon="6.025680000">
        <ele>883.000</ele>
      </trkpt>
      <trkpt lat="46.626470000" lon="6.025830000">
        <ele>882.000</ele>
      </trkpt>
      <trkpt lat="46.626460000" lon="6.025980000">
        <ele>881.000</ele>
      </trkpt>
      <trkpt lat="46.626430000" lon="6.026140000">
        <ele>880.000</ele>
      </trkpt>
      <trkpt lat="46.626400000" lon="6.026300000">
        <ele>879.000</ele>
      </trkpt>
      <trkpt lat="46.626360000" lon="6.026440000">
        <ele>878.000</ele>
      </trkpt>
      <trkpt lat="46.626250000" lon="6.026770000">
        <ele>877.000</ele>
      </trkpt>
      <trkpt lat="46.626190000" lon="6.027010000">
        <ele>876.000</ele>
      </trkpt>
      <trkpt lat="46.626150000" lon="6.027200000">
        <ele>875.000</ele>
      </trkpt>
      <trkpt lat="46.626140000" lon="6.027420000">
        <ele>873.000</ele>
      </trkpt>
      <trkpt lat="46.626140000" lon="6.027630000">
        <ele>872.000</ele>
      </trkpt>
      <trkpt lat="46.626160000" lon="6.027820000">
        <ele>871.000</ele>
      </trkpt>
      <trkpt lat="46.626210000" lon="6.028020000">
        <ele>869.000</ele>
      </trkpt>
      <trkpt lat="46.626240000" lon="6.028130000">
        <ele>868.000</ele>
      </trkpt>
      <trkpt lat="46.626280000" lon="6.028230000">
        <ele>867.000</ele>
      </trkpt>
      <trkpt lat="46.626550000" lon="6.028730000">
        <ele>865.000</ele>
      </trkpt>
      <trkpt lat="46.626650000" lon="6.028930000">
        <ele>863.000</ele>
      </trkpt>
      <trkpt lat="46.626900000" lon="6.029520000">
        <ele>860.000</ele>
      </trkpt>
      <trkpt lat="46.626970000" lon="6.029660000">
        <ele>857.000</ele>
      </trkpt>
      <trkpt lat="46.627050000" lon="6.029760000">
        <ele>856.000</ele>
      </trkpt>
      <trkpt lat="46.627150000" lon="6.029850000">
        <ele>855.000</ele>
      </trkpt>
      <trkpt lat="46.627270000" lon="6.029900000">
        <ele>854.000</ele>
      </trkpt>
      <trkpt lat="46.627550000" lon="6.029970000">
        <ele>853.000</ele>
      </trkpt>
      <trkpt lat="46.627670000" lon="6.030030000">
        <ele>853.000</ele>
      </trkpt>
      <trkpt lat="46.627780000" lon="6.030130000">
        <ele>852.000</ele>
      </trkpt>
      <trkpt lat="46.627940000" lon="6.030460000">
        <ele>852.000</ele>
      </trkpt>
      <trkpt lat="46.628150000" lon="6.031070000">
        <ele>851.000</ele>
      </trkpt>
      <trkpt lat="46.628200000" lon="6.031180000">
        <ele>851.000</ele>
      </trkpt>
      <trkpt lat="46.628260000" lon="6.031250000">
        <ele>850.000</ele>
      </trkpt>
      <trkpt lat="46.628330000" lon="6.031310000">
        <ele>849.000</ele>
      </trkpt>
      <trkpt lat="46.628410000" lon="6.031320000">
        <ele>848.000</ele>
      </trkpt>
      <trkpt lat="46.628500000" lon="6.031330000">
        <ele>848.000</ele>
      </trkpt>
      <trkpt lat="46.628590000" lon="6.031290000">
        <ele>847.000</ele>
      </trkpt>
      <trkpt lat="46.628660000" lon="6.031240000">
        <ele>846.000</ele>
      </trkpt>
      <trkpt lat="46.628770000" lon="6.031120000">
        <ele>845.000</ele>
      </trkpt>
      <trkpt lat="46.628940000" lon="6.030930000">
        <ele>843.000</ele>
      </trkpt>
      <trkpt lat="46.629220000" lon="6.030590000">
        <ele>841.000</ele>
      </trkpt>
      <trkpt lat="46.629440000" lon="6.030360000">
        <ele>838.000</ele>
      </trkpt>
      <trkpt lat="46.629960000" lon="6.029840000">
        <ele>834.000</ele>
      </trkpt>
      <trkpt lat="46.630210000" lon="6.029650000">
        <ele>831.000</ele>
      </trkpt>
      <trkpt lat="46.630460000" lon="6.029460000">
        <ele>828.000</ele>
      </trkpt>
      <trkpt lat="46.630620000" lon="6.029350000">
        <ele>826.000</ele>
      </trkpt>
      <trkpt lat="46.630950000" lon="6.029210000">
        <ele>824.000</ele>
      </trkpt>
      <trkpt lat="46.631290000" lon="6.029070000">
        <ele>822.000</ele>
      </trkpt>
      <trkpt lat="46.631470000" lon="6.028950000">
        <ele>820.000</ele>
      </trkpt>
      <trkpt lat="46.631720000" lon="6.028790000">
        <ele>819.000</ele>
      </trkpt>
      <trkpt lat="46.631830000" lon="6.028730000">
        <ele>817.000</ele>
      </trkpt>
      <trkpt lat="46.631990000" lon="6.028670000">
        <ele>817.000</ele>
      </trkpt>
      <trkpt lat="46.632400000" lon="6.028610000">
        <ele>816.000</ele>
      </trkpt>
      <trkpt lat="46.632810000" lon="6.028570000">
        <ele>814.000</ele>
      </trkpt>
      <trkpt lat="46.632870000" lon="6.028570000">
        <ele>814.000</ele>
      </trkpt>
      <trkpt lat="46.632980000" lon="6.028600000">
        <ele>813.000</ele>
      </trkpt>
      <trkpt lat="46.633060000" lon="6.028650000">
        <ele>812.000</ele>
      </trkpt>
      <trkpt lat="46.633120000" lon="6.028710000">
        <ele>812.000</ele>
      </trkpt>
      <trkpt lat="46.633200000" lon="6.028830000">
        <ele>812.000</ele>
      </trkpt>
      <trkpt lat="46.633280000" lon="6.028960000">
        <ele>811.000</ele>
      </trkpt>
      <trkpt lat="46.633340000" lon="6.029090000">
        <ele>811.000</ele>
      </trkpt>
      <trkpt lat="46.633850000" lon="6.030190000">
        <ele>810.000</ele>
      </trkpt>
      <trkpt lat="46.633960000" lon="6.030390000">
        <ele>809.000</ele>
      </trkpt>
      <trkpt lat="46.634090000" lon="6.030580000">
        <ele>808.000</ele>
      </trkpt>
      <trkpt lat="46.634230000" lon="6.030710000">
        <ele>807.000</ele>
      </trkpt>
      <trkpt lat="46.634380000" lon="6.030800000">
        <ele>806.000</ele>
      </trkpt>
      <trkpt lat="46.634490000" lon="6.030850000">
        <ele>806.000</ele>
      </trkpt>
      <trkpt lat="46.634610000" lon="6.030860000">
        <ele>805.000</ele>
      </trkpt>
      <trkpt lat="46.634720000" lon="6.030870000">
        <ele>805.000</ele>
      </trkpt>
      <trkpt lat="46.634840000" lon="6.030850000">
        <ele>804.000</ele>
      </trkpt>
      <trkpt lat="46.635090000" lon="6.030760000">
        <ele>804.000</ele>
      </trkpt>
      <trkpt lat="46.635380000" lon="6.030620000">
        <ele>803.000</ele>
      </trkpt>
      <trkpt lat="46.635790000" lon="6.030420000">
        <ele>802.000</ele>
      </trkpt>
      <trkpt lat="46.636060000" lon="6.030310000">
        <ele>801.000</ele>
      </trkpt>
      <trkpt lat="46.636380000" lon="6.030240000">
        <ele>800.000</ele>
      </trkpt>
      <trkpt lat="46.636640000" lon="6.030210000">
        <ele>799.000</ele>
      </trkpt>
      <trkpt lat="46.636740000" lon="6.030210000">
        <ele>799.000</ele>
      </trkpt>
      <trkpt lat="46.636790000" lon="6.030240000">
        <ele>798.000</ele>
      </trkpt>
      <trkpt lat="46.636820000" lon="6.030260000">
        <ele>798.000</ele>
      </trkpt>
      <trkpt lat="46.636850000" lon="6.030310000">
        <ele>798.000</ele>
      </trkpt>
      <trkpt lat="46.636890000" lon="6.030370000">
        <ele>797.000</ele>
      </trkpt>
      <trkpt lat="46.636930000" lon="6.030340000">
        <ele>797.000</ele>
      </trkpt>
      <trkpt lat="46.636990000" lon="6.030320000">
        <ele>797.000</ele>
      </trkpt>
      <trkpt lat="46.637040000" lon="6.030320000">
        <ele>797.000</ele>
      </trkpt>
      <trkpt lat="46.637140000" lon="6.030300000">
        <ele>797.000</ele>
      </trkpt>
      <trkpt lat="46.637230000" lon="6.030290000">
        <ele>797.000</ele>
      </trkpt>
      <trkpt lat="46.637580000" lon="6.030310000">
        <ele>796.000</ele>
      </trkpt>
      <trkpt lat="46.637750000" lon="6.030290000">
        <ele>796.000</ele>
      </trkpt>
      <trkpt lat="46.637830000" lon="6.030260000">
        <ele>796.000</ele>
      </trkpt>
      <trkpt lat="46.637900000" lon="6.030160000">
        <ele>796.000</ele>
      </trkpt>
      <trkpt lat="46.638140000" lon="6.029550000">
        <ele>797.000</ele>
      </trkpt>
      <trkpt lat="46.638210000" lon="6.029380000">
        <ele>797.000</ele>
      </trkpt>
      <trkpt lat="46.638360000" lon="6.029090000">
        <ele>798.000</ele>
      </trkpt>
      <trkpt lat="46.638400000" lon="6.028990000">
        <ele>798.000</ele>
      </trkpt>
      <trkpt lat="46.638470000" lon="6.028870000">
        <ele>798.000</ele>
      </trkpt>
      <trkpt lat="46.638510000" lon="6.028800000">
        <ele>798.000</ele>
      </trkpt>
      <trkpt lat="46.638700000" lon="6.028500000">
        <ele>799.000</ele>
      </trkpt>
      <trkpt lat="46.639250000" lon="6.027770000">
        <ele>800.000</ele>
      </trkpt>
      <trkpt lat="46.639460000" lon="6.027500000">
        <ele>800.000</ele>
      </trkpt>
      <trkpt lat="46.639650000" lon="6.027280000">
        <ele>801.000</ele>
      </trkpt>
      <trkpt lat="46.639740000" lon="6.027210000">
        <ele>802.000</ele>
      </trkpt>
      <trkpt lat="46.639920000" lon="6.027100000">
        <ele>802.000</ele>
      </trkpt>
      <trkpt lat="46.640430000" lon="6.026800000">
        <ele>803.000</ele>
      </trkpt>
      <trkpt lat="46.640670000" lon="6.026670000">
        <ele>803.000</ele>
      </trkpt>
      <trkpt lat="46.640860000" lon="6.026590000">
        <ele>804.000</ele>
      </trkpt>
      <trkpt lat="46.641130000" lon="6.026510000">
        <ele>804.000</ele>
      </trkpt>
      <trkpt lat="46.641800000" lon="6.026370000">
        <ele>806.000</ele>
      </trkpt>
      <trkpt lat="46.642130000" lon="6.026320000">
        <ele>808.000</ele>
      </trkpt>
      <trkpt lat="46.642280000" lon="6.026290000">
        <ele>810.000</ele>
      </trkpt>
      <trkpt lat="46.642460000" lon="6.026230000">
        <ele>811.000</ele>
      </trkpt>
      <trkpt lat="46.642460000" lon="6.026230000">
        <ele>812.000</ele>
      </trkpt>
      <trkpt lat="46.642470000" lon="6.026220000">
        <ele>813.000</ele>
      </trkpt>
      <trkpt lat="46.642630000" lon="6.026110000">
        <ele>814.000</ele>
      </trkpt>
      <trkpt lat="46.642800000" lon="6.025990000">
        <ele>814.000</ele>
      </trkpt>
      <trkpt lat="46.642910000" lon="6.025920000">
        <ele>815.000</ele>
      </trkpt>
      <trkpt lat="46.643030000" lon="6.025850000">
        <ele>815.000</ele>
      </trkpt>
      <trkpt lat="46.643210000" lon="6.025770000">
        <ele>815.000</ele>
      </trkpt>
      <trkpt lat="46.643380000" lon="6.025710000">
        <ele>816.000</ele>
      </trkpt>
      <trkpt lat="46.643610000" lon="6.025680000">
        <ele>816.000</ele>
      </trkpt>
      <trkpt lat="46.643880000" lon="6.025640000">
        <ele>816.000</ele>
      </trkpt>
      <trkpt lat="46.644010000" lon="6.025610000">
        <ele>816.000</ele>
      </trkpt>
      <trkpt lat="46.644110000" lon="6.025580000">
        <ele>816.000</ele>
      </trkpt>
      <trkpt lat="46.644210000" lon="6.025500000">
        <ele>816.000</ele>
      </trkpt>
      <trkpt lat="46.644290000" lon="6.025380000">
        <ele>816.000</ele>
      </trkpt>
      <trkpt lat="46.644320000" lon="6.025320000">
        <ele>816.000</ele>
      </trkpt>
      <trkpt lat="46.644330000" lon="6.025260000">
        <ele>816.000</ele>
      </trkpt>
      <trkpt lat="46.644350000" lon="6.025130000">
        <ele>816.000</ele>
      </trkpt>
      <trkpt lat="46.644310000" lon="6.024810000">
        <ele>816.000</ele>
      </trkpt>
      <trkpt lat="46.644260000" lon="6.024070000">
        <ele>816.000</ele>
      </trkpt>
      <trkpt lat="46.644230000" lon="6.023490000">
        <ele>816.000</ele>
      </trkpt>
      <trkpt lat="46.644240000" lon="6.023250000">
        <ele>816.000</ele>
      </trkpt>
      <trkpt lat="46.644270000" lon="6.023130000">
        <ele>816.000</ele>
      </trkpt>
      <trkpt lat="46.644360000" lon="6.023000000">
        <ele>816.000</ele>
      </trkpt>
      <trkpt lat="46.644820000" lon="6.022440000">
        <ele>816.000</ele>
      </trkpt>
      <trkpt lat="46.644980000" lon="6.022250000">
        <ele>815.000</ele>
      </trkpt>
      <trkpt lat="46.645110000" lon="6.022150000">
        <ele>815.000</ele>
      </trkpt>
      <trkpt lat="46.645450000" lon="6.022020000">
        <ele>813.000</ele>
      </trkpt>
      <trkpt lat="46.645630000" lon="6.021940000">
        <ele>812.000</ele>
      </trkpt>
      <trkpt lat="46.645750000" lon="6.021900000">
        <ele>811.000</ele>
      </trkpt>
      <trkpt lat="46.645950000" lon="6.021880000">
        <ele>810.000</ele>
      </trkpt>
      <trkpt lat="46.646120000" lon="6.021890000">
        <ele>809.000</ele>
      </trkpt>
      <trkpt lat="46.646210000" lon="6.021880000">
        <ele>808.000</ele>
      </trkpt>
      <trkpt lat="46.646360000" lon="6.021860000">
        <ele>807.000</ele>
      </trkpt>
      <trkpt lat="46.646440000" lon="6.021840000">
        <ele>806.000</ele>
      </trkpt>
      <trkpt lat="46.646520000" lon="6.021820000">
        <ele>806.000</ele>
      </trkpt>
      <trkpt lat="46.646610000" lon="6.021790000">
        <ele>805.000</ele>
      </trkpt>
      <trkpt lat="46.646660000" lon="6.021770000">
        <ele>804.000</ele>
      </trkpt>
      <trkpt lat="46.646710000" lon="6.021740000">
        <ele>804.000</ele>
      </trkpt>
      <trkpt lat="46.646750000" lon="6.021690000">
        <ele>804.000</ele>
      </trkpt>
      <trkpt lat="46.646790000" lon="6.021630000">
        <ele>804.000</ele>
      </trkpt>
      <trkpt lat="46.646830000" lon="6.021510000">
        <ele>804.000</ele>
      </trkpt>
      <trkpt lat="46.646870000" lon="6.021320000">
        <ele>804.000</ele>
      </trkpt>
      <trkpt lat="46.646910000" lon="6.021020000">
        <ele>804.000</ele>
      </trkpt>
      <trkpt lat="46.646940000" lon="6.020670000">
        <ele>804.000</ele>
      </trkpt>
      <trkpt lat="46.646970000" lon="6.020420000">
        <ele>804.000</ele>
      </trkpt>
      <trkpt lat="46.647010000" lon="6.020170000">
        <ele>804.000</ele>
      </trkpt>
      <trkpt lat="46.647040000" lon="6.020020000">
        <ele>804.000</ele>
      </trkpt>
      <trkpt lat="46.647070000" lon="6.019880000">
        <ele>804.000</ele>
      </trkpt>
      <trkpt lat="46.647110000" lon="6.019780000">
        <ele>804.000</ele>
      </trkpt>
      <trkpt lat="46.647190000" lon="6.019590000">
        <ele>804.000</ele>
      </trkpt>
      <trkpt lat="46.647340000" lon="6.019250000">
        <ele>804.000</ele>
      </trkpt>
      <trkpt lat="46.647430000" lon="6.019040000">
        <ele>804.000</ele>
      </trkpt>
      <trkpt lat="46.647510000" lon="6.018800000">
        <ele>803.000</ele>
      </trkpt>
      <trkpt lat="46.647600000" lon="6.018440000">
        <ele>801.000</ele>
      </trkpt>
      <trkpt lat="46.647720000" lon="6.017880000">
        <ele>798.000</ele>
      </trkpt>
      <trkpt lat="46.647940000" lon="6.016960000">
        <ele>793.000</ele>
      </trkpt>
      <trkpt lat="46.647970000" lon="6.016640000">
        <ele>789.000</ele>
      </trkpt>
      <trkpt lat="46.647970000" lon="6.015950000">
        <ele>786.000</ele>
      </trkpt>
      <trkpt lat="46.647970000" lon="6.015180000">
        <ele>783.000</ele>
      </trkpt>
      <trkpt lat="46.647930000" lon="6.014800000">
        <ele>781.000</ele>
      </trkpt>
      <trkpt lat="46.647640000" lon="6.013380000">
        <ele>778.000</ele>
      </trkpt>
      <trkpt lat="46.647620000" lon="6.013140000">
        <ele>775.000</ele>
      </trkpt>
      <trkpt lat="46.647630000" lon="6.012540000">
        <ele>772.000</ele>
      </trkpt>
      <trkpt lat="46.647610000" lon="6.012220000">
        <ele>770.000</ele>
      </trkpt>
      <trkpt lat="46.647580000" lon="6.011910000">
        <ele>767.000</ele>
      </trkpt>
      <trkpt lat="46.647510000" lon="6.011590000">
        <ele>765.000</ele>
      </trkpt>
      <trkpt lat="46.647350000" lon="6.010960000">
        <ele>763.000</ele>
      </trkpt>
      <trkpt lat="46.647270000" lon="6.010730000">
        <ele>760.000</ele>
      </trkpt>
      <trkpt lat="46.647190000" lon="6.010570000">
        <ele>758.000</ele>
      </trkpt>
      <trkpt lat="46.647070000" lon="6.010400000">
        <ele>757.000</ele>
      </trkpt>
      <trkpt lat="46.646950000" lon="6.010250000">
        <ele>755.000</ele>
      </trkpt>
      <trkpt lat="46.646860000" lon="6.010090000">
        <ele>754.000</ele>
      </trkpt>
      <trkpt lat="46.646790000" lon="6.009880000">
        <ele>753.000</ele>
      </trkpt>
      <trkpt lat="46.646750000" lon="6.009750000">
        <ele>752.000</ele>
      </trkpt>
      <trkpt lat="46.646720000" lon="6.009540000">
        <ele>750.000</ele>
      </trkpt>
      <trkpt lat="46.646710000" lon="6.009330000">
        <ele>749.000</ele>
      </trkpt>
      <trkpt lat="46.646720000" lon="6.009140000">
        <ele>748.000</ele>
      </trkpt>
      <trkpt lat="46.646750000" lon="6.008980000">
        <ele>747.000</ele>
      </trkpt>
      <trkpt lat="46.646810000" lon="6.008810000">
        <ele>746.000</ele>
      </trkpt>
      <trkpt lat="46.646860000" lon="6.008840000">
        <ele>746.000</ele>
      </trkpt>
      <trkpt lat="46.648390000" lon="6.009700000">
        <ele>741.000</ele>
      </trkpt>
      <trkpt lat="46.649030000" lon="6.010060000">
        <ele>738.000</ele>
      </trkpt>
      <trkpt lat="46.649260000" lon="6.010160000">
        <ele>737.000</ele>
      </trkpt>
      <trkpt lat="46.649470000" lon="6.010230000">
        <ele>735.000</ele>
      </trkpt>
      <trkpt lat="46.649770000" lon="6.010270000">
        <ele>735.000</ele>
      </trkpt>
      <trkpt lat="46.650790000" lon="6.010320000">
        <ele>734.000</ele>
      </trkpt>
      <trkpt lat="46.651000000" lon="6.010350000">
        <ele>734.000</ele>
      </trkpt>
      <trkpt lat="46.651110000" lon="6.010350000">
        <ele>734.000</ele>
      </trkpt>
      <trkpt lat="46.651180000" lon="6.010350000">
        <ele>733.000</ele>
      </trkpt>
      <trkpt lat="46.651260000" lon="6.010340000">
        <ele>733.000</ele>
      </trkpt>
      <trkpt lat="46.651340000" lon="6.010320000">
        <ele>733.000</ele>
      </trkpt>
      <trkpt lat="46.651410000" lon="6.010310000">
        <ele>733.000</ele>
      </trkpt>
      <trkpt lat="46.651480000" lon="6.010290000">
        <ele>733.000</ele>
      </trkpt>
      <trkpt lat="46.651540000" lon="6.010270000">
        <ele>733.000</ele>
      </trkpt>
      <trkpt lat="46.651610000" lon="6.010240000">
        <ele>732.000</ele>
      </trkpt>
      <trkpt lat="46.651680000" lon="6.010220000">
        <ele>732.000</ele>
      </trkpt>
      <trkpt lat="46.651750000" lon="6.010190000">
        <ele>732.000</ele>
      </trkpt>
      <trkpt lat="46.651810000" lon="6.010150000">
        <ele>732.000</ele>
      </trkpt>
      <trkpt lat="46.651880000" lon="6.010110000">
        <ele>732.000</ele>
      </trkpt>
      <trkpt lat="46.651930000" lon="6.010080000">
        <ele>732.000</ele>
      </trkpt>
      <trkpt lat="46.651990000" lon="6.010050000">
        <ele>732.000</ele>
      </trkpt>
      <trkpt lat="46.652060000" lon="6.010000000">
        <ele>732.000</ele>
      </trkpt>
      <trkpt lat="46.652130000" lon="6.009930000">
        <ele>731.000</ele>
      </trkpt>
      <trkpt lat="46.652270000" lon="6.009820000">
        <ele>731.000</ele>
      </trkpt>
      <trkpt lat="46.652320000" lon="6.009780000">
        <ele>731.000</ele>
      </trkpt>
      <trkpt lat="46.652390000" lon="6.009750000">
        <ele>731.000</ele>
      </trkpt>
      <trkpt lat="46.652460000" lon="6.009720000">
        <ele>731.000</ele>
      </trkpt>
      <trkpt lat="46.652530000" lon="6.009710000">
        <ele>731.000</ele>
      </trkpt>
      <trkpt lat="46.652580000" lon="6.009700000">
        <ele>731.000</ele>
      </trkpt>
      <trkpt lat="46.652770000" lon="6.009670000">
        <ele>730.000</ele>
      </trkpt>
      <trkpt lat="46.652860000" lon="6.009650000">
        <ele>730.000</ele>
      </trkpt>
      <trkpt lat="46.652920000" lon="6.009630000">
        <ele>730.000</ele>
      </trkpt>
      <trkpt lat="46.652970000" lon="6.009620000">
        <ele>730.000</ele>
      </trkpt>
      <trkpt lat="46.653010000" lon="6.009610000">
        <ele>730.000</ele>
      </trkpt>
      <trkpt lat="46.653060000" lon="6.009590000">
        <ele>730.000</ele>
      </trkpt>
      <trkpt lat="46.653080000" lon="6.009580000">
        <ele>729.000</ele>
      </trkpt>
      <trkpt lat="46.653120000" lon="6.009560000">
        <ele>729.000</ele>
      </trkpt>
      <trkpt lat="46.653190000" lon="6.009510000">
        <ele>729.000</ele>
      </trkpt>
      <trkpt lat="46.653530000" lon="6.009310000">
        <ele>729.000</ele>
      </trkpt>
      <trkpt lat="46.653720000" lon="6.009200000">
        <ele>729.000</ele>
      </trkpt>
      <trkpt lat="46.653740000" lon="6.009190000">
        <ele>728.000</ele>
      </trkpt>
      <trkpt lat="46.653790000" lon="6.009170000">
        <ele>728.000</ele>
      </trkpt>
      <trkpt lat="46.653830000" lon="6.009160000">
        <ele>728.000</ele>
      </trkpt>
      <trkpt lat="46.653910000" lon="6.009140000">
        <ele>728.000</ele>
      </trkpt>
      <trkpt lat="46.654290000" lon="6.009070000">
        <ele>727.000</ele>
      </trkpt>
      <trkpt lat="46.654310000" lon="6.009070000">
        <ele>727.000</ele>
      </trkpt>
      <trkpt lat="46.654420000" lon="6.009050000">
        <ele>727.000</ele>
      </trkpt>
      <trkpt lat="46.654490000" lon="6.009040000">
        <ele>726.000</ele>
      </trkpt>
      <trkpt lat="46.654540000" lon="6.009030000">
        <ele>726.000</ele>
      </trkpt>
      <trkpt lat="46.654580000" lon="6.009030000">
        <ele>726.000</ele>
      </trkpt>
      <trkpt lat="46.654640000" lon="6.009030000">
        <ele>725.000</ele>
      </trkpt>
      <trkpt lat="46.655100000" lon="6.009050000">
        <ele>724.000</ele>
      </trkpt>
      <trkpt lat="46.655170000" lon="6.009050000">
        <ele>724.000</ele>
      </trkpt>
      <trkpt lat="46.655250000" lon="6.009060000">
        <ele>723.000</ele>
      </trkpt>
      <trkpt lat="46.655360000" lon="6.009070000">
        <ele>722.000</ele>
      </trkpt>
      <trkpt lat="46.655410000" lon="6.009070000">
        <ele>722.000</ele>
      </trkpt>
      <trkpt lat="46.655480000" lon="6.009050000">
        <ele>721.000</ele>
      </trkpt>
      <trkpt lat="46.655570000" lon="6.009030000">
        <ele>721.000</ele>
      </trkpt>
      <trkpt lat="46.655660000" lon="6.008980000">
        <ele>721.000</ele>
      </trkpt>
      <trkpt lat="46.655740000" lon="6.008920000">
        <ele>720.000</ele>
      </trkpt>
      <trkpt lat="46.655830000" lon="6.008860000">
        <ele>720.000</ele>
      </trkpt>
      <trkpt lat="46.655920000" lon="6.008780000">
        <ele>719.000</ele>
      </trkpt>
      <trkpt lat="46.656040000" lon="6.008650000">
        <ele>719.000</ele>
      </trkpt>
      <trkpt lat="46.656170000" lon="6.008520000">
        <ele>718.000</ele>
      </trkpt>
      <trkpt lat="46.656330000" lon="6.008360000">
        <ele>717.000</ele>
      </trkpt>
      <trkpt lat="46.656430000" lon="6.008260000">
        <ele>717.000</ele>
      </trkpt>
      <trkpt lat="46.656500000" lon="6.008210000">
        <ele>716.000</ele>
      </trkpt>
      <trkpt lat="46.656570000" lon="6.008160000">
        <ele>716.000</ele>
      </trkpt>
      <trkpt lat="46.656930000" lon="6.007910000">
        <ele>715.000</ele>
      </trkpt>
      <trkpt lat="46.657010000" lon="6.007850000">
        <ele>714.000</ele>
      </trkpt>
      <trkpt lat="46.657110000" lon="6.007810000">
        <ele>714.000</ele>
      </trkpt>
      <trkpt lat="46.657210000" lon="6.007810000">
        <ele>713.000</ele>
      </trkpt>
      <trkpt lat="46.657300000" lon="6.007830000">
        <ele>713.000</ele>
      </trkpt>
      <trkpt lat="46.657380000" lon="6.007850000">
        <ele>713.000</ele>
      </trkpt>
      <trkpt lat="46.657440000" lon="6.007890000">
        <ele>712.000</ele>
      </trkpt>
      <trkpt lat="46.657520000" lon="6.007940000">
        <ele>712.000</ele>
      </trkpt>
      <trkpt lat="46.657610000" lon="6.008010000">
        <ele>711.000</ele>
      </trkpt>
      <trkpt lat="46.657670000" lon="6.008050000">
        <ele>711.000</ele>
      </trkpt>
      <trkpt lat="46.657720000" lon="6.008080000">
        <ele>711.000</ele>
      </trkpt>
      <trkpt lat="46.657770000" lon="6.008100000">
        <ele>711.000</ele>
      </trkpt>
      <trkpt lat="46.657830000" lon="6.008120000">
        <ele>710.000</ele>
      </trkpt>
      <trkpt lat="46.657890000" lon="6.008130000">
        <ele>710.000</ele>
      </trkpt>
      <trkpt lat="46.657950000" lon="6.008120000">
        <ele>710.000</ele>
      </trkpt>
      <trkpt lat="46.658010000" lon="6.008110000">
        <ele>710.000</ele>
      </trkpt>
      <trkpt lat="46.658050000" lon="6.008100000">
        <ele>709.000</ele>
      </trkpt>
      <trkpt lat="46.658100000" lon="6.008080000">
        <ele>709.000</ele>
      </trkpt>
      <trkpt lat="46.658150000" lon="6.008040000">
        <ele>709.000</ele>
      </trkpt>
      <trkpt lat="46.658200000" lon="6.007990000">
        <ele>709.000</ele>
      </trkpt>
      <trkpt lat="46.658260000" lon="6.007930000">
        <ele>709.000</ele>
      </trkpt>
      <trkpt lat="46.658300000" lon="6.007870000">
        <ele>708.000</ele>
      </trkpt>
      <trkpt lat="46.658350000" lon="6.007770000">
        <ele>708.000</ele>
      </trkpt>
      <trkpt lat="46.658380000" lon="6.007700000">
        <ele>708.000</ele>
      </trkpt>
      <trkpt lat="46.658410000" lon="6.007620000">
        <ele>708.000</ele>
      </trkpt>
      <trkpt lat="46.658430000" lon="6.007510000">
        <ele>707.000</ele>
      </trkpt>
      <trkpt lat="46.658440000" lon="6.007340000">
        <ele>707.000</ele>
      </trkpt>
      <trkpt lat="46.658450000" lon="6.007220000">
        <ele>707.000</ele>
      </trkpt>
      <trkpt lat="46.658450000" lon="6.007080000">
        <ele>706.000</ele>
      </trkpt>
      <trkpt lat="46.658460000" lon="6.006900000">
        <ele>706.000</ele>
      </trkpt>
      <trkpt lat="46.658470000" lon="6.006770000">
        <ele>706.000</ele>
      </trkpt>
      <trkpt lat="46.658490000" lon="6.006650000">
        <ele>705.000</ele>
      </trkpt>
      <trkpt lat="46.658460000" lon="6.006630000">
        <ele>705.000</ele>
      </trkpt>
      <trkpt lat="46.658400000" lon="6.006570000">
        <ele>705.000</ele>
      </trkpt>
      <trkpt lat="46.658380000" lon="6.006520000">
        <ele>704.000</ele>
      </trkpt>
      <trkpt lat="46.658380000" lon="6.006440000">
        <ele>704.000</ele>
      </trkpt>
      <trkpt lat="46.658410000" lon="6.006350000">
        <ele>704.000</ele>
      </trkpt>
      <trkpt lat="46.658500000" lon="6.006160000">
        <ele>704.000</ele>
      </trkpt>
      <trkpt lat="46.659090000" lon="6.005180000">
        <ele>704.000</ele>
      </trkpt>
      <trkpt lat="46.659710000" lon="6.004230000">
        <ele>704.000</ele>
      </trkpt>
      <trkpt lat="46.660080000" lon="6.003660000">
        <ele>704.000</ele>
      </trkpt>
      <trkpt lat="46.660450000" lon="6.003170000">
        <ele>704.000</ele>
      </trkpt>
      <trkpt lat="46.660500000" lon="6.003090000">
        <ele>704.000</ele>
      </trkpt>
      <trkpt lat="46.660560000" lon="6.003030000">
        <ele>703.000</ele>
      </trkpt>
      <trkpt lat="46.660800000" lon="6.002880000">
        <ele>703.000</ele>
      </trkpt>
      <trkpt lat="46.660890000" lon="6.002800000">
        <ele>703.000</ele>
      </trkpt>
      <trkpt lat="46.660990000" lon="6.002700000">
        <ele>703.000</ele>
      </trkpt>
      <trkpt lat="46.661100000" lon="6.002560000">
        <ele>703.000</ele>
      </trkpt>
      <trkpt lat="46.661280000" lon="6.002320000">
        <ele>703.000</ele>
      </trkpt>
      <trkpt lat="46.661430000" lon="6.002040000">
        <ele>703.000</ele>
      </trkpt>
      <trkpt lat="46.661610000" lon="6.001690000">
        <ele>703.000</ele>
      </trkpt>
      <trkpt lat="46.661720000" lon="6.001540000">
        <ele>703.000</ele>
      </trkpt>
      <trkpt lat="46.661960000" lon="6.001250000">
        <ele>703.000</ele>
      </trkpt>
      <trkpt lat="46.662160000" lon="6.001030000">
        <ele>704.000</ele>
      </trkpt>
      <trkpt lat="46.662340000" lon="6.000870000">
        <ele>704.000</ele>
      </trkpt>
      <trkpt lat="46.662470000" lon="6.000790000">
        <ele>704.000</ele>
      </trkpt>
      <trkpt lat="46.662600000" lon="6.000720000">
        <ele>704.000</ele>
      </trkpt>
      <trkpt lat="46.662720000" lon="6.000610000">
        <ele>705.000</ele>
      </trkpt>
      <trkpt lat="46.662770000" lon="6.000540000">
        <ele>705.000</ele>
      </trkpt>
      <trkpt lat="46.662810000" lon="6.000460000">
        <ele>705.000</ele>
      </trkpt>
      <trkpt lat="46.663040000" lon="5.999950000">
        <ele>705.000</ele>
      </trkpt>
      <trkpt lat="46.663210000" lon="5.999630000">
        <ele>706.000</ele>
      </trkpt>
      <trkpt lat="46.663460000" lon="5.999180000">
        <ele>706.000</ele>
      </trkpt>
      <trkpt lat="46.663550000" lon="5.999060000">
        <ele>707.000</ele>
      </trkpt>
      <trkpt lat="46.663670000" lon="5.998990000">
        <ele>707.000</ele>
      </trkpt>
      <trkpt lat="46.663920000" lon="5.998920000">
        <ele>708.000</ele>
      </trkpt>
      <trkpt lat="46.664110000" lon="5.998790000">
        <ele>708.000</ele>
      </trkpt>
      <trkpt lat="46.664250000" lon="5.998590000">
        <ele>709.000</ele>
      </trkpt>
      <trkpt lat="46.664360000" lon="5.998360000">
        <ele>709.000</ele>
      </trkpt>
      <trkpt lat="46.664390000" lon="5.998130000">
        <ele>709.000</ele>
      </trkpt>
      <trkpt lat="46.664390000" lon="5.997760000">
        <ele>710.000</ele>
      </trkpt>
      <trkpt lat="46.664600000" lon="5.996500000">
        <ele>711.000</ele>
      </trkpt>
      <trkpt lat="46.664620000" lon="5.996080000">
        <ele>711.000</ele>
      </trkpt>
      <trkpt lat="46.664580000" lon="5.995640000">
        <ele>712.000</ele>
      </trkpt>
      <trkpt lat="46.664630000" lon="5.994840000">
        <ele>712.000</ele>
      </trkpt>
      <trkpt lat="46.664860000" lon="5.994190000">
        <ele>713.000</ele>
      </trkpt>
      <trkpt lat="46.665120000" lon="5.993600000">
        <ele>714.000</ele>
      </trkpt>
      <trkpt lat="46.665250000" lon="5.992910000">
        <ele>713.000</ele>
      </trkpt>
      <trkpt lat="46.665490000" lon="5.991680000">
        <ele>712.000</ele>
      </trkpt>
      <trkpt lat="46.665820000" lon="5.990830000">
        <ele>711.000</ele>
      </trkpt>
      <trkpt lat="46.665930000" lon="5.989820000">
        <ele>710.000</ele>
      </trkpt>
      <trkpt lat="46.666630000" lon="5.988460000">
        <ele>710.000</ele>
      </trkpt>
      <trkpt lat="46.666680000" lon="5.987360000">
        <ele>709.000</ele>
      </trkpt>
      <trkpt lat="46.666750000" lon="5.986870000">
        <ele>708.000</ele>
      </trkpt>
      <trkpt lat="46.667260000" lon="5.985980000">
        <ele>706.000</ele>
      </trkpt>
      <trkpt lat="46.667430000" lon="5.985530000">
        <ele>704.000</ele>
      </trkpt>
      <trkpt lat="46.668120000" lon="5.984790000">
        <ele>703.000</ele>
      </trkpt>
      <trkpt lat="46.668390000" lon="5.984260000">
        <ele>702.000</ele>
      </trkpt>
      <trkpt lat="46.668780000" lon="5.983890000">
        <ele>702.000</ele>
      </trkpt>
      <trkpt lat="46.669190000" lon="5.982740000">
        <ele>700.000</ele>
      </trkpt>
      <trkpt lat="46.669980000" lon="5.981580000">
        <ele>696.000</ele>
      </trkpt>
      <trkpt lat="46.670740000" lon="5.979980000">
        <ele>694.000</ele>
      </trkpt>
      <trkpt lat="46.672410000" lon="5.977700000">
        <ele>691.000</ele>
      </trkpt>
      <trkpt lat="46.672870000" lon="5.976890000">
        <ele>688.000</ele>
      </trkpt>
      <trkpt lat="46.673680000" lon="5.976060000">
        <ele>684.000</ele>
      </trkpt>
      <trkpt lat="46.674080000" lon="5.975390000">
        <ele>680.000</ele>
      </trkpt>
      <trkpt lat="46.674820000" lon="5.974700000">
        <ele>677.000</ele>
      </trkpt>
      <trkpt lat="46.675510000" lon="5.974100000">
        <ele>674.000</ele>
      </trkpt>
      <trkpt lat="46.676850000" lon="5.972850000">
        <ele>671.000</ele>
      </trkpt>
      <trkpt lat="46.677640000" lon="5.972370000">
        <ele>669.000</ele>
      </trkpt>
      <trkpt lat="46.678100000" lon="5.971840000">
        <ele>667.000</ele>
      </trkpt>
      <trkpt lat="46.678650000" lon="5.971090000">
        <ele>666.000</ele>
      </trkpt>
      <trkpt lat="46.679900000" lon="5.969780000">
        <ele>659.000</ele>
      </trkpt>
      <trkpt lat="46.680610000" lon="5.968580000">
        <ele>650.000</ele>
      </trkpt>
      <trkpt lat="46.681560000" lon="5.967290000">
        <ele>647.000</ele>
      </trkpt>
      <trkpt lat="46.682210000" lon="5.966000000">
        <ele>649.000</ele>
      </trkpt>
      <trkpt lat="46.682530000" lon="5.964650000">
        <ele>647.000</ele>
      </trkpt>
      <trkpt lat="46.682730000" lon="5.963340000">
        <ele>643.000</ele>
      </trkpt>
      <trkpt lat="46.682970000" lon="5.962510000">
        <ele>640.000</ele>
      </trkpt>
      <trkpt lat="46.683370000" lon="5.962230000">
        <ele>638.000</ele>
      </trkpt>
      <trkpt lat="46.683740000" lon="5.961910000">
        <ele>636.000</ele>
      </trkpt>
      <trkpt lat="46.684420000" lon="5.961280000">
        <ele>635.000</ele>
      </trkpt>
      <trkpt lat="46.684710000" lon="5.960980000">
        <ele>633.000</ele>
      </trkpt>
      <trkpt lat="46.684780000" lon="5.960880000">
        <ele>632.000</ele>
      </trkpt>
      <trkpt lat="46.684830000" lon="5.960760000">
        <ele>631.000</ele>
      </trkpt>
      <trkpt lat="46.684920000" lon="5.960380000">
        <ele>629.000</ele>
      </trkpt>
      <trkpt lat="46.684960000" lon="5.960290000">
        <ele>628.000</ele>
      </trkpt>
      <trkpt lat="46.685010000" lon="5.960210000">
        <ele>627.000</ele>
      </trkpt>
      <trkpt lat="46.685070000" lon="5.960140000">
        <ele>626.000</ele>
      </trkpt>
      <trkpt lat="46.685160000" lon="5.960070000">
        <ele>625.000</ele>
      </trkpt>
      <trkpt lat="46.685400000" lon="5.959940000">
        <ele>624.000</ele>
      </trkpt>
      <trkpt lat="46.685460000" lon="5.959880000">
        <ele>623.000</ele>
      </trkpt>
      <trkpt lat="46.685540000" lon="5.959750000">
        <ele>622.000</ele>
      </trkpt>
      <trkpt lat="46.685670000" lon="5.959440000">
        <ele>621.000</ele>
      </trkpt>
      <trkpt lat="46.685740000" lon="5.959310000">
        <ele>620.000</ele>
      </trkpt>
      <trkpt lat="46.685840000" lon="5.959160000">
        <ele>619.000</ele>
      </trkpt>
      <trkpt lat="46.685970000" lon="5.958980000">
        <ele>619.000</ele>
      </trkpt>
      <trkpt lat="46.686100000" lon="5.958850000">
        <ele>618.000</ele>
      </trkpt>
      <trkpt lat="46.686210000" lon="5.958760000">
        <ele>618.000</ele>
      </trkpt>
      <trkpt lat="46.686530000" lon="5.958580000">
        <ele>617.000</ele>
      </trkpt>
      <trkpt lat="46.686600000" lon="5.958540000">
        <ele>617.000</ele>
      </trkpt>
      <trkpt lat="46.686820000" lon="5.958430000">
        <ele>616.000</ele>
      </trkpt>
      <trkpt lat="46.687110000" lon="5.958300000">
        <ele>616.000</ele>
      </trkpt>
      <trkpt lat="46.687160000" lon="5.958260000">
        <ele>615.000</ele>
      </trkpt>
      <trkpt lat="46.687220000" lon="5.958190000">
        <ele>615.000</ele>
      </trkpt>
      <trkpt lat="46.687290000" lon="5.958080000">
        <ele>615.000</ele>
      </trkpt>
      <trkpt lat="46.687690000" lon="5.957150000">
        <ele>613.000</ele>
      </trkpt>
      <trkpt lat="46.687830000" lon="5.956860000">
        <ele>611.000</ele>
      </trkpt>
      <trkpt lat="46.687910000" lon="5.956750000">
        <ele>610.000</ele>
      </trkpt>
      <trkpt lat="46.688010000" lon="5.956640000">
        <ele>608.000</ele>
      </trkpt>
      <trkpt lat="46.688090000" lon="5.956570000">
        <ele>608.000</ele>
      </trkpt>
      <trkpt lat="46.688260000" lon="5.956460000">
        <ele>606.000</ele>
      </trkpt>
      <trkpt lat="46.688540000" lon="5.956330000">
        <ele>605.000</ele>
      </trkpt>
      <trkpt lat="46.688670000" lon="5.956290000">
        <ele>604.000</ele>
      </trkpt>
      <trkpt lat="46.688880000" lon="5.956290000">
        <ele>603.000</ele>
      </trkpt>
      <trkpt lat="46.689010000" lon="5.956270000">
        <ele>602.000</ele>
      </trkpt>
      <trkpt lat="46.689110000" lon="5.956220000">
        <ele>602.000</ele>
      </trkpt>
      <trkpt lat="46.689190000" lon="5.956160000">
        <ele>601.000</ele>
      </trkpt>
      <trkpt lat="46.690520000" lon="5.954700000">
        <ele>599.000</ele>
      </trkpt>
      <trkpt lat="46.691580000" lon="5.953530000">
        <ele>599.000</ele>
      </trkpt>
      <trkpt lat="46.691920000" lon="5.953240000">
        <ele>599.000</ele>
      </trkpt>
      <trkpt lat="46.692290000" lon="5.952940000">
        <ele>599.000</ele>
      </trkpt>
      <trkpt lat="46.692960000" lon="5.952370000">
        <ele>599.000</ele>
      </trkpt>
      <trkpt lat="46.693040000" lon="5.952310000">
        <ele>598.000</ele>
      </trkpt>
      <trkpt lat="46.693130000" lon="5.952260000">
        <ele>598.000</ele>
      </trkpt>
      <trkpt lat="46.693240000" lon="5.952230000">
        <ele>598.000</ele>
      </trkpt>
      <trkpt lat="46.693330000" lon="5.952240000">
        <ele>598.000</ele>
      </trkpt>
      <trkpt lat="46.693420000" lon="5.952270000">
        <ele>598.000</ele>
      </trkpt>
      <trkpt lat="46.693690000" lon="5.952430000">
        <ele>598.000</ele>
      </trkpt>
      <trkpt lat="46.693790000" lon="5.952460000">
        <ele>597.000</ele>
      </trkpt>
      <trkpt lat="46.693890000" lon="5.952480000">
        <ele>597.000</ele>
      </trkpt>
      <trkpt lat="46.693990000" lon="5.952500000">
        <ele>597.000</ele>
      </trkpt>
      <trkpt lat="46.694130000" lon="5.952520000">
        <ele>597.000</ele>
      </trkpt>
      <trkpt lat="46.694340000" lon="5.952520000">
        <ele>597.000</ele>
      </trkpt>
      <trkpt lat="46.694550000" lon="5.952540000">
        <ele>596.000</ele>
      </trkpt>
      <trkpt lat="46.694620000" lon="5.952540000">
        <ele>596.000</ele>
      </trkpt>
      <trkpt lat="46.694690000" lon="5.952560000">
        <ele>596.000</ele>
      </trkpt>
      <trkpt lat="46.694760000" lon="5.952590000">
        <ele>596.000</ele>
      </trkpt>
      <trkpt lat="46.694830000" lon="5.952650000">
        <ele>596.000</ele>
      </trkpt>
      <trkpt lat="46.694900000" lon="5.952730000">
        <ele>596.000</ele>
      </trkpt>
      <trkpt lat="46.694960000" lon="5.952830000">
        <ele>596.000</ele>
      </trkpt>
      <trkpt lat="46.695090000" lon="5.953050000">
        <ele>595.000</ele>
      </trkpt>
      <trkpt lat="46.695230000" lon="5.953260000">
        <ele>595.000</ele>
      </trkpt>
      <trkpt lat="46.695280000" lon="5.953320000">
        <ele>595.000</ele>
      </trkpt>
      <trkpt lat="46.695330000" lon="5.953360000">
        <ele>595.000</ele>
      </trkpt>
      <trkpt lat="46.695400000" lon="5.953400000">
        <ele>595.000</ele>
      </trkpt>
      <trkpt lat="46.695470000" lon="5.953420000">
        <ele>595.000</ele>
      </trkpt>
      <trkpt lat="46.695540000" lon="5.953440000">
        <ele>595.000</ele>
      </trkpt>
      <trkpt lat="46.695670000" lon="5.953480000">
        <ele>595.000</ele>
      </trkpt>
      <trkpt lat="46.695860000" lon="5.953510000">
        <ele>594.000</ele>
      </trkpt>
      <trkpt lat="46.695980000" lon="5.953510000">
        <ele>593.000</ele>
      </trkpt>
      <trkpt lat="46.696110000" lon="5.953500000">
        <ele>592.000</ele>
      </trkpt>
      <trkpt lat="46.696170000" lon="5.953490000">
        <ele>591.000</ele>
      </trkpt>
      <trkpt lat="46.696220000" lon="5.953480000">
        <ele>591.000</ele>
      </trkpt>
      <trkpt lat="46.696280000" lon="5.953460000">
        <ele>590.000</ele>
      </trkpt>
      <trkpt lat="46.696350000" lon="5.953420000">
        <ele>589.000</ele>
      </trkpt>
      <trkpt lat="46.696450000" lon="5.953360000">
        <ele>588.000</ele>
      </trkpt>
      <trkpt lat="46.696550000" lon="5.953290000">
        <ele>587.000</ele>
      </trkpt>
      <trkpt lat="46.696760000" lon="5.953160000">
        <ele>586.000</ele>
      </trkpt>
      <trkpt lat="46.696850000" lon="5.953110000">
        <ele>585.000</ele>
      </trkpt>
      <trkpt lat="46.696940000" lon="5.953080000">
        <ele>584.000</ele>
      </trkpt>
      <trkpt lat="46.697010000" lon="5.953060000">
        <ele>583.000</ele>
      </trkpt>
      <trkpt lat="46.697070000" lon="5.953050000">
        <ele>582.000</ele>
      </trkpt>
      <trkpt lat="46.697560000" lon="5.952980000">
        <ele>580.000</ele>
      </trkpt>
      <trkpt lat="46.697640000" lon="5.952960000">
        <ele>578.000</ele>
      </trkpt>
      <trkpt lat="46.697710000" lon="5.952940000">
        <ele>577.000</ele>
      </trkpt>
      <trkpt lat="46.697770000" lon="5.952910000">
        <ele>576.000</ele>
      </trkpt>
      <trkpt lat="46.697850000" lon="5.952870000">
        <ele>575.000</ele>
      </trkpt>
      <trkpt lat="46.697910000" lon="5.952830000">
        <ele>574.000</ele>
      </trkpt>
      <trkpt lat="46.697960000" lon="5.952790000">
        <ele>574.000</ele>
      </trkpt>
      <trkpt lat="46.698040000" lon="5.952720000">
        <ele>573.000</ele>
      </trkpt>
      <trkpt lat="46.698100000" lon="5.952650000">
        <ele>573.000</ele>
      </trkpt>
      <trkpt lat="46.698150000" lon="5.952600000">
        <ele>572.000</ele>
      </trkpt>
      <trkpt lat="46.698190000" lon="5.952550000">
        <ele>572.000</ele>
      </trkpt>
      <trkpt lat="46.698230000" lon="5.952490000">
        <ele>571.000</ele>
      </trkpt>
      <trkpt lat="46.698280000" lon="5.952420000">
        <ele>571.000</ele>
      </trkpt>
      <trkpt lat="46.698330000" lon="5.952340000">
        <ele>570.000</ele>
      </trkpt>
      <trkpt lat="46.698390000" lon="5.952250000">
        <ele>570.000</ele>
      </trkpt>
      <trkpt lat="46.698440000" lon="5.952130000">
        <ele>569.000</ele>
      </trkpt>
      <trkpt lat="46.698510000" lon="5.952020000">
        <ele>568.000</ele>
      </trkpt>
      <trkpt lat="46.698550000" lon="5.951970000">
        <ele>568.000</ele>
      </trkpt>
      <trkpt lat="46.698620000" lon="5.951890000">
        <ele>567.000</ele>
      </trkpt>
      <trkpt lat="46.698760000" lon="5.951790000">
        <ele>567.000</ele>
      </trkpt>
      <trkpt lat="46.698810000" lon="5.951760000">
        <ele>566.000</ele>
      </trkpt>
      <trkpt lat="46.698880000" lon="5.951700000">
        <ele>565.000</ele>
      </trkpt>
      <trkpt lat="46.699000000" lon="5.951600000">
        <ele>565.000</ele>
      </trkpt>
      <trkpt lat="46.699080000" lon="5.951530000">
        <ele>564.000</ele>
      </trkpt>
      <trkpt lat="46.699150000" lon="5.951480000">
        <ele>563.000</ele>
      </trkpt>
      <trkpt lat="46.699190000" lon="5.951460000">
        <ele>563.000</ele>
      </trkpt>
      <trkpt lat="46.699220000" lon="5.951440000">
        <ele>562.000</ele>
      </trkpt>
      <trkpt lat="46.699250000" lon="5.951440000">
        <ele>562.000</ele>
      </trkpt>
      <trkpt lat="46.699330000" lon="5.951440000">
        <ele>562.000</ele>
      </trkpt>
      <trkpt lat="46.699490000" lon="5.951430000">
        <ele>561.000</ele>
      </trkpt>
      <trkpt lat="46.699660000" lon="5.951410000">
        <ele>560.000</ele>
      </trkpt>
      <trkpt lat="46.699760000" lon="5.951400000">
        <ele>560.000</ele>
      </trkpt>
      <trkpt lat="46.700000000" lon="5.951360000">
        <ele>559.000</ele>
      </trkpt>
      <trkpt lat="46.700160000" lon="5.951330000">
        <ele>557.000</ele>
      </trkpt>
      <trkpt lat="46.700260000" lon="5.951300000">
        <ele>557.000</ele>
      </trkpt>
      <trkpt lat="46.700340000" lon="5.951270000">
        <ele>556.000</ele>
      </trkpt>
      <trkpt lat="46.700400000" lon="5.951220000">
        <ele>555.000</ele>
      </trkpt>
      <trkpt lat="46.700460000" lon="5.951170000">
        <ele>555.000</ele>
      </trkpt>
      <trkpt lat="46.700510000" lon="5.951120000">
        <ele>554.000</ele>
      </trkpt>
      <trkpt lat="46.700710000" lon="5.950870000">
        <ele>553.000</ele>
      </trkpt>
      <trkpt lat="46.700810000" lon="5.950750000">
        <ele>552.000</ele>
      </trkpt>
      <trkpt lat="46.700890000" lon="5.950650000">
        <ele>552.000</ele>
      </trkpt>
      <trkpt lat="46.700970000" lon="5.950570000">
        <ele>551.000</ele>
      </trkpt>
      <trkpt lat="46.701050000" lon="5.950490000">
        <ele>551.000</ele>
      </trkpt>
      <trkpt lat="46.701230000" lon="5.950310000">
        <ele>551.000</ele>
      </trkpt>
      <trkpt lat="46.701300000" lon="5.950240000">
        <ele>551.000</ele>
      </trkpt>
      <trkpt lat="46.701370000" lon="5.950160000">
        <ele>550.000</ele>
      </trkpt>
      <trkpt lat="46.701440000" lon="5.950090000">
        <ele>550.000</ele>
      </trkpt>
      <trkpt lat="46.701510000" lon="5.950030000">
        <ele>550.000</ele>
      </trkpt>
      <trkpt lat="46.701680000" lon="5.949890000">
        <ele>550.000</ele>
      </trkpt>
      <trkpt lat="46.701890000" lon="5.949720000">
        <ele>550.000</ele>
      </trkpt>
      <trkpt lat="46.702200000" lon="5.949480000">
        <ele>550.000</ele>
      </trkpt>
      <trkpt lat="46.702250000" lon="5.949440000">
        <ele>550.000</ele>
      </trkpt>
      <trkpt lat="46.702290000" lon="5.949400000">
        <ele>550.000</ele>
      </trkpt>
      <trkpt lat="46.702350000" lon="5.949350000">
        <ele>550.000</ele>
      </trkpt>
      <trkpt lat="46.702400000" lon="5.949300000">
        <ele>550.000</ele>
      </trkpt>
      <trkpt lat="46.702460000" lon="5.949230000">
        <ele>550.000</ele>
      </trkpt>
      <trkpt lat="46.702490000" lon="5.949160000">
        <ele>550.000</ele>
      </trkpt>
      <trkpt lat="46.702530000" lon="5.949090000">
        <ele>550.000</ele>
      </trkpt>
      <trkpt lat="46.702610000" lon="5.948870000">
        <ele>550.000</ele>
      </trkpt>
      <trkpt lat="46.702720000" lon="5.948540000">
        <ele>551.000</ele>
      </trkpt>
      <trkpt lat="46.702830000" lon="5.948240000">
        <ele>551.000</ele>
      </trkpt>
      <trkpt lat="46.703000000" lon="5.947750000">
        <ele>552.000</ele>
      </trkpt>
      <trkpt lat="46.703080000" lon="5.947420000">
        <ele>552.000</ele>
      </trkpt>
      <trkpt lat="46.703150000" lon="5.946950000">
        <ele>553.000</ele>
      </trkpt>
      <trkpt lat="46.703210000" lon="5.946480000">
        <ele>552.000</ele>
      </trkpt>
      <trkpt lat="46.703230000" lon="5.946240000">
        <ele>551.000</ele>
      </trkpt>
      <trkpt lat="46.703250000" lon="5.945950000">
        <ele>550.000</ele>
      </trkpt>
      <trkpt lat="46.703290000" lon="5.945380000">
        <ele>547.000</ele>
      </trkpt>
      <trkpt lat="46.703300000" lon="5.945110000">
        <ele>545.000</ele>
      </trkpt>
      <trkpt lat="46.703320000" lon="5.944850000">
        <ele>542.000</ele>
      </trkpt>
      <trkpt lat="46.703330000" lon="5.944680000">
        <ele>540.000</ele>
      </trkpt>
      <trkpt lat="46.703350000" lon="5.944530000">
        <ele>539.000</ele>
      </trkpt>
      <trkpt lat="46.703380000" lon="5.944360000">
        <ele>537.000</ele>
      </trkpt>
      <trkpt lat="46.703420000" lon="5.944220000">
        <ele>535.000</ele>
      </trkpt>
      <trkpt lat="46.703460000" lon="5.944100000">
        <ele>535.000</ele>
      </trkpt>
      <trkpt lat="46.703500000" lon="5.943980000">
        <ele>534.000</ele>
      </trkpt>
      <trkpt lat="46.703570000" lon="5.943810000">
        <ele>534.000</ele>
      </trkpt>
      <trkpt lat="46.703620000" lon="5.943700000">
        <ele>533.000</ele>
      </trkpt>
      <trkpt lat="46.703680000" lon="5.943620000">
        <ele>533.000</ele>
      </trkpt>
      <trkpt lat="46.703770000" lon="5.943480000">
        <ele>533.000</ele>
      </trkpt>
      <trkpt lat="46.703900000" lon="5.943350000">
        <ele>533.000</ele>
      </trkpt>
      <trkpt lat="46.703970000" lon="5.943280000">
        <ele>533.000</ele>
      </trkpt>
      <trkpt lat="46.704130000" lon="5.943150000">
        <ele>533.000</ele>
      </trkpt>
      <trkpt lat="46.704200000" lon="5.943100000">
        <ele>534.000</ele>
      </trkpt>
      <trkpt lat="46.704280000" lon="5.943050000">
        <ele>534.000</ele>
      </trkpt>
      <trkpt lat="46.704430000" lon="5.942980000">
        <ele>534.000</ele>
      </trkpt>
      <trkpt lat="46.704490000" lon="5.942960000">
        <ele>534.000</ele>
      </trkpt>
      <trkpt lat="46.704570000" lon="5.942930000">
        <ele>534.000</ele>
      </trkpt>
      <trkpt lat="46.704680000" lon="5.942920000">
        <ele>534.000</ele>
      </trkpt>
      <trkpt lat="46.704810000" lon="5.942920000">
        <ele>534.000</ele>
      </trkpt>
      <trkpt lat="46.704920000" lon="5.942970000">
        <ele>534.000</ele>
      </trkpt>
      <trkpt lat="46.705030000" lon="5.943010000">
        <ele>534.000</ele>
      </trkpt>
      <trkpt lat="46.705920000" lon="5.943220000">
        <ele>534.000</ele>
      </trkpt>
      <trkpt lat="46.706000000" lon="5.943270000">
        <ele>534.000</ele>
      </trkpt>
      <trkpt lat="46.706170000" lon="5.943380000">
        <ele>534.000</ele>
      </trkpt>
      <trkpt lat="46.706360000" lon="5.943490000">
        <ele>533.000</ele>
      </trkpt>
      <trkpt lat="46.706510000" lon="5.943560000">
        <ele>533.000</ele>
      </trkpt>
      <trkpt lat="46.706670000" lon="5.943620000">
        <ele>533.000</ele>
      </trkpt>
      <trkpt lat="46.706760000" lon="5.943650000">
        <ele>533.000</ele>
      </trkpt>
      <trkpt lat="46.706800000" lon="5.943650000">
        <ele>533.000</ele>
      </trkpt>
      <trkpt lat="46.706840000" lon="5.943640000">
        <ele>533.000</ele>
      </trkpt>
      <trkpt lat="46.706880000" lon="5.943630000">
        <ele>533.000</ele>
      </trkpt>
      <trkpt lat="46.707010000" lon="5.943430000">
        <ele>534.000</ele>
      </trkpt>
      <trkpt lat="46.707050000" lon="5.943260000">
        <ele>534.000</ele>
      </trkpt>
      <trkpt lat="46.707110000" lon="5.943160000">
        <ele>535.000</ele>
      </trkpt>
      <trkpt lat="46.707320000" lon="5.942960000">
        <ele>535.000</ele>
      </trkpt>
      <trkpt lat="46.707620000" lon="5.942660000">
        <ele>536.000</ele>
      </trkpt>
      <trkpt lat="46.708150000" lon="5.942120000">
        <ele>538.000</ele>
      </trkpt>
      <trkpt lat="46.708310000" lon="5.941950000">
        <ele>539.000</ele>
      </trkpt>
      <trkpt lat="46.708460000" lon="5.941770000">
        <ele>540.000</ele>
      </trkpt>
      <trkpt lat="46.708590000" lon="5.941590000">
        <ele>541.000</ele>
      </trkpt>
      <trkpt lat="46.708690000" lon="5.941390000">
        <ele>541.000</ele>
      </trkpt>
      <trkpt lat="46.708820000" lon="5.941040000">
        <ele>542.000</ele>
      </trkpt>
      <trkpt lat="46.708920000" lon="5.940810000">
        <ele>542.000</ele>
      </trkpt>
      <trkpt lat="46.708980000" lon="5.940690000">
        <ele>542.000</ele>
      </trkpt>
      <trkpt lat="46.709090000" lon="5.940550000">
        <ele>543.000</ele>
      </trkpt>
      <trkpt lat="46.709200000" lon="5.940420000">
        <ele>543.000</ele>
      </trkpt>
      <trkpt lat="46.709270000" lon="5.940350000">
        <ele>543.000</ele>
      </trkpt>
      <trkpt lat="46.709360000" lon="5.940280000">
        <ele>543.000</ele>
      </trkpt>
      <trkpt lat="46.709450000" lon="5.940240000">
        <ele>543.000</ele>
      </trkpt>
      <trkpt lat="46.709580000" lon="5.940170000">
        <ele>544.000</ele>
      </trkpt>
      <trkpt lat="46.709720000" lon="5.940110000">
        <ele>544.000</ele>
      </trkpt>
      <trkpt lat="46.709910000" lon="5.940050000">
        <ele>545.000</ele>
      </trkpt>
      <trkpt lat="46.710050000" lon="5.940000000">
        <ele>545.000</ele>
      </trkpt>
      <trkpt lat="46.710180000" lon="5.939960000">
        <ele>546.000</ele>
      </trkpt>
      <trkpt lat="46.710380000" lon="5.939910000">
        <ele>547.000</ele>
      </trkpt>
      <trkpt lat="46.710500000" lon="5.939890000">
        <ele>548.000</ele>
      </trkpt>
      <trkpt lat="46.710660000" lon="5.939890000">
        <ele>549.000</ele>
      </trkpt>
      <trkpt lat="46.711060000" lon="5.939890000">
        <ele>550.000</ele>
      </trkpt>
      <trkpt lat="46.711290000" lon="5.939920000">
        <ele>551.000</ele>
      </trkpt>
      <trkpt lat="46.711380000" lon="5.939930000">
        <ele>552.000</ele>
      </trkpt>
      <trkpt lat="46.711480000" lon="5.939920000">
        <ele>552.000</ele>
      </trkpt>
      <trkpt lat="46.711860000" lon="5.939900000">
        <ele>553.000</ele>
      </trkpt>
      <trkpt lat="46.712070000" lon="5.939870000">
        <ele>553.000</ele>
      </trkpt>
      <trkpt lat="46.712200000" lon="5.939850000">
        <ele>554.000</ele>
      </trkpt>
      <trkpt lat="46.712290000" lon="5.939820000">
        <ele>554.000</ele>
      </trkpt>
      <trkpt lat="46.712430000" lon="5.939790000">
        <ele>554.000</ele>
      </trkpt>
      <trkpt lat="46.712530000" lon="5.939760000">
        <ele>554.000</ele>
      </trkpt>
      <trkpt lat="46.712740000" lon="5.939680000">
        <ele>555.000</ele>
      </trkpt>
      <trkpt lat="46.712940000" lon="5.939580000">
        <ele>555.000</ele>
      </trkpt>
      <trkpt lat="46.713110000" lon="5.939450000">
        <ele>555.000</ele>
      </trkpt>
      <trkpt lat="46.713230000" lon="5.939340000">
        <ele>555.000</ele>
      </trkpt>
      <trkpt lat="46.713380000" lon="5.939190000">
        <ele>555.000</ele>
      </trkpt>
      <trkpt lat="46.713500000" lon="5.939070000">
        <ele>555.000</ele>
      </trkpt>
      <trkpt lat="46.713600000" lon="5.938910000">
        <ele>555.000</ele>
      </trkpt>
      <trkpt lat="46.713680000" lon="5.938780000">
        <ele>555.000</ele>
      </trkpt>
      <trkpt lat="46.713730000" lon="5.938670000">
        <ele>555.000</ele>
      </trkpt>
      <trkpt lat="46.713870000" lon="5.938360000">
        <ele>555.000</ele>
      </trkpt>
      <trkpt lat="46.713950000" lon="5.938160000">
        <ele>555.000</ele>
      </trkpt>
      <trkpt lat="46.714030000" lon="5.938000000">
        <ele>555.000</ele>
      </trkpt>
      <trkpt lat="46.714080000" lon="5.937920000">
        <ele>555.000</ele>
      </trkpt>
      <trkpt lat="46.714110000" lon="5.937870000">
        <ele>555.000</ele>
      </trkpt>
      <trkpt lat="46.714290000" lon="5.937640000">
        <ele>555.000</ele>
      </trkpt>
      <trkpt lat="46.714450000" lon="5.937410000">
        <ele>555.000</ele>
      </trkpt>
      <trkpt lat="46.714580000" lon="5.937250000">
        <ele>555.000</ele>
      </trkpt>
      <trkpt lat="46.714670000" lon="5.937150000">
        <ele>554.000</ele>
      </trkpt>
      <trkpt lat="46.714740000" lon="5.937100000">
        <ele>554.000</ele>
      </trkpt>
      <trkpt lat="46.714860000" lon="5.937010000">
        <ele>554.000</ele>
      </trkpt>
      <trkpt lat="46.714950000" lon="5.936940000">
        <ele>554.000</ele>
      </trkpt>
      <trkpt lat="46.715040000" lon="5.936880000">
        <ele>554.000</ele>
      </trkpt>
      <trkpt lat="46.715190000" lon="5.936760000">
        <ele>554.000</ele>
      </trkpt>
      <trkpt lat="46.715460000" lon="5.936540000">
        <ele>554.000</ele>
      </trkpt>
      <trkpt lat="46.715610000" lon="5.936400000">
        <ele>554.000</ele>
      </trkpt>
      <trkpt lat="46.715960000" lon="5.936080000">
        <ele>554.000</ele>
      </trkpt>
      <trkpt lat="46.717080000" lon="5.934990000">
        <ele>553.000</ele>
      </trkpt>
      <trkpt lat="46.718190000" lon="5.933810000">
        <ele>553.000</ele>
      </trkpt>
      <trkpt lat="46.718850000" lon="5.933180000">
        <ele>552.000</ele>
      </trkpt>
      <trkpt lat="46.719440000" lon="5.932390000">
        <ele>551.000</ele>
      </trkpt>
      <trkpt lat="46.719930000" lon="5.931670000">
        <ele>549.000</ele>
      </trkpt>
      <trkpt lat="46.720320000" lon="5.931280000">
        <ele>548.000</ele>
      </trkpt>
      <trkpt lat="46.720550000" lon="5.931120000">
        <ele>547.000</ele>
      </trkpt>
      <trkpt lat="46.721390000" lon="5.930620000">
        <ele>546.000</ele>
      </trkpt>
      <trkpt lat="46.721610000" lon="5.930480000">
        <ele>546.000</ele>
      </trkpt>
      <trkpt lat="46.721830000" lon="5.930290000">
        <ele>546.000</ele>
      </trkpt>
      <trkpt lat="46.722090000" lon="5.930050000">
        <ele>546.000</ele>
      </trkpt>
      <trkpt lat="46.722160000" lon="5.929960000">
        <ele>546.000</ele>
      </trkpt>
      <trkpt lat="46.722220000" lon="5.929890000">
        <ele>546.000</ele>
      </trkpt>
      <trkpt lat="46.722270000" lon="5.929790000">
        <ele>546.000</ele>
      </trkpt>
      <trkpt lat="46.722780000" lon="5.928810000">
        <ele>545.000</ele>
      </trkpt>
      <trkpt lat="46.722920000" lon="5.928510000">
        <ele>543.000</ele>
      </trkpt>
      <trkpt lat="46.722990000" lon="5.928340000">
        <ele>542.000</ele>
      </trkpt>
      <trkpt lat="46.723000000" lon="5.928290000">
        <ele>542.000</ele>
      </trkpt>
      <trkpt lat="46.723050000" lon="5.928150000">
        <ele>541.000</ele>
      </trkpt>
      <trkpt lat="46.723090000" lon="5.927970000">
        <ele>540.000</ele>
      </trkpt>
      <trkpt lat="46.723090000" lon="5.927970000">
        <ele>540.000</ele>
      </trkpt>
      <trkpt lat="46.723090000" lon="5.927970000">
        <ele>540.000</ele>
      </trkpt>
      <trkpt lat="46.723180000" lon="5.927430000">
        <ele>539.000</ele>
      </trkpt>
      <trkpt lat="46.723210000" lon="5.927310000">
        <ele>538.000</ele>
      </trkpt>
      <trkpt lat="46.723250000" lon="5.927200000">
        <ele>538.000</ele>
      </trkpt>
      <trkpt lat="46.723330000" lon="5.927020000">
        <ele>538.000</ele>
      </trkpt>
      <trkpt lat="46.723410000" lon="5.926830000">
        <ele>538.000</ele>
      </trkpt>
      <trkpt lat="46.723540000" lon="5.926610000">
        <ele>538.000</ele>
      </trkpt>
      <trkpt lat="46.724360000" lon="5.925300000">
        <ele>538.000</ele>
      </trkpt>
      <trkpt lat="46.724500000" lon="5.925070000">
        <ele>538.000</ele>
      </trkpt>
      <trkpt lat="46.724660000" lon="5.924730000">
        <ele>539.000</ele>
      </trkpt>
      <trkpt lat="46.724760000" lon="5.924530000">
        <ele>539.000</ele>
      </trkpt>
      <trkpt lat="46.724840000" lon="5.924380000">
        <ele>539.000</ele>
      </trkpt>
      <trkpt lat="46.724880000" lon="5.924300000">
        <ele>539.000</ele>
      </trkpt>
      <trkpt lat="46.724920000" lon="5.924240000">
        <ele>540.000</ele>
      </trkpt>
      <trkpt lat="46.724970000" lon="5.924180000">
        <ele>540.000</ele>
      </trkpt>
      <trkpt lat="46.725040000" lon="5.924110000">
        <ele>540.000</ele>
      </trkpt>
      <trkpt lat="46.725100000" lon="5.924070000">
        <ele>540.000</ele>
      </trkpt>
      <trkpt lat="46.725160000" lon="5.924030000">
        <ele>540.000</ele>
      </trkpt>
      <trkpt lat="46.725220000" lon="5.924010000">
        <ele>540.000</ele>
      </trkpt>
      <trkpt lat="46.725270000" lon="5.924000000">
        <ele>540.000</ele>
      </trkpt>
      <trkpt lat="46.725340000" lon="5.923990000">
        <ele>541.000</ele>
      </trkpt>
      <trkpt lat="46.725420000" lon="5.923990000">
        <ele>541.000</ele>
      </trkpt>
      <trkpt lat="46.725610000" lon="5.924010000">
        <ele>541.000</ele>
      </trkpt>
      <trkpt lat="46.725660000" lon="5.924040000">
        <ele>541.000</ele>
      </trkpt>
      <trkpt lat="46.725750000" lon="5.924070000">
        <ele>541.000</ele>
      </trkpt>
      <trkpt lat="46.725800000" lon="5.924110000">
        <ele>541.000</ele>
      </trkpt>
      <trkpt lat="46.725850000" lon="5.924150000">
        <ele>541.000</ele>
      </trkpt>
      <trkpt lat="46.725860000" lon="5.924210000">
        <ele>542.000</ele>
      </trkpt>
      <trkpt lat="46.725890000" lon="5.924270000">
        <ele>542.000</ele>
      </trkpt>
      <trkpt lat="46.725920000" lon="5.924310000">
        <ele>542.000</ele>
      </trkpt>
      <trkpt lat="46.725950000" lon="5.924340000">
        <ele>542.000</ele>
      </trkpt>
      <trkpt lat="46.725990000" lon="5.924370000">
        <ele>542.000</ele>
      </trkpt>
      <trkpt lat="46.726030000" lon="5.924390000">
        <ele>542.000</ele>
      </trkpt>
      <trkpt lat="46.726090000" lon="5.924440000">
        <ele>542.000</ele>
      </trkpt>
      <trkpt lat="46.726170000" lon="5.924510000">
        <ele>542.000</ele>
      </trkpt>
      <trkpt lat="46.726240000" lon="5.924580000">
        <ele>542.000</ele>
      </trkpt>
      <trkpt lat="46.726290000" lon="5.924610000">
        <ele>543.000</ele>
      </trkpt>
      <trkpt lat="46.726330000" lon="5.924630000">
        <ele>543.000</ele>
      </trkpt>
      <trkpt lat="46.726400000" lon="5.924680000">
        <ele>543.000</ele>
      </trkpt>
      <trkpt lat="46.726480000" lon="5.924730000">
        <ele>543.000</ele>
      </trkpt>
      <trkpt lat="46.726560000" lon="5.924770000">
        <ele>543.000</ele>
      </trkpt>
      <trkpt lat="46.726630000" lon="5.924780000">
        <ele>543.000</ele>
      </trkpt>
      <trkpt lat="46.726680000" lon="5.924790000">
        <ele>543.000</ele>
      </trkpt>
      <trkpt lat="46.726760000" lon="5.924790000">
        <ele>544.000</ele>
      </trkpt>
      <trkpt lat="46.726840000" lon="5.924780000">
        <ele>544.000</ele>
      </trkpt>
      <trkpt lat="46.726920000" lon="5.924760000">
        <ele>544.000</ele>
      </trkpt>
      <trkpt lat="46.727000000" lon="5.924720000">
        <ele>544.000</ele>
      </trkpt>
      <trkpt lat="46.727110000" lon="5.924640000">
        <ele>544.000</ele>
      </trkpt>
      <trkpt lat="46.727190000" lon="5.924570000">
        <ele>544.000</ele>
      </trkpt>
      <trkpt lat="46.727290000" lon="5.924440000">
        <ele>545.000</ele>
      </trkpt>
      <trkpt lat="46.727400000" lon="5.924250000">
        <ele>545.000</ele>
      </trkpt>
      <trkpt lat="46.727550000" lon="5.923970000">
        <ele>545.000</ele>
      </trkpt>
      <trkpt lat="46.727850000" lon="5.923390000">
        <ele>544.000</ele>
      </trkpt>
      <trkpt lat="46.728090000" lon="5.922920000">
        <ele>544.000</ele>
      </trkpt>
      <trkpt lat="46.728140000" lon="5.922840000">
        <ele>543.000</ele>
      </trkpt>
      <trkpt lat="46.728210000" lon="5.922750000">
        <ele>542.000</ele>
      </trkpt>
      <trkpt lat="46.728280000" lon="5.922700000">
        <ele>542.000</ele>
      </trkpt>
      <trkpt lat="46.728330000" lon="5.922650000">
        <ele>542.000</ele>
      </trkpt>
      <trkpt lat="46.728380000" lon="5.922620000">
        <ele>541.000</ele>
      </trkpt>
      <trkpt lat="46.728490000" lon="5.922580000">
        <ele>541.000</ele>
      </trkpt>
      <trkpt lat="46.728590000" lon="5.922540000">
        <ele>541.000</ele>
      </trkpt>
      <trkpt lat="46.728650000" lon="5.922560000">
        <ele>540.000</ele>
      </trkpt>
      <trkpt lat="46.728780000" lon="5.922550000">
        <ele>540.000</ele>
      </trkpt>
      <trkpt lat="46.728910000" lon="5.922530000">
        <ele>540.000</ele>
      </trkpt>
      <trkpt lat="46.728940000" lon="5.922530000">
        <ele>540.000</ele>
      </trkpt>
      <trkpt lat="46.728980000" lon="5.922530000">
        <ele>540.000</ele>
      </trkpt>
      <trkpt lat="46.729010000" lon="5.922540000">
        <ele>540.000</ele>
      </trkpt>
      <trkpt lat="46.729040000" lon="5.922560000">
        <ele>540.000</ele>
      </trkpt>
      <trkpt lat="46.729060000" lon="5.922570000">
        <ele>540.000</ele>
      </trkpt>
      <trkpt lat="46.729110000" lon="5.922630000">
        <ele>540.000</ele>
      </trkpt>
      <trkpt lat="46.729130000" lon="5.922660000">
        <ele>541.000</ele>
      </trkpt>
      <trkpt lat="46.729140000" lon="5.922690000">
        <ele>541.000</ele>
      </trkpt>
      <trkpt lat="46.729160000" lon="5.922720000">
        <ele>541.000</ele>
      </trkpt>
      <trkpt lat="46.729180000" lon="5.922740000">
        <ele>541.000</ele>
      </trkpt>
      <trkpt lat="46.729210000" lon="5.922770000">
        <ele>541.000</ele>
      </trkpt>
      <trkpt lat="46.729240000" lon="5.922780000">
        <ele>541.000</ele>
      </trkpt>
      <trkpt lat="46.729280000" lon="5.922790000">
        <ele>541.000</ele>
      </trkpt>
      <trkpt lat="46.729310000" lon="5.922790000">
        <ele>541.000</ele>
      </trkpt>
      <trkpt lat="46.729350000" lon="5.922790000">
        <ele>541.000</ele>
      </trkpt>
      <trkpt lat="46.729380000" lon="5.922770000">
        <ele>541.000</ele>
      </trkpt>
      <trkpt lat="46.729410000" lon="5.922750000">
        <ele>542.000</ele>
      </trkpt>
      <trkpt lat="46.729440000" lon="5.922720000">
        <ele>542.000</ele>
      </trkpt>
      <trkpt lat="46.729470000" lon="5.922670000">
        <ele>542.000</ele>
      </trkpt>
      <trkpt lat="46.729490000" lon="5.922630000">
        <ele>542.000</ele>
      </trkpt>
      <trkpt lat="46.729510000" lon="5.922570000">
        <ele>542.000</ele>
      </trkpt>
      <trkpt lat="46.729560000" lon="5.922520000">
        <ele>542.000</ele>
      </trkpt>
      <trkpt lat="46.729610000" lon="5.922470000">
        <ele>542.000</ele>
      </trkpt>
      <trkpt lat="46.729670000" lon="5.922440000">
        <ele>543.000</ele>
      </trkpt>
      <trkpt lat="46.729820000" lon="5.922400000">
        <ele>543.000</ele>
      </trkpt>
      <trkpt lat="46.729970000" lon="5.922360000">
        <ele>543.000</ele>
      </trkpt>
      <trkpt lat="46.730110000" lon="5.922290000">
        <ele>544.000</ele>
      </trkpt>
      <trkpt lat="46.730470000" lon="5.922200000">
        <ele>544.000</ele>
      </trkpt>
      <trkpt lat="46.731900000" lon="5.921630000">
        <ele>545.000</ele>
      </trkpt>
      <trkpt lat="46.732520000" lon="5.921400000">
        <ele>546.000</ele>
      </trkpt>
      <trkpt lat="46.732770000" lon="5.921310000">
        <ele>547.000</ele>
      </trkpt>
      <trkpt lat="46.733350000" lon="5.921080000">
        <ele>547.000</ele>
      </trkpt>
      <trkpt lat="46.733800000" lon="5.920910000">
        <ele>546.000</ele>
      </trkpt>
      <trkpt lat="46.734580000" lon="5.920610000">
        <ele>545.000</ele>
      </trkpt>
      <trkpt lat="46.734900000" lon="5.920490000">
        <ele>545.000</ele>
      </trkpt>
      <trkpt lat="46.735190000" lon="5.920380000">
        <ele>544.000</ele>
      </trkpt>
      <trkpt lat="46.735740000" lon="5.920170000">
        <ele>544.000</ele>
      </trkpt>
      <trkpt lat="46.736020000" lon="5.920050000">
        <ele>543.000</ele>
      </trkpt>
      <trkpt lat="46.736150000" lon="5.920010000">
        <ele>543.000</ele>
      </trkpt>
      <trkpt lat="46.736660000" lon="5.919810000">
        <ele>542.000</ele>
      </trkpt>
      <trkpt lat="46.736810000" lon="5.919730000">
        <ele>542.000</ele>
      </trkpt>
      <trkpt lat="46.736950000" lon="5.919630000">
        <ele>542.000</ele>
      </trkpt>
      <trkpt lat="46.737050000" lon="5.919550000">
        <ele>542.000</ele>
      </trkpt>
      <trkpt lat="46.737120000" lon="5.919470000">
        <ele>541.000</ele>
      </trkpt>
      <trkpt lat="46.737170000" lon="5.919400000">
        <ele>541.000</ele>
      </trkpt>
      <trkpt lat="46.737320000" lon="5.919210000">
        <ele>541.000</ele>
      </trkpt>
      <trkpt lat="46.737540000" lon="5.918920000">
        <ele>541.000</ele>
      </trkpt>
      <trkpt lat="46.737670000" lon="5.918740000">
        <ele>541.000</ele>
      </trkpt>
      <trkpt lat="46.737730000" lon="5.918670000">
        <ele>541.000</ele>
      </trkpt>
      <trkpt lat="46.737920000" lon="5.918400000">
        <ele>541.000</ele>
      </trkpt>
      <trkpt lat="46.737960000" lon="5.918340000">
        <ele>541.000</ele>
      </trkpt>
      <trkpt lat="46.738040000" lon="5.918240000">
        <ele>541.000</ele>
      </trkpt>
      <trkpt lat="46.738280000" lon="5.917920000">
        <ele>541.000</ele>
      </trkpt>
      <trkpt lat="46.738360000" lon="5.917800000">
        <ele>541.000</ele>
      </trkpt>
      <trkpt lat="46.738630000" lon="5.917420000">
        <ele>541.000</ele>
      </trkpt>
      <trkpt lat="46.738750000" lon="5.917260000">
        <ele>541.000</ele>
      </trkpt>
      <trkpt lat="46.738950000" lon="5.917000000">
        <ele>541.000</ele>
      </trkpt>
      <trkpt lat="46.739240000" lon="5.916600000">
        <ele>541.000</ele>
      </trkpt>
      <trkpt lat="46.739320000" lon="5.916480000">
        <ele>541.000</ele>
      </trkpt>
      <trkpt lat="46.739450000" lon="5.916310000">
        <ele>541.000</ele>
      </trkpt>
      <trkpt lat="46.739470000" lon="5.916290000">
        <ele>541.000</ele>
      </trkpt>
      <trkpt lat="46.739650000" lon="5.916040000">
        <ele>541.000</ele>
      </trkpt>
      <trkpt lat="46.739820000" lon="5.915810000">
        <ele>541.000</ele>
      </trkpt>
      <trkpt lat="46.739880000" lon="5.915720000">
        <ele>541.000</ele>
      </trkpt>
      <trkpt lat="46.740040000" lon="5.915520000">
        <ele>541.000</ele>
      </trkpt>
      <trkpt lat="46.740230000" lon="5.915250000">
        <ele>541.000</ele>
      </trkpt>
      <trkpt lat="46.740270000" lon="5.915200000">
        <ele>541.000</ele>
      </trkpt>
      <trkpt lat="46.740300000" lon="5.915160000">
        <ele>541.000</ele>
      </trkpt>
      <trkpt lat="46.740430000" lon="5.914970000">
        <ele>542.000</ele>
      </trkpt>
      <trkpt lat="46.740500000" lon="5.914880000">
        <ele>542.000</ele>
      </trkpt>
      <trkpt lat="46.740520000" lon="5.914850000">
        <ele>542.000</ele>
      </trkpt>
      <trkpt lat="46.740610000" lon="5.914730000">
        <ele>542.000</ele>
      </trkpt>
      <trkpt lat="46.741200000" lon="5.913940000">
        <ele>543.000</ele>
      </trkpt>
      <trkpt lat="46.741610000" lon="5.913390000">
        <ele>543.000</ele>
      </trkpt>
      <trkpt lat="46.741680000" lon="5.913300000">
        <ele>543.000</ele>
      </trkpt>
      <trkpt lat="46.741910000" lon="5.912990000">
        <ele>543.000</ele>
      </trkpt>
      <trkpt lat="46.742030000" lon="5.912820000">
        <ele>543.000</ele>
      </trkpt>
      <trkpt lat="46.742100000" lon="5.912730000">
        <ele>543.000</ele>
      </trkpt>
      <trkpt lat="46.742110000" lon="5.912770000">
        <ele>543.000</ele>
      </trkpt>
      <trkpt lat="46.742140000" lon="5.912800000">
        <ele>543.000</ele>
      </trkpt>
      <trkpt lat="46.742170000" lon="5.912820000">
        <ele>543.000</ele>
      </trkpt>
      <trkpt lat="46.742200000" lon="5.912820000">
        <ele>543.000</ele>
      </trkpt>
      <trkpt lat="46.742230000" lon="5.912810000">
        <ele>543.000</ele>
      </trkpt>
      <trkpt lat="46.742260000" lon="5.912790000">
        <ele>543.000</ele>
      </trkpt>
      <trkpt lat="46.742300000" lon="5.912880000">
        <ele>543.000</ele>
      </trkpt>
      <trkpt lat="46.742410000" lon="5.913090000">
        <ele>543.000</ele>
      </trkpt>
      <trkpt lat="46.742410000" lon="5.913090000">
        <ele>543.000</ele>
      </trkpt>
      <trkpt lat="46.742510000" lon="5.913300000">
        <ele>543.000</ele>
      </trkpt>
      <trkpt lat="46.742640000" lon="5.913540000">
        <ele>542.000</ele>
      </trkpt>
      <trkpt lat="46.742690000" lon="5.913630000">
        <ele>542.000</ele>
      </trkpt>
      <trkpt lat="46.742900000" lon="5.914030000">
        <ele>542.000</ele>
      </trkpt>
      <trkpt lat="46.742940000" lon="5.914110000">
        <ele>542.000</ele>
      </trkpt>
      <trkpt lat="46.742980000" lon="5.914150000">
        <ele>542.000</ele>
      </trkpt>
      <trkpt lat="46.743040000" lon="5.914190000">
        <ele>542.000</ele>
      </trkpt>
      <trkpt lat="46.743030000" lon="5.914220000">
        <ele>542.000</ele>
      </trkpt>
      <trkpt lat="46.743030000" lon="5.914250000">
        <ele>542.000</ele>
      </trkpt>
      <trkpt lat="46.743030000" lon="5.914280000">
        <ele>542.000</ele>
      </trkpt>
      <trkpt lat="46.743050000" lon="5.914310000">
        <ele>542.000</ele>
      </trkpt>
      <trkpt lat="46.743060000" lon="5.914330000">
        <ele>542.000</ele>
      </trkpt>
      <trkpt lat="46.743080000" lon="5.914340000">
        <ele>542.000</ele>
      </trkpt>
      <trkpt lat="46.743100000" lon="5.914350000">
        <ele>541.000</ele>
      </trkpt>
      <trkpt lat="46.743120000" lon="5.914340000">
        <ele>541.000</ele>
      </trkpt>
      <trkpt lat="46.743150000" lon="5.914480000">
        <ele>541.000</ele>
      </trkpt>
      <trkpt lat="46.743180000" lon="5.914550000">
        <ele>541.000</ele>
      </trkpt>
      <trkpt lat="46.743230000" lon="5.914640000">
        <ele>541.000</ele>
      </trkpt>
      <trkpt lat="46.743410000" lon="5.915000000">
        <ele>541.000</ele>
      </trkpt>
      <trkpt lat="46.743550000" lon="5.915270000">
        <ele>541.000</ele>
      </trkpt>
      <trkpt lat="46.743580000" lon="5.915330000">
        <ele>541.000</ele>
      </trkpt>
      <trkpt lat="46.743610000" lon="5.915410000">
        <ele>541.000</ele>
      </trkpt>
      <trkpt lat="46.743690000" lon="5.915550000">
        <ele>541.000</ele>
      </trkpt>
      <trkpt lat="46.743740000" lon="5.915650000">
        <ele>541.000</ele>
      </trkpt>
      <trkpt lat="46.743840000" lon="5.915860000">
        <ele>541.000</ele>
      </trkpt>
      <trkpt lat="46.743990000" lon="5.916150000">
        <ele>541.000</ele>
      </trkpt>
      <trkpt lat="46.744200000" lon="5.916560000">
        <ele>541.000</ele>
      </trkpt>
      <trkpt lat="46.744380000" lon="5.916910000">
        <ele>541.000</ele>
      </trkpt>
      <trkpt lat="46.744450000" lon="5.917030000">
        <ele>541.000</ele>
      </trkpt>
      <trkpt lat="46.744830000" lon="5.917790000">
        <ele>541.000</ele>
      </trkpt>
      <trkpt lat="46.744970000" lon="5.918050000">
        <ele>541.000</ele>
      </trkpt>
      <trkpt lat="46.745000000" lon="5.918120000">
        <ele>541.000</ele>
      </trkpt>
      <trkpt lat="46.745060000" lon="5.918230000">
        <ele>542.000</ele>
      </trkpt>
      <trkpt lat="46.745120000" lon="5.918370000">
        <ele>542.000</ele>
      </trkpt>
      <trkpt lat="46.745460000" lon="5.919040000">
        <ele>542.000</ele>
      </trkpt>
      <trkpt lat="46.745470000" lon="5.919070000">
        <ele>542.000</ele>
      </trkpt>
      <trkpt lat="46.745500000" lon="5.919120000">
        <ele>542.000</ele>
      </trkpt>
      <trkpt lat="46.745730000" lon="5.919560000">
        <ele>542.000</ele>
      </trkpt>
      <trkpt lat="46.746070000" lon="5.920240000">
        <ele>542.000</ele>
      </trkpt>
      <trkpt lat="46.746180000" lon="5.920450000">
        <ele>542.000</ele>
      </trkpt>
      <trkpt lat="46.746230000" lon="5.920540000">
        <ele>543.000</ele>
      </trkpt>
      <trkpt lat="46.746670000" lon="5.921410000">
        <ele>543.000</ele>
      </trkpt>
      <trkpt lat="46.746710000" lon="5.921480000">
        <ele>543.000</ele>
      </trkpt>
      <trkpt lat="46.746750000" lon="5.921550000">
        <ele>544.000</ele>
      </trkpt>
      <trkpt lat="46.746770000" lon="5.921620000">
        <ele>544.000</ele>
      </trkpt>
      <trkpt lat="46.746780000" lon="5.921660000">
        <ele>544.000</ele>
      </trkpt>
      <trkpt lat="46.746790000" lon="5.921700000">
        <ele>544.000</ele>
      </trkpt>
      <trkpt lat="46.746790000" lon="5.921750000">
        <ele>544.000</ele>
      </trkpt>
      <trkpt lat="46.746790000" lon="5.921830000">
        <ele>544.000</ele>
      </trkpt>
      <trkpt lat="46.746780000" lon="5.921850000">
        <ele>545.000</ele>
      </trkpt>
      <trkpt lat="46.746770000" lon="5.921870000">
        <ele>545.000</ele>
      </trkpt>
      <trkpt lat="46.746760000" lon="5.921900000">
        <ele>545.000</ele>
      </trkpt>
      <trkpt lat="46.746750000" lon="5.921940000">
        <ele>545.000</ele>
      </trkpt>
      <trkpt lat="46.746740000" lon="5.921980000">
        <ele>545.000</ele>
      </trkpt>
      <trkpt lat="46.746740000" lon="5.922020000">
        <ele>545.000</ele>
      </trkpt>
      <trkpt lat="46.746740000" lon="5.922060000">
        <ele>545.000</ele>
      </trkpt>
      <trkpt lat="46.746740000" lon="5.922090000">
        <ele>545.000</ele>
      </trkpt>
      <trkpt lat="46.746750000" lon="5.922120000">
        <ele>545.000</ele>
      </trkpt>
      <trkpt lat="46.746750000" lon="5.922140000">
        <ele>545.000</ele>
      </trkpt>
      <trkpt lat="46.746760000" lon="5.922160000">
        <ele>545.000</ele>
      </trkpt>
      <trkpt lat="46.746770000" lon="5.922200000">
        <ele>545.000</ele>
      </trkpt>
      <trkpt lat="46.746790000" lon="5.922240000">
        <ele>545.000</ele>
      </trkpt>
      <trkpt lat="46.746810000" lon="5.922270000">
        <ele>545.000</ele>
      </trkpt>
      <trkpt lat="46.746840000" lon="5.922300000">
        <ele>545.000</ele>
      </trkpt>
      <trkpt lat="46.746860000" lon="5.922320000">
        <ele>545.000</ele>
      </trkpt>
      <trkpt lat="46.746920000" lon="5.922350000">
        <ele>545.000</ele>
      </trkpt>
      <trkpt lat="46.746980000" lon="5.922350000">
        <ele>545.000</ele>
      </trkpt>
      <trkpt lat="46.747060000" lon="5.922390000">
        <ele>545.000</ele>
      </trkpt>
      <trkpt lat="46.747100000" lon="5.922440000">
        <ele>546.000</ele>
      </trkpt>
      <trkpt lat="46.747180000" lon="5.922530000">
        <ele>546.000</ele>
      </trkpt>
      <trkpt lat="46.747380000" lon="5.922790000">
        <ele>546.000</ele>
      </trkpt>
      <trkpt lat="46.747610000" lon="5.923260000">
        <ele>547.000</ele>
      </trkpt>
      <trkpt lat="46.747720000" lon="5.923500000">
        <ele>548.000</ele>
      </trkpt>
      <trkpt lat="46.747870000" lon="5.923780000">
        <ele>548.000</ele>
      </trkpt>
      <trkpt lat="46.748010000" lon="5.924070000">
        <ele>549.000</ele>
      </trkpt>
      <trkpt lat="46.748840000" lon="5.925700000">
        <ele>551.000</ele>
      </trkpt>
      <trkpt lat="46.749220000" lon="5.926430000">
        <ele>553.000</ele>
      </trkpt>
      <trkpt lat="46.749300000" lon="5.926590000">
        <ele>554.000</ele>
      </trkpt>
      <trkpt lat="46.749390000" lon="5.926750000">
        <ele>556.000</ele>
      </trkpt>
      <trkpt lat="46.750170000" lon="5.928260000">
        <ele>558.000</ele>
      </trkpt>
      <trkpt lat="46.750600000" lon="5.929060000">
        <ele>561.000</ele>
      </trkpt>
      <trkpt lat="46.750730000" lon="5.929320000">
        <ele>563.000</ele>
      </trkpt>
      <trkpt lat="46.750820000" lon="5.929520000">
        <ele>565.000</ele>
      </trkpt>
      <trkpt lat="46.751000000" lon="5.929870000">
        <ele>566.000</ele>
      </trkpt>
      <trkpt lat="46.751140000" lon="5.930110000">
        <ele>568.000</ele>
      </trkpt>
      <trkpt lat="46.751300000" lon="5.930390000">
        <ele>569.000</ele>
      </trkpt>
      <trkpt lat="46.751350000" lon="5.930470000">
        <ele>570.000</ele>
      </trkpt>
      <trkpt lat="46.751450000" lon="5.930620000">
        <ele>571.000</ele>
      </trkpt>
      <trkpt lat="46.751590000" lon="5.930840000">
        <ele>571.000</ele>
      </trkpt>
      <trkpt lat="46.751760000" lon="5.931080000">
        <ele>572.000</ele>
      </trkpt>
      <trkpt lat="46.751840000" lon="5.931240000">
        <ele>572.000</ele>
      </trkpt>
      <trkpt lat="46.751900000" lon="5.931340000">
        <ele>573.000</ele>
      </trkpt>
      <trkpt lat="46.751940000" lon="5.931420000">
        <ele>573.000</ele>
      </trkpt>
      <trkpt lat="46.751990000" lon="5.931540000">
        <ele>573.000</ele>
      </trkpt>
      <trkpt lat="46.752060000" lon="5.931680000">
        <ele>574.000</ele>
      </trkpt>
      <trkpt lat="46.752130000" lon="5.931890000">
        <ele>574.000</ele>
      </trkpt>
      <trkpt lat="46.752240000" lon="5.932200000">
        <ele>574.000</ele>
      </trkpt>
      <trkpt lat="46.752360000" lon="5.932520000">
        <ele>575.000</ele>
      </trkpt>
      <trkpt lat="46.752500000" lon="5.932950000">
        <ele>575.000</ele>
      </trkpt>
      <trkpt lat="46.752570000" lon="5.933120000">
        <ele>576.000</ele>
      </trkpt>
      <trkpt lat="46.752650000" lon="5.933270000">
        <ele>576.000</ele>
      </trkpt>
      <trkpt lat="46.752720000" lon="5.933360000">
        <ele>577.000</ele>
      </trkpt>
      <trkpt lat="46.752780000" lon="5.933420000">
        <ele>577.000</ele>
      </trkpt>
      <trkpt lat="46.752890000" lon="5.933530000">
        <ele>578.000</ele>
      </trkpt>
      <trkpt lat="46.752990000" lon="5.933580000">
        <ele>578.000</ele>
      </trkpt>
      <trkpt lat="46.753080000" lon="5.933610000">
        <ele>578.000</ele>
      </trkpt>
      <trkpt lat="46.753210000" lon="5.933620000">
        <ele>579.000</ele>
      </trkpt>
      <trkpt lat="46.753350000" lon="5.933590000">
        <ele>579.000</ele>
      </trkpt>
      <trkpt lat="46.753740000" lon="5.933470000">
        <ele>580.000</ele>
      </trkpt>
      <trkpt lat="46.753820000" lon="5.933460000">
        <ele>580.000</ele>
      </trkpt>
      <trkpt lat="46.753910000" lon="5.933460000">
        <ele>581.000</ele>
      </trkpt>
      <trkpt lat="46.754010000" lon="5.933470000">
        <ele>582.000</ele>
      </trkpt>
      <trkpt lat="46.754130000" lon="5.933490000">
        <ele>582.000</ele>
      </trkpt>
      <trkpt lat="46.754320000" lon="5.933530000">
        <ele>583.000</ele>
      </trkpt>
      <trkpt lat="46.754400000" lon="5.933540000">
        <ele>584.000</ele>
      </trkpt>
      <trkpt lat="46.754480000" lon="5.933540000">
        <ele>585.000</ele>
      </trkpt>
      <trkpt lat="46.754620000" lon="5.933520000">
        <ele>585.000</ele>
      </trkpt>
      <trkpt lat="46.754780000" lon="5.933510000">
        <ele>586.000</ele>
      </trkpt>
      <trkpt lat="46.754890000" lon="5.933520000">
        <ele>587.000</ele>
      </trkpt>
      <trkpt lat="46.754990000" lon="5.933550000">
        <ele>588.000</ele>
      </trkpt>
      <trkpt lat="46.755160000" lon="5.933630000">
        <ele>589.000</ele>
      </trkpt>
      <trkpt lat="46.755380000" lon="5.933780000">
        <ele>590.000</ele>
      </trkpt>
      <trkpt lat="46.755590000" lon="5.933910000">
        <ele>591.000</ele>
      </trkpt>
      <trkpt lat="46.756430000" lon="5.934390000">
        <ele>593.000</ele>
      </trkpt>
      <trkpt lat="46.756530000" lon="5.934460000">
        <ele>595.000</ele>
      </trkpt>
      <trkpt lat="46.756630000" lon="5.934550000">
        <ele>596.000</ele>
      </trkpt>
      <trkpt lat="46.756710000" lon="5.934650000">
        <ele>597.000</ele>
      </trkpt>
      <trkpt lat="46.756780000" lon="5.934750000">
        <ele>598.000</ele>
      </trkpt>
      <trkpt lat="46.756830000" lon="5.934850000">
        <ele>599.000</ele>
      </trkpt>
      <trkpt lat="46.756900000" lon="5.935020000">
        <ele>600.000</ele>
      </trkpt>
      <trkpt lat="46.756960000" lon="5.935190000">
        <ele>600.000</ele>
      </trkpt>
      <trkpt lat="46.757010000" lon="5.935360000">
        <ele>601.000</ele>
      </trkpt>
      <trkpt lat="46.757050000" lon="5.935530000">
        <ele>602.000</ele>
      </trkpt>
      <trkpt lat="46.757150000" lon="5.936030000">
        <ele>602.000</ele>
      </trkpt>
      <trkpt lat="46.757200000" lon="5.936210000">
        <ele>603.000</ele>
      </trkpt>
      <trkpt lat="46.757270000" lon="5.936370000">
        <ele>603.000</ele>
      </trkpt>
      <trkpt lat="46.757330000" lon="5.936490000">
        <ele>604.000</ele>
      </trkpt>
      <trkpt lat="46.757400000" lon="5.936600000">
        <ele>604.000</ele>
      </trkpt>
      <trkpt lat="46.757530000" lon="5.936750000">
        <ele>605.000</ele>
      </trkpt>
      <trkpt lat="46.757700000" lon="5.936900000">
        <ele>605.000</ele>
      </trkpt>
      <trkpt lat="46.757780000" lon="5.936990000">
        <ele>606.000</ele>
      </trkpt>
      <trkpt lat="46.757860000" lon="5.937090000">
        <ele>606.000</ele>
      </trkpt>
      <trkpt lat="46.757930000" lon="5.937190000">
        <ele>606.000</ele>
      </trkpt>
      <trkpt lat="46.757980000" lon="5.937290000">
        <ele>607.000</ele>
      </trkpt>
      <trkpt lat="46.758020000" lon="5.937390000">
        <ele>607.000</ele>
      </trkpt>
      <trkpt lat="46.758050000" lon="5.937490000">
        <ele>607.000</ele>
      </trkpt>
      <trkpt lat="46.758090000" lon="5.937620000">
        <ele>607.000</ele>
      </trkpt>
      <trkpt lat="46.758120000" lon="5.937760000">
        <ele>608.000</ele>
      </trkpt>
      <trkpt lat="46.758210000" lon="5.938310000">
        <ele>608.000</ele>
      </trkpt>
      <trkpt lat="46.758320000" lon="5.939040000">
        <ele>609.000</ele>
      </trkpt>
      <trkpt lat="46.758540000" lon="5.940420000">
        <ele>611.000</ele>
      </trkpt>
      <trkpt lat="46.758600000" lon="5.940410000">
        <ele>612.000</ele>
      </trkpt>
      <trkpt lat="46.758660000" lon="5.940400000">
        <ele>613.000</ele>
      </trkpt>
      <trkpt lat="46.758710000" lon="5.940380000">
        <ele>614.000</ele>
      </trkpt>
      <trkpt lat="46.758740000" lon="5.940350000">
        <ele>614.000</ele>
      </trkpt>
      <trkpt lat="46.758780000" lon="5.940300000">
        <ele>614.000</ele>
      </trkpt>
      <trkpt lat="46.758790000" lon="5.940250000">
        <ele>614.000</ele>
      </trkpt>
      <trkpt lat="46.758800000" lon="5.940130000">
        <ele>615.000</ele>
      </trkpt>
      <trkpt lat="46.758810000" lon="5.939970000">
        <ele>615.000</ele>
      </trkpt>
      <trkpt lat="46.758840000" lon="5.939890000">
        <ele>615.000</ele>
      </trkpt>
      <trkpt lat="46.758870000" lon="5.939830000">
        <ele>615.000</ele>
      </trkpt>
      <trkpt lat="46.758910000" lon="5.939780000">
        <ele>615.000</ele>
      </trkpt>
      <trkpt lat="46.758960000" lon="5.939750000">
        <ele>615.000</ele>
      </trkpt>
      <trkpt lat="46.759020000" lon="5.939730000">
        <ele>615.000</ele>
      </trkpt>
      <trkpt lat="46.759110000" lon="5.939720000">
        <ele>615.000</ele>
      </trkpt>
      <trkpt lat="46.759190000" lon="5.939690000">
        <ele>615.000</ele>
      </trkpt>
      <trkpt lat="46.759240000" lon="5.939670000">
        <ele>615.000</ele>
      </trkpt>
      <trkpt lat="46.759270000" lon="5.939660000">
        <ele>615.000</ele>
      </trkpt>
      <trkpt lat="46.759340000" lon="5.939680000">
        <ele>615.000</ele>
      </trkpt>
      <trkpt lat="46.759410000" lon="5.939710000">
        <ele>615.000</ele>
      </trkpt>
      <trkpt lat="46.759910000" lon="5.939970000">
        <ele>616.000</ele>
      </trkpt>
      <trkpt lat="46.760290000" lon="5.940250000">
        <ele>616.000</ele>
      </trkpt>
      <trkpt lat="46.760430000" lon="5.940330000">
        <ele>616.000</ele>
      </trkpt>
      <trkpt lat="46.760560000" lon="5.940330000">
        <ele>616.000</ele>
      </trkpt>
      <trkpt lat="46.760680000" lon="5.940300000">
        <ele>616.000</ele>
      </trkpt>
      <trkpt lat="46.760810000" lon="5.940190000">
        <ele>616.000</ele>
      </trkpt>
      <trkpt lat="46.760960000" lon="5.940010000">
        <ele>616.000</ele>
      </trkpt>
      <trkpt lat="46.761070000" lon="5.939940000">
        <ele>616.000</ele>
      </trkpt>
      <trkpt lat="46.761120000" lon="5.939920000">
        <ele>616.000</ele>
      </trkpt>
      <trkpt lat="46.761470000" lon="5.939750000">
        <ele>616.000</ele>
      </trkpt>
      <trkpt lat="46.761600000" lon="5.939680000">
        <ele>616.000</ele>
      </trkpt>
      <trkpt lat="46.761740000" lon="5.939630000">
        <ele>616.000</ele>
      </trkpt>
      <trkpt lat="46.761850000" lon="5.939620000">
        <ele>616.000</ele>
      </trkpt>
      <trkpt lat="46.762080000" lon="5.939630000">
        <ele>616.000</ele>
      </trkpt>
      <trkpt lat="46.762230000" lon="5.939620000">
        <ele>615.000</ele>
      </trkpt>
      <trkpt lat="46.762360000" lon="5.939590000">
        <ele>615.000</ele>
      </trkpt>
      <trkpt lat="46.762460000" lon="5.939520000">
        <ele>615.000</ele>
      </trkpt>
      <trkpt lat="46.762610000" lon="5.939390000">
        <ele>615.000</ele>
      </trkpt>
      <trkpt lat="46.762730000" lon="5.939220000">
        <ele>614.000</ele>
      </trkpt>
      <trkpt lat="46.763500000" lon="5.937880000">
        <ele>613.000</ele>
      </trkpt>
      <trkpt lat="46.763530000" lon="5.937830000">
        <ele>612.000</ele>
      </trkpt>
      <trkpt lat="46.763560000" lon="5.937780000">
        <ele>611.000</ele>
      </trkpt>
      <trkpt lat="46.763790000" lon="5.937370000">
        <ele>611.000</ele>
      </trkpt>
      <trkpt lat="46.764020000" lon="5.936970000">
        <ele>612.000</ele>
      </trkpt>
      <trkpt lat="46.764140000" lon="5.936830000">
        <ele>612.000</ele>
      </trkpt>
      <trkpt lat="46.764180000" lon="5.936790000">
        <ele>613.000</ele>
      </trkpt>
      <trkpt lat="46.764320000" lon="5.936700000">
        <ele>613.000</ele>
      </trkpt>
      <trkpt lat="46.764450000" lon="5.936640000">
        <ele>614.000</ele>
      </trkpt>
      <trkpt lat="46.764650000" lon="5.936570000">
        <ele>615.000</ele>
      </trkpt>
      <trkpt lat="46.765050000" lon="5.936460000">
        <ele>616.000</ele>
      </trkpt>
      <trkpt lat="46.765310000" lon="5.936380000">
        <ele>616.000</ele>
      </trkpt>
      <trkpt lat="46.765430000" lon="5.936340000">
        <ele>616.000</ele>
      </trkpt>
      <trkpt lat="46.765490000" lon="5.936330000">
        <ele>616.000</ele>
      </trkpt>
      <trkpt lat="46.765580000" lon="5.936330000">
        <ele>616.000</ele>
      </trkpt>
      <trkpt lat="46.765600000" lon="5.936280000">
        <ele>616.000</ele>
      </trkpt>
      <trkpt lat="46.765610000" lon="5.936260000">
        <ele>615.000</ele>
      </trkpt>
      <trkpt lat="46.765630000" lon="5.936250000">
        <ele>615.000</ele>
      </trkpt>
      <trkpt lat="46.765700000" lon="5.936170000">
        <ele>615.000</ele>
      </trkpt>
      <trkpt lat="46.766560000" lon="5.935490000">
        <ele>614.000</ele>
      </trkpt>
      <trkpt lat="46.767640000" lon="5.934540000">
        <ele>611.000</ele>
      </trkpt>
      <trkpt lat="46.767640000" lon="5.934540000">
        <ele>610.000</ele>
      </trkpt>
      <trkpt lat="46.767800000" lon="5.934390000">
        <ele>609.000</ele>
      </trkpt>
      <trkpt lat="46.767950000" lon="5.934150000">
        <ele>608.000</ele>
      </trkpt>
      <trkpt lat="46.768160000" lon="5.933770000">
        <ele>608.000</ele>
      </trkpt>
      <trkpt lat="46.768620000" lon="5.933080000">
        <ele>609.000</ele>
      </trkpt>
      <trkpt lat="46.769170000" lon="5.932440000">
        <ele>609.000</ele>
      </trkpt>
      <trkpt lat="46.769390000" lon="5.932080000">
        <ele>609.000</ele>
      </trkpt>
      <trkpt lat="46.769620000" lon="5.931630000">
        <ele>609.000</ele>
      </trkpt>
      <trkpt lat="46.769880000" lon="5.930810000">
        <ele>609.000</ele>
      </trkpt>
      <trkpt lat="46.770130000" lon="5.930040000">
        <ele>608.000</ele>
      </trkpt>
      <trkpt lat="46.770330000" lon="5.929210000">
        <ele>607.000</ele>
      </trkpt>
      <trkpt lat="46.770520000" lon="5.928290000">
        <ele>606.000</ele>
      </trkpt>
      <trkpt lat="46.770680000" lon="5.927580000">
        <ele>605.000</ele>
      </trkpt>
      <trkpt lat="46.770860000" lon="5.926970000">
        <ele>604.000</ele>
      </trkpt>
      <trkpt lat="46.770940000" lon="5.926530000">
        <ele>604.000</ele>
      </trkpt>
      <trkpt lat="46.771090000" lon="5.925340000">
        <ele>603.000</ele>
      </trkpt>
      <trkpt lat="46.771110000" lon="5.925180000">
        <ele>602.000</ele>
      </trkpt>
      <trkpt lat="46.771120000" lon="5.925000000">
        <ele>601.000</ele>
      </trkpt>
      <trkpt lat="46.771110000" lon="5.924830000">
        <ele>601.000</ele>
      </trkpt>
      <trkpt lat="46.771080000" lon="5.924670000">
        <ele>601.000</ele>
      </trkpt>
      <trkpt lat="46.771050000" lon="5.924520000">
        <ele>600.000</ele>
      </trkpt>
      <trkpt lat="46.771000000" lon="5.924340000">
        <ele>600.000</ele>
      </trkpt>
      <trkpt lat="46.770310000" lon="5.922250000">
        <ele>600.000</ele>
      </trkpt>
      <trkpt lat="46.770260000" lon="5.922080000">
        <ele>600.000</ele>
      </trkpt>
      <trkpt lat="46.770230000" lon="5.921970000">
        <ele>600.000</ele>
      </trkpt>
      <trkpt lat="46.770220000" lon="5.921850000">
        <ele>600.000</ele>
      </trkpt>
      <trkpt lat="46.770210000" lon="5.921760000">
        <ele>600.000</ele>
      </trkpt>
      <trkpt lat="46.770210000" lon="5.921650000">
        <ele>599.000</ele>
      </trkpt>
      <trkpt lat="46.770230000" lon="5.921500000">
        <ele>599.000</ele>
      </trkpt>
      <trkpt lat="46.770270000" lon="5.921340000">
        <ele>599.000</ele>
      </trkpt>
      <trkpt lat="46.770370000" lon="5.921130000">
        <ele>599.000</ele>
      </trkpt>
      <trkpt lat="46.770430000" lon="5.921000000">
        <ele>599.000</ele>
      </trkpt>
      <trkpt lat="46.770970000" lon="5.920030000">
        <ele>598.000</ele>
      </trkpt>
      <trkpt lat="46.771000000" lon="5.919980000">
        <ele>598.000</ele>
      </trkpt>
      <trkpt lat="46.771470000" lon="5.919350000">
        <ele>597.000</ele>
      </trkpt>
      <trkpt lat="46.771510000" lon="5.919290000">
        <ele>596.000</ele>
      </trkpt>
      <trkpt lat="46.771530000" lon="5.919250000">
        <ele>596.000</ele>
      </trkpt>
      <trkpt lat="46.771550000" lon="5.919270000">
        <ele>596.000</ele>
      </trkpt>
      <trkpt lat="46.771560000" lon="5.919280000">
        <ele>596.000</ele>
      </trkpt>
      <trkpt lat="46.771580000" lon="5.919280000">
        <ele>596.000</ele>
      </trkpt>
      <trkpt lat="46.771600000" lon="5.919270000">
        <ele>595.000</ele>
      </trkpt>
      <trkpt lat="46.771610000" lon="5.919260000">
        <ele>595.000</ele>
      </trkpt>
      <trkpt lat="46.771630000" lon="5.919250000">
        <ele>595.000</ele>
      </trkpt>
      <trkpt lat="46.771640000" lon="5.919220000">
        <ele>595.000</ele>
      </trkpt>
      <trkpt lat="46.771640000" lon="5.919200000">
        <ele>595.000</ele>
      </trkpt>
      <trkpt lat="46.771640000" lon="5.919170000">
        <ele>595.000</ele>
      </trkpt>
      <trkpt lat="46.771640000" lon="5.919150000">
        <ele>595.000</ele>
      </trkpt>
      <trkpt lat="46.771630000" lon="5.919130000">
        <ele>595.000</ele>
      </trkpt>
      <trkpt lat="46.771620000" lon="5.919110000">
        <ele>595.000</ele>
      </trkpt>
      <trkpt lat="46.771600000" lon="5.919100000">
        <ele>595.000</ele>
      </trkpt>
      <trkpt lat="46.771590000" lon="5.919090000">
        <ele>595.000</ele>
      </trkpt>
      <trkpt lat="46.771570000" lon="5.919090000">
        <ele>595.000</ele>
      </trkpt>
      <trkpt lat="46.771560000" lon="5.919090000">
        <ele>595.000</ele>
      </trkpt>
      <trkpt lat="46.771560000" lon="5.919050000">
        <ele>595.000</ele>
      </trkpt>
      <trkpt lat="46.771550000" lon="5.918850000">
        <ele>595.000</ele>
      </trkpt>
      <trkpt lat="46.771540000" lon="5.918770000">
        <ele>595.000</ele>
      </trkpt>
      <trkpt lat="46.771520000" lon="5.918710000">
        <ele>595.000</ele>
      </trkpt>
      <trkpt lat="46.771470000" lon="5.918470000">
        <ele>595.000</ele>
      </trkpt>
      <trkpt lat="46.771460000" lon="5.918400000">
        <ele>595.000</ele>
      </trkpt>
      <trkpt lat="46.771460000" lon="5.918330000">
        <ele>595.000</ele>
      </trkpt>
      <trkpt lat="46.771470000" lon="5.918270000">
        <ele>595.000</ele>
      </trkpt>
      <trkpt lat="46.771480000" lon="5.918220000">
        <ele>595.000</ele>
      </trkpt>
      <trkpt lat="46.771500000" lon="5.918190000">
        <ele>595.000</ele>
      </trkpt>
      <trkpt lat="46.771600000" lon="5.918000000">
        <ele>594.000</ele>
      </trkpt>
      <trkpt lat="46.771670000" lon="5.917870000">
        <ele>594.000</ele>
      </trkpt>
      <trkpt lat="46.771730000" lon="5.917760000">
        <ele>594.000</ele>
      </trkpt>
      <trkpt lat="46.771800000" lon="5.917600000">
        <ele>594.000</ele>
      </trkpt>
      <trkpt lat="46.771860000" lon="5.917420000">
        <ele>594.000</ele>
      </trkpt>
      <trkpt lat="46.772030000" lon="5.916980000">
        <ele>594.000</ele>
      </trkpt>
      <trkpt lat="46.772100000" lon="5.916670000">
        <ele>594.000</ele>
      </trkpt>
      <trkpt lat="46.772130000" lon="5.916490000">
        <ele>594.000</ele>
      </trkpt>
      <trkpt lat="46.772140000" lon="5.916340000">
        <ele>594.000</ele>
      </trkpt>
      <trkpt lat="46.772150000" lon="5.916110000">
        <ele>594.000</ele>
      </trkpt>
      <trkpt lat="46.772150000" lon="5.915820000">
        <ele>594.000</ele>
      </trkpt>
      <trkpt lat="46.772160000" lon="5.915670000">
        <ele>594.000</ele>
      </trkpt>
      <trkpt lat="46.772190000" lon="5.915590000">
        <ele>594.000</ele>
      </trkpt>
      <trkpt lat="46.772200000" lon="5.915540000">
        <ele>594.000</ele>
      </trkpt>
      <trkpt lat="46.772220000" lon="5.915510000">
        <ele>594.000</ele>
      </trkpt>
      <trkpt lat="46.772030000" lon="5.915240000">
        <ele>595.000</ele>
      </trkpt>
      <trkpt lat="46.771830000" lon="5.914920000">
        <ele>595.000</ele>
      </trkpt>
      <trkpt lat="46.771760000" lon="5.914740000">
        <ele>595.000</ele>
      </trkpt>
      <trkpt lat="46.771690000" lon="5.914560000">
        <ele>595.000</ele>
      </trkpt>
      <trkpt lat="46.771650000" lon="5.914360000">
        <ele>595.000</ele>
      </trkpt>
      <trkpt lat="46.771640000" lon="5.914260000">
        <ele>596.000</ele>
      </trkpt>
      <trkpt lat="46.771650000" lon="5.914140000">
        <ele>596.000</ele>
      </trkpt>
      <trkpt lat="46.771680000" lon="5.913470000">
        <ele>596.000</ele>
      </trkpt>
      <trkpt lat="46.771680000" lon="5.913160000">
        <ele>596.000</ele>
      </trkpt>
      <trkpt lat="46.771700000" lon="5.912960000">
        <ele>597.000</ele>
      </trkpt>
      <trkpt lat="46.771740000" lon="5.912710000">
        <ele>597.000</ele>
      </trkpt>
      <trkpt lat="46.771790000" lon="5.912430000">
        <ele>597.000</ele>
      </trkpt>
      <trkpt lat="46.771870000" lon="5.912070000">
        <ele>597.000</ele>
      </trkpt>
      <trkpt lat="46.771970000" lon="5.911720000">
        <ele>598.000</ele>
      </trkpt>
      <trkpt lat="46.772020000" lon="5.911560000">
        <ele>598.000</ele>
      </trkpt>
      <trkpt lat="46.772060000" lon="5.911460000">
        <ele>598.000</ele>
      </trkpt>
      <trkpt lat="46.772110000" lon="5.911380000">
        <ele>598.000</ele>
      </trkpt>
      <trkpt lat="46.772170000" lon="5.911320000">
        <ele>598.000</ele>
      </trkpt>
      <trkpt lat="46.772310000" lon="5.911240000">
        <ele>597.000</ele>
      </trkpt>
      <trkpt lat="46.772490000" lon="5.911210000">
        <ele>597.000</ele>
      </trkpt>
      <trkpt lat="46.772640000" lon="5.911220000">
        <ele>597.000</ele>
      </trkpt>
      <trkpt lat="46.772780000" lon="5.911210000">
        <ele>596.000</ele>
      </trkpt>
      <trkpt lat="46.772900000" lon="5.911160000">
        <ele>596.000</ele>
      </trkpt>
      <trkpt lat="46.773000000" lon="5.911100000">
        <ele>595.000</ele>
      </trkpt>
      <trkpt lat="46.773150000" lon="5.910960000">
        <ele>595.000</ele>
      </trkpt>
      <trkpt lat="46.773300000" lon="5.910800000">
        <ele>595.000</ele>
      </trkpt>
      <trkpt lat="46.773420000" lon="5.910650000">
        <ele>594.000</ele>
      </trkpt>
      <trkpt lat="46.773540000" lon="5.910480000">
        <ele>594.000</ele>
      </trkpt>
      <trkpt lat="46.773700000" lon="5.910170000">
        <ele>593.000</ele>
      </trkpt>
      <trkpt lat="46.773860000" lon="5.909780000">
        <ele>592.000</ele>
      </trkpt>
      <trkpt lat="46.773960000" lon="5.909360000">
        <ele>592.000</ele>
      </trkpt>
      <trkpt lat="46.774040000" lon="5.908940000">
        <ele>591.000</ele>
      </trkpt>
      <trkpt lat="46.774170000" lon="5.907790000">
        <ele>590.000</ele>
      </trkpt>
      <trkpt lat="46.774260000" lon="5.907430000">
        <ele>589.000</ele>
      </trkpt>
      <trkpt lat="46.774410000" lon="5.907100000">
        <ele>588.000</ele>
      </trkpt>
      <trkpt lat="46.774570000" lon="5.906870000">
        <ele>588.000</ele>
      </trkpt>
      <trkpt lat="46.774840000" lon="5.906480000">
        <ele>588.000</ele>
      </trkpt>
      <trkpt lat="46.774960000" lon="5.906290000">
        <ele>587.000</ele>
      </trkpt>
      <trkpt lat="46.775010000" lon="5.906150000">
        <ele>587.000</ele>
      </trkpt>
      <trkpt lat="46.775050000" lon="5.906010000">
        <ele>587.000</ele>
      </trkpt>
      <trkpt lat="46.775060000" lon="5.905820000">
        <ele>587.000</ele>
      </trkpt>
      <trkpt lat="46.775060000" lon="5.905720000">
        <ele>587.000</ele>
      </trkpt>
      <trkpt lat="46.775060000" lon="5.905720000">
        <ele>587.000</ele>
      </trkpt>
      <trkpt lat="46.775060000" lon="5.905550000">
        <ele>587.000</ele>
      </trkpt>
      <trkpt lat="46.775110000" lon="5.905280000">
        <ele>586.000</ele>
      </trkpt>
      <trkpt lat="46.775180000" lon="5.905080000">
        <ele>586.000</ele>
      </trkpt>
      <trkpt lat="46.775190000" lon="5.905020000">
        <ele>585.000</ele>
      </trkpt>
      <trkpt lat="46.775410000" lon="5.904900000">
        <ele>585.000</ele>
      </trkpt>
      <trkpt lat="46.775740000" lon="5.904670000">
        <ele>584.000</ele>
      </trkpt>
      <trkpt lat="46.775980000" lon="5.904480000">
        <ele>583.000</ele>
      </trkpt>
      <trkpt lat="46.776670000" lon="5.903740000">
        <ele>581.000</ele>
      </trkpt>
      <trkpt lat="46.778600000" lon="5.901440000">
        <ele>581.000</ele>
      </trkpt>
      <trkpt lat="46.778780000" lon="5.901220000">
        <ele>581.000</ele>
      </trkpt>
      <trkpt lat="46.778900000" lon="5.901110000">
        <ele>581.000</ele>
      </trkpt>
      <trkpt lat="46.779070000" lon="5.900880000">
        <ele>580.000</ele>
      </trkpt>
      <trkpt lat="46.779100000" lon="5.900830000">
        <ele>580.000</ele>
      </trkpt>
      <trkpt lat="46.779280000" lon="5.900560000">
        <ele>580.000</ele>
      </trkpt>
      <trkpt lat="46.779380000" lon="5.900410000">
        <ele>579.000</ele>
      </trkpt>
      <trkpt lat="46.779460000" lon="5.900240000">
        <ele>579.000</ele>
      </trkpt>
      <trkpt lat="46.779540000" lon="5.900070000">
        <ele>578.000</ele>
      </trkpt>
      <trkpt lat="46.779610000" lon="5.899890000">
        <ele>578.000</ele>
      </trkpt>
      <trkpt lat="46.779640000" lon="5.899820000">
        <ele>577.000</ele>
      </trkpt>
      <trkpt lat="46.779860000" lon="5.900020000">
        <ele>577.000</ele>
      </trkpt>
      <trkpt lat="46.779930000" lon="5.900130000">
        <ele>576.000</ele>
      </trkpt>
      <trkpt lat="46.780150000" lon="5.901170000">
        <ele>577.000</ele>
      </trkpt>
      <trkpt lat="46.780150000" lon="5.901170000">
        <ele>577.000</ele>
      </trkpt>
      <trkpt lat="46.781020000" lon="5.905350000">
        <ele>580.000</ele>
      </trkpt>
      <trkpt lat="46.781120000" lon="5.905830000">
        <ele>582.000</ele>
      </trkpt>
      <trkpt lat="46.781140000" lon="5.905940000">
        <ele>584.000</ele>
      </trkpt>
      <trkpt lat="46.781920000" lon="5.909640000">
        <ele>588.000</ele>
      </trkpt>
      <trkpt lat="46.782110000" lon="5.910620000">
        <ele>592.000</ele>
      </trkpt>
      <trkpt lat="46.782210000" lon="5.911320000">
        <ele>594.000</ele>
      </trkpt>
      <trkpt lat="46.782260000" lon="5.911910000">
        <ele>596.000</ele>
      </trkpt>
      <trkpt lat="46.782270000" lon="5.912460000">
        <ele>597.000</ele>
      </trkpt>
      <trkpt lat="46.782300000" lon="5.913200000">
        <ele>598.000</ele>
      </trkpt>
      <trkpt lat="46.782260000" lon="5.913660000">
        <ele>598.000</ele>
      </trkpt>
      <trkpt lat="46.782160000" lon="5.914290000">
        <ele>599.000</ele>
      </trkpt>
      <trkpt lat="46.781580000" lon="5.917560000">
        <ele>599.000</ele>
      </trkpt>
      <trkpt lat="46.781460000" lon="5.918190000">
        <ele>600.000</ele>
      </trkpt>
      <trkpt lat="46.781360000" lon="5.918720000">
        <ele>600.000</ele>
      </trkpt>
      <trkpt lat="46.781250000" lon="5.919390000">
        <ele>600.000</ele>
      </trkpt>
      <trkpt lat="46.780970000" lon="5.921010000">
        <ele>601.000</ele>
      </trkpt>
      <trkpt lat="46.780880000" lon="5.921530000">
        <ele>601.000</ele>
      </trkpt>
      <trkpt lat="46.780670000" lon="5.922740000">
        <ele>602.000</ele>
      </trkpt>
      <trkpt lat="46.780600000" lon="5.923150000">
        <ele>603.000</ele>
      </trkpt>
      <trkpt lat="46.780480000" lon="5.923900000">
        <ele>603.000</ele>
      </trkpt>
      <trkpt lat="46.780480000" lon="5.923940000">
        <ele>604.000</ele>
      </trkpt>
      <trkpt lat="46.780390000" lon="5.924620000">
        <ele>604.000</ele>
      </trkpt>
      <trkpt lat="46.780370000" lon="5.924760000">
        <ele>604.000</ele>
      </trkpt>
      <trkpt lat="46.780340000" lon="5.925170000">
        <ele>605.000</ele>
      </trkpt>
      <trkpt lat="46.780300000" lon="5.925600000">
        <ele>605.000</ele>
      </trkpt>
      <trkpt lat="46.780270000" lon="5.925860000">
        <ele>605.000</ele>
      </trkpt>
      <trkpt lat="46.780230000" lon="5.926100000">
        <ele>606.000</ele>
      </trkpt>
      <trkpt lat="46.780160000" lon="5.926490000">
        <ele>606.000</ele>
      </trkpt>
      <trkpt lat="46.779970000" lon="5.927370000">
        <ele>606.000</ele>
      </trkpt>
      <trkpt lat="46.779940000" lon="5.927570000">
        <ele>606.000</ele>
      </trkpt>
      <trkpt lat="46.779900000" lon="5.927770000">
        <ele>607.000</ele>
      </trkpt>
      <trkpt lat="46.779870000" lon="5.928030000">
        <ele>607.000</ele>
      </trkpt>
      <trkpt lat="46.779860000" lon="5.928170000">
        <ele>607.000</ele>
      </trkpt>
      <trkpt lat="46.779850000" lon="5.928320000">
        <ele>607.000</ele>
      </trkpt>
      <trkpt lat="46.779850000" lon="5.928620000">
        <ele>607.000</ele>
      </trkpt>
      <trkpt lat="46.779850000" lon="5.929370000">
        <ele>607.000</ele>
      </trkpt>
      <trkpt lat="46.779850000" lon="5.929530000">
        <ele>607.000</ele>
      </trkpt>
      <trkpt lat="46.779840000" lon="5.929680000">
        <ele>608.000</ele>
      </trkpt>
      <trkpt lat="46.779820000" lon="5.929860000">
        <ele>608.000</ele>
      </trkpt>
      <trkpt lat="46.779790000" lon="5.930020000">
        <ele>609.000</ele>
      </trkpt>
      <trkpt lat="46.779750000" lon="5.930190000">
        <ele>609.000</ele>
      </trkpt>
      <trkpt lat="46.779670000" lon="5.930520000">
        <ele>610.000</ele>
      </trkpt>
      <trkpt lat="46.779330000" lon="5.931770000">
        <ele>612.000</ele>
      </trkpt>
      <trkpt lat="46.779190000" lon="5.932330000">
        <ele>614.000</ele>
      </trkpt>
      <trkpt lat="46.779140000" lon="5.932590000">
        <ele>615.000</ele>
      </trkpt>
      <trkpt lat="46.779090000" lon="5.932870000">
        <ele>616.000</ele>
      </trkpt>
      <trkpt lat="46.779050000" lon="5.933250000">
        <ele>617.000</ele>
      </trkpt>
      <trkpt lat="46.779020000" lon="5.933480000">
        <ele>617.000</ele>
      </trkpt>
      <trkpt lat="46.779000000" lon="5.933710000">
        <ele>617.000</ele>
      </trkpt>
      <trkpt lat="46.778980000" lon="5.933830000">
        <ele>618.000</ele>
      </trkpt>
      <trkpt lat="46.778980000" lon="5.933950000">
        <ele>618.000</ele>
      </trkpt>
      <trkpt lat="46.778970000" lon="5.934210000">
        <ele>618.000</ele>
      </trkpt>
      <trkpt lat="46.778980000" lon="5.934650000">
        <ele>618.000</ele>
      </trkpt>
      <trkpt lat="46.778990000" lon="5.935160000">
        <ele>618.000</ele>
      </trkpt>
      <trkpt lat="46.778990000" lon="5.935250000">
        <ele>618.000</ele>
      </trkpt>
      <trkpt lat="46.778990000" lon="5.935350000">
        <ele>618.000</ele>
      </trkpt>
      <trkpt lat="46.778970000" lon="5.935550000">
        <ele>619.000</ele>
      </trkpt>
      <trkpt lat="46.778940000" lon="5.935740000">
        <ele>619.000</ele>
      </trkpt>
      <trkpt lat="46.778920000" lon="5.935860000">
        <ele>619.000</ele>
      </trkpt>
      <trkpt lat="46.778730000" lon="5.936500000">
        <ele>620.000</ele>
      </trkpt>
      <trkpt lat="46.778670000" lon="5.936740000">
        <ele>620.000</ele>
      </trkpt>
      <trkpt lat="46.778600000" lon="5.937010000">
        <ele>620.000</ele>
      </trkpt>
      <trkpt lat="46.778490000" lon="5.937430000">
        <ele>621.000</ele>
      </trkpt>
      <trkpt lat="46.778380000" lon="5.937880000">
        <ele>621.000</ele>
      </trkpt>
      <trkpt lat="46.778340000" lon="5.938090000">
        <ele>622.000</ele>
      </trkpt>
      <trkpt lat="46.778310000" lon="5.938310000">
        <ele>623.000</ele>
      </trkpt>
      <trkpt lat="46.778280000" lon="5.938690000">
        <ele>624.000</ele>
      </trkpt>
      <trkpt lat="46.778240000" lon="5.939140000">
        <ele>625.000</ele>
      </trkpt>
      <trkpt lat="46.778240000" lon="5.939240000">
        <ele>625.000</ele>
      </trkpt>
      <trkpt lat="46.778230000" lon="5.939300000">
        <ele>626.000</ele>
      </trkpt>
      <trkpt lat="46.778220000" lon="5.939450000">
        <ele>627.000</ele>
      </trkpt>
      <trkpt lat="46.778160000" lon="5.939790000">
        <ele>627.000</ele>
      </trkpt>
      <trkpt lat="46.778150000" lon="5.939870000">
        <ele>628.000</ele>
      </trkpt>
      <trkpt lat="46.778140000" lon="5.939920000">
        <ele>628.000</ele>
      </trkpt>
      <trkpt lat="46.778110000" lon="5.940130000">
        <ele>629.000</ele>
      </trkpt>
      <trkpt lat="46.778120000" lon="5.940260000">
        <ele>629.000</ele>
      </trkpt>
      <trkpt lat="46.778160000" lon="5.940340000">
        <ele>630.000</ele>
      </trkpt>
      <trkpt lat="46.778220000" lon="5.940530000">
        <ele>630.000</ele>
      </trkpt>
      <trkpt lat="46.778240000" lon="5.940570000">
        <ele>631.000</ele>
      </trkpt>
      <trkpt lat="46.778330000" lon="5.940850000">
        <ele>632.000</ele>
      </trkpt>
      <trkpt lat="46.778370000" lon="5.940970000">
        <ele>633.000</ele>
      </trkpt>
      <trkpt lat="46.778450000" lon="5.941230000">
        <ele>635.000</ele>
      </trkpt>
      <trkpt lat="46.778560000" lon="5.941490000">
        <ele>637.000</ele>
      </trkpt>
      <trkpt lat="46.778670000" lon="5.941750000">
        <ele>639.000</ele>
      </trkpt>
      <trkpt lat="46.778740000" lon="5.941890000">
        <ele>641.000</ele>
      </trkpt>
      <trkpt lat="46.778830000" lon="5.942000000">
        <ele>642.000</ele>
      </trkpt>
      <trkpt lat="46.778980000" lon="5.942150000">
        <ele>644.000</ele>
      </trkpt>
      <trkpt lat="46.779070000" lon="5.942230000">
        <ele>646.000</ele>
      </trkpt>
      <trkpt lat="46.779290000" lon="5.942420000">
        <ele>648.000</ele>
      </trkpt>
      <trkpt lat="46.779880000" lon="5.942980000">
        <ele>652.000</ele>
      </trkpt>
      <trkpt lat="46.780150000" lon="5.943250000">
        <ele>655.000</ele>
      </trkpt>
      <trkpt lat="46.780240000" lon="5.943350000">
        <ele>656.000</ele>
      </trkpt>
      <trkpt lat="46.780260000" lon="5.943310000">
        <ele>657.000</ele>
      </trkpt>
      <trkpt lat="46.780300000" lon="5.943280000">
        <ele>658.000</ele>
      </trkpt>
      <trkpt lat="46.780540000" lon="5.943180000">
        <ele>658.000</ele>
      </trkpt>
      <trkpt lat="46.780970000" lon="5.943010000">
        <ele>658.000</ele>
      </trkpt>
      <trkpt lat="46.782020000" lon="5.942610000">
        <ele>657.000</ele>
      </trkpt>
      <trkpt lat="46.783170000" lon="5.942150000">
        <ele>657.000</ele>
      </trkpt>
      <trkpt lat="46.783570000" lon="5.941990000">
        <ele>657.000</ele>
      </trkpt>
      <trkpt lat="46.783830000" lon="5.941930000">
        <ele>657.000</ele>
      </trkpt>
      <trkpt lat="46.784120000" lon="5.941870000">
        <ele>657.000</ele>
      </trkpt>
      <trkpt lat="46.784520000" lon="5.941780000">
        <ele>657.000</ele>
      </trkpt>
      <trkpt lat="46.784460000" lon="5.942050000">
        <ele>657.000</ele>
      </trkpt>
      <trkpt lat="46.784460000" lon="5.942050000">
        <ele>657.000</ele>
      </trkpt>
      <trkpt lat="46.784520000" lon="5.941780000">
        <ele>657.000</ele>
      </trkpt>
      <trkpt lat="46.784910000" lon="5.941720000">
        <ele>658.000</ele>
      </trkpt>
      <trkpt lat="46.786050000" lon="5.941480000">
        <ele>658.000</ele>
      </trkpt>
      <trkpt lat="46.786160000" lon="5.941440000">
        <ele>659.000</ele>
      </trkpt>
      <trkpt lat="46.786720000" lon="5.941270000">
        <ele>659.000</ele>
      </trkpt>
      <trkpt lat="46.787260000" lon="5.941080000">
        <ele>660.000</ele>
      </trkpt>
      <trkpt lat="46.787650000" lon="5.940940000">
        <ele>661.000</ele>
      </trkpt>
      <trkpt lat="46.788020000" lon="5.940910000">
        <ele>661.000</ele>
      </trkpt>
      <trkpt lat="46.788380000" lon="5.940850000">
        <ele>661.000</ele>
      </trkpt>
      <trkpt lat="46.788620000" lon="5.940810000">
        <ele>661.000</ele>
      </trkpt>
      <trkpt lat="46.788930000" lon="5.940720000">
        <ele>660.000</ele>
      </trkpt>
      <trkpt lat="46.789130000" lon="5.940660000">
        <ele>660.000</ele>
      </trkpt>
      <trkpt lat="46.789660000" lon="5.940510000">
        <ele>658.000</ele>
      </trkpt>
      <trkpt lat="46.789820000" lon="5.940440000">
        <ele>657.000</ele>
      </trkpt>
      <trkpt lat="46.790400000" lon="5.940020000">
        <ele>656.000</ele>
      </trkpt>
      <trkpt lat="46.790730000" lon="5.939850000">
        <ele>654.000</ele>
      </trkpt>
      <trkpt lat="46.790950000" lon="5.939760000">
        <ele>652.000</ele>
      </trkpt>
      <trkpt lat="46.791030000" lon="5.939690000">
        <ele>651.000</ele>
      </trkpt>
      <trkpt lat="46.791060000" lon="5.939660000">
        <ele>650.000</ele>
      </trkpt>
      <trkpt lat="46.791100000" lon="5.939590000">
        <ele>649.000</ele>
      </trkpt>
      <trkpt lat="46.791190000" lon="5.939190000">
        <ele>648.000</ele>
      </trkpt>
      <trkpt lat="46.791210000" lon="5.939120000">
        <ele>647.000</ele>
      </trkpt>
      <trkpt lat="46.791250000" lon="5.939040000">
        <ele>647.000</ele>
      </trkpt>
      <trkpt lat="46.791360000" lon="5.938820000">
        <ele>646.000</ele>
      </trkpt>
      <trkpt lat="46.791440000" lon="5.938740000">
        <ele>646.000</ele>
      </trkpt>
      <trkpt lat="46.791580000" lon="5.938700000">
        <ele>645.000</ele>
      </trkpt>
      <trkpt lat="46.791670000" lon="5.938700000">
        <ele>645.000</ele>
      </trkpt>
      <trkpt lat="46.791860000" lon="5.938780000">
        <ele>645.000</ele>
      </trkpt>
      <trkpt lat="46.792260000" lon="5.939060000">
        <ele>644.000</ele>
      </trkpt>
      <trkpt lat="46.792520000" lon="5.939350000">
        <ele>644.000</ele>
      </trkpt>
      <trkpt lat="46.792700000" lon="5.939540000">
        <ele>643.000</ele>
      </trkpt>
      <trkpt lat="46.792770000" lon="5.939590000">
        <ele>643.000</ele>
      </trkpt>
      <trkpt lat="46.792930000" lon="5.939630000">
        <ele>642.000</ele>
      </trkpt>
      <trkpt lat="46.793190000" lon="5.939610000">
        <ele>642.000</ele>
      </trkpt>
      <trkpt lat="46.793370000" lon="5.939530000">
        <ele>641.000</ele>
      </trkpt>
      <trkpt lat="46.793480000" lon="5.939410000">
        <ele>640.000</ele>
      </trkpt>
      <trkpt lat="46.793670000" lon="5.939140000">
        <ele>639.000</ele>
      </trkpt>
      <trkpt lat="46.793800000" lon="5.939050000">
        <ele>638.000</ele>
      </trkpt>
      <trkpt lat="46.794020000" lon="5.938890000">
        <ele>637.000</ele>
      </trkpt>
      <trkpt lat="46.794320000" lon="5.938740000">
        <ele>635.000</ele>
      </trkpt>
      <trkpt lat="46.795020000" lon="5.938260000">
        <ele>633.000</ele>
      </trkpt>
      <trkpt lat="46.795150000" lon="5.938180000">
        <ele>632.000</ele>
      </trkpt>
      <trkpt lat="46.795350000" lon="5.938100000">
        <ele>630.000</ele>
      </trkpt>
      <trkpt lat="46.795720000" lon="5.938000000">
        <ele>629.000</ele>
      </trkpt>
      <trkpt lat="46.796020000" lon="5.937880000">
        <ele>629.000</ele>
      </trkpt>
      <trkpt lat="46.796470000" lon="5.937650000">
        <ele>628.000</ele>
      </trkpt>
      <trkpt lat="46.796720000" lon="5.937500000">
        <ele>627.000</ele>
      </trkpt>
      <trkpt lat="46.797130000" lon="5.937240000">
        <ele>627.000</ele>
      </trkpt>
      <trkpt lat="46.797680000" lon="5.936870000">
        <ele>625.000</ele>
      </trkpt>
      <trkpt lat="46.797810000" lon="5.936790000">
        <ele>624.000</ele>
      </trkpt>
      <trkpt lat="46.797930000" lon="5.936720000">
        <ele>623.000</ele>
      </trkpt>
      <trkpt lat="46.798090000" lon="5.936640000">
        <ele>622.000</ele>
      </trkpt>
      <trkpt lat="46.798270000" lon="5.936590000">
        <ele>621.000</ele>
      </trkpt>
      <trkpt lat="46.798690000" lon="5.936490000">
        <ele>619.000</ele>
      </trkpt>
      <trkpt lat="46.799130000" lon="5.936370000">
        <ele>617.000</ele>
      </trkpt>
      <trkpt lat="46.799290000" lon="5.936350000">
        <ele>616.000</ele>
      </trkpt>
      <trkpt lat="46.799520000" lon="5.936380000">
        <ele>615.000</ele>
      </trkpt>
      <trkpt lat="46.799900000" lon="5.936520000">
        <ele>614.000</ele>
      </trkpt>
      <trkpt lat="46.800550000" lon="5.936730000">
        <ele>613.000</ele>
      </trkpt>
      <trkpt lat="46.800760000" lon="5.936740000">
        <ele>613.000</ele>
      </trkpt>
      <trkpt lat="46.800990000" lon="5.936690000">
        <ele>612.000</ele>
      </trkpt>
      <trkpt lat="46.802010000" lon="5.936290000">
        <ele>613.000</ele>
      </trkpt>
      <trkpt lat="46.802280000" lon="5.936300000">
        <ele>613.000</ele>
      </trkpt>
      <trkpt lat="46.802450000" lon="5.936350000">
        <ele>613.000</ele>
      </trkpt>
      <trkpt lat="46.802630000" lon="5.936430000">
        <ele>613.000</ele>
      </trkpt>
      <trkpt lat="46.802730000" lon="5.936540000">
        <ele>613.000</ele>
      </trkpt>
      <trkpt lat="46.802850000" lon="5.936690000">
        <ele>613.000</ele>
      </trkpt>
      <trkpt lat="46.802970000" lon="5.936770000">
        <ele>613.000</ele>
      </trkpt>
      <trkpt lat="46.803120000" lon="5.936820000">
        <ele>612.000</ele>
      </trkpt>
      <trkpt lat="46.803270000" lon="5.936820000">
        <ele>611.000</ele>
      </trkpt>
      <trkpt lat="46.803400000" lon="5.936770000">
        <ele>611.000</ele>
      </trkpt>
      <trkpt lat="46.803580000" lon="5.936640000">
        <ele>610.000</ele>
      </trkpt>
      <trkpt lat="46.803730000" lon="5.936470000">
        <ele>609.000</ele>
      </trkpt>
      <trkpt lat="46.803810000" lon="5.936370000">
        <ele>608.000</ele>
      </trkpt>
      <trkpt lat="46.804090000" lon="5.935960000">
        <ele>607.000</ele>
      </trkpt>
      <trkpt lat="46.804210000" lon="5.935800000">
        <ele>605.000</ele>
      </trkpt>
      <trkpt lat="46.804250000" lon="5.935750000">
        <ele>604.000</ele>
      </trkpt>
      <trkpt lat="46.804390000" lon="5.935550000">
        <ele>603.000</ele>
      </trkpt>
      <trkpt lat="46.804510000" lon="5.935360000">
        <ele>602.000</ele>
      </trkpt>
      <trkpt lat="46.804660000" lon="5.935080000">
        <ele>601.000</ele>
      </trkpt>
      <trkpt lat="46.804810000" lon="5.934870000">
        <ele>600.000</ele>
      </trkpt>
      <trkpt lat="46.804890000" lon="5.934800000">
        <ele>600.000</ele>
      </trkpt>
      <trkpt lat="46.805140000" lon="5.934570000">
        <ele>599.000</ele>
      </trkpt>
      <trkpt lat="46.805210000" lon="5.934520000">
        <ele>598.000</ele>
      </trkpt>
      <trkpt lat="46.805400000" lon="5.934330000">
        <ele>597.000</ele>
      </trkpt>
      <trkpt lat="46.805550000" lon="5.934260000">
        <ele>596.000</ele>
      </trkpt>
      <trkpt lat="46.805660000" lon="5.934350000">
        <ele>595.000</ele>
      </trkpt>
      <trkpt lat="46.805920000" lon="5.934600000">
        <ele>595.000</ele>
      </trkpt>
      <trkpt lat="46.806130000" lon="5.934800000">
        <ele>596.000</ele>
      </trkpt>
      <trkpt lat="46.806880000" lon="5.935550000">
        <ele>600.000</ele>
      </trkpt>
      <trkpt lat="46.807380000" lon="5.936030000">
        <ele>604.000</ele>
      </trkpt>
      <trkpt lat="46.807450000" lon="5.936100000">
        <ele>606.000</ele>
      </trkpt>
      <trkpt lat="46.808410000" lon="5.937010000">
        <ele>610.000</ele>
      </trkpt>
      <trkpt lat="46.809050000" lon="5.937590000">
        <ele>613.000</ele>
      </trkpt>
      <trkpt lat="46.809660000" lon="5.938160000">
        <ele>614.000</ele>
      </trkpt>
      <trkpt lat="46.809930000" lon="5.938410000">
        <ele>616.000</ele>
      </trkpt>
      <trkpt lat="46.810510000" lon="5.938960000">
        <ele>616.000</ele>
      </trkpt>
      <trkpt lat="46.811410000" lon="5.939870000">
        <ele>617.000</ele>
      </trkpt>
      <trkpt lat="46.811820000" lon="5.940270000">
        <ele>618.000</ele>
      </trkpt>
      <trkpt lat="46.812070000" lon="5.940510000">
        <ele>619.000</ele>
      </trkpt>
      <trkpt lat="46.812570000" lon="5.940990000">
        <ele>621.000</ele>
      </trkpt>
      <trkpt lat="46.812710000" lon="5.941180000">
        <ele>622.000</ele>
      </trkpt>
      <trkpt lat="46.812870000" lon="5.941480000">
        <ele>624.000</ele>
      </trkpt>
      <trkpt lat="46.813310000" lon="5.942500000">
        <ele>626.000</ele>
      </trkpt>
      <trkpt lat="46.813390000" lon="5.942660000">
        <ele>627.000</ele>
      </trkpt>
      <trkpt lat="46.813550000" lon="5.943020000">
        <ele>629.000</ele>
      </trkpt>
      <trkpt lat="46.813760000" lon="5.943500000">
        <ele>630.000</ele>
      </trkpt>
      <trkpt lat="46.813900000" lon="5.943790000">
        <ele>632.000</ele>
      </trkpt>
      <trkpt lat="46.814090000" lon="5.944090000">
        <ele>633.000</ele>
      </trkpt>
      <trkpt lat="46.814430000" lon="5.944520000">
        <ele>636.000</ele>
      </trkpt>
      <trkpt lat="46.814550000" lon="5.944710000">
        <ele>638.000</ele>
      </trkpt>
      <trkpt lat="46.814660000" lon="5.944950000">
        <ele>640.000</ele>
      </trkpt>
      <trkpt lat="46.814740000" lon="5.945170000">
        <ele>642.000</ele>
      </trkpt>
      <trkpt lat="46.814860000" lon="5.945540000">
        <ele>644.000</ele>
      </trkpt>
      <trkpt lat="46.814950000" lon="5.945760000">
        <ele>646.000</ele>
      </trkpt>
      <trkpt lat="46.814990000" lon="5.945890000">
        <ele>647.000</ele>
      </trkpt>
      <trkpt lat="46.815010000" lon="5.946070000">
        <ele>649.000</ele>
      </trkpt>
      <trkpt lat="46.815020000" lon="5.946270000">
        <ele>650.000</ele>
      </trkpt>
      <trkpt lat="46.815050000" lon="5.946440000">
        <ele>650.000</ele>
      </trkpt>
      <trkpt lat="46.815090000" lon="5.946530000">
        <ele>651.000</ele>
      </trkpt>
      <trkpt lat="46.815170000" lon="5.946650000">
        <ele>652.000</ele>
      </trkpt>
      <trkpt lat="46.815380000" lon="5.946890000">
        <ele>652.000</ele>
      </trkpt>
      <trkpt lat="46.815860000" lon="5.947500000">
        <ele>654.000</ele>
      </trkpt>
      <trkpt lat="46.816030000" lon="5.947740000">
        <ele>655.000</ele>
      </trkpt>
      <trkpt lat="46.816130000" lon="5.947810000">
        <ele>656.000</ele>
      </trkpt>
      <trkpt lat="46.816220000" lon="5.947830000">
        <ele>656.000</ele>
      </trkpt>
      <trkpt lat="46.816380000" lon="5.947820000">
        <ele>656.000</ele>
      </trkpt>
      <trkpt lat="46.816520000" lon="5.947880000">
        <ele>656.000</ele>
      </trkpt>
      <trkpt lat="46.816600000" lon="5.947940000">
        <ele>655.000</ele>
      </trkpt>
      <trkpt lat="46.816660000" lon="5.947970000">
        <ele>655.000</ele>
      </trkpt>
      <trkpt lat="46.816720000" lon="5.947980000">
        <ele>654.000</ele>
      </trkpt>
      <trkpt lat="46.816760000" lon="5.947960000">
        <ele>654.000</ele>
      </trkpt>
      <trkpt lat="46.816800000" lon="5.947920000">
        <ele>654.000</ele>
      </trkpt>
      <trkpt lat="46.816860000" lon="5.947850000">
        <ele>653.000</ele>
      </trkpt>
      <trkpt lat="46.817130000" lon="5.947390000">
        <ele>652.000</ele>
      </trkpt>
      <trkpt lat="46.817230000" lon="5.947200000">
        <ele>651.000</ele>
      </trkpt>
      <trkpt lat="46.817390000" lon="5.947010000">
        <ele>650.000</ele>
      </trkpt>
      <trkpt lat="46.817510000" lon="5.946910000">
        <ele>648.000</ele>
      </trkpt>
      <trkpt lat="46.817720000" lon="5.946730000">
        <ele>647.000</ele>
      </trkpt>
      <trkpt lat="46.817790000" lon="5.946630000">
        <ele>646.000</ele>
      </trkpt>
      <trkpt lat="46.817920000" lon="5.946340000">
        <ele>644.000</ele>
      </trkpt>
      <trkpt lat="46.818210000" lon="5.945220000">
        <ele>640.000</ele>
      </trkpt>
      <trkpt lat="46.818420000" lon="5.944400000">
        <ele>635.000</ele>
      </trkpt>
      <trkpt lat="46.818510000" lon="5.944010000">
        <ele>631.000</ele>
      </trkpt>
      <trkpt lat="46.818640000" lon="5.942800000">
        <ele>626.000</ele>
      </trkpt>
      <trkpt lat="46.818700000" lon="5.942570000">
        <ele>622.000</ele>
      </trkpt>
      <trkpt lat="46.818740000" lon="5.942460000">
        <ele>619.000</ele>
      </trkpt>
      <trkpt lat="46.818830000" lon="5.942330000">
        <ele>617.000</ele>
      </trkpt>
      <trkpt lat="46.819650000" lon="5.941400000">
        <ele>612.000</ele>
      </trkpt>
      <trkpt lat="46.819870000" lon="5.940970000">
        <ele>609.000</ele>
      </trkpt>
      <trkpt lat="46.819960000" lon="5.940530000">
        <ele>606.000</ele>
      </trkpt>
      <trkpt lat="46.820060000" lon="5.939740000">
        <ele>604.000</ele>
      </trkpt>
      <trkpt lat="46.820080000" lon="5.939450000">
        <ele>602.000</ele>
      </trkpt>
      <trkpt lat="46.820730000" lon="5.939880000">
        <ele>600.000</ele>
      </trkpt>
      <trkpt lat="46.820730000" lon="5.939880000">
        <ele>598.000</ele>
      </trkpt>
      <trkpt lat="46.821510000" lon="5.940400000">
        <ele>598.000</ele>
      </trkpt>
      <trkpt lat="46.822320000" lon="5.940860000">
        <ele>598.000</ele>
      </trkpt>
      <trkpt lat="46.822970000" lon="5.941330000">
        <ele>598.000</ele>
      </trkpt>
      <trkpt lat="46.823430000" lon="5.941760000">
        <ele>598.000</ele>
      </trkpt>
      <trkpt lat="46.824400000" lon="5.942850000">
        <ele>599.000</ele>
      </trkpt>
      <trkpt lat="46.825310000" lon="5.944170000">
        <ele>599.000</ele>
      </trkpt>
      <trkpt lat="46.825450000" lon="5.944340000">
        <ele>600.000</ele>
      </trkpt>
      <trkpt lat="46.825610000" lon="5.944480000">
        <ele>600.000</ele>
      </trkpt>
      <trkpt lat="46.825810000" lon="5.944600000">
        <ele>600.000</ele>
      </trkpt>
      <trkpt lat="46.826060000" lon="5.944710000">
        <ele>600.000</ele>
      </trkpt>
      <trkpt lat="46.828410000" lon="5.945620000">
        <ele>599.000</ele>
      </trkpt>
      <trkpt lat="46.829000000" lon="5.945930000">
        <ele>599.000</ele>
      </trkpt>
      <trkpt lat="46.829590000" lon="5.946340000">
        <ele>598.000</ele>
      </trkpt>
      <trkpt lat="46.829910000" lon="5.946570000">
        <ele>598.000</ele>
      </trkpt>
      <trkpt lat="46.830160000" lon="5.946770000">
        <ele>598.000</ele>
      </trkpt>
      <trkpt lat="46.830360000" lon="5.946950000">
        <ele>598.000</ele>
      </trkpt>
      <trkpt lat="46.830540000" lon="5.947160000">
        <ele>598.000</ele>
      </trkpt>
      <trkpt lat="46.830690000" lon="5.947380000">
        <ele>598.000</ele>
      </trkpt>
      <trkpt lat="46.830800000" lon="5.947550000">
        <ele>598.000</ele>
      </trkpt>
      <trkpt lat="46.831190000" lon="5.948250000">
        <ele>598.000</ele>
      </trkpt>
      <trkpt lat="46.831230000" lon="5.948320000">
        <ele>599.000</ele>
      </trkpt>
      <trkpt lat="46.831340000" lon="5.948550000">
        <ele>599.000</ele>
      </trkpt>
      <trkpt lat="46.831960000" lon="5.949740000">
        <ele>599.000</ele>
      </trkpt>
      <trkpt lat="46.833730000" lon="5.953130000">
        <ele>600.000</ele>
      </trkpt>
      <trkpt lat="46.834850000" lon="5.955410000">
        <ele>601.000</ele>
      </trkpt>
      <trkpt lat="46.835400000" lon="5.956430000">
        <ele>602.000</ele>
      </trkpt>
      <trkpt lat="46.835790000" lon="5.957180000">
        <ele>603.000</ele>
      </trkpt>
      <trkpt lat="46.836130000" lon="5.957890000">
        <ele>603.000</ele>
      </trkpt>
      <trkpt lat="46.836390000" lon="5.958370000">
        <ele>604.000</ele>
      </trkpt>
      <trkpt lat="46.836420000" lon="5.958380000">
        <ele>605.000</ele>
      </trkpt>
      <trkpt lat="46.836550000" lon="5.958440000">
        <ele>605.000</ele>
      </trkpt>
      <trkpt lat="46.836620000" lon="5.958510000">
        <ele>606.000</ele>
      </trkpt>
      <trkpt lat="46.836670000" lon="5.958480000">
        <ele>606.000</ele>
      </trkpt>
      <trkpt lat="46.836720000" lon="5.958470000">
        <ele>606.000</ele>
      </trkpt>
      <trkpt lat="46.836810000" lon="5.958470000">
        <ele>607.000</ele>
      </trkpt>
      <trkpt lat="46.836890000" lon="5.958470000">
        <ele>607.000</ele>
      </trkpt>
      <trkpt lat="46.837140000" lon="5.958420000">
        <ele>607.000</ele>
      </trkpt>
      <trkpt lat="46.837140000" lon="5.958420000">
        <ele>608.000</ele>
      </trkpt>
      <trkpt lat="46.837240000" lon="5.958400000">
        <ele>608.000</ele>
      </trkpt>
      <trkpt lat="46.837590000" lon="5.958290000">
        <ele>609.000</ele>
      </trkpt>
      <trkpt lat="46.837650000" lon="5.958270000">
        <ele>609.000</ele>
      </trkpt>
      <trkpt lat="46.837810000" lon="5.958220000">
        <ele>610.000</ele>
      </trkpt>
      <trkpt lat="46.837890000" lon="5.958200000">
        <ele>610.000</ele>
      </trkpt>
      <trkpt lat="46.837910000" lon="5.958220000">
        <ele>610.000</ele>
      </trkpt>
      <trkpt lat="46.837980000" lon="5.958080000">
        <ele>610.000</ele>
      </trkpt>
      <trkpt lat="46.838090000" lon="5.957910000">
        <ele>610.000</ele>
      </trkpt>
      <trkpt lat="46.838140000" lon="5.957840000">
        <ele>610.000</ele>
      </trkpt>
      <trkpt lat="46.838210000" lon="5.957760000">
        <ele>610.000</ele>
      </trkpt>
      <trkpt lat="46.838280000" lon="5.957690000">
        <ele>610.000</ele>
      </trkpt>
      <trkpt lat="46.838540000" lon="5.957460000">
        <ele>609.000</ele>
      </trkpt>
      <trkpt lat="46.838640000" lon="5.957370000">
        <ele>609.000</ele>
      </trkpt>
      <trkpt lat="46.839000000" lon="5.957020000">
        <ele>609.000</ele>
      </trkpt>
      <trkpt lat="46.839000000" lon="5.957020000">
        <ele>609.000</ele>
      </trkpt>
      <trkpt lat="46.839110000" lon="5.956930000">
        <ele>608.000</ele>
      </trkpt>
      <trkpt lat="46.839310000" lon="5.956790000">
        <ele>608.000</ele>
      </trkpt>
      <trkpt lat="46.839420000" lon="5.956750000">
        <ele>608.000</ele>
      </trkpt>
      <trkpt lat="46.839560000" lon="5.956720000">
        <ele>608.000</ele>
      </trkpt>
      <trkpt lat="46.839690000" lon="5.956720000">
        <ele>609.000</ele>
      </trkpt>
      <trkpt lat="46.839820000" lon="5.956740000">
        <ele>609.000</ele>
      </trkpt>
      <trkpt lat="46.840480000" lon="5.956910000">
        <ele>610.000</ele>
      </trkpt>
      <trkpt lat="46.840610000" lon="5.956920000">
        <ele>612.000</ele>
      </trkpt>
      <trkpt lat="46.840740000" lon="5.956940000">
        <ele>613.000</ele>
      </trkpt>
      <trkpt lat="46.840870000" lon="5.956940000">
        <ele>613.000</ele>
      </trkpt>
      <trkpt lat="46.841010000" lon="5.956920000">
        <ele>614.000</ele>
      </trkpt>
      <trkpt lat="46.841140000" lon="5.956900000">
        <ele>615.000</ele>
      </trkpt>
      <trkpt lat="46.841200000" lon="5.956870000">
        <ele>615.000</ele>
      </trkpt>
      <trkpt lat="46.841240000" lon="5.956830000">
        <ele>616.000</ele>
      </trkpt>
      <trkpt lat="46.841300000" lon="5.956740000">
        <ele>616.000</ele>
      </trkpt>
      <trkpt lat="46.841380000" lon="5.956570000">
        <ele>616.000</ele>
      </trkpt>
      <trkpt lat="46.841580000" lon="5.956130000">
        <ele>615.000</ele>
      </trkpt>
      <trkpt lat="46.841770000" lon="5.955730000">
        <ele>615.000</ele>
      </trkpt>
      <trkpt lat="46.841860000" lon="5.955520000">
        <ele>614.000</ele>
      </trkpt>
      <trkpt lat="46.841940000" lon="5.955300000">
        <ele>614.000</ele>
      </trkpt>
      <trkpt lat="46.842040000" lon="5.954980000">
        <ele>613.000</ele>
      </trkpt>
      <trkpt lat="46.842090000" lon="5.954780000">
        <ele>612.000</ele>
      </trkpt>
      <trkpt lat="46.842210000" lon="5.954370000">
        <ele>612.000</ele>
      </trkpt>
      <trkpt lat="46.842340000" lon="5.953970000">
        <ele>612.000</ele>
      </trkpt>
      <trkpt lat="46.842440000" lon="5.953720000">
        <ele>612.000</ele>
      </trkpt>
      <trkpt lat="46.842720000" lon="5.953070000">
        <ele>614.000</ele>
      </trkpt>
      <trkpt lat="46.843550000" lon="5.951230000">
        <ele>617.000</ele>
      </trkpt>
      <trkpt lat="46.845120000" lon="5.948020000">
        <ele>625.000</ele>
      </trkpt>
      <trkpt lat="46.846460000" lon="5.945280000">
        <ele>632.000</ele>
      </trkpt>
      <trkpt lat="46.846500000" lon="5.945200000">
        <ele>637.000</ele>
      </trkpt>
      <trkpt lat="46.846610000" lon="5.944960000">
        <ele>640.000</ele>
      </trkpt>
      <trkpt lat="46.846670000" lon="5.944860000">
        <ele>642.000</ele>
      </trkpt>
      <trkpt lat="46.846740000" lon="5.944770000">
        <ele>643.000</ele>
      </trkpt>
      <trkpt lat="46.846790000" lon="5.944700000">
        <ele>643.000</ele>
      </trkpt>
      <trkpt lat="46.846850000" lon="5.944650000">
        <ele>643.000</ele>
      </trkpt>
      <trkpt lat="46.846910000" lon="5.944610000">
        <ele>643.000</ele>
      </trkpt>
      <trkpt lat="46.846980000" lon="5.944580000">
        <ele>643.000</ele>
      </trkpt>
      <trkpt lat="46.847060000" lon="5.944570000">
        <ele>643.000</ele>
      </trkpt>
      <trkpt lat="46.847160000" lon="5.944570000">
        <ele>642.000</ele>
      </trkpt>
      <trkpt lat="46.848060000" lon="5.944610000">
        <ele>640.000</ele>
      </trkpt>
      <trkpt lat="46.849730000" lon="5.944700000">
        <ele>635.000</ele>
      </trkpt>
      <trkpt lat="46.849890000" lon="5.944690000">
        <ele>632.000</ele>
      </trkpt>
      <trkpt lat="46.849980000" lon="5.944670000">
        <ele>629.000</ele>
      </trkpt>
      <trkpt lat="46.850070000" lon="5.944630000">
        <ele>627.000</ele>
      </trkpt>
      <trkpt lat="46.850150000" lon="5.944580000">
        <ele>626.000</ele>
      </trkpt>
      <trkpt lat="46.850210000" lon="5.944520000">
        <ele>625.000</ele>
      </trkpt>
      <trkpt lat="46.850270000" lon="5.944450000">
        <ele>624.000</ele>
      </trkpt>
      <trkpt lat="46.850340000" lon="5.944340000">
        <ele>623.000</ele>
      </trkpt>
      <trkpt lat="46.850400000" lon="5.944220000">
        <ele>622.000</ele>
      </trkpt>
      <trkpt lat="46.850450000" lon="5.944070000">
        <ele>621.000</ele>
      </trkpt>
      <trkpt lat="46.850720000" lon="5.943230000">
        <ele>620.000</ele>
      </trkpt>
      <trkpt lat="46.850940000" lon="5.942500000">
        <ele>617.000</ele>
      </trkpt>
      <trkpt lat="46.851280000" lon="5.941450000">
        <ele>615.000</ele>
      </trkpt>
      <trkpt lat="46.852420000" lon="5.937920000">
        <ele>612.000</ele>
      </trkpt>
      <trkpt lat="46.852800000" lon="5.936520000">
        <ele>611.000</ele>
      </trkpt>
      <trkpt lat="46.852880000" lon="5.936250000">
        <ele>610.000</ele>
      </trkpt>
      <trkpt lat="46.852920000" lon="5.936160000">
        <ele>610.000</ele>
      </trkpt>
      <trkpt lat="46.852940000" lon="5.936120000">
        <ele>610.000</ele>
      </trkpt>
      <trkpt lat="46.852720000" lon="5.935750000">
        <ele>611.000</ele>
      </trkpt>
      <trkpt lat="46.852640000" lon="5.935620000">
        <ele>611.000</ele>
      </trkpt>
      <trkpt lat="46.852600000" lon="5.935540000">
        <ele>612.000</ele>
      </trkpt>
      <trkpt lat="46.852560000" lon="5.935490000">
        <ele>612.000</ele>
      </trkpt>
      <trkpt lat="46.852450000" lon="5.935310000">
        <ele>612.000</ele>
      </trkpt>
      <trkpt lat="46.852380000" lon="5.935210000">
        <ele>612.000</ele>
      </trkpt>
      <trkpt lat="46.852340000" lon="5.935120000">
        <ele>612.000</ele>
      </trkpt>
      <trkpt lat="46.852240000" lon="5.934880000">
        <ele>611.000</ele>
      </trkpt>
      <trkpt lat="46.852230000" lon="5.934830000">
        <ele>611.000</ele>
      </trkpt>
      <trkpt lat="46.852160000" lon="5.934550000">
        <ele>611.000</ele>
      </trkpt>
      <trkpt lat="46.852150000" lon="5.934520000">
        <ele>610.000</ele>
      </trkpt>
      <trkpt lat="46.852110000" lon="5.934360000">
        <ele>610.000</ele>
      </trkpt>
      <trkpt lat="46.851800000" lon="5.933060000">
        <ele>609.000</ele>
      </trkpt>
      <trkpt lat="46.851710000" lon="5.932690000">
        <ele>608.000</ele>
      </trkpt>
      <trkpt lat="46.851390000" lon="5.931340000">
        <ele>607.000</ele>
      </trkpt>
      <trkpt lat="46.851280000" lon="5.930870000">
        <ele>606.000</ele>
      </trkpt>
      <trkpt lat="46.851230000" lon="5.930630000">
        <ele>606.000</ele>
      </trkpt>
      <trkpt lat="46.851140000" lon="5.930280000">
        <ele>605.000</ele>
      </trkpt>
      <trkpt lat="46.851100000" lon="5.930090000">
        <ele>605.000</ele>
      </trkpt>
      <trkpt lat="46.850710000" lon="5.928520000">
        <ele>605.000</ele>
      </trkpt>
      <trkpt lat="46.850690000" lon="5.928450000">
        <ele>605.000</ele>
      </trkpt>
      <trkpt lat="46.850030000" lon="5.925710000">
        <ele>606.000</ele>
      </trkpt>
      <trkpt lat="46.850020000" lon="5.925650000">
        <ele>607.000</ele>
      </trkpt>
      <trkpt lat="46.849700000" lon="5.924280000">
        <ele>607.000</ele>
      </trkpt>
      <trkpt lat="46.849690000" lon="5.924220000">
        <ele>607.000</ele>
      </trkpt>
      <trkpt lat="46.848780000" lon="5.920440000">
        <ele>607.000</ele>
      </trkpt>
      <trkpt lat="46.848680000" lon="5.920000000">
        <ele>607.000</ele>
      </trkpt>
      <trkpt lat="46.848650000" lon="5.919790000">
        <ele>607.000</ele>
      </trkpt>
      <trkpt lat="46.848640000" lon="5.919610000">
        <ele>606.000</ele>
      </trkpt>
      <trkpt lat="46.848640000" lon="5.919480000">
        <ele>606.000</ele>
      </trkpt>
      <trkpt lat="46.848640000" lon="5.919360000">
        <ele>606.000</ele>
      </trkpt>
      <trkpt lat="46.848660000" lon="5.919200000">
        <ele>606.000</ele>
      </trkpt>
      <trkpt lat="46.848690000" lon="5.919080000">
        <ele>606.000</ele>
      </trkpt>
      <trkpt lat="46.848740000" lon="5.918950000">
        <ele>606.000</ele>
      </trkpt>
      <trkpt lat="46.848800000" lon="5.918800000">
        <ele>606.000</ele>
      </trkpt>
      <trkpt lat="46.849960000" lon="5.916530000">
        <ele>606.000</ele>
      </trkpt>
      <trkpt lat="46.850340000" lon="5.915800000">
        <ele>606.000</ele>
      </trkpt>
      <trkpt lat="46.850770000" lon="5.915080000">
        <ele>606.000</ele>
      </trkpt>
      <trkpt lat="46.850960000" lon="5.914790000">
        <ele>606.000</ele>
      </trkpt>
      <trkpt lat="46.851010000" lon="5.914710000">
        <ele>606.000</ele>
      </trkpt>
      <trkpt lat="46.851040000" lon="5.914620000">
        <ele>606.000</ele>
      </trkpt>
      <trkpt lat="46.851060000" lon="5.914560000">
        <ele>606.000</ele>
      </trkpt>
      <trkpt lat="46.851080000" lon="5.914350000">
        <ele>606.000</ele>
      </trkpt>
      <trkpt lat="46.851060000" lon="5.914110000">
        <ele>607.000</ele>
      </trkpt>
      <trkpt lat="46.851050000" lon="5.914030000">
        <ele>607.000</ele>
      </trkpt>
      <trkpt lat="46.851490000" lon="5.913770000">
        <ele>608.000</ele>
      </trkpt>
      <trkpt lat="46.852030000" lon="5.913460000">
        <ele>609.000</ele>
      </trkpt>
      <trkpt lat="46.852170000" lon="5.913360000">
        <ele>610.000</ele>
      </trkpt>
      <trkpt lat="46.852290000" lon="5.913260000">
        <ele>611.000</ele>
      </trkpt>
      <trkpt lat="46.852430000" lon="5.913110000">
        <ele>611.000</ele>
      </trkpt>
      <trkpt lat="46.852550000" lon="5.912970000">
        <ele>612.000</ele>
      </trkpt>
      <trkpt lat="46.852640000" lon="5.912810000">
        <ele>613.000</ele>
      </trkpt>
      <trkpt lat="46.852730000" lon="5.912640000">
        <ele>613.000</ele>
      </trkpt>
      <trkpt lat="46.852820000" lon="5.912420000">
        <ele>614.000</ele>
      </trkpt>
      <trkpt lat="46.852880000" lon="5.912270000">
        <ele>614.000</ele>
      </trkpt>
      <trkpt lat="46.852950000" lon="5.912020000">
        <ele>615.000</ele>
      </trkpt>
      <trkpt lat="46.853040000" lon="5.911670000">
        <ele>615.000</ele>
      </trkpt>
      <trkpt lat="46.853100000" lon="5.911420000">
        <ele>616.000</ele>
      </trkpt>
      <trkpt lat="46.853140000" lon="5.911230000">
        <ele>616.000</ele>
      </trkpt>
      <trkpt lat="46.853200000" lon="5.910950000">
        <ele>617.000</ele>
      </trkpt>
      <trkpt lat="46.853300000" lon="5.910650000">
        <ele>617.000</ele>
      </trkpt>
      <trkpt lat="46.853990000" lon="5.908950000">
        <ele>619.000</ele>
      </trkpt>
      <trkpt lat="46.854160000" lon="5.908560000">
        <ele>620.000</ele>
      </trkpt>
      <trkpt lat="46.854340000" lon="5.908200000">
        <ele>622.000</ele>
      </trkpt>
      <trkpt lat="46.854480000" lon="5.907990000">
        <ele>623.000</ele>
      </trkpt>
      <trkpt lat="46.854640000" lon="5.907760000">
        <ele>625.000</ele>
      </trkpt>
      <trkpt lat="46.854840000" lon="5.907520000">
        <ele>626.000</ele>
      </trkpt>
      <trkpt lat="46.855920000" lon="5.906610000">
        <ele>630.000</ele>
      </trkpt>
      <trkpt lat="46.856110000" lon="5.906430000">
        <ele>632.000</ele>
      </trkpt>
      <trkpt lat="46.856240000" lon="5.906310000">
        <ele>633.000</ele>
      </trkpt>
      <trkpt lat="46.856370000" lon="5.906170000">
        <ele>633.000</ele>
      </trkpt>
      <trkpt lat="46.856460000" lon="5.906050000">
        <ele>634.000</ele>
      </trkpt>
      <trkpt lat="46.856550000" lon="5.905920000">
        <ele>634.000</ele>
      </trkpt>
      <trkpt lat="46.856670000" lon="5.905710000">
        <ele>634.000</ele>
      </trkpt>
      <trkpt lat="46.856740000" lon="5.905580000">
        <ele>633.000</ele>
      </trkpt>
      <trkpt lat="46.856820000" lon="5.905410000">
        <ele>633.000</ele>
      </trkpt>
      <trkpt lat="46.856890000" lon="5.905240000">
        <ele>633.000</ele>
      </trkpt>
      <trkpt lat="46.856940000" lon="5.905090000">
        <ele>632.000</ele>
      </trkpt>
      <trkpt lat="46.856990000" lon="5.904930000">
        <ele>632.000</ele>
      </trkpt>
      <trkpt lat="46.857060000" lon="5.904650000">
        <ele>631.000</ele>
      </trkpt>
      <trkpt lat="46.857090000" lon="5.904530000">
        <ele>631.000</ele>
      </trkpt>
      <trkpt lat="46.857120000" lon="5.904430000">
        <ele>631.000</ele>
      </trkpt>
      <trkpt lat="46.857150000" lon="5.904350000">
        <ele>631.000</ele>
      </trkpt>
      <trkpt lat="46.857200000" lon="5.904250000">
        <ele>631.000</ele>
      </trkpt>
      <trkpt lat="46.857220000" lon="5.904210000">
        <ele>631.000</ele>
      </trkpt>
      <trkpt lat="46.857260000" lon="5.904140000">
        <ele>631.000</ele>
      </trkpt>
      <trkpt lat="46.857370000" lon="5.904030000">
        <ele>631.000</ele>
      </trkpt>
      <trkpt lat="46.857430000" lon="5.903970000">
        <ele>631.000</ele>
      </trkpt>
      <trkpt lat="46.857520000" lon="5.903900000">
        <ele>631.000</ele>
      </trkpt>
      <trkpt lat="46.857600000" lon="5.903860000">
        <ele>631.000</ele>
      </trkpt>
      <trkpt lat="46.857680000" lon="5.903840000">
        <ele>631.000</ele>
      </trkpt>
      <trkpt lat="46.857770000" lon="5.903830000">
        <ele>631.000</ele>
      </trkpt>
      <trkpt lat="46.857970000" lon="5.903830000">
        <ele>631.000</ele>
      </trkpt>
      <trkpt lat="46.858140000" lon="5.903830000">
        <ele>631.000</ele>
      </trkpt>
      <trkpt lat="46.858260000" lon="5.903840000">
        <ele>631.000</ele>
      </trkpt>
      <trkpt lat="46.858360000" lon="5.903830000">
        <ele>631.000</ele>
      </trkpt>
      <trkpt lat="46.858460000" lon="5.903810000">
        <ele>631.000</ele>
      </trkpt>
      <trkpt lat="46.858530000" lon="5.903800000">
        <ele>631.000</ele>
      </trkpt>
      <trkpt lat="46.858620000" lon="5.903760000">
        <ele>631.000</ele>
      </trkpt>
      <trkpt lat="46.858700000" lon="5.903710000">
        <ele>631.000</ele>
      </trkpt>
      <trkpt lat="46.858770000" lon="5.903660000">
        <ele>631.000</ele>
      </trkpt>
      <trkpt lat="46.858820000" lon="5.903590000">
        <ele>631.000</ele>
      </trkpt>
      <trkpt lat="46.858890000" lon="5.903510000">
        <ele>631.000</ele>
      </trkpt>
      <trkpt lat="46.858960000" lon="5.903410000">
        <ele>630.000</ele>
      </trkpt>
      <trkpt lat="46.859030000" lon="5.903290000">
        <ele>630.000</ele>
      </trkpt>
      <trkpt lat="46.859090000" lon="5.903170000">
        <ele>630.000</ele>
      </trkpt>
      <trkpt lat="46.859160000" lon="5.903030000">
        <ele>629.000</ele>
      </trkpt>
      <trkpt lat="46.859450000" lon="5.902420000">
        <ele>628.000</ele>
      </trkpt>
      <trkpt lat="46.859540000" lon="5.902220000">
        <ele>627.000</ele>
      </trkpt>
      <trkpt lat="46.859630000" lon="5.902030000">
        <ele>626.000</ele>
      </trkpt>
      <trkpt lat="46.859720000" lon="5.901860000">
        <ele>626.000</ele>
      </trkpt>
      <trkpt lat="46.859810000" lon="5.901730000">
        <ele>625.000</ele>
      </trkpt>
      <trkpt lat="46.859890000" lon="5.901620000">
        <ele>624.000</ele>
      </trkpt>
      <trkpt lat="46.859960000" lon="5.901530000">
        <ele>624.000</ele>
      </trkpt>
      <trkpt lat="46.860040000" lon="5.901440000">
        <ele>624.000</ele>
      </trkpt>
      <trkpt lat="46.860170000" lon="5.901310000">
        <ele>623.000</ele>
      </trkpt>
      <trkpt lat="46.860350000" lon="5.901140000">
        <ele>623.000</ele>
      </trkpt>
      <trkpt lat="46.860460000" lon="5.900990000">
        <ele>622.000</ele>
      </trkpt>
      <trkpt lat="46.860540000" lon="5.900870000">
        <ele>622.000</ele>
      </trkpt>
      <trkpt lat="46.860620000" lon="5.900730000">
        <ele>622.000</ele>
      </trkpt>
      <trkpt lat="46.860700000" lon="5.900570000">
        <ele>621.000</ele>
      </trkpt>
      <trkpt lat="46.860820000" lon="5.900350000">
        <ele>621.000</ele>
      </trkpt>
      <trkpt lat="46.860900000" lon="5.900210000">
        <ele>621.000</ele>
      </trkpt>
      <trkpt lat="46.860980000" lon="5.900120000">
        <ele>620.000</ele>
      </trkpt>
      <trkpt lat="46.861050000" lon="5.900040000">
        <ele>620.000</ele>
      </trkpt>
      <trkpt lat="46.861130000" lon="5.899980000">
        <ele>620.000</ele>
      </trkpt>
      <trkpt lat="46.861200000" lon="5.899930000">
        <ele>620.000</ele>
      </trkpt>
      <trkpt lat="46.861260000" lon="5.899900000">
        <ele>620.000</ele>
      </trkpt>
      <trkpt lat="46.861330000" lon="5.899880000">
        <ele>619.000</ele>
      </trkpt>
      <trkpt lat="46.861420000" lon="5.899850000">
        <ele>619.000</ele>
      </trkpt>
      <trkpt lat="46.861510000" lon="5.899830000">
        <ele>619.000</ele>
      </trkpt>
      <trkpt lat="46.861620000" lon="5.899810000">
        <ele>619.000</ele>
      </trkpt>
      <trkpt lat="46.862040000" lon="5.899740000">
        <ele>619.000</ele>
      </trkpt>
      <trkpt lat="46.862510000" lon="5.899650000">
        <ele>618.000</ele>
      </trkpt>
      <trkpt lat="46.862710000" lon="5.899610000">
        <ele>618.000</ele>
      </trkpt>
      <trkpt lat="46.863320000" lon="5.899490000">
        <ele>618.000</ele>
      </trkpt>
      <trkpt lat="46.863930000" lon="5.899370000">
        <ele>617.000</ele>
      </trkpt>
      <trkpt lat="46.864450000" lon="5.899270000">
        <ele>616.000</ele>
      </trkpt>
      <trkpt lat="46.864550000" lon="5.899250000">
        <ele>615.000</ele>
      </trkpt>
      <trkpt lat="46.864760000" lon="5.899200000">
        <ele>615.000</ele>
      </trkpt>
      <trkpt lat="46.864950000" lon="5.899140000">
        <ele>614.000</ele>
      </trkpt>
      <trkpt lat="46.865070000" lon="5.899100000">
        <ele>614.000</ele>
      </trkpt>
      <trkpt lat="46.865170000" lon="5.899080000">
        <ele>613.000</ele>
      </trkpt>
      <trkpt lat="46.865270000" lon="5.899070000">
        <ele>613.000</ele>
      </trkpt>
      <trkpt lat="46.865350000" lon="5.899070000">
        <ele>612.000</ele>
      </trkpt>
      <trkpt lat="46.865450000" lon="5.899100000">
        <ele>612.000</ele>
      </trkpt>
      <trkpt lat="46.865520000" lon="5.899130000">
        <ele>612.000</ele>
      </trkpt>
      <trkpt lat="46.865590000" lon="5.899160000">
        <ele>611.000</ele>
      </trkpt>
      <trkpt lat="46.865680000" lon="5.899230000">
        <ele>611.000</ele>
      </trkpt>
      <trkpt lat="46.865990000" lon="5.899450000">
        <ele>610.000</ele>
      </trkpt>
      <trkpt lat="46.866070000" lon="5.899490000">
        <ele>610.000</ele>
      </trkpt>
      <trkpt lat="46.866150000" lon="5.899510000">
        <ele>609.000</ele>
      </trkpt>
      <trkpt lat="46.866230000" lon="5.899520000">
        <ele>609.000</ele>
      </trkpt>
      <trkpt lat="46.866320000" lon="5.899510000">
        <ele>608.000</ele>
      </trkpt>
      <trkpt lat="46.866400000" lon="5.899480000">
        <ele>608.000</ele>
      </trkpt>
      <trkpt lat="46.866680000" lon="5.899360000">
        <ele>607.000</ele>
      </trkpt>
      <trkpt lat="46.866760000" lon="5.899330000">
        <ele>607.000</ele>
      </trkpt>
      <trkpt lat="46.866810000" lon="5.899330000">
        <ele>606.000</ele>
      </trkpt>
      <trkpt lat="46.866880000" lon="5.899320000">
        <ele>606.000</ele>
      </trkpt>
      <trkpt lat="46.866960000" lon="5.899320000">
        <ele>605.000</ele>
      </trkpt>
      <trkpt lat="46.867040000" lon="5.899340000">
        <ele>605.000</ele>
      </trkpt>
      <trkpt lat="46.867230000" lon="5.899390000">
        <ele>605.000</ele>
      </trkpt>
      <trkpt lat="46.867420000" lon="5.899450000">
        <ele>605.000</ele>
      </trkpt>
      <trkpt lat="46.867510000" lon="5.899470000">
        <ele>605.000</ele>
      </trkpt>
      <trkpt lat="46.867600000" lon="5.899480000">
        <ele>605.000</ele>
      </trkpt>
      <trkpt lat="46.867680000" lon="5.899470000">
        <ele>605.000</ele>
      </trkpt>
      <trkpt lat="46.867760000" lon="5.899450000">
        <ele>605.000</ele>
      </trkpt>
      <trkpt lat="46.867830000" lon="5.899410000">
        <ele>605.000</ele>
      </trkpt>
      <trkpt lat="46.867900000" lon="5.899360000">
        <ele>605.000</ele>
      </trkpt>
      <trkpt lat="46.867970000" lon="5.899310000">
        <ele>605.000</ele>
      </trkpt>
      <trkpt lat="46.868050000" lon="5.899230000">
        <ele>605.000</ele>
      </trkpt>
      <trkpt lat="46.868170000" lon="5.899120000">
        <ele>605.000</ele>
      </trkpt>
      <trkpt lat="46.868370000" lon="5.898930000">
        <ele>605.000</ele>
      </trkpt>
      <trkpt lat="46.868550000" lon="5.898760000">
        <ele>605.000</ele>
      </trkpt>
      <trkpt lat="46.868590000" lon="5.898730000">
        <ele>605.000</ele>
      </trkpt>
      <trkpt lat="46.868650000" lon="5.898680000">
        <ele>605.000</ele>
      </trkpt>
      <trkpt lat="46.868720000" lon="5.898640000">
        <ele>605.000</ele>
      </trkpt>
      <trkpt lat="46.868770000" lon="5.898620000">
        <ele>605.000</ele>
      </trkpt>
      <trkpt lat="46.868830000" lon="5.898600000">
        <ele>605.000</ele>
      </trkpt>
      <trkpt lat="46.868870000" lon="5.898590000">
        <ele>605.000</ele>
      </trkpt>
      <trkpt lat="46.868920000" lon="5.898590000">
        <ele>605.000</ele>
      </trkpt>
      <trkpt lat="46.868980000" lon="5.898590000">
        <ele>605.000</ele>
      </trkpt>
      <trkpt lat="46.869020000" lon="5.898600000">
        <ele>605.000</ele>
      </trkpt>
      <trkpt lat="46.869060000" lon="5.898600000">
        <ele>604.000</ele>
      </trkpt>
      <trkpt lat="46.869130000" lon="5.898620000">
        <ele>604.000</ele>
      </trkpt>
      <trkpt lat="46.869230000" lon="5.898650000">
        <ele>604.000</ele>
      </trkpt>
      <trkpt lat="46.869520000" lon="5.898770000">
        <ele>603.000</ele>
      </trkpt>
      <trkpt lat="46.869610000" lon="5.898800000">
        <ele>603.000</ele>
      </trkpt>
      <trkpt lat="46.869860000" lon="5.898890000">
        <ele>602.000</ele>
      </trkpt>
      <trkpt lat="46.870250000" lon="5.899030000">
        <ele>602.000</ele>
      </trkpt>
      <trkpt lat="46.870330000" lon="5.899060000">
        <ele>601.000</ele>
      </trkpt>
      <trkpt lat="46.870680000" lon="5.899180000">
        <ele>600.000</ele>
      </trkpt>
      <trkpt lat="46.871870000" lon="5.899630000">
        <ele>599.000</ele>
      </trkpt>
      <trkpt lat="46.872210000" lon="5.899750000">
        <ele>597.000</ele>
      </trkpt>
      <trkpt lat="46.872500000" lon="5.899780000">
        <ele>596.000</ele>
      </trkpt>
      <trkpt lat="46.873140000" lon="5.899870000">
        <ele>595.000</ele>
      </trkpt>
      <trkpt lat="46.873350000" lon="5.899880000">
        <ele>595.000</ele>
      </trkpt>
      <trkpt lat="46.873480000" lon="5.899870000">
        <ele>595.000</ele>
      </trkpt>
      <trkpt lat="46.873600000" lon="5.899840000">
        <ele>594.000</ele>
      </trkpt>
      <trkpt lat="46.873670000" lon="5.899800000">
        <ele>594.000</ele>
      </trkpt>
      <trkpt lat="46.873740000" lon="5.899740000">
        <ele>594.000</ele>
      </trkpt>
      <trkpt lat="46.873900000" lon="5.899540000">
        <ele>594.000</ele>
      </trkpt>
      <trkpt lat="46.874000000" lon="5.899430000">
        <ele>594.000</ele>
      </trkpt>
      <trkpt lat="46.874140000" lon="5.899320000">
        <ele>594.000</ele>
      </trkpt>
      <trkpt lat="46.874280000" lon="5.899250000">
        <ele>594.000</ele>
      </trkpt>
      <trkpt lat="46.874430000" lon="5.899180000">
        <ele>594.000</ele>
      </trkpt>
      <trkpt lat="46.874570000" lon="5.899150000">
        <ele>594.000</ele>
      </trkpt>
      <trkpt lat="46.874710000" lon="5.899150000">
        <ele>594.000</ele>
      </trkpt>
      <trkpt lat="46.874910000" lon="5.899200000">
        <ele>593.000</ele>
      </trkpt>
      <trkpt lat="46.877910000" lon="5.899930000">
        <ele>589.000</ele>
      </trkpt>
      <trkpt lat="46.880470000" lon="5.900530000">
        <ele>586.000</ele>
      </trkpt>
      <trkpt lat="46.880620000" lon="5.900540000">
        <ele>584.000</ele>
      </trkpt>
      <trkpt lat="46.880720000" lon="5.900520000">
        <ele>582.000</ele>
      </trkpt>
      <trkpt lat="46.880860000" lon="5.900420000">
        <ele>581.000</ele>
      </trkpt>
      <trkpt lat="46.882020000" lon="5.899090000">
        <ele>578.000</ele>
      </trkpt>
      <trkpt lat="46.883100000" lon="5.897800000">
        <ele>575.000</ele>
      </trkpt>
      <trkpt lat="46.883270000" lon="5.897590000">
        <ele>572.000</ele>
      </trkpt>
      <trkpt lat="46.883480000" lon="5.897370000">
        <ele>570.000</ele>
      </trkpt>
      <trkpt lat="46.883720000" lon="5.897250000">
        <ele>568.000</ele>
      </trkpt>
      <trkpt lat="46.883970000" lon="5.897140000">
        <ele>566.000</ele>
      </trkpt>
      <trkpt lat="46.884240000" lon="5.897050000">
        <ele>564.000</ele>
      </trkpt>
      <trkpt lat="46.884480000" lon="5.897010000">
        <ele>563.000</ele>
      </trkpt>
      <trkpt lat="46.884740000" lon="5.896990000">
        <ele>561.000</ele>
      </trkpt>
      <trkpt lat="46.885190000" lon="5.897080000">
        <ele>559.000</ele>
      </trkpt>
      <trkpt lat="46.885400000" lon="5.897080000">
        <ele>557.000</ele>
      </trkpt>
      <trkpt lat="46.886200000" lon="5.897020000">
        <ele>556.000</ele>
      </trkpt>
      <trkpt lat="46.886360000" lon="5.896950000">
        <ele>554.000</ele>
      </trkpt>
      <trkpt lat="46.886650000" lon="5.896780000">
        <ele>554.000</ele>
      </trkpt>
      <trkpt lat="46.887820000" lon="5.896350000">
        <ele>553.000</ele>
      </trkpt>
      <trkpt lat="46.887870000" lon="5.896320000">
        <ele>552.000</ele>
      </trkpt>
      <trkpt lat="46.887870000" lon="5.896320000">
        <ele>551.000</ele>
      </trkpt>
      <trkpt lat="46.888540000" lon="5.895970000">
        <ele>548.000</ele>
      </trkpt>
      <trkpt lat="46.888760000" lon="5.895880000">
        <ele>546.000</ele>
      </trkpt>
      <trkpt lat="46.888870000" lon="5.895780000">
        <ele>543.000</ele>
      </trkpt>
      <trkpt lat="46.888940000" lon="5.895670000">
        <ele>542.000</ele>
      </trkpt>
      <trkpt lat="46.889070000" lon="5.895270000">
        <ele>539.000</ele>
      </trkpt>
      <trkpt lat="46.889170000" lon="5.894820000">
        <ele>537.000</ele>
      </trkpt>
      <trkpt lat="46.889230000" lon="5.894610000">
        <ele>535.000</ele>
      </trkpt>
      <trkpt lat="46.889530000" lon="5.893700000">
        <ele>532.000</ele>
      </trkpt>
      <trkpt lat="46.889580000" lon="5.893580000">
        <ele>530.000</ele>
      </trkpt>
      <trkpt lat="46.889650000" lon="5.893450000">
        <ele>529.000</ele>
      </trkpt>
      <trkpt lat="46.889740000" lon="5.893350000">
        <ele>528.000</ele>
      </trkpt>
      <trkpt lat="46.889830000" lon="5.893260000">
        <ele>527.000</ele>
      </trkpt>
      <trkpt lat="46.889910000" lon="5.893210000">
        <ele>526.000</ele>
      </trkpt>
      <trkpt lat="46.889990000" lon="5.893190000">
        <ele>526.000</ele>
      </trkpt>
      <trkpt lat="46.890090000" lon="5.893180000">
        <ele>525.000</ele>
      </trkpt>
      <trkpt lat="46.890210000" lon="5.893180000">
        <ele>524.000</ele>
      </trkpt>
      <trkpt lat="46.890320000" lon="5.893200000">
        <ele>524.000</ele>
      </trkpt>
      <trkpt lat="46.890540000" lon="5.893250000">
        <ele>523.000</ele>
      </trkpt>
      <trkpt lat="46.891450000" lon="5.893480000">
        <ele>522.000</ele>
      </trkpt>
      <trkpt lat="46.891570000" lon="5.893510000">
        <ele>522.000</ele>
      </trkpt>
      <trkpt lat="46.891690000" lon="5.893530000">
        <ele>521.000</ele>
      </trkpt>
      <trkpt lat="46.891820000" lon="5.893530000">
        <ele>521.000</ele>
      </trkpt>
      <trkpt lat="46.891940000" lon="5.893530000">
        <ele>521.000</ele>
      </trkpt>
      <trkpt lat="46.892080000" lon="5.893520000">
        <ele>520.000</ele>
      </trkpt>
      <trkpt lat="46.892230000" lon="5.893530000">
        <ele>520.000</ele>
      </trkpt>
      <trkpt lat="46.892370000" lon="5.893560000">
        <ele>520.000</ele>
      </trkpt>
      <trkpt lat="46.892920000" lon="5.893750000">
        <ele>518.000</ele>
      </trkpt>
      <trkpt lat="46.893200000" lon="5.893820000">
        <ele>515.000</ele>
      </trkpt>
      <trkpt lat="46.893350000" lon="5.893830000">
        <ele>513.000</ele>
      </trkpt>
      <trkpt lat="46.893490000" lon="5.893820000">
        <ele>511.000</ele>
      </trkpt>
      <trkpt lat="46.893590000" lon="5.893800000">
        <ele>509.000</ele>
      </trkpt>
      <trkpt lat="46.893690000" lon="5.893760000">
        <ele>508.000</ele>
      </trkpt>
      <trkpt lat="46.893800000" lon="5.893710000">
        <ele>506.000</ele>
      </trkpt>
      <trkpt lat="46.893900000" lon="5.893640000">
        <ele>505.000</ele>
      </trkpt>
      <trkpt lat="46.893990000" lon="5.893580000">
        <ele>504.000</ele>
      </trkpt>
      <trkpt lat="46.894220000" lon="5.893440000">
        <ele>502.000</ele>
      </trkpt>
      <trkpt lat="46.894340000" lon="5.893370000">
        <ele>501.000</ele>
      </trkpt>
      <trkpt lat="46.894620000" lon="5.893250000">
        <ele>500.000</ele>
      </trkpt>
      <trkpt lat="46.894940000" lon="5.893110000">
        <ele>499.000</ele>
      </trkpt>
      <trkpt lat="46.895030000" lon="5.893060000">
        <ele>498.000</ele>
      </trkpt>
      <trkpt lat="46.895400000" lon="5.892880000">
        <ele>497.000</ele>
      </trkpt>
      <trkpt lat="46.895490000" lon="5.892830000">
        <ele>497.000</ele>
      </trkpt>
      <trkpt lat="46.895590000" lon="5.892810000">
        <ele>496.000</ele>
      </trkpt>
      <trkpt lat="46.895680000" lon="5.892780000">
        <ele>496.000</ele>
      </trkpt>
      <trkpt lat="46.895780000" lon="5.892770000">
        <ele>496.000</ele>
      </trkpt>
      <trkpt lat="46.895870000" lon="5.892760000">
        <ele>495.000</ele>
      </trkpt>
      <trkpt lat="46.895990000" lon="5.892780000">
        <ele>495.000</ele>
      </trkpt>
      <trkpt lat="46.896120000" lon="5.892810000">
        <ele>496.000</ele>
      </trkpt>
      <trkpt lat="46.896130000" lon="5.892780000">
        <ele>496.000</ele>
      </trkpt>
      <trkpt lat="46.896140000" lon="5.892750000">
        <ele>496.000</ele>
      </trkpt>
      <trkpt lat="46.896150000" lon="5.892730000">
        <ele>497.000</ele>
      </trkpt>
      <trkpt lat="46.896170000" lon="5.892710000">
        <ele>497.000</ele>
      </trkpt>
      <trkpt lat="46.896200000" lon="5.892700000">
        <ele>497.000</ele>
      </trkpt>
      <trkpt lat="46.896230000" lon="5.892690000">
        <ele>498.000</ele>
      </trkpt>
      <trkpt lat="46.896370000" lon="5.892710000">
        <ele>499.000</ele>
      </trkpt>
      <trkpt lat="46.896550000" lon="5.892740000">
        <ele>500.000</ele>
      </trkpt>
      <trkpt lat="46.896650000" lon="5.892740000">
        <ele>502.000</ele>
      </trkpt>
      <trkpt lat="46.896820000" lon="5.892740000">
        <ele>504.000</ele>
      </trkpt>
      <trkpt lat="46.896950000" lon="5.892730000">
        <ele>505.000</ele>
      </trkpt>
      <trkpt lat="46.897050000" lon="5.892710000">
        <ele>507.000</ele>
      </trkpt>
      <trkpt lat="46.897110000" lon="5.892670000">
        <ele>509.000</ele>
      </trkpt>
      <trkpt lat="46.897160000" lon="5.892630000">
        <ele>510.000</ele>
      </trkpt>
      <trkpt lat="46.897260000" lon="5.892510000">
        <ele>511.000</ele>
      </trkpt>
      <trkpt lat="46.897420000" lon="5.892320000">
        <ele>513.000</ele>
      </trkpt>
      <trkpt lat="46.897680000" lon="5.892150000">
        <ele>516.000</ele>
      </trkpt>
      <trkpt lat="46.897890000" lon="5.892040000">
        <ele>518.000</ele>
      </trkpt>
      <trkpt lat="46.898040000" lon="5.891880000">
        <ele>520.000</ele>
      </trkpt>
      <trkpt lat="46.898130000" lon="5.891720000">
        <ele>522.000</ele>
      </trkpt>
      <trkpt lat="46.898230000" lon="5.891530000">
        <ele>523.000</ele>
      </trkpt>
      <trkpt lat="46.898280000" lon="5.891300000">
        <ele>525.000</ele>
      </trkpt>
      <trkpt lat="46.898400000" lon="5.891100000">
        <ele>526.000</ele>
      </trkpt>
      <trkpt lat="46.898640000" lon="5.890740000">
        <ele>528.000</ele>
      </trkpt>
      <trkpt lat="46.898980000" lon="5.890400000">
        <ele>530.000</ele>
      </trkpt>
      <trkpt lat="46.899440000" lon="5.890160000">
        <ele>532.000</ele>
      </trkpt>
      <trkpt lat="46.899570000" lon="5.890040000">
        <ele>534.000</ele>
      </trkpt>
      <trkpt lat="46.899710000" lon="5.889800000">
        <ele>536.000</ele>
      </trkpt>
      <trkpt lat="46.899700000" lon="5.889640000">
        <ele>538.000</ele>
      </trkpt>
      <trkpt lat="46.899640000" lon="5.889530000">
        <ele>539.000</ele>
      </trkpt>
      <trkpt lat="46.899540000" lon="5.889500000">
        <ele>540.000</ele>
      </trkpt>
      <trkpt lat="46.899450000" lon="5.889510000">
        <ele>541.000</ele>
      </trkpt>
      <trkpt lat="46.899200000" lon="5.889680000">
        <ele>542.000</ele>
      </trkpt>
      <trkpt lat="46.899000000" lon="5.889870000">
        <ele>544.000</ele>
      </trkpt>
      <trkpt lat="46.898650000" lon="5.890100000">
        <ele>546.000</ele>
      </trkpt>
      <trkpt lat="46.898430000" lon="5.890280000">
        <ele>548.000</ele>
      </trkpt>
      <trkpt lat="46.898260000" lon="5.890350000">
        <ele>549.000</ele>
      </trkpt>
      <trkpt lat="46.898000000" lon="5.890240000">
        <ele>551.000</ele>
      </trkpt>
      <trkpt lat="46.897730000" lon="5.890010000">
        <ele>553.000</ele>
      </trkpt>
      <trkpt lat="46.897480000" lon="5.889680000">
        <ele>556.000</ele>
      </trkpt>
      <trkpt lat="46.897480000" lon="5.889680000">
        <ele>557.000</ele>
      </trkpt>
      <trkpt lat="46.897410000" lon="5.889580000">
        <ele>559.000</ele>
      </trkpt>
      <trkpt lat="46.897300000" lon="5.889330000">
        <ele>560.000</ele>
      </trkpt>
      <trkpt lat="46.897300000" lon="5.889140000">
        <ele>561.000</ele>
      </trkpt>
      <trkpt lat="46.897310000" lon="5.888870000">
        <ele>563.000</ele>
      </trkpt>
      <trkpt lat="46.897280000" lon="5.888680000">
        <ele>564.000</ele>
      </trkpt>
      <trkpt lat="46.897250000" lon="5.888580000">
        <ele>565.000</ele>
      </trkpt>
      <trkpt lat="46.897060000" lon="5.888540000">
        <ele>565.000</ele>
      </trkpt>
      <trkpt lat="46.896870000" lon="5.888490000">
        <ele>566.000</ele>
      </trkpt>
      <trkpt lat="46.896780000" lon="5.888470000">
        <ele>566.000</ele>
      </trkpt>
      <trkpt lat="46.896620000" lon="5.888450000">
        <ele>567.000</ele>
      </trkpt>
      <trkpt lat="46.896540000" lon="5.888480000">
        <ele>567.000</ele>
      </trkpt>
      <trkpt lat="46.896310000" lon="5.888580000">
        <ele>567.000</ele>
      </trkpt>
      <trkpt lat="46.896120000" lon="5.888680000">
        <ele>568.000</ele>
      </trkpt>
      <trkpt lat="46.896000000" lon="5.888760000">
        <ele>568.000</ele>
      </trkpt>
      <trkpt lat="46.896070000" lon="5.888370000">
        <ele>569.000</ele>
      </trkpt>
      <trkpt lat="46.896280000" lon="5.887780000">
        <ele>569.000</ele>
      </trkpt>
      <trkpt lat="46.896450000" lon="5.887300000">
        <ele>570.000</ele>
      </trkpt>
      <trkpt lat="46.896450000" lon="5.887300000">
        <ele>571.000</ele>
      </trkpt>
      <trkpt lat="46.896860000" lon="5.886160000">
        <ele>573.000</ele>
      </trkpt>
      <trkpt lat="46.896910000" lon="5.886030000">
        <ele>574.000</ele>
      </trkpt>
      <trkpt lat="46.897450000" lon="5.884380000">
        <ele>577.000</ele>
      </trkpt>
      <trkpt lat="46.896740000" lon="5.883660000">
        <ele>581.000</ele>
      </trkpt>
      <trkpt lat="46.896630000" lon="5.883520000">
        <ele>583.000</ele>
      </trkpt>
      <trkpt lat="46.896570000" lon="5.883380000">
        <ele>586.000</ele>
      </trkpt>
      <trkpt lat="46.896430000" lon="5.883070000">
        <ele>588.000</ele>
      </trkpt>
      <trkpt lat="46.896030000" lon="5.882440000">
        <ele>590.000</ele>
      </trkpt>
      <trkpt lat="46.895690000" lon="5.881930000">
        <ele>593.000</ele>
      </trkpt>
      <trkpt lat="46.895400000" lon="5.881410000">
        <ele>595.000</ele>
      </trkpt>
      <trkpt lat="46.894760000" lon="5.880820000">
        <ele>598.000</ele>
      </trkpt>
      <trkpt lat="46.893730000" lon="5.880100000">
        <ele>601.000</ele>
      </trkpt>
      <trkpt lat="46.893170000" lon="5.879710000">
        <ele>604.000</ele>
      </trkpt>
      <trkpt lat="46.893080000" lon="5.879640000">
        <ele>606.000</ele>
      </trkpt>
      <trkpt lat="46.893010000" lon="5.879560000">
        <ele>607.000</ele>
      </trkpt>
      <trkpt lat="46.892950000" lon="5.879480000">
        <ele>608.000</ele>
      </trkpt>
      <trkpt lat="46.892900000" lon="5.879370000">
        <ele>608.000</ele>
      </trkpt>
      <trkpt lat="46.892860000" lon="5.879220000">
        <ele>609.000</ele>
      </trkpt>
      <trkpt lat="46.892690000" lon="5.878540000">
        <ele>609.000</ele>
      </trkpt>
      <trkpt lat="46.892610000" lon="5.878210000">
        <ele>610.000</ele>
      </trkpt>
      <trkpt lat="46.892520000" lon="5.877900000">
        <ele>610.000</ele>
      </trkpt>
      <trkpt lat="46.892300000" lon="5.877080000">
        <ele>612.000</ele>
      </trkpt>
      <trkpt lat="46.892320000" lon="5.877040000">
        <ele>613.000</ele>
      </trkpt>
      <trkpt lat="46.892320000" lon="5.877040000">
        <ele>613.000</ele>
      </trkpt>
      <trkpt lat="46.892300000" lon="5.877080000">
        <ele>614.000</ele>
      </trkpt>
      <trkpt lat="46.892110000" lon="5.876430000">
        <ele>615.000</ele>
      </trkpt>
      <trkpt lat="46.892030000" lon="5.876120000">
        <ele>616.000</ele>
      </trkpt>
      <trkpt lat="46.891710000" lon="5.875020000">
        <ele>618.000</ele>
      </trkpt>
      <trkpt lat="46.891430000" lon="5.874040000">
        <ele>619.000</ele>
      </trkpt>
      <trkpt lat="46.891370000" lon="5.873790000">
        <ele>620.000</ele>
      </trkpt>
      <trkpt lat="46.891240000" lon="5.873120000">
        <ele>621.000</ele>
      </trkpt>
      <trkpt lat="46.891140000" lon="5.872630000">
        <ele>621.000</ele>
      </trkpt>
      <trkpt lat="46.890910000" lon="5.871540000">
        <ele>622.000</ele>
      </trkpt>
      <trkpt lat="46.891800000" lon="5.870370000">
        <ele>622.000</ele>
      </trkpt>
      <trkpt lat="46.892080000" lon="5.869980000">
        <ele>622.000</ele>
      </trkpt>
      <trkpt lat="46.892410000" lon="5.869530000">
        <ele>623.000</ele>
      </trkpt>
      <trkpt lat="46.898990000" lon="5.860610000">
        <ele>614.000</ele>
      </trkpt>
      <trkpt lat="46.899060000" lon="5.860520000">
        <ele>608.000</ele>
      </trkpt>
      <trkpt lat="46.899900000" lon="5.859390000">
        <ele>602.000</ele>
      </trkpt>
      <trkpt lat="46.900610000" lon="5.858440000">
        <ele>596.000</ele>
      </trkpt>
      <trkpt lat="46.900730000" lon="5.858180000">
        <ele>592.000</ele>
      </trkpt>
      <trkpt lat="46.900830000" lon="5.857890000">
        <ele>590.000</ele>
      </trkpt>
      <trkpt lat="46.901990000" lon="5.853000000">
        <ele>585.000</ele>
      </trkpt>
      <trkpt lat="46.902480000" lon="5.850910000">
        <ele>581.000</ele>
      </trkpt>
      <trkpt lat="46.902480000" lon="5.850910000">
        <ele>578.000</ele>
      </trkpt>
      <trkpt lat="46.902900000" lon="5.849110000">
        <ele>575.000</ele>
      </trkpt>
      <trkpt lat="46.903750000" lon="5.845490000">
        <ele>575.000</ele>
      </trkpt>
      <trkpt lat="46.905680000" lon="5.837210000">
        <ele>570.000</ele>
      </trkpt>
      <trkpt lat="46.905870000" lon="5.836380000">
        <ele>568.000</ele>
      </trkpt>
      <trkpt lat="46.905950000" lon="5.836120000">
        <ele>567.000</ele>
      </trkpt>
      <trkpt lat="46.906020000" lon="5.835990000">
        <ele>567.000</ele>
      </trkpt>
      <trkpt lat="46.906090000" lon="5.835900000">
        <ele>566.000</ele>
      </trkpt>
      <trkpt lat="46.906160000" lon="5.835840000">
        <ele>566.000</ele>
      </trkpt>
      <trkpt lat="46.906320000" lon="5.835800000">
        <ele>567.000</ele>
      </trkpt>
      <trkpt lat="46.907110000" lon="5.835940000">
        <ele>568.000</ele>
      </trkpt>
      <trkpt lat="46.907230000" lon="5.835910000">
        <ele>569.000</ele>
      </trkpt>
      <trkpt lat="46.907310000" lon="5.835840000">
        <ele>569.000</ele>
      </trkpt>
      <trkpt lat="46.907400000" lon="5.835670000">
        <ele>569.000</ele>
      </trkpt>
      <trkpt lat="46.907520000" lon="5.835230000">
        <ele>568.000</ele>
      </trkpt>
      <trkpt lat="46.908400000" lon="5.832220000">
        <ele>564.000</ele>
      </trkpt>
      <trkpt lat="46.909390000" lon="5.828860000">
        <ele>562.000</ele>
      </trkpt>
      <trkpt lat="46.910030000" lon="5.826660000">
        <ele>562.000</ele>
      </trkpt>
      <trkpt lat="46.910150000" lon="5.826260000">
        <ele>562.000</ele>
      </trkpt>
      <trkpt lat="46.911000000" lon="5.823400000">
        <ele>560.000</ele>
      </trkpt>
      <trkpt lat="46.911640000" lon="5.821140000">
        <ele>561.000</ele>
      </trkpt>
      <trkpt lat="46.911910000" lon="5.820280000">
        <ele>563.000</ele>
      </trkpt>
      <trkpt lat="46.912000000" lon="5.819970000">
        <ele>564.000</ele>
      </trkpt>
      <trkpt lat="46.912080000" lon="5.819600000">
        <ele>564.000</ele>
      </trkpt>
      <trkpt lat="46.912110000" lon="5.819430000">
        <ele>564.000</ele>
      </trkpt>
      <trkpt lat="46.912120000" lon="5.819110000">
        <ele>563.000</ele>
      </trkpt>
      <trkpt lat="46.912100000" lon="5.818860000">
        <ele>563.000</ele>
      </trkpt>
      <trkpt lat="46.912080000" lon="5.818660000">
        <ele>562.000</ele>
      </trkpt>
      <trkpt lat="46.912040000" lon="5.818510000">
        <ele>562.000</ele>
      </trkpt>
      <trkpt lat="46.911970000" lon="5.818320000">
        <ele>561.000</ele>
      </trkpt>
      <trkpt lat="46.911840000" lon="5.818090000">
        <ele>560.000</ele>
      </trkpt>
      <trkpt lat="46.911520000" lon="5.817520000">
        <ele>559.000</ele>
      </trkpt>
      <trkpt lat="46.910810000" lon="5.816370000">
        <ele>556.000</ele>
      </trkpt>
      <trkpt lat="46.910730000" lon="5.816230000">
        <ele>553.000</ele>
      </trkpt>
      <trkpt lat="46.910510000" lon="5.815970000">
        <ele>551.000</ele>
      </trkpt>
      <trkpt lat="46.910270000" lon="5.815610000">
        <ele>548.000</ele>
      </trkpt>
      <trkpt lat="46.910000000" lon="5.815260000">
        <ele>546.000</ele>
      </trkpt>
      <trkpt lat="46.909900000" lon="5.815140000">
        <ele>545.000</ele>
      </trkpt>
      <trkpt lat="46.909800000" lon="5.815030000">
        <ele>544.000</ele>
      </trkpt>
      <trkpt lat="46.909670000" lon="5.814910000">
        <ele>543.000</ele>
      </trkpt>
      <trkpt lat="46.909510000" lon="5.814790000">
        <ele>542.000</ele>
      </trkpt>
      <trkpt lat="46.909180000" lon="5.814540000">
        <ele>541.000</ele>
      </trkpt>
      <trkpt lat="46.908940000" lon="5.814400000">
        <ele>540.000</ele>
      </trkpt>
      <trkpt lat="46.908710000" lon="5.814260000">
        <ele>539.000</ele>
      </trkpt>
      <trkpt lat="46.908320000" lon="5.814030000">
        <ele>537.000</ele>
      </trkpt>
      <trkpt lat="46.907780000" lon="5.813630000">
        <ele>535.000</ele>
      </trkpt>
      <trkpt lat="46.907690000" lon="5.813560000">
        <ele>534.000</ele>
      </trkpt>
      <trkpt lat="46.907610000" lon="5.813530000">
        <ele>533.000</ele>
      </trkpt>
      <trkpt lat="46.907500000" lon="5.813510000">
        <ele>532.000</ele>
      </trkpt>
      <trkpt lat="46.907200000" lon="5.813410000">
        <ele>531.000</ele>
      </trkpt>
      <trkpt lat="46.906560000" lon="5.813190000">
        <ele>529.000</ele>
      </trkpt>
      <trkpt lat="46.906440000" lon="5.813150000">
        <ele>527.000</ele>
      </trkpt>
      <trkpt lat="46.906360000" lon="5.813100000">
        <ele>526.000</ele>
      </trkpt>
      <trkpt lat="46.906270000" lon="5.813040000">
        <ele>525.000</ele>
      </trkpt>
      <trkpt lat="46.906210000" lon="5.812970000">
        <ele>523.000</ele>
      </trkpt>
      <trkpt lat="46.906060000" lon="5.812770000">
        <ele>522.000</ele>
      </trkpt>
      <trkpt lat="46.905980000" lon="5.812690000">
        <ele>520.000</ele>
      </trkpt>
      <trkpt lat="46.905900000" lon="5.812630000">
        <ele>519.000</ele>
      </trkpt>
      <trkpt lat="46.905830000" lon="5.812600000">
        <ele>518.000</ele>
      </trkpt>
      <trkpt lat="46.905760000" lon="5.812590000">
        <ele>517.000</ele>
      </trkpt>
      <trkpt lat="46.905600000" lon="5.812560000">
        <ele>515.000</ele>
      </trkpt>
      <trkpt lat="46.905560000" lon="5.812560000">
        <ele>514.000</ele>
      </trkpt>
      <trkpt lat="46.905530000" lon="5.812550000">
        <ele>513.000</ele>
      </trkpt>
      <trkpt lat="46.905490000" lon="5.812520000">
        <ele>513.000</ele>
      </trkpt>
      <trkpt lat="46.905450000" lon="5.812500000">
        <ele>512.000</ele>
      </trkpt>
      <trkpt lat="46.905310000" lon="5.812360000">
        <ele>511.000</ele>
      </trkpt>
      <trkpt lat="46.905250000" lon="5.812300000">
        <ele>510.000</ele>
      </trkpt>
      <trkpt lat="46.905200000" lon="5.812270000">
        <ele>509.000</ele>
      </trkpt>
      <trkpt lat="46.905150000" lon="5.812250000">
        <ele>508.000</ele>
      </trkpt>
      <trkpt lat="46.905070000" lon="5.812240000">
        <ele>507.000</ele>
      </trkpt>
      <trkpt lat="46.905000000" lon="5.812240000">
        <ele>506.000</ele>
      </trkpt>
      <trkpt lat="46.904920000" lon="5.812260000">
        <ele>505.000</ele>
      </trkpt>
      <trkpt lat="46.904800000" lon="5.812280000">
        <ele>505.000</ele>
      </trkpt>
      <trkpt lat="46.904650000" lon="5.812310000">
        <ele>505.000</ele>
      </trkpt>
      <trkpt lat="46.904470000" lon="5.812330000">
        <ele>505.000</ele>
      </trkpt>
      <trkpt lat="46.904350000" lon="5.812350000">
        <ele>505.000</ele>
      </trkpt>
      <trkpt lat="46.904250000" lon="5.812360000">
        <ele>505.000</ele>
      </trkpt>
      <trkpt lat="46.904090000" lon="5.812400000">
        <ele>505.000</ele>
      </trkpt>
      <trkpt lat="46.903930000" lon="5.812440000">
        <ele>505.000</ele>
      </trkpt>
      <trkpt lat="46.903760000" lon="5.812500000">
        <ele>505.000</ele>
      </trkpt>
      <trkpt lat="46.903640000" lon="5.812540000">
        <ele>506.000</ele>
      </trkpt>
      <trkpt lat="46.903400000" lon="5.812600000">
        <ele>506.000</ele>
      </trkpt>
      <trkpt lat="46.903200000" lon="5.812630000">
        <ele>506.000</ele>
      </trkpt>
      <trkpt lat="46.903030000" lon="5.812650000">
        <ele>507.000</ele>
      </trkpt>
      <trkpt lat="46.902910000" lon="5.812650000">
        <ele>507.000</ele>
      </trkpt>
      <trkpt lat="46.902810000" lon="5.812630000">
        <ele>507.000</ele>
      </trkpt>
      <trkpt lat="46.902730000" lon="5.812600000">
        <ele>506.000</ele>
      </trkpt>
      <trkpt lat="46.902610000" lon="5.812550000">
        <ele>506.000</ele>
      </trkpt>
      <trkpt lat="46.902360000" lon="5.812410000">
        <ele>505.000</ele>
      </trkpt>
      <trkpt lat="46.902090000" lon="5.812250000">
        <ele>505.000</ele>
      </trkpt>
      <trkpt lat="46.901920000" lon="5.812140000">
        <ele>504.000</ele>
      </trkpt>
      <trkpt lat="46.901780000" lon="5.812050000">
        <ele>503.000</ele>
      </trkpt>
      <trkpt lat="46.901650000" lon="5.811940000">
        <ele>502.000</ele>
      </trkpt>
      <trkpt lat="46.901550000" lon="5.811840000">
        <ele>501.000</ele>
      </trkpt>
      <trkpt lat="46.901490000" lon="5.811760000">
        <ele>501.000</ele>
      </trkpt>
      <trkpt lat="46.901430000" lon="5.811660000">
        <ele>500.000</ele>
      </trkpt>
      <trkpt lat="46.901360000" lon="5.811530000">
        <ele>500.000</ele>
      </trkpt>
      <trkpt lat="46.901070000" lon="5.810960000">
        <ele>497.000</ele>
      </trkpt>
      <trkpt lat="46.900990000" lon="5.810800000">
        <ele>495.000</ele>
      </trkpt>
      <trkpt lat="46.900800000" lon="5.810430000">
        <ele>491.000</ele>
      </trkpt>
      <trkpt lat="46.900750000" lon="5.810280000">
        <ele>489.000</ele>
      </trkpt>
      <trkpt lat="46.900690000" lon="5.810120000">
        <ele>486.000</ele>
      </trkpt>
      <trkpt lat="46.900630000" lon="5.809920000">
        <ele>484.000</ele>
      </trkpt>
      <trkpt lat="46.900510000" lon="5.809420000">
        <ele>481.000</ele>
      </trkpt>
      <trkpt lat="46.900450000" lon="5.809240000">
        <ele>478.000</ele>
      </trkpt>
      <trkpt lat="46.900380000" lon="5.809080000">
        <ele>476.000</ele>
      </trkpt>
      <trkpt lat="46.900330000" lon="5.808960000">
        <ele>474.000</ele>
      </trkpt>
      <trkpt lat="46.900280000" lon="5.808870000">
        <ele>473.000</ele>
      </trkpt>
      <trkpt lat="46.900220000" lon="5.808810000">
        <ele>472.000</ele>
      </trkpt>
      <trkpt lat="46.900160000" lon="5.808760000">
        <ele>471.000</ele>
      </trkpt>
      <trkpt lat="46.900100000" lon="5.808710000">
        <ele>470.000</ele>
      </trkpt>
      <trkpt lat="46.900030000" lon="5.808680000">
        <ele>470.000</ele>
      </trkpt>
      <trkpt lat="46.899760000" lon="5.808600000">
        <ele>469.000</ele>
      </trkpt>
      <trkpt lat="46.899420000" lon="5.808500000">
        <ele>467.000</ele>
      </trkpt>
      <trkpt lat="46.898860000" lon="5.808320000">
        <ele>465.000</ele>
      </trkpt>
      <trkpt lat="46.898290000" lon="5.808120000">
        <ele>462.000</ele>
      </trkpt>
      <trkpt lat="46.896950000" lon="5.807690000">
        <ele>456.000</ele>
      </trkpt>
      <trkpt lat="46.895780000" lon="5.807340000">
        <ele>449.000</ele>
      </trkpt>
      <trkpt lat="46.895490000" lon="5.807250000">
        <ele>443.000</ele>
      </trkpt>
      <trkpt lat="46.895350000" lon="5.807180000">
        <ele>439.000</ele>
      </trkpt>
      <trkpt lat="46.895280000" lon="5.807120000">
        <ele>437.000</ele>
      </trkpt>
      <trkpt lat="46.895210000" lon="5.807010000">
        <ele>434.000</ele>
      </trkpt>
      <trkpt lat="46.895160000" lon="5.806890000">
        <ele>433.000</ele>
      </trkpt>
      <trkpt lat="46.895130000" lon="5.806760000">
        <ele>432.000</ele>
      </trkpt>
      <trkpt lat="46.895120000" lon="5.806640000">
        <ele>430.000</ele>
      </trkpt>
      <trkpt lat="46.895140000" lon="5.806500000">
        <ele>430.000</ele>
      </trkpt>
      <trkpt lat="46.895200000" lon="5.806370000">
        <ele>429.000</ele>
      </trkpt>
      <trkpt lat="46.895280000" lon="5.806280000">
        <ele>428.000</ele>
      </trkpt>
      <trkpt lat="46.895650000" lon="5.806020000">
        <ele>426.000</ele>
      </trkpt>
      <trkpt lat="46.896050000" lon="5.805750000">
        <ele>424.000</ele>
      </trkpt>
      <trkpt lat="46.896640000" lon="5.805340000">
        <ele>421.000</ele>
      </trkpt>
      <trkpt lat="46.897040000" lon="5.805070000">
        <ele>417.000</ele>
      </trkpt>
      <trkpt lat="46.897470000" lon="5.804930000">
        <ele>412.000</ele>
      </trkpt>
      <trkpt lat="46.897820000" lon="5.804810000">
        <ele>408.000</ele>
      </trkpt>
      <trkpt lat="46.898150000" lon="5.804800000">
        <ele>404.000</ele>
      </trkpt>
      <trkpt lat="46.898340000" lon="5.804790000">
        <ele>401.000</ele>
      </trkpt>
      <trkpt lat="46.898710000" lon="5.804800000">
        <ele>397.000</ele>
      </trkpt>
      <trkpt lat="46.899140000" lon="5.804760000">
        <ele>394.000</ele>
      </trkpt>
      <trkpt lat="46.899280000" lon="5.804730000">
        <ele>391.000</ele>
      </trkpt>
      <trkpt lat="46.899450000" lon="5.804660000">
        <ele>388.000</ele>
      </trkpt>
      <trkpt lat="46.899760000" lon="5.804410000">
        <ele>385.000</ele>
      </trkpt>
      <trkpt lat="46.900300000" lon="5.803980000">
        <ele>381.000</ele>
      </trkpt>
      <trkpt lat="46.900460000" lon="5.803820000">
        <ele>376.000</ele>
      </trkpt>
      <trkpt lat="46.900650000" lon="5.803620000">
        <ele>373.000</ele>
      </trkpt>
      <trkpt lat="46.900820000" lon="5.803410000">
        <ele>369.000</ele>
      </trkpt>
      <trkpt lat="46.900890000" lon="5.803330000">
        <ele>366.000</ele>
      </trkpt>
      <trkpt lat="46.900920000" lon="5.803310000">
        <ele>364.000</ele>
      </trkpt>
      <trkpt lat="46.901080000" lon="5.803210000">
        <ele>362.000</ele>
      </trkpt>
      <trkpt lat="46.901270000" lon="5.803120000">
        <ele>360.000</ele>
      </trkpt>
      <trkpt lat="46.901580000" lon="5.802950000">
        <ele>357.000</ele>
      </trkpt>
      <trkpt lat="46.902080000" lon="5.802720000">
        <ele>353.000</ele>
      </trkpt>
      <trkpt lat="46.902170000" lon="5.802670000">
        <ele>351.000</ele>
      </trkpt>
      <trkpt lat="46.902260000" lon="5.802570000">
        <ele>349.000</ele>
      </trkpt>
      <trkpt lat="46.902320000" lon="5.802440000">
        <ele>347.000</ele>
      </trkpt>
      <trkpt lat="46.902370000" lon="5.802290000">
        <ele>346.000</ele>
      </trkpt>
      <trkpt lat="46.902370000" lon="5.802130000">
        <ele>345.000</ele>
      </trkpt>
      <trkpt lat="46.902260000" lon="5.801430000">
        <ele>343.000</ele>
      </trkpt>
      <trkpt lat="46.902020000" lon="5.799930000">
        <ele>339.000</ele>
      </trkpt>
      <trkpt lat="46.901800000" lon="5.798520000">
        <ele>336.000</ele>
      </trkpt>
      <trkpt lat="46.901780000" lon="5.798410000">
        <ele>334.000</ele>
      </trkpt>
      <trkpt lat="46.901760000" lon="5.798300000">
        <ele>332.000</ele>
      </trkpt>
      <trkpt lat="46.901760000" lon="5.798270000">
        <ele>331.000</ele>
      </trkpt>
      <trkpt lat="46.901750000" lon="5.798220000">
        <ele>330.000</ele>
      </trkpt>
      <trkpt lat="46.901750000" lon="5.798190000">
        <ele>330.000</ele>
      </trkpt>
      <trkpt lat="46.901810000" lon="5.797670000">
        <ele>329.000</ele>
      </trkpt>
      <trkpt lat="46.901810000" lon="5.797640000">
        <ele>328.000</ele>
      </trkpt>
      <trkpt lat="46.901880000" lon="5.797010000">
        <ele>328.000</ele>
      </trkpt>
      <trkpt lat="46.901920000" lon="5.796640000">
        <ele>327.000</ele>
      </trkpt>
      <trkpt lat="46.901940000" lon="5.796320000">
        <ele>326.000</ele>
      </trkpt>
      <trkpt lat="46.901950000" lon="5.796250000">
        <ele>325.000</ele>
      </trkpt>
      <trkpt lat="46.901950000" lon="5.796190000">
        <ele>325.000</ele>
      </trkpt>
      <trkpt lat="46.901940000" lon="5.795890000">
        <ele>324.000</ele>
      </trkpt>
      <trkpt lat="46.901910000" lon="5.795650000">
        <ele>324.000</ele>
      </trkpt>
      <trkpt lat="46.901870000" lon="5.795520000">
        <ele>323.000</ele>
      </trkpt>
      <trkpt lat="46.901860000" lon="5.795470000">
        <ele>322.000</ele>
      </trkpt>
      <trkpt lat="46.901650000" lon="5.794960000">
        <ele>322.000</ele>
      </trkpt>
      <trkpt lat="46.901570000" lon="5.794760000">
        <ele>321.000</ele>
      </trkpt>
      <trkpt lat="46.901520000" lon="5.794560000">
        <ele>320.000</ele>
      </trkpt>
      <trkpt lat="46.901480000" lon="5.794330000">
        <ele>319.000</ele>
      </trkpt>
      <trkpt lat="46.901470000" lon="5.794110000">
        <ele>318.000</ele>
      </trkpt>
      <trkpt lat="46.901470000" lon="5.793900000">
        <ele>318.000</ele>
      </trkpt>
      <trkpt lat="46.901490000" lon="5.793800000">
        <ele>317.000</ele>
      </trkpt>
      <trkpt lat="46.901510000" lon="5.793710000">
        <ele>317.000</ele>
      </trkpt>
      <trkpt lat="46.901550000" lon="5.793580000">
        <ele>317.000</ele>
      </trkpt>
      <trkpt lat="46.901570000" lon="5.793530000">
        <ele>316.000</ele>
      </trkpt>
      <trkpt lat="46.901670000" lon="5.793280000">
        <ele>316.000</ele>
      </trkpt>
      <trkpt lat="46.901670000" lon="5.793230000">
        <ele>316.000</ele>
      </trkpt>
      <trkpt lat="46.901660000" lon="5.793220000">
        <ele>316.000</ele>
      </trkpt>
      <trkpt lat="46.901720000" lon="5.793140000">
        <ele>315.000</ele>
      </trkpt>
      <trkpt lat="46.901770000" lon="5.793080000">
        <ele>315.000</ele>
      </trkpt>
      <trkpt lat="46.901830000" lon="5.792970000">
        <ele>315.000</ele>
      </trkpt>
      <trkpt lat="46.901840000" lon="5.792910000">
        <ele>315.000</ele>
      </trkpt>
      <trkpt lat="46.901890000" lon="5.792600000">
        <ele>315.000</ele>
      </trkpt>
      <trkpt lat="46.901910000" lon="5.792490000">
        <ele>314.000</ele>
      </trkpt>
      <trkpt lat="46.901970000" lon="5.792170000">
        <ele>314.000</ele>
      </trkpt>
      <trkpt lat="46.902020000" lon="5.791880000">
        <ele>313.000</ele>
      </trkpt>
      <trkpt lat="46.902050000" lon="5.791730000">
        <ele>313.000</ele>
      </trkpt>
      <trkpt lat="46.902110000" lon="5.791530000">
        <ele>313.000</ele>
      </trkpt>
      <trkpt lat="46.902160000" lon="5.791400000">
        <ele>312.000</ele>
      </trkpt>
      <trkpt lat="46.902270000" lon="5.791090000">
        <ele>312.000</ele>
      </trkpt>
      <trkpt lat="46.902370000" lon="5.790800000">
        <ele>312.000</ele>
      </trkpt>
      <trkpt lat="46.902400000" lon="5.790700000">
        <ele>312.000</ele>
      </trkpt>
      <trkpt lat="46.902420000" lon="5.790620000">
        <ele>311.000</ele>
      </trkpt>
      <trkpt lat="46.902440000" lon="5.790510000">
        <ele>311.000</ele>
      </trkpt>
      <trkpt lat="46.902450000" lon="5.790410000">
        <ele>311.000</ele>
      </trkpt>
      <trkpt lat="46.902460000" lon="5.790270000">
        <ele>311.000</ele>
      </trkpt>
      <trkpt lat="46.902460000" lon="5.790140000">
        <ele>311.000</ele>
      </trkpt>
      <trkpt lat="46.902460000" lon="5.790030000">
        <ele>311.000</ele>
      </trkpt>
      <trkpt lat="46.902450000" lon="5.789990000">
        <ele>311.000</ele>
      </trkpt>
      <trkpt lat="46.902440000" lon="5.789900000">
        <ele>310.000</ele>
      </trkpt>
      <trkpt lat="46.902410000" lon="5.789620000">
        <ele>310.000</ele>
      </trkpt>
      <trkpt lat="46.902400000" lon="5.789550000">
        <ele>310.000</ele>
      </trkpt>
      <trkpt lat="46.902360000" lon="5.789230000">
        <ele>310.000</ele>
      </trkpt>
      <trkpt lat="46.902260000" lon="5.788600000">
        <ele>310.000</ele>
      </trkpt>
      <trkpt lat="46.902250000" lon="5.788380000">
        <ele>309.000</ele>
      </trkpt>
      <trkpt lat="46.902250000" lon="5.787940000">
        <ele>309.000</ele>
      </trkpt>
      <trkpt lat="46.902260000" lon="5.786740000">
        <ele>308.000</ele>
      </trkpt>
      <trkpt lat="46.902260000" lon="5.786640000">
        <ele>308.000</ele>
      </trkpt>
      <trkpt lat="46.902260000" lon="5.786500000">
        <ele>307.000</ele>
      </trkpt>
      <trkpt lat="46.902260000" lon="5.785470000">
        <ele>307.000</ele>
      </trkpt>
      <trkpt lat="46.902250000" lon="5.783310000">
        <ele>306.000</ele>
      </trkpt>
      <trkpt lat="46.902240000" lon="5.782110000">
        <ele>306.000</ele>
      </trkpt>
      <trkpt lat="46.902240000" lon="5.781760000">
        <ele>306.000</ele>
      </trkpt>
      <trkpt lat="46.902240000" lon="5.781390000">
        <ele>307.000</ele>
      </trkpt>
      <trkpt lat="46.902240000" lon="5.780730000">
        <ele>307.000</ele>
      </trkpt>
      <trkpt lat="46.902240000" lon="5.778880000">
        <ele>308.000</ele>
      </trkpt>
      <trkpt lat="46.902250000" lon="5.778680000">
        <ele>309.000</ele>
      </trkpt>
      <trkpt lat="46.902250000" lon="5.778520000">
        <ele>309.000</ele>
      </trkpt>
      <trkpt lat="46.902270000" lon="5.778340000">
        <ele>309.000</ele>
      </trkpt>
      <trkpt lat="46.902290000" lon="5.778190000">
        <ele>309.000</ele>
      </trkpt>
      <trkpt lat="46.902340000" lon="5.777850000">
        <ele>308.000</ele>
      </trkpt>
      <trkpt lat="46.902400000" lon="5.777220000">
        <ele>307.000</ele>
      </trkpt>
      <trkpt lat="46.902410000" lon="5.777180000">
        <ele>307.000</ele>
      </trkpt>
      <trkpt lat="46.902410000" lon="5.777180000">
        <ele>306.000</ele>
      </trkpt>
      <trkpt lat="46.902450000" lon="5.776790000">
        <ele>306.000</ele>
      </trkpt>
      <trkpt lat="46.902480000" lon="5.776540000">
        <ele>305.000</ele>
      </trkpt>
      <trkpt lat="46.902480000" lon="5.776370000">
        <ele>304.000</ele>
      </trkpt>
      <trkpt lat="46.902480000" lon="5.776210000">
        <ele>304.000</ele>
      </trkpt>
      <trkpt lat="46.902470000" lon="5.775900000">
        <ele>303.000</ele>
      </trkpt>
      <trkpt lat="46.902460000" lon="5.775780000">
        <ele>302.000</ele>
      </trkpt>
      <trkpt lat="46.902460000" lon="5.775780000">
        <ele>302.000</ele>
      </trkpt>
      <trkpt lat="46.902460000" lon="5.775760000">
        <ele>302.000</ele>
      </trkpt>
      <trkpt lat="46.902430000" lon="5.775640000">
        <ele>301.000</ele>
      </trkpt>
      <trkpt lat="46.902400000" lon="5.775520000">
        <ele>301.000</ele>
      </trkpt>
      <trkpt lat="46.902400000" lon="5.775460000">
        <ele>301.000</ele>
      </trkpt>
      <trkpt lat="46.902410000" lon="5.775400000">
        <ele>301.000</ele>
      </trkpt>
      <trkpt lat="46.902420000" lon="5.775340000">
        <ele>300.000</ele>
      </trkpt>
      <trkpt lat="46.902510000" lon="5.775060000">
        <ele>300.000</ele>
      </trkpt>
      <trkpt lat="46.902590000" lon="5.774840000">
        <ele>299.000</ele>
      </trkpt>
      <trkpt lat="46.902700000" lon="5.774550000">
        <ele>299.000</ele>
      </trkpt>
      <trkpt lat="46.902790000" lon="5.774300000">
        <ele>298.000</ele>
      </trkpt>
      <trkpt lat="46.902920000" lon="5.773930000">
        <ele>297.000</ele>
      </trkpt>
      <trkpt lat="46.902930000" lon="5.773890000">
        <ele>296.000</ele>
      </trkpt>
      <trkpt lat="46.902950000" lon="5.773850000">
        <ele>296.000</ele>
      </trkpt>
      <trkpt lat="46.903000000" lon="5.773690000">
        <ele>295.000</ele>
      </trkpt>
      <trkpt lat="46.903120000" lon="5.773370000">
        <ele>295.000</ele>
      </trkpt>
      <trkpt lat="46.903130000" lon="5.773340000">
        <ele>294.000</ele>
      </trkpt>
      <trkpt lat="46.903150000" lon="5.773240000">
        <ele>294.000</ele>
      </trkpt>
      <trkpt lat="46.903140000" lon="5.773130000">
        <ele>294.000</ele>
      </trkpt>
      <trkpt lat="46.903120000" lon="5.773020000">
        <ele>293.000</ele>
      </trkpt>
      <trkpt lat="46.903110000" lon="5.772990000">
        <ele>293.000</ele>
      </trkpt>
      <trkpt lat="46.903100000" lon="5.772960000">
        <ele>293.000</ele>
      </trkpt>
      <trkpt lat="46.903090000" lon="5.772930000">
        <ele>293.000</ele>
      </trkpt>
      <trkpt lat="46.903110000" lon="5.772910000">
        <ele>293.000</ele>
      </trkpt>
      <trkpt lat="46.903190000" lon="5.772900000">
        <ele>293.000</ele>
      </trkpt>
      <trkpt lat="46.903240000" lon="5.772900000">
        <ele>292.000</ele>
      </trkpt>
      <trkpt lat="46.903280000" lon="5.772890000">
        <ele>292.000</ele>
      </trkpt>
      <trkpt lat="46.903350000" lon="5.772880000">
        <ele>292.000</ele>
      </trkpt>
      <trkpt lat="46.903390000" lon="5.772870000">
        <ele>292.000</ele>
      </trkpt>
      <trkpt lat="46.903420000" lon="5.772850000">
        <ele>292.000</ele>
      </trkpt>
      <trkpt lat="46.903460000" lon="5.772810000">
        <ele>292.000</ele>
      </trkpt>
      <trkpt lat="46.903490000" lon="5.772780000">
        <ele>292.000</ele>
      </trkpt>
      <trkpt lat="46.903530000" lon="5.772740000">
        <ele>291.000</ele>
      </trkpt>
      <trkpt lat="46.903640000" lon="5.772590000">
        <ele>291.000</ele>
      </trkpt>
      <trkpt lat="46.903710000" lon="5.772460000">
        <ele>291.000</ele>
      </trkpt>
      <trkpt lat="46.903930000" lon="5.771990000">
        <ele>290.000</ele>
      </trkpt>
      <trkpt lat="46.903970000" lon="5.771910000">
        <ele>290.000</ele>
      </trkpt>
      <trkpt lat="46.904190000" lon="5.771440000">
        <ele>289.000</ele>
      </trkpt>
      <trkpt lat="46.904230000" lon="5.771380000">
        <ele>288.000</ele>
      </trkpt>
      <trkpt lat="46.904310000" lon="5.771300000">
        <ele>288.000</ele>
      </trkpt>
      <trkpt lat="46.904410000" lon="5.771210000">
        <ele>287.000</ele>
      </trkpt>
      <trkpt lat="46.904520000" lon="5.771120000">
        <ele>287.000</ele>
      </trkpt>
      <trkpt lat="46.904570000" lon="5.771090000">
        <ele>286.000</ele>
      </trkpt>
      <trkpt lat="46.904950000" lon="5.770810000">
        <ele>285.000</ele>
      </trkpt>
      <trkpt lat="46.905010000" lon="5.770750000">
        <ele>284.000</ele>
      </trkpt>
      <trkpt lat="46.905030000" lon="5.770730000">
        <ele>284.000</ele>
      </trkpt>
      <trkpt lat="46.905030000" lon="5.770730000">
        <ele>283.000</ele>
      </trkpt>
      <trkpt lat="46.905430000" lon="5.770300000">
        <ele>282.000</ele>
      </trkpt>
      <trkpt lat="46.905530000" lon="5.770220000">
        <ele>281.000</ele>
      </trkpt>
      <trkpt lat="46.905930000" lon="5.769930000">
        <ele>280.000</ele>
      </trkpt>
      <trkpt lat="46.905950000" lon="5.769920000">
        <ele>279.000</ele>
      </trkpt>
      <trkpt lat="46.906050000" lon="5.769860000">
        <ele>279.000</ele>
      </trkpt>
      <trkpt lat="46.906240000" lon="5.769720000">
        <ele>278.000</ele>
      </trkpt>
      <trkpt lat="46.906390000" lon="5.769650000">
        <ele>278.000</ele>
      </trkpt>
      <trkpt lat="46.906510000" lon="5.769610000">
        <ele>278.000</ele>
      </trkpt>
      <trkpt lat="46.906570000" lon="5.769600000">
        <ele>277.000</ele>
      </trkpt>
      <trkpt lat="46.906640000" lon="5.769580000">
        <ele>277.000</ele>
      </trkpt>
      <trkpt lat="46.906670000" lon="5.769570000">
        <ele>277.000</ele>
      </trkpt>
      <trkpt lat="46.906860000" lon="5.769520000">
        <ele>277.000</ele>
      </trkpt>
      <trkpt lat="46.906930000" lon="5.769500000">
        <ele>277.000</ele>
      </trkpt>
      <trkpt lat="46.906990000" lon="5.769490000">
        <ele>277.000</ele>
      </trkpt>
      <trkpt lat="46.907180000" lon="5.769470000">
        <ele>277.000</ele>
      </trkpt>
      <trkpt lat="46.907490000" lon="5.769450000">
        <ele>277.000</ele>
      </trkpt>
      <trkpt lat="46.907600000" lon="5.769450000">
        <ele>277.000</ele>
      </trkpt>
      <trkpt lat="46.907740000" lon="5.769430000">
        <ele>277.000</ele>
      </trkpt>
      <trkpt lat="46.907990000" lon="5.769350000">
        <ele>276.000</ele>
      </trkpt>
      <trkpt lat="46.908190000" lon="5.769300000">
        <ele>276.000</ele>
      </trkpt>
      <trkpt lat="46.908220000" lon="5.769290000">
        <ele>276.000</ele>
      </trkpt>
      <trkpt lat="46.908400000" lon="5.769250000">
        <ele>275.000</ele>
      </trkpt>
      <trkpt lat="46.908500000" lon="5.769240000">
        <ele>275.000</ele>
      </trkpt>
      <trkpt lat="46.908540000" lon="5.769250000">
        <ele>275.000</ele>
      </trkpt>
      <trkpt lat="46.908590000" lon="5.769260000">
        <ele>275.000</ele>
      </trkpt>
      <trkpt lat="46.908630000" lon="5.769220000">
        <ele>275.000</ele>
      </trkpt>
      <trkpt lat="46.908700000" lon="5.769170000">
        <ele>274.000</ele>
      </trkpt>
      <trkpt lat="46.908830000" lon="5.769130000">
        <ele>274.000</ele>
      </trkpt>
      <trkpt lat="46.908910000" lon="5.769070000">
        <ele>274.000</ele>
      </trkpt>
      <trkpt lat="46.909150000" lon="5.768850000">
        <ele>273.000</ele>
      </trkpt>
      <trkpt lat="46.909220000" lon="5.768780000">
        <ele>273.000</ele>
      </trkpt>
      <trkpt lat="46.909290000" lon="5.768680000">
        <ele>273.000</ele>
      </trkpt>
      <trkpt lat="46.909360000" lon="5.768560000">
        <ele>273.000</ele>
      </trkpt>
      <trkpt lat="46.909460000" lon="5.768330000">
        <ele>272.000</ele>
      </trkpt>
      <trkpt lat="46.909780000" lon="5.767620000">
        <ele>272.000</ele>
      </trkpt>
      <trkpt lat="46.909800000" lon="5.767580000">
        <ele>272.000</ele>
      </trkpt>
      <trkpt lat="46.910180000" lon="5.766640000">
        <ele>271.000</ele>
      </trkpt>
      <trkpt lat="46.910630000" lon="5.765730000">
        <ele>271.000</ele>
      </trkpt>
      <trkpt lat="46.910750000" lon="5.765480000">
        <ele>271.000</ele>
      </trkpt>
      <trkpt lat="46.911000000" lon="5.765000000">
        <ele>271.000</ele>
      </trkpt>
      <trkpt lat="46.911090000" lon="5.764820000">
        <ele>271.000</ele>
      </trkpt>
      <trkpt lat="46.911660000" lon="5.763650000">
        <ele>271.000</ele>
      </trkpt>
      <trkpt lat="46.911720000" lon="5.763520000">
        <ele>271.000</ele>
      </trkpt>
      <trkpt lat="46.912150000" lon="5.762660000">
        <ele>270.000</ele>
      </trkpt>
      <trkpt lat="46.912220000" lon="5.762480000">
        <ele>269.000</ele>
      </trkpt>
      <trkpt lat="46.912720000" lon="5.761140000">
        <ele>268.000</ele>
      </trkpt>
      <trkpt lat="46.912740000" lon="5.761080000">
        <ele>267.000</ele>
      </trkpt>
      <trkpt lat="46.913050000" lon="5.760230000">
        <ele>267.000</ele>
      </trkpt>
      <trkpt lat="46.913370000" lon="5.759360000">
        <ele>266.000</ele>
      </trkpt>
      <trkpt lat="46.913380000" lon="5.759320000">
        <ele>266.000</ele>
      </trkpt>
      <trkpt lat="46.913400000" lon="5.759270000">
        <ele>266.000</ele>
      </trkpt>
      <trkpt lat="46.913560000" lon="5.758840000">
        <ele>266.000</ele>
      </trkpt>
      <trkpt lat="46.913880000" lon="5.757990000">
        <ele>266.000</ele>
      </trkpt>
      <trkpt lat="46.914010000" lon="5.757660000">
        <ele>265.000</ele>
      </trkpt>
      <trkpt lat="46.914090000" lon="5.757510000">
        <ele>265.000</ele>
      </trkpt>
      <trkpt lat="46.914160000" lon="5.757410000">
        <ele>265.000</ele>
      </trkpt>
      <trkpt lat="46.914410000" lon="5.757110000">
        <ele>265.000</ele>
      </trkpt>
      <trkpt lat="46.914510000" lon="5.757010000">
        <ele>265.000</ele>
      </trkpt>
      <trkpt lat="46.914600000" lon="5.756940000">
        <ele>264.000</ele>
      </trkpt>
      <trkpt lat="46.914770000" lon="5.756790000">
        <ele>264.000</ele>
      </trkpt>
      <trkpt lat="46.915150000" lon="5.756500000">
        <ele>264.000</ele>
      </trkpt>
      <trkpt lat="46.915360000" lon="5.756290000">
        <ele>263.000</ele>
      </trkpt>
      <trkpt lat="46.915540000" lon="5.756070000">
        <ele>263.000</ele>
      </trkpt>
      <trkpt lat="46.915620000" lon="5.755910000">
        <ele>263.000</ele>
      </trkpt>
      <trkpt lat="46.915680000" lon="5.755750000">
        <ele>263.000</ele>
      </trkpt>
      <trkpt lat="46.915720000" lon="5.755610000">
        <ele>262.000</ele>
      </trkpt>
      <trkpt lat="46.915750000" lon="5.755460000">
        <ele>262.000</ele>
      </trkpt>
      <trkpt lat="46.915760000" lon="5.755340000">
        <ele>262.000</ele>
      </trkpt>
      <trkpt lat="46.915760000" lon="5.755210000">
        <ele>262.000</ele>
      </trkpt>
      <trkpt lat="46.915760000" lon="5.753860000">
        <ele>262.000</ele>
      </trkpt>
      <trkpt lat="46.915770000" lon="5.751450000">
        <ele>261.000</ele>
      </trkpt>
      <trkpt lat="46.915770000" lon="5.750890000">
        <ele>261.000</ele>
      </trkpt>
      <trkpt lat="46.915780000" lon="5.750510000">
        <ele>260.000</ele>
      </trkpt>
      <trkpt lat="46.915800000" lon="5.749840000">
        <ele>260.000</ele>
      </trkpt>
      <trkpt lat="46.915830000" lon="5.749430000">
        <ele>259.000</ele>
      </trkpt>
      <trkpt lat="46.915880000" lon="5.749040000">
        <ele>259.000</ele>
      </trkpt>
      <trkpt lat="46.915990000" lon="5.748240000">
        <ele>258.000</ele>
      </trkpt>
      <trkpt lat="46.916090000" lon="5.747460000">
        <ele>257.000</ele>
      </trkpt>
      <trkpt lat="46.916180000" lon="5.746860000">
        <ele>257.000</ele>
      </trkpt>
      <trkpt lat="46.916350000" lon="5.745670000">
        <ele>256.000</ele>
      </trkpt>
      <trkpt lat="46.916430000" lon="5.745100000">
        <ele>256.000</ele>
      </trkpt>
      <trkpt lat="46.916460000" lon="5.744870000">
        <ele>255.000</ele>
      </trkpt>
      <trkpt lat="46.916470000" lon="5.744720000">
        <ele>255.000</ele>
      </trkpt>
      <trkpt lat="46.916480000" lon="5.744450000">
        <ele>255.000</ele>
      </trkpt>
      <trkpt lat="46.916460000" lon="5.744160000">
        <ele>255.000</ele>
      </trkpt>
      <trkpt lat="46.916400000" lon="5.743620000">
        <ele>255.000</ele>
      </trkpt>
      <trkpt lat="46.916400000" lon="5.743510000">
        <ele>255.000</ele>
      </trkpt>
      <trkpt lat="46.916390000" lon="5.743390000">
        <ele>255.000</ele>
      </trkpt>
      <trkpt lat="46.916400000" lon="5.743280000">
        <ele>255.000</ele>
      </trkpt>
      <trkpt lat="46.916420000" lon="5.743140000">
        <ele>255.000</ele>
      </trkpt>
      <trkpt lat="46.916390000" lon="5.743110000">
        <ele>255.000</ele>
      </trkpt>
      <trkpt lat="46.916310000" lon="5.743010000">
        <ele>255.000</ele>
      </trkpt>
      <trkpt lat="46.916260000" lon="5.742940000">
        <ele>255.000</ele>
      </trkpt>
      <trkpt lat="46.916190000" lon="5.742840000">
        <ele>256.000</ele>
      </trkpt>
      <trkpt lat="46.916130000" lon="5.742710000">
        <ele>256.000</ele>
      </trkpt>
      <trkpt lat="46.916090000" lon="5.742600000">
        <ele>256.000</ele>
      </trkpt>
      <trkpt lat="46.915940000" lon="5.742080000">
        <ele>256.000</ele>
      </trkpt>
      <trkpt lat="46.915890000" lon="5.741900000">
        <ele>256.000</ele>
      </trkpt>
      <trkpt lat="46.915860000" lon="5.741750000">
        <ele>257.000</ele>
      </trkpt>
      <trkpt lat="46.915850000" lon="5.741590000">
        <ele>257.000</ele>
      </trkpt>
      <trkpt lat="46.915840000" lon="5.741390000">
        <ele>257.000</ele>
      </trkpt>
      <trkpt lat="46.915840000" lon="5.741140000">
        <ele>257.000</ele>
      </trkpt>
      <trkpt lat="46.915870000" lon="5.740470000">
        <ele>258.000</ele>
      </trkpt>
      <trkpt lat="46.915900000" lon="5.739850000">
        <ele>258.000</ele>
      </trkpt>
      <trkpt lat="46.915920000" lon="5.739450000">
        <ele>258.000</ele>
      </trkpt>
      <trkpt lat="46.915930000" lon="5.739280000">
        <ele>258.000</ele>
      </trkpt>
      <trkpt lat="46.915920000" lon="5.739120000">
        <ele>257.000</ele>
      </trkpt>
      <trkpt lat="46.915900000" lon="5.738970000">
        <ele>257.000</ele>
      </trkpt>
      <trkpt lat="46.915810000" lon="5.738450000">
        <ele>257.000</ele>
      </trkpt>
      <trkpt lat="46.915690000" lon="5.737620000">
        <ele>256.000</ele>
      </trkpt>
      <trkpt lat="46.915580000" lon="5.736880000">
        <ele>256.000</ele>
      </trkpt>
      <trkpt lat="46.915470000" lon="5.736130000">
        <ele>256.000</ele>
      </trkpt>
      <trkpt lat="46.915350000" lon="5.735290000">
        <ele>256.000</ele>
      </trkpt>
      <trkpt lat="46.915260000" lon="5.734650000">
        <ele>256.000</ele>
      </trkpt>
      <trkpt lat="46.915220000" lon="5.734360000">
        <ele>256.000</ele>
      </trkpt>
      <trkpt lat="46.915180000" lon="5.734230000">
        <ele>256.000</ele>
      </trkpt>
      <trkpt lat="46.915130000" lon="5.734120000">
        <ele>256.000</ele>
      </trkpt>
      <trkpt lat="46.915080000" lon="5.734040000">
        <ele>256.000</ele>
      </trkpt>
      <trkpt lat="46.915040000" lon="5.733990000">
        <ele>257.000</ele>
      </trkpt>
      <trkpt lat="46.914970000" lon="5.733930000">
        <ele>257.000</ele>
      </trkpt>
      <trkpt lat="46.914890000" lon="5.733880000">
        <ele>257.000</ele>
      </trkpt>
      <trkpt lat="46.914770000" lon="5.733830000">
        <ele>257.000</ele>
      </trkpt>
      <trkpt lat="46.913970000" lon="5.733570000">
        <ele>258.000</ele>
      </trkpt>
      <trkpt lat="46.913820000" lon="5.733530000">
        <ele>259.000</ele>
      </trkpt>
      <trkpt lat="46.913690000" lon="5.733510000">
        <ele>259.000</ele>
      </trkpt>
      <trkpt lat="46.913360000" lon="5.733510000">
        <ele>260.000</ele>
      </trkpt>
      <trkpt lat="46.913260000" lon="5.733490000">
        <ele>261.000</ele>
      </trkpt>
      <trkpt lat="46.913160000" lon="5.733460000">
        <ele>262.000</ele>
      </trkpt>
      <trkpt lat="46.913080000" lon="5.733410000">
        <ele>263.000</ele>
      </trkpt>
      <trkpt lat="46.912990000" lon="5.733340000">
        <ele>264.000</ele>
      </trkpt>
      <trkpt lat="46.912870000" lon="5.733210000">
        <ele>265.000</ele>
      </trkpt>
      <trkpt lat="46.912640000" lon="5.732950000">
        <ele>266.000</ele>
      </trkpt>
      <trkpt lat="46.912560000" lon="5.732870000">
        <ele>267.000</ele>
      </trkpt>
      <trkpt lat="46.912480000" lon="5.732800000">
        <ele>268.000</ele>
      </trkpt>
      <trkpt lat="46.912250000" lon="5.732620000">
        <ele>269.000</ele>
      </trkpt>
      <trkpt lat="46.912160000" lon="5.732540000">
        <ele>270.000</ele>
      </trkpt>
      <trkpt lat="46.912080000" lon="5.732470000">
        <ele>271.000</ele>
      </trkpt>
      <trkpt lat="46.912010000" lon="5.732380000">
        <ele>271.000</ele>
      </trkpt>
      <trkpt lat="46.911950000" lon="5.732270000">
        <ele>272.000</ele>
      </trkpt>
      <trkpt lat="46.911900000" lon="5.732160000">
        <ele>272.000</ele>
      </trkpt>
      <trkpt lat="46.911810000" lon="5.731940000">
        <ele>272.000</ele>
      </trkpt>
      <trkpt lat="46.911750000" lon="5.731840000">
        <ele>272.000</ele>
      </trkpt>
      <trkpt lat="46.911680000" lon="5.731720000">
        <ele>272.000</ele>
      </trkpt>
      <trkpt lat="46.911610000" lon="5.731630000">
        <ele>272.000</ele>
      </trkpt>
      <trkpt lat="46.911520000" lon="5.731540000">
        <ele>272.000</ele>
      </trkpt>
      <trkpt lat="46.911430000" lon="5.731460000">
        <ele>272.000</ele>
      </trkpt>
      <trkpt lat="46.911350000" lon="5.731390000">
        <ele>272.000</ele>
      </trkpt>
      <trkpt lat="46.911260000" lon="5.731310000">
        <ele>272.000</ele>
      </trkpt>
      <trkpt lat="46.911150000" lon="5.731240000">
        <ele>272.000</ele>
      </trkpt>
      <trkpt lat="46.910710000" lon="5.730940000">
        <ele>272.000</ele>
      </trkpt>
      <trkpt lat="46.910640000" lon="5.730880000">
        <ele>272.000</ele>
      </trkpt>
      <trkpt lat="46.910580000" lon="5.730830000">
        <ele>272.000</ele>
      </trkpt>
      <trkpt lat="46.910510000" lon="5.730750000">
        <ele>272.000</ele>
      </trkpt>
      <trkpt lat="46.910450000" lon="5.730660000">
        <ele>271.000</ele>
      </trkpt>
      <trkpt lat="46.910320000" lon="5.730450000">
        <ele>271.000</ele>
      </trkpt>
      <trkpt lat="46.910220000" lon="5.730290000">
        <ele>271.000</ele>
      </trkpt>
      <trkpt lat="46.910130000" lon="5.730160000">
        <ele>271.000</ele>
      </trkpt>
      <trkpt lat="46.909810000" lon="5.729720000">
        <ele>271.000</ele>
      </trkpt>
      <trkpt lat="46.909790000" lon="5.729690000">
        <ele>271.000</ele>
      </trkpt>
      <trkpt lat="46.909790000" lon="5.729690000">
        <ele>271.000</ele>
      </trkpt>
      <trkpt lat="46.909510000" lon="5.729300000">
        <ele>271.000</ele>
      </trkpt>
      <trkpt lat="46.909080000" lon="5.728720000">
        <ele>271.000</ele>
      </trkpt>
      <trkpt lat="46.908990000" lon="5.728610000">
        <ele>271.000</ele>
      </trkpt>
      <trkpt lat="46.908940000" lon="5.728560000">
        <ele>271.000</ele>
      </trkpt>
      <trkpt lat="46.908790000" lon="5.728420000">
        <ele>270.000</ele>
      </trkpt>
      <trkpt lat="46.908680000" lon="5.728330000">
        <ele>270.000</ele>
      </trkpt>
      <trkpt lat="46.908590000" lon="5.728280000">
        <ele>270.000</ele>
      </trkpt>
      <trkpt lat="46.908520000" lon="5.728230000">
        <ele>270.000</ele>
      </trkpt>
      <trkpt lat="46.908430000" lon="5.728190000">
        <ele>270.000</ele>
      </trkpt>
      <trkpt lat="46.908240000" lon="5.728060000">
        <ele>270.000</ele>
      </trkpt>
      <trkpt lat="46.908160000" lon="5.728000000">
        <ele>270.000</ele>
      </trkpt>
      <trkpt lat="46.907870000" lon="5.727750000">
        <ele>270.000</ele>
      </trkpt>
      <trkpt lat="46.907780000" lon="5.727650000">
        <ele>270.000</ele>
      </trkpt>
      <trkpt lat="46.907710000" lon="5.727570000">
        <ele>270.000</ele>
      </trkpt>
      <trkpt lat="46.907650000" lon="5.727480000">
        <ele>270.000</ele>
      </trkpt>
      <trkpt lat="46.907580000" lon="5.727380000">
        <ele>270.000</ele>
      </trkpt>
      <trkpt lat="46.907530000" lon="5.727270000">
        <ele>270.000</ele>
      </trkpt>
      <trkpt lat="46.907480000" lon="5.727120000">
        <ele>269.000</ele>
      </trkpt>
      <trkpt lat="46.907430000" lon="5.727020000">
        <ele>269.000</ele>
      </trkpt>
      <trkpt lat="46.907390000" lon="5.726930000">
        <ele>269.000</ele>
      </trkpt>
      <trkpt lat="46.907300000" lon="5.726780000">
        <ele>269.000</ele>
      </trkpt>
      <trkpt lat="46.907090000" lon="5.726430000">
        <ele>268.000</ele>
      </trkpt>
      <trkpt lat="46.906990000" lon="5.726270000">
        <ele>268.000</ele>
      </trkpt>
      <trkpt lat="46.906880000" lon="5.726070000">
        <ele>267.000</ele>
      </trkpt>
      <trkpt lat="46.906630000" lon="5.725550000">
        <ele>267.000</ele>
      </trkpt>
      <trkpt lat="46.906330000" lon="5.724960000">
        <ele>266.000</ele>
      </trkpt>
      <trkpt lat="46.906290000" lon="5.724890000">
        <ele>265.000</ele>
      </trkpt>
      <trkpt lat="46.906240000" lon="5.724820000">
        <ele>264.000</ele>
      </trkpt>
      <trkpt lat="46.906170000" lon="5.724750000">
        <ele>264.000</ele>
      </trkpt>
      <trkpt lat="46.906100000" lon="5.724680000">
        <ele>264.000</ele>
      </trkpt>
      <trkpt lat="46.906010000" lon="5.724610000">
        <ele>263.000</ele>
      </trkpt>
      <trkpt lat="46.905960000" lon="5.724550000">
        <ele>263.000</ele>
      </trkpt>
      <trkpt lat="46.905900000" lon="5.724490000">
        <ele>263.000</ele>
      </trkpt>
      <trkpt lat="46.905830000" lon="5.724380000">
        <ele>263.000</ele>
      </trkpt>
      <trkpt lat="46.905760000" lon="5.724270000">
        <ele>263.000</ele>
      </trkpt>
      <trkpt lat="46.905660000" lon="5.724090000">
        <ele>263.000</ele>
      </trkpt>
      <trkpt lat="46.905500000" lon="5.723820000">
        <ele>263.000</ele>
      </trkpt>
      <trkpt lat="46.905390000" lon="5.723640000">
        <ele>262.000</ele>
      </trkpt>
      <trkpt lat="46.905300000" lon="5.723500000">
        <ele>262.000</ele>
      </trkpt>
      <trkpt lat="46.905240000" lon="5.723420000">
        <ele>262.000</ele>
      </trkpt>
      <trkpt lat="46.905160000" lon="5.723340000">
        <ele>262.000</ele>
      </trkpt>
      <trkpt lat="46.905070000" lon="5.723250000">
        <ele>262.000</ele>
      </trkpt>
      <trkpt lat="46.905000000" lon="5.723180000">
        <ele>262.000</ele>
      </trkpt>
      <trkpt lat="46.904820000" lon="5.722930000">
        <ele>262.000</ele>
      </trkpt>
      <trkpt lat="46.904570000" lon="5.722600000">
        <ele>262.000</ele>
      </trkpt>
      <trkpt lat="46.903270000" lon="5.721260000">
        <ele>264.000</ele>
      </trkpt>
      <trkpt lat="46.903220000" lon="5.721160000">
        <ele>265.000</ele>
      </trkpt>
      <trkpt lat="46.903070000" lon="5.720900000">
        <ele>265.000</ele>
      </trkpt>
      <trkpt lat="46.902860000" lon="5.720600000">
        <ele>266.000</ele>
      </trkpt>
      <trkpt lat="46.902630000" lon="5.720290000">
        <ele>266.000</ele>
      </trkpt>
      <trkpt lat="46.902500000" lon="5.720070000">
        <ele>267.000</ele>
      </trkpt>
      <trkpt lat="46.902360000" lon="5.719760000">
        <ele>267.000</ele>
      </trkpt>
      <trkpt lat="46.902270000" lon="5.719530000">
        <ele>268.000</ele>
      </trkpt>
      <trkpt lat="46.902210000" lon="5.719320000">
        <ele>268.000</ele>
      </trkpt>
      <trkpt lat="46.902170000" lon="5.719180000">
        <ele>268.000</ele>
      </trkpt>
      <trkpt lat="46.902120000" lon="5.719080000">
        <ele>268.000</ele>
      </trkpt>
      <trkpt lat="46.901960000" lon="5.718860000">
        <ele>268.000</ele>
      </trkpt>
      <trkpt lat="46.901780000" lon="5.718630000">
        <ele>268.000</ele>
      </trkpt>
      <trkpt lat="46.901730000" lon="5.718500000">
        <ele>267.000</ele>
      </trkpt>
      <trkpt lat="46.901680000" lon="5.718320000">
        <ele>267.000</ele>
      </trkpt>
      <trkpt lat="46.901660000" lon="5.718120000">
        <ele>266.000</ele>
      </trkpt>
      <trkpt lat="46.901690000" lon="5.717870000">
        <ele>266.000</ele>
      </trkpt>
      <trkpt lat="46.901720000" lon="5.717600000">
        <ele>265.000</ele>
      </trkpt>
      <trkpt lat="46.901750000" lon="5.717390000">
        <ele>265.000</ele>
      </trkpt>
      <trkpt lat="46.901760000" lon="5.717180000">
        <ele>264.000</ele>
      </trkpt>
      <trkpt lat="46.901750000" lon="5.717010000">
        <ele>264.000</ele>
      </trkpt>
      <trkpt lat="46.901730000" lon="5.716870000">
        <ele>264.000</ele>
      </trkpt>
      <trkpt lat="46.901700000" lon="5.716750000">
        <ele>263.000</ele>
      </trkpt>
      <trkpt lat="46.901650000" lon="5.716630000">
        <ele>263.000</ele>
      </trkpt>
      <trkpt lat="46.901250000" lon="5.715770000">
        <ele>264.000</ele>
      </trkpt>
      <trkpt lat="46.901070000" lon="5.715390000">
        <ele>265.000</ele>
      </trkpt>
      <trkpt lat="46.900990000" lon="5.715210000">
        <ele>265.000</ele>
      </trkpt>
      <trkpt lat="46.900840000" lon="5.714830000">
        <ele>266.000</ele>
      </trkpt>
      <trkpt lat="46.900750000" lon="5.714630000">
        <ele>267.000</ele>
      </trkpt>
      <trkpt lat="46.900670000" lon="5.714470000">
        <ele>267.000</ele>
      </trkpt>
      <trkpt lat="46.900540000" lon="5.714240000">
        <ele>268.000</ele>
      </trkpt>
      <trkpt lat="46.900420000" lon="5.714020000">
        <ele>268.000</ele>
      </trkpt>
      <trkpt lat="46.900330000" lon="5.713810000">
        <ele>269.000</ele>
      </trkpt>
      <trkpt lat="46.900170000" lon="5.713420000">
        <ele>269.000</ele>
      </trkpt>
      <trkpt lat="46.900070000" lon="5.713170000">
        <ele>269.000</ele>
      </trkpt>
      <trkpt lat="46.899980000" lon="5.712920000">
        <ele>270.000</ele>
      </trkpt>
      <trkpt lat="46.899880000" lon="5.712680000">
        <ele>270.000</ele>
      </trkpt>
      <trkpt lat="46.899750000" lon="5.712360000">
        <ele>271.000</ele>
      </trkpt>
      <trkpt lat="46.899680000" lon="5.712170000">
        <ele>271.000</ele>
      </trkpt>
      <trkpt lat="46.899620000" lon="5.712000000">
        <ele>271.000</ele>
      </trkpt>
      <trkpt lat="46.899580000" lon="5.711830000">
        <ele>271.000</ele>
      </trkpt>
      <trkpt lat="46.899550000" lon="5.711660000">
        <ele>272.000</ele>
      </trkpt>
      <trkpt lat="46.899540000" lon="5.711520000">
        <ele>272.000</ele>
      </trkpt>
      <trkpt lat="46.899540000" lon="5.711410000">
        <ele>272.000</ele>
      </trkpt>
      <trkpt lat="46.899540000" lon="5.711120000">
        <ele>272.000</ele>
      </trkpt>
      <trkpt lat="46.899540000" lon="5.710620000">
        <ele>272.000</ele>
      </trkpt>
      <trkpt lat="46.899540000" lon="5.710340000">
        <ele>272.000</ele>
      </trkpt>
      <trkpt lat="46.899540000" lon="5.710160000">
        <ele>273.000</ele>
      </trkpt>
      <trkpt lat="46.899530000" lon="5.710040000">
        <ele>273.000</ele>
      </trkpt>
      <trkpt lat="46.899510000" lon="5.709950000">
        <ele>273.000</ele>
      </trkpt>
      <trkpt lat="46.899450000" lon="5.709840000">
        <ele>273.000</ele>
      </trkpt>
      <trkpt lat="46.899390000" lon="5.709750000">
        <ele>273.000</ele>
      </trkpt>
      <trkpt lat="46.899180000" lon="5.709470000">
        <ele>273.000</ele>
      </trkpt>
      <trkpt lat="46.899010000" lon="5.709270000">
        <ele>273.000</ele>
      </trkpt>
      <trkpt lat="46.898890000" lon="5.709120000">
        <ele>273.000</ele>
      </trkpt>
      <trkpt lat="46.898730000" lon="5.708950000">
        <ele>273.000</ele>
      </trkpt>
      <trkpt lat="46.898580000" lon="5.708790000">
        <ele>273.000</ele>
      </trkpt>
      <trkpt lat="46.898540000" lon="5.708700000">
        <ele>272.000</ele>
      </trkpt>
      <trkpt lat="46.898510000" lon="5.708610000">
        <ele>272.000</ele>
      </trkpt>
      <trkpt lat="46.898500000" lon="5.708500000">
        <ele>272.000</ele>
      </trkpt>
      <trkpt lat="46.898500000" lon="5.708390000">
        <ele>272.000</ele>
      </trkpt>
      <trkpt lat="46.898540000" lon="5.708080000">
        <ele>272.000</ele>
      </trkpt>
      <trkpt lat="46.898550000" lon="5.707970000">
        <ele>272.000</ele>
      </trkpt>
      <trkpt lat="46.898550000" lon="5.707880000">
        <ele>271.000</ele>
      </trkpt>
      <trkpt lat="46.898520000" lon="5.707750000">
        <ele>271.000</ele>
      </trkpt>
      <trkpt lat="46.898490000" lon="5.707630000">
        <ele>271.000</ele>
      </trkpt>
      <trkpt lat="46.898420000" lon="5.707540000">
        <ele>271.000</ele>
      </trkpt>
      <trkpt lat="46.898340000" lon="5.707450000">
        <ele>271.000</ele>
      </trkpt>
      <trkpt lat="46.897930000" lon="5.707000000">
        <ele>270.000</ele>
      </trkpt>
      <trkpt lat="46.897690000" lon="5.706740000">
        <ele>270.000</ele>
      </trkpt>
      <trkpt lat="46.897330000" lon="5.706330000">
        <ele>269.000</ele>
      </trkpt>
      <trkpt lat="46.897170000" lon="5.706150000">
        <ele>269.000</ele>
      </trkpt>
      <trkpt lat="46.896950000" lon="5.705950000">
        <ele>268.000</ele>
      </trkpt>
      <trkpt lat="46.896690000" lon="5.705710000">
        <ele>267.000</ele>
      </trkpt>
      <trkpt lat="46.896500000" lon="5.705560000">
        <ele>267.000</ele>
      </trkpt>
      <trkpt lat="46.896390000" lon="5.705480000">
        <ele>266.000</ele>
      </trkpt>
      <trkpt lat="46.896150000" lon="5.705360000">
        <ele>266.000</ele>
      </trkpt>
      <trkpt lat="46.896010000" lon="5.705240000">
        <ele>267.000</ele>
      </trkpt>
      <trkpt lat="46.895940000" lon="5.705150000">
        <ele>267.000</ele>
      </trkpt>
      <trkpt lat="46.894870000" lon="5.703420000">
        <ele>269.000</ele>
      </trkpt>
      <trkpt lat="46.894530000" lon="5.702880000">
        <ele>270.000</ele>
      </trkpt>
      <trkpt lat="46.894260000" lon="5.702450000">
        <ele>270.000</ele>
      </trkpt>
      <trkpt lat="46.894040000" lon="5.702100000">
        <ele>271.000</ele>
      </trkpt>
      <trkpt lat="46.893950000" lon="5.701970000">
        <ele>271.000</ele>
      </trkpt>
      <trkpt lat="46.893850000" lon="5.701830000">
        <ele>271.000</ele>
      </trkpt>
      <trkpt lat="46.893740000" lon="5.701700000">
        <ele>271.000</ele>
      </trkpt>
      <trkpt lat="46.893490000" lon="5.701420000">
        <ele>271.000</ele>
      </trkpt>
      <trkpt lat="46.893240000" lon="5.701170000">
        <ele>270.000</ele>
      </trkpt>
      <trkpt lat="46.893020000" lon="5.700980000">
        <ele>269.000</ele>
      </trkpt>
      <trkpt lat="46.892860000" lon="5.700830000">
        <ele>269.000</ele>
      </trkpt>
      <trkpt lat="46.892810000" lon="5.700750000">
        <ele>268.000</ele>
      </trkpt>
      <trkpt lat="46.892770000" lon="5.700660000">
        <ele>267.000</ele>
      </trkpt>
      <trkpt lat="46.892630000" lon="5.700100000">
        <ele>266.000</ele>
      </trkpt>
      <trkpt lat="46.892600000" lon="5.699980000">
        <ele>266.000</ele>
      </trkpt>
      <trkpt lat="46.892500000" lon="5.699970000">
        <ele>265.000</ele>
      </trkpt>
      <trkpt lat="46.892390000" lon="5.699930000">
        <ele>264.000</ele>
      </trkpt>
      <trkpt lat="46.892230000" lon="5.699830000">
        <ele>263.000</ele>
      </trkpt>
      <trkpt lat="46.892120000" lon="5.699760000">
        <ele>263.000</ele>
      </trkpt>
      <trkpt lat="46.891750000" lon="5.699630000">
        <ele>262.000</ele>
      </trkpt>
      <trkpt lat="46.891230000" lon="5.699460000">
        <ele>262.000</ele>
      </trkpt>
      <trkpt lat="46.891110000" lon="5.699440000">
        <ele>261.000</ele>
      </trkpt>
      <trkpt lat="46.891040000" lon="5.699470000">
        <ele>261.000</ele>
      </trkpt>
      <trkpt lat="46.890990000" lon="5.699540000">
        <ele>261.000</ele>
      </trkpt>
      <trkpt lat="46.890580000" lon="5.700270000">
        <ele>260.000</ele>
      </trkpt>
      <trkpt lat="46.890460000" lon="5.700490000">
        <ele>260.000</ele>
      </trkpt>
      <trkpt lat="46.890360000" lon="5.700630000">
        <ele>260.000</ele>
      </trkpt>
      <trkpt lat="46.890270000" lon="5.700740000">
        <ele>260.000</ele>
      </trkpt>
      <trkpt lat="46.890210000" lon="5.700740000">
        <ele>259.000</ele>
      </trkpt>
      <trkpt lat="46.890170000" lon="5.700720000">
        <ele>259.000</ele>
      </trkpt>
      <trkpt lat="46.890060000" lon="5.700650000">
        <ele>259.000</ele>
      </trkpt>
      <trkpt lat="46.889940000" lon="5.700520000">
        <ele>259.000</ele>
      </trkpt>
      <trkpt lat="46.889850000" lon="5.700410000">
        <ele>259.000</ele>
      </trkpt>
      <trkpt lat="46.889800000" lon="5.700330000">
        <ele>259.000</ele>
      </trkpt>
      <trkpt lat="46.889720000" lon="5.700150000">
        <ele>259.000</ele>
      </trkpt>
      <trkpt lat="46.889580000" lon="5.699680000">
        <ele>259.000</ele>
      </trkpt>
      <trkpt lat="46.889520000" lon="5.699490000">
        <ele>259.000</ele>
      </trkpt>
      <trkpt lat="46.889490000" lon="5.699400000">
        <ele>259.000</ele>
      </trkpt>
      <trkpt lat="46.889460000" lon="5.699320000">
        <ele>259.000</ele>
      </trkpt>
      <trkpt lat="46.889450000" lon="5.699280000">
        <ele>259.000</ele>
      </trkpt>
      <trkpt lat="46.889230000" lon="5.698840000">
        <ele>259.000</ele>
      </trkpt>
      <trkpt lat="46.889120000" lon="5.698570000">
        <ele>259.000</ele>
      </trkpt>
      <trkpt lat="46.889040000" lon="5.698410000">
        <ele>259.000</ele>
      </trkpt>
      <trkpt lat="46.888890000" lon="5.698030000">
        <ele>259.000</ele>
      </trkpt>
      <trkpt lat="46.888860000" lon="5.697940000">
        <ele>259.000</ele>
      </trkpt>
      <trkpt lat="46.888850000" lon="5.697890000">
        <ele>259.000</ele>
      </trkpt>
      <trkpt lat="46.888850000" lon="5.697800000">
        <ele>259.000</ele>
      </trkpt>
      <trkpt lat="46.888840000" lon="5.697720000">
        <ele>259.000</ele>
      </trkpt>
      <trkpt lat="46.888850000" lon="5.697610000">
        <ele>259.000</ele>
      </trkpt>
      <trkpt lat="46.888870000" lon="5.697500000">
        <ele>259.000</ele>
      </trkpt>
      <trkpt lat="46.888890000" lon="5.697390000">
        <ele>259.000</ele>
      </trkpt>
      <trkpt lat="46.889030000" lon="5.697090000">
        <ele>259.000</ele>
      </trkpt>
      <trkpt lat="46.889180000" lon="5.696810000">
        <ele>259.000</ele>
      </trkpt>
      <trkpt lat="46.889220000" lon="5.696700000">
        <ele>259.000</ele>
      </trkpt>
      <trkpt lat="46.889240000" lon="5.696600000">
        <ele>260.000</ele>
      </trkpt>
      <trkpt lat="46.889230000" lon="5.696490000">
        <ele>260.000</ele>
      </trkpt>
      <trkpt lat="46.889180000" lon="5.696320000">
        <ele>260.000</ele>
      </trkpt>
      <trkpt lat="46.889120000" lon="5.696130000">
        <ele>260.000</ele>
      </trkpt>
      <trkpt lat="46.888980000" lon="5.695810000">
        <ele>260.000</ele>
      </trkpt>
      <trkpt lat="46.888900000" lon="5.695650000">
        <ele>260.000</ele>
      </trkpt>
      <trkpt lat="46.888640000" lon="5.695230000">
        <ele>261.000</ele>
      </trkpt>
      <trkpt lat="46.888500000" lon="5.695010000">
        <ele>261.000</ele>
      </trkpt>
      <trkpt lat="46.888370000" lon="5.694860000">
        <ele>262.000</ele>
      </trkpt>
      <trkpt lat="46.888230000" lon="5.694760000">
        <ele>262.000</ele>
      </trkpt>
      <trkpt lat="46.887860000" lon="5.694580000">
        <ele>263.000</ele>
      </trkpt>
      <trkpt lat="46.887520000" lon="5.694370000">
        <ele>264.000</ele>
      </trkpt>
      <trkpt lat="46.887260000" lon="5.694170000">
        <ele>265.000</ele>
      </trkpt>
      <trkpt lat="46.887060000" lon="5.693960000">
        <ele>266.000</ele>
      </trkpt>
      <trkpt lat="46.886970000" lon="5.693840000">
        <ele>267.000</ele>
      </trkpt>
      <trkpt lat="46.886790000" lon="5.693560000">
        <ele>269.000</ele>
      </trkpt>
      <trkpt lat="46.886680000" lon="5.693430000">
        <ele>270.000</ele>
      </trkpt>
      <trkpt lat="46.886550000" lon="5.693340000">
        <ele>271.000</ele>
      </trkpt>
      <trkpt lat="46.886180000" lon="5.693190000">
        <ele>272.000</ele>
      </trkpt>
      <trkpt lat="46.886000000" lon="5.693140000">
        <ele>274.000</ele>
      </trkpt>
      <trkpt lat="46.885860000" lon="5.693130000">
        <ele>275.000</ele>
      </trkpt>
      <trkpt lat="46.885620000" lon="5.693170000">
        <ele>277.000</ele>
      </trkpt>
      <trkpt lat="46.885480000" lon="5.693220000">
        <ele>278.000</ele>
      </trkpt>
      <trkpt lat="46.885360000" lon="5.693300000">
        <ele>279.000</ele>
      </trkpt>
      <trkpt lat="46.885060000" lon="5.693650000">
        <ele>281.000</ele>
      </trkpt>
      <trkpt lat="46.884840000" lon="5.693920000">
        <ele>283.000</ele>
      </trkpt>
      <trkpt lat="46.884720000" lon="5.694040000">
        <ele>284.000</ele>
      </trkpt>
      <trkpt lat="46.884630000" lon="5.694100000">
        <ele>285.000</ele>
      </trkpt>
      <trkpt lat="46.884440000" lon="5.694170000">
        <ele>285.000</ele>
      </trkpt>
      <trkpt lat="46.884250000" lon="5.694260000">
        <ele>285.000</ele>
      </trkpt>
      <trkpt lat="46.884050000" lon="5.694380000">
        <ele>285.000</ele>
      </trkpt>
      <trkpt lat="46.883940000" lon="5.694460000">
        <ele>285.000</ele>
      </trkpt>
      <trkpt lat="46.883800000" lon="5.694530000">
        <ele>285.000</ele>
      </trkpt>
      <trkpt lat="46.883630000" lon="5.694570000">
        <ele>285.000</ele>
      </trkpt>
      <trkpt lat="46.883400000" lon="5.694610000">
        <ele>285.000</ele>
      </trkpt>
      <trkpt lat="46.883220000" lon="5.694610000">
        <ele>285.000</ele>
      </trkpt>
      <trkpt lat="46.882950000" lon="5.694590000">
        <ele>285.000</ele>
      </trkpt>
      <trkpt lat="46.882780000" lon="5.694600000">
        <ele>285.000</ele>
      </trkpt>
      <trkpt lat="46.882600000" lon="5.694620000">
        <ele>285.000</ele>
      </trkpt>
      <trkpt lat="46.881550000" lon="5.694810000">
        <ele>284.000</ele>
      </trkpt>
      <trkpt lat="46.881210000" lon="5.694910000">
        <ele>284.000</ele>
      </trkpt>
      <trkpt lat="46.881030000" lon="5.694940000">
        <ele>283.000</ele>
      </trkpt>
      <trkpt lat="46.880920000" lon="5.694940000">
        <ele>283.000</ele>
      </trkpt>
      <trkpt lat="46.880860000" lon="5.694920000">
        <ele>283.000</ele>
      </trkpt>
      <trkpt lat="46.880770000" lon="5.694860000">
        <ele>283.000</ele>
      </trkpt>
      <trkpt lat="46.880670000" lon="5.694750000">
        <ele>283.000</ele>
      </trkpt>
      <trkpt lat="46.880410000" lon="5.694370000">
        <ele>283.000</ele>
      </trkpt>
      <trkpt lat="46.880190000" lon="5.694100000">
        <ele>283.000</ele>
      </trkpt>
      <trkpt lat="46.879950000" lon="5.693850000">
        <ele>283.000</ele>
      </trkpt>
      <trkpt lat="46.879710000" lon="5.693630000">
        <ele>284.000</ele>
      </trkpt>
      <trkpt lat="46.879310000" lon="5.693320000">
        <ele>284.000</ele>
      </trkpt>
      <trkpt lat="46.878830000" lon="5.692990000">
        <ele>283.000</ele>
      </trkpt>
      <trkpt lat="46.878410000" lon="5.692720000">
        <ele>283.000</ele>
      </trkpt>
      <trkpt lat="46.878410000" lon="5.692720000">
        <ele>282.000</ele>
      </trkpt>
      <trkpt lat="46.878260000" lon="5.692620000">
        <ele>281.000</ele>
      </trkpt>
      <trkpt lat="46.878110000" lon="5.692510000">
        <ele>281.000</ele>
      </trkpt>
      <trkpt lat="46.877980000" lon="5.692350000">
        <ele>280.000</ele>
      </trkpt>
      <trkpt lat="46.877880000" lon="5.692190000">
        <ele>280.000</ele>
      </trkpt>
      <trkpt lat="46.877780000" lon="5.691860000">
        <ele>279.000</ele>
      </trkpt>
      <trkpt lat="46.877630000" lon="5.691260000">
        <ele>278.000</ele>
      </trkpt>
      <trkpt lat="46.877550000" lon="5.690980000">
        <ele>278.000</ele>
      </trkpt>
      <trkpt lat="46.877440000" lon="5.690780000">
        <ele>278.000</ele>
      </trkpt>
      <trkpt lat="46.877340000" lon="5.690650000">
        <ele>278.000</ele>
      </trkpt>
      <trkpt lat="46.877230000" lon="5.690550000">
        <ele>278.000</ele>
      </trkpt>
      <trkpt lat="46.877120000" lon="5.690480000">
        <ele>278.000</ele>
      </trkpt>
      <trkpt lat="46.876980000" lon="5.690440000">
        <ele>278.000</ele>
      </trkpt>
      <trkpt lat="46.876670000" lon="5.690430000">
        <ele>278.000</ele>
      </trkpt>
      <trkpt lat="46.876520000" lon="5.690450000">
        <ele>278.000</ele>
      </trkpt>
      <trkpt lat="46.876410000" lon="5.690490000">
        <ele>278.000</ele>
      </trkpt>
      <trkpt lat="46.876310000" lon="5.690550000">
        <ele>278.000</ele>
      </trkpt>
      <trkpt lat="46.876170000" lon="5.690720000">
        <ele>279.000</ele>
      </trkpt>
      <trkpt lat="46.875390000" lon="5.691740000">
        <ele>283.000</ele>
      </trkpt>
      <trkpt lat="46.875150000" lon="5.691980000">
        <ele>286.000</ele>
      </trkpt>
      <trkpt lat="46.874950000" lon="5.692140000">
        <ele>288.000</ele>
      </trkpt>
      <trkpt lat="46.874780000" lon="5.692230000">
        <ele>290.000</ele>
      </trkpt>
      <trkpt lat="46.874680000" lon="5.692270000">
        <ele>291.000</ele>
      </trkpt>
      <trkpt lat="46.874550000" lon="5.692270000">
        <ele>293.000</ele>
      </trkpt>
      <trkpt lat="46.874440000" lon="5.692250000">
        <ele>293.000</ele>
      </trkpt>
      <trkpt lat="46.874200000" lon="5.692140000">
        <ele>294.000</ele>
      </trkpt>
      <trkpt lat="46.873730000" lon="5.691890000">
        <ele>295.000</ele>
      </trkpt>
      <trkpt lat="46.873290000" lon="5.691730000">
        <ele>296.000</ele>
      </trkpt>
      <trkpt lat="46.873060000" lon="5.691690000">
        <ele>297.000</ele>
      </trkpt>
      <trkpt lat="46.872820000" lon="5.691660000">
        <ele>297.000</ele>
      </trkpt>
      <trkpt lat="46.872490000" lon="5.691670000">
        <ele>297.000</ele>
      </trkpt>
      <trkpt lat="46.871710000" lon="5.691780000">
        <ele>297.000</ele>
      </trkpt>
      <trkpt lat="46.870310000" lon="5.692020000">
        <ele>295.000</ele>
      </trkpt>
      <trkpt lat="46.870160000" lon="5.692040000">
        <ele>294.000</ele>
      </trkpt>
      <trkpt lat="46.870020000" lon="5.692050000">
        <ele>294.000</ele>
      </trkpt>
      <trkpt lat="46.869860000" lon="5.692020000">
        <ele>293.000</ele>
      </trkpt>
      <trkpt lat="46.869690000" lon="5.691980000">
        <ele>293.000</ele>
      </trkpt>
      <trkpt lat="46.869570000" lon="5.691920000">
        <ele>293.000</ele>
      </trkpt>
      <trkpt lat="46.869450000" lon="5.691860000">
        <ele>292.000</ele>
      </trkpt>
      <trkpt lat="46.869340000" lon="5.691770000">
        <ele>292.000</ele>
      </trkpt>
      <trkpt lat="46.869250000" lon="5.691680000">
        <ele>292.000</ele>
      </trkpt>
      <trkpt lat="46.868840000" lon="5.691210000">
        <ele>292.000</ele>
      </trkpt>
      <trkpt lat="46.868480000" lon="5.690950000">
        <ele>292.000</ele>
      </trkpt>
      <trkpt lat="46.868150000" lon="5.690660000">
        <ele>292.000</ele>
      </trkpt>
      <trkpt lat="46.868030000" lon="5.690560000">
        <ele>291.000</ele>
      </trkpt>
      <trkpt lat="46.867580000" lon="5.690120000">
        <ele>291.000</ele>
      </trkpt>
      <trkpt lat="46.867220000" lon="5.689840000">
        <ele>291.000</ele>
      </trkpt>
      <trkpt lat="46.867000000" lon="5.689730000">
        <ele>290.000</ele>
      </trkpt>
      <trkpt lat="46.866580000" lon="5.689670000">
        <ele>290.000</ele>
      </trkpt>
      <trkpt lat="46.866350000" lon="5.689590000">
        <ele>290.000</ele>
      </trkpt>
      <trkpt lat="46.865250000" lon="5.688980000">
        <ele>287.000</ele>
      </trkpt>
      <trkpt lat="46.865140000" lon="5.688900000">
        <ele>285.000</ele>
      </trkpt>
      <trkpt lat="46.865020000" lon="5.688810000">
        <ele>284.000</ele>
      </trkpt>
      <trkpt lat="46.864310000" lon="5.688060000">
        <ele>281.000</ele>
      </trkpt>
      <trkpt lat="46.863650000" lon="5.687380000">
        <ele>279.000</ele>
      </trkpt>
      <trkpt lat="46.863520000" lon="5.687270000">
        <ele>277.000</ele>
      </trkpt>
      <trkpt lat="46.863390000" lon="5.687180000">
        <ele>275.000</ele>
      </trkpt>
      <trkpt lat="46.862720000" lon="5.686600000">
        <ele>273.000</ele>
      </trkpt>
      <trkpt lat="46.862200000" lon="5.686120000">
        <ele>272.000</ele>
      </trkpt>
      <trkpt lat="46.862090000" lon="5.686020000">
        <ele>270.000</ele>
      </trkpt>
      <trkpt lat="46.861900000" lon="5.685830000">
        <ele>270.000</ele>
      </trkpt>
      <trkpt lat="46.861790000" lon="5.685720000">
        <ele>269.000</ele>
      </trkpt>
      <trkpt lat="46.861760000" lon="5.685690000">
        <ele>268.000</ele>
      </trkpt>
      <trkpt lat="46.861530000" lon="5.685440000">
        <ele>268.000</ele>
      </trkpt>
      <trkpt lat="46.861020000" lon="5.684960000">
        <ele>267.000</ele>
      </trkpt>
      <trkpt lat="46.860960000" lon="5.684900000">
        <ele>266.000</ele>
      </trkpt>
      <trkpt lat="46.860900000" lon="5.684850000">
        <ele>266.000</ele>
      </trkpt>
      <trkpt lat="46.860880000" lon="5.684830000">
        <ele>266.000</ele>
      </trkpt>
      <trkpt lat="46.860360000" lon="5.684350000">
        <ele>265.000</ele>
      </trkpt>
      <trkpt lat="46.860250000" lon="5.684240000">
        <ele>265.000</ele>
      </trkpt>
      <trkpt lat="46.860120000" lon="5.684120000">
        <ele>265.000</ele>
      </trkpt>
      <trkpt lat="46.859790000" lon="5.683810000">
        <ele>265.000</ele>
      </trkpt>
      <trkpt lat="46.859750000" lon="5.683770000">
        <ele>264.000</ele>
      </trkpt>
      <trkpt lat="46.859720000" lon="5.683670000">
        <ele>264.000</ele>
      </trkpt>
      <trkpt lat="46.859680000" lon="5.683570000">
        <ele>264.000</ele>
      </trkpt>
      <trkpt lat="46.859650000" lon="5.683520000">
        <ele>264.000</ele>
      </trkpt>
      <trkpt lat="46.859560000" lon="5.683630000">
        <ele>264.000</ele>
      </trkpt>
      <trkpt lat="46.858950000" lon="5.684370000">
        <ele>264.000</ele>
      </trkpt>
      <trkpt lat="46.857640000" lon="5.686000000">
        <ele>265.000</ele>
      </trkpt>
      <trkpt lat="46.857640000" lon="5.686000000">
        <ele>266.000</ele>
      </trkpt>
      <trkpt lat="46.855160000" lon="5.689090000">
        <ele>267.000</ele>
      </trkpt>
      <trkpt lat="46.852550000" lon="5.692370000">
        <ele>270.000</ele>
      </trkpt>
      <trkpt lat="46.852500000" lon="5.692440000">
        <ele>273.000</ele>
      </trkpt>
      <trkpt lat="46.852400000" lon="5.692560000">
        <ele>274.000</ele>
      </trkpt>
      <trkpt lat="46.850700000" lon="5.694650000">
        <ele>276.000</ele>
      </trkpt>
      <trkpt lat="46.848980000" lon="5.696790000">
        <ele>279.000</ele>
      </trkpt>
      <trkpt lat="46.848140000" lon="5.697810000">
        <ele>280.000</ele>
      </trkpt>
      <trkpt lat="46.847950000" lon="5.698060000">
        <ele>281.000</ele>
      </trkpt>
    </trkseg>
  </trk>
</gpx>
