<?xml version="1.0" encoding="UTF-8"?>
<gpx version="1.0" creator="GPSBabel - https://www.gpsbabel.org" xmlns="http://www.topografix.com/GPX/1/0">
  <time>2025-12-15T08:47:35.025Z</time>
  <bounds minlat="44.113490000" minlon="4.808010000" maxlat="44.736470000" maxlon="5.318860000"/>
  <trk>
    <trkseg>
      <trkpt lat="44.736470000" lon="4.808010000">
        <ele>121.000</ele>
      </trkpt>
      <trkpt lat="44.736000000" lon="4.808090000">
        <ele>121.000</ele>
      </trkpt>
      <trkpt lat="44.735450000" lon="4.808270000">
        <ele>122.000</ele>
      </trkpt>
      <trkpt lat="44.734740000" lon="4.808630000">
        <ele>123.000</ele>
      </trkpt>
      <trkpt lat="44.733820000" lon="4.809180000">
        <ele>125.000</ele>
      </trkpt>
      <trkpt lat="44.733540000" lon="4.809320000">
        <ele>126.000</ele>
      </trkpt>
      <trkpt lat="44.733220000" lon="4.809410000">
        <ele>128.000</ele>
      </trkpt>
      <trkpt lat="44.733120000" lon="4.809410000">
        <ele>129.000</ele>
      </trkpt>
      <trkpt lat="44.732960000" lon="4.809430000">
        <ele>130.000</ele>
      </trkpt>
      <trkpt lat="44.732660000" lon="4.809420000">
        <ele>131.000</ele>
      </trkpt>
      <trkpt lat="44.732450000" lon="4.809350000">
        <ele>132.000</ele>
      </trkpt>
      <trkpt lat="44.731590000" lon="4.809070000">
        <ele>133.000</ele>
      </trkpt>
      <trkpt lat="44.730050000" lon="4.808570000">
        <ele>135.000</ele>
      </trkpt>
      <trkpt lat="44.729000000" lon="4.808240000">
        <ele>137.000</ele>
      </trkpt>
      <trkpt lat="44.728870000" lon="4.808250000">
        <ele>138.000</ele>
      </trkpt>
      <trkpt lat="44.728310000" lon="4.808070000">
        <ele>140.000</ele>
      </trkpt>
      <trkpt lat="44.728220000" lon="4.808060000">
        <ele>141.000</ele>
      </trkpt>
      <trkpt lat="44.728180000" lon="4.808060000">
        <ele>142.000</ele>
      </trkpt>
      <trkpt lat="44.728150000" lon="4.808060000">
        <ele>142.000</ele>
      </trkpt>
      <trkpt lat="44.728080000" lon="4.808080000">
        <ele>143.000</ele>
      </trkpt>
      <trkpt lat="44.728030000" lon="4.808370000">
        <ele>143.000</ele>
      </trkpt>
      <trkpt lat="44.727980000" lon="4.808630000">
        <ele>144.000</ele>
      </trkpt>
      <trkpt lat="44.727460000" lon="4.809870000">
        <ele>145.000</ele>
      </trkpt>
      <trkpt lat="44.727120000" lon="4.810680000">
        <ele>147.000</ele>
      </trkpt>
      <trkpt lat="44.726430000" lon="4.811790000">
        <ele>149.000</ele>
      </trkpt>
      <trkpt lat="44.726300000" lon="4.812010000">
        <ele>151.000</ele>
      </trkpt>
      <trkpt lat="44.726300000" lon="4.812010000">
        <ele>152.000</ele>
      </trkpt>
      <trkpt lat="44.726000000" lon="4.812520000">
        <ele>154.000</ele>
      </trkpt>
      <trkpt lat="44.725490000" lon="4.813400000">
        <ele>156.000</ele>
      </trkpt>
      <trkpt lat="44.725430000" lon="4.813530000">
        <ele>157.000</ele>
      </trkpt>
      <trkpt lat="44.725360000" lon="4.813670000">
        <ele>158.000</ele>
      </trkpt>
      <trkpt lat="44.724980000" lon="4.814320000">
        <ele>160.000</ele>
      </trkpt>
      <trkpt lat="44.724840000" lon="4.814620000">
        <ele>161.000</ele>
      </trkpt>
      <trkpt lat="44.724770000" lon="4.814820000">
        <ele>162.000</ele>
      </trkpt>
      <trkpt lat="44.724710000" lon="4.815050000">
        <ele>163.000</ele>
      </trkpt>
      <trkpt lat="44.724540000" lon="4.815840000">
        <ele>164.000</ele>
      </trkpt>
      <trkpt lat="44.724340000" lon="4.816640000">
        <ele>166.000</ele>
      </trkpt>
      <trkpt lat="44.723950000" lon="4.817850000">
        <ele>169.000</ele>
      </trkpt>
      <trkpt lat="44.723750000" lon="4.818450000">
        <ele>170.000</ele>
      </trkpt>
      <trkpt lat="44.723660000" lon="4.818770000">
        <ele>172.000</ele>
      </trkpt>
      <trkpt lat="44.723590000" lon="4.818990000">
        <ele>173.000</ele>
      </trkpt>
      <trkpt lat="44.723230000" lon="4.820630000">
        <ele>174.000</ele>
      </trkpt>
      <trkpt lat="44.722830000" lon="4.822200000">
        <ele>175.000</ele>
      </trkpt>
      <trkpt lat="44.722410000" lon="4.823650000">
        <ele>177.000</ele>
      </trkpt>
      <trkpt lat="44.722250000" lon="4.824280000">
        <ele>179.000</ele>
      </trkpt>
      <trkpt lat="44.722090000" lon="4.824940000">
        <ele>179.000</ele>
      </trkpt>
      <trkpt lat="44.721930000" lon="4.825380000">
        <ele>180.000</ele>
      </trkpt>
      <trkpt lat="44.721850000" lon="4.825570000">
        <ele>180.000</ele>
      </trkpt>
      <trkpt lat="44.721580000" lon="4.826210000">
        <ele>180.000</ele>
      </trkpt>
      <trkpt lat="44.721430000" lon="4.826380000">
        <ele>181.000</ele>
      </trkpt>
      <trkpt lat="44.721200000" lon="4.826480000">
        <ele>182.000</ele>
      </trkpt>
      <trkpt lat="44.720860000" lon="4.826490000">
        <ele>183.000</ele>
      </trkpt>
      <trkpt lat="44.720450000" lon="4.826520000">
        <ele>185.000</ele>
      </trkpt>
      <trkpt lat="44.720310000" lon="4.826550000">
        <ele>186.000</ele>
      </trkpt>
      <trkpt lat="44.720160000" lon="4.826690000">
        <ele>188.000</ele>
      </trkpt>
      <trkpt lat="44.719930000" lon="4.827140000">
        <ele>190.000</ele>
      </trkpt>
      <trkpt lat="44.719560000" lon="4.827970000">
        <ele>193.000</ele>
      </trkpt>
      <trkpt lat="44.719220000" lon="4.828860000">
        <ele>196.000</ele>
      </trkpt>
      <trkpt lat="44.719140000" lon="4.829030000">
        <ele>199.000</ele>
      </trkpt>
      <trkpt lat="44.719020000" lon="4.829160000">
        <ele>202.000</ele>
      </trkpt>
      <trkpt lat="44.718630000" lon="4.829480000">
        <ele>204.000</ele>
      </trkpt>
      <trkpt lat="44.718300000" lon="4.829660000">
        <ele>206.000</ele>
      </trkpt>
      <trkpt lat="44.718260000" lon="4.829680000">
        <ele>207.000</ele>
      </trkpt>
      <trkpt lat="44.717980000" lon="4.829650000">
        <ele>207.000</ele>
      </trkpt>
      <trkpt lat="44.717660000" lon="4.829620000">
        <ele>208.000</ele>
      </trkpt>
      <trkpt lat="44.717080000" lon="4.829620000">
        <ele>207.000</ele>
      </trkpt>
      <trkpt lat="44.716810000" lon="4.829670000">
        <ele>207.000</ele>
      </trkpt>
      <trkpt lat="44.716210000" lon="4.829990000">
        <ele>206.000</ele>
      </trkpt>
      <trkpt lat="44.715190000" lon="4.830730000">
        <ele>204.000</ele>
      </trkpt>
      <trkpt lat="44.715130000" lon="4.830770000">
        <ele>202.000</ele>
      </trkpt>
      <trkpt lat="44.715080000" lon="4.830810000">
        <ele>201.000</ele>
      </trkpt>
      <trkpt lat="44.714840000" lon="4.831050000">
        <ele>201.000</ele>
      </trkpt>
      <trkpt lat="44.714640000" lon="4.831360000">
        <ele>200.000</ele>
      </trkpt>
      <trkpt lat="44.714110000" lon="4.832400000">
        <ele>199.000</ele>
      </trkpt>
      <trkpt lat="44.713850000" lon="4.832730000">
        <ele>198.000</ele>
      </trkpt>
      <trkpt lat="44.711750000" lon="4.834810000">
        <ele>200.000</ele>
      </trkpt>
      <trkpt lat="44.711470000" lon="4.835050000">
        <ele>202.000</ele>
      </trkpt>
      <trkpt lat="44.711160000" lon="4.835210000">
        <ele>204.000</ele>
      </trkpt>
      <trkpt lat="44.710600000" lon="4.835460000">
        <ele>206.000</ele>
      </trkpt>
      <trkpt lat="44.710060000" lon="4.835630000">
        <ele>209.000</ele>
      </trkpt>
      <trkpt lat="44.710020000" lon="4.835660000">
        <ele>211.000</ele>
      </trkpt>
      <trkpt lat="44.709800000" lon="4.835800000">
        <ele>212.000</ele>
      </trkpt>
      <trkpt lat="44.709710000" lon="4.835930000">
        <ele>213.000</ele>
      </trkpt>
      <trkpt lat="44.709630000" lon="4.836090000">
        <ele>213.000</ele>
      </trkpt>
      <trkpt lat="44.709470000" lon="4.836470000">
        <ele>212.000</ele>
      </trkpt>
      <trkpt lat="44.709350000" lon="4.836690000">
        <ele>211.000</ele>
      </trkpt>
      <trkpt lat="44.709220000" lon="4.836850000">
        <ele>210.000</ele>
      </trkpt>
      <trkpt lat="44.709160000" lon="4.836910000">
        <ele>210.000</ele>
      </trkpt>
      <trkpt lat="44.709100000" lon="4.836960000">
        <ele>209.000</ele>
      </trkpt>
      <trkpt lat="44.708840000" lon="4.837110000">
        <ele>208.000</ele>
      </trkpt>
      <trkpt lat="44.707500000" lon="4.837800000">
        <ele>205.000</ele>
      </trkpt>
      <trkpt lat="44.707040000" lon="4.838070000">
        <ele>202.000</ele>
      </trkpt>
      <trkpt lat="44.706850000" lon="4.838250000">
        <ele>201.000</ele>
      </trkpt>
      <trkpt lat="44.706490000" lon="4.838900000">
        <ele>199.000</ele>
      </trkpt>
      <trkpt lat="44.705780000" lon="4.840180000">
        <ele>197.000</ele>
      </trkpt>
      <trkpt lat="44.705250000" lon="4.841540000">
        <ele>195.000</ele>
      </trkpt>
      <trkpt lat="44.705130000" lon="4.841970000">
        <ele>193.000</ele>
      </trkpt>
      <trkpt lat="44.704530000" lon="4.844290000">
        <ele>190.000</ele>
      </trkpt>
      <trkpt lat="44.704500000" lon="4.844530000">
        <ele>188.000</ele>
      </trkpt>
      <trkpt lat="44.704480000" lon="4.845640000">
        <ele>186.000</ele>
      </trkpt>
      <trkpt lat="44.704410000" lon="4.846070000">
        <ele>185.000</ele>
      </trkpt>
      <trkpt lat="44.703890000" lon="4.848180000">
        <ele>183.000</ele>
      </trkpt>
      <trkpt lat="44.703690000" lon="4.850240000">
        <ele>183.000</ele>
      </trkpt>
      <trkpt lat="44.703660000" lon="4.850340000">
        <ele>183.000</ele>
      </trkpt>
      <trkpt lat="44.703620000" lon="4.850410000">
        <ele>184.000</ele>
      </trkpt>
      <trkpt lat="44.703570000" lon="4.850440000">
        <ele>184.000</ele>
      </trkpt>
      <trkpt lat="44.703350000" lon="4.850430000">
        <ele>184.000</ele>
      </trkpt>
      <trkpt lat="44.702770000" lon="4.850440000">
        <ele>185.000</ele>
      </trkpt>
      <trkpt lat="44.702440000" lon="4.850450000">
        <ele>186.000</ele>
      </trkpt>
      <trkpt lat="44.702270000" lon="4.850450000">
        <ele>187.000</ele>
      </trkpt>
      <trkpt lat="44.702120000" lon="4.850450000">
        <ele>187.000</ele>
      </trkpt>
      <trkpt lat="44.701180000" lon="4.850490000">
        <ele>189.000</ele>
      </trkpt>
      <trkpt lat="44.701090000" lon="4.850490000">
        <ele>191.000</ele>
      </trkpt>
      <trkpt lat="44.700820000" lon="4.850510000">
        <ele>192.000</ele>
      </trkpt>
      <trkpt lat="44.700640000" lon="4.850550000">
        <ele>194.000</ele>
      </trkpt>
      <trkpt lat="44.700550000" lon="4.850580000">
        <ele>195.000</ele>
      </trkpt>
      <trkpt lat="44.699350000" lon="4.851260000">
        <ele>199.000</ele>
      </trkpt>
      <trkpt lat="44.699300000" lon="4.851280000">
        <ele>202.000</ele>
      </trkpt>
      <trkpt lat="44.698960000" lon="4.851500000">
        <ele>204.000</ele>
      </trkpt>
      <trkpt lat="44.698730000" lon="4.851590000">
        <ele>206.000</ele>
      </trkpt>
      <trkpt lat="44.698430000" lon="4.851670000">
        <ele>207.000</ele>
      </trkpt>
      <trkpt lat="44.696490000" lon="4.852030000">
        <ele>210.000</ele>
      </trkpt>
      <trkpt lat="44.696240000" lon="4.852090000">
        <ele>212.000</ele>
      </trkpt>
      <trkpt lat="44.695990000" lon="4.852180000">
        <ele>214.000</ele>
      </trkpt>
      <trkpt lat="44.695970000" lon="4.852190000">
        <ele>215.000</ele>
      </trkpt>
      <trkpt lat="44.695330000" lon="4.852470000">
        <ele>216.000</ele>
      </trkpt>
      <trkpt lat="44.695120000" lon="4.852560000">
        <ele>217.000</ele>
      </trkpt>
      <trkpt lat="44.694960000" lon="4.852620000">
        <ele>218.000</ele>
      </trkpt>
      <trkpt lat="44.694850000" lon="4.852640000">
        <ele>219.000</ele>
      </trkpt>
      <trkpt lat="44.694700000" lon="4.852670000">
        <ele>219.000</ele>
      </trkpt>
      <trkpt lat="44.694640000" lon="4.852680000">
        <ele>220.000</ele>
      </trkpt>
      <trkpt lat="44.694500000" lon="4.852710000">
        <ele>220.000</ele>
      </trkpt>
      <trkpt lat="44.694350000" lon="4.852740000">
        <ele>221.000</ele>
      </trkpt>
      <trkpt lat="44.694010000" lon="4.852870000">
        <ele>222.000</ele>
      </trkpt>
      <trkpt lat="44.693480000" lon="4.853040000">
        <ele>223.000</ele>
      </trkpt>
      <trkpt lat="44.691780000" lon="4.853620000">
        <ele>227.000</ele>
      </trkpt>
      <trkpt lat="44.690780000" lon="4.853950000">
        <ele>229.000</ele>
      </trkpt>
      <trkpt lat="44.690420000" lon="4.854020000">
        <ele>231.000</ele>
      </trkpt>
      <trkpt lat="44.690180000" lon="4.854070000">
        <ele>232.000</ele>
      </trkpt>
      <trkpt lat="44.690010000" lon="4.854100000">
        <ele>233.000</ele>
      </trkpt>
      <trkpt lat="44.689910000" lon="4.854110000">
        <ele>234.000</ele>
      </trkpt>
      <trkpt lat="44.688740000" lon="4.854340000">
        <ele>236.000</ele>
      </trkpt>
      <trkpt lat="44.688180000" lon="4.854420000">
        <ele>239.000</ele>
      </trkpt>
      <trkpt lat="44.687720000" lon="4.854470000">
        <ele>242.000</ele>
      </trkpt>
      <trkpt lat="44.687490000" lon="4.854480000">
        <ele>244.000</ele>
      </trkpt>
      <trkpt lat="44.687220000" lon="4.854450000">
        <ele>246.000</ele>
      </trkpt>
      <trkpt lat="44.686990000" lon="4.854380000">
        <ele>248.000</ele>
      </trkpt>
      <trkpt lat="44.686920000" lon="4.854360000">
        <ele>249.000</ele>
      </trkpt>
      <trkpt lat="44.686790000" lon="4.854330000">
        <ele>250.000</ele>
      </trkpt>
      <trkpt lat="44.686180000" lon="4.854200000">
        <ele>252.000</ele>
      </trkpt>
      <trkpt lat="44.685650000" lon="4.854210000">
        <ele>254.000</ele>
      </trkpt>
      <trkpt lat="44.684710000" lon="4.854290000">
        <ele>256.000</ele>
      </trkpt>
      <trkpt lat="44.684350000" lon="4.854330000">
        <ele>258.000</ele>
      </trkpt>
      <trkpt lat="44.684040000" lon="4.854400000">
        <ele>259.000</ele>
      </trkpt>
      <trkpt lat="44.683650000" lon="4.854580000">
        <ele>261.000</ele>
      </trkpt>
      <trkpt lat="44.683250000" lon="4.854770000">
        <ele>263.000</ele>
      </trkpt>
      <trkpt lat="44.682900000" lon="4.854930000">
        <ele>266.000</ele>
      </trkpt>
      <trkpt lat="44.682510000" lon="4.855110000">
        <ele>268.000</ele>
      </trkpt>
      <trkpt lat="44.682070000" lon="4.855270000">
        <ele>270.000</ele>
      </trkpt>
      <trkpt lat="44.681730000" lon="4.855480000">
        <ele>272.000</ele>
      </trkpt>
      <trkpt lat="44.681500000" lon="4.855650000">
        <ele>274.000</ele>
      </trkpt>
      <trkpt lat="44.681260000" lon="4.855810000">
        <ele>276.000</ele>
      </trkpt>
      <trkpt lat="44.681100000" lon="4.855930000">
        <ele>277.000</ele>
      </trkpt>
      <trkpt lat="44.680700000" lon="4.856170000">
        <ele>279.000</ele>
      </trkpt>
      <trkpt lat="44.680500000" lon="4.856260000">
        <ele>280.000</ele>
      </trkpt>
      <trkpt lat="44.680370000" lon="4.856300000">
        <ele>282.000</ele>
      </trkpt>
      <trkpt lat="44.680240000" lon="4.856330000">
        <ele>282.000</ele>
      </trkpt>
      <trkpt lat="44.679990000" lon="4.856380000">
        <ele>283.000</ele>
      </trkpt>
      <trkpt lat="44.679840000" lon="4.856440000">
        <ele>284.000</ele>
      </trkpt>
      <trkpt lat="44.679640000" lon="4.856570000">
        <ele>285.000</ele>
      </trkpt>
      <trkpt lat="44.679210000" lon="4.856870000">
        <ele>286.000</ele>
      </trkpt>
      <trkpt lat="44.678960000" lon="4.857090000">
        <ele>287.000</ele>
      </trkpt>
      <trkpt lat="44.678940000" lon="4.857120000">
        <ele>287.000</ele>
      </trkpt>
      <trkpt lat="44.678640000" lon="4.857450000">
        <ele>288.000</ele>
      </trkpt>
      <trkpt lat="44.678440000" lon="4.857730000">
        <ele>288.000</ele>
      </trkpt>
      <trkpt lat="44.678200000" lon="4.858150000">
        <ele>289.000</ele>
      </trkpt>
      <trkpt lat="44.677280000" lon="4.860310000">
        <ele>290.000</ele>
      </trkpt>
      <trkpt lat="44.677250000" lon="4.860410000">
        <ele>290.000</ele>
      </trkpt>
      <trkpt lat="44.677220000" lon="4.860550000">
        <ele>291.000</ele>
      </trkpt>
      <trkpt lat="44.677170000" lon="4.861130000">
        <ele>292.000</ele>
      </trkpt>
      <trkpt lat="44.677160000" lon="4.861830000">
        <ele>294.000</ele>
      </trkpt>
      <trkpt lat="44.677150000" lon="4.863140000">
        <ele>296.000</ele>
      </trkpt>
      <trkpt lat="44.677240000" lon="4.863830000">
        <ele>300.000</ele>
      </trkpt>
      <trkpt lat="44.677340000" lon="4.864210000">
        <ele>302.000</ele>
      </trkpt>
      <trkpt lat="44.677760000" lon="4.865140000">
        <ele>307.000</ele>
      </trkpt>
      <trkpt lat="44.677860000" lon="4.865250000">
        <ele>310.000</ele>
      </trkpt>
      <trkpt lat="44.677980000" lon="4.865280000">
        <ele>312.000</ele>
      </trkpt>
      <trkpt lat="44.678090000" lon="4.865230000">
        <ele>314.000</ele>
      </trkpt>
      <trkpt lat="44.678160000" lon="4.865170000">
        <ele>316.000</ele>
      </trkpt>
      <trkpt lat="44.678220000" lon="4.865080000">
        <ele>317.000</ele>
      </trkpt>
      <trkpt lat="44.678250000" lon="4.864910000">
        <ele>317.000</ele>
      </trkpt>
      <trkpt lat="44.678180000" lon="4.864310000">
        <ele>318.000</ele>
      </trkpt>
      <trkpt lat="44.678200000" lon="4.864020000">
        <ele>319.000</ele>
      </trkpt>
      <trkpt lat="44.678430000" lon="4.862840000">
        <ele>321.000</ele>
      </trkpt>
      <trkpt lat="44.678480000" lon="4.862580000">
        <ele>322.000</ele>
      </trkpt>
      <trkpt lat="44.678480000" lon="4.862360000">
        <ele>323.000</ele>
      </trkpt>
      <trkpt lat="44.678390000" lon="4.861950000">
        <ele>324.000</ele>
      </trkpt>
      <trkpt lat="44.678410000" lon="4.861850000">
        <ele>325.000</ele>
      </trkpt>
      <trkpt lat="44.678470000" lon="4.861860000">
        <ele>325.000</ele>
      </trkpt>
      <trkpt lat="44.678510000" lon="4.861950000">
        <ele>326.000</ele>
      </trkpt>
      <trkpt lat="44.678700000" lon="4.862730000">
        <ele>327.000</ele>
      </trkpt>
      <trkpt lat="44.678710000" lon="4.863030000">
        <ele>327.000</ele>
      </trkpt>
      <trkpt lat="44.678610000" lon="4.863910000">
        <ele>329.000</ele>
      </trkpt>
      <trkpt lat="44.678620000" lon="4.864050000">
        <ele>330.000</ele>
      </trkpt>
      <trkpt lat="44.678720000" lon="4.864300000">
        <ele>331.000</ele>
      </trkpt>
      <trkpt lat="44.678880000" lon="4.864510000">
        <ele>333.000</ele>
      </trkpt>
      <trkpt lat="44.680210000" lon="4.866120000">
        <ele>340.000</ele>
      </trkpt>
      <trkpt lat="44.680340000" lon="4.866350000">
        <ele>345.000</ele>
      </trkpt>
      <trkpt lat="44.680530000" lon="4.866960000">
        <ele>351.000</ele>
      </trkpt>
      <trkpt lat="44.680670000" lon="4.867210000">
        <ele>355.000</ele>
      </trkpt>
      <trkpt lat="44.681190000" lon="4.867810000">
        <ele>360.000</ele>
      </trkpt>
      <trkpt lat="44.681260000" lon="4.867950000">
        <ele>364.000</ele>
      </trkpt>
      <trkpt lat="44.681240000" lon="4.868090000">
        <ele>367.000</ele>
      </trkpt>
      <trkpt lat="44.681190000" lon="4.868160000">
        <ele>369.000</ele>
      </trkpt>
      <trkpt lat="44.681060000" lon="4.868210000">
        <ele>371.000</ele>
      </trkpt>
      <trkpt lat="44.680710000" lon="4.868310000">
        <ele>373.000</ele>
      </trkpt>
      <trkpt lat="44.680380000" lon="4.868350000">
        <ele>374.000</ele>
      </trkpt>
      <trkpt lat="44.680060000" lon="4.868290000">
        <ele>375.000</ele>
      </trkpt>
      <trkpt lat="44.679740000" lon="4.868180000">
        <ele>376.000</ele>
      </trkpt>
      <trkpt lat="44.679550000" lon="4.868190000">
        <ele>377.000</ele>
      </trkpt>
      <trkpt lat="44.679290000" lon="4.868280000">
        <ele>378.000</ele>
      </trkpt>
      <trkpt lat="44.679030000" lon="4.868460000">
        <ele>380.000</ele>
      </trkpt>
      <trkpt lat="44.678730000" lon="4.868800000">
        <ele>383.000</ele>
      </trkpt>
      <trkpt lat="44.678330000" lon="4.869260000">
        <ele>386.000</ele>
      </trkpt>
      <trkpt lat="44.677820000" lon="4.869530000">
        <ele>390.000</ele>
      </trkpt>
      <trkpt lat="44.676920000" lon="4.869370000">
        <ele>396.000</ele>
      </trkpt>
      <trkpt lat="44.676010000" lon="4.868820000">
        <ele>401.000</ele>
      </trkpt>
      <trkpt lat="44.675760000" lon="4.868300000">
        <ele>405.000</ele>
      </trkpt>
      <trkpt lat="44.675800000" lon="4.868020000">
        <ele>407.000</ele>
      </trkpt>
      <trkpt lat="44.676180000" lon="4.867860000">
        <ele>409.000</ele>
      </trkpt>
      <trkpt lat="44.676520000" lon="4.867670000">
        <ele>412.000</ele>
      </trkpt>
      <trkpt lat="44.676550000" lon="4.867450000">
        <ele>414.000</ele>
      </trkpt>
      <trkpt lat="44.676460000" lon="4.867340000">
        <ele>416.000</ele>
      </trkpt>
      <trkpt lat="44.676070000" lon="4.867340000">
        <ele>418.000</ele>
      </trkpt>
      <trkpt lat="44.675720000" lon="4.867200000">
        <ele>421.000</ele>
      </trkpt>
      <trkpt lat="44.675350000" lon="4.866980000">
        <ele>424.000</ele>
      </trkpt>
      <trkpt lat="44.674920000" lon="4.866190000">
        <ele>427.000</ele>
      </trkpt>
      <trkpt lat="44.674450000" lon="4.865830000">
        <ele>431.000</ele>
      </trkpt>
      <trkpt lat="44.673770000" lon="4.865730000">
        <ele>435.000</ele>
      </trkpt>
      <trkpt lat="44.672350000" lon="4.865620000">
        <ele>442.000</ele>
      </trkpt>
      <trkpt lat="44.671670000" lon="4.865340000">
        <ele>450.000</ele>
      </trkpt>
      <trkpt lat="44.671470000" lon="4.865010000">
        <ele>456.000</ele>
      </trkpt>
      <trkpt lat="44.671690000" lon="4.864220000">
        <ele>460.000</ele>
      </trkpt>
      <trkpt lat="44.671730000" lon="4.863640000">
        <ele>463.000</ele>
      </trkpt>
      <trkpt lat="44.671630000" lon="4.863210000">
        <ele>465.000</ele>
      </trkpt>
      <trkpt lat="44.671380000" lon="4.862880000">
        <ele>467.000</ele>
      </trkpt>
      <trkpt lat="44.671080000" lon="4.862990000">
        <ele>470.000</ele>
      </trkpt>
      <trkpt lat="44.670460000" lon="4.863840000">
        <ele>474.000</ele>
      </trkpt>
      <trkpt lat="44.669580000" lon="4.864520000">
        <ele>480.000</ele>
      </trkpt>
      <trkpt lat="44.668360000" lon="4.864710000">
        <ele>487.000</ele>
      </trkpt>
      <trkpt lat="44.667410000" lon="4.864770000">
        <ele>494.000</ele>
      </trkpt>
      <trkpt lat="44.667130000" lon="4.864750000">
        <ele>499.000</ele>
      </trkpt>
      <trkpt lat="44.666890000" lon="4.864750000">
        <ele>503.000</ele>
      </trkpt>
      <trkpt lat="44.666730000" lon="4.864820000">
        <ele>506.000</ele>
      </trkpt>
      <trkpt lat="44.665970000" lon="4.865670000">
        <ele>509.000</ele>
      </trkpt>
      <trkpt lat="44.665880000" lon="4.865780000">
        <ele>511.000</ele>
      </trkpt>
      <trkpt lat="44.665680000" lon="4.865990000">
        <ele>512.000</ele>
      </trkpt>
      <trkpt lat="44.665530000" lon="4.866240000">
        <ele>513.000</ele>
      </trkpt>
      <trkpt lat="44.665500000" lon="4.866360000">
        <ele>513.000</ele>
      </trkpt>
      <trkpt lat="44.665480000" lon="4.866490000">
        <ele>513.000</ele>
      </trkpt>
      <trkpt lat="44.665500000" lon="4.866640000">
        <ele>513.000</ele>
      </trkpt>
      <trkpt lat="44.665550000" lon="4.866860000">
        <ele>513.000</ele>
      </trkpt>
      <trkpt lat="44.665620000" lon="4.867090000">
        <ele>513.000</ele>
      </trkpt>
      <trkpt lat="44.665680000" lon="4.867220000">
        <ele>512.000</ele>
      </trkpt>
      <trkpt lat="44.665750000" lon="4.867380000">
        <ele>512.000</ele>
      </trkpt>
      <trkpt lat="44.665780000" lon="4.867490000">
        <ele>511.000</ele>
      </trkpt>
      <trkpt lat="44.665780000" lon="4.867570000">
        <ele>511.000</ele>
      </trkpt>
      <trkpt lat="44.665760000" lon="4.867660000">
        <ele>510.000</ele>
      </trkpt>
      <trkpt lat="44.665700000" lon="4.867740000">
        <ele>510.000</ele>
      </trkpt>
      <trkpt lat="44.665390000" lon="4.867850000">
        <ele>509.000</ele>
      </trkpt>
      <trkpt lat="44.664850000" lon="4.868020000">
        <ele>508.000</ele>
      </trkpt>
      <trkpt lat="44.663850000" lon="4.868520000">
        <ele>504.000</ele>
      </trkpt>
      <trkpt lat="44.663850000" lon="4.868520000">
        <ele>501.000</ele>
      </trkpt>
      <trkpt lat="44.663780000" lon="4.868550000">
        <ele>499.000</ele>
      </trkpt>
      <trkpt lat="44.663060000" lon="4.868980000">
        <ele>495.000</ele>
      </trkpt>
      <trkpt lat="44.662830000" lon="4.869190000">
        <ele>492.000</ele>
      </trkpt>
      <trkpt lat="44.662620000" lon="4.869430000">
        <ele>490.000</ele>
      </trkpt>
      <trkpt lat="44.662260000" lon="4.869940000">
        <ele>488.000</ele>
      </trkpt>
      <trkpt lat="44.662180000" lon="4.870060000">
        <ele>486.000</ele>
      </trkpt>
      <trkpt lat="44.662120000" lon="4.870190000">
        <ele>485.000</ele>
      </trkpt>
      <trkpt lat="44.662030000" lon="4.870400000">
        <ele>484.000</ele>
      </trkpt>
      <trkpt lat="44.661970000" lon="4.870490000">
        <ele>483.000</ele>
      </trkpt>
      <trkpt lat="44.661900000" lon="4.870540000">
        <ele>483.000</ele>
      </trkpt>
      <trkpt lat="44.661720000" lon="4.870620000">
        <ele>482.000</ele>
      </trkpt>
      <trkpt lat="44.661080000" lon="4.870850000">
        <ele>479.000</ele>
      </trkpt>
      <trkpt lat="44.660750000" lon="4.871000000">
        <ele>477.000</ele>
      </trkpt>
      <trkpt lat="44.660680000" lon="4.871040000">
        <ele>475.000</ele>
      </trkpt>
      <trkpt lat="44.660630000" lon="4.871100000">
        <ele>473.000</ele>
      </trkpt>
      <trkpt lat="44.660580000" lon="4.871190000">
        <ele>472.000</ele>
      </trkpt>
      <trkpt lat="44.660570000" lon="4.871280000">
        <ele>471.000</ele>
      </trkpt>
      <trkpt lat="44.660560000" lon="4.871380000">
        <ele>470.000</ele>
      </trkpt>
      <trkpt lat="44.660580000" lon="4.871490000">
        <ele>469.000</ele>
      </trkpt>
      <trkpt lat="44.660620000" lon="4.871600000">
        <ele>468.000</ele>
      </trkpt>
      <trkpt lat="44.661100000" lon="4.872300000">
        <ele>466.000</ele>
      </trkpt>
      <trkpt lat="44.661220000" lon="4.872490000">
        <ele>464.000</ele>
      </trkpt>
      <trkpt lat="44.661350000" lon="4.872690000">
        <ele>462.000</ele>
      </trkpt>
      <trkpt lat="44.661400000" lon="4.872780000">
        <ele>461.000</ele>
      </trkpt>
      <trkpt lat="44.661430000" lon="4.872900000">
        <ele>459.000</ele>
      </trkpt>
      <trkpt lat="44.661410000" lon="4.873030000">
        <ele>459.000</ele>
      </trkpt>
      <trkpt lat="44.661360000" lon="4.873130000">
        <ele>458.000</ele>
      </trkpt>
      <trkpt lat="44.661280000" lon="4.873170000">
        <ele>457.000</ele>
      </trkpt>
      <trkpt lat="44.661180000" lon="4.873160000">
        <ele>456.000</ele>
      </trkpt>
      <trkpt lat="44.660950000" lon="4.873090000">
        <ele>456.000</ele>
      </trkpt>
      <trkpt lat="44.660260000" lon="4.872820000">
        <ele>454.000</ele>
      </trkpt>
      <trkpt lat="44.659830000" lon="4.872750000">
        <ele>451.000</ele>
      </trkpt>
      <trkpt lat="44.659530000" lon="4.872690000">
        <ele>448.000</ele>
      </trkpt>
      <trkpt lat="44.659210000" lon="4.872630000">
        <ele>445.000</ele>
      </trkpt>
      <trkpt lat="44.659010000" lon="4.872580000">
        <ele>442.000</ele>
      </trkpt>
      <trkpt lat="44.658610000" lon="4.872410000">
        <ele>439.000</ele>
      </trkpt>
      <trkpt lat="44.658430000" lon="4.872380000">
        <ele>437.000</ele>
      </trkpt>
      <trkpt lat="44.658200000" lon="4.872360000">
        <ele>434.000</ele>
      </trkpt>
      <trkpt lat="44.657740000" lon="4.872430000">
        <ele>432.000</ele>
      </trkpt>
      <trkpt lat="44.657330000" lon="4.872480000">
        <ele>429.000</ele>
      </trkpt>
      <trkpt lat="44.656980000" lon="4.872440000">
        <ele>426.000</ele>
      </trkpt>
      <trkpt lat="44.656660000" lon="4.872350000">
        <ele>424.000</ele>
      </trkpt>
      <trkpt lat="44.656380000" lon="4.872270000">
        <ele>421.000</ele>
      </trkpt>
      <trkpt lat="44.656090000" lon="4.872140000">
        <ele>419.000</ele>
      </trkpt>
      <trkpt lat="44.655660000" lon="4.871940000">
        <ele>415.000</ele>
      </trkpt>
      <trkpt lat="44.655030000" lon="4.871590000">
        <ele>410.000</ele>
      </trkpt>
      <trkpt lat="44.654570000" lon="4.871370000">
        <ele>405.000</ele>
      </trkpt>
      <trkpt lat="44.654090000" lon="4.871390000">
        <ele>401.000</ele>
      </trkpt>
      <trkpt lat="44.653090000" lon="4.871870000">
        <ele>397.000</ele>
      </trkpt>
      <trkpt lat="44.652700000" lon="4.872070000">
        <ele>394.000</ele>
      </trkpt>
      <trkpt lat="44.651990000" lon="4.872480000">
        <ele>389.000</ele>
      </trkpt>
      <trkpt lat="44.651120000" lon="4.872870000">
        <ele>384.000</ele>
      </trkpt>
      <trkpt lat="44.650260000" lon="4.873240000">
        <ele>378.000</ele>
      </trkpt>
      <trkpt lat="44.650010000" lon="4.873320000">
        <ele>373.000</ele>
      </trkpt>
      <trkpt lat="44.649730000" lon="4.873420000">
        <ele>369.000</ele>
      </trkpt>
      <trkpt lat="44.649430000" lon="4.873480000">
        <ele>365.000</ele>
      </trkpt>
      <trkpt lat="44.648800000" lon="4.873600000">
        <ele>360.000</ele>
      </trkpt>
      <trkpt lat="44.648720000" lon="4.873610000">
        <ele>357.000</ele>
      </trkpt>
      <trkpt lat="44.648480000" lon="4.873690000">
        <ele>354.000</ele>
      </trkpt>
      <trkpt lat="44.648330000" lon="4.873760000">
        <ele>351.000</ele>
      </trkpt>
      <trkpt lat="44.648250000" lon="4.873790000">
        <ele>350.000</ele>
      </trkpt>
      <trkpt lat="44.648180000" lon="4.873810000">
        <ele>349.000</ele>
      </trkpt>
      <trkpt lat="44.648120000" lon="4.873780000">
        <ele>348.000</ele>
      </trkpt>
      <trkpt lat="44.648090000" lon="4.873730000">
        <ele>347.000</ele>
      </trkpt>
      <trkpt lat="44.648090000" lon="4.873650000">
        <ele>347.000</ele>
      </trkpt>
      <trkpt lat="44.648130000" lon="4.873590000">
        <ele>346.000</ele>
      </trkpt>
      <trkpt lat="44.648200000" lon="4.873540000">
        <ele>346.000</ele>
      </trkpt>
      <trkpt lat="44.648280000" lon="4.873490000">
        <ele>346.000</ele>
      </trkpt>
      <trkpt lat="44.649620000" lon="4.872930000">
        <ele>344.000</ele>
      </trkpt>
      <trkpt lat="44.650020000" lon="4.872710000">
        <ele>342.000</ele>
      </trkpt>
      <trkpt lat="44.650670000" lon="4.872200000">
        <ele>340.000</ele>
      </trkpt>
      <trkpt lat="44.651170000" lon="4.871760000">
        <ele>338.000</ele>
      </trkpt>
      <trkpt lat="44.651260000" lon="4.871680000">
        <ele>336.000</ele>
      </trkpt>
      <trkpt lat="44.651320000" lon="4.871600000">
        <ele>335.000</ele>
      </trkpt>
      <trkpt lat="44.651350000" lon="4.871520000">
        <ele>334.000</ele>
      </trkpt>
      <trkpt lat="44.651360000" lon="4.871410000">
        <ele>333.000</ele>
      </trkpt>
      <trkpt lat="44.651340000" lon="4.871320000">
        <ele>332.000</ele>
      </trkpt>
      <trkpt lat="44.651300000" lon="4.871230000">
        <ele>331.000</ele>
      </trkpt>
      <trkpt lat="44.651240000" lon="4.871180000">
        <ele>331.000</ele>
      </trkpt>
      <trkpt lat="44.651170000" lon="4.871160000">
        <ele>330.000</ele>
      </trkpt>
      <trkpt lat="44.651100000" lon="4.871180000">
        <ele>329.000</ele>
      </trkpt>
      <trkpt lat="44.650920000" lon="4.871240000">
        <ele>329.000</ele>
      </trkpt>
      <trkpt lat="44.650260000" lon="4.871530000">
        <ele>326.000</ele>
      </trkpt>
      <trkpt lat="44.649720000" lon="4.871790000">
        <ele>323.000</ele>
      </trkpt>
      <trkpt lat="44.649010000" lon="4.872010000">
        <ele>319.000</ele>
      </trkpt>
      <trkpt lat="44.648650000" lon="4.872010000">
        <ele>315.000</ele>
      </trkpt>
      <trkpt lat="44.648320000" lon="4.871980000">
        <ele>312.000</ele>
      </trkpt>
      <trkpt lat="44.647820000" lon="4.871810000">
        <ele>308.000</ele>
      </trkpt>
      <trkpt lat="44.647580000" lon="4.871690000">
        <ele>305.000</ele>
      </trkpt>
      <trkpt lat="44.647220000" lon="4.871530000">
        <ele>301.000</ele>
      </trkpt>
      <trkpt lat="44.647020000" lon="4.871440000">
        <ele>298.000</ele>
      </trkpt>
      <trkpt lat="44.646930000" lon="4.871410000">
        <ele>296.000</ele>
      </trkpt>
      <trkpt lat="44.646830000" lon="4.871440000">
        <ele>294.000</ele>
      </trkpt>
      <trkpt lat="44.646580000" lon="4.871530000">
        <ele>291.000</ele>
      </trkpt>
      <trkpt lat="44.645720000" lon="4.871840000">
        <ele>287.000</ele>
      </trkpt>
      <trkpt lat="44.645660000" lon="4.871870000">
        <ele>283.000</ele>
      </trkpt>
      <trkpt lat="44.645600000" lon="4.871890000">
        <ele>281.000</ele>
      </trkpt>
      <trkpt lat="44.645560000" lon="4.871910000">
        <ele>280.000</ele>
      </trkpt>
      <trkpt lat="44.645500000" lon="4.871940000">
        <ele>278.000</ele>
      </trkpt>
      <trkpt lat="44.645260000" lon="4.872100000">
        <ele>277.000</ele>
      </trkpt>
      <trkpt lat="44.644840000" lon="4.872440000">
        <ele>275.000</ele>
      </trkpt>
      <trkpt lat="44.644640000" lon="4.872610000">
        <ele>273.000</ele>
      </trkpt>
      <trkpt lat="44.644170000" lon="4.872980000">
        <ele>270.000</ele>
      </trkpt>
      <trkpt lat="44.644060000" lon="4.873090000">
        <ele>268.000</ele>
      </trkpt>
      <trkpt lat="44.643990000" lon="4.873150000">
        <ele>266.000</ele>
      </trkpt>
      <trkpt lat="44.643890000" lon="4.873160000">
        <ele>265.000</ele>
      </trkpt>
      <trkpt lat="44.643760000" lon="4.873040000">
        <ele>265.000</ele>
      </trkpt>
      <trkpt lat="44.643730000" lon="4.873010000">
        <ele>264.000</ele>
      </trkpt>
      <trkpt lat="44.643420000" lon="4.872800000">
        <ele>264.000</ele>
      </trkpt>
      <trkpt lat="44.643380000" lon="4.872780000">
        <ele>263.000</ele>
      </trkpt>
      <trkpt lat="44.643210000" lon="4.872750000">
        <ele>263.000</ele>
      </trkpt>
      <trkpt lat="44.643200000" lon="4.872750000">
        <ele>263.000</ele>
      </trkpt>
      <trkpt lat="44.643000000" lon="4.872710000">
        <ele>263.000</ele>
      </trkpt>
      <trkpt lat="44.642840000" lon="4.872690000">
        <ele>263.000</ele>
      </trkpt>
      <trkpt lat="44.642010000" lon="4.872420000">
        <ele>262.000</ele>
      </trkpt>
      <trkpt lat="44.641450000" lon="4.871960000">
        <ele>262.000</ele>
      </trkpt>
      <trkpt lat="44.641200000" lon="4.871750000">
        <ele>261.000</ele>
      </trkpt>
      <trkpt lat="44.639860000" lon="4.870660000">
        <ele>259.000</ele>
      </trkpt>
      <trkpt lat="44.639730000" lon="4.870620000">
        <ele>258.000</ele>
      </trkpt>
      <trkpt lat="44.639180000" lon="4.870540000">
        <ele>256.000</ele>
      </trkpt>
      <trkpt lat="44.638190000" lon="4.870420000">
        <ele>254.000</ele>
      </trkpt>
      <trkpt lat="44.637920000" lon="4.870360000">
        <ele>251.000</ele>
      </trkpt>
      <trkpt lat="44.637680000" lon="4.870250000">
        <ele>249.000</ele>
      </trkpt>
      <trkpt lat="44.637020000" lon="4.869820000">
        <ele>248.000</ele>
      </trkpt>
      <trkpt lat="44.636810000" lon="4.869720000">
        <ele>246.000</ele>
      </trkpt>
      <trkpt lat="44.636680000" lon="4.869690000">
        <ele>246.000</ele>
      </trkpt>
      <trkpt lat="44.636560000" lon="4.869680000">
        <ele>245.000</ele>
      </trkpt>
      <trkpt lat="44.636190000" lon="4.869710000">
        <ele>244.000</ele>
      </trkpt>
      <trkpt lat="44.636050000" lon="4.869690000">
        <ele>243.000</ele>
      </trkpt>
      <trkpt lat="44.635870000" lon="4.869620000">
        <ele>243.000</ele>
      </trkpt>
      <trkpt lat="44.635560000" lon="4.869420000">
        <ele>242.000</ele>
      </trkpt>
      <trkpt lat="44.635410000" lon="4.869300000">
        <ele>241.000</ele>
      </trkpt>
      <trkpt lat="44.635360000" lon="4.869270000">
        <ele>241.000</ele>
      </trkpt>
      <trkpt lat="44.632990000" lon="4.867430000">
        <ele>237.000</ele>
      </trkpt>
      <trkpt lat="44.631590000" lon="4.866360000">
        <ele>233.000</ele>
      </trkpt>
      <trkpt lat="44.631420000" lon="4.866220000">
        <ele>229.000</ele>
      </trkpt>
      <trkpt lat="44.631250000" lon="4.866060000">
        <ele>227.000</ele>
      </trkpt>
      <trkpt lat="44.631110000" lon="4.865920000">
        <ele>225.000</ele>
      </trkpt>
      <trkpt lat="44.630980000" lon="4.865770000">
        <ele>224.000</ele>
      </trkpt>
      <trkpt lat="44.630890000" lon="4.865670000">
        <ele>223.000</ele>
      </trkpt>
      <trkpt lat="44.628860000" lon="4.863280000">
        <ele>222.000</ele>
      </trkpt>
      <trkpt lat="44.628190000" lon="4.862510000">
        <ele>222.000</ele>
      </trkpt>
      <trkpt lat="44.628080000" lon="4.862360000">
        <ele>223.000</ele>
      </trkpt>
      <trkpt lat="44.628000000" lon="4.862200000">
        <ele>223.000</ele>
      </trkpt>
      <trkpt lat="44.627920000" lon="4.861980000">
        <ele>223.000</ele>
      </trkpt>
      <trkpt lat="44.627730000" lon="4.861330000">
        <ele>224.000</ele>
      </trkpt>
      <trkpt lat="44.627480000" lon="4.860420000">
        <ele>224.000</ele>
      </trkpt>
      <trkpt lat="44.627410000" lon="4.860150000">
        <ele>223.000</ele>
      </trkpt>
      <trkpt lat="44.627040000" lon="4.858920000">
        <ele>222.000</ele>
      </trkpt>
      <trkpt lat="44.626910000" lon="4.858590000">
        <ele>221.000</ele>
      </trkpt>
      <trkpt lat="44.626800000" lon="4.858350000">
        <ele>220.000</ele>
      </trkpt>
      <trkpt lat="44.626440000" lon="4.857740000">
        <ele>220.000</ele>
      </trkpt>
      <trkpt lat="44.626190000" lon="4.857300000">
        <ele>219.000</ele>
      </trkpt>
      <trkpt lat="44.625600000" lon="4.856250000">
        <ele>218.000</ele>
      </trkpt>
      <trkpt lat="44.625530000" lon="4.856230000">
        <ele>217.000</ele>
      </trkpt>
      <trkpt lat="44.625350000" lon="4.856190000">
        <ele>217.000</ele>
      </trkpt>
      <trkpt lat="44.625300000" lon="4.856180000">
        <ele>216.000</ele>
      </trkpt>
      <trkpt lat="44.622630000" lon="4.855530000">
        <ele>211.000</ele>
      </trkpt>
      <trkpt lat="44.622050000" lon="4.855370000">
        <ele>207.000</ele>
      </trkpt>
      <trkpt lat="44.621800000" lon="4.855220000">
        <ele>204.000</ele>
      </trkpt>
      <trkpt lat="44.620660000" lon="4.854540000">
        <ele>200.000</ele>
      </trkpt>
      <trkpt lat="44.620350000" lon="4.854350000">
        <ele>197.000</ele>
      </trkpt>
      <trkpt lat="44.619990000" lon="4.854130000">
        <ele>194.000</ele>
      </trkpt>
      <trkpt lat="44.619020000" lon="4.853510000">
        <ele>191.000</ele>
      </trkpt>
      <trkpt lat="44.618580000" lon="4.853250000">
        <ele>188.000</ele>
      </trkpt>
      <trkpt lat="44.618500000" lon="4.853200000">
        <ele>185.000</ele>
      </trkpt>
      <trkpt lat="44.618390000" lon="4.853140000">
        <ele>184.000</ele>
      </trkpt>
      <trkpt lat="44.618370000" lon="4.853120000">
        <ele>183.000</ele>
      </trkpt>
      <trkpt lat="44.617990000" lon="4.852950000">
        <ele>181.000</ele>
      </trkpt>
      <trkpt lat="44.617760000" lon="4.852880000">
        <ele>180.000</ele>
      </trkpt>
      <trkpt lat="44.616450000" lon="4.852380000">
        <ele>177.000</ele>
      </trkpt>
      <trkpt lat="44.615670000" lon="4.852120000">
        <ele>173.000</ele>
      </trkpt>
      <trkpt lat="44.615320000" lon="4.851990000">
        <ele>171.000</ele>
      </trkpt>
      <trkpt lat="44.614730000" lon="4.851770000">
        <ele>168.000</ele>
      </trkpt>
      <trkpt lat="44.614500000" lon="4.851670000">
        <ele>166.000</ele>
      </trkpt>
      <trkpt lat="44.614400000" lon="4.851590000">
        <ele>164.000</ele>
      </trkpt>
      <trkpt lat="44.614290000" lon="4.851490000">
        <ele>163.000</ele>
      </trkpt>
      <trkpt lat="44.613950000" lon="4.851100000">
        <ele>162.000</ele>
      </trkpt>
      <trkpt lat="44.613890000" lon="4.851040000">
        <ele>161.000</ele>
      </trkpt>
      <trkpt lat="44.613870000" lon="4.851020000">
        <ele>160.000</ele>
      </trkpt>
      <trkpt lat="44.613720000" lon="4.850900000">
        <ele>160.000</ele>
      </trkpt>
      <trkpt lat="44.613350000" lon="4.850670000">
        <ele>159.000</ele>
      </trkpt>
      <trkpt lat="44.612850000" lon="4.850410000">
        <ele>158.000</ele>
      </trkpt>
      <trkpt lat="44.612810000" lon="4.850380000">
        <ele>157.000</ele>
      </trkpt>
      <trkpt lat="44.612640000" lon="4.850230000">
        <ele>156.000</ele>
      </trkpt>
      <trkpt lat="44.612590000" lon="4.850140000">
        <ele>156.000</ele>
      </trkpt>
      <trkpt lat="44.612570000" lon="4.850070000">
        <ele>155.000</ele>
      </trkpt>
      <trkpt lat="44.612370000" lon="4.849230000">
        <ele>154.000</ele>
      </trkpt>
      <trkpt lat="44.612270000" lon="4.848990000">
        <ele>153.000</ele>
      </trkpt>
      <trkpt lat="44.612150000" lon="4.848810000">
        <ele>152.000</ele>
      </trkpt>
      <trkpt lat="44.611800000" lon="4.848280000">
        <ele>151.000</ele>
      </trkpt>
      <trkpt lat="44.611580000" lon="4.847990000">
        <ele>150.000</ele>
      </trkpt>
      <trkpt lat="44.611510000" lon="4.847910000">
        <ele>149.000</ele>
      </trkpt>
      <trkpt lat="44.611450000" lon="4.847830000">
        <ele>149.000</ele>
      </trkpt>
      <trkpt lat="44.611300000" lon="4.847740000">
        <ele>148.000</ele>
      </trkpt>
      <trkpt lat="44.610620000" lon="4.847550000">
        <ele>148.000</ele>
      </trkpt>
      <trkpt lat="44.610420000" lon="4.847490000">
        <ele>147.000</ele>
      </trkpt>
      <trkpt lat="44.610000000" lon="4.847360000">
        <ele>147.000</ele>
      </trkpt>
      <trkpt lat="44.609920000" lon="4.847340000">
        <ele>146.000</ele>
      </trkpt>
      <trkpt lat="44.609870000" lon="4.847320000">
        <ele>146.000</ele>
      </trkpt>
      <trkpt lat="44.609810000" lon="4.847310000">
        <ele>146.000</ele>
      </trkpt>
      <trkpt lat="44.609700000" lon="4.847290000">
        <ele>145.000</ele>
      </trkpt>
      <trkpt lat="44.609610000" lon="4.847280000">
        <ele>145.000</ele>
      </trkpt>
      <trkpt lat="44.609570000" lon="4.847280000">
        <ele>145.000</ele>
      </trkpt>
      <trkpt lat="44.609500000" lon="4.847270000">
        <ele>145.000</ele>
      </trkpt>
      <trkpt lat="44.609440000" lon="4.847260000">
        <ele>144.000</ele>
      </trkpt>
      <trkpt lat="44.609410000" lon="4.847250000">
        <ele>144.000</ele>
      </trkpt>
      <trkpt lat="44.609320000" lon="4.847210000">
        <ele>144.000</ele>
      </trkpt>
      <trkpt lat="44.609300000" lon="4.847200000">
        <ele>144.000</ele>
      </trkpt>
      <trkpt lat="44.609130000" lon="4.847020000">
        <ele>144.000</ele>
      </trkpt>
      <trkpt lat="44.609130000" lon="4.846960000">
        <ele>143.000</ele>
      </trkpt>
      <trkpt lat="44.609120000" lon="4.846890000">
        <ele>143.000</ele>
      </trkpt>
      <trkpt lat="44.609100000" lon="4.846840000">
        <ele>143.000</ele>
      </trkpt>
      <trkpt lat="44.609050000" lon="4.846780000">
        <ele>143.000</ele>
      </trkpt>
      <trkpt lat="44.609000000" lon="4.846750000">
        <ele>143.000</ele>
      </trkpt>
      <trkpt lat="44.608940000" lon="4.846750000">
        <ele>143.000</ele>
      </trkpt>
      <trkpt lat="44.608890000" lon="4.846770000">
        <ele>142.000</ele>
      </trkpt>
      <trkpt lat="44.608840000" lon="4.846810000">
        <ele>142.000</ele>
      </trkpt>
      <trkpt lat="44.608800000" lon="4.846870000">
        <ele>142.000</ele>
      </trkpt>
      <trkpt lat="44.608790000" lon="4.846950000">
        <ele>142.000</ele>
      </trkpt>
      <trkpt lat="44.608670000" lon="4.847010000">
        <ele>142.000</ele>
      </trkpt>
      <trkpt lat="44.608520000" lon="4.847060000">
        <ele>141.000</ele>
      </trkpt>
      <trkpt lat="44.608350000" lon="4.847090000">
        <ele>141.000</ele>
      </trkpt>
      <trkpt lat="44.608170000" lon="4.847070000">
        <ele>141.000</ele>
      </trkpt>
      <trkpt lat="44.607410000" lon="4.846930000">
        <ele>140.000</ele>
      </trkpt>
      <trkpt lat="44.607260000" lon="4.846910000">
        <ele>140.000</ele>
      </trkpt>
      <trkpt lat="44.607060000" lon="4.846890000">
        <ele>139.000</ele>
      </trkpt>
      <trkpt lat="44.606870000" lon="4.846890000">
        <ele>139.000</ele>
      </trkpt>
      <trkpt lat="44.606740000" lon="4.846890000">
        <ele>138.000</ele>
      </trkpt>
      <trkpt lat="44.606580000" lon="4.846900000">
        <ele>138.000</ele>
      </trkpt>
      <trkpt lat="44.605980000" lon="4.846970000">
        <ele>138.000</ele>
      </trkpt>
      <trkpt lat="44.605700000" lon="4.847000000">
        <ele>137.000</ele>
      </trkpt>
      <trkpt lat="44.605490000" lon="4.847020000">
        <ele>137.000</ele>
      </trkpt>
      <trkpt lat="44.605280000" lon="4.847060000">
        <ele>137.000</ele>
      </trkpt>
      <trkpt lat="44.605080000" lon="4.847100000">
        <ele>137.000</ele>
      </trkpt>
      <trkpt lat="44.604830000" lon="4.847170000">
        <ele>137.000</ele>
      </trkpt>
      <trkpt lat="44.604610000" lon="4.847240000">
        <ele>137.000</ele>
      </trkpt>
      <trkpt lat="44.604390000" lon="4.847320000">
        <ele>137.000</ele>
      </trkpt>
      <trkpt lat="44.604170000" lon="4.847390000">
        <ele>137.000</ele>
      </trkpt>
      <trkpt lat="44.603420000" lon="4.847620000">
        <ele>137.000</ele>
      </trkpt>
      <trkpt lat="44.603240000" lon="4.847660000">
        <ele>137.000</ele>
      </trkpt>
      <trkpt lat="44.603080000" lon="4.847680000">
        <ele>137.000</ele>
      </trkpt>
      <trkpt lat="44.602980000" lon="4.847680000">
        <ele>137.000</ele>
      </trkpt>
      <trkpt lat="44.602910000" lon="4.847660000">
        <ele>137.000</ele>
      </trkpt>
      <trkpt lat="44.602810000" lon="4.847630000">
        <ele>137.000</ele>
      </trkpt>
      <trkpt lat="44.601660000" lon="4.847110000">
        <ele>137.000</ele>
      </trkpt>
      <trkpt lat="44.600900000" lon="4.846750000">
        <ele>136.000</ele>
      </trkpt>
      <trkpt lat="44.600280000" lon="4.846450000">
        <ele>135.000</ele>
      </trkpt>
      <trkpt lat="44.600230000" lon="4.846450000">
        <ele>135.000</ele>
      </trkpt>
      <trkpt lat="44.600190000" lon="4.846460000">
        <ele>134.000</ele>
      </trkpt>
      <trkpt lat="44.600140000" lon="4.846530000">
        <ele>134.000</ele>
      </trkpt>
      <trkpt lat="44.599780000" lon="4.847540000">
        <ele>133.000</ele>
      </trkpt>
      <trkpt lat="44.599690000" lon="4.847770000">
        <ele>132.000</ele>
      </trkpt>
      <trkpt lat="44.599620000" lon="4.847940000">
        <ele>131.000</ele>
      </trkpt>
      <trkpt lat="44.599560000" lon="4.848040000">
        <ele>131.000</ele>
      </trkpt>
      <trkpt lat="44.599500000" lon="4.848110000">
        <ele>131.000</ele>
      </trkpt>
      <trkpt lat="44.599380000" lon="4.848230000">
        <ele>130.000</ele>
      </trkpt>
      <trkpt lat="44.599250000" lon="4.848320000">
        <ele>130.000</ele>
      </trkpt>
      <trkpt lat="44.599180000" lon="4.848350000">
        <ele>130.000</ele>
      </trkpt>
      <trkpt lat="44.599080000" lon="4.848390000">
        <ele>130.000</ele>
      </trkpt>
      <trkpt lat="44.599000000" lon="4.848390000">
        <ele>130.000</ele>
      </trkpt>
      <trkpt lat="44.598910000" lon="4.848390000">
        <ele>129.000</ele>
      </trkpt>
      <trkpt lat="44.598780000" lon="4.848370000">
        <ele>129.000</ele>
      </trkpt>
      <trkpt lat="44.598610000" lon="4.848320000">
        <ele>129.000</ele>
      </trkpt>
      <trkpt lat="44.597550000" lon="4.847980000">
        <ele>129.000</ele>
      </trkpt>
      <trkpt lat="44.597250000" lon="4.847870000">
        <ele>128.000</ele>
      </trkpt>
      <trkpt lat="44.596490000" lon="4.847630000">
        <ele>129.000</ele>
      </trkpt>
      <trkpt lat="44.596160000" lon="4.847530000">
        <ele>129.000</ele>
      </trkpt>
      <trkpt lat="44.596040000" lon="4.847490000">
        <ele>129.000</ele>
      </trkpt>
      <trkpt lat="44.595240000" lon="4.847230000">
        <ele>130.000</ele>
      </trkpt>
      <trkpt lat="44.594870000" lon="4.847120000">
        <ele>130.000</ele>
      </trkpt>
      <trkpt lat="44.594750000" lon="4.847080000">
        <ele>131.000</ele>
      </trkpt>
      <trkpt lat="44.594600000" lon="4.847060000">
        <ele>131.000</ele>
      </trkpt>
      <trkpt lat="44.594320000" lon="4.847050000">
        <ele>131.000</ele>
      </trkpt>
      <trkpt lat="44.594120000" lon="4.847030000">
        <ele>131.000</ele>
      </trkpt>
      <trkpt lat="44.592580000" lon="4.846850000">
        <ele>130.000</ele>
      </trkpt>
      <trkpt lat="44.591740000" lon="4.846730000">
        <ele>130.000</ele>
      </trkpt>
      <trkpt lat="44.591590000" lon="4.846720000">
        <ele>130.000</ele>
      </trkpt>
      <trkpt lat="44.591410000" lon="4.846720000">
        <ele>129.000</ele>
      </trkpt>
      <trkpt lat="44.590870000" lon="4.846730000">
        <ele>129.000</ele>
      </trkpt>
      <trkpt lat="44.590760000" lon="4.846720000">
        <ele>129.000</ele>
      </trkpt>
      <trkpt lat="44.590630000" lon="4.846690000">
        <ele>129.000</ele>
      </trkpt>
      <trkpt lat="44.590460000" lon="4.846650000">
        <ele>129.000</ele>
      </trkpt>
      <trkpt lat="44.590050000" lon="4.846520000">
        <ele>129.000</ele>
      </trkpt>
      <trkpt lat="44.589180000" lon="4.846260000">
        <ele>129.000</ele>
      </trkpt>
      <trkpt lat="44.588620000" lon="4.846090000">
        <ele>129.000</ele>
      </trkpt>
      <trkpt lat="44.587740000" lon="4.845820000">
        <ele>130.000</ele>
      </trkpt>
      <trkpt lat="44.587650000" lon="4.845780000">
        <ele>130.000</ele>
      </trkpt>
      <trkpt lat="44.587580000" lon="4.845740000">
        <ele>131.000</ele>
      </trkpt>
      <trkpt lat="44.587220000" lon="4.845480000">
        <ele>132.000</ele>
      </trkpt>
      <trkpt lat="44.587100000" lon="4.845420000">
        <ele>132.000</ele>
      </trkpt>
      <trkpt lat="44.587010000" lon="4.845390000">
        <ele>133.000</ele>
      </trkpt>
      <trkpt lat="44.586890000" lon="4.845370000">
        <ele>133.000</ele>
      </trkpt>
      <trkpt lat="44.586750000" lon="4.845370000">
        <ele>134.000</ele>
      </trkpt>
      <trkpt lat="44.586210000" lon="4.845360000">
        <ele>134.000</ele>
      </trkpt>
      <trkpt lat="44.586130000" lon="4.845350000">
        <ele>134.000</ele>
      </trkpt>
      <trkpt lat="44.586040000" lon="4.845340000">
        <ele>134.000</ele>
      </trkpt>
      <trkpt lat="44.583660000" lon="4.844690000">
        <ele>133.000</ele>
      </trkpt>
      <trkpt lat="44.583570000" lon="4.844670000">
        <ele>132.000</ele>
      </trkpt>
      <trkpt lat="44.583460000" lon="4.844650000">
        <ele>131.000</ele>
      </trkpt>
      <trkpt lat="44.583350000" lon="4.844640000">
        <ele>131.000</ele>
      </trkpt>
      <trkpt lat="44.582550000" lon="4.844600000">
        <ele>130.000</ele>
      </trkpt>
      <trkpt lat="44.581850000" lon="4.844590000">
        <ele>130.000</ele>
      </trkpt>
      <trkpt lat="44.581750000" lon="4.844590000">
        <ele>129.000</ele>
      </trkpt>
      <trkpt lat="44.581060000" lon="4.844550000">
        <ele>129.000</ele>
      </trkpt>
      <trkpt lat="44.580980000" lon="4.844550000">
        <ele>128.000</ele>
      </trkpt>
      <trkpt lat="44.580930000" lon="4.844570000">
        <ele>128.000</ele>
      </trkpt>
      <trkpt lat="44.580900000" lon="4.844580000">
        <ele>128.000</ele>
      </trkpt>
      <trkpt lat="44.580830000" lon="4.844450000">
        <ele>128.000</ele>
      </trkpt>
      <trkpt lat="44.580740000" lon="4.844320000">
        <ele>128.000</ele>
      </trkpt>
      <trkpt lat="44.580660000" lon="4.844210000">
        <ele>127.000</ele>
      </trkpt>
      <trkpt lat="44.580260000" lon="4.843790000">
        <ele>127.000</ele>
      </trkpt>
      <trkpt lat="44.579730000" lon="4.843210000">
        <ele>127.000</ele>
      </trkpt>
      <trkpt lat="44.579650000" lon="4.843080000">
        <ele>126.000</ele>
      </trkpt>
      <trkpt lat="44.579610000" lon="4.843010000">
        <ele>126.000</ele>
      </trkpt>
      <trkpt lat="44.579620000" lon="4.842970000">
        <ele>126.000</ele>
      </trkpt>
      <trkpt lat="44.579610000" lon="4.842900000">
        <ele>125.000</ele>
      </trkpt>
      <trkpt lat="44.579590000" lon="4.842800000">
        <ele>125.000</ele>
      </trkpt>
      <trkpt lat="44.579570000" lon="4.842780000">
        <ele>125.000</ele>
      </trkpt>
      <trkpt lat="44.579530000" lon="4.842750000">
        <ele>125.000</ele>
      </trkpt>
      <trkpt lat="44.579490000" lon="4.842720000">
        <ele>125.000</ele>
      </trkpt>
      <trkpt lat="44.579450000" lon="4.842720000">
        <ele>125.000</ele>
      </trkpt>
      <trkpt lat="44.579410000" lon="4.842720000">
        <ele>125.000</ele>
      </trkpt>
      <trkpt lat="44.579370000" lon="4.842740000">
        <ele>125.000</ele>
      </trkpt>
      <trkpt lat="44.579330000" lon="4.842780000">
        <ele>125.000</ele>
      </trkpt>
      <trkpt lat="44.579300000" lon="4.842830000">
        <ele>125.000</ele>
      </trkpt>
      <trkpt lat="44.579290000" lon="4.842880000">
        <ele>125.000</ele>
      </trkpt>
      <trkpt lat="44.579280000" lon="4.842920000">
        <ele>125.000</ele>
      </trkpt>
      <trkpt lat="44.579170000" lon="4.843020000">
        <ele>124.000</ele>
      </trkpt>
      <trkpt lat="44.578700000" lon="4.843310000">
        <ele>124.000</ele>
      </trkpt>
      <trkpt lat="44.578360000" lon="4.843530000">
        <ele>124.000</ele>
      </trkpt>
      <trkpt lat="44.578130000" lon="4.843700000">
        <ele>125.000</ele>
      </trkpt>
      <trkpt lat="44.577700000" lon="4.844060000">
        <ele>125.000</ele>
      </trkpt>
      <trkpt lat="44.577120000" lon="4.844580000">
        <ele>126.000</ele>
      </trkpt>
      <trkpt lat="44.576510000" lon="4.845130000">
        <ele>127.000</ele>
      </trkpt>
      <trkpt lat="44.576210000" lon="4.845440000">
        <ele>128.000</ele>
      </trkpt>
      <trkpt lat="44.575930000" lon="4.845760000">
        <ele>129.000</ele>
      </trkpt>
      <trkpt lat="44.575390000" lon="4.846420000">
        <ele>130.000</ele>
      </trkpt>
      <trkpt lat="44.574440000" lon="4.847620000">
        <ele>131.000</ele>
      </trkpt>
      <trkpt lat="44.573900000" lon="4.848320000">
        <ele>133.000</ele>
      </trkpt>
      <trkpt lat="44.573660000" lon="4.848610000">
        <ele>134.000</ele>
      </trkpt>
      <trkpt lat="44.573510000" lon="4.848800000">
        <ele>135.000</ele>
      </trkpt>
      <trkpt lat="44.573300000" lon="4.849010000">
        <ele>136.000</ele>
      </trkpt>
      <trkpt lat="44.573120000" lon="4.849170000">
        <ele>136.000</ele>
      </trkpt>
      <trkpt lat="44.572920000" lon="4.849320000">
        <ele>136.000</ele>
      </trkpt>
      <trkpt lat="44.572760000" lon="4.849400000">
        <ele>137.000</ele>
      </trkpt>
      <trkpt lat="44.572600000" lon="4.849470000">
        <ele>137.000</ele>
      </trkpt>
      <trkpt lat="44.572420000" lon="4.849530000">
        <ele>137.000</ele>
      </trkpt>
      <trkpt lat="44.572150000" lon="4.849600000">
        <ele>137.000</ele>
      </trkpt>
      <trkpt lat="44.571890000" lon="4.849650000">
        <ele>137.000</ele>
      </trkpt>
      <trkpt lat="44.571530000" lon="4.849720000">
        <ele>138.000</ele>
      </trkpt>
      <trkpt lat="44.569940000" lon="4.850030000">
        <ele>138.000</ele>
      </trkpt>
      <trkpt lat="44.569560000" lon="4.850100000">
        <ele>139.000</ele>
      </trkpt>
      <trkpt lat="44.568850000" lon="4.850230000">
        <ele>140.000</ele>
      </trkpt>
      <trkpt lat="44.568620000" lon="4.850290000">
        <ele>141.000</ele>
      </trkpt>
      <trkpt lat="44.568450000" lon="4.850330000">
        <ele>141.000</ele>
      </trkpt>
      <trkpt lat="44.568310000" lon="4.850370000">
        <ele>142.000</ele>
      </trkpt>
      <trkpt lat="44.568130000" lon="4.850440000">
        <ele>142.000</ele>
      </trkpt>
      <trkpt lat="44.567770000" lon="4.850600000">
        <ele>143.000</ele>
      </trkpt>
      <trkpt lat="44.567460000" lon="4.850740000">
        <ele>144.000</ele>
      </trkpt>
      <trkpt lat="44.567280000" lon="4.850810000">
        <ele>145.000</ele>
      </trkpt>
      <trkpt lat="44.567060000" lon="4.850870000">
        <ele>146.000</ele>
      </trkpt>
      <trkpt lat="44.566870000" lon="4.850900000">
        <ele>147.000</ele>
      </trkpt>
      <trkpt lat="44.566670000" lon="4.850920000">
        <ele>148.000</ele>
      </trkpt>
      <trkpt lat="44.566490000" lon="4.850920000">
        <ele>149.000</ele>
      </trkpt>
      <trkpt lat="44.566260000" lon="4.850890000">
        <ele>150.000</ele>
      </trkpt>
      <trkpt lat="44.566020000" lon="4.850860000">
        <ele>151.000</ele>
      </trkpt>
      <trkpt lat="44.565380000" lon="4.850760000">
        <ele>152.000</ele>
      </trkpt>
      <trkpt lat="44.564700000" lon="4.850650000">
        <ele>153.000</ele>
      </trkpt>
      <trkpt lat="44.564440000" lon="4.850610000">
        <ele>155.000</ele>
      </trkpt>
      <trkpt lat="44.564190000" lon="4.850580000">
        <ele>155.000</ele>
      </trkpt>
      <trkpt lat="44.564030000" lon="4.850580000">
        <ele>156.000</ele>
      </trkpt>
      <trkpt lat="44.563850000" lon="4.850580000">
        <ele>156.000</ele>
      </trkpt>
      <trkpt lat="44.563270000" lon="4.850650000">
        <ele>155.000</ele>
      </trkpt>
      <trkpt lat="44.561170000" lon="4.850950000">
        <ele>152.000</ele>
      </trkpt>
      <trkpt lat="44.560800000" lon="4.851000000">
        <ele>150.000</ele>
      </trkpt>
      <trkpt lat="44.559790000" lon="4.851150000">
        <ele>148.000</ele>
      </trkpt>
      <trkpt lat="44.559570000" lon="4.851190000">
        <ele>147.000</ele>
      </trkpt>
      <trkpt lat="44.557820000" lon="4.851470000">
        <ele>146.000</ele>
      </trkpt>
      <trkpt lat="44.555920000" lon="4.851690000">
        <ele>145.000</ele>
      </trkpt>
      <trkpt lat="44.555550000" lon="4.851670000">
        <ele>145.000</ele>
      </trkpt>
      <trkpt lat="44.555240000" lon="4.851580000">
        <ele>145.000</ele>
      </trkpt>
      <trkpt lat="44.555210000" lon="4.851520000">
        <ele>144.000</ele>
      </trkpt>
      <trkpt lat="44.555180000" lon="4.851480000">
        <ele>144.000</ele>
      </trkpt>
      <trkpt lat="44.555140000" lon="4.851460000">
        <ele>144.000</ele>
      </trkpt>
      <trkpt lat="44.555100000" lon="4.851450000">
        <ele>144.000</ele>
      </trkpt>
      <trkpt lat="44.555070000" lon="4.851460000">
        <ele>144.000</ele>
      </trkpt>
      <trkpt lat="44.555030000" lon="4.851480000">
        <ele>144.000</ele>
      </trkpt>
      <trkpt lat="44.555000000" lon="4.851520000">
        <ele>144.000</ele>
      </trkpt>
      <trkpt lat="44.554980000" lon="4.851560000">
        <ele>144.000</ele>
      </trkpt>
      <trkpt lat="44.554710000" lon="4.851640000">
        <ele>144.000</ele>
      </trkpt>
      <trkpt lat="44.554570000" lon="4.851630000">
        <ele>144.000</ele>
      </trkpt>
      <trkpt lat="44.554510000" lon="4.851620000">
        <ele>144.000</ele>
      </trkpt>
      <trkpt lat="44.554310000" lon="4.851590000">
        <ele>144.000</ele>
      </trkpt>
      <trkpt lat="44.553990000" lon="4.851520000">
        <ele>144.000</ele>
      </trkpt>
      <trkpt lat="44.553850000" lon="4.851510000">
        <ele>144.000</ele>
      </trkpt>
      <trkpt lat="44.553240000" lon="4.851530000">
        <ele>143.000</ele>
      </trkpt>
      <trkpt lat="44.551530000" lon="4.851450000">
        <ele>142.000</ele>
      </trkpt>
      <trkpt lat="44.551350000" lon="4.851460000">
        <ele>142.000</ele>
      </trkpt>
      <trkpt lat="44.551180000" lon="4.851490000">
        <ele>141.000</ele>
      </trkpt>
      <trkpt lat="44.551100000" lon="4.851510000">
        <ele>141.000</ele>
      </trkpt>
      <trkpt lat="44.550820000" lon="4.851590000">
        <ele>141.000</ele>
      </trkpt>
      <trkpt lat="44.550670000" lon="4.851570000">
        <ele>141.000</ele>
      </trkpt>
      <trkpt lat="44.550570000" lon="4.851540000">
        <ele>141.000</ele>
      </trkpt>
      <trkpt lat="44.550480000" lon="4.851490000">
        <ele>141.000</ele>
      </trkpt>
      <trkpt lat="44.550340000" lon="4.851310000">
        <ele>141.000</ele>
      </trkpt>
      <trkpt lat="44.550260000" lon="4.851100000">
        <ele>141.000</ele>
      </trkpt>
      <trkpt lat="44.550140000" lon="4.850760000">
        <ele>141.000</ele>
      </trkpt>
      <trkpt lat="44.549730000" lon="4.849950000">
        <ele>141.000</ele>
      </trkpt>
      <trkpt lat="44.549260000" lon="4.849100000">
        <ele>140.000</ele>
      </trkpt>
      <trkpt lat="44.548880000" lon="4.848500000">
        <ele>139.000</ele>
      </trkpt>
      <trkpt lat="44.548770000" lon="4.848330000">
        <ele>139.000</ele>
      </trkpt>
      <trkpt lat="44.547840000" lon="4.846980000">
        <ele>138.000</ele>
      </trkpt>
      <trkpt lat="44.546950000" lon="4.845700000">
        <ele>137.000</ele>
      </trkpt>
      <trkpt lat="44.546660000" lon="4.845270000">
        <ele>136.000</ele>
      </trkpt>
      <trkpt lat="44.546530000" lon="4.845010000">
        <ele>136.000</ele>
      </trkpt>
      <trkpt lat="44.546500000" lon="4.844950000">
        <ele>135.000</ele>
      </trkpt>
      <trkpt lat="44.546370000" lon="4.844960000">
        <ele>135.000</ele>
      </trkpt>
      <trkpt lat="44.546010000" lon="4.844750000">
        <ele>135.000</ele>
      </trkpt>
      <trkpt lat="44.545490000" lon="4.844460000">
        <ele>136.000</ele>
      </trkpt>
      <trkpt lat="44.545210000" lon="4.844270000">
        <ele>136.000</ele>
      </trkpt>
      <trkpt lat="44.544940000" lon="4.843850000">
        <ele>137.000</ele>
      </trkpt>
      <trkpt lat="44.544460000" lon="4.842990000">
        <ele>138.000</ele>
      </trkpt>
      <trkpt lat="44.544460000" lon="4.842990000">
        <ele>138.000</ele>
      </trkpt>
      <trkpt lat="44.543970000" lon="4.842110000">
        <ele>139.000</ele>
      </trkpt>
      <trkpt lat="44.543920000" lon="4.842030000">
        <ele>139.000</ele>
      </trkpt>
      <trkpt lat="44.543860000" lon="4.841920000">
        <ele>139.000</ele>
      </trkpt>
      <trkpt lat="44.543490000" lon="4.841260000">
        <ele>140.000</ele>
      </trkpt>
      <trkpt lat="44.543330000" lon="4.840950000">
        <ele>140.000</ele>
      </trkpt>
      <trkpt lat="44.543130000" lon="4.840570000">
        <ele>141.000</ele>
      </trkpt>
      <trkpt lat="44.543040000" lon="4.840400000">
        <ele>142.000</ele>
      </trkpt>
      <trkpt lat="44.542680000" lon="4.839850000">
        <ele>143.000</ele>
      </trkpt>
      <trkpt lat="44.541860000" lon="4.838820000">
        <ele>145.000</ele>
      </trkpt>
      <trkpt lat="44.541600000" lon="4.838490000">
        <ele>146.000</ele>
      </trkpt>
      <trkpt lat="44.540780000" lon="4.837410000">
        <ele>148.000</ele>
      </trkpt>
      <trkpt lat="44.540030000" lon="4.836420000">
        <ele>150.000</ele>
      </trkpt>
      <trkpt lat="44.539980000" lon="4.836340000">
        <ele>152.000</ele>
      </trkpt>
      <trkpt lat="44.539400000" lon="4.835580000">
        <ele>154.000</ele>
      </trkpt>
      <trkpt lat="44.539300000" lon="4.835450000">
        <ele>156.000</ele>
      </trkpt>
      <trkpt lat="44.538960000" lon="4.835040000">
        <ele>157.000</ele>
      </trkpt>
      <trkpt lat="44.538780000" lon="4.834740000">
        <ele>159.000</ele>
      </trkpt>
      <trkpt lat="44.538650000" lon="4.834390000">
        <ele>161.000</ele>
      </trkpt>
      <trkpt lat="44.538610000" lon="4.834280000">
        <ele>162.000</ele>
      </trkpt>
      <trkpt lat="44.538510000" lon="4.833840000">
        <ele>163.000</ele>
      </trkpt>
      <trkpt lat="44.538450000" lon="4.833570000">
        <ele>164.000</ele>
      </trkpt>
      <trkpt lat="44.538320000" lon="4.833070000">
        <ele>165.000</ele>
      </trkpt>
      <trkpt lat="44.538290000" lon="4.832940000">
        <ele>167.000</ele>
      </trkpt>
      <trkpt lat="44.538080000" lon="4.832420000">
        <ele>168.000</ele>
      </trkpt>
      <trkpt lat="44.537730000" lon="4.831750000">
        <ele>170.000</ele>
      </trkpt>
      <trkpt lat="44.537340000" lon="4.831260000">
        <ele>172.000</ele>
      </trkpt>
      <trkpt lat="44.537090000" lon="4.831010000">
        <ele>174.000</ele>
      </trkpt>
      <trkpt lat="44.536950000" lon="4.830940000">
        <ele>175.000</ele>
      </trkpt>
      <trkpt lat="44.536830000" lon="4.830880000">
        <ele>177.000</ele>
      </trkpt>
      <trkpt lat="44.536710000" lon="4.830870000">
        <ele>178.000</ele>
      </trkpt>
      <trkpt lat="44.536500000" lon="4.830870000">
        <ele>179.000</ele>
      </trkpt>
      <trkpt lat="44.536310000" lon="4.830830000">
        <ele>180.000</ele>
      </trkpt>
      <trkpt lat="44.536220000" lon="4.830770000">
        <ele>181.000</ele>
      </trkpt>
      <trkpt lat="44.535880000" lon="4.830340000">
        <ele>182.000</ele>
      </trkpt>
      <trkpt lat="44.535750000" lon="4.830230000">
        <ele>183.000</ele>
      </trkpt>
      <trkpt lat="44.535580000" lon="4.830160000">
        <ele>184.000</ele>
      </trkpt>
      <trkpt lat="44.534970000" lon="4.829950000">
        <ele>185.000</ele>
      </trkpt>
      <trkpt lat="44.534670000" lon="4.829700000">
        <ele>187.000</ele>
      </trkpt>
      <trkpt lat="44.533230000" lon="4.828360000">
        <ele>190.000</ele>
      </trkpt>
      <trkpt lat="44.532150000" lon="4.827580000">
        <ele>189.000</ele>
      </trkpt>
      <trkpt lat="44.531860000" lon="4.827520000">
        <ele>188.000</ele>
      </trkpt>
      <trkpt lat="44.531650000" lon="4.827580000">
        <ele>188.000</ele>
      </trkpt>
      <trkpt lat="44.531490000" lon="4.827800000">
        <ele>187.000</ele>
      </trkpt>
      <trkpt lat="44.531240000" lon="4.828610000">
        <ele>185.000</ele>
      </trkpt>
      <trkpt lat="44.530990000" lon="4.828940000">
        <ele>183.000</ele>
      </trkpt>
      <trkpt lat="44.530720000" lon="4.829060000">
        <ele>181.000</ele>
      </trkpt>
      <trkpt lat="44.529040000" lon="4.829150000">
        <ele>177.000</ele>
      </trkpt>
      <trkpt lat="44.528800000" lon="4.829170000">
        <ele>175.000</ele>
      </trkpt>
      <trkpt lat="44.526810000" lon="4.829600000">
        <ele>172.000</ele>
      </trkpt>
      <trkpt lat="44.526310000" lon="4.829770000">
        <ele>170.000</ele>
      </trkpt>
      <trkpt lat="44.526040000" lon="4.829890000">
        <ele>168.000</ele>
      </trkpt>
      <trkpt lat="44.525800000" lon="4.829990000">
        <ele>167.000</ele>
      </trkpt>
      <trkpt lat="44.525420000" lon="4.830140000">
        <ele>167.000</ele>
      </trkpt>
      <trkpt lat="44.525110000" lon="4.830140000">
        <ele>166.000</ele>
      </trkpt>
      <trkpt lat="44.524910000" lon="4.830030000">
        <ele>166.000</ele>
      </trkpt>
      <trkpt lat="44.523950000" lon="4.829340000">
        <ele>166.000</ele>
      </trkpt>
      <trkpt lat="44.521760000" lon="4.827740000">
        <ele>165.000</ele>
      </trkpt>
      <trkpt lat="44.521700000" lon="4.827700000">
        <ele>165.000</ele>
      </trkpt>
      <trkpt lat="44.521100000" lon="4.827250000">
        <ele>164.000</ele>
      </trkpt>
      <trkpt lat="44.519950000" lon="4.826410000">
        <ele>163.000</ele>
      </trkpt>
      <trkpt lat="44.519680000" lon="4.826230000">
        <ele>162.000</ele>
      </trkpt>
      <trkpt lat="44.519580000" lon="4.826160000">
        <ele>161.000</ele>
      </trkpt>
      <trkpt lat="44.519210000" lon="4.825770000">
        <ele>161.000</ele>
      </trkpt>
      <trkpt lat="44.518870000" lon="4.825320000">
        <ele>160.000</ele>
      </trkpt>
      <trkpt lat="44.518580000" lon="4.824910000">
        <ele>160.000</ele>
      </trkpt>
      <trkpt lat="44.518440000" lon="4.824710000">
        <ele>159.000</ele>
      </trkpt>
      <trkpt lat="44.518350000" lon="4.824540000">
        <ele>159.000</ele>
      </trkpt>
      <trkpt lat="44.518170000" lon="4.824270000">
        <ele>159.000</ele>
      </trkpt>
      <trkpt lat="44.518080000" lon="4.824120000">
        <ele>160.000</ele>
      </trkpt>
      <trkpt lat="44.517960000" lon="4.823950000">
        <ele>160.000</ele>
      </trkpt>
      <trkpt lat="44.517830000" lon="4.823810000">
        <ele>160.000</ele>
      </trkpt>
      <trkpt lat="44.517610000" lon="4.823670000">
        <ele>161.000</ele>
      </trkpt>
      <trkpt lat="44.517450000" lon="4.823620000">
        <ele>161.000</ele>
      </trkpt>
      <trkpt lat="44.517330000" lon="4.823580000">
        <ele>162.000</ele>
      </trkpt>
      <trkpt lat="44.516820000" lon="4.823450000">
        <ele>163.000</ele>
      </trkpt>
      <trkpt lat="44.516820000" lon="4.823360000">
        <ele>163.000</ele>
      </trkpt>
      <trkpt lat="44.516850000" lon="4.822890000">
        <ele>164.000</ele>
      </trkpt>
      <trkpt lat="44.516850000" lon="4.822740000">
        <ele>165.000</ele>
      </trkpt>
      <trkpt lat="44.516850000" lon="4.822600000">
        <ele>165.000</ele>
      </trkpt>
      <trkpt lat="44.516840000" lon="4.822500000">
        <ele>166.000</ele>
      </trkpt>
      <trkpt lat="44.516860000" lon="4.822480000">
        <ele>166.000</ele>
      </trkpt>
      <trkpt lat="44.516880000" lon="4.822450000">
        <ele>166.000</ele>
      </trkpt>
      <trkpt lat="44.516890000" lon="4.822420000">
        <ele>166.000</ele>
      </trkpt>
      <trkpt lat="44.516890000" lon="4.822380000">
        <ele>166.000</ele>
      </trkpt>
      <trkpt lat="44.516880000" lon="4.822340000">
        <ele>166.000</ele>
      </trkpt>
      <trkpt lat="44.516860000" lon="4.822310000">
        <ele>166.000</ele>
      </trkpt>
      <trkpt lat="44.516840000" lon="4.822290000">
        <ele>167.000</ele>
      </trkpt>
      <trkpt lat="44.516810000" lon="4.822280000">
        <ele>167.000</ele>
      </trkpt>
      <trkpt lat="44.516780000" lon="4.822290000">
        <ele>167.000</ele>
      </trkpt>
      <trkpt lat="44.516750000" lon="4.822310000">
        <ele>167.000</ele>
      </trkpt>
      <trkpt lat="44.516730000" lon="4.822350000">
        <ele>167.000</ele>
      </trkpt>
      <trkpt lat="44.516720000" lon="4.822400000">
        <ele>167.000</ele>
      </trkpt>
      <trkpt lat="44.516730000" lon="4.822450000">
        <ele>167.000</ele>
      </trkpt>
      <trkpt lat="44.516750000" lon="4.822490000">
        <ele>167.000</ele>
      </trkpt>
      <trkpt lat="44.516710000" lon="4.822520000">
        <ele>167.000</ele>
      </trkpt>
      <trkpt lat="44.516670000" lon="4.822540000">
        <ele>167.000</ele>
      </trkpt>
      <trkpt lat="44.516430000" lon="4.822640000">
        <ele>168.000</ele>
      </trkpt>
      <trkpt lat="44.516090000" lon="4.822750000">
        <ele>168.000</ele>
      </trkpt>
      <trkpt lat="44.515960000" lon="4.822800000">
        <ele>169.000</ele>
      </trkpt>
      <trkpt lat="44.515940000" lon="4.822810000">
        <ele>169.000</ele>
      </trkpt>
      <trkpt lat="44.515850000" lon="4.822850000">
        <ele>169.000</ele>
      </trkpt>
      <trkpt lat="44.515690000" lon="4.822960000">
        <ele>169.000</ele>
      </trkpt>
      <trkpt lat="44.515480000" lon="4.823150000">
        <ele>169.000</ele>
      </trkpt>
      <trkpt lat="44.515450000" lon="4.823230000">
        <ele>169.000</ele>
      </trkpt>
      <trkpt lat="44.515450000" lon="4.823520000">
        <ele>169.000</ele>
      </trkpt>
      <trkpt lat="44.515450000" lon="4.823590000">
        <ele>169.000</ele>
      </trkpt>
      <trkpt lat="44.515450000" lon="4.823630000">
        <ele>169.000</ele>
      </trkpt>
      <trkpt lat="44.515450000" lon="4.823700000">
        <ele>169.000</ele>
      </trkpt>
      <trkpt lat="44.515470000" lon="4.823960000">
        <ele>169.000</ele>
      </trkpt>
      <trkpt lat="44.515400000" lon="4.824190000">
        <ele>169.000</ele>
      </trkpt>
      <trkpt lat="44.515320000" lon="4.824440000">
        <ele>169.000</ele>
      </trkpt>
      <trkpt lat="44.515010000" lon="4.825350000">
        <ele>169.000</ele>
      </trkpt>
      <trkpt lat="44.514720000" lon="4.826230000">
        <ele>170.000</ele>
      </trkpt>
      <trkpt lat="44.514630000" lon="4.826500000">
        <ele>170.000</ele>
      </trkpt>
      <trkpt lat="44.514540000" lon="4.826780000">
        <ele>171.000</ele>
      </trkpt>
      <trkpt lat="44.514440000" lon="4.827120000">
        <ele>171.000</ele>
      </trkpt>
      <trkpt lat="44.514420000" lon="4.827350000">
        <ele>171.000</ele>
      </trkpt>
      <trkpt lat="44.514420000" lon="4.827460000">
        <ele>172.000</ele>
      </trkpt>
      <trkpt lat="44.514420000" lon="4.827730000">
        <ele>172.000</ele>
      </trkpt>
      <trkpt lat="44.514430000" lon="4.828190000">
        <ele>172.000</ele>
      </trkpt>
      <trkpt lat="44.514430000" lon="4.828210000">
        <ele>173.000</ele>
      </trkpt>
      <trkpt lat="44.514440000" lon="4.828310000">
        <ele>173.000</ele>
      </trkpt>
      <trkpt lat="44.514440000" lon="4.828400000">
        <ele>173.000</ele>
      </trkpt>
      <trkpt lat="44.514450000" lon="4.828560000">
        <ele>173.000</ele>
      </trkpt>
      <trkpt lat="44.514450000" lon="4.828670000">
        <ele>173.000</ele>
      </trkpt>
      <trkpt lat="44.514470000" lon="4.829180000">
        <ele>174.000</ele>
      </trkpt>
      <trkpt lat="44.514480000" lon="4.829380000">
        <ele>174.000</ele>
      </trkpt>
      <trkpt lat="44.514370000" lon="4.830250000">
        <ele>174.000</ele>
      </trkpt>
      <trkpt lat="44.514020000" lon="4.831890000">
        <ele>176.000</ele>
      </trkpt>
      <trkpt lat="44.513820000" lon="4.832570000">
        <ele>177.000</ele>
      </trkpt>
      <trkpt lat="44.513560000" lon="4.832970000">
        <ele>178.000</ele>
      </trkpt>
      <trkpt lat="44.513480000" lon="4.833090000">
        <ele>178.000</ele>
      </trkpt>
      <trkpt lat="44.513290000" lon="4.833360000">
        <ele>179.000</ele>
      </trkpt>
      <trkpt lat="44.512950000" lon="4.833850000">
        <ele>180.000</ele>
      </trkpt>
      <trkpt lat="44.512520000" lon="4.834460000">
        <ele>180.000</ele>
      </trkpt>
      <trkpt lat="44.511970000" lon="4.835260000">
        <ele>181.000</ele>
      </trkpt>
      <trkpt lat="44.511490000" lon="4.835950000">
        <ele>183.000</ele>
      </trkpt>
      <trkpt lat="44.511140000" lon="4.836450000">
        <ele>184.000</ele>
      </trkpt>
      <trkpt lat="44.510830000" lon="4.836980000">
        <ele>185.000</ele>
      </trkpt>
      <trkpt lat="44.510820000" lon="4.837010000">
        <ele>186.000</ele>
      </trkpt>
      <trkpt lat="44.510740000" lon="4.837140000">
        <ele>186.000</ele>
      </trkpt>
      <trkpt lat="44.510710000" lon="4.837200000">
        <ele>187.000</ele>
      </trkpt>
      <trkpt lat="44.510180000" lon="4.838110000">
        <ele>187.000</ele>
      </trkpt>
      <trkpt lat="44.510080000" lon="4.838280000">
        <ele>187.000</ele>
      </trkpt>
      <trkpt lat="44.509520000" lon="4.839090000">
        <ele>187.000</ele>
      </trkpt>
      <trkpt lat="44.509430000" lon="4.839250000">
        <ele>187.000</ele>
      </trkpt>
      <trkpt lat="44.509360000" lon="4.839400000">
        <ele>187.000</ele>
      </trkpt>
      <trkpt lat="44.509320000" lon="4.839490000">
        <ele>187.000</ele>
      </trkpt>
      <trkpt lat="44.509280000" lon="4.839590000">
        <ele>187.000</ele>
      </trkpt>
      <trkpt lat="44.509230000" lon="4.839770000">
        <ele>188.000</ele>
      </trkpt>
      <trkpt lat="44.509180000" lon="4.840080000">
        <ele>188.000</ele>
      </trkpt>
      <trkpt lat="44.509140000" lon="4.840310000">
        <ele>189.000</ele>
      </trkpt>
      <trkpt lat="44.509100000" lon="4.840550000">
        <ele>189.000</ele>
      </trkpt>
      <trkpt lat="44.509010000" lon="4.840820000">
        <ele>190.000</ele>
      </trkpt>
      <trkpt lat="44.508920000" lon="4.840980000">
        <ele>190.000</ele>
      </trkpt>
      <trkpt lat="44.508810000" lon="4.841140000">
        <ele>191.000</ele>
      </trkpt>
      <trkpt lat="44.508450000" lon="4.841530000">
        <ele>192.000</ele>
      </trkpt>
      <trkpt lat="44.508290000" lon="4.841700000">
        <ele>192.000</ele>
      </trkpt>
      <trkpt lat="44.508150000" lon="4.841890000">
        <ele>192.000</ele>
      </trkpt>
      <trkpt lat="44.508040000" lon="4.842080000">
        <ele>193.000</ele>
      </trkpt>
      <trkpt lat="44.507980000" lon="4.842270000">
        <ele>193.000</ele>
      </trkpt>
      <trkpt lat="44.507940000" lon="4.842520000">
        <ele>192.000</ele>
      </trkpt>
      <trkpt lat="44.507940000" lon="4.842780000">
        <ele>192.000</ele>
      </trkpt>
      <trkpt lat="44.507950000" lon="4.843040000">
        <ele>192.000</ele>
      </trkpt>
      <trkpt lat="44.507930000" lon="4.843250000">
        <ele>192.000</ele>
      </trkpt>
      <trkpt lat="44.507870000" lon="4.843440000">
        <ele>192.000</ele>
      </trkpt>
      <trkpt lat="44.507760000" lon="4.843700000">
        <ele>191.000</ele>
      </trkpt>
      <trkpt lat="44.507630000" lon="4.844030000">
        <ele>191.000</ele>
      </trkpt>
      <trkpt lat="44.507570000" lon="4.844310000">
        <ele>191.000</ele>
      </trkpt>
      <trkpt lat="44.507540000" lon="4.844500000">
        <ele>191.000</ele>
      </trkpt>
      <trkpt lat="44.507510000" lon="4.844670000">
        <ele>191.000</ele>
      </trkpt>
      <trkpt lat="44.507450000" lon="4.845020000">
        <ele>192.000</ele>
      </trkpt>
      <trkpt lat="44.507380000" lon="4.845300000">
        <ele>192.000</ele>
      </trkpt>
      <trkpt lat="44.507200000" lon="4.845780000">
        <ele>193.000</ele>
      </trkpt>
      <trkpt lat="44.506170000" lon="4.848420000">
        <ele>195.000</ele>
      </trkpt>
      <trkpt lat="44.506100000" lon="4.848630000">
        <ele>197.000</ele>
      </trkpt>
      <trkpt lat="44.506080000" lon="4.848770000">
        <ele>198.000</ele>
      </trkpt>
      <trkpt lat="44.506110000" lon="4.849020000">
        <ele>199.000</ele>
      </trkpt>
      <trkpt lat="44.506160000" lon="4.849100000">
        <ele>200.000</ele>
      </trkpt>
      <trkpt lat="44.506310000" lon="4.849300000">
        <ele>201.000</ele>
      </trkpt>
      <trkpt lat="44.506410000" lon="4.849460000">
        <ele>201.000</ele>
      </trkpt>
      <trkpt lat="44.506550000" lon="4.849850000">
        <ele>202.000</ele>
      </trkpt>
      <trkpt lat="44.506610000" lon="4.850320000">
        <ele>202.000</ele>
      </trkpt>
      <trkpt lat="44.506570000" lon="4.850690000">
        <ele>203.000</ele>
      </trkpt>
      <trkpt lat="44.506440000" lon="4.851080000">
        <ele>203.000</ele>
      </trkpt>
      <trkpt lat="44.505410000" lon="4.852590000">
        <ele>204.000</ele>
      </trkpt>
      <trkpt lat="44.505060000" lon="4.853150000">
        <ele>206.000</ele>
      </trkpt>
      <trkpt lat="44.504830000" lon="4.853640000">
        <ele>207.000</ele>
      </trkpt>
      <trkpt lat="44.504620000" lon="4.854160000">
        <ele>208.000</ele>
      </trkpt>
      <trkpt lat="44.504160000" lon="4.855260000">
        <ele>210.000</ele>
      </trkpt>
      <trkpt lat="44.504150000" lon="4.855290000">
        <ele>212.000</ele>
      </trkpt>
      <trkpt lat="44.503620000" lon="4.856540000">
        <ele>213.000</ele>
      </trkpt>
      <trkpt lat="44.503460000" lon="4.856920000">
        <ele>214.000</ele>
      </trkpt>
      <trkpt lat="44.503370000" lon="4.857180000">
        <ele>214.000</ele>
      </trkpt>
      <trkpt lat="44.503320000" lon="4.857330000">
        <ele>215.000</ele>
      </trkpt>
      <trkpt lat="44.503260000" lon="4.857560000">
        <ele>215.000</ele>
      </trkpt>
      <trkpt lat="44.503230000" lon="4.857740000">
        <ele>215.000</ele>
      </trkpt>
      <trkpt lat="44.503220000" lon="4.857820000">
        <ele>215.000</ele>
      </trkpt>
      <trkpt lat="44.503190000" lon="4.858080000">
        <ele>216.000</ele>
      </trkpt>
      <trkpt lat="44.503170000" lon="4.858230000">
        <ele>216.000</ele>
      </trkpt>
      <trkpt lat="44.503160000" lon="4.858340000">
        <ele>216.000</ele>
      </trkpt>
      <trkpt lat="44.503150000" lon="4.858420000">
        <ele>216.000</ele>
      </trkpt>
      <trkpt lat="44.503110000" lon="4.858690000">
        <ele>217.000</ele>
      </trkpt>
      <trkpt lat="44.503090000" lon="4.858800000">
        <ele>217.000</ele>
      </trkpt>
      <trkpt lat="44.503060000" lon="4.859000000">
        <ele>217.000</ele>
      </trkpt>
      <trkpt lat="44.502950000" lon="4.859790000">
        <ele>218.000</ele>
      </trkpt>
      <trkpt lat="44.502480000" lon="4.862800000">
        <ele>220.000</ele>
      </trkpt>
      <trkpt lat="44.502450000" lon="4.863020000">
        <ele>221.000</ele>
      </trkpt>
      <trkpt lat="44.502400000" lon="4.863300000">
        <ele>222.000</ele>
      </trkpt>
      <trkpt lat="44.502320000" lon="4.863580000">
        <ele>223.000</ele>
      </trkpt>
      <trkpt lat="44.502200000" lon="4.863880000">
        <ele>224.000</ele>
      </trkpt>
      <trkpt lat="44.502110000" lon="4.864050000">
        <ele>225.000</ele>
      </trkpt>
      <trkpt lat="44.501980000" lon="4.864160000">
        <ele>226.000</ele>
      </trkpt>
      <trkpt lat="44.501840000" lon="4.864170000">
        <ele>226.000</ele>
      </trkpt>
      <trkpt lat="44.501760000" lon="4.864160000">
        <ele>227.000</ele>
      </trkpt>
      <trkpt lat="44.501690000" lon="4.864090000">
        <ele>227.000</ele>
      </trkpt>
      <trkpt lat="44.501570000" lon="4.863980000">
        <ele>228.000</ele>
      </trkpt>
      <trkpt lat="44.501500000" lon="4.863950000">
        <ele>228.000</ele>
      </trkpt>
      <trkpt lat="44.501420000" lon="4.864040000">
        <ele>229.000</ele>
      </trkpt>
      <trkpt lat="44.500630000" lon="4.865450000">
        <ele>230.000</ele>
      </trkpt>
      <trkpt lat="44.500460000" lon="4.865740000">
        <ele>232.000</ele>
      </trkpt>
      <trkpt lat="44.500310000" lon="4.865920000">
        <ele>234.000</ele>
      </trkpt>
      <trkpt lat="44.500100000" lon="4.866040000">
        <ele>235.000</ele>
      </trkpt>
      <trkpt lat="44.499840000" lon="4.866150000">
        <ele>237.000</ele>
      </trkpt>
      <trkpt lat="44.499560000" lon="4.866280000">
        <ele>239.000</ele>
      </trkpt>
      <trkpt lat="44.499480000" lon="4.866350000">
        <ele>240.000</ele>
      </trkpt>
      <trkpt lat="44.499420000" lon="4.866460000">
        <ele>241.000</ele>
      </trkpt>
      <trkpt lat="44.499380000" lon="4.866580000">
        <ele>242.000</ele>
      </trkpt>
      <trkpt lat="44.499380000" lon="4.866740000">
        <ele>243.000</ele>
      </trkpt>
      <trkpt lat="44.499410000" lon="4.866860000">
        <ele>244.000</ele>
      </trkpt>
      <trkpt lat="44.499450000" lon="4.866940000">
        <ele>245.000</ele>
      </trkpt>
      <trkpt lat="44.499510000" lon="4.866990000">
        <ele>246.000</ele>
      </trkpt>
      <trkpt lat="44.499630000" lon="4.867050000">
        <ele>246.000</ele>
      </trkpt>
      <trkpt lat="44.499790000" lon="4.867070000">
        <ele>247.000</ele>
      </trkpt>
      <trkpt lat="44.499860000" lon="4.867110000">
        <ele>248.000</ele>
      </trkpt>
      <trkpt lat="44.499890000" lon="4.867170000">
        <ele>249.000</ele>
      </trkpt>
      <trkpt lat="44.499890000" lon="4.867210000">
        <ele>249.000</ele>
      </trkpt>
      <trkpt lat="44.499860000" lon="4.867260000">
        <ele>250.000</ele>
      </trkpt>
      <trkpt lat="44.499810000" lon="4.867280000">
        <ele>250.000</ele>
      </trkpt>
      <trkpt lat="44.499660000" lon="4.867260000">
        <ele>251.000</ele>
      </trkpt>
      <trkpt lat="44.499440000" lon="4.867280000">
        <ele>252.000</ele>
      </trkpt>
      <trkpt lat="44.499120000" lon="4.867430000">
        <ele>253.000</ele>
      </trkpt>
      <trkpt lat="44.498920000" lon="4.867600000">
        <ele>255.000</ele>
      </trkpt>
      <trkpt lat="44.498800000" lon="4.867770000">
        <ele>256.000</ele>
      </trkpt>
      <trkpt lat="44.498720000" lon="4.867960000">
        <ele>258.000</ele>
      </trkpt>
      <trkpt lat="44.498540000" lon="4.868470000">
        <ele>260.000</ele>
      </trkpt>
      <trkpt lat="44.498430000" lon="4.868940000">
        <ele>262.000</ele>
      </trkpt>
      <trkpt lat="44.498370000" lon="4.869160000">
        <ele>264.000</ele>
      </trkpt>
      <trkpt lat="44.498200000" lon="4.869530000">
        <ele>267.000</ele>
      </trkpt>
      <trkpt lat="44.498020000" lon="4.869800000">
        <ele>269.000</ele>
      </trkpt>
      <trkpt lat="44.497800000" lon="4.870030000">
        <ele>272.000</ele>
      </trkpt>
      <trkpt lat="44.497580000" lon="4.870180000">
        <ele>274.000</ele>
      </trkpt>
      <trkpt lat="44.497320000" lon="4.870270000">
        <ele>276.000</ele>
      </trkpt>
      <trkpt lat="44.497060000" lon="4.870300000">
        <ele>278.000</ele>
      </trkpt>
      <trkpt lat="44.496500000" lon="4.870290000">
        <ele>280.000</ele>
      </trkpt>
      <trkpt lat="44.496350000" lon="4.870390000">
        <ele>282.000</ele>
      </trkpt>
      <trkpt lat="44.496380000" lon="4.870500000">
        <ele>284.000</ele>
      </trkpt>
      <trkpt lat="44.496650000" lon="4.870580000">
        <ele>285.000</ele>
      </trkpt>
      <trkpt lat="44.496690000" lon="4.870610000">
        <ele>287.000</ele>
      </trkpt>
      <trkpt lat="44.497080000" lon="4.870840000">
        <ele>288.000</ele>
      </trkpt>
      <trkpt lat="44.497310000" lon="4.870930000">
        <ele>290.000</ele>
      </trkpt>
      <trkpt lat="44.497650000" lon="4.870970000">
        <ele>291.000</ele>
      </trkpt>
      <trkpt lat="44.497750000" lon="4.871030000">
        <ele>292.000</ele>
      </trkpt>
      <trkpt lat="44.497840000" lon="4.871190000">
        <ele>293.000</ele>
      </trkpt>
      <trkpt lat="44.497820000" lon="4.871370000">
        <ele>294.000</ele>
      </trkpt>
      <trkpt lat="44.497710000" lon="4.871470000">
        <ele>295.000</ele>
      </trkpt>
      <trkpt lat="44.497500000" lon="4.871290000">
        <ele>296.000</ele>
      </trkpt>
      <trkpt lat="44.496960000" lon="4.871330000">
        <ele>298.000</ele>
      </trkpt>
      <trkpt lat="44.496040000" lon="4.871410000">
        <ele>301.000</ele>
      </trkpt>
      <trkpt lat="44.495340000" lon="4.871500000">
        <ele>306.000</ele>
      </trkpt>
      <trkpt lat="44.495100000" lon="4.871500000">
        <ele>310.000</ele>
      </trkpt>
      <trkpt lat="44.494970000" lon="4.871520000">
        <ele>313.000</ele>
      </trkpt>
      <trkpt lat="44.494920000" lon="4.871550000">
        <ele>315.000</ele>
      </trkpt>
      <trkpt lat="44.494900000" lon="4.871600000">
        <ele>316.000</ele>
      </trkpt>
      <trkpt lat="44.494910000" lon="4.871650000">
        <ele>317.000</ele>
      </trkpt>
      <trkpt lat="44.494930000" lon="4.871690000">
        <ele>318.000</ele>
      </trkpt>
      <trkpt lat="44.494970000" lon="4.871720000">
        <ele>319.000</ele>
      </trkpt>
      <trkpt lat="44.495260000" lon="4.871740000">
        <ele>320.000</ele>
      </trkpt>
      <trkpt lat="44.495540000" lon="4.871860000">
        <ele>321.000</ele>
      </trkpt>
      <trkpt lat="44.495940000" lon="4.872070000">
        <ele>323.000</ele>
      </trkpt>
      <trkpt lat="44.496150000" lon="4.872220000">
        <ele>325.000</ele>
      </trkpt>
      <trkpt lat="44.496220000" lon="4.872320000">
        <ele>326.000</ele>
      </trkpt>
      <trkpt lat="44.496290000" lon="4.872470000">
        <ele>327.000</ele>
      </trkpt>
      <trkpt lat="44.496320000" lon="4.872590000">
        <ele>328.000</ele>
      </trkpt>
      <trkpt lat="44.496340000" lon="4.872720000">
        <ele>329.000</ele>
      </trkpt>
      <trkpt lat="44.496320000" lon="4.872900000">
        <ele>329.000</ele>
      </trkpt>
      <trkpt lat="44.496250000" lon="4.873140000">
        <ele>330.000</ele>
      </trkpt>
      <trkpt lat="44.496120000" lon="4.873480000">
        <ele>331.000</ele>
      </trkpt>
      <trkpt lat="44.496060000" lon="4.873610000">
        <ele>332.000</ele>
      </trkpt>
      <trkpt lat="44.496030000" lon="4.873660000">
        <ele>332.000</ele>
      </trkpt>
      <trkpt lat="44.495990000" lon="4.873680000">
        <ele>333.000</ele>
      </trkpt>
      <trkpt lat="44.495950000" lon="4.873660000">
        <ele>333.000</ele>
      </trkpt>
      <trkpt lat="44.495930000" lon="4.873630000">
        <ele>333.000</ele>
      </trkpt>
      <trkpt lat="44.495930000" lon="4.873590000">
        <ele>333.000</ele>
      </trkpt>
      <trkpt lat="44.495930000" lon="4.873530000">
        <ele>334.000</ele>
      </trkpt>
      <trkpt lat="44.495960000" lon="4.873470000">
        <ele>334.000</ele>
      </trkpt>
      <trkpt lat="44.496020000" lon="4.873340000">
        <ele>334.000</ele>
      </trkpt>
      <trkpt lat="44.496080000" lon="4.873120000">
        <ele>335.000</ele>
      </trkpt>
      <trkpt lat="44.496030000" lon="4.872910000">
        <ele>335.000</ele>
      </trkpt>
      <trkpt lat="44.495920000" lon="4.872730000">
        <ele>336.000</ele>
      </trkpt>
      <trkpt lat="44.495740000" lon="4.872620000">
        <ele>336.000</ele>
      </trkpt>
      <trkpt lat="44.495480000" lon="4.872550000">
        <ele>337.000</ele>
      </trkpt>
      <trkpt lat="44.495220000" lon="4.872550000">
        <ele>339.000</ele>
      </trkpt>
      <trkpt lat="44.494090000" lon="4.872850000">
        <ele>344.000</ele>
      </trkpt>
      <trkpt lat="44.494000000" lon="4.872880000">
        <ele>347.000</ele>
      </trkpt>
      <trkpt lat="44.493960000" lon="4.872920000">
        <ele>350.000</ele>
      </trkpt>
      <trkpt lat="44.493940000" lon="4.872940000">
        <ele>351.000</ele>
      </trkpt>
      <trkpt lat="44.493920000" lon="4.872990000">
        <ele>353.000</ele>
      </trkpt>
      <trkpt lat="44.493920000" lon="4.873040000">
        <ele>354.000</ele>
      </trkpt>
      <trkpt lat="44.493940000" lon="4.873060000">
        <ele>354.000</ele>
      </trkpt>
      <trkpt lat="44.493970000" lon="4.873070000">
        <ele>355.000</ele>
      </trkpt>
      <trkpt lat="44.494000000" lon="4.873060000">
        <ele>355.000</ele>
      </trkpt>
      <trkpt lat="44.494140000" lon="4.873020000">
        <ele>356.000</ele>
      </trkpt>
      <trkpt lat="44.494280000" lon="4.873010000">
        <ele>357.000</ele>
      </trkpt>
      <trkpt lat="44.494480000" lon="4.873040000">
        <ele>359.000</ele>
      </trkpt>
      <trkpt lat="44.494650000" lon="4.873130000">
        <ele>360.000</ele>
      </trkpt>
      <trkpt lat="44.494730000" lon="4.873280000">
        <ele>362.000</ele>
      </trkpt>
      <trkpt lat="44.494650000" lon="4.873660000">
        <ele>364.000</ele>
      </trkpt>
      <trkpt lat="44.494640000" lon="4.873920000">
        <ele>366.000</ele>
      </trkpt>
      <trkpt lat="44.494670000" lon="4.874300000">
        <ele>368.000</ele>
      </trkpt>
      <trkpt lat="44.494770000" lon="4.874680000">
        <ele>370.000</ele>
      </trkpt>
      <trkpt lat="44.494960000" lon="4.875390000">
        <ele>373.000</ele>
      </trkpt>
      <trkpt lat="44.494920000" lon="4.875530000">
        <ele>375.000</ele>
      </trkpt>
      <trkpt lat="44.494820000" lon="4.875390000">
        <ele>376.000</ele>
      </trkpt>
      <trkpt lat="44.494750000" lon="4.875240000">
        <ele>377.000</ele>
      </trkpt>
      <trkpt lat="44.494630000" lon="4.875060000">
        <ele>378.000</ele>
      </trkpt>
      <trkpt lat="44.494290000" lon="4.874770000">
        <ele>379.000</ele>
      </trkpt>
      <trkpt lat="44.494150000" lon="4.874710000">
        <ele>380.000</ele>
      </trkpt>
      <trkpt lat="44.493720000" lon="4.874620000">
        <ele>381.000</ele>
      </trkpt>
      <trkpt lat="44.493620000" lon="4.874600000">
        <ele>382.000</ele>
      </trkpt>
      <trkpt lat="44.493560000" lon="4.874620000">
        <ele>383.000</ele>
      </trkpt>
      <trkpt lat="44.493540000" lon="4.874660000">
        <ele>384.000</ele>
      </trkpt>
      <trkpt lat="44.493540000" lon="4.874710000">
        <ele>384.000</ele>
      </trkpt>
      <trkpt lat="44.493560000" lon="4.874750000">
        <ele>385.000</ele>
      </trkpt>
      <trkpt lat="44.493600000" lon="4.874780000">
        <ele>385.000</ele>
      </trkpt>
      <trkpt lat="44.493720000" lon="4.874830000">
        <ele>386.000</ele>
      </trkpt>
      <trkpt lat="44.493770000" lon="4.874900000">
        <ele>387.000</ele>
      </trkpt>
      <trkpt lat="44.493810000" lon="4.874990000">
        <ele>387.000</ele>
      </trkpt>
      <trkpt lat="44.493810000" lon="4.875080000">
        <ele>388.000</ele>
      </trkpt>
      <trkpt lat="44.493750000" lon="4.875260000">
        <ele>389.000</ele>
      </trkpt>
      <trkpt lat="44.493650000" lon="4.875420000">
        <ele>390.000</ele>
      </trkpt>
      <trkpt lat="44.493580000" lon="4.875510000">
        <ele>391.000</ele>
      </trkpt>
      <trkpt lat="44.493500000" lon="4.875590000">
        <ele>392.000</ele>
      </trkpt>
      <trkpt lat="44.493450000" lon="4.875600000">
        <ele>393.000</ele>
      </trkpt>
      <trkpt lat="44.493390000" lon="4.875550000">
        <ele>393.000</ele>
      </trkpt>
      <trkpt lat="44.493300000" lon="4.875380000">
        <ele>394.000</ele>
      </trkpt>
      <trkpt lat="44.493170000" lon="4.875230000">
        <ele>395.000</ele>
      </trkpt>
      <trkpt lat="44.493080000" lon="4.875180000">
        <ele>396.000</ele>
      </trkpt>
      <trkpt lat="44.492960000" lon="4.875140000">
        <ele>397.000</ele>
      </trkpt>
      <trkpt lat="44.492060000" lon="4.875150000">
        <ele>401.000</ele>
      </trkpt>
      <trkpt lat="44.491840000" lon="4.875090000">
        <ele>404.000</ele>
      </trkpt>
      <trkpt lat="44.491760000" lon="4.875090000">
        <ele>406.000</ele>
      </trkpt>
      <trkpt lat="44.491710000" lon="4.875140000">
        <ele>407.000</ele>
      </trkpt>
      <trkpt lat="44.491700000" lon="4.875190000">
        <ele>408.000</ele>
      </trkpt>
      <trkpt lat="44.491710000" lon="4.875260000">
        <ele>409.000</ele>
      </trkpt>
      <trkpt lat="44.491780000" lon="4.875310000">
        <ele>410.000</ele>
      </trkpt>
      <trkpt lat="44.491870000" lon="4.875340000">
        <ele>411.000</ele>
      </trkpt>
      <trkpt lat="44.491970000" lon="4.875380000">
        <ele>411.000</ele>
      </trkpt>
      <trkpt lat="44.492090000" lon="4.875570000">
        <ele>412.000</ele>
      </trkpt>
      <trkpt lat="44.492160000" lon="4.875880000">
        <ele>414.000</ele>
      </trkpt>
      <trkpt lat="44.492130000" lon="4.876130000">
        <ele>415.000</ele>
      </trkpt>
      <trkpt lat="44.492030000" lon="4.876450000">
        <ele>416.000</ele>
      </trkpt>
      <trkpt lat="44.492000000" lon="4.876690000">
        <ele>418.000</ele>
      </trkpt>
      <trkpt lat="44.492030000" lon="4.876880000">
        <ele>419.000</ele>
      </trkpt>
      <trkpt lat="44.492030000" lon="4.876970000">
        <ele>420.000</ele>
      </trkpt>
      <trkpt lat="44.492010000" lon="4.877030000">
        <ele>421.000</ele>
      </trkpt>
      <trkpt lat="44.491980000" lon="4.877070000">
        <ele>421.000</ele>
      </trkpt>
      <trkpt lat="44.491950000" lon="4.877080000">
        <ele>422.000</ele>
      </trkpt>
      <trkpt lat="44.491910000" lon="4.877070000">
        <ele>422.000</ele>
      </trkpt>
      <trkpt lat="44.491890000" lon="4.877030000">
        <ele>423.000</ele>
      </trkpt>
      <trkpt lat="44.491860000" lon="4.876950000">
        <ele>423.000</ele>
      </trkpt>
      <trkpt lat="44.491840000" lon="4.876820000">
        <ele>424.000</ele>
      </trkpt>
      <trkpt lat="44.491800000" lon="4.876710000">
        <ele>424.000</ele>
      </trkpt>
      <trkpt lat="44.491710000" lon="4.876550000">
        <ele>425.000</ele>
      </trkpt>
      <trkpt lat="44.491640000" lon="4.876380000">
        <ele>426.000</ele>
      </trkpt>
      <trkpt lat="44.491590000" lon="4.876250000">
        <ele>426.000</ele>
      </trkpt>
      <trkpt lat="44.491520000" lon="4.876160000">
        <ele>427.000</ele>
      </trkpt>
      <trkpt lat="44.491450000" lon="4.876120000">
        <ele>428.000</ele>
      </trkpt>
      <trkpt lat="44.491290000" lon="4.876030000">
        <ele>429.000</ele>
      </trkpt>
      <trkpt lat="44.491180000" lon="4.876000000">
        <ele>430.000</ele>
      </trkpt>
      <trkpt lat="44.490960000" lon="4.875940000">
        <ele>431.000</ele>
      </trkpt>
      <trkpt lat="44.490840000" lon="4.875910000">
        <ele>432.000</ele>
      </trkpt>
      <trkpt lat="44.490730000" lon="4.875880000">
        <ele>433.000</ele>
      </trkpt>
      <trkpt lat="44.490610000" lon="4.875820000">
        <ele>433.000</ele>
      </trkpt>
      <trkpt lat="44.490500000" lon="4.875760000">
        <ele>434.000</ele>
      </trkpt>
      <trkpt lat="44.490410000" lon="4.875690000">
        <ele>434.000</ele>
      </trkpt>
      <trkpt lat="44.490180000" lon="4.875520000">
        <ele>434.000</ele>
      </trkpt>
      <trkpt lat="44.490070000" lon="4.875430000">
        <ele>434.000</ele>
      </trkpt>
      <trkpt lat="44.489710000" lon="4.875160000">
        <ele>434.000</ele>
      </trkpt>
      <trkpt lat="44.489310000" lon="4.874870000">
        <ele>433.000</ele>
      </trkpt>
      <trkpt lat="44.489250000" lon="4.874840000">
        <ele>433.000</ele>
      </trkpt>
      <trkpt lat="44.489170000" lon="4.874800000">
        <ele>433.000</ele>
      </trkpt>
      <trkpt lat="44.489060000" lon="4.874780000">
        <ele>433.000</ele>
      </trkpt>
      <trkpt lat="44.488920000" lon="4.874760000">
        <ele>432.000</ele>
      </trkpt>
      <trkpt lat="44.488370000" lon="4.874770000">
        <ele>431.000</ele>
      </trkpt>
      <trkpt lat="44.487970000" lon="4.874810000">
        <ele>430.000</ele>
      </trkpt>
      <trkpt lat="44.487360000" lon="4.874910000">
        <ele>427.000</ele>
      </trkpt>
      <trkpt lat="44.487150000" lon="4.874980000">
        <ele>425.000</ele>
      </trkpt>
      <trkpt lat="44.487010000" lon="4.875100000">
        <ele>424.000</ele>
      </trkpt>
      <trkpt lat="44.486940000" lon="4.875200000">
        <ele>423.000</ele>
      </trkpt>
      <trkpt lat="44.486940000" lon="4.875200000">
        <ele>422.000</ele>
      </trkpt>
      <trkpt lat="44.486850000" lon="4.875320000">
        <ele>422.000</ele>
      </trkpt>
      <trkpt lat="44.486520000" lon="4.875890000">
        <ele>421.000</ele>
      </trkpt>
      <trkpt lat="44.486340000" lon="4.876070000">
        <ele>421.000</ele>
      </trkpt>
      <trkpt lat="44.486160000" lon="4.876160000">
        <ele>420.000</ele>
      </trkpt>
      <trkpt lat="44.485930000" lon="4.876230000">
        <ele>420.000</ele>
      </trkpt>
      <trkpt lat="44.485700000" lon="4.876330000">
        <ele>419.000</ele>
      </trkpt>
      <trkpt lat="44.485520000" lon="4.876500000">
        <ele>419.000</ele>
      </trkpt>
      <trkpt lat="44.484180000" lon="4.877890000">
        <ele>417.000</ele>
      </trkpt>
      <trkpt lat="44.483970000" lon="4.878070000">
        <ele>416.000</ele>
      </trkpt>
      <trkpt lat="44.483780000" lon="4.878140000">
        <ele>415.000</ele>
      </trkpt>
      <trkpt lat="44.483680000" lon="4.878140000">
        <ele>414.000</ele>
      </trkpt>
      <trkpt lat="44.482300000" lon="4.877990000">
        <ele>412.000</ele>
      </trkpt>
      <trkpt lat="44.482130000" lon="4.877940000">
        <ele>410.000</ele>
      </trkpt>
      <trkpt lat="44.482010000" lon="4.877830000">
        <ele>409.000</ele>
      </trkpt>
      <trkpt lat="44.481510000" lon="4.877190000">
        <ele>407.000</ele>
      </trkpt>
      <trkpt lat="44.481400000" lon="4.877060000">
        <ele>406.000</ele>
      </trkpt>
      <trkpt lat="44.481270000" lon="4.877000000">
        <ele>405.000</ele>
      </trkpt>
      <trkpt lat="44.479150000" lon="4.876090000">
        <ele>401.000</ele>
      </trkpt>
      <trkpt lat="44.478950000" lon="4.876010000">
        <ele>399.000</ele>
      </trkpt>
      <trkpt lat="44.477080000" lon="4.875210000">
        <ele>394.000</ele>
      </trkpt>
      <trkpt lat="44.476800000" lon="4.875150000">
        <ele>391.000</ele>
      </trkpt>
      <trkpt lat="44.476290000" lon="4.875340000">
        <ele>388.000</ele>
      </trkpt>
      <trkpt lat="44.475370000" lon="4.875670000">
        <ele>386.000</ele>
      </trkpt>
      <trkpt lat="44.473080000" lon="4.876510000">
        <ele>382.000</ele>
      </trkpt>
      <trkpt lat="44.472950000" lon="4.876550000">
        <ele>379.000</ele>
      </trkpt>
      <trkpt lat="44.472380000" lon="4.876730000">
        <ele>377.000</ele>
      </trkpt>
      <trkpt lat="44.472070000" lon="4.876830000">
        <ele>375.000</ele>
      </trkpt>
      <trkpt lat="44.472050000" lon="4.876840000">
        <ele>374.000</ele>
      </trkpt>
      <trkpt lat="44.471940000" lon="4.876880000">
        <ele>373.000</ele>
      </trkpt>
      <trkpt lat="44.471860000" lon="4.876900000">
        <ele>373.000</ele>
      </trkpt>
      <trkpt lat="44.471790000" lon="4.876920000">
        <ele>372.000</ele>
      </trkpt>
      <trkpt lat="44.471630000" lon="4.876920000">
        <ele>372.000</ele>
      </trkpt>
      <trkpt lat="44.470390000" lon="4.876620000">
        <ele>371.000</ele>
      </trkpt>
      <trkpt lat="44.469940000" lon="4.876530000">
        <ele>371.000</ele>
      </trkpt>
      <trkpt lat="44.469510000" lon="4.876380000">
        <ele>370.000</ele>
      </trkpt>
      <trkpt lat="44.468660000" lon="4.876290000">
        <ele>370.000</ele>
      </trkpt>
      <trkpt lat="44.468560000" lon="4.876310000">
        <ele>369.000</ele>
      </trkpt>
      <trkpt lat="44.468290000" lon="4.876440000">
        <ele>369.000</ele>
      </trkpt>
      <trkpt lat="44.468060000" lon="4.876530000">
        <ele>369.000</ele>
      </trkpt>
      <trkpt lat="44.467730000" lon="4.876720000">
        <ele>369.000</ele>
      </trkpt>
      <trkpt lat="44.467610000" lon="4.876850000">
        <ele>369.000</ele>
      </trkpt>
      <trkpt lat="44.467550000" lon="4.877000000">
        <ele>369.000</ele>
      </trkpt>
      <trkpt lat="44.467490000" lon="4.877240000">
        <ele>369.000</ele>
      </trkpt>
      <trkpt lat="44.467470000" lon="4.877920000">
        <ele>369.000</ele>
      </trkpt>
      <trkpt lat="44.467460000" lon="4.878070000">
        <ele>369.000</ele>
      </trkpt>
      <trkpt lat="44.467460000" lon="4.878150000">
        <ele>370.000</ele>
      </trkpt>
      <trkpt lat="44.467380000" lon="4.878280000">
        <ele>370.000</ele>
      </trkpt>
      <trkpt lat="44.467310000" lon="4.878350000">
        <ele>370.000</ele>
      </trkpt>
      <trkpt lat="44.467170000" lon="4.878370000">
        <ele>370.000</ele>
      </trkpt>
      <trkpt lat="44.466960000" lon="4.878240000">
        <ele>371.000</ele>
      </trkpt>
      <trkpt lat="44.466620000" lon="4.878010000">
        <ele>371.000</ele>
      </trkpt>
      <trkpt lat="44.466480000" lon="4.877980000">
        <ele>372.000</ele>
      </trkpt>
      <trkpt lat="44.466330000" lon="4.877980000">
        <ele>372.000</ele>
      </trkpt>
      <trkpt lat="44.466060000" lon="4.878070000">
        <ele>373.000</ele>
      </trkpt>
      <trkpt lat="44.465910000" lon="4.878170000">
        <ele>373.000</ele>
      </trkpt>
      <trkpt lat="44.465200000" lon="4.878580000">
        <ele>373.000</ele>
      </trkpt>
      <trkpt lat="44.463100000" lon="4.879960000">
        <ele>368.000</ele>
      </trkpt>
      <trkpt lat="44.462950000" lon="4.880060000">
        <ele>365.000</ele>
      </trkpt>
      <trkpt lat="44.462220000" lon="4.880520000">
        <ele>361.000</ele>
      </trkpt>
      <trkpt lat="44.461960000" lon="4.880840000">
        <ele>357.000</ele>
      </trkpt>
      <trkpt lat="44.461830000" lon="4.881150000">
        <ele>354.000</ele>
      </trkpt>
      <trkpt lat="44.461670000" lon="4.881540000">
        <ele>351.000</ele>
      </trkpt>
      <trkpt lat="44.461470000" lon="4.881770000">
        <ele>349.000</ele>
      </trkpt>
      <trkpt lat="44.460830000" lon="4.882150000">
        <ele>345.000</ele>
      </trkpt>
      <trkpt lat="44.460290000" lon="4.882580000">
        <ele>341.000</ele>
      </trkpt>
      <trkpt lat="44.459950000" lon="4.883220000">
        <ele>337.000</ele>
      </trkpt>
      <trkpt lat="44.459350000" lon="4.884260000">
        <ele>332.000</ele>
      </trkpt>
      <trkpt lat="44.459250000" lon="4.884550000">
        <ele>328.000</ele>
      </trkpt>
      <trkpt lat="44.459250000" lon="4.884580000">
        <ele>325.000</ele>
      </trkpt>
      <trkpt lat="44.459190000" lon="4.884910000">
        <ele>323.000</ele>
      </trkpt>
      <trkpt lat="44.459170000" lon="4.885110000">
        <ele>321.000</ele>
      </trkpt>
      <trkpt lat="44.459190000" lon="4.885390000">
        <ele>319.000</ele>
      </trkpt>
      <trkpt lat="44.459270000" lon="4.885700000">
        <ele>317.000</ele>
      </trkpt>
      <trkpt lat="44.459300000" lon="4.885800000">
        <ele>316.000</ele>
      </trkpt>
      <trkpt lat="44.459290000" lon="4.885920000">
        <ele>315.000</ele>
      </trkpt>
      <trkpt lat="44.459260000" lon="4.886020000">
        <ele>314.000</ele>
      </trkpt>
      <trkpt lat="44.459160000" lon="4.886100000">
        <ele>313.000</ele>
      </trkpt>
      <trkpt lat="44.459050000" lon="4.886100000">
        <ele>312.000</ele>
      </trkpt>
      <trkpt lat="44.458650000" lon="4.885970000">
        <ele>311.000</ele>
      </trkpt>
      <trkpt lat="44.458000000" lon="4.885900000">
        <ele>309.000</ele>
      </trkpt>
      <trkpt lat="44.457640000" lon="4.885960000">
        <ele>307.000</ele>
      </trkpt>
      <trkpt lat="44.457110000" lon="4.886140000">
        <ele>305.000</ele>
      </trkpt>
      <trkpt lat="44.456620000" lon="4.886470000">
        <ele>302.000</ele>
      </trkpt>
      <trkpt lat="44.456290000" lon="4.886790000">
        <ele>299.000</ele>
      </trkpt>
      <trkpt lat="44.456070000" lon="4.887120000">
        <ele>296.000</ele>
      </trkpt>
      <trkpt lat="44.455840000" lon="4.887520000">
        <ele>294.000</ele>
      </trkpt>
      <trkpt lat="44.455430000" lon="4.888250000">
        <ele>291.000</ele>
      </trkpt>
      <trkpt lat="44.454830000" lon="4.889380000">
        <ele>287.000</ele>
      </trkpt>
      <trkpt lat="44.454490000" lon="4.890030000">
        <ele>285.000</ele>
      </trkpt>
      <trkpt lat="44.454020000" lon="4.890740000">
        <ele>282.000</ele>
      </trkpt>
      <trkpt lat="44.453580000" lon="4.891220000">
        <ele>280.000</ele>
      </trkpt>
      <trkpt lat="44.452780000" lon="4.891940000">
        <ele>277.000</ele>
      </trkpt>
      <trkpt lat="44.451450000" lon="4.893210000">
        <ele>274.000</ele>
      </trkpt>
      <trkpt lat="44.450610000" lon="4.893980000">
        <ele>271.000</ele>
      </trkpt>
      <trkpt lat="44.449060000" lon="4.895390000">
        <ele>266.000</ele>
      </trkpt>
      <trkpt lat="44.447870000" lon="4.896540000">
        <ele>262.000</ele>
      </trkpt>
      <trkpt lat="44.445790000" lon="4.898480000">
        <ele>256.000</ele>
      </trkpt>
      <trkpt lat="44.445010000" lon="4.899210000">
        <ele>251.000</ele>
      </trkpt>
      <trkpt lat="44.444480000" lon="4.899710000">
        <ele>246.000</ele>
      </trkpt>
      <trkpt lat="44.442790000" lon="4.901710000">
        <ele>241.000</ele>
      </trkpt>
      <trkpt lat="44.441430000" lon="4.903240000">
        <ele>235.000</ele>
      </trkpt>
      <trkpt lat="44.440440000" lon="4.904450000">
        <ele>228.000</ele>
      </trkpt>
      <trkpt lat="44.439930000" lon="4.905030000">
        <ele>223.000</ele>
      </trkpt>
      <trkpt lat="44.439620000" lon="4.905260000">
        <ele>218.000</ele>
      </trkpt>
      <trkpt lat="44.439280000" lon="4.905420000">
        <ele>215.000</ele>
      </trkpt>
      <trkpt lat="44.438920000" lon="4.905500000">
        <ele>212.000</ele>
      </trkpt>
      <trkpt lat="44.438180000" lon="4.905520000">
        <ele>208.000</ele>
      </trkpt>
      <trkpt lat="44.435820000" lon="4.905560000">
        <ele>205.000</ele>
      </trkpt>
      <trkpt lat="44.435540000" lon="4.905630000">
        <ele>202.000</ele>
      </trkpt>
      <trkpt lat="44.435230000" lon="4.905840000">
        <ele>199.000</ele>
      </trkpt>
      <trkpt lat="44.435010000" lon="4.906010000">
        <ele>197.000</ele>
      </trkpt>
      <trkpt lat="44.434900000" lon="4.906110000">
        <ele>195.000</ele>
      </trkpt>
      <trkpt lat="44.434840000" lon="4.906150000">
        <ele>194.000</ele>
      </trkpt>
      <trkpt lat="44.434380000" lon="4.906550000">
        <ele>192.000</ele>
      </trkpt>
      <trkpt lat="44.434180000" lon="4.906730000">
        <ele>190.000</ele>
      </trkpt>
      <trkpt lat="44.434150000" lon="4.906750000">
        <ele>189.000</ele>
      </trkpt>
      <trkpt lat="44.434000000" lon="4.906880000">
        <ele>189.000</ele>
      </trkpt>
      <trkpt lat="44.433470000" lon="4.907330000">
        <ele>190.000</ele>
      </trkpt>
      <trkpt lat="44.433270000" lon="4.907410000">
        <ele>191.000</ele>
      </trkpt>
      <trkpt lat="44.433070000" lon="4.907400000">
        <ele>192.000</ele>
      </trkpt>
      <trkpt lat="44.432790000" lon="4.907280000">
        <ele>194.000</ele>
      </trkpt>
      <trkpt lat="44.432120000" lon="4.906830000">
        <ele>196.000</ele>
      </trkpt>
      <trkpt lat="44.431770000" lon="4.906400000">
        <ele>199.000</ele>
      </trkpt>
      <trkpt lat="44.431510000" lon="4.906030000">
        <ele>201.000</ele>
      </trkpt>
      <trkpt lat="44.431220000" lon="4.905520000">
        <ele>204.000</ele>
      </trkpt>
      <trkpt lat="44.430970000" lon="4.904970000">
        <ele>206.000</ele>
      </trkpt>
      <trkpt lat="44.430870000" lon="4.904890000">
        <ele>208.000</ele>
      </trkpt>
      <trkpt lat="44.430740000" lon="4.904910000">
        <ele>209.000</ele>
      </trkpt>
      <trkpt lat="44.430670000" lon="4.904980000">
        <ele>210.000</ele>
      </trkpt>
      <trkpt lat="44.430610000" lon="4.905130000">
        <ele>211.000</ele>
      </trkpt>
      <trkpt lat="44.430600000" lon="4.905520000">
        <ele>212.000</ele>
      </trkpt>
      <trkpt lat="44.430590000" lon="4.905720000">
        <ele>213.000</ele>
      </trkpt>
      <trkpt lat="44.430540000" lon="4.905950000">
        <ele>214.000</ele>
      </trkpt>
      <trkpt lat="44.430410000" lon="4.906210000">
        <ele>215.000</ele>
      </trkpt>
      <trkpt lat="44.430130000" lon="4.906470000">
        <ele>216.000</ele>
      </trkpt>
      <trkpt lat="44.429690000" lon="4.906680000">
        <ele>218.000</ele>
      </trkpt>
      <trkpt lat="44.429410000" lon="4.906720000">
        <ele>218.000</ele>
      </trkpt>
      <trkpt lat="44.428930000" lon="4.906760000">
        <ele>218.000</ele>
      </trkpt>
      <trkpt lat="44.428830000" lon="4.906760000">
        <ele>217.000</ele>
      </trkpt>
      <trkpt lat="44.428710000" lon="4.906760000">
        <ele>216.000</ele>
      </trkpt>
      <trkpt lat="44.428380000" lon="4.906750000">
        <ele>215.000</ele>
      </trkpt>
      <trkpt lat="44.427820000" lon="4.906750000">
        <ele>214.000</ele>
      </trkpt>
      <trkpt lat="44.427080000" lon="4.906740000">
        <ele>213.000</ele>
      </trkpt>
      <trkpt lat="44.426310000" lon="4.906760000">
        <ele>213.000</ele>
      </trkpt>
      <trkpt lat="44.426220000" lon="4.906760000">
        <ele>213.000</ele>
      </trkpt>
      <trkpt lat="44.425690000" lon="4.906820000">
        <ele>214.000</ele>
      </trkpt>
      <trkpt lat="44.424010000" lon="4.907410000">
        <ele>212.000</ele>
      </trkpt>
      <trkpt lat="44.422270000" lon="4.908020000">
        <ele>208.000</ele>
      </trkpt>
      <trkpt lat="44.421520000" lon="4.908300000">
        <ele>206.000</ele>
      </trkpt>
      <trkpt lat="44.421470000" lon="4.908320000">
        <ele>205.000</ele>
      </trkpt>
      <trkpt lat="44.420900000" lon="4.908550000">
        <ele>204.000</ele>
      </trkpt>
      <trkpt lat="44.420790000" lon="4.908580000">
        <ele>204.000</ele>
      </trkpt>
      <trkpt lat="44.420610000" lon="4.908630000">
        <ele>203.000</ele>
      </trkpt>
      <trkpt lat="44.420430000" lon="4.908670000">
        <ele>203.000</ele>
      </trkpt>
      <trkpt lat="44.420210000" lon="4.908640000">
        <ele>203.000</ele>
      </trkpt>
      <trkpt lat="44.420150000" lon="4.908630000">
        <ele>203.000</ele>
      </trkpt>
      <trkpt lat="44.420180000" lon="4.908720000">
        <ele>202.000</ele>
      </trkpt>
      <trkpt lat="44.420210000" lon="4.908820000">
        <ele>202.000</ele>
      </trkpt>
      <trkpt lat="44.420370000" lon="4.909280000">
        <ele>201.000</ele>
      </trkpt>
      <trkpt lat="44.420430000" lon="4.909490000">
        <ele>200.000</ele>
      </trkpt>
      <trkpt lat="44.420450000" lon="4.909580000">
        <ele>199.000</ele>
      </trkpt>
      <trkpt lat="44.420380000" lon="4.909690000">
        <ele>198.000</ele>
      </trkpt>
      <trkpt lat="44.420300000" lon="4.909820000">
        <ele>197.000</ele>
      </trkpt>
      <trkpt lat="44.419930000" lon="4.910160000">
        <ele>196.000</ele>
      </trkpt>
      <trkpt lat="44.419860000" lon="4.910210000">
        <ele>195.000</ele>
      </trkpt>
      <trkpt lat="44.419830000" lon="4.910230000">
        <ele>194.000</ele>
      </trkpt>
      <trkpt lat="44.419720000" lon="4.910220000">
        <ele>194.000</ele>
      </trkpt>
      <trkpt lat="44.419630000" lon="4.910260000">
        <ele>193.000</ele>
      </trkpt>
      <trkpt lat="44.419600000" lon="4.910260000">
        <ele>193.000</ele>
      </trkpt>
      <trkpt lat="44.419410000" lon="4.910290000">
        <ele>193.000</ele>
      </trkpt>
      <trkpt lat="44.419270000" lon="4.910300000">
        <ele>193.000</ele>
      </trkpt>
      <trkpt lat="44.418770000" lon="4.910360000">
        <ele>193.000</ele>
      </trkpt>
      <trkpt lat="44.418440000" lon="4.910390000">
        <ele>193.000</ele>
      </trkpt>
      <trkpt lat="44.418150000" lon="4.910420000">
        <ele>193.000</ele>
      </trkpt>
      <trkpt lat="44.418010000" lon="4.910440000">
        <ele>193.000</ele>
      </trkpt>
      <trkpt lat="44.417890000" lon="4.910440000">
        <ele>192.000</ele>
      </trkpt>
      <trkpt lat="44.417820000" lon="4.910450000">
        <ele>192.000</ele>
      </trkpt>
      <trkpt lat="44.417320000" lon="4.910490000">
        <ele>192.000</ele>
      </trkpt>
      <trkpt lat="44.417140000" lon="4.910340000">
        <ele>191.000</ele>
      </trkpt>
      <trkpt lat="44.417070000" lon="4.910280000">
        <ele>191.000</ele>
      </trkpt>
      <trkpt lat="44.417020000" lon="4.910240000">
        <ele>190.000</ele>
      </trkpt>
      <trkpt lat="44.417020000" lon="4.910310000">
        <ele>190.000</ele>
      </trkpt>
      <trkpt lat="44.417000000" lon="4.910390000">
        <ele>190.000</ele>
      </trkpt>
      <trkpt lat="44.416960000" lon="4.910500000">
        <ele>190.000</ele>
      </trkpt>
      <trkpt lat="44.416930000" lon="4.910560000">
        <ele>189.000</ele>
      </trkpt>
      <trkpt lat="44.416720000" lon="4.910970000">
        <ele>189.000</ele>
      </trkpt>
      <trkpt lat="44.416630000" lon="4.911130000">
        <ele>188.000</ele>
      </trkpt>
      <trkpt lat="44.416290000" lon="4.911900000">
        <ele>188.000</ele>
      </trkpt>
      <trkpt lat="44.416160000" lon="4.912310000">
        <ele>188.000</ele>
      </trkpt>
      <trkpt lat="44.416110000" lon="4.912730000">
        <ele>188.000</ele>
      </trkpt>
      <trkpt lat="44.416100000" lon="4.912940000">
        <ele>188.000</ele>
      </trkpt>
      <trkpt lat="44.416080000" lon="4.913120000">
        <ele>188.000</ele>
      </trkpt>
      <trkpt lat="44.416040000" lon="4.913570000">
        <ele>188.000</ele>
      </trkpt>
      <trkpt lat="44.416010000" lon="4.913910000">
        <ele>188.000</ele>
      </trkpt>
      <trkpt lat="44.415900000" lon="4.914270000">
        <ele>188.000</ele>
      </trkpt>
      <trkpt lat="44.415700000" lon="4.914690000">
        <ele>188.000</ele>
      </trkpt>
      <trkpt lat="44.415350000" lon="4.915290000">
        <ele>188.000</ele>
      </trkpt>
      <trkpt lat="44.415050000" lon="4.915630000">
        <ele>188.000</ele>
      </trkpt>
      <trkpt lat="44.414280000" lon="4.916260000">
        <ele>189.000</ele>
      </trkpt>
      <trkpt lat="44.414040000" lon="4.916490000">
        <ele>189.000</ele>
      </trkpt>
      <trkpt lat="44.413850000" lon="4.916700000">
        <ele>189.000</ele>
      </trkpt>
      <trkpt lat="44.413650000" lon="4.917110000">
        <ele>189.000</ele>
      </trkpt>
      <trkpt lat="44.413570000" lon="4.917210000">
        <ele>189.000</ele>
      </trkpt>
      <trkpt lat="44.413510000" lon="4.917290000">
        <ele>189.000</ele>
      </trkpt>
      <trkpt lat="44.413350000" lon="4.917450000">
        <ele>189.000</ele>
      </trkpt>
      <trkpt lat="44.413140000" lon="4.917590000">
        <ele>189.000</ele>
      </trkpt>
      <trkpt lat="44.412400000" lon="4.917910000">
        <ele>189.000</ele>
      </trkpt>
      <trkpt lat="44.412120000" lon="4.917980000">
        <ele>189.000</ele>
      </trkpt>
      <trkpt lat="44.411800000" lon="4.917990000">
        <ele>189.000</ele>
      </trkpt>
      <trkpt lat="44.410740000" lon="4.918000000">
        <ele>188.000</ele>
      </trkpt>
      <trkpt lat="44.410150000" lon="4.918000000">
        <ele>187.000</ele>
      </trkpt>
      <trkpt lat="44.409820000" lon="4.917930000">
        <ele>185.000</ele>
      </trkpt>
      <trkpt lat="44.409550000" lon="4.917840000">
        <ele>184.000</ele>
      </trkpt>
      <trkpt lat="44.409160000" lon="4.917580000">
        <ele>184.000</ele>
      </trkpt>
      <trkpt lat="44.408710000" lon="4.917100000">
        <ele>183.000</ele>
      </trkpt>
      <trkpt lat="44.408400000" lon="4.916710000">
        <ele>183.000</ele>
      </trkpt>
      <trkpt lat="44.408310000" lon="4.916620000">
        <ele>182.000</ele>
      </trkpt>
      <trkpt lat="44.408200000" lon="4.916430000">
        <ele>182.000</ele>
      </trkpt>
      <trkpt lat="44.408140000" lon="4.916250000">
        <ele>183.000</ele>
      </trkpt>
      <trkpt lat="44.408040000" lon="4.915620000">
        <ele>185.000</ele>
      </trkpt>
      <trkpt lat="44.407980000" lon="4.915360000">
        <ele>187.000</ele>
      </trkpt>
      <trkpt lat="44.407820000" lon="4.915090000">
        <ele>188.000</ele>
      </trkpt>
      <trkpt lat="44.407520000" lon="4.914840000">
        <ele>191.000</ele>
      </trkpt>
      <trkpt lat="44.407190000" lon="4.914660000">
        <ele>193.000</ele>
      </trkpt>
      <trkpt lat="44.406980000" lon="4.914640000">
        <ele>195.000</ele>
      </trkpt>
      <trkpt lat="44.406700000" lon="4.914700000">
        <ele>197.000</ele>
      </trkpt>
      <trkpt lat="44.406160000" lon="4.915000000">
        <ele>199.000</ele>
      </trkpt>
      <trkpt lat="44.405360000" lon="4.915440000">
        <ele>201.000</ele>
      </trkpt>
      <trkpt lat="44.405150000" lon="4.915550000">
        <ele>202.000</ele>
      </trkpt>
      <trkpt lat="44.404290000" lon="4.916030000">
        <ele>203.000</ele>
      </trkpt>
      <trkpt lat="44.403910000" lon="4.916240000">
        <ele>203.000</ele>
      </trkpt>
      <trkpt lat="44.403250000" lon="4.916790000">
        <ele>202.000</ele>
      </trkpt>
      <trkpt lat="44.402050000" lon="4.917720000">
        <ele>201.000</ele>
      </trkpt>
      <trkpt lat="44.401550000" lon="4.917970000">
        <ele>199.000</ele>
      </trkpt>
      <trkpt lat="44.401300000" lon="4.918100000">
        <ele>198.000</ele>
      </trkpt>
      <trkpt lat="44.401080000" lon="4.918240000">
        <ele>197.000</ele>
      </trkpt>
      <trkpt lat="44.400600000" lon="4.918630000">
        <ele>195.000</ele>
      </trkpt>
      <trkpt lat="44.400410000" lon="4.918780000">
        <ele>194.000</ele>
      </trkpt>
      <trkpt lat="44.400230000" lon="4.918870000">
        <ele>193.000</ele>
      </trkpt>
      <trkpt lat="44.399990000" lon="4.918970000">
        <ele>192.000</ele>
      </trkpt>
      <trkpt lat="44.399470000" lon="4.919210000">
        <ele>190.000</ele>
      </trkpt>
      <trkpt lat="44.399060000" lon="4.919480000">
        <ele>189.000</ele>
      </trkpt>
      <trkpt lat="44.398780000" lon="4.919620000">
        <ele>188.000</ele>
      </trkpt>
      <trkpt lat="44.398170000" lon="4.919800000">
        <ele>187.000</ele>
      </trkpt>
      <trkpt lat="44.397940000" lon="4.919860000">
        <ele>186.000</ele>
      </trkpt>
      <trkpt lat="44.397770000" lon="4.919910000">
        <ele>185.000</ele>
      </trkpt>
      <trkpt lat="44.397630000" lon="4.919980000">
        <ele>185.000</ele>
      </trkpt>
      <trkpt lat="44.397520000" lon="4.920050000">
        <ele>184.000</ele>
      </trkpt>
      <trkpt lat="44.397330000" lon="4.920220000">
        <ele>184.000</ele>
      </trkpt>
      <trkpt lat="44.397310000" lon="4.920230000">
        <ele>183.000</ele>
      </trkpt>
      <trkpt lat="44.397300000" lon="4.920250000">
        <ele>183.000</ele>
      </trkpt>
      <trkpt lat="44.397280000" lon="4.920270000">
        <ele>182.000</ele>
      </trkpt>
      <trkpt lat="44.397230000" lon="4.920330000">
        <ele>182.000</ele>
      </trkpt>
      <trkpt lat="44.397140000" lon="4.920480000">
        <ele>182.000</ele>
      </trkpt>
      <trkpt lat="44.397080000" lon="4.920630000">
        <ele>182.000</ele>
      </trkpt>
      <trkpt lat="44.397040000" lon="4.920800000">
        <ele>181.000</ele>
      </trkpt>
      <trkpt lat="44.397020000" lon="4.920880000">
        <ele>181.000</ele>
      </trkpt>
      <trkpt lat="44.397000000" lon="4.921070000">
        <ele>180.000</ele>
      </trkpt>
      <trkpt lat="44.396980000" lon="4.921220000">
        <ele>180.000</ele>
      </trkpt>
      <trkpt lat="44.396960000" lon="4.921430000">
        <ele>180.000</ele>
      </trkpt>
      <trkpt lat="44.396620000" lon="4.923330000">
        <ele>178.000</ele>
      </trkpt>
      <trkpt lat="44.396600000" lon="4.923750000">
        <ele>176.000</ele>
      </trkpt>
      <trkpt lat="44.396590000" lon="4.924750000">
        <ele>176.000</ele>
      </trkpt>
      <trkpt lat="44.396580000" lon="4.925450000">
        <ele>175.000</ele>
      </trkpt>
      <trkpt lat="44.396560000" lon="4.926640000">
        <ele>175.000</ele>
      </trkpt>
      <trkpt lat="44.396550000" lon="4.926850000">
        <ele>176.000</ele>
      </trkpt>
      <trkpt lat="44.396540000" lon="4.927080000">
        <ele>176.000</ele>
      </trkpt>
      <trkpt lat="44.396540000" lon="4.927190000">
        <ele>176.000</ele>
      </trkpt>
      <trkpt lat="44.396570000" lon="4.927320000">
        <ele>176.000</ele>
      </trkpt>
      <trkpt lat="44.396630000" lon="4.927460000">
        <ele>176.000</ele>
      </trkpt>
      <trkpt lat="44.396670000" lon="4.927550000">
        <ele>176.000</ele>
      </trkpt>
      <trkpt lat="44.396700000" lon="4.927620000">
        <ele>176.000</ele>
      </trkpt>
      <trkpt lat="44.396680000" lon="4.927690000">
        <ele>176.000</ele>
      </trkpt>
      <trkpt lat="44.396600000" lon="4.927740000">
        <ele>177.000</ele>
      </trkpt>
      <trkpt lat="44.396560000" lon="4.927760000">
        <ele>177.000</ele>
      </trkpt>
      <trkpt lat="44.396510000" lon="4.927800000">
        <ele>177.000</ele>
      </trkpt>
      <trkpt lat="44.396480000" lon="4.927820000">
        <ele>177.000</ele>
      </trkpt>
      <trkpt lat="44.396450000" lon="4.927870000">
        <ele>177.000</ele>
      </trkpt>
      <trkpt lat="44.396330000" lon="4.928070000">
        <ele>177.000</ele>
      </trkpt>
      <trkpt lat="44.396200000" lon="4.928250000">
        <ele>177.000</ele>
      </trkpt>
      <trkpt lat="44.396140000" lon="4.928320000">
        <ele>177.000</ele>
      </trkpt>
      <trkpt lat="44.396060000" lon="4.928390000">
        <ele>177.000</ele>
      </trkpt>
      <trkpt lat="44.395990000" lon="4.928430000">
        <ele>178.000</ele>
      </trkpt>
      <trkpt lat="44.395950000" lon="4.928470000">
        <ele>178.000</ele>
      </trkpt>
      <trkpt lat="44.395910000" lon="4.928530000">
        <ele>178.000</ele>
      </trkpt>
      <trkpt lat="44.395710000" lon="4.928950000">
        <ele>178.000</ele>
      </trkpt>
      <trkpt lat="44.395680000" lon="4.929000000">
        <ele>178.000</ele>
      </trkpt>
      <trkpt lat="44.395650000" lon="4.929040000">
        <ele>178.000</ele>
      </trkpt>
      <trkpt lat="44.395560000" lon="4.929100000">
        <ele>178.000</ele>
      </trkpt>
      <trkpt lat="44.395490000" lon="4.929160000">
        <ele>178.000</ele>
      </trkpt>
      <trkpt lat="44.395440000" lon="4.929230000">
        <ele>179.000</ele>
      </trkpt>
      <trkpt lat="44.395400000" lon="4.929300000">
        <ele>179.000</ele>
      </trkpt>
      <trkpt lat="44.395350000" lon="4.929440000">
        <ele>179.000</ele>
      </trkpt>
      <trkpt lat="44.395320000" lon="4.929420000">
        <ele>179.000</ele>
      </trkpt>
      <trkpt lat="44.395230000" lon="4.929400000">
        <ele>179.000</ele>
      </trkpt>
      <trkpt lat="44.395170000" lon="4.929400000">
        <ele>179.000</ele>
      </trkpt>
      <trkpt lat="44.395110000" lon="4.929410000">
        <ele>179.000</ele>
      </trkpt>
      <trkpt lat="44.395060000" lon="4.929430000">
        <ele>179.000</ele>
      </trkpt>
      <trkpt lat="44.394980000" lon="4.929460000">
        <ele>179.000</ele>
      </trkpt>
      <trkpt lat="44.394870000" lon="4.929510000">
        <ele>179.000</ele>
      </trkpt>
      <trkpt lat="44.394750000" lon="4.929580000">
        <ele>179.000</ele>
      </trkpt>
      <trkpt lat="44.394650000" lon="4.929640000">
        <ele>179.000</ele>
      </trkpt>
      <trkpt lat="44.394550000" lon="4.929680000">
        <ele>179.000</ele>
      </trkpt>
      <trkpt lat="44.394440000" lon="4.929710000">
        <ele>179.000</ele>
      </trkpt>
      <trkpt lat="44.394330000" lon="4.929740000">
        <ele>179.000</ele>
      </trkpt>
      <trkpt lat="44.394070000" lon="4.929790000">
        <ele>179.000</ele>
      </trkpt>
      <trkpt lat="44.393730000" lon="4.929820000">
        <ele>179.000</ele>
      </trkpt>
      <trkpt lat="44.393600000" lon="4.929840000">
        <ele>179.000</ele>
      </trkpt>
      <trkpt lat="44.393440000" lon="4.929850000">
        <ele>178.000</ele>
      </trkpt>
      <trkpt lat="44.393290000" lon="4.929850000">
        <ele>178.000</ele>
      </trkpt>
      <trkpt lat="44.392820000" lon="4.929750000">
        <ele>177.000</ele>
      </trkpt>
      <trkpt lat="44.392700000" lon="4.929720000">
        <ele>177.000</ele>
      </trkpt>
      <trkpt lat="44.392580000" lon="4.929660000">
        <ele>176.000</ele>
      </trkpt>
      <trkpt lat="44.392210000" lon="4.929550000">
        <ele>176.000</ele>
      </trkpt>
      <trkpt lat="44.391800000" lon="4.929410000">
        <ele>175.000</ele>
      </trkpt>
      <trkpt lat="44.391770000" lon="4.929410000">
        <ele>175.000</ele>
      </trkpt>
      <trkpt lat="44.391750000" lon="4.929400000">
        <ele>175.000</ele>
      </trkpt>
      <trkpt lat="44.391590000" lon="4.929350000">
        <ele>175.000</ele>
      </trkpt>
      <trkpt lat="44.391530000" lon="4.929330000">
        <ele>175.000</ele>
      </trkpt>
      <trkpt lat="44.390770000" lon="4.929040000">
        <ele>175.000</ele>
      </trkpt>
      <trkpt lat="44.390670000" lon="4.928990000">
        <ele>175.000</ele>
      </trkpt>
      <trkpt lat="44.390540000" lon="4.928910000">
        <ele>175.000</ele>
      </trkpt>
      <trkpt lat="44.390490000" lon="4.928870000">
        <ele>175.000</ele>
      </trkpt>
      <trkpt lat="44.390450000" lon="4.928830000">
        <ele>175.000</ele>
      </trkpt>
      <trkpt lat="44.390220000" lon="4.928600000">
        <ele>175.000</ele>
      </trkpt>
      <trkpt lat="44.390080000" lon="4.928470000">
        <ele>176.000</ele>
      </trkpt>
      <trkpt lat="44.389270000" lon="4.927710000">
        <ele>176.000</ele>
      </trkpt>
      <trkpt lat="44.388840000" lon="4.927320000">
        <ele>176.000</ele>
      </trkpt>
      <trkpt lat="44.388190000" lon="4.926720000">
        <ele>176.000</ele>
      </trkpt>
      <trkpt lat="44.387950000" lon="4.926520000">
        <ele>175.000</ele>
      </trkpt>
      <trkpt lat="44.387910000" lon="4.926500000">
        <ele>175.000</ele>
      </trkpt>
      <trkpt lat="44.387600000" lon="4.926260000">
        <ele>174.000</ele>
      </trkpt>
      <trkpt lat="44.387330000" lon="4.926060000">
        <ele>174.000</ele>
      </trkpt>
      <trkpt lat="44.387140000" lon="4.925910000">
        <ele>173.000</ele>
      </trkpt>
      <trkpt lat="44.386640000" lon="4.925560000">
        <ele>173.000</ele>
      </trkpt>
      <trkpt lat="44.386240000" lon="4.925250000">
        <ele>172.000</ele>
      </trkpt>
      <trkpt lat="44.386140000" lon="4.925170000">
        <ele>172.000</ele>
      </trkpt>
      <trkpt lat="44.385720000" lon="4.924910000">
        <ele>172.000</ele>
      </trkpt>
      <trkpt lat="44.385550000" lon="4.924810000">
        <ele>171.000</ele>
      </trkpt>
      <trkpt lat="44.385230000" lon="4.924610000">
        <ele>171.000</ele>
      </trkpt>
      <trkpt lat="44.385030000" lon="4.924500000">
        <ele>171.000</ele>
      </trkpt>
      <trkpt lat="44.384810000" lon="4.924410000">
        <ele>171.000</ele>
      </trkpt>
      <trkpt lat="44.384660000" lon="4.924370000">
        <ele>171.000</ele>
      </trkpt>
      <trkpt lat="44.384300000" lon="4.924290000">
        <ele>171.000</ele>
      </trkpt>
      <trkpt lat="44.384300000" lon="4.924290000">
        <ele>171.000</ele>
      </trkpt>
      <trkpt lat="44.383740000" lon="4.924170000">
        <ele>171.000</ele>
      </trkpt>
      <trkpt lat="44.383520000" lon="4.924100000">
        <ele>171.000</ele>
      </trkpt>
      <trkpt lat="44.383310000" lon="4.924010000">
        <ele>171.000</ele>
      </trkpt>
      <trkpt lat="44.383090000" lon="4.923880000">
        <ele>170.000</ele>
      </trkpt>
      <trkpt lat="44.382920000" lon="4.923770000">
        <ele>170.000</ele>
      </trkpt>
      <trkpt lat="44.382220000" lon="4.923190000">
        <ele>170.000</ele>
      </trkpt>
      <trkpt lat="44.381770000" lon="4.922770000">
        <ele>170.000</ele>
      </trkpt>
      <trkpt lat="44.381370000" lon="4.922350000">
        <ele>170.000</ele>
      </trkpt>
      <trkpt lat="44.381000000" lon="4.921920000">
        <ele>170.000</ele>
      </trkpt>
      <trkpt lat="44.380160000" lon="4.920910000">
        <ele>169.000</ele>
      </trkpt>
      <trkpt lat="44.379740000" lon="4.920410000">
        <ele>169.000</ele>
      </trkpt>
      <trkpt lat="44.379570000" lon="4.920210000">
        <ele>168.000</ele>
      </trkpt>
      <trkpt lat="44.379450000" lon="4.920080000">
        <ele>168.000</ele>
      </trkpt>
      <trkpt lat="44.379290000" lon="4.919920000">
        <ele>167.000</ele>
      </trkpt>
      <trkpt lat="44.379110000" lon="4.919760000">
        <ele>167.000</ele>
      </trkpt>
      <trkpt lat="44.378230000" lon="4.919030000">
        <ele>166.000</ele>
      </trkpt>
      <trkpt lat="44.377780000" lon="4.918660000">
        <ele>166.000</ele>
      </trkpt>
      <trkpt lat="44.377630000" lon="4.918540000">
        <ele>165.000</ele>
      </trkpt>
      <trkpt lat="44.377500000" lon="4.918400000">
        <ele>165.000</ele>
      </trkpt>
      <trkpt lat="44.377270000" lon="4.918120000">
        <ele>165.000</ele>
      </trkpt>
      <trkpt lat="44.377160000" lon="4.917980000">
        <ele>165.000</ele>
      </trkpt>
      <trkpt lat="44.377050000" lon="4.917850000">
        <ele>165.000</ele>
      </trkpt>
      <trkpt lat="44.376960000" lon="4.917770000">
        <ele>165.000</ele>
      </trkpt>
      <trkpt lat="44.376860000" lon="4.917670000">
        <ele>165.000</ele>
      </trkpt>
      <trkpt lat="44.376720000" lon="4.917580000">
        <ele>165.000</ele>
      </trkpt>
      <trkpt lat="44.376590000" lon="4.917530000">
        <ele>165.000</ele>
      </trkpt>
      <trkpt lat="44.376380000" lon="4.917490000">
        <ele>165.000</ele>
      </trkpt>
      <trkpt lat="44.376150000" lon="4.917460000">
        <ele>165.000</ele>
      </trkpt>
      <trkpt lat="44.376050000" lon="4.917460000">
        <ele>165.000</ele>
      </trkpt>
      <trkpt lat="44.375760000" lon="4.917470000">
        <ele>164.000</ele>
      </trkpt>
      <trkpt lat="44.375280000" lon="4.917490000">
        <ele>164.000</ele>
      </trkpt>
      <trkpt lat="44.374320000" lon="4.917520000">
        <ele>163.000</ele>
      </trkpt>
      <trkpt lat="44.373940000" lon="4.917540000">
        <ele>163.000</ele>
      </trkpt>
      <trkpt lat="44.373640000" lon="4.917540000">
        <ele>163.000</ele>
      </trkpt>
      <trkpt lat="44.373470000" lon="4.917490000">
        <ele>163.000</ele>
      </trkpt>
      <trkpt lat="44.373310000" lon="4.917430000">
        <ele>163.000</ele>
      </trkpt>
      <trkpt lat="44.373180000" lon="4.917370000">
        <ele>163.000</ele>
      </trkpt>
      <trkpt lat="44.372720000" lon="4.917130000">
        <ele>163.000</ele>
      </trkpt>
      <trkpt lat="44.372490000" lon="4.917030000">
        <ele>163.000</ele>
      </trkpt>
      <trkpt lat="44.372350000" lon="4.916980000">
        <ele>163.000</ele>
      </trkpt>
      <trkpt lat="44.372170000" lon="4.916940000">
        <ele>163.000</ele>
      </trkpt>
      <trkpt lat="44.371780000" lon="4.916890000">
        <ele>163.000</ele>
      </trkpt>
      <trkpt lat="44.370630000" lon="4.916750000">
        <ele>163.000</ele>
      </trkpt>
      <trkpt lat="44.369770000" lon="4.916650000">
        <ele>162.000</ele>
      </trkpt>
      <trkpt lat="44.369060000" lon="4.916560000">
        <ele>163.000</ele>
      </trkpt>
      <trkpt lat="44.368850000" lon="4.916520000">
        <ele>163.000</ele>
      </trkpt>
      <trkpt lat="44.368700000" lon="4.916460000">
        <ele>163.000</ele>
      </trkpt>
      <trkpt lat="44.368650000" lon="4.916430000">
        <ele>163.000</ele>
      </trkpt>
      <trkpt lat="44.368480000" lon="4.916310000">
        <ele>163.000</ele>
      </trkpt>
      <trkpt lat="44.367950000" lon="4.915900000">
        <ele>163.000</ele>
      </trkpt>
      <trkpt lat="44.366820000" lon="4.915020000">
        <ele>163.000</ele>
      </trkpt>
      <trkpt lat="44.366310000" lon="4.914630000">
        <ele>163.000</ele>
      </trkpt>
      <trkpt lat="44.366120000" lon="4.914500000">
        <ele>162.000</ele>
      </trkpt>
      <trkpt lat="44.365790000" lon="4.914290000">
        <ele>162.000</ele>
      </trkpt>
      <trkpt lat="44.365470000" lon="4.914080000">
        <ele>162.000</ele>
      </trkpt>
      <trkpt lat="44.364240000" lon="4.913160000">
        <ele>161.000</ele>
      </trkpt>
      <trkpt lat="44.364120000" lon="4.913070000">
        <ele>160.000</ele>
      </trkpt>
      <trkpt lat="44.364060000" lon="4.913020000">
        <ele>160.000</ele>
      </trkpt>
      <trkpt lat="44.363990000" lon="4.912950000">
        <ele>160.000</ele>
      </trkpt>
      <trkpt lat="44.363890000" lon="4.912830000">
        <ele>160.000</ele>
      </trkpt>
      <trkpt lat="44.363710000" lon="4.912570000">
        <ele>159.000</ele>
      </trkpt>
      <trkpt lat="44.363480000" lon="4.912270000">
        <ele>159.000</ele>
      </trkpt>
      <trkpt lat="44.363220000" lon="4.911920000">
        <ele>159.000</ele>
      </trkpt>
      <trkpt lat="44.362790000" lon="4.911290000">
        <ele>158.000</ele>
      </trkpt>
      <trkpt lat="44.362700000" lon="4.911170000">
        <ele>158.000</ele>
      </trkpt>
      <trkpt lat="44.362640000" lon="4.911100000">
        <ele>158.000</ele>
      </trkpt>
      <trkpt lat="44.362570000" lon="4.911060000">
        <ele>157.000</ele>
      </trkpt>
      <trkpt lat="44.362500000" lon="4.911030000">
        <ele>157.000</ele>
      </trkpt>
      <trkpt lat="44.362420000" lon="4.911010000">
        <ele>157.000</ele>
      </trkpt>
      <trkpt lat="44.362300000" lon="4.910990000">
        <ele>157.000</ele>
      </trkpt>
      <trkpt lat="44.362210000" lon="4.911000000">
        <ele>157.000</ele>
      </trkpt>
      <trkpt lat="44.362130000" lon="4.911010000">
        <ele>157.000</ele>
      </trkpt>
      <trkpt lat="44.361860000" lon="4.911100000">
        <ele>156.000</ele>
      </trkpt>
      <trkpt lat="44.361060000" lon="4.911380000">
        <ele>156.000</ele>
      </trkpt>
      <trkpt lat="44.360970000" lon="4.911410000">
        <ele>155.000</ele>
      </trkpt>
      <trkpt lat="44.360260000" lon="4.911660000">
        <ele>155.000</ele>
      </trkpt>
      <trkpt lat="44.359860000" lon="4.911790000">
        <ele>154.000</ele>
      </trkpt>
      <trkpt lat="44.359830000" lon="4.911800000">
        <ele>154.000</ele>
      </trkpt>
      <trkpt lat="44.359800000" lon="4.911810000">
        <ele>154.000</ele>
      </trkpt>
      <trkpt lat="44.359760000" lon="4.911820000">
        <ele>153.000</ele>
      </trkpt>
      <trkpt lat="44.359740000" lon="4.911820000">
        <ele>153.000</ele>
      </trkpt>
      <trkpt lat="44.359540000" lon="4.911860000">
        <ele>153.000</ele>
      </trkpt>
      <trkpt lat="44.359490000" lon="4.911870000">
        <ele>153.000</ele>
      </trkpt>
      <trkpt lat="44.359150000" lon="4.911920000">
        <ele>153.000</ele>
      </trkpt>
      <trkpt lat="44.359070000" lon="4.911950000">
        <ele>153.000</ele>
      </trkpt>
      <trkpt lat="44.358980000" lon="4.912000000">
        <ele>153.000</ele>
      </trkpt>
      <trkpt lat="44.358940000" lon="4.912050000">
        <ele>153.000</ele>
      </trkpt>
      <trkpt lat="44.358880000" lon="4.912080000">
        <ele>153.000</ele>
      </trkpt>
      <trkpt lat="44.358830000" lon="4.912080000">
        <ele>153.000</ele>
      </trkpt>
      <trkpt lat="44.358530000" lon="4.911990000">
        <ele>153.000</ele>
      </trkpt>
      <trkpt lat="44.358090000" lon="4.911880000">
        <ele>154.000</ele>
      </trkpt>
      <trkpt lat="44.357750000" lon="4.911790000">
        <ele>155.000</ele>
      </trkpt>
      <trkpt lat="44.357410000" lon="4.911700000">
        <ele>155.000</ele>
      </trkpt>
      <trkpt lat="44.357000000" lon="4.911580000">
        <ele>156.000</ele>
      </trkpt>
      <trkpt lat="44.356760000" lon="4.911520000">
        <ele>156.000</ele>
      </trkpt>
      <trkpt lat="44.356600000" lon="4.911500000">
        <ele>156.000</ele>
      </trkpt>
      <trkpt lat="44.356540000" lon="4.911510000">
        <ele>156.000</ele>
      </trkpt>
      <trkpt lat="44.356390000" lon="4.911530000">
        <ele>156.000</ele>
      </trkpt>
      <trkpt lat="44.356290000" lon="4.911570000">
        <ele>156.000</ele>
      </trkpt>
      <trkpt lat="44.356250000" lon="4.911590000">
        <ele>156.000</ele>
      </trkpt>
      <trkpt lat="44.356170000" lon="4.911640000">
        <ele>156.000</ele>
      </trkpt>
      <trkpt lat="44.356090000" lon="4.911720000">
        <ele>156.000</ele>
      </trkpt>
      <trkpt lat="44.356020000" lon="4.911810000">
        <ele>156.000</ele>
      </trkpt>
      <trkpt lat="44.355960000" lon="4.911900000">
        <ele>155.000</ele>
      </trkpt>
      <trkpt lat="44.355870000" lon="4.912050000">
        <ele>155.000</ele>
      </trkpt>
      <trkpt lat="44.355830000" lon="4.912090000">
        <ele>155.000</ele>
      </trkpt>
      <trkpt lat="44.355800000" lon="4.912120000">
        <ele>155.000</ele>
      </trkpt>
      <trkpt lat="44.355770000" lon="4.912070000">
        <ele>155.000</ele>
      </trkpt>
      <trkpt lat="44.355730000" lon="4.912040000">
        <ele>155.000</ele>
      </trkpt>
      <trkpt lat="44.355680000" lon="4.912020000">
        <ele>154.000</ele>
      </trkpt>
      <trkpt lat="44.355640000" lon="4.912020000">
        <ele>154.000</ele>
      </trkpt>
      <trkpt lat="44.355590000" lon="4.912050000">
        <ele>154.000</ele>
      </trkpt>
      <trkpt lat="44.355560000" lon="4.912090000">
        <ele>154.000</ele>
      </trkpt>
      <trkpt lat="44.355530000" lon="4.912150000">
        <ele>154.000</ele>
      </trkpt>
      <trkpt lat="44.355520000" lon="4.912210000">
        <ele>154.000</ele>
      </trkpt>
      <trkpt lat="44.355530000" lon="4.912270000">
        <ele>154.000</ele>
      </trkpt>
      <trkpt lat="44.355540000" lon="4.912330000">
        <ele>154.000</ele>
      </trkpt>
      <trkpt lat="44.355510000" lon="4.912370000">
        <ele>154.000</ele>
      </trkpt>
      <trkpt lat="44.355470000" lon="4.912420000">
        <ele>154.000</ele>
      </trkpt>
      <trkpt lat="44.355410000" lon="4.912530000">
        <ele>154.000</ele>
      </trkpt>
      <trkpt lat="44.355310000" lon="4.912760000">
        <ele>154.000</ele>
      </trkpt>
      <trkpt lat="44.355210000" lon="4.913010000">
        <ele>154.000</ele>
      </trkpt>
      <trkpt lat="44.354910000" lon="4.913470000">
        <ele>154.000</ele>
      </trkpt>
      <trkpt lat="44.354860000" lon="4.913570000">
        <ele>154.000</ele>
      </trkpt>
      <trkpt lat="44.353930000" lon="4.915080000">
        <ele>155.000</ele>
      </trkpt>
      <trkpt lat="44.353480000" lon="4.915810000">
        <ele>155.000</ele>
      </trkpt>
      <trkpt lat="44.353150000" lon="4.916340000">
        <ele>156.000</ele>
      </trkpt>
      <trkpt lat="44.353110000" lon="4.916380000">
        <ele>156.000</ele>
      </trkpt>
      <trkpt lat="44.352490000" lon="4.917110000">
        <ele>156.000</ele>
      </trkpt>
      <trkpt lat="44.352320000" lon="4.917310000">
        <ele>155.000</ele>
      </trkpt>
      <trkpt lat="44.351910000" lon="4.917750000">
        <ele>155.000</ele>
      </trkpt>
      <trkpt lat="44.351860000" lon="4.917800000">
        <ele>155.000</ele>
      </trkpt>
      <trkpt lat="44.351630000" lon="4.917940000">
        <ele>155.000</ele>
      </trkpt>
      <trkpt lat="44.351430000" lon="4.917990000">
        <ele>154.000</ele>
      </trkpt>
      <trkpt lat="44.350600000" lon="4.918050000">
        <ele>154.000</ele>
      </trkpt>
      <trkpt lat="44.350340000" lon="4.918080000">
        <ele>153.000</ele>
      </trkpt>
      <trkpt lat="44.350310000" lon="4.918090000">
        <ele>153.000</ele>
      </trkpt>
      <trkpt lat="44.350140000" lon="4.918140000">
        <ele>153.000</ele>
      </trkpt>
      <trkpt lat="44.349900000" lon="4.918260000">
        <ele>153.000</ele>
      </trkpt>
      <trkpt lat="44.349740000" lon="4.918370000">
        <ele>152.000</ele>
      </trkpt>
      <trkpt lat="44.349510000" lon="4.918560000">
        <ele>152.000</ele>
      </trkpt>
      <trkpt lat="44.349470000" lon="4.918590000">
        <ele>152.000</ele>
      </trkpt>
      <trkpt lat="44.348770000" lon="4.919130000">
        <ele>152.000</ele>
      </trkpt>
      <trkpt lat="44.348720000" lon="4.919170000">
        <ele>152.000</ele>
      </trkpt>
      <trkpt lat="44.348520000" lon="4.919320000">
        <ele>152.000</ele>
      </trkpt>
      <trkpt lat="44.347930000" lon="4.919940000">
        <ele>152.000</ele>
      </trkpt>
      <trkpt lat="44.347810000" lon="4.920050000">
        <ele>153.000</ele>
      </trkpt>
      <trkpt lat="44.347720000" lon="4.920130000">
        <ele>153.000</ele>
      </trkpt>
      <trkpt lat="44.347630000" lon="4.920180000">
        <ele>153.000</ele>
      </trkpt>
      <trkpt lat="44.347560000" lon="4.920230000">
        <ele>153.000</ele>
      </trkpt>
      <trkpt lat="44.347540000" lon="4.920240000">
        <ele>153.000</ele>
      </trkpt>
      <trkpt lat="44.347110000" lon="4.920470000">
        <ele>154.000</ele>
      </trkpt>
      <trkpt lat="44.346380000" lon="4.920850000">
        <ele>154.000</ele>
      </trkpt>
      <trkpt lat="44.345440000" lon="4.921350000">
        <ele>154.000</ele>
      </trkpt>
      <trkpt lat="44.344760000" lon="4.921740000">
        <ele>153.000</ele>
      </trkpt>
      <trkpt lat="44.344330000" lon="4.922020000">
        <ele>153.000</ele>
      </trkpt>
      <trkpt lat="44.344160000" lon="4.922120000">
        <ele>153.000</ele>
      </trkpt>
      <trkpt lat="44.343610000" lon="4.922310000">
        <ele>153.000</ele>
      </trkpt>
      <trkpt lat="44.343480000" lon="4.922360000">
        <ele>153.000</ele>
      </trkpt>
      <trkpt lat="44.343290000" lon="4.922470000">
        <ele>153.000</ele>
      </trkpt>
      <trkpt lat="44.342430000" lon="4.923090000">
        <ele>153.000</ele>
      </trkpt>
      <trkpt lat="44.342270000" lon="4.923200000">
        <ele>153.000</ele>
      </trkpt>
      <trkpt lat="44.342190000" lon="4.923240000">
        <ele>153.000</ele>
      </trkpt>
      <trkpt lat="44.342070000" lon="4.923250000">
        <ele>153.000</ele>
      </trkpt>
      <trkpt lat="44.341970000" lon="4.923240000">
        <ele>153.000</ele>
      </trkpt>
      <trkpt lat="44.341800000" lon="4.923190000">
        <ele>153.000</ele>
      </trkpt>
      <trkpt lat="44.341520000" lon="4.923080000">
        <ele>153.000</ele>
      </trkpt>
      <trkpt lat="44.341390000" lon="4.923030000">
        <ele>153.000</ele>
      </trkpt>
      <trkpt lat="44.341260000" lon="4.923010000">
        <ele>153.000</ele>
      </trkpt>
      <trkpt lat="44.341160000" lon="4.923020000">
        <ele>153.000</ele>
      </trkpt>
      <trkpt lat="44.341070000" lon="4.923050000">
        <ele>153.000</ele>
      </trkpt>
      <trkpt lat="44.340950000" lon="4.923130000">
        <ele>153.000</ele>
      </trkpt>
      <trkpt lat="44.340590000" lon="4.923540000">
        <ele>153.000</ele>
      </trkpt>
      <trkpt lat="44.340250000" lon="4.923930000">
        <ele>153.000</ele>
      </trkpt>
      <trkpt lat="44.340090000" lon="4.924080000">
        <ele>153.000</ele>
      </trkpt>
      <trkpt lat="44.339940000" lon="4.924220000">
        <ele>153.000</ele>
      </trkpt>
      <trkpt lat="44.339810000" lon="4.924290000">
        <ele>153.000</ele>
      </trkpt>
      <trkpt lat="44.339650000" lon="4.924350000">
        <ele>153.000</ele>
      </trkpt>
      <trkpt lat="44.339480000" lon="4.924430000">
        <ele>153.000</ele>
      </trkpt>
      <trkpt lat="44.339350000" lon="4.924530000">
        <ele>153.000</ele>
      </trkpt>
      <trkpt lat="44.338890000" lon="4.925100000">
        <ele>153.000</ele>
      </trkpt>
      <trkpt lat="44.338530000" lon="4.925570000">
        <ele>153.000</ele>
      </trkpt>
      <trkpt lat="44.338070000" lon="4.926130000">
        <ele>154.000</ele>
      </trkpt>
      <trkpt lat="44.337740000" lon="4.926480000">
        <ele>155.000</ele>
      </trkpt>
      <trkpt lat="44.337340000" lon="4.926870000">
        <ele>156.000</ele>
      </trkpt>
      <trkpt lat="44.336980000" lon="4.927230000">
        <ele>156.000</ele>
      </trkpt>
      <trkpt lat="44.336620000" lon="4.927690000">
        <ele>157.000</ele>
      </trkpt>
      <trkpt lat="44.335980000" lon="4.928590000">
        <ele>158.000</ele>
      </trkpt>
      <trkpt lat="44.335130000" lon="4.929810000">
        <ele>159.000</ele>
      </trkpt>
      <trkpt lat="44.334870000" lon="4.930140000">
        <ele>160.000</ele>
      </trkpt>
      <trkpt lat="44.334410000" lon="4.930640000">
        <ele>160.000</ele>
      </trkpt>
      <trkpt lat="44.333940000" lon="4.931130000">
        <ele>160.000</ele>
      </trkpt>
      <trkpt lat="44.333520000" lon="4.931520000">
        <ele>160.000</ele>
      </trkpt>
      <trkpt lat="44.333130000" lon="4.931830000">
        <ele>161.000</ele>
      </trkpt>
      <trkpt lat="44.332870000" lon="4.932020000">
        <ele>161.000</ele>
      </trkpt>
      <trkpt lat="44.332690000" lon="4.932130000">
        <ele>161.000</ele>
      </trkpt>
      <trkpt lat="44.332560000" lon="4.932230000">
        <ele>161.000</ele>
      </trkpt>
      <trkpt lat="44.332390000" lon="4.932360000">
        <ele>161.000</ele>
      </trkpt>
      <trkpt lat="44.332220000" lon="4.932540000">
        <ele>161.000</ele>
      </trkpt>
      <trkpt lat="44.332060000" lon="4.932740000">
        <ele>161.000</ele>
      </trkpt>
      <trkpt lat="44.331890000" lon="4.933010000">
        <ele>161.000</ele>
      </trkpt>
      <trkpt lat="44.331710000" lon="4.933350000">
        <ele>161.000</ele>
      </trkpt>
      <trkpt lat="44.331540000" lon="4.933640000">
        <ele>161.000</ele>
      </trkpt>
      <trkpt lat="44.331040000" lon="4.934320000">
        <ele>161.000</ele>
      </trkpt>
      <trkpt lat="44.330470000" lon="4.935090000">
        <ele>162.000</ele>
      </trkpt>
      <trkpt lat="44.330300000" lon="4.935300000">
        <ele>162.000</ele>
      </trkpt>
      <trkpt lat="44.330120000" lon="4.935500000">
        <ele>162.000</ele>
      </trkpt>
      <trkpt lat="44.329750000" lon="4.935810000">
        <ele>162.000</ele>
      </trkpt>
      <trkpt lat="44.329510000" lon="4.936040000">
        <ele>162.000</ele>
      </trkpt>
      <trkpt lat="44.329150000" lon="4.936490000">
        <ele>162.000</ele>
      </trkpt>
      <trkpt lat="44.328430000" lon="4.937250000">
        <ele>163.000</ele>
      </trkpt>
      <trkpt lat="44.328210000" lon="4.937450000">
        <ele>163.000</ele>
      </trkpt>
      <trkpt lat="44.327960000" lon="4.937650000">
        <ele>163.000</ele>
      </trkpt>
      <trkpt lat="44.327630000" lon="4.937860000">
        <ele>163.000</ele>
      </trkpt>
      <trkpt lat="44.327000000" lon="4.938260000">
        <ele>164.000</ele>
      </trkpt>
      <trkpt lat="44.326720000" lon="4.938390000">
        <ele>165.000</ele>
      </trkpt>
      <trkpt lat="44.326530000" lon="4.938450000">
        <ele>165.000</ele>
      </trkpt>
      <trkpt lat="44.326010000" lon="4.938600000">
        <ele>166.000</ele>
      </trkpt>
      <trkpt lat="44.325490000" lon="4.938790000">
        <ele>166.000</ele>
      </trkpt>
      <trkpt lat="44.325330000" lon="4.938830000">
        <ele>166.000</ele>
      </trkpt>
      <trkpt lat="44.325100000" lon="4.938880000">
        <ele>166.000</ele>
      </trkpt>
      <trkpt lat="44.324980000" lon="4.938870000">
        <ele>165.000</ele>
      </trkpt>
      <trkpt lat="44.324840000" lon="4.938850000">
        <ele>165.000</ele>
      </trkpt>
      <trkpt lat="44.324620000" lon="4.938780000">
        <ele>165.000</ele>
      </trkpt>
      <trkpt lat="44.324310000" lon="4.938700000">
        <ele>164.000</ele>
      </trkpt>
      <trkpt lat="44.324120000" lon="4.938650000">
        <ele>164.000</ele>
      </trkpt>
      <trkpt lat="44.323960000" lon="4.938610000">
        <ele>163.000</ele>
      </trkpt>
      <trkpt lat="44.323860000" lon="4.938610000">
        <ele>163.000</ele>
      </trkpt>
      <trkpt lat="44.323820000" lon="4.938600000">
        <ele>162.000</ele>
      </trkpt>
      <trkpt lat="44.323690000" lon="4.938630000">
        <ele>162.000</ele>
      </trkpt>
      <trkpt lat="44.323570000" lon="4.938670000">
        <ele>162.000</ele>
      </trkpt>
      <trkpt lat="44.323520000" lon="4.938700000">
        <ele>162.000</ele>
      </trkpt>
      <trkpt lat="44.323470000" lon="4.938740000">
        <ele>161.000</ele>
      </trkpt>
      <trkpt lat="44.323080000" lon="4.939160000">
        <ele>161.000</ele>
      </trkpt>
      <trkpt lat="44.322870000" lon="4.939380000">
        <ele>160.000</ele>
      </trkpt>
      <trkpt lat="44.322540000" lon="4.939740000">
        <ele>160.000</ele>
      </trkpt>
      <trkpt lat="44.322010000" lon="4.940310000">
        <ele>160.000</ele>
      </trkpt>
      <trkpt lat="44.321870000" lon="4.940460000">
        <ele>160.000</ele>
      </trkpt>
      <trkpt lat="44.321060000" lon="4.941340000">
        <ele>160.000</ele>
      </trkpt>
      <trkpt lat="44.319930000" lon="4.942560000">
        <ele>162.000</ele>
      </trkpt>
      <trkpt lat="44.319740000" lon="4.942760000">
        <ele>163.000</ele>
      </trkpt>
      <trkpt lat="44.319580000" lon="4.942930000">
        <ele>164.000</ele>
      </trkpt>
      <trkpt lat="44.319510000" lon="4.943030000">
        <ele>165.000</ele>
      </trkpt>
      <trkpt lat="44.319430000" lon="4.943170000">
        <ele>166.000</ele>
      </trkpt>
      <trkpt lat="44.319360000" lon="4.943300000">
        <ele>167.000</ele>
      </trkpt>
      <trkpt lat="44.319300000" lon="4.943470000">
        <ele>167.000</ele>
      </trkpt>
      <trkpt lat="44.319250000" lon="4.943680000">
        <ele>168.000</ele>
      </trkpt>
      <trkpt lat="44.319050000" lon="4.944730000">
        <ele>169.000</ele>
      </trkpt>
      <trkpt lat="44.318930000" lon="4.945380000">
        <ele>171.000</ele>
      </trkpt>
      <trkpt lat="44.318930000" lon="4.945410000">
        <ele>172.000</ele>
      </trkpt>
      <trkpt lat="44.318730000" lon="4.946480000">
        <ele>174.000</ele>
      </trkpt>
      <trkpt lat="44.318710000" lon="4.946630000">
        <ele>176.000</ele>
      </trkpt>
      <trkpt lat="44.318570000" lon="4.947330000">
        <ele>177.000</ele>
      </trkpt>
      <trkpt lat="44.318470000" lon="4.947900000">
        <ele>179.000</ele>
      </trkpt>
      <trkpt lat="44.318420000" lon="4.948190000">
        <ele>180.000</ele>
      </trkpt>
      <trkpt lat="44.318410000" lon="4.948240000">
        <ele>181.000</ele>
      </trkpt>
      <trkpt lat="44.318430000" lon="4.948290000">
        <ele>182.000</ele>
      </trkpt>
      <trkpt lat="44.318490000" lon="4.948380000">
        <ele>182.000</ele>
      </trkpt>
      <trkpt lat="44.318510000" lon="4.948410000">
        <ele>182.000</ele>
      </trkpt>
      <trkpt lat="44.318530000" lon="4.948440000">
        <ele>183.000</ele>
      </trkpt>
      <trkpt lat="44.318500000" lon="4.948500000">
        <ele>183.000</ele>
      </trkpt>
      <trkpt lat="44.318500000" lon="4.948580000">
        <ele>183.000</ele>
      </trkpt>
      <trkpt lat="44.318510000" lon="4.948650000">
        <ele>183.000</ele>
      </trkpt>
      <trkpt lat="44.318480000" lon="4.948670000">
        <ele>183.000</ele>
      </trkpt>
      <trkpt lat="44.318400000" lon="4.948740000">
        <ele>183.000</ele>
      </trkpt>
      <trkpt lat="44.317700000" lon="4.949140000">
        <ele>183.000</ele>
      </trkpt>
      <trkpt lat="44.317640000" lon="4.949180000">
        <ele>184.000</ele>
      </trkpt>
      <trkpt lat="44.317350000" lon="4.949340000">
        <ele>184.000</ele>
      </trkpt>
      <trkpt lat="44.316930000" lon="4.949560000">
        <ele>184.000</ele>
      </trkpt>
      <trkpt lat="44.316840000" lon="4.949600000">
        <ele>185.000</ele>
      </trkpt>
      <trkpt lat="44.316750000" lon="4.949620000">
        <ele>185.000</ele>
      </trkpt>
      <trkpt lat="44.316630000" lon="4.949640000">
        <ele>186.000</ele>
      </trkpt>
      <trkpt lat="44.316470000" lon="4.949670000">
        <ele>186.000</ele>
      </trkpt>
      <trkpt lat="44.316380000" lon="4.949680000">
        <ele>186.000</ele>
      </trkpt>
      <trkpt lat="44.316300000" lon="4.949670000">
        <ele>186.000</ele>
      </trkpt>
      <trkpt lat="44.316240000" lon="4.949660000">
        <ele>187.000</ele>
      </trkpt>
      <trkpt lat="44.316190000" lon="4.949640000">
        <ele>187.000</ele>
      </trkpt>
      <trkpt lat="44.316140000" lon="4.949610000">
        <ele>187.000</ele>
      </trkpt>
      <trkpt lat="44.316050000" lon="4.949530000">
        <ele>187.000</ele>
      </trkpt>
      <trkpt lat="44.315650000" lon="4.949220000">
        <ele>188.000</ele>
      </trkpt>
      <trkpt lat="44.315570000" lon="4.949180000">
        <ele>188.000</ele>
      </trkpt>
      <trkpt lat="44.315480000" lon="4.949130000">
        <ele>188.000</ele>
      </trkpt>
      <trkpt lat="44.315320000" lon="4.949090000">
        <ele>188.000</ele>
      </trkpt>
      <trkpt lat="44.315240000" lon="4.949070000">
        <ele>188.000</ele>
      </trkpt>
      <trkpt lat="44.315100000" lon="4.949040000">
        <ele>188.000</ele>
      </trkpt>
      <trkpt lat="44.314910000" lon="4.949010000">
        <ele>187.000</ele>
      </trkpt>
      <trkpt lat="44.314760000" lon="4.949010000">
        <ele>187.000</ele>
      </trkpt>
      <trkpt lat="44.314640000" lon="4.949020000">
        <ele>187.000</ele>
      </trkpt>
      <trkpt lat="44.314500000" lon="4.949050000">
        <ele>187.000</ele>
      </trkpt>
      <trkpt lat="44.314440000" lon="4.949080000">
        <ele>186.000</ele>
      </trkpt>
      <trkpt lat="44.314330000" lon="4.949130000">
        <ele>186.000</ele>
      </trkpt>
      <trkpt lat="44.314180000" lon="4.949210000">
        <ele>186.000</ele>
      </trkpt>
      <trkpt lat="44.314110000" lon="4.949240000">
        <ele>186.000</ele>
      </trkpt>
      <trkpt lat="44.313950000" lon="4.949340000">
        <ele>185.000</ele>
      </trkpt>
      <trkpt lat="44.313880000" lon="4.949380000">
        <ele>185.000</ele>
      </trkpt>
      <trkpt lat="44.313810000" lon="4.949430000">
        <ele>185.000</ele>
      </trkpt>
      <trkpt lat="44.313730000" lon="4.949490000">
        <ele>185.000</ele>
      </trkpt>
      <trkpt lat="44.313650000" lon="4.949590000">
        <ele>185.000</ele>
      </trkpt>
      <trkpt lat="44.313560000" lon="4.949700000">
        <ele>184.000</ele>
      </trkpt>
      <trkpt lat="44.313530000" lon="4.949740000">
        <ele>184.000</ele>
      </trkpt>
      <trkpt lat="44.313300000" lon="4.950070000">
        <ele>184.000</ele>
      </trkpt>
      <trkpt lat="44.313210000" lon="4.950200000">
        <ele>184.000</ele>
      </trkpt>
      <trkpt lat="44.313180000" lon="4.950230000">
        <ele>184.000</ele>
      </trkpt>
      <trkpt lat="44.313160000" lon="4.950260000">
        <ele>184.000</ele>
      </trkpt>
      <trkpt lat="44.313130000" lon="4.950270000">
        <ele>184.000</ele>
      </trkpt>
      <trkpt lat="44.313090000" lon="4.950280000">
        <ele>184.000</ele>
      </trkpt>
      <trkpt lat="44.313070000" lon="4.950330000">
        <ele>184.000</ele>
      </trkpt>
      <trkpt lat="44.313000000" lon="4.950480000">
        <ele>184.000</ele>
      </trkpt>
      <trkpt lat="44.312870000" lon="4.950780000">
        <ele>184.000</ele>
      </trkpt>
      <trkpt lat="44.312810000" lon="4.950950000">
        <ele>184.000</ele>
      </trkpt>
      <trkpt lat="44.312790000" lon="4.951020000">
        <ele>184.000</ele>
      </trkpt>
      <trkpt lat="44.312750000" lon="4.951170000">
        <ele>184.000</ele>
      </trkpt>
      <trkpt lat="44.312700000" lon="4.951440000">
        <ele>184.000</ele>
      </trkpt>
      <trkpt lat="44.312670000" lon="4.951690000">
        <ele>183.000</ele>
      </trkpt>
      <trkpt lat="44.312660000" lon="4.951760000">
        <ele>183.000</ele>
      </trkpt>
      <trkpt lat="44.312650000" lon="4.951850000">
        <ele>183.000</ele>
      </trkpt>
      <trkpt lat="44.312640000" lon="4.951890000">
        <ele>183.000</ele>
      </trkpt>
      <trkpt lat="44.312510000" lon="4.952100000">
        <ele>182.000</ele>
      </trkpt>
      <trkpt lat="44.312420000" lon="4.952280000">
        <ele>182.000</ele>
      </trkpt>
      <trkpt lat="44.312320000" lon="4.952430000">
        <ele>182.000</ele>
      </trkpt>
      <trkpt lat="44.312260000" lon="4.952510000">
        <ele>181.000</ele>
      </trkpt>
      <trkpt lat="44.312260000" lon="4.952510000">
        <ele>181.000</ele>
      </trkpt>
      <trkpt lat="44.312240000" lon="4.952540000">
        <ele>181.000</ele>
      </trkpt>
      <trkpt lat="44.312090000" lon="4.952690000">
        <ele>181.000</ele>
      </trkpt>
      <trkpt lat="44.312040000" lon="4.952730000">
        <ele>180.000</ele>
      </trkpt>
      <trkpt lat="44.311830000" lon="4.952950000">
        <ele>180.000</ele>
      </trkpt>
      <trkpt lat="44.311450000" lon="4.953330000">
        <ele>179.000</ele>
      </trkpt>
      <trkpt lat="44.311380000" lon="4.953410000">
        <ele>179.000</ele>
      </trkpt>
      <trkpt lat="44.311320000" lon="4.953480000">
        <ele>178.000</ele>
      </trkpt>
      <trkpt lat="44.311270000" lon="4.953550000">
        <ele>178.000</ele>
      </trkpt>
      <trkpt lat="44.311230000" lon="4.953620000">
        <ele>178.000</ele>
      </trkpt>
      <trkpt lat="44.311120000" lon="4.953880000">
        <ele>178.000</ele>
      </trkpt>
      <trkpt lat="44.311030000" lon="4.954160000">
        <ele>178.000</ele>
      </trkpt>
      <trkpt lat="44.310840000" lon="4.954840000">
        <ele>178.000</ele>
      </trkpt>
      <trkpt lat="44.310750000" lon="4.955260000">
        <ele>179.000</ele>
      </trkpt>
      <trkpt lat="44.310680000" lon="4.955650000">
        <ele>179.000</ele>
      </trkpt>
      <trkpt lat="44.310600000" lon="4.956260000">
        <ele>179.000</ele>
      </trkpt>
      <trkpt lat="44.310500000" lon="4.957090000">
        <ele>180.000</ele>
      </trkpt>
      <trkpt lat="44.310440000" lon="4.957360000">
        <ele>180.000</ele>
      </trkpt>
      <trkpt lat="44.310400000" lon="4.957580000">
        <ele>181.000</ele>
      </trkpt>
      <trkpt lat="44.310370000" lon="4.957700000">
        <ele>181.000</ele>
      </trkpt>
      <trkpt lat="44.310330000" lon="4.957820000">
        <ele>181.000</ele>
      </trkpt>
      <trkpt lat="44.310260000" lon="4.957990000">
        <ele>182.000</ele>
      </trkpt>
      <trkpt lat="44.310140000" lon="4.958230000">
        <ele>182.000</ele>
      </trkpt>
      <trkpt lat="44.309940000" lon="4.958570000">
        <ele>182.000</ele>
      </trkpt>
      <trkpt lat="44.309750000" lon="4.958920000">
        <ele>182.000</ele>
      </trkpt>
      <trkpt lat="44.309640000" lon="4.959150000">
        <ele>183.000</ele>
      </trkpt>
      <trkpt lat="44.309540000" lon="4.959400000">
        <ele>183.000</ele>
      </trkpt>
      <trkpt lat="44.309480000" lon="4.959600000">
        <ele>183.000</ele>
      </trkpt>
      <trkpt lat="44.309420000" lon="4.959770000">
        <ele>183.000</ele>
      </trkpt>
      <trkpt lat="44.309350000" lon="4.960060000">
        <ele>183.000</ele>
      </trkpt>
      <trkpt lat="44.309230000" lon="4.960620000">
        <ele>183.000</ele>
      </trkpt>
      <trkpt lat="44.309120000" lon="4.961100000">
        <ele>184.000</ele>
      </trkpt>
      <trkpt lat="44.309010000" lon="4.961590000">
        <ele>185.000</ele>
      </trkpt>
      <trkpt lat="44.308900000" lon="4.962050000">
        <ele>186.000</ele>
      </trkpt>
      <trkpt lat="44.308770000" lon="4.962510000">
        <ele>187.000</ele>
      </trkpt>
      <trkpt lat="44.308640000" lon="4.963000000">
        <ele>189.000</ele>
      </trkpt>
      <trkpt lat="44.308440000" lon="4.963900000">
        <ele>190.000</ele>
      </trkpt>
      <trkpt lat="44.308320000" lon="4.964280000">
        <ele>191.000</ele>
      </trkpt>
      <trkpt lat="44.308290000" lon="4.964380000">
        <ele>192.000</ele>
      </trkpt>
      <trkpt lat="44.308200000" lon="4.964620000">
        <ele>193.000</ele>
      </trkpt>
      <trkpt lat="44.308060000" lon="4.964960000">
        <ele>194.000</ele>
      </trkpt>
      <trkpt lat="44.307820000" lon="4.965400000">
        <ele>195.000</ele>
      </trkpt>
      <trkpt lat="44.307560000" lon="4.965900000">
        <ele>196.000</ele>
      </trkpt>
      <trkpt lat="44.307510000" lon="4.966020000">
        <ele>197.000</ele>
      </trkpt>
      <trkpt lat="44.306970000" lon="4.967630000">
        <ele>199.000</ele>
      </trkpt>
      <trkpt lat="44.306560000" lon="4.968660000">
        <ele>202.000</ele>
      </trkpt>
      <trkpt lat="44.305900000" lon="4.970240000">
        <ele>206.000</ele>
      </trkpt>
      <trkpt lat="44.305290000" lon="4.971750000">
        <ele>209.000</ele>
      </trkpt>
      <trkpt lat="44.305050000" lon="4.972300000">
        <ele>211.000</ele>
      </trkpt>
      <trkpt lat="44.304990000" lon="4.972390000">
        <ele>212.000</ele>
      </trkpt>
      <trkpt lat="44.304070000" lon="4.973920000">
        <ele>213.000</ele>
      </trkpt>
      <trkpt lat="44.303890000" lon="4.974200000">
        <ele>213.000</ele>
      </trkpt>
      <trkpt lat="44.303760000" lon="4.974380000">
        <ele>213.000</ele>
      </trkpt>
      <trkpt lat="44.303640000" lon="4.974520000">
        <ele>213.000</ele>
      </trkpt>
      <trkpt lat="44.303510000" lon="4.974640000">
        <ele>213.000</ele>
      </trkpt>
      <trkpt lat="44.303360000" lon="4.974760000">
        <ele>213.000</ele>
      </trkpt>
      <trkpt lat="44.303180000" lon="4.974900000">
        <ele>213.000</ele>
      </trkpt>
      <trkpt lat="44.303040000" lon="4.975010000">
        <ele>212.000</ele>
      </trkpt>
      <trkpt lat="44.302770000" lon="4.975310000">
        <ele>212.000</ele>
      </trkpt>
      <trkpt lat="44.302640000" lon="4.975450000">
        <ele>211.000</ele>
      </trkpt>
      <trkpt lat="44.302470000" lon="4.975590000">
        <ele>211.000</ele>
      </trkpt>
      <trkpt lat="44.302400000" lon="4.975640000">
        <ele>211.000</ele>
      </trkpt>
      <trkpt lat="44.302280000" lon="4.975710000">
        <ele>210.000</ele>
      </trkpt>
      <trkpt lat="44.301950000" lon="4.975840000">
        <ele>210.000</ele>
      </trkpt>
      <trkpt lat="44.301770000" lon="4.975890000">
        <ele>210.000</ele>
      </trkpt>
      <trkpt lat="44.301630000" lon="4.975910000">
        <ele>210.000</ele>
      </trkpt>
      <trkpt lat="44.301430000" lon="4.975920000">
        <ele>209.000</ele>
      </trkpt>
      <trkpt lat="44.300160000" lon="4.975870000">
        <ele>209.000</ele>
      </trkpt>
      <trkpt lat="44.299770000" lon="4.975900000">
        <ele>208.000</ele>
      </trkpt>
      <trkpt lat="44.298590000" lon="4.976000000">
        <ele>206.000</ele>
      </trkpt>
      <trkpt lat="44.298050000" lon="4.975980000">
        <ele>204.000</ele>
      </trkpt>
      <trkpt lat="44.297790000" lon="4.976000000">
        <ele>203.000</ele>
      </trkpt>
      <trkpt lat="44.297680000" lon="4.976030000">
        <ele>202.000</ele>
      </trkpt>
      <trkpt lat="44.297090000" lon="4.976190000">
        <ele>200.000</ele>
      </trkpt>
      <trkpt lat="44.296860000" lon="4.976250000">
        <ele>199.000</ele>
      </trkpt>
      <trkpt lat="44.296620000" lon="4.976260000">
        <ele>199.000</ele>
      </trkpt>
      <trkpt lat="44.296400000" lon="4.976260000">
        <ele>198.000</ele>
      </trkpt>
      <trkpt lat="44.296100000" lon="4.976220000">
        <ele>197.000</ele>
      </trkpt>
      <trkpt lat="44.295630000" lon="4.976150000">
        <ele>196.000</ele>
      </trkpt>
      <trkpt lat="44.293490000" lon="4.975760000">
        <ele>194.000</ele>
      </trkpt>
      <trkpt lat="44.291920000" lon="4.975470000">
        <ele>189.000</ele>
      </trkpt>
      <trkpt lat="44.291460000" lon="4.975380000">
        <ele>185.000</ele>
      </trkpt>
      <trkpt lat="44.291360000" lon="4.975380000">
        <ele>183.000</ele>
      </trkpt>
      <trkpt lat="44.291320000" lon="4.975370000">
        <ele>181.000</ele>
      </trkpt>
      <trkpt lat="44.291270000" lon="4.975380000">
        <ele>179.000</ele>
      </trkpt>
      <trkpt lat="44.291170000" lon="4.975400000">
        <ele>178.000</ele>
      </trkpt>
      <trkpt lat="44.290720000" lon="4.975540000">
        <ele>177.000</ele>
      </trkpt>
      <trkpt lat="44.290590000" lon="4.975560000">
        <ele>176.000</ele>
      </trkpt>
      <trkpt lat="44.290260000" lon="4.975630000">
        <ele>175.000</ele>
      </trkpt>
      <trkpt lat="44.290040000" lon="4.975660000">
        <ele>175.000</ele>
      </trkpt>
      <trkpt lat="44.289950000" lon="4.975660000">
        <ele>174.000</ele>
      </trkpt>
      <trkpt lat="44.289880000" lon="4.975640000">
        <ele>173.000</ele>
      </trkpt>
      <trkpt lat="44.289840000" lon="4.975640000">
        <ele>173.000</ele>
      </trkpt>
      <trkpt lat="44.289730000" lon="4.975660000">
        <ele>173.000</ele>
      </trkpt>
      <trkpt lat="44.289690000" lon="4.975670000">
        <ele>172.000</ele>
      </trkpt>
      <trkpt lat="44.289660000" lon="4.975680000">
        <ele>172.000</ele>
      </trkpt>
      <trkpt lat="44.289670000" lon="4.975750000">
        <ele>172.000</ele>
      </trkpt>
      <trkpt lat="44.289720000" lon="4.976100000">
        <ele>172.000</ele>
      </trkpt>
      <trkpt lat="44.289750000" lon="4.976290000">
        <ele>172.000</ele>
      </trkpt>
      <trkpt lat="44.289790000" lon="4.976520000">
        <ele>172.000</ele>
      </trkpt>
      <trkpt lat="44.289950000" lon="4.977240000">
        <ele>172.000</ele>
      </trkpt>
      <trkpt lat="44.290130000" lon="4.978220000">
        <ele>173.000</ele>
      </trkpt>
      <trkpt lat="44.290760000" lon="4.981460000">
        <ele>173.000</ele>
      </trkpt>
      <trkpt lat="44.290980000" lon="4.982610000">
        <ele>173.000</ele>
      </trkpt>
      <trkpt lat="44.291170000" lon="4.983620000">
        <ele>173.000</ele>
      </trkpt>
      <trkpt lat="44.291350000" lon="4.984570000">
        <ele>174.000</ele>
      </trkpt>
      <trkpt lat="44.291400000" lon="4.985050000">
        <ele>175.000</ele>
      </trkpt>
      <trkpt lat="44.291410000" lon="4.985260000">
        <ele>175.000</ele>
      </trkpt>
      <trkpt lat="44.291410000" lon="4.985480000">
        <ele>175.000</ele>
      </trkpt>
      <trkpt lat="44.291410000" lon="4.985530000">
        <ele>175.000</ele>
      </trkpt>
      <trkpt lat="44.291380000" lon="4.986240000">
        <ele>175.000</ele>
      </trkpt>
      <trkpt lat="44.291360000" lon="4.986590000">
        <ele>175.000</ele>
      </trkpt>
      <trkpt lat="44.291360000" lon="4.986790000">
        <ele>175.000</ele>
      </trkpt>
      <trkpt lat="44.291360000" lon="4.986990000">
        <ele>175.000</ele>
      </trkpt>
      <trkpt lat="44.291350000" lon="4.987550000">
        <ele>175.000</ele>
      </trkpt>
      <trkpt lat="44.291320000" lon="4.987650000">
        <ele>175.000</ele>
      </trkpt>
      <trkpt lat="44.291290000" lon="4.987690000">
        <ele>175.000</ele>
      </trkpt>
      <trkpt lat="44.291270000" lon="4.987740000">
        <ele>175.000</ele>
      </trkpt>
      <trkpt lat="44.291200000" lon="4.987820000">
        <ele>175.000</ele>
      </trkpt>
      <trkpt lat="44.291130000" lon="4.987860000">
        <ele>175.000</ele>
      </trkpt>
      <trkpt lat="44.290870000" lon="4.987940000">
        <ele>174.000</ele>
      </trkpt>
      <trkpt lat="44.290750000" lon="4.987950000">
        <ele>174.000</ele>
      </trkpt>
      <trkpt lat="44.290670000" lon="4.987960000">
        <ele>173.000</ele>
      </trkpt>
      <trkpt lat="44.290590000" lon="4.987970000">
        <ele>173.000</ele>
      </trkpt>
      <trkpt lat="44.289240000" lon="4.988460000">
        <ele>171.000</ele>
      </trkpt>
      <trkpt lat="44.289200000" lon="4.988480000">
        <ele>170.000</ele>
      </trkpt>
      <trkpt lat="44.288600000" lon="4.988700000">
        <ele>169.000</ele>
      </trkpt>
      <trkpt lat="44.287920000" lon="4.988940000">
        <ele>169.000</ele>
      </trkpt>
      <trkpt lat="44.286600000" lon="4.989420000">
        <ele>168.000</ele>
      </trkpt>
      <trkpt lat="44.286380000" lon="4.989510000">
        <ele>168.000</ele>
      </trkpt>
      <trkpt lat="44.285930000" lon="4.989670000">
        <ele>167.000</ele>
      </trkpt>
      <trkpt lat="44.285500000" lon="4.989840000">
        <ele>167.000</ele>
      </trkpt>
      <trkpt lat="44.285130000" lon="4.989980000">
        <ele>167.000</ele>
      </trkpt>
      <trkpt lat="44.284290000" lon="4.990290000">
        <ele>166.000</ele>
      </trkpt>
      <trkpt lat="44.282200000" lon="4.991060000">
        <ele>167.000</ele>
      </trkpt>
      <trkpt lat="44.281680000" lon="4.991250000">
        <ele>168.000</ele>
      </trkpt>
      <trkpt lat="44.281460000" lon="4.991350000">
        <ele>170.000</ele>
      </trkpt>
      <trkpt lat="44.281330000" lon="4.991410000">
        <ele>172.000</ele>
      </trkpt>
      <trkpt lat="44.281220000" lon="4.991480000">
        <ele>173.000</ele>
      </trkpt>
      <trkpt lat="44.281110000" lon="4.991560000">
        <ele>174.000</ele>
      </trkpt>
      <trkpt lat="44.280970000" lon="4.991650000">
        <ele>175.000</ele>
      </trkpt>
      <trkpt lat="44.280910000" lon="4.991680000">
        <ele>176.000</ele>
      </trkpt>
      <trkpt lat="44.280870000" lon="4.991660000">
        <ele>176.000</ele>
      </trkpt>
      <trkpt lat="44.280820000" lon="4.991660000">
        <ele>177.000</ele>
      </trkpt>
      <trkpt lat="44.280780000" lon="4.991680000">
        <ele>177.000</ele>
      </trkpt>
      <trkpt lat="44.280730000" lon="4.991720000">
        <ele>178.000</ele>
      </trkpt>
      <trkpt lat="44.280700000" lon="4.991790000">
        <ele>178.000</ele>
      </trkpt>
      <trkpt lat="44.280690000" lon="4.991860000">
        <ele>178.000</ele>
      </trkpt>
      <trkpt lat="44.280690000" lon="4.991940000">
        <ele>179.000</ele>
      </trkpt>
      <trkpt lat="44.280720000" lon="4.992020000">
        <ele>179.000</ele>
      </trkpt>
      <trkpt lat="44.280720000" lon="4.992120000">
        <ele>180.000</ele>
      </trkpt>
      <trkpt lat="44.280720000" lon="4.992280000">
        <ele>180.000</ele>
      </trkpt>
      <trkpt lat="44.280690000" lon="4.992470000">
        <ele>181.000</ele>
      </trkpt>
      <trkpt lat="44.280690000" lon="4.992670000">
        <ele>181.000</ele>
      </trkpt>
      <trkpt lat="44.280710000" lon="4.992890000">
        <ele>182.000</ele>
      </trkpt>
      <trkpt lat="44.280870000" lon="4.993620000">
        <ele>183.000</ele>
      </trkpt>
      <trkpt lat="44.280910000" lon="4.993890000">
        <ele>184.000</ele>
      </trkpt>
      <trkpt lat="44.280900000" lon="4.994170000">
        <ele>186.000</ele>
      </trkpt>
      <trkpt lat="44.280850000" lon="4.994320000">
        <ele>187.000</ele>
      </trkpt>
      <trkpt lat="44.280770000" lon="4.994450000">
        <ele>187.000</ele>
      </trkpt>
      <trkpt lat="44.280710000" lon="4.994520000">
        <ele>188.000</ele>
      </trkpt>
      <trkpt lat="44.280600000" lon="4.994590000">
        <ele>189.000</ele>
      </trkpt>
      <trkpt lat="44.280430000" lon="4.994630000">
        <ele>190.000</ele>
      </trkpt>
      <trkpt lat="44.280190000" lon="4.994660000">
        <ele>191.000</ele>
      </trkpt>
      <trkpt lat="44.279740000" lon="4.994680000">
        <ele>194.000</ele>
      </trkpt>
      <trkpt lat="44.279240000" lon="4.994680000">
        <ele>196.000</ele>
      </trkpt>
      <trkpt lat="44.278730000" lon="4.994600000">
        <ele>200.000</ele>
      </trkpt>
      <trkpt lat="44.278330000" lon="4.994550000">
        <ele>202.000</ele>
      </trkpt>
      <trkpt lat="44.278230000" lon="4.994550000">
        <ele>204.000</ele>
      </trkpt>
      <trkpt lat="44.278150000" lon="4.994570000">
        <ele>205.000</ele>
      </trkpt>
      <trkpt lat="44.278070000" lon="4.994610000">
        <ele>206.000</ele>
      </trkpt>
      <trkpt lat="44.278010000" lon="4.994650000">
        <ele>207.000</ele>
      </trkpt>
      <trkpt lat="44.277960000" lon="4.994700000">
        <ele>207.000</ele>
      </trkpt>
      <trkpt lat="44.277930000" lon="4.994740000">
        <ele>208.000</ele>
      </trkpt>
      <trkpt lat="44.277890000" lon="4.994810000">
        <ele>208.000</ele>
      </trkpt>
      <trkpt lat="44.277850000" lon="4.994900000">
        <ele>208.000</ele>
      </trkpt>
      <trkpt lat="44.277830000" lon="4.994980000">
        <ele>208.000</ele>
      </trkpt>
      <trkpt lat="44.277810000" lon="4.995060000">
        <ele>208.000</ele>
      </trkpt>
      <trkpt lat="44.277810000" lon="4.995150000">
        <ele>209.000</ele>
      </trkpt>
      <trkpt lat="44.277820000" lon="4.995260000">
        <ele>209.000</ele>
      </trkpt>
      <trkpt lat="44.277860000" lon="4.995380000">
        <ele>209.000</ele>
      </trkpt>
      <trkpt lat="44.277890000" lon="4.995450000">
        <ele>209.000</ele>
      </trkpt>
      <trkpt lat="44.277980000" lon="4.995600000">
        <ele>209.000</ele>
      </trkpt>
      <trkpt lat="44.278100000" lon="4.995750000">
        <ele>209.000</ele>
      </trkpt>
      <trkpt lat="44.278290000" lon="4.995980000">
        <ele>210.000</ele>
      </trkpt>
      <trkpt lat="44.278420000" lon="4.996160000">
        <ele>211.000</ele>
      </trkpt>
      <trkpt lat="44.278530000" lon="4.996370000">
        <ele>212.000</ele>
      </trkpt>
      <trkpt lat="44.278580000" lon="4.996580000">
        <ele>213.000</ele>
      </trkpt>
      <trkpt lat="44.278620000" lon="4.996830000">
        <ele>214.000</ele>
      </trkpt>
      <trkpt lat="44.278640000" lon="4.997110000">
        <ele>215.000</ele>
      </trkpt>
      <trkpt lat="44.278620000" lon="4.997370000">
        <ele>216.000</ele>
      </trkpt>
      <trkpt lat="44.278560000" lon="4.997990000">
        <ele>219.000</ele>
      </trkpt>
      <trkpt lat="44.278420000" lon="4.997920000">
        <ele>220.000</ele>
      </trkpt>
      <trkpt lat="44.278380000" lon="4.997920000">
        <ele>222.000</ele>
      </trkpt>
      <trkpt lat="44.278350000" lon="4.997930000">
        <ele>223.000</ele>
      </trkpt>
      <trkpt lat="44.278280000" lon="4.997790000">
        <ele>224.000</ele>
      </trkpt>
      <trkpt lat="44.278250000" lon="4.997630000">
        <ele>224.000</ele>
      </trkpt>
      <trkpt lat="44.278250000" lon="4.997630000">
        <ele>225.000</ele>
      </trkpt>
      <trkpt lat="44.278280000" lon="4.997790000">
        <ele>225.000</ele>
      </trkpt>
      <trkpt lat="44.278350000" lon="4.997930000">
        <ele>225.000</ele>
      </trkpt>
      <trkpt lat="44.278380000" lon="4.997920000">
        <ele>225.000</ele>
      </trkpt>
      <trkpt lat="44.278420000" lon="4.997920000">
        <ele>226.000</ele>
      </trkpt>
      <trkpt lat="44.278560000" lon="4.997990000">
        <ele>226.000</ele>
      </trkpt>
      <trkpt lat="44.278530000" lon="4.998190000">
        <ele>226.000</ele>
      </trkpt>
      <trkpt lat="44.278490000" lon="4.998430000">
        <ele>227.000</ele>
      </trkpt>
      <trkpt lat="44.278370000" lon="4.998820000">
        <ele>227.000</ele>
      </trkpt>
      <trkpt lat="44.278270000" lon="4.999030000">
        <ele>227.000</ele>
      </trkpt>
      <trkpt lat="44.278130000" lon="4.999200000">
        <ele>228.000</ele>
      </trkpt>
      <trkpt lat="44.278020000" lon="4.999300000">
        <ele>228.000</ele>
      </trkpt>
      <trkpt lat="44.277920000" lon="4.999380000">
        <ele>229.000</ele>
      </trkpt>
      <trkpt lat="44.277770000" lon="4.999450000">
        <ele>229.000</ele>
      </trkpt>
      <trkpt lat="44.277590000" lon="4.999490000">
        <ele>230.000</ele>
      </trkpt>
      <trkpt lat="44.277410000" lon="4.999480000">
        <ele>231.000</ele>
      </trkpt>
      <trkpt lat="44.277320000" lon="4.999470000">
        <ele>231.000</ele>
      </trkpt>
      <trkpt lat="44.277190000" lon="4.999460000">
        <ele>232.000</ele>
      </trkpt>
      <trkpt lat="44.276820000" lon="4.999380000">
        <ele>233.000</ele>
      </trkpt>
      <trkpt lat="44.276470000" lon="4.999270000">
        <ele>234.000</ele>
      </trkpt>
      <trkpt lat="44.276100000" lon="4.999140000">
        <ele>236.000</ele>
      </trkpt>
      <trkpt lat="44.275910000" lon="4.999090000">
        <ele>237.000</ele>
      </trkpt>
      <trkpt lat="44.275720000" lon="4.999080000">
        <ele>239.000</ele>
      </trkpt>
      <trkpt lat="44.275570000" lon="4.999090000">
        <ele>240.000</ele>
      </trkpt>
      <trkpt lat="44.275370000" lon="4.999170000">
        <ele>241.000</ele>
      </trkpt>
      <trkpt lat="44.275220000" lon="4.999270000">
        <ele>243.000</ele>
      </trkpt>
      <trkpt lat="44.275130000" lon="4.999350000">
        <ele>244.000</ele>
      </trkpt>
      <trkpt lat="44.274990000" lon="4.999520000">
        <ele>245.000</ele>
      </trkpt>
      <trkpt lat="44.274890000" lon="4.999700000">
        <ele>247.000</ele>
      </trkpt>
      <trkpt lat="44.274840000" lon="4.999830000">
        <ele>248.000</ele>
      </trkpt>
      <trkpt lat="44.274790000" lon="5.000000000">
        <ele>249.000</ele>
      </trkpt>
      <trkpt lat="44.274690000" lon="5.000560000">
        <ele>251.000</ele>
      </trkpt>
      <trkpt lat="44.274450000" lon="5.002500000">
        <ele>254.000</ele>
      </trkpt>
      <trkpt lat="44.274410000" lon="5.002670000">
        <ele>256.000</ele>
      </trkpt>
      <trkpt lat="44.274400000" lon="5.002750000">
        <ele>258.000</ele>
      </trkpt>
      <trkpt lat="44.274320000" lon="5.003040000">
        <ele>259.000</ele>
      </trkpt>
      <trkpt lat="44.274220000" lon="5.003320000">
        <ele>260.000</ele>
      </trkpt>
      <trkpt lat="44.273870000" lon="5.004210000">
        <ele>263.000</ele>
      </trkpt>
      <trkpt lat="44.273770000" lon="5.004540000">
        <ele>265.000</ele>
      </trkpt>
      <trkpt lat="44.273680000" lon="5.004960000">
        <ele>268.000</ele>
      </trkpt>
      <trkpt lat="44.273630000" lon="5.005390000">
        <ele>270.000</ele>
      </trkpt>
      <trkpt lat="44.273600000" lon="5.005780000">
        <ele>271.000</ele>
      </trkpt>
      <trkpt lat="44.273610000" lon="5.006150000">
        <ele>272.000</ele>
      </trkpt>
      <trkpt lat="44.273640000" lon="5.006410000">
        <ele>273.000</ele>
      </trkpt>
      <trkpt lat="44.273820000" lon="5.007590000">
        <ele>273.000</ele>
      </trkpt>
      <trkpt lat="44.273960000" lon="5.008600000">
        <ele>273.000</ele>
      </trkpt>
      <trkpt lat="44.274060000" lon="5.009380000">
        <ele>272.000</ele>
      </trkpt>
      <trkpt lat="44.274100000" lon="5.009650000">
        <ele>272.000</ele>
      </trkpt>
      <trkpt lat="44.274120000" lon="5.009950000">
        <ele>271.000</ele>
      </trkpt>
      <trkpt lat="44.274120000" lon="5.010220000">
        <ele>270.000</ele>
      </trkpt>
      <trkpt lat="44.274100000" lon="5.010470000">
        <ele>269.000</ele>
      </trkpt>
      <trkpt lat="44.273990000" lon="5.011340000">
        <ele>267.000</ele>
      </trkpt>
      <trkpt lat="44.273930000" lon="5.011850000">
        <ele>265.000</ele>
      </trkpt>
      <trkpt lat="44.273860000" lon="5.012340000">
        <ele>264.000</ele>
      </trkpt>
      <trkpt lat="44.273780000" lon="5.012690000">
        <ele>263.000</ele>
      </trkpt>
      <trkpt lat="44.273610000" lon="5.013040000">
        <ele>262.000</ele>
      </trkpt>
      <trkpt lat="44.273400000" lon="5.013300000">
        <ele>261.000</ele>
      </trkpt>
      <trkpt lat="44.272440000" lon="5.014430000">
        <ele>259.000</ele>
      </trkpt>
      <trkpt lat="44.272120000" lon="5.014860000">
        <ele>258.000</ele>
      </trkpt>
      <trkpt lat="44.271510000" lon="5.015620000">
        <ele>257.000</ele>
      </trkpt>
      <trkpt lat="44.271410000" lon="5.015760000">
        <ele>256.000</ele>
      </trkpt>
      <trkpt lat="44.270490000" lon="5.016970000">
        <ele>256.000</ele>
      </trkpt>
      <trkpt lat="44.270260000" lon="5.017240000">
        <ele>255.000</ele>
      </trkpt>
      <trkpt lat="44.270050000" lon="5.017450000">
        <ele>253.000</ele>
      </trkpt>
      <trkpt lat="44.269760000" lon="5.017720000">
        <ele>252.000</ele>
      </trkpt>
      <trkpt lat="44.269550000" lon="5.017890000">
        <ele>250.000</ele>
      </trkpt>
      <trkpt lat="44.269360000" lon="5.018010000">
        <ele>249.000</ele>
      </trkpt>
      <trkpt lat="44.269100000" lon="5.018150000">
        <ele>247.000</ele>
      </trkpt>
      <trkpt lat="44.268100000" lon="5.018670000">
        <ele>244.000</ele>
      </trkpt>
      <trkpt lat="44.267860000" lon="5.018770000">
        <ele>242.000</ele>
      </trkpt>
      <trkpt lat="44.267610000" lon="5.018830000">
        <ele>240.000</ele>
      </trkpt>
      <trkpt lat="44.267340000" lon="5.018880000">
        <ele>239.000</ele>
      </trkpt>
      <trkpt lat="44.266640000" lon="5.018980000">
        <ele>238.000</ele>
      </trkpt>
      <trkpt lat="44.266310000" lon="5.019050000">
        <ele>237.000</ele>
      </trkpt>
      <trkpt lat="44.266210000" lon="5.019060000">
        <ele>236.000</ele>
      </trkpt>
      <trkpt lat="44.265780000" lon="5.019140000">
        <ele>234.000</ele>
      </trkpt>
      <trkpt lat="44.265450000" lon="5.019220000">
        <ele>232.000</ele>
      </trkpt>
      <trkpt lat="44.265170000" lon="5.019320000">
        <ele>230.000</ele>
      </trkpt>
      <trkpt lat="44.264960000" lon="5.019440000">
        <ele>228.000</ele>
      </trkpt>
      <trkpt lat="44.264450000" lon="5.019800000">
        <ele>226.000</ele>
      </trkpt>
      <trkpt lat="44.264070000" lon="5.020100000">
        <ele>223.000</ele>
      </trkpt>
      <trkpt lat="44.264010000" lon="5.020140000">
        <ele>221.000</ele>
      </trkpt>
      <trkpt lat="44.263680000" lon="5.020370000">
        <ele>220.000</ele>
      </trkpt>
      <trkpt lat="44.263530000" lon="5.020450000">
        <ele>218.000</ele>
      </trkpt>
      <trkpt lat="44.263180000" lon="5.020620000">
        <ele>216.000</ele>
      </trkpt>
      <trkpt lat="44.262340000" lon="5.021050000">
        <ele>214.000</ele>
      </trkpt>
      <trkpt lat="44.261710000" lon="5.021370000">
        <ele>211.000</ele>
      </trkpt>
      <trkpt lat="44.261330000" lon="5.021570000">
        <ele>209.000</ele>
      </trkpt>
      <trkpt lat="44.261010000" lon="5.021770000">
        <ele>206.000</ele>
      </trkpt>
      <trkpt lat="44.260860000" lon="5.021900000">
        <ele>205.000</ele>
      </trkpt>
      <trkpt lat="44.260800000" lon="5.021960000">
        <ele>203.000</ele>
      </trkpt>
      <trkpt lat="44.260750000" lon="5.022030000">
        <ele>202.000</ele>
      </trkpt>
      <trkpt lat="44.259970000" lon="5.023070000">
        <ele>200.000</ele>
      </trkpt>
      <trkpt lat="44.259510000" lon="5.023690000">
        <ele>198.000</ele>
      </trkpt>
      <trkpt lat="44.258820000" lon="5.024620000">
        <ele>197.000</ele>
      </trkpt>
      <trkpt lat="44.258760000" lon="5.024590000">
        <ele>196.000</ele>
      </trkpt>
      <trkpt lat="44.258500000" lon="5.024430000">
        <ele>195.000</ele>
      </trkpt>
      <trkpt lat="44.258320000" lon="5.024290000">
        <ele>194.000</ele>
      </trkpt>
      <trkpt lat="44.258080000" lon="5.024060000">
        <ele>194.000</ele>
      </trkpt>
      <trkpt lat="44.257920000" lon="5.023940000">
        <ele>193.000</ele>
      </trkpt>
      <trkpt lat="44.257760000" lon="5.023840000">
        <ele>193.000</ele>
      </trkpt>
      <trkpt lat="44.257590000" lon="5.023770000">
        <ele>193.000</ele>
      </trkpt>
      <trkpt lat="44.257310000" lon="5.023660000">
        <ele>192.000</ele>
      </trkpt>
      <trkpt lat="44.257100000" lon="5.023610000">
        <ele>192.000</ele>
      </trkpt>
      <trkpt lat="44.256940000" lon="5.023550000">
        <ele>192.000</ele>
      </trkpt>
      <trkpt lat="44.256750000" lon="5.023430000">
        <ele>191.000</ele>
      </trkpt>
      <trkpt lat="44.256370000" lon="5.023000000">
        <ele>191.000</ele>
      </trkpt>
      <trkpt lat="44.255860000" lon="5.022480000">
        <ele>190.000</ele>
      </trkpt>
      <trkpt lat="44.255260000" lon="5.022010000">
        <ele>189.000</ele>
      </trkpt>
      <trkpt lat="44.255160000" lon="5.021920000">
        <ele>189.000</ele>
      </trkpt>
      <trkpt lat="44.254130000" lon="5.021030000">
        <ele>187.000</ele>
      </trkpt>
      <trkpt lat="44.253380000" lon="5.020610000">
        <ele>186.000</ele>
      </trkpt>
      <trkpt lat="44.252380000" lon="5.019950000">
        <ele>184.000</ele>
      </trkpt>
      <trkpt lat="44.252160000" lon="5.019810000">
        <ele>182.000</ele>
      </trkpt>
      <trkpt lat="44.251780000" lon="5.019580000">
        <ele>181.000</ele>
      </trkpt>
      <trkpt lat="44.251290000" lon="5.019280000">
        <ele>179.000</ele>
      </trkpt>
      <trkpt lat="44.250860000" lon="5.019080000">
        <ele>178.000</ele>
      </trkpt>
      <trkpt lat="44.250520000" lon="5.018930000">
        <ele>177.000</ele>
      </trkpt>
      <trkpt lat="44.250400000" lon="5.018890000">
        <ele>177.000</ele>
      </trkpt>
      <trkpt lat="44.250240000" lon="5.018820000">
        <ele>176.000</ele>
      </trkpt>
      <trkpt lat="44.250030000" lon="5.018740000">
        <ele>176.000</ele>
      </trkpt>
      <trkpt lat="44.249720000" lon="5.018630000">
        <ele>175.000</ele>
      </trkpt>
      <trkpt lat="44.249660000" lon="5.018600000">
        <ele>175.000</ele>
      </trkpt>
      <trkpt lat="44.249290000" lon="5.018470000">
        <ele>174.000</ele>
      </trkpt>
      <trkpt lat="44.248870000" lon="5.018290000">
        <ele>174.000</ele>
      </trkpt>
      <trkpt lat="44.248620000" lon="5.018170000">
        <ele>173.000</ele>
      </trkpt>
      <trkpt lat="44.248380000" lon="5.018080000">
        <ele>173.000</ele>
      </trkpt>
      <trkpt lat="44.247800000" lon="5.017850000">
        <ele>172.000</ele>
      </trkpt>
      <trkpt lat="44.247180000" lon="5.017660000">
        <ele>172.000</ele>
      </trkpt>
      <trkpt lat="44.246940000" lon="5.017600000">
        <ele>171.000</ele>
      </trkpt>
      <trkpt lat="44.246640000" lon="5.017540000">
        <ele>171.000</ele>
      </trkpt>
      <trkpt lat="44.246420000" lon="5.017520000">
        <ele>171.000</ele>
      </trkpt>
      <trkpt lat="44.246000000" lon="5.017500000">
        <ele>171.000</ele>
      </trkpt>
      <trkpt lat="44.245760000" lon="5.017480000">
        <ele>171.000</ele>
      </trkpt>
      <trkpt lat="44.245620000" lon="5.017460000">
        <ele>171.000</ele>
      </trkpt>
      <trkpt lat="44.245540000" lon="5.017440000">
        <ele>171.000</ele>
      </trkpt>
      <trkpt lat="44.245470000" lon="5.017420000">
        <ele>171.000</ele>
      </trkpt>
      <trkpt lat="44.245390000" lon="5.017390000">
        <ele>171.000</ele>
      </trkpt>
      <trkpt lat="44.245220000" lon="5.017350000">
        <ele>170.000</ele>
      </trkpt>
      <trkpt lat="44.245150000" lon="5.017340000">
        <ele>170.000</ele>
      </trkpt>
      <trkpt lat="44.245080000" lon="5.017340000">
        <ele>170.000</ele>
      </trkpt>
      <trkpt lat="44.245040000" lon="5.017340000">
        <ele>170.000</ele>
      </trkpt>
      <trkpt lat="44.245010000" lon="5.017310000">
        <ele>169.000</ele>
      </trkpt>
      <trkpt lat="44.244970000" lon="5.017300000">
        <ele>169.000</ele>
      </trkpt>
      <trkpt lat="44.244940000" lon="5.017300000">
        <ele>169.000</ele>
      </trkpt>
      <trkpt lat="44.244900000" lon="5.017310000">
        <ele>169.000</ele>
      </trkpt>
      <trkpt lat="44.244870000" lon="5.017330000">
        <ele>169.000</ele>
      </trkpt>
      <trkpt lat="44.244850000" lon="5.017370000">
        <ele>169.000</ele>
      </trkpt>
      <trkpt lat="44.244830000" lon="5.017410000">
        <ele>169.000</ele>
      </trkpt>
      <trkpt lat="44.244820000" lon="5.017440000">
        <ele>168.000</ele>
      </trkpt>
      <trkpt lat="44.244770000" lon="5.017470000">
        <ele>168.000</ele>
      </trkpt>
      <trkpt lat="44.244730000" lon="5.017490000">
        <ele>168.000</ele>
      </trkpt>
      <trkpt lat="44.244650000" lon="5.017520000">
        <ele>168.000</ele>
      </trkpt>
      <trkpt lat="44.243800000" lon="5.017340000">
        <ele>167.000</ele>
      </trkpt>
      <trkpt lat="44.243070000" lon="5.017180000">
        <ele>165.000</ele>
      </trkpt>
      <trkpt lat="44.242160000" lon="5.016990000">
        <ele>164.000</ele>
      </trkpt>
      <trkpt lat="44.241990000" lon="5.016950000">
        <ele>163.000</ele>
      </trkpt>
      <trkpt lat="44.241760000" lon="5.016900000">
        <ele>163.000</ele>
      </trkpt>
      <trkpt lat="44.241310000" lon="5.016810000">
        <ele>162.000</ele>
      </trkpt>
      <trkpt lat="44.240470000" lon="5.016630000">
        <ele>162.000</ele>
      </trkpt>
      <trkpt lat="44.240310000" lon="5.016600000">
        <ele>162.000</ele>
      </trkpt>
      <trkpt lat="44.240160000" lon="5.016570000">
        <ele>162.000</ele>
      </trkpt>
      <trkpt lat="44.239130000" lon="5.016450000">
        <ele>163.000</ele>
      </trkpt>
      <trkpt lat="44.238810000" lon="5.016410000">
        <ele>164.000</ele>
      </trkpt>
      <trkpt lat="44.238110000" lon="5.016330000">
        <ele>165.000</ele>
      </trkpt>
      <trkpt lat="44.238010000" lon="5.016320000">
        <ele>165.000</ele>
      </trkpt>
      <trkpt lat="44.237860000" lon="5.016310000">
        <ele>166.000</ele>
      </trkpt>
      <trkpt lat="44.237640000" lon="5.016310000">
        <ele>166.000</ele>
      </trkpt>
      <trkpt lat="44.237410000" lon="5.016330000">
        <ele>166.000</ele>
      </trkpt>
      <trkpt lat="44.237130000" lon="5.016390000">
        <ele>166.000</ele>
      </trkpt>
      <trkpt lat="44.236060000" lon="5.016620000">
        <ele>165.000</ele>
      </trkpt>
      <trkpt lat="44.235270000" lon="5.016800000">
        <ele>165.000</ele>
      </trkpt>
      <trkpt lat="44.234970000" lon="5.016860000">
        <ele>164.000</ele>
      </trkpt>
      <trkpt lat="44.234750000" lon="5.016880000">
        <ele>163.000</ele>
      </trkpt>
      <trkpt lat="44.234410000" lon="5.016860000">
        <ele>163.000</ele>
      </trkpt>
      <trkpt lat="44.234160000" lon="5.016820000">
        <ele>162.000</ele>
      </trkpt>
      <trkpt lat="44.234030000" lon="5.016770000">
        <ele>162.000</ele>
      </trkpt>
      <trkpt lat="44.233930000" lon="5.016760000">
        <ele>162.000</ele>
      </trkpt>
      <trkpt lat="44.233850000" lon="5.016790000">
        <ele>162.000</ele>
      </trkpt>
      <trkpt lat="44.233760000" lon="5.016820000">
        <ele>162.000</ele>
      </trkpt>
      <trkpt lat="44.233680000" lon="5.016840000">
        <ele>162.000</ele>
      </trkpt>
      <trkpt lat="44.233610000" lon="5.016850000">
        <ele>162.000</ele>
      </trkpt>
      <trkpt lat="44.233540000" lon="5.016840000">
        <ele>162.000</ele>
      </trkpt>
      <trkpt lat="44.233480000" lon="5.016860000">
        <ele>162.000</ele>
      </trkpt>
      <trkpt lat="44.233420000" lon="5.016900000">
        <ele>162.000</ele>
      </trkpt>
      <trkpt lat="44.233380000" lon="5.016910000">
        <ele>162.000</ele>
      </trkpt>
      <trkpt lat="44.233330000" lon="5.016920000">
        <ele>162.000</ele>
      </trkpt>
      <trkpt lat="44.233270000" lon="5.016910000">
        <ele>162.000</ele>
      </trkpt>
      <trkpt lat="44.233220000" lon="5.016880000">
        <ele>162.000</ele>
      </trkpt>
      <trkpt lat="44.233020000" lon="5.016700000">
        <ele>163.000</ele>
      </trkpt>
      <trkpt lat="44.232730000" lon="5.016420000">
        <ele>163.000</ele>
      </trkpt>
      <trkpt lat="44.232540000" lon="5.016260000">
        <ele>163.000</ele>
      </trkpt>
      <trkpt lat="44.232530000" lon="5.016230000">
        <ele>163.000</ele>
      </trkpt>
      <trkpt lat="44.232430000" lon="5.016100000">
        <ele>163.000</ele>
      </trkpt>
      <trkpt lat="44.232210000" lon="5.015830000">
        <ele>163.000</ele>
      </trkpt>
      <trkpt lat="44.232050000" lon="5.015640000">
        <ele>163.000</ele>
      </trkpt>
      <trkpt lat="44.231920000" lon="5.015500000">
        <ele>163.000</ele>
      </trkpt>
      <trkpt lat="44.231760000" lon="5.015350000">
        <ele>163.000</ele>
      </trkpt>
      <trkpt lat="44.231540000" lon="5.015160000">
        <ele>163.000</ele>
      </trkpt>
      <trkpt lat="44.231200000" lon="5.014900000">
        <ele>162.000</ele>
      </trkpt>
      <trkpt lat="44.230740000" lon="5.014590000">
        <ele>162.000</ele>
      </trkpt>
      <trkpt lat="44.230430000" lon="5.014400000">
        <ele>162.000</ele>
      </trkpt>
      <trkpt lat="44.230090000" lon="5.014200000">
        <ele>161.000</ele>
      </trkpt>
      <trkpt lat="44.229750000" lon="5.013970000">
        <ele>161.000</ele>
      </trkpt>
      <trkpt lat="44.229360000" lon="5.013670000">
        <ele>160.000</ele>
      </trkpt>
      <trkpt lat="44.228960000" lon="5.013380000">
        <ele>160.000</ele>
      </trkpt>
      <trkpt lat="44.228760000" lon="5.013230000">
        <ele>159.000</ele>
      </trkpt>
      <trkpt lat="44.228400000" lon="5.012980000">
        <ele>159.000</ele>
      </trkpt>
      <trkpt lat="44.227970000" lon="5.012640000">
        <ele>159.000</ele>
      </trkpt>
      <trkpt lat="44.227760000" lon="5.012460000">
        <ele>158.000</ele>
      </trkpt>
      <trkpt lat="44.227560000" lon="5.012250000">
        <ele>158.000</ele>
      </trkpt>
      <trkpt lat="44.227300000" lon="5.011950000">
        <ele>158.000</ele>
      </trkpt>
      <trkpt lat="44.226570000" lon="5.011110000">
        <ele>158.000</ele>
      </trkpt>
      <trkpt lat="44.226270000" lon="5.010770000">
        <ele>157.000</ele>
      </trkpt>
      <trkpt lat="44.226090000" lon="5.010580000">
        <ele>157.000</ele>
      </trkpt>
      <trkpt lat="44.225910000" lon="5.010410000">
        <ele>157.000</ele>
      </trkpt>
      <trkpt lat="44.225570000" lon="5.010140000">
        <ele>157.000</ele>
      </trkpt>
      <trkpt lat="44.225330000" lon="5.009950000">
        <ele>157.000</ele>
      </trkpt>
      <trkpt lat="44.225090000" lon="5.009750000">
        <ele>156.000</ele>
      </trkpt>
      <trkpt lat="44.224760000" lon="5.009460000">
        <ele>156.000</ele>
      </trkpt>
      <trkpt lat="44.224750000" lon="5.009460000">
        <ele>156.000</ele>
      </trkpt>
      <trkpt lat="44.224260000" lon="5.008990000">
        <ele>155.000</ele>
      </trkpt>
      <trkpt lat="44.224190000" lon="5.008920000">
        <ele>155.000</ele>
      </trkpt>
      <trkpt lat="44.224080000" lon="5.008850000">
        <ele>154.000</ele>
      </trkpt>
      <trkpt lat="44.223870000" lon="5.008690000">
        <ele>154.000</ele>
      </trkpt>
      <trkpt lat="44.223650000" lon="5.008540000">
        <ele>154.000</ele>
      </trkpt>
      <trkpt lat="44.223370000" lon="5.008390000">
        <ele>154.000</ele>
      </trkpt>
      <trkpt lat="44.223190000" lon="5.008300000">
        <ele>153.000</ele>
      </trkpt>
      <trkpt lat="44.222990000" lon="5.008220000">
        <ele>153.000</ele>
      </trkpt>
      <trkpt lat="44.222810000" lon="5.008150000">
        <ele>153.000</ele>
      </trkpt>
      <trkpt lat="44.222610000" lon="5.008090000">
        <ele>153.000</ele>
      </trkpt>
      <trkpt lat="44.222360000" lon="5.008030000">
        <ele>153.000</ele>
      </trkpt>
      <trkpt lat="44.222150000" lon="5.007980000">
        <ele>153.000</ele>
      </trkpt>
      <trkpt lat="44.221940000" lon="5.007930000">
        <ele>153.000</ele>
      </trkpt>
      <trkpt lat="44.221650000" lon="5.007840000">
        <ele>152.000</ele>
      </trkpt>
      <trkpt lat="44.221370000" lon="5.007770000">
        <ele>152.000</ele>
      </trkpt>
      <trkpt lat="44.221300000" lon="5.007750000">
        <ele>152.000</ele>
      </trkpt>
      <trkpt lat="44.220970000" lon="5.007690000">
        <ele>152.000</ele>
      </trkpt>
      <trkpt lat="44.220350000" lon="5.007570000">
        <ele>152.000</ele>
      </trkpt>
      <trkpt lat="44.219970000" lon="5.007520000">
        <ele>152.000</ele>
      </trkpt>
      <trkpt lat="44.219930000" lon="5.007510000">
        <ele>151.000</ele>
      </trkpt>
      <trkpt lat="44.219820000" lon="5.007480000">
        <ele>151.000</ele>
      </trkpt>
      <trkpt lat="44.219540000" lon="5.007440000">
        <ele>151.000</ele>
      </trkpt>
      <trkpt lat="44.219360000" lon="5.007420000">
        <ele>150.000</ele>
      </trkpt>
      <trkpt lat="44.218670000" lon="5.007390000">
        <ele>149.000</ele>
      </trkpt>
      <trkpt lat="44.218620000" lon="5.007390000">
        <ele>149.000</ele>
      </trkpt>
      <trkpt lat="44.218450000" lon="5.007370000">
        <ele>148.000</ele>
      </trkpt>
      <trkpt lat="44.218220000" lon="5.007320000">
        <ele>148.000</ele>
      </trkpt>
      <trkpt lat="44.217970000" lon="5.007250000">
        <ele>148.000</ele>
      </trkpt>
      <trkpt lat="44.217750000" lon="5.007160000">
        <ele>148.000</ele>
      </trkpt>
      <trkpt lat="44.217560000" lon="5.007070000">
        <ele>148.000</ele>
      </trkpt>
      <trkpt lat="44.217390000" lon="5.006970000">
        <ele>148.000</ele>
      </trkpt>
      <trkpt lat="44.217330000" lon="5.006940000">
        <ele>148.000</ele>
      </trkpt>
      <trkpt lat="44.215910000" lon="5.006100000">
        <ele>148.000</ele>
      </trkpt>
      <trkpt lat="44.215210000" lon="5.005680000">
        <ele>147.000</ele>
      </trkpt>
      <trkpt lat="44.214120000" lon="5.005030000">
        <ele>146.000</ele>
      </trkpt>
      <trkpt lat="44.213890000" lon="5.004900000">
        <ele>146.000</ele>
      </trkpt>
      <trkpt lat="44.213340000" lon="5.004590000">
        <ele>145.000</ele>
      </trkpt>
      <trkpt lat="44.212680000" lon="5.004230000">
        <ele>145.000</ele>
      </trkpt>
      <trkpt lat="44.212330000" lon="5.004040000">
        <ele>144.000</ele>
      </trkpt>
      <trkpt lat="44.211520000" lon="5.003600000">
        <ele>144.000</ele>
      </trkpt>
      <trkpt lat="44.210810000" lon="5.003170000">
        <ele>144.000</ele>
      </trkpt>
      <trkpt lat="44.210560000" lon="5.003030000">
        <ele>144.000</ele>
      </trkpt>
      <trkpt lat="44.210300000" lon="5.002860000">
        <ele>143.000</ele>
      </trkpt>
      <trkpt lat="44.209870000" lon="5.002600000">
        <ele>143.000</ele>
      </trkpt>
      <trkpt lat="44.209250000" lon="5.002210000">
        <ele>142.000</ele>
      </trkpt>
      <trkpt lat="44.209000000" lon="5.002060000">
        <ele>141.000</ele>
      </trkpt>
      <trkpt lat="44.208540000" lon="5.001800000">
        <ele>140.000</ele>
      </trkpt>
      <trkpt lat="44.208360000" lon="5.001730000">
        <ele>140.000</ele>
      </trkpt>
      <trkpt lat="44.208150000" lon="5.001650000">
        <ele>139.000</ele>
      </trkpt>
      <trkpt lat="44.207420000" lon="5.001410000">
        <ele>139.000</ele>
      </trkpt>
      <trkpt lat="44.206900000" lon="5.001240000">
        <ele>139.000</ele>
      </trkpt>
      <trkpt lat="44.205590000" lon="5.000850000">
        <ele>139.000</ele>
      </trkpt>
      <trkpt lat="44.205190000" lon="5.000680000">
        <ele>138.000</ele>
      </trkpt>
      <trkpt lat="44.205060000" lon="5.000620000">
        <ele>138.000</ele>
      </trkpt>
      <trkpt lat="44.205040000" lon="5.000610000">
        <ele>138.000</ele>
      </trkpt>
      <trkpt lat="44.204690000" lon="5.000460000">
        <ele>138.000</ele>
      </trkpt>
      <trkpt lat="44.204560000" lon="5.000400000">
        <ele>137.000</ele>
      </trkpt>
      <trkpt lat="44.204250000" lon="5.000270000">
        <ele>137.000</ele>
      </trkpt>
      <trkpt lat="44.203830000" lon="5.000130000">
        <ele>136.000</ele>
      </trkpt>
      <trkpt lat="44.202830000" lon="4.999720000">
        <ele>136.000</ele>
      </trkpt>
      <trkpt lat="44.202230000" lon="4.999480000">
        <ele>136.000</ele>
      </trkpt>
      <trkpt lat="44.201880000" lon="4.999340000">
        <ele>135.000</ele>
      </trkpt>
      <trkpt lat="44.201220000" lon="4.999110000">
        <ele>135.000</ele>
      </trkpt>
      <trkpt lat="44.200940000" lon="4.999070000">
        <ele>134.000</ele>
      </trkpt>
      <trkpt lat="44.200770000" lon="4.999070000">
        <ele>134.000</ele>
      </trkpt>
      <trkpt lat="44.200580000" lon="4.999060000">
        <ele>134.000</ele>
      </trkpt>
      <trkpt lat="44.199310000" lon="4.999130000">
        <ele>133.000</ele>
      </trkpt>
      <trkpt lat="44.198140000" lon="4.999150000">
        <ele>133.000</ele>
      </trkpt>
      <trkpt lat="44.197980000" lon="4.999150000">
        <ele>132.000</ele>
      </trkpt>
      <trkpt lat="44.197760000" lon="4.999110000">
        <ele>132.000</ele>
      </trkpt>
      <trkpt lat="44.197530000" lon="4.999040000">
        <ele>131.000</ele>
      </trkpt>
      <trkpt lat="44.197360000" lon="4.998970000">
        <ele>131.000</ele>
      </trkpt>
      <trkpt lat="44.197050000" lon="4.998820000">
        <ele>131.000</ele>
      </trkpt>
      <trkpt lat="44.195970000" lon="4.998270000">
        <ele>130.000</ele>
      </trkpt>
      <trkpt lat="44.194400000" lon="4.997480000">
        <ele>129.000</ele>
      </trkpt>
      <trkpt lat="44.194110000" lon="4.997320000">
        <ele>129.000</ele>
      </trkpt>
      <trkpt lat="44.194040000" lon="4.997250000">
        <ele>128.000</ele>
      </trkpt>
      <trkpt lat="44.193970000" lon="4.997170000">
        <ele>128.000</ele>
      </trkpt>
      <trkpt lat="44.193810000" lon="4.997050000">
        <ele>128.000</ele>
      </trkpt>
      <trkpt lat="44.193760000" lon="4.997000000">
        <ele>127.000</ele>
      </trkpt>
      <trkpt lat="44.193730000" lon="4.996920000">
        <ele>127.000</ele>
      </trkpt>
      <trkpt lat="44.193710000" lon="4.996830000">
        <ele>127.000</ele>
      </trkpt>
      <trkpt lat="44.193710000" lon="4.996780000">
        <ele>127.000</ele>
      </trkpt>
      <trkpt lat="44.193700000" lon="4.996730000">
        <ele>127.000</ele>
      </trkpt>
      <trkpt lat="44.193690000" lon="4.996680000">
        <ele>127.000</ele>
      </trkpt>
      <trkpt lat="44.193660000" lon="4.996630000">
        <ele>127.000</ele>
      </trkpt>
      <trkpt lat="44.193630000" lon="4.996600000">
        <ele>127.000</ele>
      </trkpt>
      <trkpt lat="44.193590000" lon="4.996580000">
        <ele>127.000</ele>
      </trkpt>
      <trkpt lat="44.193520000" lon="4.996510000">
        <ele>127.000</ele>
      </trkpt>
      <trkpt lat="44.193470000" lon="4.996400000">
        <ele>127.000</ele>
      </trkpt>
      <trkpt lat="44.193380000" lon="4.996090000">
        <ele>127.000</ele>
      </trkpt>
      <trkpt lat="44.193350000" lon="4.995880000">
        <ele>127.000</ele>
      </trkpt>
      <trkpt lat="44.193290000" lon="4.995410000">
        <ele>127.000</ele>
      </trkpt>
      <trkpt lat="44.193220000" lon="4.994960000">
        <ele>126.000</ele>
      </trkpt>
      <trkpt lat="44.193150000" lon="4.994580000">
        <ele>126.000</ele>
      </trkpt>
      <trkpt lat="44.193100000" lon="4.994330000">
        <ele>125.000</ele>
      </trkpt>
      <trkpt lat="44.193010000" lon="4.994010000">
        <ele>125.000</ele>
      </trkpt>
      <trkpt lat="44.192820000" lon="4.993440000">
        <ele>124.000</ele>
      </trkpt>
      <trkpt lat="44.192700000" lon="4.993120000">
        <ele>124.000</ele>
      </trkpt>
      <trkpt lat="44.192580000" lon="4.992770000">
        <ele>123.000</ele>
      </trkpt>
      <trkpt lat="44.192470000" lon="4.992430000">
        <ele>122.000</ele>
      </trkpt>
      <trkpt lat="44.192400000" lon="4.992120000">
        <ele>122.000</ele>
      </trkpt>
      <trkpt lat="44.192350000" lon="4.991820000">
        <ele>122.000</ele>
      </trkpt>
      <trkpt lat="44.192320000" lon="4.991480000">
        <ele>121.000</ele>
      </trkpt>
      <trkpt lat="44.192320000" lon="4.991360000">
        <ele>121.000</ele>
      </trkpt>
      <trkpt lat="44.192320000" lon="4.991160000">
        <ele>121.000</ele>
      </trkpt>
      <trkpt lat="44.192340000" lon="4.990870000">
        <ele>121.000</ele>
      </trkpt>
      <trkpt lat="44.192380000" lon="4.990610000">
        <ele>121.000</ele>
      </trkpt>
      <trkpt lat="44.192430000" lon="4.990350000">
        <ele>121.000</ele>
      </trkpt>
      <trkpt lat="44.192520000" lon="4.990030000">
        <ele>121.000</ele>
      </trkpt>
      <trkpt lat="44.192920000" lon="4.988750000">
        <ele>120.000</ele>
      </trkpt>
      <trkpt lat="44.193220000" lon="4.987800000">
        <ele>120.000</ele>
      </trkpt>
      <trkpt lat="44.193240000" lon="4.987720000">
        <ele>120.000</ele>
      </trkpt>
      <trkpt lat="44.193940000" lon="4.985500000">
        <ele>120.000</ele>
      </trkpt>
      <trkpt lat="44.194220000" lon="4.984560000">
        <ele>121.000</ele>
      </trkpt>
      <trkpt lat="44.194470000" lon="4.983720000">
        <ele>121.000</ele>
      </trkpt>
      <trkpt lat="44.194640000" lon="4.983170000">
        <ele>122.000</ele>
      </trkpt>
      <trkpt lat="44.194730000" lon="4.982880000">
        <ele>122.000</ele>
      </trkpt>
      <trkpt lat="44.195370000" lon="4.980810000">
        <ele>123.000</ele>
      </trkpt>
      <trkpt lat="44.195490000" lon="4.980480000">
        <ele>123.000</ele>
      </trkpt>
      <trkpt lat="44.195560000" lon="4.980260000">
        <ele>124.000</ele>
      </trkpt>
      <trkpt lat="44.195660000" lon="4.979930000">
        <ele>124.000</ele>
      </trkpt>
      <trkpt lat="44.195700000" lon="4.979780000">
        <ele>124.000</ele>
      </trkpt>
      <trkpt lat="44.195790000" lon="4.979450000">
        <ele>124.000</ele>
      </trkpt>
      <trkpt lat="44.195810000" lon="4.979390000">
        <ele>124.000</ele>
      </trkpt>
      <trkpt lat="44.195870000" lon="4.979360000">
        <ele>124.000</ele>
      </trkpt>
      <trkpt lat="44.195910000" lon="4.979310000">
        <ele>124.000</ele>
      </trkpt>
      <trkpt lat="44.195940000" lon="4.979250000">
        <ele>124.000</ele>
      </trkpt>
      <trkpt lat="44.195950000" lon="4.979160000">
        <ele>124.000</ele>
      </trkpt>
      <trkpt lat="44.195940000" lon="4.979060000">
        <ele>124.000</ele>
      </trkpt>
      <trkpt lat="44.195920000" lon="4.979000000">
        <ele>124.000</ele>
      </trkpt>
      <trkpt lat="44.195880000" lon="4.978950000">
        <ele>124.000</ele>
      </trkpt>
      <trkpt lat="44.195830000" lon="4.978910000">
        <ele>124.000</ele>
      </trkpt>
      <trkpt lat="44.195770000" lon="4.978910000">
        <ele>124.000</ele>
      </trkpt>
      <trkpt lat="44.195710000" lon="4.978920000">
        <ele>124.000</ele>
      </trkpt>
      <trkpt lat="44.195660000" lon="4.978960000">
        <ele>124.000</ele>
      </trkpt>
      <trkpt lat="44.195560000" lon="4.978940000">
        <ele>124.000</ele>
      </trkpt>
      <trkpt lat="44.195480000" lon="4.978910000">
        <ele>124.000</ele>
      </trkpt>
      <trkpt lat="44.195340000" lon="4.978830000">
        <ele>124.000</ele>
      </trkpt>
      <trkpt lat="44.195070000" lon="4.978670000">
        <ele>124.000</ele>
      </trkpt>
      <trkpt lat="44.194730000" lon="4.978490000">
        <ele>124.000</ele>
      </trkpt>
      <trkpt lat="44.194490000" lon="4.978340000">
        <ele>124.000</ele>
      </trkpt>
      <trkpt lat="44.193810000" lon="4.977900000">
        <ele>123.000</ele>
      </trkpt>
      <trkpt lat="44.193410000" lon="4.977630000">
        <ele>123.000</ele>
      </trkpt>
      <trkpt lat="44.192830000" lon="4.977240000">
        <ele>123.000</ele>
      </trkpt>
      <trkpt lat="44.192250000" lon="4.976850000">
        <ele>122.000</ele>
      </trkpt>
      <trkpt lat="44.190850000" lon="4.975920000">
        <ele>122.000</ele>
      </trkpt>
      <trkpt lat="44.190250000" lon="4.975520000">
        <ele>121.000</ele>
      </trkpt>
      <trkpt lat="44.189980000" lon="4.975340000">
        <ele>120.000</ele>
      </trkpt>
      <trkpt lat="44.189690000" lon="4.975170000">
        <ele>120.000</ele>
      </trkpt>
      <trkpt lat="44.189320000" lon="4.974950000">
        <ele>119.000</ele>
      </trkpt>
      <trkpt lat="44.187670000" lon="4.974060000">
        <ele>118.000</ele>
      </trkpt>
      <trkpt lat="44.187100000" lon="4.973740000">
        <ele>117.000</ele>
      </trkpt>
      <trkpt lat="44.186860000" lon="4.973610000">
        <ele>117.000</ele>
      </trkpt>
      <trkpt lat="44.186630000" lon="4.973480000">
        <ele>116.000</ele>
      </trkpt>
      <trkpt lat="44.186410000" lon="4.973330000">
        <ele>116.000</ele>
      </trkpt>
      <trkpt lat="44.186130000" lon="4.973140000">
        <ele>116.000</ele>
      </trkpt>
      <trkpt lat="44.185340000" lon="4.972530000">
        <ele>116.000</ele>
      </trkpt>
      <trkpt lat="44.184830000" lon="4.972140000">
        <ele>115.000</ele>
      </trkpt>
      <trkpt lat="44.184380000" lon="4.971780000">
        <ele>115.000</ele>
      </trkpt>
      <trkpt lat="44.183920000" lon="4.971400000">
        <ele>115.000</ele>
      </trkpt>
      <trkpt lat="44.183720000" lon="4.971220000">
        <ele>114.000</ele>
      </trkpt>
      <trkpt lat="44.183510000" lon="4.971010000">
        <ele>114.000</ele>
      </trkpt>
      <trkpt lat="44.183300000" lon="4.970780000">
        <ele>114.000</ele>
      </trkpt>
      <trkpt lat="44.182970000" lon="4.970380000">
        <ele>113.000</ele>
      </trkpt>
      <trkpt lat="44.182770000" lon="4.970140000">
        <ele>113.000</ele>
      </trkpt>
      <trkpt lat="44.182610000" lon="4.969940000">
        <ele>113.000</ele>
      </trkpt>
      <trkpt lat="44.182440000" lon="4.969720000">
        <ele>113.000</ele>
      </trkpt>
      <trkpt lat="44.182300000" lon="4.969530000">
        <ele>113.000</ele>
      </trkpt>
      <trkpt lat="44.182040000" lon="4.969190000">
        <ele>113.000</ele>
      </trkpt>
      <trkpt lat="44.181350000" lon="4.968220000">
        <ele>112.000</ele>
      </trkpt>
      <trkpt lat="44.181190000" lon="4.968010000">
        <ele>112.000</ele>
      </trkpt>
      <trkpt lat="44.181020000" lon="4.967820000">
        <ele>111.000</ele>
      </trkpt>
      <trkpt lat="44.180920000" lon="4.967720000">
        <ele>111.000</ele>
      </trkpt>
      <trkpt lat="44.180820000" lon="4.967620000">
        <ele>111.000</ele>
      </trkpt>
      <trkpt lat="44.180710000" lon="4.967540000">
        <ele>111.000</ele>
      </trkpt>
      <trkpt lat="44.180540000" lon="4.967410000">
        <ele>111.000</ele>
      </trkpt>
      <trkpt lat="44.180390000" lon="4.967310000">
        <ele>111.000</ele>
      </trkpt>
      <trkpt lat="44.180330000" lon="4.967280000">
        <ele>111.000</ele>
      </trkpt>
      <trkpt lat="44.180010000" lon="4.967100000">
        <ele>111.000</ele>
      </trkpt>
      <trkpt lat="44.179030000" lon="4.966600000">
        <ele>111.000</ele>
      </trkpt>
      <trkpt lat="44.178200000" lon="4.966170000">
        <ele>111.000</ele>
      </trkpt>
      <trkpt lat="44.177430000" lon="4.965750000">
        <ele>110.000</ele>
      </trkpt>
      <trkpt lat="44.176680000" lon="4.965320000">
        <ele>109.000</ele>
      </trkpt>
      <trkpt lat="44.175530000" lon="4.964640000">
        <ele>109.000</ele>
      </trkpt>
      <trkpt lat="44.175220000" lon="4.964450000">
        <ele>108.000</ele>
      </trkpt>
      <trkpt lat="44.174920000" lon="4.964270000">
        <ele>108.000</ele>
      </trkpt>
      <trkpt lat="44.174570000" lon="4.964080000">
        <ele>108.000</ele>
      </trkpt>
      <trkpt lat="44.174300000" lon="4.963940000">
        <ele>108.000</ele>
      </trkpt>
      <trkpt lat="44.173840000" lon="4.963740000">
        <ele>107.000</ele>
      </trkpt>
      <trkpt lat="44.173160000" lon="4.963440000">
        <ele>107.000</ele>
      </trkpt>
      <trkpt lat="44.172710000" lon="4.963250000">
        <ele>107.000</ele>
      </trkpt>
      <trkpt lat="44.172310000" lon="4.963100000">
        <ele>107.000</ele>
      </trkpt>
      <trkpt lat="44.171320000" lon="4.962760000">
        <ele>106.000</ele>
      </trkpt>
      <trkpt lat="44.171160000" lon="4.962650000">
        <ele>106.000</ele>
      </trkpt>
      <trkpt lat="44.171110000" lon="4.962610000">
        <ele>106.000</ele>
      </trkpt>
      <trkpt lat="44.171060000" lon="4.962540000">
        <ele>106.000</ele>
      </trkpt>
      <trkpt lat="44.171050000" lon="4.962510000">
        <ele>105.000</ele>
      </trkpt>
      <trkpt lat="44.171040000" lon="4.962470000">
        <ele>105.000</ele>
      </trkpt>
      <trkpt lat="44.171010000" lon="4.962400000">
        <ele>105.000</ele>
      </trkpt>
      <trkpt lat="44.170960000" lon="4.962350000">
        <ele>105.000</ele>
      </trkpt>
      <trkpt lat="44.170900000" lon="4.962310000">
        <ele>105.000</ele>
      </trkpt>
      <trkpt lat="44.170850000" lon="4.962300000">
        <ele>105.000</ele>
      </trkpt>
      <trkpt lat="44.170800000" lon="4.962310000">
        <ele>105.000</ele>
      </trkpt>
      <trkpt lat="44.170750000" lon="4.962330000">
        <ele>105.000</ele>
      </trkpt>
      <trkpt lat="44.170700000" lon="4.962370000">
        <ele>105.000</ele>
      </trkpt>
      <trkpt lat="44.170660000" lon="4.962440000">
        <ele>105.000</ele>
      </trkpt>
      <trkpt lat="44.170640000" lon="4.962510000">
        <ele>105.000</ele>
      </trkpt>
      <trkpt lat="44.170630000" lon="4.962600000">
        <ele>105.000</ele>
      </trkpt>
      <trkpt lat="44.170630000" lon="4.962650000">
        <ele>105.000</ele>
      </trkpt>
      <trkpt lat="44.170640000" lon="4.962710000">
        <ele>105.000</ele>
      </trkpt>
      <trkpt lat="44.170620000" lon="4.962810000">
        <ele>105.000</ele>
      </trkpt>
      <trkpt lat="44.170600000" lon="4.962860000">
        <ele>104.000</ele>
      </trkpt>
      <trkpt lat="44.170530000" lon="4.962990000">
        <ele>104.000</ele>
      </trkpt>
      <trkpt lat="44.170430000" lon="4.963180000">
        <ele>104.000</ele>
      </trkpt>
      <trkpt lat="44.170210000" lon="4.963500000">
        <ele>104.000</ele>
      </trkpt>
      <trkpt lat="44.170020000" lon="4.963780000">
        <ele>104.000</ele>
      </trkpt>
      <trkpt lat="44.169740000" lon="4.964190000">
        <ele>104.000</ele>
      </trkpt>
      <trkpt lat="44.169490000" lon="4.964560000">
        <ele>104.000</ele>
      </trkpt>
      <trkpt lat="44.169150000" lon="4.965070000">
        <ele>104.000</ele>
      </trkpt>
      <trkpt lat="44.168510000" lon="4.966000000">
        <ele>104.000</ele>
      </trkpt>
      <trkpt lat="44.168090000" lon="4.966610000">
        <ele>104.000</ele>
      </trkpt>
      <trkpt lat="44.167680000" lon="4.967240000">
        <ele>104.000</ele>
      </trkpt>
      <trkpt lat="44.167380000" lon="4.967730000">
        <ele>104.000</ele>
      </trkpt>
      <trkpt lat="44.167100000" lon="4.968190000">
        <ele>105.000</ele>
      </trkpt>
      <trkpt lat="44.166920000" lon="4.968520000">
        <ele>105.000</ele>
      </trkpt>
      <trkpt lat="44.166870000" lon="4.968640000">
        <ele>106.000</ele>
      </trkpt>
      <trkpt lat="44.166450000" lon="4.969450000">
        <ele>107.000</ele>
      </trkpt>
      <trkpt lat="44.165890000" lon="4.970550000">
        <ele>109.000</ele>
      </trkpt>
      <trkpt lat="44.165310000" lon="4.971660000">
        <ele>112.000</ele>
      </trkpt>
      <trkpt lat="44.165240000" lon="4.971800000">
        <ele>114.000</ele>
      </trkpt>
      <trkpt lat="44.165010000" lon="4.972240000">
        <ele>116.000</ele>
      </trkpt>
      <trkpt lat="44.164520000" lon="4.973170000">
        <ele>118.000</ele>
      </trkpt>
      <trkpt lat="44.164350000" lon="4.973470000">
        <ele>120.000</ele>
      </trkpt>
      <trkpt lat="44.164220000" lon="4.973690000">
        <ele>121.000</ele>
      </trkpt>
      <trkpt lat="44.164060000" lon="4.973930000">
        <ele>122.000</ele>
      </trkpt>
      <trkpt lat="44.163850000" lon="4.974290000">
        <ele>123.000</ele>
      </trkpt>
      <trkpt lat="44.163730000" lon="4.974460000">
        <ele>124.000</ele>
      </trkpt>
      <trkpt lat="44.163490000" lon="4.974800000">
        <ele>125.000</ele>
      </trkpt>
      <trkpt lat="44.163310000" lon="4.975050000">
        <ele>126.000</ele>
      </trkpt>
      <trkpt lat="44.163280000" lon="4.975090000">
        <ele>126.000</ele>
      </trkpt>
      <trkpt lat="44.163050000" lon="4.975400000">
        <ele>127.000</ele>
      </trkpt>
      <trkpt lat="44.162930000" lon="4.975560000">
        <ele>127.000</ele>
      </trkpt>
      <trkpt lat="44.162730000" lon="4.975820000">
        <ele>128.000</ele>
      </trkpt>
      <trkpt lat="44.162280000" lon="4.976400000">
        <ele>128.000</ele>
      </trkpt>
      <trkpt lat="44.162070000" lon="4.976660000">
        <ele>129.000</ele>
      </trkpt>
      <trkpt lat="44.161610000" lon="4.977250000">
        <ele>129.000</ele>
      </trkpt>
      <trkpt lat="44.161320000" lon="4.977620000">
        <ele>130.000</ele>
      </trkpt>
      <trkpt lat="44.161100000" lon="4.977860000">
        <ele>130.000</ele>
      </trkpt>
      <trkpt lat="44.160900000" lon="4.978090000">
        <ele>131.000</ele>
      </trkpt>
      <trkpt lat="44.160720000" lon="4.978260000">
        <ele>131.000</ele>
      </trkpt>
      <trkpt lat="44.160540000" lon="4.978420000">
        <ele>131.000</ele>
      </trkpt>
      <trkpt lat="44.160360000" lon="4.978560000">
        <ele>132.000</ele>
      </trkpt>
      <trkpt lat="44.160160000" lon="4.978680000">
        <ele>132.000</ele>
      </trkpt>
      <trkpt lat="44.159940000" lon="4.978810000">
        <ele>132.000</ele>
      </trkpt>
      <trkpt lat="44.159710000" lon="4.978920000">
        <ele>132.000</ele>
      </trkpt>
      <trkpt lat="44.159460000" lon="4.979020000">
        <ele>132.000</ele>
      </trkpt>
      <trkpt lat="44.159200000" lon="4.979110000">
        <ele>132.000</ele>
      </trkpt>
      <trkpt lat="44.158660000" lon="4.979260000">
        <ele>132.000</ele>
      </trkpt>
      <trkpt lat="44.156870000" lon="4.979700000">
        <ele>131.000</ele>
      </trkpt>
      <trkpt lat="44.156570000" lon="4.979780000">
        <ele>130.000</ele>
      </trkpt>
      <trkpt lat="44.156430000" lon="4.979820000">
        <ele>130.000</ele>
      </trkpt>
      <trkpt lat="44.156050000" lon="4.979920000">
        <ele>130.000</ele>
      </trkpt>
      <trkpt lat="44.155830000" lon="4.979990000">
        <ele>130.000</ele>
      </trkpt>
      <trkpt lat="44.155680000" lon="4.980040000">
        <ele>129.000</ele>
      </trkpt>
      <trkpt lat="44.155450000" lon="4.980130000">
        <ele>129.000</ele>
      </trkpt>
      <trkpt lat="44.155190000" lon="4.980270000">
        <ele>129.000</ele>
      </trkpt>
      <trkpt lat="44.154400000" lon="4.980660000">
        <ele>129.000</ele>
      </trkpt>
      <trkpt lat="44.153510000" lon="4.981140000">
        <ele>128.000</ele>
      </trkpt>
      <trkpt lat="44.153340000" lon="4.981230000">
        <ele>128.000</ele>
      </trkpt>
      <trkpt lat="44.153120000" lon="4.981380000">
        <ele>128.000</ele>
      </trkpt>
      <trkpt lat="44.152910000" lon="4.981530000">
        <ele>127.000</ele>
      </trkpt>
      <trkpt lat="44.152680000" lon="4.981740000">
        <ele>127.000</ele>
      </trkpt>
      <trkpt lat="44.151800000" lon="4.982590000">
        <ele>127.000</ele>
      </trkpt>
      <trkpt lat="44.151080000" lon="4.983300000">
        <ele>128.000</ele>
      </trkpt>
      <trkpt lat="44.150780000" lon="4.983560000">
        <ele>128.000</ele>
      </trkpt>
      <trkpt lat="44.150620000" lon="4.983720000">
        <ele>128.000</ele>
      </trkpt>
      <trkpt lat="44.150530000" lon="4.983790000">
        <ele>128.000</ele>
      </trkpt>
      <trkpt lat="44.150450000" lon="4.983850000">
        <ele>128.000</ele>
      </trkpt>
      <trkpt lat="44.150370000" lon="4.983890000">
        <ele>128.000</ele>
      </trkpt>
      <trkpt lat="44.150330000" lon="4.983910000">
        <ele>128.000</ele>
      </trkpt>
      <trkpt lat="44.150240000" lon="4.983950000">
        <ele>128.000</ele>
      </trkpt>
      <trkpt lat="44.150090000" lon="4.983980000">
        <ele>128.000</ele>
      </trkpt>
      <trkpt lat="44.149920000" lon="4.983990000">
        <ele>128.000</ele>
      </trkpt>
      <trkpt lat="44.149710000" lon="4.983970000">
        <ele>128.000</ele>
      </trkpt>
      <trkpt lat="44.149510000" lon="4.983950000">
        <ele>128.000</ele>
      </trkpt>
      <trkpt lat="44.149370000" lon="4.983940000">
        <ele>128.000</ele>
      </trkpt>
      <trkpt lat="44.149190000" lon="4.983930000">
        <ele>127.000</ele>
      </trkpt>
      <trkpt lat="44.149100000" lon="4.983930000">
        <ele>127.000</ele>
      </trkpt>
      <trkpt lat="44.148960000" lon="4.983930000">
        <ele>127.000</ele>
      </trkpt>
      <trkpt lat="44.148700000" lon="4.983970000">
        <ele>127.000</ele>
      </trkpt>
      <trkpt lat="44.148520000" lon="4.983990000">
        <ele>126.000</ele>
      </trkpt>
      <trkpt lat="44.148360000" lon="4.984010000">
        <ele>126.000</ele>
      </trkpt>
      <trkpt lat="44.148190000" lon="4.984060000">
        <ele>126.000</ele>
      </trkpt>
      <trkpt lat="44.148020000" lon="4.984130000">
        <ele>126.000</ele>
      </trkpt>
      <trkpt lat="44.147800000" lon="4.984250000">
        <ele>125.000</ele>
      </trkpt>
      <trkpt lat="44.147690000" lon="4.984330000">
        <ele>125.000</ele>
      </trkpt>
      <trkpt lat="44.147360000" lon="4.984510000">
        <ele>124.000</ele>
      </trkpt>
      <trkpt lat="44.147060000" lon="4.984690000">
        <ele>124.000</ele>
      </trkpt>
      <trkpt lat="44.146250000" lon="4.985180000">
        <ele>123.000</ele>
      </trkpt>
      <trkpt lat="44.146000000" lon="4.985330000">
        <ele>122.000</ele>
      </trkpt>
      <trkpt lat="44.145800000" lon="4.985440000">
        <ele>121.000</ele>
      </trkpt>
      <trkpt lat="44.145590000" lon="4.985550000">
        <ele>120.000</ele>
      </trkpt>
      <trkpt lat="44.145490000" lon="4.985590000">
        <ele>120.000</ele>
      </trkpt>
      <trkpt lat="44.145390000" lon="4.985640000">
        <ele>119.000</ele>
      </trkpt>
      <trkpt lat="44.145210000" lon="4.985710000">
        <ele>119.000</ele>
      </trkpt>
      <trkpt lat="44.144670000" lon="4.985920000">
        <ele>119.000</ele>
      </trkpt>
      <trkpt lat="44.143990000" lon="4.986180000">
        <ele>120.000</ele>
      </trkpt>
      <trkpt lat="44.143140000" lon="4.986500000">
        <ele>120.000</ele>
      </trkpt>
      <trkpt lat="44.142900000" lon="4.986590000">
        <ele>121.000</ele>
      </trkpt>
      <trkpt lat="44.142830000" lon="4.986610000">
        <ele>121.000</ele>
      </trkpt>
      <trkpt lat="44.142740000" lon="4.986650000">
        <ele>121.000</ele>
      </trkpt>
      <trkpt lat="44.142600000" lon="4.986700000">
        <ele>121.000</ele>
      </trkpt>
      <trkpt lat="44.142510000" lon="4.986730000">
        <ele>121.000</ele>
      </trkpt>
      <trkpt lat="44.142410000" lon="4.986750000">
        <ele>121.000</ele>
      </trkpt>
      <trkpt lat="44.142300000" lon="4.986780000">
        <ele>121.000</ele>
      </trkpt>
      <trkpt lat="44.142180000" lon="4.986800000">
        <ele>121.000</ele>
      </trkpt>
      <trkpt lat="44.142050000" lon="4.986800000">
        <ele>121.000</ele>
      </trkpt>
      <trkpt lat="44.141910000" lon="4.986790000">
        <ele>121.000</ele>
      </trkpt>
      <trkpt lat="44.141830000" lon="4.986790000">
        <ele>121.000</ele>
      </trkpt>
      <trkpt lat="44.141710000" lon="4.986770000">
        <ele>121.000</ele>
      </trkpt>
      <trkpt lat="44.141560000" lon="4.986730000">
        <ele>121.000</ele>
      </trkpt>
      <trkpt lat="44.141410000" lon="4.986670000">
        <ele>121.000</ele>
      </trkpt>
      <trkpt lat="44.141260000" lon="4.986600000">
        <ele>121.000</ele>
      </trkpt>
      <trkpt lat="44.141150000" lon="4.986540000">
        <ele>121.000</ele>
      </trkpt>
      <trkpt lat="44.141070000" lon="4.986490000">
        <ele>120.000</ele>
      </trkpt>
      <trkpt lat="44.140940000" lon="4.986400000">
        <ele>120.000</ele>
      </trkpt>
      <trkpt lat="44.140910000" lon="4.986370000">
        <ele>120.000</ele>
      </trkpt>
      <trkpt lat="44.140750000" lon="4.986230000">
        <ele>120.000</ele>
      </trkpt>
      <trkpt lat="44.140440000" lon="4.985940000">
        <ele>120.000</ele>
      </trkpt>
      <trkpt lat="44.140350000" lon="4.985860000">
        <ele>120.000</ele>
      </trkpt>
      <trkpt lat="44.140290000" lon="4.985800000">
        <ele>120.000</ele>
      </trkpt>
      <trkpt lat="44.140180000" lon="4.985710000">
        <ele>119.000</ele>
      </trkpt>
      <trkpt lat="44.139980000" lon="4.985600000">
        <ele>119.000</ele>
      </trkpt>
      <trkpt lat="44.139920000" lon="4.985570000">
        <ele>119.000</ele>
      </trkpt>
      <trkpt lat="44.139770000" lon="4.985500000">
        <ele>119.000</ele>
      </trkpt>
      <trkpt lat="44.139530000" lon="4.985380000">
        <ele>119.000</ele>
      </trkpt>
      <trkpt lat="44.139370000" lon="4.985310000">
        <ele>119.000</ele>
      </trkpt>
      <trkpt lat="44.139200000" lon="4.985240000">
        <ele>119.000</ele>
      </trkpt>
      <trkpt lat="44.139070000" lon="4.985200000">
        <ele>118.000</ele>
      </trkpt>
      <trkpt lat="44.138970000" lon="4.985180000">
        <ele>118.000</ele>
      </trkpt>
      <trkpt lat="44.138770000" lon="4.985130000">
        <ele>118.000</ele>
      </trkpt>
      <trkpt lat="44.138470000" lon="4.985060000">
        <ele>118.000</ele>
      </trkpt>
      <trkpt lat="44.138430000" lon="4.985050000">
        <ele>118.000</ele>
      </trkpt>
      <trkpt lat="44.138360000" lon="4.985040000">
        <ele>118.000</ele>
      </trkpt>
      <trkpt lat="44.138280000" lon="4.985040000">
        <ele>118.000</ele>
      </trkpt>
      <trkpt lat="44.138200000" lon="4.985060000">
        <ele>118.000</ele>
      </trkpt>
      <trkpt lat="44.138140000" lon="4.985080000">
        <ele>118.000</ele>
      </trkpt>
      <trkpt lat="44.138050000" lon="4.985110000">
        <ele>118.000</ele>
      </trkpt>
      <trkpt lat="44.137990000" lon="4.985150000">
        <ele>118.000</ele>
      </trkpt>
      <trkpt lat="44.137940000" lon="4.985170000">
        <ele>118.000</ele>
      </trkpt>
      <trkpt lat="44.137830000" lon="4.985220000">
        <ele>118.000</ele>
      </trkpt>
      <trkpt lat="44.137670000" lon="4.985310000">
        <ele>118.000</ele>
      </trkpt>
      <trkpt lat="44.137380000" lon="4.985470000">
        <ele>117.000</ele>
      </trkpt>
      <trkpt lat="44.137320000" lon="4.985500000">
        <ele>117.000</ele>
      </trkpt>
      <trkpt lat="44.137270000" lon="4.985530000">
        <ele>117.000</ele>
      </trkpt>
      <trkpt lat="44.136890000" lon="4.985740000">
        <ele>116.000</ele>
      </trkpt>
      <trkpt lat="44.136200000" lon="4.986130000">
        <ele>115.000</ele>
      </trkpt>
      <trkpt lat="44.135870000" lon="4.986320000">
        <ele>114.000</ele>
      </trkpt>
      <trkpt lat="44.135470000" lon="4.986530000">
        <ele>113.000</ele>
      </trkpt>
      <trkpt lat="44.135080000" lon="4.986750000">
        <ele>112.000</ele>
      </trkpt>
      <trkpt lat="44.134830000" lon="4.986890000">
        <ele>110.000</ele>
      </trkpt>
      <trkpt lat="44.134830000" lon="4.986890000">
        <ele>109.000</ele>
      </trkpt>
      <trkpt lat="44.134820000" lon="4.986900000">
        <ele>109.000</ele>
      </trkpt>
      <trkpt lat="44.134370000" lon="4.987140000">
        <ele>108.000</ele>
      </trkpt>
      <trkpt lat="44.133810000" lon="4.987450000">
        <ele>106.000</ele>
      </trkpt>
      <trkpt lat="44.133650000" lon="4.987550000">
        <ele>105.000</ele>
      </trkpt>
      <trkpt lat="44.133540000" lon="4.987630000">
        <ele>104.000</ele>
      </trkpt>
      <trkpt lat="44.133440000" lon="4.987720000">
        <ele>103.000</ele>
      </trkpt>
      <trkpt lat="44.133310000" lon="4.987830000">
        <ele>103.000</ele>
      </trkpt>
      <trkpt lat="44.133240000" lon="4.987900000">
        <ele>102.000</ele>
      </trkpt>
      <trkpt lat="44.133150000" lon="4.988030000">
        <ele>102.000</ele>
      </trkpt>
      <trkpt lat="44.133070000" lon="4.988180000">
        <ele>102.000</ele>
      </trkpt>
      <trkpt lat="44.133020000" lon="4.988260000">
        <ele>102.000</ele>
      </trkpt>
      <trkpt lat="44.132980000" lon="4.988310000">
        <ele>101.000</ele>
      </trkpt>
      <trkpt lat="44.132950000" lon="4.988350000">
        <ele>101.000</ele>
      </trkpt>
      <trkpt lat="44.132900000" lon="4.988360000">
        <ele>101.000</ele>
      </trkpt>
      <trkpt lat="44.132860000" lon="4.988390000">
        <ele>101.000</ele>
      </trkpt>
      <trkpt lat="44.132810000" lon="4.988450000">
        <ele>101.000</ele>
      </trkpt>
      <trkpt lat="44.132780000" lon="4.988530000">
        <ele>101.000</ele>
      </trkpt>
      <trkpt lat="44.132780000" lon="4.988610000">
        <ele>101.000</ele>
      </trkpt>
      <trkpt lat="44.132790000" lon="4.988690000">
        <ele>101.000</ele>
      </trkpt>
      <trkpt lat="44.132260000" lon="4.989820000">
        <ele>100.000</ele>
      </trkpt>
      <trkpt lat="44.131910000" lon="4.990650000">
        <ele>100.000</ele>
      </trkpt>
      <trkpt lat="44.131120000" lon="4.992370000">
        <ele>101.000</ele>
      </trkpt>
      <trkpt lat="44.130920000" lon="4.992780000">
        <ele>101.000</ele>
      </trkpt>
      <trkpt lat="44.130800000" lon="4.993060000">
        <ele>101.000</ele>
      </trkpt>
      <trkpt lat="44.130530000" lon="4.993620000">
        <ele>101.000</ele>
      </trkpt>
      <trkpt lat="44.130270000" lon="4.994130000">
        <ele>101.000</ele>
      </trkpt>
      <trkpt lat="44.129860000" lon="4.994810000">
        <ele>101.000</ele>
      </trkpt>
      <trkpt lat="44.129490000" lon="4.995350000">
        <ele>101.000</ele>
      </trkpt>
      <trkpt lat="44.129360000" lon="4.995520000">
        <ele>101.000</ele>
      </trkpt>
      <trkpt lat="44.129200000" lon="4.995740000">
        <ele>101.000</ele>
      </trkpt>
      <trkpt lat="44.128590000" lon="4.996550000">
        <ele>102.000</ele>
      </trkpt>
      <trkpt lat="44.128410000" lon="4.996770000">
        <ele>102.000</ele>
      </trkpt>
      <trkpt lat="44.128220000" lon="4.996990000">
        <ele>103.000</ele>
      </trkpt>
      <trkpt lat="44.127950000" lon="4.997270000">
        <ele>102.000</ele>
      </trkpt>
      <trkpt lat="44.127760000" lon="4.997430000">
        <ele>102.000</ele>
      </trkpt>
      <trkpt lat="44.127590000" lon="4.997560000">
        <ele>102.000</ele>
      </trkpt>
      <trkpt lat="44.127410000" lon="4.997680000">
        <ele>101.000</ele>
      </trkpt>
      <trkpt lat="44.127210000" lon="4.997810000">
        <ele>101.000</ele>
      </trkpt>
      <trkpt lat="44.126970000" lon="4.997940000">
        <ele>100.000</ele>
      </trkpt>
      <trkpt lat="44.126760000" lon="4.998040000">
        <ele>100.000</ele>
      </trkpt>
      <trkpt lat="44.126510000" lon="4.998140000">
        <ele>99.000</ele>
      </trkpt>
      <trkpt lat="44.126030000" lon="4.998310000">
        <ele>98.000</ele>
      </trkpt>
      <trkpt lat="44.125860000" lon="4.998390000">
        <ele>96.000</ele>
      </trkpt>
      <trkpt lat="44.125460000" lon="4.998570000">
        <ele>95.000</ele>
      </trkpt>
      <trkpt lat="44.125240000" lon="4.998720000">
        <ele>94.000</ele>
      </trkpt>
      <trkpt lat="44.125100000" lon="4.998810000">
        <ele>93.000</ele>
      </trkpt>
      <trkpt lat="44.124940000" lon="4.998960000">
        <ele>92.000</ele>
      </trkpt>
      <trkpt lat="44.124830000" lon="4.999070000">
        <ele>91.000</ele>
      </trkpt>
      <trkpt lat="44.124650000" lon="4.999270000">
        <ele>90.000</ele>
      </trkpt>
      <trkpt lat="44.124510000" lon="4.999460000">
        <ele>89.000</ele>
      </trkpt>
      <trkpt lat="44.124380000" lon="4.999650000">
        <ele>88.000</ele>
      </trkpt>
      <trkpt lat="44.124260000" lon="4.999890000">
        <ele>87.000</ele>
      </trkpt>
      <trkpt lat="44.124160000" lon="5.000120000">
        <ele>86.000</ele>
      </trkpt>
      <trkpt lat="44.124050000" lon="5.000410000">
        <ele>85.000</ele>
      </trkpt>
      <trkpt lat="44.123920000" lon="5.000840000">
        <ele>84.000</ele>
      </trkpt>
      <trkpt lat="44.123780000" lon="5.001410000">
        <ele>82.000</ele>
      </trkpt>
      <trkpt lat="44.123640000" lon="5.001970000">
        <ele>81.000</ele>
      </trkpt>
      <trkpt lat="44.123260000" lon="5.003450000">
        <ele>80.000</ele>
      </trkpt>
      <trkpt lat="44.123120000" lon="5.003940000">
        <ele>78.000</ele>
      </trkpt>
      <trkpt lat="44.122810000" lon="5.004940000">
        <ele>77.000</ele>
      </trkpt>
      <trkpt lat="44.121940000" lon="5.007570000">
        <ele>76.000</ele>
      </trkpt>
      <trkpt lat="44.121740000" lon="5.008210000">
        <ele>76.000</ele>
      </trkpt>
      <trkpt lat="44.121680000" lon="5.008440000">
        <ele>75.000</ele>
      </trkpt>
      <trkpt lat="44.121620000" lon="5.008690000">
        <ele>74.000</ele>
      </trkpt>
      <trkpt lat="44.121610000" lon="5.008730000">
        <ele>74.000</ele>
      </trkpt>
      <trkpt lat="44.121560000" lon="5.009010000">
        <ele>74.000</ele>
      </trkpt>
      <trkpt lat="44.121520000" lon="5.009230000">
        <ele>74.000</ele>
      </trkpt>
      <trkpt lat="44.121480000" lon="5.009600000">
        <ele>73.000</ele>
      </trkpt>
      <trkpt lat="44.121470000" lon="5.009710000">
        <ele>73.000</ele>
      </trkpt>
      <trkpt lat="44.121440000" lon="5.010000000">
        <ele>73.000</ele>
      </trkpt>
      <trkpt lat="44.121410000" lon="5.010440000">
        <ele>73.000</ele>
      </trkpt>
      <trkpt lat="44.121380000" lon="5.011000000">
        <ele>72.000</ele>
      </trkpt>
      <trkpt lat="44.121340000" lon="5.011500000">
        <ele>72.000</ele>
      </trkpt>
      <trkpt lat="44.121310000" lon="5.011870000">
        <ele>71.000</ele>
      </trkpt>
      <trkpt lat="44.121280000" lon="5.012130000">
        <ele>71.000</ele>
      </trkpt>
      <trkpt lat="44.121250000" lon="5.012320000">
        <ele>71.000</ele>
      </trkpt>
      <trkpt lat="44.121220000" lon="5.012480000">
        <ele>70.000</ele>
      </trkpt>
      <trkpt lat="44.121160000" lon="5.012670000">
        <ele>70.000</ele>
      </trkpt>
      <trkpt lat="44.121090000" lon="5.012900000">
        <ele>70.000</ele>
      </trkpt>
      <trkpt lat="44.121070000" lon="5.012940000">
        <ele>70.000</ele>
      </trkpt>
      <trkpt lat="44.121000000" lon="5.013130000">
        <ele>70.000</ele>
      </trkpt>
      <trkpt lat="44.120960000" lon="5.013230000">
        <ele>70.000</ele>
      </trkpt>
      <trkpt lat="44.120910000" lon="5.013300000">
        <ele>71.000</ele>
      </trkpt>
      <trkpt lat="44.120870000" lon="5.013360000">
        <ele>71.000</ele>
      </trkpt>
      <trkpt lat="44.120830000" lon="5.013390000">
        <ele>71.000</ele>
      </trkpt>
      <trkpt lat="44.120790000" lon="5.013390000">
        <ele>71.000</ele>
      </trkpt>
      <trkpt lat="44.120750000" lon="5.013400000">
        <ele>71.000</ele>
      </trkpt>
      <trkpt lat="44.120710000" lon="5.013430000">
        <ele>72.000</ele>
      </trkpt>
      <trkpt lat="44.120680000" lon="5.013470000">
        <ele>72.000</ele>
      </trkpt>
      <trkpt lat="44.120650000" lon="5.013530000">
        <ele>72.000</ele>
      </trkpt>
      <trkpt lat="44.120640000" lon="5.013590000">
        <ele>72.000</ele>
      </trkpt>
      <trkpt lat="44.120640000" lon="5.013630000">
        <ele>72.000</ele>
      </trkpt>
      <trkpt lat="44.120640000" lon="5.013670000">
        <ele>72.000</ele>
      </trkpt>
      <trkpt lat="44.120650000" lon="5.013700000">
        <ele>72.000</ele>
      </trkpt>
      <trkpt lat="44.120610000" lon="5.013850000">
        <ele>73.000</ele>
      </trkpt>
      <trkpt lat="44.120570000" lon="5.013950000">
        <ele>73.000</ele>
      </trkpt>
      <trkpt lat="44.120530000" lon="5.014020000">
        <ele>73.000</ele>
      </trkpt>
      <trkpt lat="44.120480000" lon="5.014090000">
        <ele>73.000</ele>
      </trkpt>
      <trkpt lat="44.120450000" lon="5.014130000">
        <ele>73.000</ele>
      </trkpt>
      <trkpt lat="44.120410000" lon="5.014180000">
        <ele>74.000</ele>
      </trkpt>
      <trkpt lat="44.120210000" lon="5.014380000">
        <ele>74.000</ele>
      </trkpt>
      <trkpt lat="44.119980000" lon="5.014560000">
        <ele>74.000</ele>
      </trkpt>
      <trkpt lat="44.119710000" lon="5.014740000">
        <ele>75.000</ele>
      </trkpt>
      <trkpt lat="44.119320000" lon="5.014940000">
        <ele>75.000</ele>
      </trkpt>
      <trkpt lat="44.119210000" lon="5.014990000">
        <ele>75.000</ele>
      </trkpt>
      <trkpt lat="44.119050000" lon="5.015060000">
        <ele>75.000</ele>
      </trkpt>
      <trkpt lat="44.118700000" lon="5.015200000">
        <ele>74.000</ele>
      </trkpt>
      <trkpt lat="44.118330000" lon="5.015360000">
        <ele>74.000</ele>
      </trkpt>
      <trkpt lat="44.118040000" lon="5.015490000">
        <ele>74.000</ele>
      </trkpt>
      <trkpt lat="44.117810000" lon="5.015610000">
        <ele>74.000</ele>
      </trkpt>
      <trkpt lat="44.117710000" lon="5.015650000">
        <ele>74.000</ele>
      </trkpt>
      <trkpt lat="44.117580000" lon="5.015710000">
        <ele>74.000</ele>
      </trkpt>
      <trkpt lat="44.117510000" lon="5.015740000">
        <ele>74.000</ele>
      </trkpt>
      <trkpt lat="44.117460000" lon="5.015750000">
        <ele>74.000</ele>
      </trkpt>
      <trkpt lat="44.117410000" lon="5.015760000">
        <ele>74.000</ele>
      </trkpt>
      <trkpt lat="44.117350000" lon="5.015760000">
        <ele>74.000</ele>
      </trkpt>
      <trkpt lat="44.117300000" lon="5.015720000">
        <ele>74.000</ele>
      </trkpt>
      <trkpt lat="44.117250000" lon="5.015710000">
        <ele>74.000</ele>
      </trkpt>
      <trkpt lat="44.117200000" lon="5.015720000">
        <ele>74.000</ele>
      </trkpt>
      <trkpt lat="44.117150000" lon="5.015750000">
        <ele>74.000</ele>
      </trkpt>
      <trkpt lat="44.117110000" lon="5.015810000">
        <ele>74.000</ele>
      </trkpt>
      <trkpt lat="44.117090000" lon="5.015870000">
        <ele>74.000</ele>
      </trkpt>
      <trkpt lat="44.117080000" lon="5.015940000">
        <ele>74.000</ele>
      </trkpt>
      <trkpt lat="44.117090000" lon="5.016000000">
        <ele>74.000</ele>
      </trkpt>
      <trkpt lat="44.117100000" lon="5.016060000">
        <ele>74.000</ele>
      </trkpt>
      <trkpt lat="44.117130000" lon="5.016110000">
        <ele>74.000</ele>
      </trkpt>
      <trkpt lat="44.117160000" lon="5.016140000">
        <ele>74.000</ele>
      </trkpt>
      <trkpt lat="44.117200000" lon="5.016170000">
        <ele>74.000</ele>
      </trkpt>
      <trkpt lat="44.117240000" lon="5.016170000">
        <ele>74.000</ele>
      </trkpt>
      <trkpt lat="44.117280000" lon="5.016170000">
        <ele>74.000</ele>
      </trkpt>
      <trkpt lat="44.117340000" lon="5.016220000">
        <ele>74.000</ele>
      </trkpt>
      <trkpt lat="44.117390000" lon="5.016260000">
        <ele>74.000</ele>
      </trkpt>
      <trkpt lat="44.117490000" lon="5.016390000">
        <ele>74.000</ele>
      </trkpt>
      <trkpt lat="44.117530000" lon="5.016450000">
        <ele>74.000</ele>
      </trkpt>
      <trkpt lat="44.117580000" lon="5.016540000">
        <ele>74.000</ele>
      </trkpt>
      <trkpt lat="44.117620000" lon="5.016630000">
        <ele>74.000</ele>
      </trkpt>
      <trkpt lat="44.117700000" lon="5.016800000">
        <ele>74.000</ele>
      </trkpt>
      <trkpt lat="44.117700000" lon="5.016830000">
        <ele>74.000</ele>
      </trkpt>
      <trkpt lat="44.117730000" lon="5.016920000">
        <ele>74.000</ele>
      </trkpt>
      <trkpt lat="44.117770000" lon="5.017090000">
        <ele>74.000</ele>
      </trkpt>
      <trkpt lat="44.117810000" lon="5.017240000">
        <ele>74.000</ele>
      </trkpt>
      <trkpt lat="44.117940000" lon="5.017740000">
        <ele>74.000</ele>
      </trkpt>
      <trkpt lat="44.118000000" lon="5.017990000">
        <ele>75.000</ele>
      </trkpt>
      <trkpt lat="44.118040000" lon="5.018270000">
        <ele>75.000</ele>
      </trkpt>
      <trkpt lat="44.118070000" lon="5.018450000">
        <ele>75.000</ele>
      </trkpt>
      <trkpt lat="44.118150000" lon="5.019010000">
        <ele>76.000</ele>
      </trkpt>
      <trkpt lat="44.118190000" lon="5.019190000">
        <ele>76.000</ele>
      </trkpt>
      <trkpt lat="44.118240000" lon="5.019330000">
        <ele>76.000</ele>
      </trkpt>
      <trkpt lat="44.118290000" lon="5.019460000">
        <ele>77.000</ele>
      </trkpt>
      <trkpt lat="44.118360000" lon="5.019610000">
        <ele>77.000</ele>
      </trkpt>
      <trkpt lat="44.118460000" lon="5.019760000">
        <ele>77.000</ele>
      </trkpt>
      <trkpt lat="44.118690000" lon="5.020060000">
        <ele>78.000</ele>
      </trkpt>
      <trkpt lat="44.119150000" lon="5.020630000">
        <ele>79.000</ele>
      </trkpt>
      <trkpt lat="44.119360000" lon="5.020890000">
        <ele>80.000</ele>
      </trkpt>
      <trkpt lat="44.119560000" lon="5.021130000">
        <ele>81.000</ele>
      </trkpt>
      <trkpt lat="44.119730000" lon="5.021360000">
        <ele>81.000</ele>
      </trkpt>
      <trkpt lat="44.119880000" lon="5.021530000">
        <ele>82.000</ele>
      </trkpt>
      <trkpt lat="44.119930000" lon="5.021580000">
        <ele>82.000</ele>
      </trkpt>
      <trkpt lat="44.119980000" lon="5.021640000">
        <ele>83.000</ele>
      </trkpt>
      <trkpt lat="44.120000000" lon="5.021660000">
        <ele>83.000</ele>
      </trkpt>
      <trkpt lat="44.120080000" lon="5.021770000">
        <ele>83.000</ele>
      </trkpt>
      <trkpt lat="44.120110000" lon="5.021840000">
        <ele>83.000</ele>
      </trkpt>
      <trkpt lat="44.120140000" lon="5.021920000">
        <ele>84.000</ele>
      </trkpt>
      <trkpt lat="44.120190000" lon="5.022020000">
        <ele>84.000</ele>
      </trkpt>
      <trkpt lat="44.120240000" lon="5.022160000">
        <ele>84.000</ele>
      </trkpt>
      <trkpt lat="44.120320000" lon="5.022480000">
        <ele>84.000</ele>
      </trkpt>
      <trkpt lat="44.120520000" lon="5.023320000">
        <ele>85.000</ele>
      </trkpt>
      <trkpt lat="44.120540000" lon="5.023410000">
        <ele>86.000</ele>
      </trkpt>
      <trkpt lat="44.120570000" lon="5.023540000">
        <ele>86.000</ele>
      </trkpt>
      <trkpt lat="44.120780000" lon="5.024320000">
        <ele>86.000</ele>
      </trkpt>
      <trkpt lat="44.120840000" lon="5.024590000">
        <ele>86.000</ele>
      </trkpt>
      <trkpt lat="44.120970000" lon="5.025090000">
        <ele>86.000</ele>
      </trkpt>
      <trkpt lat="44.121020000" lon="5.025270000">
        <ele>86.000</ele>
      </trkpt>
      <trkpt lat="44.121080000" lon="5.025510000">
        <ele>86.000</ele>
      </trkpt>
      <trkpt lat="44.121110000" lon="5.025610000">
        <ele>86.000</ele>
      </trkpt>
      <trkpt lat="44.121150000" lon="5.025760000">
        <ele>86.000</ele>
      </trkpt>
      <trkpt lat="44.121160000" lon="5.025860000">
        <ele>87.000</ele>
      </trkpt>
      <trkpt lat="44.121160000" lon="5.025890000">
        <ele>87.000</ele>
      </trkpt>
      <trkpt lat="44.121140000" lon="5.025890000">
        <ele>87.000</ele>
      </trkpt>
      <trkpt lat="44.121130000" lon="5.025900000">
        <ele>87.000</ele>
      </trkpt>
      <trkpt lat="44.121120000" lon="5.025910000">
        <ele>87.000</ele>
      </trkpt>
      <trkpt lat="44.121120000" lon="5.025930000">
        <ele>87.000</ele>
      </trkpt>
      <trkpt lat="44.121110000" lon="5.025950000">
        <ele>87.000</ele>
      </trkpt>
      <trkpt lat="44.121120000" lon="5.025970000">
        <ele>87.000</ele>
      </trkpt>
      <trkpt lat="44.121120000" lon="5.025990000">
        <ele>87.000</ele>
      </trkpt>
      <trkpt lat="44.121130000" lon="5.026000000">
        <ele>88.000</ele>
      </trkpt>
      <trkpt lat="44.121150000" lon="5.026000000">
        <ele>88.000</ele>
      </trkpt>
      <trkpt lat="44.121160000" lon="5.026010000">
        <ele>88.000</ele>
      </trkpt>
      <trkpt lat="44.121170000" lon="5.026000000">
        <ele>88.000</ele>
      </trkpt>
      <trkpt lat="44.121180000" lon="5.025990000">
        <ele>88.000</ele>
      </trkpt>
      <trkpt lat="44.121200000" lon="5.026020000">
        <ele>88.000</ele>
      </trkpt>
      <trkpt lat="44.121230000" lon="5.026090000">
        <ele>88.000</ele>
      </trkpt>
      <trkpt lat="44.121480000" lon="5.027120000">
        <ele>90.000</ele>
      </trkpt>
      <trkpt lat="44.121570000" lon="5.027500000">
        <ele>91.000</ele>
      </trkpt>
      <trkpt lat="44.121670000" lon="5.027910000">
        <ele>93.000</ele>
      </trkpt>
      <trkpt lat="44.121690000" lon="5.028020000">
        <ele>94.000</ele>
      </trkpt>
      <trkpt lat="44.121700000" lon="5.028140000">
        <ele>95.000</ele>
      </trkpt>
      <trkpt lat="44.121700000" lon="5.028260000">
        <ele>95.000</ele>
      </trkpt>
      <trkpt lat="44.121680000" lon="5.028380000">
        <ele>96.000</ele>
      </trkpt>
      <trkpt lat="44.121660000" lon="5.028430000">
        <ele>96.000</ele>
      </trkpt>
      <trkpt lat="44.121640000" lon="5.028460000">
        <ele>96.000</ele>
      </trkpt>
      <trkpt lat="44.121630000" lon="5.028470000">
        <ele>96.000</ele>
      </trkpt>
      <trkpt lat="44.121610000" lon="5.028480000">
        <ele>96.000</ele>
      </trkpt>
      <trkpt lat="44.121600000" lon="5.028510000">
        <ele>97.000</ele>
      </trkpt>
      <trkpt lat="44.121600000" lon="5.028530000">
        <ele>97.000</ele>
      </trkpt>
      <trkpt lat="44.121530000" lon="5.028650000">
        <ele>97.000</ele>
      </trkpt>
      <trkpt lat="44.121490000" lon="5.028720000">
        <ele>97.000</ele>
      </trkpt>
      <trkpt lat="44.121460000" lon="5.028860000">
        <ele>97.000</ele>
      </trkpt>
      <trkpt lat="44.121460000" lon="5.028920000">
        <ele>97.000</ele>
      </trkpt>
      <trkpt lat="44.121470000" lon="5.028980000">
        <ele>97.000</ele>
      </trkpt>
      <trkpt lat="44.121540000" lon="5.029490000">
        <ele>97.000</ele>
      </trkpt>
      <trkpt lat="44.121540000" lon="5.029570000">
        <ele>97.000</ele>
      </trkpt>
      <trkpt lat="44.121530000" lon="5.029650000">
        <ele>97.000</ele>
      </trkpt>
      <trkpt lat="44.121520000" lon="5.029700000">
        <ele>97.000</ele>
      </trkpt>
      <trkpt lat="44.121520000" lon="5.029730000">
        <ele>97.000</ele>
      </trkpt>
      <trkpt lat="44.121520000" lon="5.029750000">
        <ele>97.000</ele>
      </trkpt>
      <trkpt lat="44.121520000" lon="5.029770000">
        <ele>97.000</ele>
      </trkpt>
      <trkpt lat="44.121600000" lon="5.029890000">
        <ele>97.000</ele>
      </trkpt>
      <trkpt lat="44.121640000" lon="5.029960000">
        <ele>97.000</ele>
      </trkpt>
      <trkpt lat="44.121770000" lon="5.031120000">
        <ele>97.000</ele>
      </trkpt>
      <trkpt lat="44.121800000" lon="5.031250000">
        <ele>97.000</ele>
      </trkpt>
      <trkpt lat="44.121840000" lon="5.031350000">
        <ele>98.000</ele>
      </trkpt>
      <trkpt lat="44.121850000" lon="5.031400000">
        <ele>98.000</ele>
      </trkpt>
      <trkpt lat="44.121880000" lon="5.031440000">
        <ele>98.000</ele>
      </trkpt>
      <trkpt lat="44.121950000" lon="5.031540000">
        <ele>98.000</ele>
      </trkpt>
      <trkpt lat="44.122460000" lon="5.032210000">
        <ele>98.000</ele>
      </trkpt>
      <trkpt lat="44.122560000" lon="5.032370000">
        <ele>99.000</ele>
      </trkpt>
      <trkpt lat="44.122750000" lon="5.032740000">
        <ele>99.000</ele>
      </trkpt>
      <trkpt lat="44.122780000" lon="5.032800000">
        <ele>99.000</ele>
      </trkpt>
      <trkpt lat="44.122830000" lon="5.032870000">
        <ele>100.000</ele>
      </trkpt>
      <trkpt lat="44.122900000" lon="5.032940000">
        <ele>100.000</ele>
      </trkpt>
      <trkpt lat="44.122950000" lon="5.032980000">
        <ele>100.000</ele>
      </trkpt>
      <trkpt lat="44.123020000" lon="5.033010000">
        <ele>100.000</ele>
      </trkpt>
      <trkpt lat="44.123100000" lon="5.033030000">
        <ele>101.000</ele>
      </trkpt>
      <trkpt lat="44.123220000" lon="5.033040000">
        <ele>101.000</ele>
      </trkpt>
      <trkpt lat="44.123320000" lon="5.033050000">
        <ele>102.000</ele>
      </trkpt>
      <trkpt lat="44.123360000" lon="5.033060000">
        <ele>102.000</ele>
      </trkpt>
      <trkpt lat="44.123410000" lon="5.033110000">
        <ele>103.000</ele>
      </trkpt>
      <trkpt lat="44.123440000" lon="5.033180000">
        <ele>103.000</ele>
      </trkpt>
      <trkpt lat="44.123460000" lon="5.033230000">
        <ele>104.000</ele>
      </trkpt>
      <trkpt lat="44.123470000" lon="5.033340000">
        <ele>104.000</ele>
      </trkpt>
      <trkpt lat="44.123540000" lon="5.033750000">
        <ele>105.000</ele>
      </trkpt>
      <trkpt lat="44.123570000" lon="5.033880000">
        <ele>106.000</ele>
      </trkpt>
      <trkpt lat="44.123610000" lon="5.034010000">
        <ele>106.000</ele>
      </trkpt>
      <trkpt lat="44.123640000" lon="5.034110000">
        <ele>107.000</ele>
      </trkpt>
      <trkpt lat="44.123790000" lon="5.034480000">
        <ele>108.000</ele>
      </trkpt>
      <trkpt lat="44.124010000" lon="5.035030000">
        <ele>110.000</ele>
      </trkpt>
      <trkpt lat="44.124110000" lon="5.035330000">
        <ele>111.000</ele>
      </trkpt>
      <trkpt lat="44.124250000" lon="5.035740000">
        <ele>113.000</ele>
      </trkpt>
      <trkpt lat="44.124320000" lon="5.035980000">
        <ele>114.000</ele>
      </trkpt>
      <trkpt lat="44.124380000" lon="5.036230000">
        <ele>115.000</ele>
      </trkpt>
      <trkpt lat="44.124440000" lon="5.036510000">
        <ele>116.000</ele>
      </trkpt>
      <trkpt lat="44.124520000" lon="5.036890000">
        <ele>117.000</ele>
      </trkpt>
      <trkpt lat="44.124560000" lon="5.037030000">
        <ele>117.000</ele>
      </trkpt>
      <trkpt lat="44.124620000" lon="5.037190000">
        <ele>118.000</ele>
      </trkpt>
      <trkpt lat="44.124850000" lon="5.037640000">
        <ele>119.000</ele>
      </trkpt>
      <trkpt lat="44.124920000" lon="5.037800000">
        <ele>119.000</ele>
      </trkpt>
      <trkpt lat="44.124980000" lon="5.037910000">
        <ele>119.000</ele>
      </trkpt>
      <trkpt lat="44.125050000" lon="5.038030000">
        <ele>120.000</ele>
      </trkpt>
      <trkpt lat="44.125100000" lon="5.038090000">
        <ele>119.000</ele>
      </trkpt>
      <trkpt lat="44.125150000" lon="5.038140000">
        <ele>119.000</ele>
      </trkpt>
      <trkpt lat="44.125370000" lon="5.038280000">
        <ele>119.000</ele>
      </trkpt>
      <trkpt lat="44.125440000" lon="5.038350000">
        <ele>119.000</ele>
      </trkpt>
      <trkpt lat="44.125520000" lon="5.038420000">
        <ele>119.000</ele>
      </trkpt>
      <trkpt lat="44.125570000" lon="5.038480000">
        <ele>118.000</ele>
      </trkpt>
      <trkpt lat="44.125990000" lon="5.038970000">
        <ele>118.000</ele>
      </trkpt>
      <trkpt lat="44.126120000" lon="5.039100000">
        <ele>117.000</ele>
      </trkpt>
      <trkpt lat="44.126220000" lon="5.039200000">
        <ele>117.000</ele>
      </trkpt>
      <trkpt lat="44.126360000" lon="5.039320000">
        <ele>116.000</ele>
      </trkpt>
      <trkpt lat="44.127470000" lon="5.040100000">
        <ele>118.000</ele>
      </trkpt>
      <trkpt lat="44.127520000" lon="5.040140000">
        <ele>118.000</ele>
      </trkpt>
      <trkpt lat="44.129600000" lon="5.041570000">
        <ele>122.000</ele>
      </trkpt>
      <trkpt lat="44.129760000" lon="5.041620000">
        <ele>124.000</ele>
      </trkpt>
      <trkpt lat="44.129900000" lon="5.041640000">
        <ele>125.000</ele>
      </trkpt>
      <trkpt lat="44.130070000" lon="5.041630000">
        <ele>125.000</ele>
      </trkpt>
      <trkpt lat="44.130410000" lon="5.041570000">
        <ele>125.000</ele>
      </trkpt>
      <trkpt lat="44.130600000" lon="5.041550000">
        <ele>125.000</ele>
      </trkpt>
      <trkpt lat="44.130790000" lon="5.041570000">
        <ele>124.000</ele>
      </trkpt>
      <trkpt lat="44.131040000" lon="5.041610000">
        <ele>124.000</ele>
      </trkpt>
      <trkpt lat="44.131130000" lon="5.041640000">
        <ele>123.000</ele>
      </trkpt>
      <trkpt lat="44.131290000" lon="5.041710000">
        <ele>122.000</ele>
      </trkpt>
      <trkpt lat="44.131400000" lon="5.041780000">
        <ele>122.000</ele>
      </trkpt>
      <trkpt lat="44.131480000" lon="5.041850000">
        <ele>121.000</ele>
      </trkpt>
      <trkpt lat="44.131640000" lon="5.041980000">
        <ele>121.000</ele>
      </trkpt>
      <trkpt lat="44.131960000" lon="5.042280000">
        <ele>121.000</ele>
      </trkpt>
      <trkpt lat="44.132360000" lon="5.042660000">
        <ele>121.000</ele>
      </trkpt>
      <trkpt lat="44.132700000" lon="5.042990000">
        <ele>121.000</ele>
      </trkpt>
      <trkpt lat="44.132970000" lon="5.043270000">
        <ele>121.000</ele>
      </trkpt>
      <trkpt lat="44.133200000" lon="5.043530000">
        <ele>121.000</ele>
      </trkpt>
      <trkpt lat="44.133260000" lon="5.043610000">
        <ele>121.000</ele>
      </trkpt>
      <trkpt lat="44.133390000" lon="5.043840000">
        <ele>122.000</ele>
      </trkpt>
      <trkpt lat="44.133540000" lon="5.044090000">
        <ele>122.000</ele>
      </trkpt>
      <trkpt lat="44.133620000" lon="5.044200000">
        <ele>123.000</ele>
      </trkpt>
      <trkpt lat="44.133680000" lon="5.044290000">
        <ele>123.000</ele>
      </trkpt>
      <trkpt lat="44.133720000" lon="5.044340000">
        <ele>124.000</ele>
      </trkpt>
      <trkpt lat="44.133850000" lon="5.044440000">
        <ele>124.000</ele>
      </trkpt>
      <trkpt lat="44.133980000" lon="5.044530000">
        <ele>125.000</ele>
      </trkpt>
      <trkpt lat="44.134330000" lon="5.044690000">
        <ele>126.000</ele>
      </trkpt>
      <trkpt lat="44.134430000" lon="5.044720000">
        <ele>126.000</ele>
      </trkpt>
      <trkpt lat="44.134590000" lon="5.044710000">
        <ele>127.000</ele>
      </trkpt>
      <trkpt lat="44.134890000" lon="5.044670000">
        <ele>128.000</ele>
      </trkpt>
      <trkpt lat="44.134980000" lon="5.044660000">
        <ele>128.000</ele>
      </trkpt>
      <trkpt lat="44.135030000" lon="5.044660000">
        <ele>129.000</ele>
      </trkpt>
      <trkpt lat="44.135180000" lon="5.044660000">
        <ele>129.000</ele>
      </trkpt>
      <trkpt lat="44.135380000" lon="5.044710000">
        <ele>130.000</ele>
      </trkpt>
      <trkpt lat="44.135750000" lon="5.044880000">
        <ele>131.000</ele>
      </trkpt>
      <trkpt lat="44.136220000" lon="5.045120000">
        <ele>132.000</ele>
      </trkpt>
      <trkpt lat="44.136330000" lon="5.045180000">
        <ele>133.000</ele>
      </trkpt>
      <trkpt lat="44.136940000" lon="5.045530000">
        <ele>135.000</ele>
      </trkpt>
      <trkpt lat="44.137100000" lon="5.045640000">
        <ele>136.000</ele>
      </trkpt>
      <trkpt lat="44.137190000" lon="5.045730000">
        <ele>137.000</ele>
      </trkpt>
      <trkpt lat="44.137720000" lon="5.046430000">
        <ele>139.000</ele>
      </trkpt>
      <trkpt lat="44.137830000" lon="5.046530000">
        <ele>140.000</ele>
      </trkpt>
      <trkpt lat="44.137940000" lon="5.046580000">
        <ele>141.000</ele>
      </trkpt>
      <trkpt lat="44.138060000" lon="5.046590000">
        <ele>141.000</ele>
      </trkpt>
      <trkpt lat="44.138890000" lon="5.046590000">
        <ele>141.000</ele>
      </trkpt>
      <trkpt lat="44.139130000" lon="5.046580000">
        <ele>141.000</ele>
      </trkpt>
      <trkpt lat="44.139130000" lon="5.046580000">
        <ele>141.000</ele>
      </trkpt>
      <trkpt lat="44.139340000" lon="5.046580000">
        <ele>141.000</ele>
      </trkpt>
      <trkpt lat="44.139760000" lon="5.046580000">
        <ele>141.000</ele>
      </trkpt>
      <trkpt lat="44.140000000" lon="5.046630000">
        <ele>141.000</ele>
      </trkpt>
      <trkpt lat="44.140240000" lon="5.046740000">
        <ele>141.000</ele>
      </trkpt>
      <trkpt lat="44.140470000" lon="5.046950000">
        <ele>142.000</ele>
      </trkpt>
      <trkpt lat="44.140540000" lon="5.047030000">
        <ele>142.000</ele>
      </trkpt>
      <trkpt lat="44.140590000" lon="5.047090000">
        <ele>142.000</ele>
      </trkpt>
      <trkpt lat="44.140620000" lon="5.047140000">
        <ele>142.000</ele>
      </trkpt>
      <trkpt lat="44.140760000" lon="5.047340000">
        <ele>143.000</ele>
      </trkpt>
      <trkpt lat="44.141100000" lon="5.047860000">
        <ele>143.000</ele>
      </trkpt>
      <trkpt lat="44.141480000" lon="5.048420000">
        <ele>144.000</ele>
      </trkpt>
      <trkpt lat="44.141580000" lon="5.048500000">
        <ele>145.000</ele>
      </trkpt>
      <trkpt lat="44.141620000" lon="5.048520000">
        <ele>145.000</ele>
      </trkpt>
      <trkpt lat="44.141700000" lon="5.048540000">
        <ele>146.000</ele>
      </trkpt>
      <trkpt lat="44.142070000" lon="5.048540000">
        <ele>147.000</ele>
      </trkpt>
      <trkpt lat="44.142180000" lon="5.048550000">
        <ele>148.000</ele>
      </trkpt>
      <trkpt lat="44.142260000" lon="5.048590000">
        <ele>149.000</ele>
      </trkpt>
      <trkpt lat="44.142350000" lon="5.048680000">
        <ele>149.000</ele>
      </trkpt>
      <trkpt lat="44.142440000" lon="5.048860000">
        <ele>150.000</ele>
      </trkpt>
      <trkpt lat="44.142650000" lon="5.049250000">
        <ele>151.000</ele>
      </trkpt>
      <trkpt lat="44.142760000" lon="5.049360000">
        <ele>152.000</ele>
      </trkpt>
      <trkpt lat="44.142880000" lon="5.049440000">
        <ele>153.000</ele>
      </trkpt>
      <trkpt lat="44.143090000" lon="5.049490000">
        <ele>154.000</ele>
      </trkpt>
      <trkpt lat="44.143280000" lon="5.049470000">
        <ele>155.000</ele>
      </trkpt>
      <trkpt lat="44.143700000" lon="5.049440000">
        <ele>155.000</ele>
      </trkpt>
      <trkpt lat="44.143800000" lon="5.049450000">
        <ele>154.000</ele>
      </trkpt>
      <trkpt lat="44.143870000" lon="5.049460000">
        <ele>154.000</ele>
      </trkpt>
      <trkpt lat="44.143930000" lon="5.049490000">
        <ele>153.000</ele>
      </trkpt>
      <trkpt lat="44.143980000" lon="5.049540000">
        <ele>153.000</ele>
      </trkpt>
      <trkpt lat="44.144030000" lon="5.049620000">
        <ele>153.000</ele>
      </trkpt>
      <trkpt lat="44.144070000" lon="5.049740000">
        <ele>153.000</ele>
      </trkpt>
      <trkpt lat="44.144100000" lon="5.049860000">
        <ele>152.000</ele>
      </trkpt>
      <trkpt lat="44.144140000" lon="5.050070000">
        <ele>152.000</ele>
      </trkpt>
      <trkpt lat="44.144160000" lon="5.050160000">
        <ele>151.000</ele>
      </trkpt>
      <trkpt lat="44.144200000" lon="5.050250000">
        <ele>151.000</ele>
      </trkpt>
      <trkpt lat="44.144230000" lon="5.050300000">
        <ele>151.000</ele>
      </trkpt>
      <trkpt lat="44.144290000" lon="5.050340000">
        <ele>150.000</ele>
      </trkpt>
      <trkpt lat="44.144320000" lon="5.050350000">
        <ele>150.000</ele>
      </trkpt>
      <trkpt lat="44.144490000" lon="5.050420000">
        <ele>150.000</ele>
      </trkpt>
      <trkpt lat="44.144550000" lon="5.050440000">
        <ele>149.000</ele>
      </trkpt>
      <trkpt lat="44.145410000" lon="5.050750000">
        <ele>150.000</ele>
      </trkpt>
      <trkpt lat="44.146000000" lon="5.050960000">
        <ele>152.000</ele>
      </trkpt>
      <trkpt lat="44.146270000" lon="5.051070000">
        <ele>154.000</ele>
      </trkpt>
      <trkpt lat="44.146460000" lon="5.051140000">
        <ele>156.000</ele>
      </trkpt>
      <trkpt lat="44.146580000" lon="5.051190000">
        <ele>157.000</ele>
      </trkpt>
      <trkpt lat="44.146710000" lon="5.051210000">
        <ele>158.000</ele>
      </trkpt>
      <trkpt lat="44.146900000" lon="5.051190000">
        <ele>160.000</ele>
      </trkpt>
      <trkpt lat="44.146970000" lon="5.051170000">
        <ele>161.000</ele>
      </trkpt>
      <trkpt lat="44.147050000" lon="5.051190000">
        <ele>162.000</ele>
      </trkpt>
      <trkpt lat="44.147120000" lon="5.051220000">
        <ele>163.000</ele>
      </trkpt>
      <trkpt lat="44.147180000" lon="5.051250000">
        <ele>163.000</ele>
      </trkpt>
      <trkpt lat="44.147240000" lon="5.051280000">
        <ele>164.000</ele>
      </trkpt>
      <trkpt lat="44.147280000" lon="5.051300000">
        <ele>165.000</ele>
      </trkpt>
      <trkpt lat="44.147480000" lon="5.051430000">
        <ele>166.000</ele>
      </trkpt>
      <trkpt lat="44.147680000" lon="5.051530000">
        <ele>167.000</ele>
      </trkpt>
      <trkpt lat="44.147910000" lon="5.051610000">
        <ele>169.000</ele>
      </trkpt>
      <trkpt lat="44.148120000" lon="5.051710000">
        <ele>170.000</ele>
      </trkpt>
      <trkpt lat="44.148190000" lon="5.051740000">
        <ele>172.000</ele>
      </trkpt>
      <trkpt lat="44.148370000" lon="5.051840000">
        <ele>173.000</ele>
      </trkpt>
      <trkpt lat="44.148510000" lon="5.051930000">
        <ele>175.000</ele>
      </trkpt>
      <trkpt lat="44.148630000" lon="5.052000000">
        <ele>176.000</ele>
      </trkpt>
      <trkpt lat="44.148820000" lon="5.052060000">
        <ele>177.000</ele>
      </trkpt>
      <trkpt lat="44.149060000" lon="5.052120000">
        <ele>179.000</ele>
      </trkpt>
      <trkpt lat="44.149200000" lon="5.052180000">
        <ele>180.000</ele>
      </trkpt>
      <trkpt lat="44.149300000" lon="5.052260000">
        <ele>181.000</ele>
      </trkpt>
      <trkpt lat="44.149400000" lon="5.052400000">
        <ele>182.000</ele>
      </trkpt>
      <trkpt lat="44.149660000" lon="5.052810000">
        <ele>184.000</ele>
      </trkpt>
      <trkpt lat="44.149980000" lon="5.053350000">
        <ele>187.000</ele>
      </trkpt>
      <trkpt lat="44.150130000" lon="5.053580000">
        <ele>189.000</ele>
      </trkpt>
      <trkpt lat="44.150230000" lon="5.053660000">
        <ele>190.000</ele>
      </trkpt>
      <trkpt lat="44.150340000" lon="5.053670000">
        <ele>192.000</ele>
      </trkpt>
      <trkpt lat="44.150480000" lon="5.053660000">
        <ele>193.000</ele>
      </trkpt>
      <trkpt lat="44.150610000" lon="5.053670000">
        <ele>194.000</ele>
      </trkpt>
      <trkpt lat="44.150730000" lon="5.053710000">
        <ele>195.000</ele>
      </trkpt>
      <trkpt lat="44.150890000" lon="5.053830000">
        <ele>196.000</ele>
      </trkpt>
      <trkpt lat="44.151120000" lon="5.054070000">
        <ele>197.000</ele>
      </trkpt>
      <trkpt lat="44.151160000" lon="5.054100000">
        <ele>198.000</ele>
      </trkpt>
      <trkpt lat="44.151480000" lon="5.054440000">
        <ele>199.000</ele>
      </trkpt>
      <trkpt lat="44.151820000" lon="5.054810000">
        <ele>201.000</ele>
      </trkpt>
      <trkpt lat="44.152050000" lon="5.055040000">
        <ele>203.000</ele>
      </trkpt>
      <trkpt lat="44.152150000" lon="5.055140000">
        <ele>204.000</ele>
      </trkpt>
      <trkpt lat="44.152240000" lon="5.055240000">
        <ele>206.000</ele>
      </trkpt>
      <trkpt lat="44.152350000" lon="5.055370000">
        <ele>207.000</ele>
      </trkpt>
      <trkpt lat="44.152430000" lon="5.055530000">
        <ele>208.000</ele>
      </trkpt>
      <trkpt lat="44.152520000" lon="5.055770000">
        <ele>210.000</ele>
      </trkpt>
      <trkpt lat="44.152630000" lon="5.056080000">
        <ele>211.000</ele>
      </trkpt>
      <trkpt lat="44.152760000" lon="5.056370000">
        <ele>213.000</ele>
      </trkpt>
      <trkpt lat="44.152890000" lon="5.056570000">
        <ele>215.000</ele>
      </trkpt>
      <trkpt lat="44.153050000" lon="5.056790000">
        <ele>216.000</ele>
      </trkpt>
      <trkpt lat="44.153190000" lon="5.056980000">
        <ele>218.000</ele>
      </trkpt>
      <trkpt lat="44.153410000" lon="5.057280000">
        <ele>219.000</ele>
      </trkpt>
      <trkpt lat="44.153550000" lon="5.057490000">
        <ele>221.000</ele>
      </trkpt>
      <trkpt lat="44.153680000" lon="5.057740000">
        <ele>222.000</ele>
      </trkpt>
      <trkpt lat="44.153890000" lon="5.058220000">
        <ele>223.000</ele>
      </trkpt>
      <trkpt lat="44.153960000" lon="5.058310000">
        <ele>225.000</ele>
      </trkpt>
      <trkpt lat="44.154030000" lon="5.058360000">
        <ele>226.000</ele>
      </trkpt>
      <trkpt lat="44.154110000" lon="5.058380000">
        <ele>226.000</ele>
      </trkpt>
      <trkpt lat="44.154170000" lon="5.058380000">
        <ele>227.000</ele>
      </trkpt>
      <trkpt lat="44.154310000" lon="5.058340000">
        <ele>228.000</ele>
      </trkpt>
      <trkpt lat="44.154400000" lon="5.058330000">
        <ele>228.000</ele>
      </trkpt>
      <trkpt lat="44.154470000" lon="5.058340000">
        <ele>229.000</ele>
      </trkpt>
      <trkpt lat="44.154540000" lon="5.058380000">
        <ele>229.000</ele>
      </trkpt>
      <trkpt lat="44.154610000" lon="5.058460000">
        <ele>230.000</ele>
      </trkpt>
      <trkpt lat="44.154910000" lon="5.058950000">
        <ele>232.000</ele>
      </trkpt>
      <trkpt lat="44.155010000" lon="5.059150000">
        <ele>233.000</ele>
      </trkpt>
      <trkpt lat="44.155110000" lon="5.059390000">
        <ele>235.000</ele>
      </trkpt>
      <trkpt lat="44.155190000" lon="5.059660000">
        <ele>236.000</ele>
      </trkpt>
      <trkpt lat="44.155300000" lon="5.059890000">
        <ele>238.000</ele>
      </trkpt>
      <trkpt lat="44.155470000" lon="5.060100000">
        <ele>240.000</ele>
      </trkpt>
      <trkpt lat="44.155740000" lon="5.060340000">
        <ele>242.000</ele>
      </trkpt>
      <trkpt lat="44.155920000" lon="5.060480000">
        <ele>244.000</ele>
      </trkpt>
      <trkpt lat="44.156100000" lon="5.060640000">
        <ele>246.000</ele>
      </trkpt>
      <trkpt lat="44.156210000" lon="5.060770000">
        <ele>247.000</ele>
      </trkpt>
      <trkpt lat="44.156420000" lon="5.061090000">
        <ele>249.000</ele>
      </trkpt>
      <trkpt lat="44.156730000" lon="5.061530000">
        <ele>252.000</ele>
      </trkpt>
      <trkpt lat="44.156860000" lon="5.061720000">
        <ele>255.000</ele>
      </trkpt>
      <trkpt lat="44.157050000" lon="5.061870000">
        <ele>257.000</ele>
      </trkpt>
      <trkpt lat="44.157230000" lon="5.061960000">
        <ele>259.000</ele>
      </trkpt>
      <trkpt lat="44.157830000" lon="5.062100000">
        <ele>262.000</ele>
      </trkpt>
      <trkpt lat="44.158070000" lon="5.062230000">
        <ele>265.000</ele>
      </trkpt>
      <trkpt lat="44.158280000" lon="5.062410000">
        <ele>267.000</ele>
      </trkpt>
      <trkpt lat="44.158380000" lon="5.062560000">
        <ele>269.000</ele>
      </trkpt>
      <trkpt lat="44.158520000" lon="5.062800000">
        <ele>271.000</ele>
      </trkpt>
      <trkpt lat="44.158690000" lon="5.063040000">
        <ele>273.000</ele>
      </trkpt>
      <trkpt lat="44.158850000" lon="5.063160000">
        <ele>274.000</ele>
      </trkpt>
      <trkpt lat="44.159630000" lon="5.063580000">
        <ele>278.000</ele>
      </trkpt>
      <trkpt lat="44.159750000" lon="5.063680000">
        <ele>280.000</ele>
      </trkpt>
      <trkpt lat="44.159880000" lon="5.063850000">
        <ele>282.000</ele>
      </trkpt>
      <trkpt lat="44.160030000" lon="5.064020000">
        <ele>284.000</ele>
      </trkpt>
      <trkpt lat="44.160280000" lon="5.064230000">
        <ele>286.000</ele>
      </trkpt>
      <trkpt lat="44.160600000" lon="5.064430000">
        <ele>289.000</ele>
      </trkpt>
      <trkpt lat="44.160810000" lon="5.064590000">
        <ele>291.000</ele>
      </trkpt>
      <trkpt lat="44.160960000" lon="5.064780000">
        <ele>293.000</ele>
      </trkpt>
      <trkpt lat="44.161070000" lon="5.064970000">
        <ele>295.000</ele>
      </trkpt>
      <trkpt lat="44.161160000" lon="5.065090000">
        <ele>297.000</ele>
      </trkpt>
      <trkpt lat="44.161240000" lon="5.065150000">
        <ele>298.000</ele>
      </trkpt>
      <trkpt lat="44.161360000" lon="5.065220000">
        <ele>300.000</ele>
      </trkpt>
      <trkpt lat="44.161510000" lon="5.065230000">
        <ele>301.000</ele>
      </trkpt>
      <trkpt lat="44.162220000" lon="5.065310000">
        <ele>304.000</ele>
      </trkpt>
      <trkpt lat="44.162490000" lon="5.065290000">
        <ele>307.000</ele>
      </trkpt>
      <trkpt lat="44.162810000" lon="5.065240000">
        <ele>309.000</ele>
      </trkpt>
      <trkpt lat="44.163230000" lon="5.065210000">
        <ele>311.000</ele>
      </trkpt>
      <trkpt lat="44.163500000" lon="5.065200000">
        <ele>313.000</ele>
      </trkpt>
      <trkpt lat="44.163670000" lon="5.065210000">
        <ele>314.000</ele>
      </trkpt>
      <trkpt lat="44.163890000" lon="5.065180000">
        <ele>315.000</ele>
      </trkpt>
      <trkpt lat="44.164030000" lon="5.065100000">
        <ele>316.000</ele>
      </trkpt>
      <trkpt lat="44.164040000" lon="5.065090000">
        <ele>317.000</ele>
      </trkpt>
      <trkpt lat="44.164120000" lon="5.065050000">
        <ele>318.000</ele>
      </trkpt>
      <trkpt lat="44.164210000" lon="5.064990000">
        <ele>319.000</ele>
      </trkpt>
      <trkpt lat="44.164340000" lon="5.064970000">
        <ele>320.000</ele>
      </trkpt>
      <trkpt lat="44.164470000" lon="5.065040000">
        <ele>321.000</ele>
      </trkpt>
      <trkpt lat="44.164560000" lon="5.065170000">
        <ele>322.000</ele>
      </trkpt>
      <trkpt lat="44.164620000" lon="5.065360000">
        <ele>323.000</ele>
      </trkpt>
      <trkpt lat="44.164630000" lon="5.065540000">
        <ele>324.000</ele>
      </trkpt>
      <trkpt lat="44.164580000" lon="5.065760000">
        <ele>326.000</ele>
      </trkpt>
      <trkpt lat="44.164480000" lon="5.065990000">
        <ele>327.000</ele>
      </trkpt>
      <trkpt lat="44.164470000" lon="5.066140000">
        <ele>329.000</ele>
      </trkpt>
      <trkpt lat="44.164500000" lon="5.066240000">
        <ele>330.000</ele>
      </trkpt>
      <trkpt lat="44.164560000" lon="5.066310000">
        <ele>331.000</ele>
      </trkpt>
      <trkpt lat="44.164660000" lon="5.066330000">
        <ele>332.000</ele>
      </trkpt>
      <trkpt lat="44.164770000" lon="5.066280000">
        <ele>333.000</ele>
      </trkpt>
      <trkpt lat="44.164910000" lon="5.066140000">
        <ele>334.000</ele>
      </trkpt>
      <trkpt lat="44.165090000" lon="5.065980000">
        <ele>335.000</ele>
      </trkpt>
      <trkpt lat="44.165290000" lon="5.065870000">
        <ele>337.000</ele>
      </trkpt>
      <trkpt lat="44.165510000" lon="5.065810000">
        <ele>338.000</ele>
      </trkpt>
      <trkpt lat="44.165740000" lon="5.065780000">
        <ele>340.000</ele>
      </trkpt>
      <trkpt lat="44.165950000" lon="5.065760000">
        <ele>342.000</ele>
      </trkpt>
      <trkpt lat="44.166040000" lon="5.065730000">
        <ele>343.000</ele>
      </trkpt>
      <trkpt lat="44.166110000" lon="5.065650000">
        <ele>344.000</ele>
      </trkpt>
      <trkpt lat="44.166180000" lon="5.065450000">
        <ele>345.000</ele>
      </trkpt>
      <trkpt lat="44.166210000" lon="5.065170000">
        <ele>347.000</ele>
      </trkpt>
      <trkpt lat="44.166280000" lon="5.064990000">
        <ele>348.000</ele>
      </trkpt>
      <trkpt lat="44.166400000" lon="5.064850000">
        <ele>349.000</ele>
      </trkpt>
      <trkpt lat="44.166520000" lon="5.064790000">
        <ele>350.000</ele>
      </trkpt>
      <trkpt lat="44.166660000" lon="5.064780000">
        <ele>351.000</ele>
      </trkpt>
      <trkpt lat="44.166740000" lon="5.064850000">
        <ele>352.000</ele>
      </trkpt>
      <trkpt lat="44.166810000" lon="5.064960000">
        <ele>353.000</ele>
      </trkpt>
      <trkpt lat="44.166800000" lon="5.065060000">
        <ele>353.000</ele>
      </trkpt>
      <trkpt lat="44.166760000" lon="5.065180000">
        <ele>354.000</ele>
      </trkpt>
      <trkpt lat="44.166660000" lon="5.065290000">
        <ele>355.000</ele>
      </trkpt>
      <trkpt lat="44.166600000" lon="5.065450000">
        <ele>355.000</ele>
      </trkpt>
      <trkpt lat="44.166620000" lon="5.065580000">
        <ele>356.000</ele>
      </trkpt>
      <trkpt lat="44.166690000" lon="5.065640000">
        <ele>357.000</ele>
      </trkpt>
      <trkpt lat="44.166780000" lon="5.065650000">
        <ele>357.000</ele>
      </trkpt>
      <trkpt lat="44.166870000" lon="5.065580000">
        <ele>358.000</ele>
      </trkpt>
      <trkpt lat="44.167050000" lon="5.065420000">
        <ele>359.000</ele>
      </trkpt>
      <trkpt lat="44.167190000" lon="5.065320000">
        <ele>360.000</ele>
      </trkpt>
      <trkpt lat="44.167360000" lon="5.065250000">
        <ele>361.000</ele>
      </trkpt>
      <trkpt lat="44.167560000" lon="5.065240000">
        <ele>362.000</ele>
      </trkpt>
      <trkpt lat="44.167790000" lon="5.065260000">
        <ele>363.000</ele>
      </trkpt>
      <trkpt lat="44.167870000" lon="5.065250000">
        <ele>364.000</ele>
      </trkpt>
      <trkpt lat="44.167950000" lon="5.065230000">
        <ele>365.000</ele>
      </trkpt>
      <trkpt lat="44.168060000" lon="5.065140000">
        <ele>366.000</ele>
      </trkpt>
      <trkpt lat="44.168160000" lon="5.064980000">
        <ele>367.000</ele>
      </trkpt>
      <trkpt lat="44.168200000" lon="5.064940000">
        <ele>368.000</ele>
      </trkpt>
      <trkpt lat="44.168270000" lon="5.064930000">
        <ele>369.000</ele>
      </trkpt>
      <trkpt lat="44.168350000" lon="5.064940000">
        <ele>370.000</ele>
      </trkpt>
      <trkpt lat="44.168430000" lon="5.064990000">
        <ele>371.000</ele>
      </trkpt>
      <trkpt lat="44.168470000" lon="5.065090000">
        <ele>371.000</ele>
      </trkpt>
      <trkpt lat="44.168470000" lon="5.065180000">
        <ele>372.000</ele>
      </trkpt>
      <trkpt lat="44.168450000" lon="5.065280000">
        <ele>373.000</ele>
      </trkpt>
      <trkpt lat="44.168400000" lon="5.065390000">
        <ele>373.000</ele>
      </trkpt>
      <trkpt lat="44.168330000" lon="5.065490000">
        <ele>374.000</ele>
      </trkpt>
      <trkpt lat="44.168160000" lon="5.065740000">
        <ele>375.000</ele>
      </trkpt>
      <trkpt lat="44.168100000" lon="5.065900000">
        <ele>376.000</ele>
      </trkpt>
      <trkpt lat="44.168070000" lon="5.065990000">
        <ele>377.000</ele>
      </trkpt>
      <trkpt lat="44.168030000" lon="5.066120000">
        <ele>378.000</ele>
      </trkpt>
      <trkpt lat="44.168000000" lon="5.066300000">
        <ele>379.000</ele>
      </trkpt>
      <trkpt lat="44.168000000" lon="5.066440000">
        <ele>379.000</ele>
      </trkpt>
      <trkpt lat="44.168060000" lon="5.066800000">
        <ele>380.000</ele>
      </trkpt>
      <trkpt lat="44.168150000" lon="5.067250000">
        <ele>382.000</ele>
      </trkpt>
      <trkpt lat="44.168200000" lon="5.067430000">
        <ele>383.000</ele>
      </trkpt>
      <trkpt lat="44.168430000" lon="5.068000000">
        <ele>385.000</ele>
      </trkpt>
      <trkpt lat="44.168470000" lon="5.068120000">
        <ele>386.000</ele>
      </trkpt>
      <trkpt lat="44.168530000" lon="5.068250000">
        <ele>387.000</ele>
      </trkpt>
      <trkpt lat="44.168590000" lon="5.068400000">
        <ele>388.000</ele>
      </trkpt>
      <trkpt lat="44.168650000" lon="5.068360000">
        <ele>388.000</ele>
      </trkpt>
      <trkpt lat="44.168710000" lon="5.068350000">
        <ele>389.000</ele>
      </trkpt>
      <trkpt lat="44.168750000" lon="5.068350000">
        <ele>389.000</ele>
      </trkpt>
      <trkpt lat="44.168790000" lon="5.068370000">
        <ele>389.000</ele>
      </trkpt>
      <trkpt lat="44.168890000" lon="5.068410000">
        <ele>390.000</ele>
      </trkpt>
      <trkpt lat="44.169180000" lon="5.068530000">
        <ele>390.000</ele>
      </trkpt>
      <trkpt lat="44.169540000" lon="5.068730000">
        <ele>391.000</ele>
      </trkpt>
      <trkpt lat="44.169700000" lon="5.068860000">
        <ele>392.000</ele>
      </trkpt>
      <trkpt lat="44.169760000" lon="5.068940000">
        <ele>393.000</ele>
      </trkpt>
      <trkpt lat="44.169800000" lon="5.068990000">
        <ele>393.000</ele>
      </trkpt>
      <trkpt lat="44.170040000" lon="5.069420000">
        <ele>394.000</ele>
      </trkpt>
      <trkpt lat="44.170150000" lon="5.069680000">
        <ele>395.000</ele>
      </trkpt>
      <trkpt lat="44.170230000" lon="5.069900000">
        <ele>396.000</ele>
      </trkpt>
      <trkpt lat="44.170270000" lon="5.070080000">
        <ele>396.000</ele>
      </trkpt>
      <trkpt lat="44.170310000" lon="5.070240000">
        <ele>397.000</ele>
      </trkpt>
      <trkpt lat="44.170350000" lon="5.070330000">
        <ele>398.000</ele>
      </trkpt>
      <trkpt lat="44.170380000" lon="5.070430000">
        <ele>398.000</ele>
      </trkpt>
      <trkpt lat="44.170470000" lon="5.070590000">
        <ele>399.000</ele>
      </trkpt>
      <trkpt lat="44.170580000" lon="5.070690000">
        <ele>399.000</ele>
      </trkpt>
      <trkpt lat="44.170700000" lon="5.070760000">
        <ele>400.000</ele>
      </trkpt>
      <trkpt lat="44.170860000" lon="5.070780000">
        <ele>400.000</ele>
      </trkpt>
      <trkpt lat="44.171040000" lon="5.070720000">
        <ele>401.000</ele>
      </trkpt>
      <trkpt lat="44.171150000" lon="5.070670000">
        <ele>402.000</ele>
      </trkpt>
      <trkpt lat="44.171300000" lon="5.070580000">
        <ele>402.000</ele>
      </trkpt>
      <trkpt lat="44.171350000" lon="5.070570000">
        <ele>403.000</ele>
      </trkpt>
      <trkpt lat="44.171450000" lon="5.070580000">
        <ele>403.000</ele>
      </trkpt>
      <trkpt lat="44.171500000" lon="5.070600000">
        <ele>403.000</ele>
      </trkpt>
      <trkpt lat="44.171530000" lon="5.070640000">
        <ele>403.000</ele>
      </trkpt>
      <trkpt lat="44.171570000" lon="5.070710000">
        <ele>403.000</ele>
      </trkpt>
      <trkpt lat="44.171600000" lon="5.070780000">
        <ele>403.000</ele>
      </trkpt>
      <trkpt lat="44.171670000" lon="5.071040000">
        <ele>403.000</ele>
      </trkpt>
      <trkpt lat="44.171730000" lon="5.071310000">
        <ele>403.000</ele>
      </trkpt>
      <trkpt lat="44.171760000" lon="5.071420000">
        <ele>403.000</ele>
      </trkpt>
      <trkpt lat="44.171850000" lon="5.071700000">
        <ele>403.000</ele>
      </trkpt>
      <trkpt lat="44.172000000" lon="5.072140000">
        <ele>402.000</ele>
      </trkpt>
      <trkpt lat="44.172030000" lon="5.072200000">
        <ele>402.000</ele>
      </trkpt>
      <trkpt lat="44.172100000" lon="5.072400000">
        <ele>402.000</ele>
      </trkpt>
      <trkpt lat="44.172170000" lon="5.072600000">
        <ele>402.000</ele>
      </trkpt>
      <trkpt lat="44.172240000" lon="5.072730000">
        <ele>402.000</ele>
      </trkpt>
      <trkpt lat="44.172270000" lon="5.072770000">
        <ele>402.000</ele>
      </trkpt>
      <trkpt lat="44.172350000" lon="5.072890000">
        <ele>402.000</ele>
      </trkpt>
      <trkpt lat="44.172600000" lon="5.073160000">
        <ele>401.000</ele>
      </trkpt>
      <trkpt lat="44.172790000" lon="5.073350000">
        <ele>401.000</ele>
      </trkpt>
      <trkpt lat="44.172900000" lon="5.073490000">
        <ele>401.000</ele>
      </trkpt>
      <trkpt lat="44.173030000" lon="5.073690000">
        <ele>401.000</ele>
      </trkpt>
      <trkpt lat="44.173160000" lon="5.073910000">
        <ele>401.000</ele>
      </trkpt>
      <trkpt lat="44.173270000" lon="5.074110000">
        <ele>400.000</ele>
      </trkpt>
      <trkpt lat="44.173430000" lon="5.074310000">
        <ele>400.000</ele>
      </trkpt>
      <trkpt lat="44.173550000" lon="5.074390000">
        <ele>400.000</ele>
      </trkpt>
      <trkpt lat="44.173790000" lon="5.074480000">
        <ele>400.000</ele>
      </trkpt>
      <trkpt lat="44.173930000" lon="5.074540000">
        <ele>400.000</ele>
      </trkpt>
      <trkpt lat="44.173990000" lon="5.074600000">
        <ele>399.000</ele>
      </trkpt>
      <trkpt lat="44.174100000" lon="5.074820000">
        <ele>399.000</ele>
      </trkpt>
      <trkpt lat="44.174140000" lon="5.074930000">
        <ele>399.000</ele>
      </trkpt>
      <trkpt lat="44.174240000" lon="5.075160000">
        <ele>398.000</ele>
      </trkpt>
      <trkpt lat="44.174360000" lon="5.075400000">
        <ele>398.000</ele>
      </trkpt>
      <trkpt lat="44.174460000" lon="5.075470000">
        <ele>397.000</ele>
      </trkpt>
      <trkpt lat="44.174590000" lon="5.075480000">
        <ele>397.000</ele>
      </trkpt>
      <trkpt lat="44.175050000" lon="5.075350000">
        <ele>396.000</ele>
      </trkpt>
      <trkpt lat="44.175150000" lon="5.075340000">
        <ele>395.000</ele>
      </trkpt>
      <trkpt lat="44.175270000" lon="5.075370000">
        <ele>395.000</ele>
      </trkpt>
      <trkpt lat="44.175380000" lon="5.075440000">
        <ele>394.000</ele>
      </trkpt>
      <trkpt lat="44.175440000" lon="5.075520000">
        <ele>393.000</ele>
      </trkpt>
      <trkpt lat="44.175590000" lon="5.075800000">
        <ele>392.000</ele>
      </trkpt>
      <trkpt lat="44.175740000" lon="5.076010000">
        <ele>391.000</ele>
      </trkpt>
      <trkpt lat="44.176120000" lon="5.076410000">
        <ele>390.000</ele>
      </trkpt>
      <trkpt lat="44.176300000" lon="5.076550000">
        <ele>388.000</ele>
      </trkpt>
      <trkpt lat="44.176400000" lon="5.076580000">
        <ele>387.000</ele>
      </trkpt>
      <trkpt lat="44.176480000" lon="5.076570000">
        <ele>386.000</ele>
      </trkpt>
      <trkpt lat="44.176560000" lon="5.076510000">
        <ele>385.000</ele>
      </trkpt>
      <trkpt lat="44.176630000" lon="5.076380000">
        <ele>384.000</ele>
      </trkpt>
      <trkpt lat="44.176690000" lon="5.076150000">
        <ele>383.000</ele>
      </trkpt>
      <trkpt lat="44.176720000" lon="5.076020000">
        <ele>383.000</ele>
      </trkpt>
      <trkpt lat="44.176750000" lon="5.075960000">
        <ele>382.000</ele>
      </trkpt>
      <trkpt lat="44.176800000" lon="5.075940000">
        <ele>382.000</ele>
      </trkpt>
      <trkpt lat="44.176870000" lon="5.075950000">
        <ele>382.000</ele>
      </trkpt>
      <trkpt lat="44.177050000" lon="5.076100000">
        <ele>382.000</ele>
      </trkpt>
      <trkpt lat="44.177170000" lon="5.076140000">
        <ele>383.000</ele>
      </trkpt>
      <trkpt lat="44.177280000" lon="5.076160000">
        <ele>383.000</ele>
      </trkpt>
      <trkpt lat="44.177580000" lon="5.076120000">
        <ele>383.000</ele>
      </trkpt>
      <trkpt lat="44.177850000" lon="5.076090000">
        <ele>384.000</ele>
      </trkpt>
      <trkpt lat="44.177940000" lon="5.076130000">
        <ele>384.000</ele>
      </trkpt>
      <trkpt lat="44.178040000" lon="5.076200000">
        <ele>385.000</ele>
      </trkpt>
      <trkpt lat="44.178220000" lon="5.076350000">
        <ele>385.000</ele>
      </trkpt>
      <trkpt lat="44.178380000" lon="5.076490000">
        <ele>386.000</ele>
      </trkpt>
      <trkpt lat="44.178530000" lon="5.076560000">
        <ele>386.000</ele>
      </trkpt>
      <trkpt lat="44.178610000" lon="5.076600000">
        <ele>385.000</ele>
      </trkpt>
      <trkpt lat="44.178670000" lon="5.076630000">
        <ele>385.000</ele>
      </trkpt>
      <trkpt lat="44.178690000" lon="5.076650000">
        <ele>385.000</ele>
      </trkpt>
      <trkpt lat="44.178710000" lon="5.076670000">
        <ele>384.000</ele>
      </trkpt>
      <trkpt lat="44.178720000" lon="5.076700000">
        <ele>384.000</ele>
      </trkpt>
      <trkpt lat="44.178730000" lon="5.076730000">
        <ele>384.000</ele>
      </trkpt>
      <trkpt lat="44.178730000" lon="5.076760000">
        <ele>384.000</ele>
      </trkpt>
      <trkpt lat="44.178710000" lon="5.076830000">
        <ele>384.000</ele>
      </trkpt>
      <trkpt lat="44.178630000" lon="5.076950000">
        <ele>383.000</ele>
      </trkpt>
      <trkpt lat="44.178600000" lon="5.077010000">
        <ele>383.000</ele>
      </trkpt>
      <trkpt lat="44.178580000" lon="5.077110000">
        <ele>382.000</ele>
      </trkpt>
      <trkpt lat="44.178580000" lon="5.077200000">
        <ele>382.000</ele>
      </trkpt>
      <trkpt lat="44.178570000" lon="5.077450000">
        <ele>381.000</ele>
      </trkpt>
      <trkpt lat="44.178550000" lon="5.077650000">
        <ele>380.000</ele>
      </trkpt>
      <trkpt lat="44.178500000" lon="5.077880000">
        <ele>379.000</ele>
      </trkpt>
      <trkpt lat="44.178370000" lon="5.078430000">
        <ele>378.000</ele>
      </trkpt>
      <trkpt lat="44.178340000" lon="5.078640000">
        <ele>376.000</ele>
      </trkpt>
      <trkpt lat="44.178330000" lon="5.078850000">
        <ele>376.000</ele>
      </trkpt>
      <trkpt lat="44.178340000" lon="5.079060000">
        <ele>377.000</ele>
      </trkpt>
      <trkpt lat="44.178450000" lon="5.079630000">
        <ele>379.000</ele>
      </trkpt>
      <trkpt lat="44.178490000" lon="5.079840000">
        <ele>381.000</ele>
      </trkpt>
      <trkpt lat="44.178560000" lon="5.080240000">
        <ele>383.000</ele>
      </trkpt>
      <trkpt lat="44.178600000" lon="5.080490000">
        <ele>386.000</ele>
      </trkpt>
      <trkpt lat="44.178710000" lon="5.080980000">
        <ele>389.000</ele>
      </trkpt>
      <trkpt lat="44.178800000" lon="5.081240000">
        <ele>392.000</ele>
      </trkpt>
      <trkpt lat="44.178840000" lon="5.081400000">
        <ele>395.000</ele>
      </trkpt>
      <trkpt lat="44.178820000" lon="5.081550000">
        <ele>396.000</ele>
      </trkpt>
      <trkpt lat="44.178780000" lon="5.081660000">
        <ele>397.000</ele>
      </trkpt>
      <trkpt lat="44.178630000" lon="5.081820000">
        <ele>398.000</ele>
      </trkpt>
      <trkpt lat="44.178160000" lon="5.082140000">
        <ele>400.000</ele>
      </trkpt>
      <trkpt lat="44.178040000" lon="5.082240000">
        <ele>401.000</ele>
      </trkpt>
      <trkpt lat="44.178000000" lon="5.082330000">
        <ele>402.000</ele>
      </trkpt>
      <trkpt lat="44.177970000" lon="5.082430000">
        <ele>402.000</ele>
      </trkpt>
      <trkpt lat="44.177930000" lon="5.082680000">
        <ele>403.000</ele>
      </trkpt>
      <trkpt lat="44.177930000" lon="5.082810000">
        <ele>404.000</ele>
      </trkpt>
      <trkpt lat="44.177910000" lon="5.082940000">
        <ele>404.000</ele>
      </trkpt>
      <trkpt lat="44.177880000" lon="5.083080000">
        <ele>405.000</ele>
      </trkpt>
      <trkpt lat="44.177830000" lon="5.083190000">
        <ele>405.000</ele>
      </trkpt>
      <trkpt lat="44.177780000" lon="5.083290000">
        <ele>405.000</ele>
      </trkpt>
      <trkpt lat="44.177590000" lon="5.083560000">
        <ele>406.000</ele>
      </trkpt>
      <trkpt lat="44.177540000" lon="5.083670000">
        <ele>407.000</ele>
      </trkpt>
      <trkpt lat="44.177500000" lon="5.083790000">
        <ele>407.000</ele>
      </trkpt>
      <trkpt lat="44.177510000" lon="5.083940000">
        <ele>407.000</ele>
      </trkpt>
      <trkpt lat="44.177520000" lon="5.084030000">
        <ele>408.000</ele>
      </trkpt>
      <trkpt lat="44.177580000" lon="5.084310000">
        <ele>408.000</ele>
      </trkpt>
      <trkpt lat="44.177580000" lon="5.084410000">
        <ele>409.000</ele>
      </trkpt>
      <trkpt lat="44.177560000" lon="5.084500000">
        <ele>409.000</ele>
      </trkpt>
      <trkpt lat="44.177460000" lon="5.084620000">
        <ele>410.000</ele>
      </trkpt>
      <trkpt lat="44.177370000" lon="5.084700000">
        <ele>410.000</ele>
      </trkpt>
      <trkpt lat="44.177320000" lon="5.084780000">
        <ele>410.000</ele>
      </trkpt>
      <trkpt lat="44.177280000" lon="5.084910000">
        <ele>411.000</ele>
      </trkpt>
      <trkpt lat="44.177240000" lon="5.085040000">
        <ele>411.000</ele>
      </trkpt>
      <trkpt lat="44.177200000" lon="5.085100000">
        <ele>412.000</ele>
      </trkpt>
      <trkpt lat="44.177150000" lon="5.085140000">
        <ele>412.000</ele>
      </trkpt>
      <trkpt lat="44.176980000" lon="5.085190000">
        <ele>413.000</ele>
      </trkpt>
      <trkpt lat="44.176920000" lon="5.085250000">
        <ele>413.000</ele>
      </trkpt>
      <trkpt lat="44.176880000" lon="5.085330000">
        <ele>414.000</ele>
      </trkpt>
      <trkpt lat="44.176840000" lon="5.085480000">
        <ele>414.000</ele>
      </trkpt>
      <trkpt lat="44.176790000" lon="5.085870000">
        <ele>416.000</ele>
      </trkpt>
      <trkpt lat="44.176750000" lon="5.086250000">
        <ele>417.000</ele>
      </trkpt>
      <trkpt lat="44.176740000" lon="5.086520000">
        <ele>419.000</ele>
      </trkpt>
      <trkpt lat="44.176740000" lon="5.086700000">
        <ele>420.000</ele>
      </trkpt>
      <trkpt lat="44.176760000" lon="5.086820000">
        <ele>421.000</ele>
      </trkpt>
      <trkpt lat="44.176780000" lon="5.086880000">
        <ele>422.000</ele>
      </trkpt>
      <trkpt lat="44.176860000" lon="5.087080000">
        <ele>423.000</ele>
      </trkpt>
      <trkpt lat="44.176910000" lon="5.087210000">
        <ele>424.000</ele>
      </trkpt>
      <trkpt lat="44.176990000" lon="5.087350000">
        <ele>425.000</ele>
      </trkpt>
      <trkpt lat="44.177100000" lon="5.087530000">
        <ele>426.000</ele>
      </trkpt>
      <trkpt lat="44.177180000" lon="5.087600000">
        <ele>427.000</ele>
      </trkpt>
      <trkpt lat="44.177260000" lon="5.087620000">
        <ele>428.000</ele>
      </trkpt>
      <trkpt lat="44.177350000" lon="5.087590000">
        <ele>429.000</ele>
      </trkpt>
      <trkpt lat="44.177460000" lon="5.087530000">
        <ele>430.000</ele>
      </trkpt>
      <trkpt lat="44.177910000" lon="5.087240000">
        <ele>432.000</ele>
      </trkpt>
      <trkpt lat="44.178150000" lon="5.087150000">
        <ele>434.000</ele>
      </trkpt>
      <trkpt lat="44.178290000" lon="5.087130000">
        <ele>436.000</ele>
      </trkpt>
      <trkpt lat="44.178400000" lon="5.087150000">
        <ele>438.000</ele>
      </trkpt>
      <trkpt lat="44.178470000" lon="5.087200000">
        <ele>439.000</ele>
      </trkpt>
      <trkpt lat="44.178500000" lon="5.087380000">
        <ele>440.000</ele>
      </trkpt>
      <trkpt lat="44.178470000" lon="5.087630000">
        <ele>442.000</ele>
      </trkpt>
      <trkpt lat="44.178490000" lon="5.087840000">
        <ele>443.000</ele>
      </trkpt>
      <trkpt lat="44.178650000" lon="5.088310000">
        <ele>444.000</ele>
      </trkpt>
      <trkpt lat="44.178670000" lon="5.088490000">
        <ele>445.000</ele>
      </trkpt>
      <trkpt lat="44.178660000" lon="5.088630000">
        <ele>446.000</ele>
      </trkpt>
      <trkpt lat="44.178580000" lon="5.088920000">
        <ele>447.000</ele>
      </trkpt>
      <trkpt lat="44.178580000" lon="5.089090000">
        <ele>448.000</ele>
      </trkpt>
      <trkpt lat="44.178620000" lon="5.089230000">
        <ele>449.000</ele>
      </trkpt>
      <trkpt lat="44.178680000" lon="5.089360000">
        <ele>450.000</ele>
      </trkpt>
      <trkpt lat="44.178790000" lon="5.089480000">
        <ele>450.000</ele>
      </trkpt>
      <trkpt lat="44.178900000" lon="5.089540000">
        <ele>451.000</ele>
      </trkpt>
      <trkpt lat="44.179070000" lon="5.089550000">
        <ele>452.000</ele>
      </trkpt>
      <trkpt lat="44.179190000" lon="5.089550000">
        <ele>452.000</ele>
      </trkpt>
      <trkpt lat="44.179330000" lon="5.089650000">
        <ele>453.000</ele>
      </trkpt>
      <trkpt lat="44.179420000" lon="5.089680000">
        <ele>453.000</ele>
      </trkpt>
      <trkpt lat="44.179500000" lon="5.089670000">
        <ele>453.000</ele>
      </trkpt>
      <trkpt lat="44.179700000" lon="5.089580000">
        <ele>453.000</ele>
      </trkpt>
      <trkpt lat="44.179900000" lon="5.089550000">
        <ele>454.000</ele>
      </trkpt>
      <trkpt lat="44.180690000" lon="5.089590000">
        <ele>454.000</ele>
      </trkpt>
      <trkpt lat="44.180970000" lon="5.089640000">
        <ele>454.000</ele>
      </trkpt>
      <trkpt lat="44.181130000" lon="5.089690000">
        <ele>455.000</ele>
      </trkpt>
      <trkpt lat="44.181200000" lon="5.089740000">
        <ele>455.000</ele>
      </trkpt>
      <trkpt lat="44.181240000" lon="5.089790000">
        <ele>455.000</ele>
      </trkpt>
      <trkpt lat="44.181270000" lon="5.089880000">
        <ele>456.000</ele>
      </trkpt>
      <trkpt lat="44.181290000" lon="5.089980000">
        <ele>456.000</ele>
      </trkpt>
      <trkpt lat="44.181290000" lon="5.090120000">
        <ele>457.000</ele>
      </trkpt>
      <trkpt lat="44.181270000" lon="5.090370000">
        <ele>457.000</ele>
      </trkpt>
      <trkpt lat="44.181280000" lon="5.090550000">
        <ele>458.000</ele>
      </trkpt>
      <trkpt lat="44.181300000" lon="5.090740000">
        <ele>459.000</ele>
      </trkpt>
      <trkpt lat="44.181310000" lon="5.090890000">
        <ele>459.000</ele>
      </trkpt>
      <trkpt lat="44.181310000" lon="5.091030000">
        <ele>460.000</ele>
      </trkpt>
      <trkpt lat="44.181300000" lon="5.091140000">
        <ele>460.000</ele>
      </trkpt>
      <trkpt lat="44.181280000" lon="5.091230000">
        <ele>461.000</ele>
      </trkpt>
      <trkpt lat="44.181230000" lon="5.091350000">
        <ele>461.000</ele>
      </trkpt>
      <trkpt lat="44.181120000" lon="5.091510000">
        <ele>462.000</ele>
      </trkpt>
      <trkpt lat="44.181050000" lon="5.091570000">
        <ele>463.000</ele>
      </trkpt>
      <trkpt lat="44.180970000" lon="5.091610000">
        <ele>463.000</ele>
      </trkpt>
      <trkpt lat="44.180910000" lon="5.091620000">
        <ele>464.000</ele>
      </trkpt>
      <trkpt lat="44.180830000" lon="5.091610000">
        <ele>464.000</ele>
      </trkpt>
      <trkpt lat="44.180700000" lon="5.091590000">
        <ele>464.000</ele>
      </trkpt>
      <trkpt lat="44.180630000" lon="5.091590000">
        <ele>465.000</ele>
      </trkpt>
      <trkpt lat="44.180570000" lon="5.091620000">
        <ele>465.000</ele>
      </trkpt>
      <trkpt lat="44.180490000" lon="5.091690000">
        <ele>466.000</ele>
      </trkpt>
      <trkpt lat="44.179950000" lon="5.092370000">
        <ele>467.000</ele>
      </trkpt>
      <trkpt lat="44.179750000" lon="5.092600000">
        <ele>468.000</ele>
      </trkpt>
      <trkpt lat="44.179720000" lon="5.092660000">
        <ele>469.000</ele>
      </trkpt>
      <trkpt lat="44.179690000" lon="5.092720000">
        <ele>470.000</ele>
      </trkpt>
      <trkpt lat="44.179680000" lon="5.092790000">
        <ele>470.000</ele>
      </trkpt>
      <trkpt lat="44.179680000" lon="5.092850000">
        <ele>471.000</ele>
      </trkpt>
      <trkpt lat="44.179700000" lon="5.092920000">
        <ele>471.000</ele>
      </trkpt>
      <trkpt lat="44.179720000" lon="5.092980000">
        <ele>471.000</ele>
      </trkpt>
      <trkpt lat="44.179750000" lon="5.093020000">
        <ele>472.000</ele>
      </trkpt>
      <trkpt lat="44.179940000" lon="5.093330000">
        <ele>472.000</ele>
      </trkpt>
      <trkpt lat="44.180180000" lon="5.093800000">
        <ele>473.000</ele>
      </trkpt>
      <trkpt lat="44.180290000" lon="5.093990000">
        <ele>473.000</ele>
      </trkpt>
      <trkpt lat="44.180390000" lon="5.094250000">
        <ele>473.000</ele>
      </trkpt>
      <trkpt lat="44.180430000" lon="5.094450000">
        <ele>474.000</ele>
      </trkpt>
      <trkpt lat="44.180420000" lon="5.094690000">
        <ele>474.000</ele>
      </trkpt>
      <trkpt lat="44.180400000" lon="5.094820000">
        <ele>474.000</ele>
      </trkpt>
      <trkpt lat="44.180350000" lon="5.095000000">
        <ele>474.000</ele>
      </trkpt>
      <trkpt lat="44.180300000" lon="5.095150000">
        <ele>474.000</ele>
      </trkpt>
      <trkpt lat="44.180250000" lon="5.095260000">
        <ele>474.000</ele>
      </trkpt>
      <trkpt lat="44.180190000" lon="5.095350000">
        <ele>474.000</ele>
      </trkpt>
      <trkpt lat="44.179920000" lon="5.095740000">
        <ele>474.000</ele>
      </trkpt>
      <trkpt lat="44.179920000" lon="5.095740000">
        <ele>474.000</ele>
      </trkpt>
      <trkpt lat="44.179740000" lon="5.096000000">
        <ele>474.000</ele>
      </trkpt>
      <trkpt lat="44.179680000" lon="5.096080000">
        <ele>474.000</ele>
      </trkpt>
      <trkpt lat="44.179540000" lon="5.096260000">
        <ele>473.000</ele>
      </trkpt>
      <trkpt lat="44.179480000" lon="5.096340000">
        <ele>473.000</ele>
      </trkpt>
      <trkpt lat="44.179350000" lon="5.096540000">
        <ele>472.000</ele>
      </trkpt>
      <trkpt lat="44.179310000" lon="5.096640000">
        <ele>471.000</ele>
      </trkpt>
      <trkpt lat="44.179280000" lon="5.096750000">
        <ele>471.000</ele>
      </trkpt>
      <trkpt lat="44.179250000" lon="5.096870000">
        <ele>471.000</ele>
      </trkpt>
      <trkpt lat="44.179210000" lon="5.097120000">
        <ele>470.000</ele>
      </trkpt>
      <trkpt lat="44.179160000" lon="5.097340000">
        <ele>469.000</ele>
      </trkpt>
      <trkpt lat="44.179120000" lon="5.097440000">
        <ele>469.000</ele>
      </trkpt>
      <trkpt lat="44.179010000" lon="5.097680000">
        <ele>468.000</ele>
      </trkpt>
      <trkpt lat="44.178830000" lon="5.097910000">
        <ele>467.000</ele>
      </trkpt>
      <trkpt lat="44.178460000" lon="5.098190000">
        <ele>466.000</ele>
      </trkpt>
      <trkpt lat="44.178230000" lon="5.098320000">
        <ele>465.000</ele>
      </trkpt>
      <trkpt lat="44.178160000" lon="5.098350000">
        <ele>463.000</ele>
      </trkpt>
      <trkpt lat="44.178060000" lon="5.098380000">
        <ele>463.000</ele>
      </trkpt>
      <trkpt lat="44.177980000" lon="5.098390000">
        <ele>462.000</ele>
      </trkpt>
      <trkpt lat="44.177900000" lon="5.098370000">
        <ele>461.000</ele>
      </trkpt>
      <trkpt lat="44.177820000" lon="5.098340000">
        <ele>461.000</ele>
      </trkpt>
      <trkpt lat="44.177730000" lon="5.098300000">
        <ele>460.000</ele>
      </trkpt>
      <trkpt lat="44.177570000" lon="5.098210000">
        <ele>459.000</ele>
      </trkpt>
      <trkpt lat="44.177440000" lon="5.098150000">
        <ele>459.000</ele>
      </trkpt>
      <trkpt lat="44.177350000" lon="5.098130000">
        <ele>458.000</ele>
      </trkpt>
      <trkpt lat="44.177220000" lon="5.098130000">
        <ele>457.000</ele>
      </trkpt>
      <trkpt lat="44.177110000" lon="5.098140000">
        <ele>457.000</ele>
      </trkpt>
      <trkpt lat="44.176980000" lon="5.098160000">
        <ele>456.000</ele>
      </trkpt>
      <trkpt lat="44.176860000" lon="5.098200000">
        <ele>455.000</ele>
      </trkpt>
      <trkpt lat="44.176760000" lon="5.098230000">
        <ele>454.000</ele>
      </trkpt>
      <trkpt lat="44.176620000" lon="5.098300000">
        <ele>453.000</ele>
      </trkpt>
      <trkpt lat="44.176250000" lon="5.098480000">
        <ele>451.000</ele>
      </trkpt>
      <trkpt lat="44.175720000" lon="5.098780000">
        <ele>448.000</ele>
      </trkpt>
      <trkpt lat="44.175090000" lon="5.099260000">
        <ele>443.000</ele>
      </trkpt>
      <trkpt lat="44.174670000" lon="5.099600000">
        <ele>439.000</ele>
      </trkpt>
      <trkpt lat="44.174370000" lon="5.099940000">
        <ele>435.000</ele>
      </trkpt>
      <trkpt lat="44.173880000" lon="5.100540000">
        <ele>431.000</ele>
      </trkpt>
      <trkpt lat="44.173490000" lon="5.101000000">
        <ele>427.000</ele>
      </trkpt>
      <trkpt lat="44.173380000" lon="5.101100000">
        <ele>424.000</ele>
      </trkpt>
      <trkpt lat="44.173260000" lon="5.101190000">
        <ele>421.000</ele>
      </trkpt>
      <trkpt lat="44.173020000" lon="5.101340000">
        <ele>419.000</ele>
      </trkpt>
      <trkpt lat="44.172930000" lon="5.101420000">
        <ele>418.000</ele>
      </trkpt>
      <trkpt lat="44.172870000" lon="5.101500000">
        <ele>416.000</ele>
      </trkpt>
      <trkpt lat="44.172830000" lon="5.101610000">
        <ele>415.000</ele>
      </trkpt>
      <trkpt lat="44.172810000" lon="5.101740000">
        <ele>414.000</ele>
      </trkpt>
      <trkpt lat="44.172830000" lon="5.101870000">
        <ele>413.000</ele>
      </trkpt>
      <trkpt lat="44.172900000" lon="5.102020000">
        <ele>413.000</ele>
      </trkpt>
      <trkpt lat="44.173240000" lon="5.102750000">
        <ele>411.000</ele>
      </trkpt>
      <trkpt lat="44.173420000" lon="5.103140000">
        <ele>409.000</ele>
      </trkpt>
      <trkpt lat="44.173460000" lon="5.103300000">
        <ele>407.000</ele>
      </trkpt>
      <trkpt lat="44.173470000" lon="5.103460000">
        <ele>406.000</ele>
      </trkpt>
      <trkpt lat="44.173450000" lon="5.103600000">
        <ele>405.000</ele>
      </trkpt>
      <trkpt lat="44.173400000" lon="5.103740000">
        <ele>404.000</ele>
      </trkpt>
      <trkpt lat="44.173330000" lon="5.103860000">
        <ele>403.000</ele>
      </trkpt>
      <trkpt lat="44.173260000" lon="5.103950000">
        <ele>402.000</ele>
      </trkpt>
      <trkpt lat="44.173180000" lon="5.104010000">
        <ele>401.000</ele>
      </trkpt>
      <trkpt lat="44.173090000" lon="5.104060000">
        <ele>401.000</ele>
      </trkpt>
      <trkpt lat="44.173030000" lon="5.104080000">
        <ele>400.000</ele>
      </trkpt>
      <trkpt lat="44.172940000" lon="5.104060000">
        <ele>400.000</ele>
      </trkpt>
      <trkpt lat="44.172850000" lon="5.104030000">
        <ele>399.000</ele>
      </trkpt>
      <trkpt lat="44.172700000" lon="5.103930000">
        <ele>398.000</ele>
      </trkpt>
      <trkpt lat="44.172620000" lon="5.103910000">
        <ele>398.000</ele>
      </trkpt>
      <trkpt lat="44.172550000" lon="5.103910000">
        <ele>397.000</ele>
      </trkpt>
      <trkpt lat="44.172500000" lon="5.103950000">
        <ele>397.000</ele>
      </trkpt>
      <trkpt lat="44.172460000" lon="5.104020000">
        <ele>396.000</ele>
      </trkpt>
      <trkpt lat="44.172450000" lon="5.104100000">
        <ele>396.000</ele>
      </trkpt>
      <trkpt lat="44.172470000" lon="5.104180000">
        <ele>395.000</ele>
      </trkpt>
      <trkpt lat="44.172510000" lon="5.104270000">
        <ele>395.000</ele>
      </trkpt>
      <trkpt lat="44.172710000" lon="5.104540000">
        <ele>394.000</ele>
      </trkpt>
      <trkpt lat="44.172770000" lon="5.104640000">
        <ele>393.000</ele>
      </trkpt>
      <trkpt lat="44.172800000" lon="5.104750000">
        <ele>393.000</ele>
      </trkpt>
      <trkpt lat="44.172820000" lon="5.104890000">
        <ele>392.000</ele>
      </trkpt>
      <trkpt lat="44.172810000" lon="5.105020000">
        <ele>391.000</ele>
      </trkpt>
      <trkpt lat="44.172780000" lon="5.105150000">
        <ele>390.000</ele>
      </trkpt>
      <trkpt lat="44.172730000" lon="5.105260000">
        <ele>389.000</ele>
      </trkpt>
      <trkpt lat="44.172510000" lon="5.105700000">
        <ele>388.000</ele>
      </trkpt>
      <trkpt lat="44.172250000" lon="5.106210000">
        <ele>385.000</ele>
      </trkpt>
      <trkpt lat="44.172220000" lon="5.106340000">
        <ele>383.000</ele>
      </trkpt>
      <trkpt lat="44.172220000" lon="5.106420000">
        <ele>382.000</ele>
      </trkpt>
      <trkpt lat="44.172230000" lon="5.106500000">
        <ele>381.000</ele>
      </trkpt>
      <trkpt lat="44.172270000" lon="5.106570000">
        <ele>380.000</ele>
      </trkpt>
      <trkpt lat="44.172320000" lon="5.106600000">
        <ele>379.000</ele>
      </trkpt>
      <trkpt lat="44.172380000" lon="5.106610000">
        <ele>378.000</ele>
      </trkpt>
      <trkpt lat="44.172450000" lon="5.106590000">
        <ele>378.000</ele>
      </trkpt>
      <trkpt lat="44.172530000" lon="5.106540000">
        <ele>377.000</ele>
      </trkpt>
      <trkpt lat="44.172790000" lon="5.106330000">
        <ele>376.000</ele>
      </trkpt>
      <trkpt lat="44.173020000" lon="5.106210000">
        <ele>374.000</ele>
      </trkpt>
      <trkpt lat="44.173130000" lon="5.106190000">
        <ele>373.000</ele>
      </trkpt>
      <trkpt lat="44.173220000" lon="5.106210000">
        <ele>372.000</ele>
      </trkpt>
      <trkpt lat="44.173300000" lon="5.106250000">
        <ele>371.000</ele>
      </trkpt>
      <trkpt lat="44.173550000" lon="5.106460000">
        <ele>369.000</ele>
      </trkpt>
      <trkpt lat="44.173860000" lon="5.106730000">
        <ele>367.000</ele>
      </trkpt>
      <trkpt lat="44.174260000" lon="5.107080000">
        <ele>365.000</ele>
      </trkpt>
      <trkpt lat="44.174460000" lon="5.107250000">
        <ele>362.000</ele>
      </trkpt>
      <trkpt lat="44.174550000" lon="5.107340000">
        <ele>360.000</ele>
      </trkpt>
      <trkpt lat="44.174630000" lon="5.107440000">
        <ele>359.000</ele>
      </trkpt>
      <trkpt lat="44.174720000" lon="5.107560000">
        <ele>357.000</ele>
      </trkpt>
      <trkpt lat="44.174830000" lon="5.107770000">
        <ele>356.000</ele>
      </trkpt>
      <trkpt lat="44.175020000" lon="5.108210000">
        <ele>353.000</ele>
      </trkpt>
      <trkpt lat="44.175240000" lon="5.108730000">
        <ele>351.000</ele>
      </trkpt>
      <trkpt lat="44.175430000" lon="5.109170000">
        <ele>348.000</ele>
      </trkpt>
      <trkpt lat="44.175580000" lon="5.109530000">
        <ele>345.000</ele>
      </trkpt>
      <trkpt lat="44.175860000" lon="5.110190000">
        <ele>341.000</ele>
      </trkpt>
      <trkpt lat="44.175950000" lon="5.110500000">
        <ele>338.000</ele>
      </trkpt>
      <trkpt lat="44.176090000" lon="5.110970000">
        <ele>335.000</ele>
      </trkpt>
      <trkpt lat="44.176310000" lon="5.111890000">
        <ele>331.000</ele>
      </trkpt>
      <trkpt lat="44.176420000" lon="5.112540000">
        <ele>327.000</ele>
      </trkpt>
      <trkpt lat="44.176460000" lon="5.112770000">
        <ele>325.000</ele>
      </trkpt>
      <trkpt lat="44.176730000" lon="5.114320000">
        <ele>321.000</ele>
      </trkpt>
      <trkpt lat="44.176760000" lon="5.114600000">
        <ele>318.000</ele>
      </trkpt>
      <trkpt lat="44.176770000" lon="5.114660000">
        <ele>316.000</ele>
      </trkpt>
      <trkpt lat="44.176830000" lon="5.115350000">
        <ele>314.000</ele>
      </trkpt>
      <trkpt lat="44.176960000" lon="5.116860000">
        <ele>311.000</ele>
      </trkpt>
      <trkpt lat="44.177100000" lon="5.118550000">
        <ele>307.000</ele>
      </trkpt>
      <trkpt lat="44.177200000" lon="5.119800000">
        <ele>304.000</ele>
      </trkpt>
      <trkpt lat="44.177240000" lon="5.120250000">
        <ele>303.000</ele>
      </trkpt>
      <trkpt lat="44.177270000" lon="5.120620000">
        <ele>302.000</ele>
      </trkpt>
      <trkpt lat="44.177260000" lon="5.120840000">
        <ele>302.000</ele>
      </trkpt>
      <trkpt lat="44.177240000" lon="5.121030000">
        <ele>302.000</ele>
      </trkpt>
      <trkpt lat="44.177200000" lon="5.121160000">
        <ele>302.000</ele>
      </trkpt>
      <trkpt lat="44.177130000" lon="5.121290000">
        <ele>302.000</ele>
      </trkpt>
      <trkpt lat="44.177030000" lon="5.121450000">
        <ele>303.000</ele>
      </trkpt>
      <trkpt lat="44.176920000" lon="5.121560000">
        <ele>303.000</ele>
      </trkpt>
      <trkpt lat="44.176780000" lon="5.121660000">
        <ele>304.000</ele>
      </trkpt>
      <trkpt lat="44.176640000" lon="5.121700000">
        <ele>306.000</ele>
      </trkpt>
      <trkpt lat="44.176450000" lon="5.121690000">
        <ele>307.000</ele>
      </trkpt>
      <trkpt lat="44.176010000" lon="5.121580000">
        <ele>309.000</ele>
      </trkpt>
      <trkpt lat="44.175800000" lon="5.121510000">
        <ele>311.000</ele>
      </trkpt>
      <trkpt lat="44.175670000" lon="5.121510000">
        <ele>313.000</ele>
      </trkpt>
      <trkpt lat="44.175580000" lon="5.121590000">
        <ele>315.000</ele>
      </trkpt>
      <trkpt lat="44.175530000" lon="5.121690000">
        <ele>316.000</ele>
      </trkpt>
      <trkpt lat="44.175530000" lon="5.121790000">
        <ele>317.000</ele>
      </trkpt>
      <trkpt lat="44.175560000" lon="5.121910000">
        <ele>318.000</ele>
      </trkpt>
      <trkpt lat="44.175610000" lon="5.121970000">
        <ele>318.000</ele>
      </trkpt>
      <trkpt lat="44.175690000" lon="5.122030000">
        <ele>319.000</ele>
      </trkpt>
      <trkpt lat="44.175920000" lon="5.122120000">
        <ele>320.000</ele>
      </trkpt>
      <trkpt lat="44.176170000" lon="5.122200000">
        <ele>321.000</ele>
      </trkpt>
      <trkpt lat="44.176370000" lon="5.122330000">
        <ele>322.000</ele>
      </trkpt>
      <trkpt lat="44.176530000" lon="5.122490000">
        <ele>323.000</ele>
      </trkpt>
      <trkpt lat="44.176690000" lon="5.122740000">
        <ele>325.000</ele>
      </trkpt>
      <trkpt lat="44.176960000" lon="5.123230000">
        <ele>326.000</ele>
      </trkpt>
      <trkpt lat="44.177190000" lon="5.123640000">
        <ele>328.000</ele>
      </trkpt>
      <trkpt lat="44.177380000" lon="5.123920000">
        <ele>330.000</ele>
      </trkpt>
      <trkpt lat="44.177780000" lon="5.124400000">
        <ele>331.000</ele>
      </trkpt>
      <trkpt lat="44.177810000" lon="5.124460000">
        <ele>333.000</ele>
      </trkpt>
      <trkpt lat="44.177840000" lon="5.124550000">
        <ele>334.000</ele>
      </trkpt>
      <trkpt lat="44.177860000" lon="5.124650000">
        <ele>335.000</ele>
      </trkpt>
      <trkpt lat="44.177880000" lon="5.124820000">
        <ele>335.000</ele>
      </trkpt>
      <trkpt lat="44.177860000" lon="5.125010000">
        <ele>336.000</ele>
      </trkpt>
      <trkpt lat="44.177800000" lon="5.125240000">
        <ele>337.000</ele>
      </trkpt>
      <trkpt lat="44.177690000" lon="5.125400000">
        <ele>337.000</ele>
      </trkpt>
      <trkpt lat="44.177470000" lon="5.125590000">
        <ele>337.000</ele>
      </trkpt>
      <trkpt lat="44.177250000" lon="5.125750000">
        <ele>336.000</ele>
      </trkpt>
      <trkpt lat="44.177100000" lon="5.125850000">
        <ele>335.000</ele>
      </trkpt>
      <trkpt lat="44.176910000" lon="5.125910000">
        <ele>334.000</ele>
      </trkpt>
      <trkpt lat="44.176730000" lon="5.125960000">
        <ele>333.000</ele>
      </trkpt>
      <trkpt lat="44.176630000" lon="5.126030000">
        <ele>332.000</ele>
      </trkpt>
      <trkpt lat="44.176530000" lon="5.126140000">
        <ele>331.000</ele>
      </trkpt>
      <trkpt lat="44.176420000" lon="5.126320000">
        <ele>331.000</ele>
      </trkpt>
      <trkpt lat="44.176320000" lon="5.126550000">
        <ele>330.000</ele>
      </trkpt>
      <trkpt lat="44.176220000" lon="5.126840000">
        <ele>328.000</ele>
      </trkpt>
      <trkpt lat="44.176150000" lon="5.127140000">
        <ele>327.000</ele>
      </trkpt>
      <trkpt lat="44.175890000" lon="5.128380000">
        <ele>325.000</ele>
      </trkpt>
      <trkpt lat="44.175720000" lon="5.129060000">
        <ele>322.000</ele>
      </trkpt>
      <trkpt lat="44.175700000" lon="5.129230000">
        <ele>321.000</ele>
      </trkpt>
      <trkpt lat="44.175700000" lon="5.129320000">
        <ele>320.000</ele>
      </trkpt>
      <trkpt lat="44.175710000" lon="5.129360000">
        <ele>319.000</ele>
      </trkpt>
      <trkpt lat="44.175660000" lon="5.129390000">
        <ele>319.000</ele>
      </trkpt>
      <trkpt lat="44.175610000" lon="5.129420000">
        <ele>319.000</ele>
      </trkpt>
      <trkpt lat="44.175510000" lon="5.129490000">
        <ele>319.000</ele>
      </trkpt>
      <trkpt lat="44.175470000" lon="5.129520000">
        <ele>319.000</ele>
      </trkpt>
      <trkpt lat="44.175440000" lon="5.129520000">
        <ele>319.000</ele>
      </trkpt>
      <trkpt lat="44.175420000" lon="5.129540000">
        <ele>319.000</ele>
      </trkpt>
      <trkpt lat="44.175400000" lon="5.129570000">
        <ele>319.000</ele>
      </trkpt>
      <trkpt lat="44.175320000" lon="5.129620000">
        <ele>320.000</ele>
      </trkpt>
      <trkpt lat="44.175220000" lon="5.129670000">
        <ele>320.000</ele>
      </trkpt>
      <trkpt lat="44.175160000" lon="5.129670000">
        <ele>320.000</ele>
      </trkpt>
      <trkpt lat="44.175140000" lon="5.129670000">
        <ele>320.000</ele>
      </trkpt>
      <trkpt lat="44.175030000" lon="5.129670000">
        <ele>320.000</ele>
      </trkpt>
      <trkpt lat="44.174930000" lon="5.129670000">
        <ele>321.000</ele>
      </trkpt>
      <trkpt lat="44.174820000" lon="5.129670000">
        <ele>321.000</ele>
      </trkpt>
      <trkpt lat="44.174730000" lon="5.129690000">
        <ele>321.000</ele>
      </trkpt>
      <trkpt lat="44.174650000" lon="5.129720000">
        <ele>322.000</ele>
      </trkpt>
      <trkpt lat="44.174510000" lon="5.129790000">
        <ele>322.000</ele>
      </trkpt>
      <trkpt lat="44.174500000" lon="5.129800000">
        <ele>322.000</ele>
      </trkpt>
      <trkpt lat="44.174400000" lon="5.129890000">
        <ele>323.000</ele>
      </trkpt>
      <trkpt lat="44.174350000" lon="5.129950000">
        <ele>323.000</ele>
      </trkpt>
      <trkpt lat="44.174280000" lon="5.130050000">
        <ele>323.000</ele>
      </trkpt>
      <trkpt lat="44.174170000" lon="5.130190000">
        <ele>324.000</ele>
      </trkpt>
      <trkpt lat="44.174060000" lon="5.130320000">
        <ele>324.000</ele>
      </trkpt>
      <trkpt lat="44.173790000" lon="5.130530000">
        <ele>325.000</ele>
      </trkpt>
      <trkpt lat="44.173720000" lon="5.130590000">
        <ele>326.000</ele>
      </trkpt>
      <trkpt lat="44.173680000" lon="5.130650000">
        <ele>327.000</ele>
      </trkpt>
      <trkpt lat="44.173650000" lon="5.130700000">
        <ele>327.000</ele>
      </trkpt>
      <trkpt lat="44.173630000" lon="5.130750000">
        <ele>327.000</ele>
      </trkpt>
      <trkpt lat="44.173610000" lon="5.130780000">
        <ele>328.000</ele>
      </trkpt>
      <trkpt lat="44.173590000" lon="5.130790000">
        <ele>328.000</ele>
      </trkpt>
      <trkpt lat="44.173560000" lon="5.130800000">
        <ele>328.000</ele>
      </trkpt>
      <trkpt lat="44.173410000" lon="5.130830000">
        <ele>329.000</ele>
      </trkpt>
      <trkpt lat="44.173220000" lon="5.130860000">
        <ele>329.000</ele>
      </trkpt>
      <trkpt lat="44.173160000" lon="5.130890000">
        <ele>330.000</ele>
      </trkpt>
      <trkpt lat="44.173080000" lon="5.130920000">
        <ele>330.000</ele>
      </trkpt>
      <trkpt lat="44.173020000" lon="5.130960000">
        <ele>331.000</ele>
      </trkpt>
      <trkpt lat="44.172720000" lon="5.131220000">
        <ele>332.000</ele>
      </trkpt>
      <trkpt lat="44.172630000" lon="5.131300000">
        <ele>333.000</ele>
      </trkpt>
      <trkpt lat="44.172450000" lon="5.131450000">
        <ele>334.000</ele>
      </trkpt>
      <trkpt lat="44.171810000" lon="5.131850000">
        <ele>335.000</ele>
      </trkpt>
      <trkpt lat="44.171770000" lon="5.131890000">
        <ele>336.000</ele>
      </trkpt>
      <trkpt lat="44.171740000" lon="5.131920000">
        <ele>337.000</ele>
      </trkpt>
      <trkpt lat="44.171720000" lon="5.131960000">
        <ele>337.000</ele>
      </trkpt>
      <trkpt lat="44.171700000" lon="5.131990000">
        <ele>338.000</ele>
      </trkpt>
      <trkpt lat="44.171670000" lon="5.131970000">
        <ele>338.000</ele>
      </trkpt>
      <trkpt lat="44.171650000" lon="5.131970000">
        <ele>338.000</ele>
      </trkpt>
      <trkpt lat="44.171620000" lon="5.131970000">
        <ele>339.000</ele>
      </trkpt>
      <trkpt lat="44.171600000" lon="5.131990000">
        <ele>339.000</ele>
      </trkpt>
      <trkpt lat="44.171580000" lon="5.132010000">
        <ele>339.000</ele>
      </trkpt>
      <trkpt lat="44.171570000" lon="5.132040000">
        <ele>339.000</ele>
      </trkpt>
      <trkpt lat="44.171510000" lon="5.132060000">
        <ele>339.000</ele>
      </trkpt>
      <trkpt lat="44.171480000" lon="5.132070000">
        <ele>339.000</ele>
      </trkpt>
      <trkpt lat="44.171400000" lon="5.132100000">
        <ele>339.000</ele>
      </trkpt>
      <trkpt lat="44.171390000" lon="5.132100000">
        <ele>340.000</ele>
      </trkpt>
      <trkpt lat="44.171340000" lon="5.132080000">
        <ele>340.000</ele>
      </trkpt>
      <trkpt lat="44.171120000" lon="5.131980000">
        <ele>340.000</ele>
      </trkpt>
      <trkpt lat="44.170700000" lon="5.131800000">
        <ele>341.000</ele>
      </trkpt>
      <trkpt lat="44.170630000" lon="5.131770000">
        <ele>342.000</ele>
      </trkpt>
      <trkpt lat="44.170300000" lon="5.131630000">
        <ele>342.000</ele>
      </trkpt>
      <trkpt lat="44.169990000" lon="5.131510000">
        <ele>344.000</ele>
      </trkpt>
      <trkpt lat="44.169630000" lon="5.131350000">
        <ele>345.000</ele>
      </trkpt>
      <trkpt lat="44.169600000" lon="5.131340000">
        <ele>346.000</ele>
      </trkpt>
      <trkpt lat="44.169570000" lon="5.131330000">
        <ele>346.000</ele>
      </trkpt>
      <trkpt lat="44.169460000" lon="5.131280000">
        <ele>347.000</ele>
      </trkpt>
      <trkpt lat="44.169170000" lon="5.131160000">
        <ele>348.000</ele>
      </trkpt>
      <trkpt lat="44.169040000" lon="5.131100000">
        <ele>348.000</ele>
      </trkpt>
      <trkpt lat="44.168930000" lon="5.131020000">
        <ele>349.000</ele>
      </trkpt>
      <trkpt lat="44.168880000" lon="5.130960000">
        <ele>350.000</ele>
      </trkpt>
      <trkpt lat="44.168820000" lon="5.130870000">
        <ele>350.000</ele>
      </trkpt>
      <trkpt lat="44.168780000" lon="5.130740000">
        <ele>351.000</ele>
      </trkpt>
      <trkpt lat="44.168770000" lon="5.130660000">
        <ele>351.000</ele>
      </trkpt>
      <trkpt lat="44.168760000" lon="5.130520000">
        <ele>351.000</ele>
      </trkpt>
      <trkpt lat="44.168770000" lon="5.130410000">
        <ele>352.000</ele>
      </trkpt>
      <trkpt lat="44.168800000" lon="5.130250000">
        <ele>352.000</ele>
      </trkpt>
      <trkpt lat="44.168860000" lon="5.129970000">
        <ele>353.000</ele>
      </trkpt>
      <trkpt lat="44.169090000" lon="5.129020000">
        <ele>354.000</ele>
      </trkpt>
      <trkpt lat="44.169100000" lon="5.129000000">
        <ele>355.000</ele>
      </trkpt>
      <trkpt lat="44.169170000" lon="5.128700000">
        <ele>356.000</ele>
      </trkpt>
      <trkpt lat="44.169230000" lon="5.128440000">
        <ele>357.000</ele>
      </trkpt>
      <trkpt lat="44.169320000" lon="5.128070000">
        <ele>358.000</ele>
      </trkpt>
      <trkpt lat="44.169360000" lon="5.127940000">
        <ele>359.000</ele>
      </trkpt>
      <trkpt lat="44.169410000" lon="5.127810000">
        <ele>359.000</ele>
      </trkpt>
      <trkpt lat="44.169450000" lon="5.127700000">
        <ele>360.000</ele>
      </trkpt>
      <trkpt lat="44.169530000" lon="5.127570000">
        <ele>361.000</ele>
      </trkpt>
      <trkpt lat="44.169550000" lon="5.127540000">
        <ele>361.000</ele>
      </trkpt>
      <trkpt lat="44.169620000" lon="5.127450000">
        <ele>362.000</ele>
      </trkpt>
      <trkpt lat="44.169740000" lon="5.127330000">
        <ele>362.000</ele>
      </trkpt>
      <trkpt lat="44.169850000" lon="5.127240000">
        <ele>363.000</ele>
      </trkpt>
      <trkpt lat="44.169900000" lon="5.127200000">
        <ele>363.000</ele>
      </trkpt>
      <trkpt lat="44.169900000" lon="5.127200000">
        <ele>364.000</ele>
      </trkpt>
      <trkpt lat="44.170330000" lon="5.126860000">
        <ele>365.000</ele>
      </trkpt>
      <trkpt lat="44.170460000" lon="5.126760000">
        <ele>366.000</ele>
      </trkpt>
      <trkpt lat="44.170750000" lon="5.126550000">
        <ele>366.000</ele>
      </trkpt>
      <trkpt lat="44.170980000" lon="5.126360000">
        <ele>367.000</ele>
      </trkpt>
      <trkpt lat="44.171090000" lon="5.126280000">
        <ele>368.000</ele>
      </trkpt>
      <trkpt lat="44.171160000" lon="5.126210000">
        <ele>368.000</ele>
      </trkpt>
      <trkpt lat="44.171230000" lon="5.126090000">
        <ele>368.000</ele>
      </trkpt>
      <trkpt lat="44.171260000" lon="5.125960000">
        <ele>369.000</ele>
      </trkpt>
      <trkpt lat="44.171290000" lon="5.125860000">
        <ele>369.000</ele>
      </trkpt>
      <trkpt lat="44.171290000" lon="5.125780000">
        <ele>369.000</ele>
      </trkpt>
      <trkpt lat="44.171280000" lon="5.125700000">
        <ele>369.000</ele>
      </trkpt>
      <trkpt lat="44.171270000" lon="5.125620000">
        <ele>369.000</ele>
      </trkpt>
      <trkpt lat="44.171240000" lon="5.125510000">
        <ele>369.000</ele>
      </trkpt>
      <trkpt lat="44.171210000" lon="5.125440000">
        <ele>370.000</ele>
      </trkpt>
      <trkpt lat="44.171140000" lon="5.125350000">
        <ele>370.000</ele>
      </trkpt>
      <trkpt lat="44.171090000" lon="5.125290000">
        <ele>370.000</ele>
      </trkpt>
      <trkpt lat="44.171020000" lon="5.125240000">
        <ele>370.000</ele>
      </trkpt>
      <trkpt lat="44.170930000" lon="5.125200000">
        <ele>370.000</ele>
      </trkpt>
      <trkpt lat="44.170830000" lon="5.125200000">
        <ele>370.000</ele>
      </trkpt>
      <trkpt lat="44.170630000" lon="5.125220000">
        <ele>371.000</ele>
      </trkpt>
      <trkpt lat="44.170020000" lon="5.125300000">
        <ele>372.000</ele>
      </trkpt>
      <trkpt lat="44.169610000" lon="5.125370000">
        <ele>373.000</ele>
      </trkpt>
      <trkpt lat="44.169370000" lon="5.125420000">
        <ele>374.000</ele>
      </trkpt>
      <trkpt lat="44.168830000" lon="5.125580000">
        <ele>376.000</ele>
      </trkpt>
      <trkpt lat="44.168830000" lon="5.125580000">
        <ele>377.000</ele>
      </trkpt>
      <trkpt lat="44.168760000" lon="5.125600000">
        <ele>377.000</ele>
      </trkpt>
      <trkpt lat="44.167140000" lon="5.126070000">
        <ele>379.000</ele>
      </trkpt>
      <trkpt lat="44.167010000" lon="5.126100000">
        <ele>381.000</ele>
      </trkpt>
      <trkpt lat="44.166780000" lon="5.126170000">
        <ele>382.000</ele>
      </trkpt>
      <trkpt lat="44.166100000" lon="5.126340000">
        <ele>383.000</ele>
      </trkpt>
      <trkpt lat="44.165800000" lon="5.126440000">
        <ele>383.000</ele>
      </trkpt>
      <trkpt lat="44.165600000" lon="5.126520000">
        <ele>384.000</ele>
      </trkpt>
      <trkpt lat="44.165440000" lon="5.126600000">
        <ele>384.000</ele>
      </trkpt>
      <trkpt lat="44.165250000" lon="5.126720000">
        <ele>385.000</ele>
      </trkpt>
      <trkpt lat="44.165020000" lon="5.126920000">
        <ele>385.000</ele>
      </trkpt>
      <trkpt lat="44.164780000" lon="5.127160000">
        <ele>386.000</ele>
      </trkpt>
      <trkpt lat="44.164580000" lon="5.127420000">
        <ele>387.000</ele>
      </trkpt>
      <trkpt lat="44.164410000" lon="5.127680000">
        <ele>388.000</ele>
      </trkpt>
      <trkpt lat="44.164320000" lon="5.127870000">
        <ele>389.000</ele>
      </trkpt>
      <trkpt lat="44.164220000" lon="5.128070000">
        <ele>390.000</ele>
      </trkpt>
      <trkpt lat="44.163790000" lon="5.129140000">
        <ele>391.000</ele>
      </trkpt>
      <trkpt lat="44.163710000" lon="5.129340000">
        <ele>392.000</ele>
      </trkpt>
      <trkpt lat="44.163660000" lon="5.129470000">
        <ele>393.000</ele>
      </trkpt>
      <trkpt lat="44.163600000" lon="5.129570000">
        <ele>394.000</ele>
      </trkpt>
      <trkpt lat="44.163530000" lon="5.129670000">
        <ele>395.000</ele>
      </trkpt>
      <trkpt lat="44.163450000" lon="5.129740000">
        <ele>395.000</ele>
      </trkpt>
      <trkpt lat="44.163370000" lon="5.129810000">
        <ele>396.000</ele>
      </trkpt>
      <trkpt lat="44.163300000" lon="5.129840000">
        <ele>396.000</ele>
      </trkpt>
      <trkpt lat="44.163220000" lon="5.129880000">
        <ele>397.000</ele>
      </trkpt>
      <trkpt lat="44.163120000" lon="5.129880000">
        <ele>397.000</ele>
      </trkpt>
      <trkpt lat="44.163000000" lon="5.129860000">
        <ele>397.000</ele>
      </trkpt>
      <trkpt lat="44.162880000" lon="5.129780000">
        <ele>398.000</ele>
      </trkpt>
      <trkpt lat="44.162740000" lon="5.129670000">
        <ele>398.000</ele>
      </trkpt>
      <trkpt lat="44.162410000" lon="5.129370000">
        <ele>399.000</ele>
      </trkpt>
      <trkpt lat="44.162150000" lon="5.129120000">
        <ele>400.000</ele>
      </trkpt>
      <trkpt lat="44.161970000" lon="5.128920000">
        <ele>400.000</ele>
      </trkpt>
      <trkpt lat="44.161860000" lon="5.128800000">
        <ele>401.000</ele>
      </trkpt>
      <trkpt lat="44.161770000" lon="5.128700000">
        <ele>401.000</ele>
      </trkpt>
      <trkpt lat="44.161640000" lon="5.128540000">
        <ele>401.000</ele>
      </trkpt>
      <trkpt lat="44.161580000" lon="5.128440000">
        <ele>402.000</ele>
      </trkpt>
      <trkpt lat="44.161520000" lon="5.128340000">
        <ele>402.000</ele>
      </trkpt>
      <trkpt lat="44.161470000" lon="5.128230000">
        <ele>402.000</ele>
      </trkpt>
      <trkpt lat="44.161400000" lon="5.128040000">
        <ele>402.000</ele>
      </trkpt>
      <trkpt lat="44.161390000" lon="5.127990000">
        <ele>402.000</ele>
      </trkpt>
      <trkpt lat="44.161290000" lon="5.127700000">
        <ele>402.000</ele>
      </trkpt>
      <trkpt lat="44.161200000" lon="5.127410000">
        <ele>402.000</ele>
      </trkpt>
      <trkpt lat="44.161110000" lon="5.127180000">
        <ele>402.000</ele>
      </trkpt>
      <trkpt lat="44.161060000" lon="5.127060000">
        <ele>402.000</ele>
      </trkpt>
      <trkpt lat="44.160980000" lon="5.126890000">
        <ele>402.000</ele>
      </trkpt>
      <trkpt lat="44.160910000" lon="5.126770000">
        <ele>402.000</ele>
      </trkpt>
      <trkpt lat="44.160840000" lon="5.126660000">
        <ele>402.000</ele>
      </trkpt>
      <trkpt lat="44.160690000" lon="5.126480000">
        <ele>402.000</ele>
      </trkpt>
      <trkpt lat="44.160560000" lon="5.126340000">
        <ele>402.000</ele>
      </trkpt>
      <trkpt lat="44.160400000" lon="5.126190000">
        <ele>401.000</ele>
      </trkpt>
      <trkpt lat="44.159970000" lon="5.125810000">
        <ele>401.000</ele>
      </trkpt>
      <trkpt lat="44.159900000" lon="5.125770000">
        <ele>401.000</ele>
      </trkpt>
      <trkpt lat="44.159820000" lon="5.125730000">
        <ele>400.000</ele>
      </trkpt>
      <trkpt lat="44.159750000" lon="5.125710000">
        <ele>400.000</ele>
      </trkpt>
      <trkpt lat="44.159670000" lon="5.125710000">
        <ele>400.000</ele>
      </trkpt>
      <trkpt lat="44.159570000" lon="5.125730000">
        <ele>400.000</ele>
      </trkpt>
      <trkpt lat="44.159510000" lon="5.125750000">
        <ele>400.000</ele>
      </trkpt>
      <trkpt lat="44.159410000" lon="5.125800000">
        <ele>399.000</ele>
      </trkpt>
      <trkpt lat="44.159350000" lon="5.125840000">
        <ele>399.000</ele>
      </trkpt>
      <trkpt lat="44.159270000" lon="5.125910000">
        <ele>399.000</ele>
      </trkpt>
      <trkpt lat="44.159170000" lon="5.126030000">
        <ele>398.000</ele>
      </trkpt>
      <trkpt lat="44.158890000" lon="5.126380000">
        <ele>398.000</ele>
      </trkpt>
      <trkpt lat="44.158340000" lon="5.127110000">
        <ele>396.000</ele>
      </trkpt>
      <trkpt lat="44.158010000" lon="5.127530000">
        <ele>395.000</ele>
      </trkpt>
      <trkpt lat="44.157720000" lon="5.127910000">
        <ele>393.000</ele>
      </trkpt>
      <trkpt lat="44.157560000" lon="5.128100000">
        <ele>392.000</ele>
      </trkpt>
      <trkpt lat="44.157410000" lon="5.128260000">
        <ele>391.000</ele>
      </trkpt>
      <trkpt lat="44.157270000" lon="5.128370000">
        <ele>390.000</ele>
      </trkpt>
      <trkpt lat="44.157110000" lon="5.128470000">
        <ele>389.000</ele>
      </trkpt>
      <trkpt lat="44.156930000" lon="5.128570000">
        <ele>388.000</ele>
      </trkpt>
      <trkpt lat="44.156170000" lon="5.129000000">
        <ele>387.000</ele>
      </trkpt>
      <trkpt lat="44.155540000" lon="5.129360000">
        <ele>385.000</ele>
      </trkpt>
      <trkpt lat="44.155180000" lon="5.129550000">
        <ele>384.000</ele>
      </trkpt>
      <trkpt lat="44.155050000" lon="5.129580000">
        <ele>384.000</ele>
      </trkpt>
      <trkpt lat="44.154980000" lon="5.129600000">
        <ele>383.000</ele>
      </trkpt>
      <trkpt lat="44.154930000" lon="5.129600000">
        <ele>383.000</ele>
      </trkpt>
      <trkpt lat="44.154870000" lon="5.129580000">
        <ele>382.000</ele>
      </trkpt>
      <trkpt lat="44.154830000" lon="5.129570000">
        <ele>382.000</ele>
      </trkpt>
      <trkpt lat="44.154780000" lon="5.129530000">
        <ele>382.000</ele>
      </trkpt>
      <trkpt lat="44.154720000" lon="5.129570000">
        <ele>382.000</ele>
      </trkpt>
      <trkpt lat="44.154660000" lon="5.129650000">
        <ele>382.000</ele>
      </trkpt>
      <trkpt lat="44.154630000" lon="5.129700000">
        <ele>382.000</ele>
      </trkpt>
      <trkpt lat="44.154600000" lon="5.129740000">
        <ele>382.000</ele>
      </trkpt>
      <trkpt lat="44.154580000" lon="5.129770000">
        <ele>382.000</ele>
      </trkpt>
      <trkpt lat="44.154560000" lon="5.129800000">
        <ele>382.000</ele>
      </trkpt>
      <trkpt lat="44.154520000" lon="5.129810000">
        <ele>382.000</ele>
      </trkpt>
      <trkpt lat="44.154470000" lon="5.129840000">
        <ele>382.000</ele>
      </trkpt>
      <trkpt lat="44.154420000" lon="5.129860000">
        <ele>381.000</ele>
      </trkpt>
      <trkpt lat="44.154140000" lon="5.129860000">
        <ele>381.000</ele>
      </trkpt>
      <trkpt lat="44.154050000" lon="5.129860000">
        <ele>381.000</ele>
      </trkpt>
      <trkpt lat="44.153960000" lon="5.129860000">
        <ele>381.000</ele>
      </trkpt>
      <trkpt lat="44.153820000" lon="5.129890000">
        <ele>381.000</ele>
      </trkpt>
      <trkpt lat="44.153680000" lon="5.129950000">
        <ele>381.000</ele>
      </trkpt>
      <trkpt lat="44.153470000" lon="5.130120000">
        <ele>380.000</ele>
      </trkpt>
      <trkpt lat="44.152530000" lon="5.131140000">
        <ele>380.000</ele>
      </trkpt>
      <trkpt lat="44.152140000" lon="5.131560000">
        <ele>380.000</ele>
      </trkpt>
      <trkpt lat="44.151960000" lon="5.131760000">
        <ele>380.000</ele>
      </trkpt>
      <trkpt lat="44.151870000" lon="5.131860000">
        <ele>380.000</ele>
      </trkpt>
      <trkpt lat="44.151780000" lon="5.132000000">
        <ele>380.000</ele>
      </trkpt>
      <trkpt lat="44.150640000" lon="5.133750000">
        <ele>381.000</ele>
      </trkpt>
      <trkpt lat="44.150570000" lon="5.133850000">
        <ele>382.000</ele>
      </trkpt>
      <trkpt lat="44.150520000" lon="5.133920000">
        <ele>382.000</ele>
      </trkpt>
      <trkpt lat="44.150480000" lon="5.133960000">
        <ele>383.000</ele>
      </trkpt>
      <trkpt lat="44.150420000" lon="5.133990000">
        <ele>384.000</ele>
      </trkpt>
      <trkpt lat="44.150350000" lon="5.134020000">
        <ele>384.000</ele>
      </trkpt>
      <trkpt lat="44.150230000" lon="5.134040000">
        <ele>385.000</ele>
      </trkpt>
      <trkpt lat="44.150150000" lon="5.134040000">
        <ele>386.000</ele>
      </trkpt>
      <trkpt lat="44.150100000" lon="5.134020000">
        <ele>386.000</ele>
      </trkpt>
      <trkpt lat="44.150050000" lon="5.133980000">
        <ele>387.000</ele>
      </trkpt>
      <trkpt lat="44.150010000" lon="5.133920000">
        <ele>388.000</ele>
      </trkpt>
      <trkpt lat="44.149980000" lon="5.133850000">
        <ele>388.000</ele>
      </trkpt>
      <trkpt lat="44.149970000" lon="5.133720000">
        <ele>389.000</ele>
      </trkpt>
      <trkpt lat="44.150010000" lon="5.133320000">
        <ele>390.000</ele>
      </trkpt>
      <trkpt lat="44.150010000" lon="5.133090000">
        <ele>391.000</ele>
      </trkpt>
      <trkpt lat="44.149930000" lon="5.131580000">
        <ele>395.000</ele>
      </trkpt>
      <trkpt lat="44.149920000" lon="5.131390000">
        <ele>398.000</ele>
      </trkpt>
      <trkpt lat="44.149890000" lon="5.131250000">
        <ele>400.000</ele>
      </trkpt>
      <trkpt lat="44.149860000" lon="5.131110000">
        <ele>402.000</ele>
      </trkpt>
      <trkpt lat="44.149800000" lon="5.130970000">
        <ele>403.000</ele>
      </trkpt>
      <trkpt lat="44.149630000" lon="5.130690000">
        <ele>405.000</ele>
      </trkpt>
      <trkpt lat="44.149490000" lon="5.130420000">
        <ele>406.000</ele>
      </trkpt>
      <trkpt lat="44.149320000" lon="5.130150000">
        <ele>407.000</ele>
      </trkpt>
      <trkpt lat="44.149230000" lon="5.130030000">
        <ele>408.000</ele>
      </trkpt>
      <trkpt lat="44.149170000" lon="5.129950000">
        <ele>409.000</ele>
      </trkpt>
      <trkpt lat="44.148720000" lon="5.129570000">
        <ele>411.000</ele>
      </trkpt>
      <trkpt lat="44.148550000" lon="5.129430000">
        <ele>412.000</ele>
      </trkpt>
      <trkpt lat="44.148400000" lon="5.129340000">
        <ele>413.000</ele>
      </trkpt>
      <trkpt lat="44.148200000" lon="5.129260000">
        <ele>413.000</ele>
      </trkpt>
      <trkpt lat="44.147950000" lon="5.129180000">
        <ele>414.000</ele>
      </trkpt>
      <trkpt lat="44.147770000" lon="5.129140000">
        <ele>415.000</ele>
      </trkpt>
      <trkpt lat="44.147640000" lon="5.129140000">
        <ele>415.000</ele>
      </trkpt>
      <trkpt lat="44.147550000" lon="5.129150000">
        <ele>415.000</ele>
      </trkpt>
      <trkpt lat="44.147480000" lon="5.129180000">
        <ele>416.000</ele>
      </trkpt>
      <trkpt lat="44.147370000" lon="5.129230000">
        <ele>416.000</ele>
      </trkpt>
      <trkpt lat="44.147300000" lon="5.129280000">
        <ele>416.000</ele>
      </trkpt>
      <trkpt lat="44.147220000" lon="5.129370000">
        <ele>416.000</ele>
      </trkpt>
      <trkpt lat="44.147100000" lon="5.129520000">
        <ele>417.000</ele>
      </trkpt>
      <trkpt lat="44.147020000" lon="5.129650000">
        <ele>417.000</ele>
      </trkpt>
      <trkpt lat="44.146970000" lon="5.129780000">
        <ele>417.000</ele>
      </trkpt>
      <trkpt lat="44.146880000" lon="5.130020000">
        <ele>418.000</ele>
      </trkpt>
      <trkpt lat="44.146800000" lon="5.130260000">
        <ele>418.000</ele>
      </trkpt>
      <trkpt lat="44.146770000" lon="5.130380000">
        <ele>418.000</ele>
      </trkpt>
      <trkpt lat="44.146730000" lon="5.130490000">
        <ele>419.000</ele>
      </trkpt>
      <trkpt lat="44.146670000" lon="5.130620000">
        <ele>419.000</ele>
      </trkpt>
      <trkpt lat="44.146610000" lon="5.130730000">
        <ele>419.000</ele>
      </trkpt>
      <trkpt lat="44.146520000" lon="5.130890000">
        <ele>420.000</ele>
      </trkpt>
      <trkpt lat="44.146240000" lon="5.131310000">
        <ele>420.000</ele>
      </trkpt>
      <trkpt lat="44.146080000" lon="5.131540000">
        <ele>421.000</ele>
      </trkpt>
      <trkpt lat="44.146020000" lon="5.131650000">
        <ele>421.000</ele>
      </trkpt>
      <trkpt lat="44.145960000" lon="5.131780000">
        <ele>422.000</ele>
      </trkpt>
      <trkpt lat="44.145910000" lon="5.131920000">
        <ele>422.000</ele>
      </trkpt>
      <trkpt lat="44.145870000" lon="5.132080000">
        <ele>423.000</ele>
      </trkpt>
      <trkpt lat="44.145830000" lon="5.132290000">
        <ele>424.000</ele>
      </trkpt>
      <trkpt lat="44.145800000" lon="5.132470000">
        <ele>425.000</ele>
      </trkpt>
      <trkpt lat="44.145780000" lon="5.132630000">
        <ele>425.000</ele>
      </trkpt>
      <trkpt lat="44.145780000" lon="5.132780000">
        <ele>426.000</ele>
      </trkpt>
      <trkpt lat="44.145790000" lon="5.133330000">
        <ele>428.000</ele>
      </trkpt>
      <trkpt lat="44.145790000" lon="5.133450000">
        <ele>429.000</ele>
      </trkpt>
      <trkpt lat="44.145770000" lon="5.133510000">
        <ele>430.000</ele>
      </trkpt>
      <trkpt lat="44.145760000" lon="5.133540000">
        <ele>430.000</ele>
      </trkpt>
      <trkpt lat="44.145730000" lon="5.133580000">
        <ele>431.000</ele>
      </trkpt>
      <trkpt lat="44.145700000" lon="5.133620000">
        <ele>431.000</ele>
      </trkpt>
      <trkpt lat="44.145670000" lon="5.133630000">
        <ele>432.000</ele>
      </trkpt>
      <trkpt lat="44.145620000" lon="5.133640000">
        <ele>432.000</ele>
      </trkpt>
      <trkpt lat="44.145520000" lon="5.133630000">
        <ele>433.000</ele>
      </trkpt>
      <trkpt lat="44.145450000" lon="5.133610000">
        <ele>433.000</ele>
      </trkpt>
      <trkpt lat="44.145260000" lon="5.133520000">
        <ele>434.000</ele>
      </trkpt>
      <trkpt lat="44.145010000" lon="5.133450000">
        <ele>435.000</ele>
      </trkpt>
      <trkpt lat="44.144950000" lon="5.133450000">
        <ele>436.000</ele>
      </trkpt>
      <trkpt lat="44.144870000" lon="5.133450000">
        <ele>436.000</ele>
      </trkpt>
      <trkpt lat="44.144760000" lon="5.133460000">
        <ele>437.000</ele>
      </trkpt>
      <trkpt lat="44.144270000" lon="5.133540000">
        <ele>438.000</ele>
      </trkpt>
      <trkpt lat="44.144210000" lon="5.133540000">
        <ele>439.000</ele>
      </trkpt>
      <trkpt lat="44.144150000" lon="5.133520000">
        <ele>440.000</ele>
      </trkpt>
      <trkpt lat="44.144090000" lon="5.133500000">
        <ele>440.000</ele>
      </trkpt>
      <trkpt lat="44.144010000" lon="5.133450000">
        <ele>441.000</ele>
      </trkpt>
      <trkpt lat="44.143760000" lon="5.133270000">
        <ele>442.000</ele>
      </trkpt>
      <trkpt lat="44.143710000" lon="5.133220000">
        <ele>442.000</ele>
      </trkpt>
      <trkpt lat="44.143630000" lon="5.133090000">
        <ele>443.000</ele>
      </trkpt>
      <trkpt lat="44.143590000" lon="5.133000000">
        <ele>443.000</ele>
      </trkpt>
      <trkpt lat="44.143510000" lon="5.132760000">
        <ele>444.000</ele>
      </trkpt>
      <trkpt lat="44.143440000" lon="5.132580000">
        <ele>445.000</ele>
      </trkpt>
      <trkpt lat="44.143360000" lon="5.132470000">
        <ele>445.000</ele>
      </trkpt>
      <trkpt lat="44.143320000" lon="5.132420000">
        <ele>446.000</ele>
      </trkpt>
      <trkpt lat="44.143260000" lon="5.132370000">
        <ele>446.000</ele>
      </trkpt>
      <trkpt lat="44.143200000" lon="5.132340000">
        <ele>446.000</ele>
      </trkpt>
      <trkpt lat="44.142940000" lon="5.132230000">
        <ele>447.000</ele>
      </trkpt>
      <trkpt lat="44.142890000" lon="5.132210000">
        <ele>447.000</ele>
      </trkpt>
      <trkpt lat="44.142860000" lon="5.132170000">
        <ele>448.000</ele>
      </trkpt>
      <trkpt lat="44.142680000" lon="5.131800000">
        <ele>448.000</ele>
      </trkpt>
      <trkpt lat="44.142510000" lon="5.131520000">
        <ele>449.000</ele>
      </trkpt>
      <trkpt lat="44.142340000" lon="5.131270000">
        <ele>450.000</ele>
      </trkpt>
      <trkpt lat="44.142220000" lon="5.131120000">
        <ele>451.000</ele>
      </trkpt>
      <trkpt lat="44.142160000" lon="5.131050000">
        <ele>451.000</ele>
      </trkpt>
      <trkpt lat="44.142110000" lon="5.130990000">
        <ele>451.000</ele>
      </trkpt>
      <trkpt lat="44.142000000" lon="5.130910000">
        <ele>452.000</ele>
      </trkpt>
      <trkpt lat="44.141910000" lon="5.130830000">
        <ele>452.000</ele>
      </trkpt>
      <trkpt lat="44.141840000" lon="5.130730000">
        <ele>452.000</ele>
      </trkpt>
      <trkpt lat="44.141640000" lon="5.130470000">
        <ele>453.000</ele>
      </trkpt>
      <trkpt lat="44.141550000" lon="5.130320000">
        <ele>453.000</ele>
      </trkpt>
      <trkpt lat="44.141490000" lon="5.130240000">
        <ele>453.000</ele>
      </trkpt>
      <trkpt lat="44.141460000" lon="5.130160000">
        <ele>454.000</ele>
      </trkpt>
      <trkpt lat="44.141430000" lon="5.130080000">
        <ele>454.000</ele>
      </trkpt>
      <trkpt lat="44.141410000" lon="5.129980000">
        <ele>454.000</ele>
      </trkpt>
      <trkpt lat="44.141400000" lon="5.129890000">
        <ele>454.000</ele>
      </trkpt>
      <trkpt lat="44.141400000" lon="5.129620000">
        <ele>454.000</ele>
      </trkpt>
      <trkpt lat="44.141380000" lon="5.129550000">
        <ele>455.000</ele>
      </trkpt>
      <trkpt lat="44.141360000" lon="5.129480000">
        <ele>455.000</ele>
      </trkpt>
      <trkpt lat="44.141330000" lon="5.129450000">
        <ele>455.000</ele>
      </trkpt>
      <trkpt lat="44.141290000" lon="5.129430000">
        <ele>455.000</ele>
      </trkpt>
      <trkpt lat="44.141250000" lon="5.129420000">
        <ele>455.000</ele>
      </trkpt>
      <trkpt lat="44.141220000" lon="5.129420000">
        <ele>455.000</ele>
      </trkpt>
      <trkpt lat="44.141190000" lon="5.129430000">
        <ele>455.000</ele>
      </trkpt>
      <trkpt lat="44.141160000" lon="5.129460000">
        <ele>455.000</ele>
      </trkpt>
      <trkpt lat="44.141130000" lon="5.129490000">
        <ele>455.000</ele>
      </trkpt>
      <trkpt lat="44.141090000" lon="5.129540000">
        <ele>455.000</ele>
      </trkpt>
      <trkpt lat="44.141050000" lon="5.129600000">
        <ele>455.000</ele>
      </trkpt>
      <trkpt lat="44.141020000" lon="5.129670000">
        <ele>455.000</ele>
      </trkpt>
      <trkpt lat="44.141000000" lon="5.129720000">
        <ele>455.000</ele>
      </trkpt>
      <trkpt lat="44.140990000" lon="5.129780000">
        <ele>455.000</ele>
      </trkpt>
      <trkpt lat="44.140990000" lon="5.129850000">
        <ele>455.000</ele>
      </trkpt>
      <trkpt lat="44.141000000" lon="5.129930000">
        <ele>455.000</ele>
      </trkpt>
      <trkpt lat="44.141070000" lon="5.130240000">
        <ele>455.000</ele>
      </trkpt>
      <trkpt lat="44.141090000" lon="5.130370000">
        <ele>455.000</ele>
      </trkpt>
      <trkpt lat="44.141090000" lon="5.130510000">
        <ele>455.000</ele>
      </trkpt>
      <trkpt lat="44.141070000" lon="5.130780000">
        <ele>455.000</ele>
      </trkpt>
      <trkpt lat="44.141010000" lon="5.131320000">
        <ele>455.000</ele>
      </trkpt>
      <trkpt lat="44.140960000" lon="5.131590000">
        <ele>455.000</ele>
      </trkpt>
      <trkpt lat="44.140930000" lon="5.131730000">
        <ele>455.000</ele>
      </trkpt>
      <trkpt lat="44.140900000" lon="5.131840000">
        <ele>454.000</ele>
      </trkpt>
      <trkpt lat="44.140850000" lon="5.131960000">
        <ele>454.000</ele>
      </trkpt>
      <trkpt lat="44.140810000" lon="5.132060000">
        <ele>454.000</ele>
      </trkpt>
      <trkpt lat="44.140750000" lon="5.132160000">
        <ele>453.000</ele>
      </trkpt>
      <trkpt lat="44.140640000" lon="5.132350000">
        <ele>453.000</ele>
      </trkpt>
      <trkpt lat="44.140580000" lon="5.132460000">
        <ele>452.000</ele>
      </trkpt>
      <trkpt lat="44.140560000" lon="5.132560000">
        <ele>451.000</ele>
      </trkpt>
      <trkpt lat="44.140560000" lon="5.132640000">
        <ele>451.000</ele>
      </trkpt>
      <trkpt lat="44.140580000" lon="5.132720000">
        <ele>450.000</ele>
      </trkpt>
      <trkpt lat="44.140900000" lon="5.133270000">
        <ele>449.000</ele>
      </trkpt>
      <trkpt lat="44.140940000" lon="5.133350000">
        <ele>448.000</ele>
      </trkpt>
      <trkpt lat="44.140960000" lon="5.133430000">
        <ele>447.000</ele>
      </trkpt>
      <trkpt lat="44.140990000" lon="5.133520000">
        <ele>447.000</ele>
      </trkpt>
      <trkpt lat="44.141000000" lon="5.133630000">
        <ele>446.000</ele>
      </trkpt>
      <trkpt lat="44.140990000" lon="5.133710000">
        <ele>445.000</ele>
      </trkpt>
      <trkpt lat="44.140980000" lon="5.133790000">
        <ele>445.000</ele>
      </trkpt>
      <trkpt lat="44.140960000" lon="5.133900000">
        <ele>444.000</ele>
      </trkpt>
      <trkpt lat="44.140810000" lon="5.134300000">
        <ele>444.000</ele>
      </trkpt>
      <trkpt lat="44.140790000" lon="5.134410000">
        <ele>443.000</ele>
      </trkpt>
      <trkpt lat="44.140770000" lon="5.134510000">
        <ele>442.000</ele>
      </trkpt>
      <trkpt lat="44.140770000" lon="5.134620000">
        <ele>442.000</ele>
      </trkpt>
      <trkpt lat="44.140770000" lon="5.134710000">
        <ele>441.000</ele>
      </trkpt>
      <trkpt lat="44.140790000" lon="5.134810000">
        <ele>441.000</ele>
      </trkpt>
      <trkpt lat="44.140810000" lon="5.134910000">
        <ele>440.000</ele>
      </trkpt>
      <trkpt lat="44.140850000" lon="5.135020000">
        <ele>440.000</ele>
      </trkpt>
      <trkpt lat="44.140890000" lon="5.135120000">
        <ele>439.000</ele>
      </trkpt>
      <trkpt lat="44.140950000" lon="5.135250000">
        <ele>439.000</ele>
      </trkpt>
      <trkpt lat="44.141040000" lon="5.135370000">
        <ele>438.000</ele>
      </trkpt>
      <trkpt lat="44.141120000" lon="5.135480000">
        <ele>438.000</ele>
      </trkpt>
      <trkpt lat="44.141350000" lon="5.135760000">
        <ele>437.000</ele>
      </trkpt>
      <trkpt lat="44.141460000" lon="5.135870000">
        <ele>436.000</ele>
      </trkpt>
      <trkpt lat="44.141540000" lon="5.135930000">
        <ele>435.000</ele>
      </trkpt>
      <trkpt lat="44.141680000" lon="5.136030000">
        <ele>434.000</ele>
      </trkpt>
      <trkpt lat="44.141750000" lon="5.136050000">
        <ele>434.000</ele>
      </trkpt>
      <trkpt lat="44.141870000" lon="5.136080000">
        <ele>434.000</ele>
      </trkpt>
      <trkpt lat="44.142030000" lon="5.136100000">
        <ele>433.000</ele>
      </trkpt>
      <trkpt lat="44.142080000" lon="5.136120000">
        <ele>433.000</ele>
      </trkpt>
      <trkpt lat="44.142120000" lon="5.136150000">
        <ele>433.000</ele>
      </trkpt>
      <trkpt lat="44.142150000" lon="5.136180000">
        <ele>433.000</ele>
      </trkpt>
      <trkpt lat="44.142170000" lon="5.136240000">
        <ele>433.000</ele>
      </trkpt>
      <trkpt lat="44.142180000" lon="5.136300000">
        <ele>433.000</ele>
      </trkpt>
      <trkpt lat="44.142180000" lon="5.136360000">
        <ele>433.000</ele>
      </trkpt>
      <trkpt lat="44.142170000" lon="5.136430000">
        <ele>433.000</ele>
      </trkpt>
      <trkpt lat="44.142150000" lon="5.136490000">
        <ele>433.000</ele>
      </trkpt>
      <trkpt lat="44.141920000" lon="5.136910000">
        <ele>433.000</ele>
      </trkpt>
      <trkpt lat="44.141560000" lon="5.137600000">
        <ele>432.000</ele>
      </trkpt>
      <trkpt lat="44.141480000" lon="5.137800000">
        <ele>432.000</ele>
      </trkpt>
      <trkpt lat="44.141450000" lon="5.137910000">
        <ele>432.000</ele>
      </trkpt>
      <trkpt lat="44.141430000" lon="5.138020000">
        <ele>431.000</ele>
      </trkpt>
      <trkpt lat="44.141420000" lon="5.138100000">
        <ele>431.000</ele>
      </trkpt>
      <trkpt lat="44.141420000" lon="5.138190000">
        <ele>431.000</ele>
      </trkpt>
      <trkpt lat="44.141430000" lon="5.138270000">
        <ele>431.000</ele>
      </trkpt>
      <trkpt lat="44.141450000" lon="5.138350000">
        <ele>431.000</ele>
      </trkpt>
      <trkpt lat="44.141470000" lon="5.138420000">
        <ele>431.000</ele>
      </trkpt>
      <trkpt lat="44.141510000" lon="5.138480000">
        <ele>430.000</ele>
      </trkpt>
      <trkpt lat="44.141540000" lon="5.138510000">
        <ele>430.000</ele>
      </trkpt>
      <trkpt lat="44.141620000" lon="5.138550000">
        <ele>430.000</ele>
      </trkpt>
      <trkpt lat="44.141700000" lon="5.138550000">
        <ele>430.000</ele>
      </trkpt>
      <trkpt lat="44.141750000" lon="5.138540000">
        <ele>430.000</ele>
      </trkpt>
      <trkpt lat="44.141820000" lon="5.138520000">
        <ele>430.000</ele>
      </trkpt>
      <trkpt lat="44.141970000" lon="5.138450000">
        <ele>430.000</ele>
      </trkpt>
      <trkpt lat="44.142040000" lon="5.138430000">
        <ele>429.000</ele>
      </trkpt>
      <trkpt lat="44.142100000" lon="5.138420000">
        <ele>429.000</ele>
      </trkpt>
      <trkpt lat="44.142170000" lon="5.138410000">
        <ele>429.000</ele>
      </trkpt>
      <trkpt lat="44.142220000" lon="5.138420000">
        <ele>429.000</ele>
      </trkpt>
      <trkpt lat="44.142270000" lon="5.138440000">
        <ele>429.000</ele>
      </trkpt>
      <trkpt lat="44.142310000" lon="5.138460000">
        <ele>429.000</ele>
      </trkpt>
      <trkpt lat="44.142370000" lon="5.138520000">
        <ele>429.000</ele>
      </trkpt>
      <trkpt lat="44.142400000" lon="5.138580000">
        <ele>428.000</ele>
      </trkpt>
      <trkpt lat="44.142430000" lon="5.138660000">
        <ele>428.000</ele>
      </trkpt>
      <trkpt lat="44.142540000" lon="5.139010000">
        <ele>428.000</ele>
      </trkpt>
      <trkpt lat="44.142590000" lon="5.139110000">
        <ele>428.000</ele>
      </trkpt>
      <trkpt lat="44.142630000" lon="5.139180000">
        <ele>427.000</ele>
      </trkpt>
      <trkpt lat="44.142700000" lon="5.139250000">
        <ele>427.000</ele>
      </trkpt>
      <trkpt lat="44.142750000" lon="5.139290000">
        <ele>427.000</ele>
      </trkpt>
      <trkpt lat="44.142830000" lon="5.139330000">
        <ele>427.000</ele>
      </trkpt>
      <trkpt lat="44.142870000" lon="5.139360000">
        <ele>426.000</ele>
      </trkpt>
      <trkpt lat="44.142900000" lon="5.139390000">
        <ele>426.000</ele>
      </trkpt>
      <trkpt lat="44.142910000" lon="5.139440000">
        <ele>426.000</ele>
      </trkpt>
      <trkpt lat="44.142920000" lon="5.139490000">
        <ele>426.000</ele>
      </trkpt>
      <trkpt lat="44.142910000" lon="5.139540000">
        <ele>426.000</ele>
      </trkpt>
      <trkpt lat="44.142900000" lon="5.139580000">
        <ele>425.000</ele>
      </trkpt>
      <trkpt lat="44.142870000" lon="5.139640000">
        <ele>425.000</ele>
      </trkpt>
      <trkpt lat="44.142740000" lon="5.139830000">
        <ele>425.000</ele>
      </trkpt>
      <trkpt lat="44.142700000" lon="5.139920000">
        <ele>425.000</ele>
      </trkpt>
      <trkpt lat="44.142630000" lon="5.140080000">
        <ele>424.000</ele>
      </trkpt>
      <trkpt lat="44.142570000" lon="5.140250000">
        <ele>424.000</ele>
      </trkpt>
      <trkpt lat="44.142540000" lon="5.140360000">
        <ele>423.000</ele>
      </trkpt>
      <trkpt lat="44.142530000" lon="5.140450000">
        <ele>423.000</ele>
      </trkpt>
      <trkpt lat="44.142520000" lon="5.140540000">
        <ele>423.000</ele>
      </trkpt>
      <trkpt lat="44.142530000" lon="5.140640000">
        <ele>422.000</ele>
      </trkpt>
      <trkpt lat="44.142550000" lon="5.140740000">
        <ele>422.000</ele>
      </trkpt>
      <trkpt lat="44.142590000" lon="5.140840000">
        <ele>422.000</ele>
      </trkpt>
      <trkpt lat="44.142630000" lon="5.140910000">
        <ele>422.000</ele>
      </trkpt>
      <trkpt lat="44.142680000" lon="5.140970000">
        <ele>421.000</ele>
      </trkpt>
      <trkpt lat="44.142740000" lon="5.141020000">
        <ele>421.000</ele>
      </trkpt>
      <trkpt lat="44.142840000" lon="5.141080000">
        <ele>421.000</ele>
      </trkpt>
      <trkpt lat="44.142870000" lon="5.141130000">
        <ele>421.000</ele>
      </trkpt>
      <trkpt lat="44.142890000" lon="5.141170000">
        <ele>420.000</ele>
      </trkpt>
      <trkpt lat="44.142910000" lon="5.141220000">
        <ele>420.000</ele>
      </trkpt>
      <trkpt lat="44.142910000" lon="5.141280000">
        <ele>420.000</ele>
      </trkpt>
      <trkpt lat="44.142900000" lon="5.141320000">
        <ele>420.000</ele>
      </trkpt>
      <trkpt lat="44.142890000" lon="5.141360000">
        <ele>420.000</ele>
      </trkpt>
      <trkpt lat="44.142870000" lon="5.141400000">
        <ele>420.000</ele>
      </trkpt>
      <trkpt lat="44.142840000" lon="5.141440000">
        <ele>420.000</ele>
      </trkpt>
      <trkpt lat="44.142790000" lon="5.141460000">
        <ele>420.000</ele>
      </trkpt>
      <trkpt lat="44.142750000" lon="5.141480000">
        <ele>419.000</ele>
      </trkpt>
      <trkpt lat="44.142640000" lon="5.141490000">
        <ele>419.000</ele>
      </trkpt>
      <trkpt lat="44.142400000" lon="5.141470000">
        <ele>419.000</ele>
      </trkpt>
      <trkpt lat="44.142360000" lon="5.141480000">
        <ele>419.000</ele>
      </trkpt>
      <trkpt lat="44.142320000" lon="5.141500000">
        <ele>419.000</ele>
      </trkpt>
      <trkpt lat="44.142290000" lon="5.141540000">
        <ele>418.000</ele>
      </trkpt>
      <trkpt lat="44.142260000" lon="5.141580000">
        <ele>418.000</ele>
      </trkpt>
      <trkpt lat="44.142170000" lon="5.141880000">
        <ele>418.000</ele>
      </trkpt>
      <trkpt lat="44.142140000" lon="5.141930000">
        <ele>418.000</ele>
      </trkpt>
      <trkpt lat="44.142120000" lon="5.141970000">
        <ele>417.000</ele>
      </trkpt>
      <trkpt lat="44.142080000" lon="5.142000000">
        <ele>417.000</ele>
      </trkpt>
      <trkpt lat="44.142030000" lon="5.142020000">
        <ele>417.000</ele>
      </trkpt>
      <trkpt lat="44.141980000" lon="5.142030000">
        <ele>417.000</ele>
      </trkpt>
      <trkpt lat="44.141930000" lon="5.142030000">
        <ele>417.000</ele>
      </trkpt>
      <trkpt lat="44.141500000" lon="5.141970000">
        <ele>416.000</ele>
      </trkpt>
      <trkpt lat="44.141430000" lon="5.141970000">
        <ele>416.000</ele>
      </trkpt>
      <trkpt lat="44.141370000" lon="5.141980000">
        <ele>416.000</ele>
      </trkpt>
      <trkpt lat="44.141310000" lon="5.142010000">
        <ele>416.000</ele>
      </trkpt>
      <trkpt lat="44.141240000" lon="5.142050000">
        <ele>416.000</ele>
      </trkpt>
      <trkpt lat="44.141070000" lon="5.142170000">
        <ele>417.000</ele>
      </trkpt>
      <trkpt lat="44.141000000" lon="5.142210000">
        <ele>417.000</ele>
      </trkpt>
      <trkpt lat="44.140940000" lon="5.142220000">
        <ele>418.000</ele>
      </trkpt>
      <trkpt lat="44.140890000" lon="5.142230000">
        <ele>418.000</ele>
      </trkpt>
      <trkpt lat="44.140860000" lon="5.142220000">
        <ele>418.000</ele>
      </trkpt>
      <trkpt lat="44.140830000" lon="5.142200000">
        <ele>419.000</ele>
      </trkpt>
      <trkpt lat="44.140770000" lon="5.142140000">
        <ele>419.000</ele>
      </trkpt>
      <trkpt lat="44.140680000" lon="5.142010000">
        <ele>419.000</ele>
      </trkpt>
      <trkpt lat="44.140610000" lon="5.141940000">
        <ele>420.000</ele>
      </trkpt>
      <trkpt lat="44.140530000" lon="5.141880000">
        <ele>420.000</ele>
      </trkpt>
      <trkpt lat="44.140480000" lon="5.141850000">
        <ele>420.000</ele>
      </trkpt>
      <trkpt lat="44.140410000" lon="5.141830000">
        <ele>421.000</ele>
      </trkpt>
      <trkpt lat="44.140290000" lon="5.141800000">
        <ele>421.000</ele>
      </trkpt>
      <trkpt lat="44.139990000" lon="5.141750000">
        <ele>422.000</ele>
      </trkpt>
      <trkpt lat="44.139940000" lon="5.141740000">
        <ele>423.000</ele>
      </trkpt>
      <trkpt lat="44.139880000" lon="5.141720000">
        <ele>423.000</ele>
      </trkpt>
      <trkpt lat="44.139840000" lon="5.141680000">
        <ele>424.000</ele>
      </trkpt>
      <trkpt lat="44.139790000" lon="5.141620000">
        <ele>424.000</ele>
      </trkpt>
      <trkpt lat="44.139670000" lon="5.141460000">
        <ele>424.000</ele>
      </trkpt>
      <trkpt lat="44.139620000" lon="5.141410000">
        <ele>425.000</ele>
      </trkpt>
      <trkpt lat="44.139550000" lon="5.141360000">
        <ele>425.000</ele>
      </trkpt>
      <trkpt lat="44.139480000" lon="5.141320000">
        <ele>425.000</ele>
      </trkpt>
      <trkpt lat="44.139370000" lon="5.141280000">
        <ele>425.000</ele>
      </trkpt>
      <trkpt lat="44.139130000" lon="5.141200000">
        <ele>425.000</ele>
      </trkpt>
      <trkpt lat="44.139000000" lon="5.141170000">
        <ele>426.000</ele>
      </trkpt>
      <trkpt lat="44.138890000" lon="5.141160000">
        <ele>426.000</ele>
      </trkpt>
      <trkpt lat="44.138760000" lon="5.141150000">
        <ele>426.000</ele>
      </trkpt>
      <trkpt lat="44.138630000" lon="5.141180000">
        <ele>426.000</ele>
      </trkpt>
      <trkpt lat="44.138550000" lon="5.141230000">
        <ele>426.000</ele>
      </trkpt>
      <trkpt lat="44.138490000" lon="5.141270000">
        <ele>427.000</ele>
      </trkpt>
      <trkpt lat="44.138430000" lon="5.141340000">
        <ele>427.000</ele>
      </trkpt>
      <trkpt lat="44.138350000" lon="5.141430000">
        <ele>427.000</ele>
      </trkpt>
      <trkpt lat="44.138310000" lon="5.141490000">
        <ele>427.000</ele>
      </trkpt>
      <trkpt lat="44.138260000" lon="5.141600000">
        <ele>427.000</ele>
      </trkpt>
      <trkpt lat="44.138240000" lon="5.141690000">
        <ele>427.000</ele>
      </trkpt>
      <trkpt lat="44.138200000" lon="5.141830000">
        <ele>428.000</ele>
      </trkpt>
      <trkpt lat="44.137770000" lon="5.143780000">
        <ele>429.000</ele>
      </trkpt>
      <trkpt lat="44.137710000" lon="5.143980000">
        <ele>430.000</ele>
      </trkpt>
      <trkpt lat="44.137650000" lon="5.144090000">
        <ele>430.000</ele>
      </trkpt>
      <trkpt lat="44.137570000" lon="5.144180000">
        <ele>431.000</ele>
      </trkpt>
      <trkpt lat="44.137470000" lon="5.144250000">
        <ele>431.000</ele>
      </trkpt>
      <trkpt lat="44.137350000" lon="5.144280000">
        <ele>431.000</ele>
      </trkpt>
      <trkpt lat="44.136720000" lon="5.144430000">
        <ele>431.000</ele>
      </trkpt>
      <trkpt lat="44.136570000" lon="5.144470000">
        <ele>432.000</ele>
      </trkpt>
      <trkpt lat="44.136400000" lon="5.144550000">
        <ele>432.000</ele>
      </trkpt>
      <trkpt lat="44.136110000" lon="5.144710000">
        <ele>432.000</ele>
      </trkpt>
      <trkpt lat="44.135940000" lon="5.144810000">
        <ele>432.000</ele>
      </trkpt>
      <trkpt lat="44.135530000" lon="5.145060000">
        <ele>432.000</ele>
      </trkpt>
      <trkpt lat="44.135260000" lon="5.145230000">
        <ele>431.000</ele>
      </trkpt>
      <trkpt lat="44.135170000" lon="5.145300000">
        <ele>431.000</ele>
      </trkpt>
      <trkpt lat="44.135090000" lon="5.145390000">
        <ele>431.000</ele>
      </trkpt>
      <trkpt lat="44.135050000" lon="5.145450000">
        <ele>430.000</ele>
      </trkpt>
      <trkpt lat="44.135020000" lon="5.145510000">
        <ele>430.000</ele>
      </trkpt>
      <trkpt lat="44.134990000" lon="5.145600000">
        <ele>430.000</ele>
      </trkpt>
      <trkpt lat="44.134970000" lon="5.145690000">
        <ele>430.000</ele>
      </trkpt>
      <trkpt lat="44.134920000" lon="5.145980000">
        <ele>429.000</ele>
      </trkpt>
      <trkpt lat="44.134900000" lon="5.146110000">
        <ele>429.000</ele>
      </trkpt>
      <trkpt lat="44.134910000" lon="5.146210000">
        <ele>429.000</ele>
      </trkpt>
      <trkpt lat="44.134930000" lon="5.146280000">
        <ele>428.000</ele>
      </trkpt>
      <trkpt lat="44.134970000" lon="5.146340000">
        <ele>428.000</ele>
      </trkpt>
      <trkpt lat="44.135020000" lon="5.146380000">
        <ele>428.000</ele>
      </trkpt>
      <trkpt lat="44.135090000" lon="5.146400000">
        <ele>428.000</ele>
      </trkpt>
      <trkpt lat="44.135280000" lon="5.146420000">
        <ele>428.000</ele>
      </trkpt>
      <trkpt lat="44.135530000" lon="5.146430000">
        <ele>427.000</ele>
      </trkpt>
      <trkpt lat="44.135590000" lon="5.146440000">
        <ele>427.000</ele>
      </trkpt>
      <trkpt lat="44.135650000" lon="5.146450000">
        <ele>426.000</ele>
      </trkpt>
      <trkpt lat="44.135740000" lon="5.146500000">
        <ele>426.000</ele>
      </trkpt>
      <trkpt lat="44.136050000" lon="5.146720000">
        <ele>425.000</ele>
      </trkpt>
      <trkpt lat="44.136150000" lon="5.146770000">
        <ele>425.000</ele>
      </trkpt>
      <trkpt lat="44.136210000" lon="5.146790000">
        <ele>424.000</ele>
      </trkpt>
      <trkpt lat="44.136300000" lon="5.146790000">
        <ele>424.000</ele>
      </trkpt>
      <trkpt lat="44.136590000" lon="5.146790000">
        <ele>424.000</ele>
      </trkpt>
      <trkpt lat="44.136650000" lon="5.146800000">
        <ele>423.000</ele>
      </trkpt>
      <trkpt lat="44.136700000" lon="5.146830000">
        <ele>423.000</ele>
      </trkpt>
      <trkpt lat="44.136760000" lon="5.146880000">
        <ele>422.000</ele>
      </trkpt>
      <trkpt lat="44.136790000" lon="5.146920000">
        <ele>422.000</ele>
      </trkpt>
      <trkpt lat="44.136820000" lon="5.146970000">
        <ele>422.000</ele>
      </trkpt>
      <trkpt lat="44.136870000" lon="5.147100000">
        <ele>422.000</ele>
      </trkpt>
      <trkpt lat="44.137090000" lon="5.147780000">
        <ele>420.000</ele>
      </trkpt>
      <trkpt lat="44.137110000" lon="5.147850000">
        <ele>419.000</ele>
      </trkpt>
      <trkpt lat="44.137220000" lon="5.148070000">
        <ele>418.000</ele>
      </trkpt>
      <trkpt lat="44.137370000" lon="5.148300000">
        <ele>417.000</ele>
      </trkpt>
      <trkpt lat="44.137540000" lon="5.148550000">
        <ele>415.000</ele>
      </trkpt>
      <trkpt lat="44.137820000" lon="5.148860000">
        <ele>414.000</ele>
      </trkpt>
      <trkpt lat="44.138260000" lon="5.149280000">
        <ele>411.000</ele>
      </trkpt>
      <trkpt lat="44.138530000" lon="5.149560000">
        <ele>409.000</ele>
      </trkpt>
      <trkpt lat="44.138650000" lon="5.149710000">
        <ele>407.000</ele>
      </trkpt>
      <trkpt lat="44.138740000" lon="5.149850000">
        <ele>405.000</ele>
      </trkpt>
      <trkpt lat="44.139010000" lon="5.150310000">
        <ele>403.000</ele>
      </trkpt>
      <trkpt lat="44.139560000" lon="5.151290000">
        <ele>400.000</ele>
      </trkpt>
      <trkpt lat="44.139670000" lon="5.151460000">
        <ele>397.000</ele>
      </trkpt>
      <trkpt lat="44.139810000" lon="5.151680000">
        <ele>395.000</ele>
      </trkpt>
      <trkpt lat="44.139880000" lon="5.151770000">
        <ele>393.000</ele>
      </trkpt>
      <trkpt lat="44.140070000" lon="5.151960000">
        <ele>392.000</ele>
      </trkpt>
      <trkpt lat="44.140290000" lon="5.152140000">
        <ele>391.000</ele>
      </trkpt>
      <trkpt lat="44.140600000" lon="5.152370000">
        <ele>389.000</ele>
      </trkpt>
      <trkpt lat="44.140660000" lon="5.152430000">
        <ele>388.000</ele>
      </trkpt>
      <trkpt lat="44.140720000" lon="5.152520000">
        <ele>387.000</ele>
      </trkpt>
      <trkpt lat="44.140770000" lon="5.152620000">
        <ele>386.000</ele>
      </trkpt>
      <trkpt lat="44.140830000" lon="5.152870000">
        <ele>385.000</ele>
      </trkpt>
      <trkpt lat="44.140850000" lon="5.152980000">
        <ele>385.000</ele>
      </trkpt>
      <trkpt lat="44.140870000" lon="5.153070000">
        <ele>384.000</ele>
      </trkpt>
      <trkpt lat="44.140870000" lon="5.153160000">
        <ele>384.000</ele>
      </trkpt>
      <trkpt lat="44.140870000" lon="5.153280000">
        <ele>383.000</ele>
      </trkpt>
      <trkpt lat="44.140850000" lon="5.153400000">
        <ele>383.000</ele>
      </trkpt>
      <trkpt lat="44.140820000" lon="5.153480000">
        <ele>382.000</ele>
      </trkpt>
      <trkpt lat="44.140700000" lon="5.153810000">
        <ele>382.000</ele>
      </trkpt>
      <trkpt lat="44.140680000" lon="5.153900000">
        <ele>381.000</ele>
      </trkpt>
      <trkpt lat="44.140670000" lon="5.153980000">
        <ele>380.000</ele>
      </trkpt>
      <trkpt lat="44.140670000" lon="5.154100000">
        <ele>380.000</ele>
      </trkpt>
      <trkpt lat="44.140680000" lon="5.154220000">
        <ele>379.000</ele>
      </trkpt>
      <trkpt lat="44.140730000" lon="5.154760000">
        <ele>378.000</ele>
      </trkpt>
      <trkpt lat="44.140750000" lon="5.154910000">
        <ele>377.000</ele>
      </trkpt>
      <trkpt lat="44.140790000" lon="5.155100000">
        <ele>376.000</ele>
      </trkpt>
      <trkpt lat="44.140820000" lon="5.155180000">
        <ele>376.000</ele>
      </trkpt>
      <trkpt lat="44.140880000" lon="5.155270000">
        <ele>375.000</ele>
      </trkpt>
      <trkpt lat="44.140930000" lon="5.155340000">
        <ele>375.000</ele>
      </trkpt>
      <trkpt lat="44.140980000" lon="5.155410000">
        <ele>374.000</ele>
      </trkpt>
      <trkpt lat="44.141050000" lon="5.155470000">
        <ele>373.000</ele>
      </trkpt>
      <trkpt lat="44.141140000" lon="5.155520000">
        <ele>373.000</ele>
      </trkpt>
      <trkpt lat="44.141200000" lon="5.155570000">
        <ele>372.000</ele>
      </trkpt>
      <trkpt lat="44.141440000" lon="5.155830000">
        <ele>371.000</ele>
      </trkpt>
      <trkpt lat="44.141640000" lon="5.156110000">
        <ele>370.000</ele>
      </trkpt>
      <trkpt lat="44.141730000" lon="5.156220000">
        <ele>368.000</ele>
      </trkpt>
      <trkpt lat="44.141790000" lon="5.156310000">
        <ele>367.000</ele>
      </trkpt>
      <trkpt lat="44.141840000" lon="5.156390000">
        <ele>367.000</ele>
      </trkpt>
      <trkpt lat="44.141860000" lon="5.156480000">
        <ele>366.000</ele>
      </trkpt>
      <trkpt lat="44.141870000" lon="5.156580000">
        <ele>365.000</ele>
      </trkpt>
      <trkpt lat="44.141850000" lon="5.156710000">
        <ele>364.000</ele>
      </trkpt>
      <trkpt lat="44.141330000" lon="5.157700000">
        <ele>362.000</ele>
      </trkpt>
      <trkpt lat="44.141290000" lon="5.157810000">
        <ele>360.000</ele>
      </trkpt>
      <trkpt lat="44.141270000" lon="5.157920000">
        <ele>359.000</ele>
      </trkpt>
      <trkpt lat="44.141250000" lon="5.158080000">
        <ele>358.000</ele>
      </trkpt>
      <trkpt lat="44.141260000" lon="5.158290000">
        <ele>357.000</ele>
      </trkpt>
      <trkpt lat="44.141320000" lon="5.158910000">
        <ele>357.000</ele>
      </trkpt>
      <trkpt lat="44.141320000" lon="5.159280000">
        <ele>357.000</ele>
      </trkpt>
      <trkpt lat="44.141310000" lon="5.159580000">
        <ele>356.000</ele>
      </trkpt>
      <trkpt lat="44.141300000" lon="5.159730000">
        <ele>356.000</ele>
      </trkpt>
      <trkpt lat="44.141280000" lon="5.159980000">
        <ele>356.000</ele>
      </trkpt>
      <trkpt lat="44.141260000" lon="5.160060000">
        <ele>356.000</ele>
      </trkpt>
      <trkpt lat="44.141100000" lon="5.160480000">
        <ele>356.000</ele>
      </trkpt>
      <trkpt lat="44.140850000" lon="5.161150000">
        <ele>357.000</ele>
      </trkpt>
      <trkpt lat="44.140790000" lon="5.161310000">
        <ele>359.000</ele>
      </trkpt>
      <trkpt lat="44.140740000" lon="5.161450000">
        <ele>360.000</ele>
      </trkpt>
      <trkpt lat="44.140720000" lon="5.161550000">
        <ele>361.000</ele>
      </trkpt>
      <trkpt lat="44.140710000" lon="5.161680000">
        <ele>362.000</ele>
      </trkpt>
      <trkpt lat="44.140690000" lon="5.161950000">
        <ele>363.000</ele>
      </trkpt>
      <trkpt lat="44.140670000" lon="5.162420000">
        <ele>365.000</ele>
      </trkpt>
      <trkpt lat="44.140660000" lon="5.162560000">
        <ele>366.000</ele>
      </trkpt>
      <trkpt lat="44.140640000" lon="5.162710000">
        <ele>368.000</ele>
      </trkpt>
      <trkpt lat="44.140620000" lon="5.162810000">
        <ele>369.000</ele>
      </trkpt>
      <trkpt lat="44.140600000" lon="5.162900000">
        <ele>370.000</ele>
      </trkpt>
      <trkpt lat="44.140550000" lon="5.163030000">
        <ele>370.000</ele>
      </trkpt>
      <trkpt lat="44.140470000" lon="5.163190000">
        <ele>370.000</ele>
      </trkpt>
      <trkpt lat="44.140310000" lon="5.163570000">
        <ele>370.000</ele>
      </trkpt>
      <trkpt lat="44.140220000" lon="5.163740000">
        <ele>369.000</ele>
      </trkpt>
      <trkpt lat="44.140100000" lon="5.163950000">
        <ele>368.000</ele>
      </trkpt>
      <trkpt lat="44.139980000" lon="5.164140000">
        <ele>367.000</ele>
      </trkpt>
      <trkpt lat="44.139870000" lon="5.164300000">
        <ele>366.000</ele>
      </trkpt>
      <trkpt lat="44.139790000" lon="5.164390000">
        <ele>366.000</ele>
      </trkpt>
      <trkpt lat="44.139690000" lon="5.164500000">
        <ele>365.000</ele>
      </trkpt>
      <trkpt lat="44.139550000" lon="5.164620000">
        <ele>364.000</ele>
      </trkpt>
      <trkpt lat="44.139360000" lon="5.164780000">
        <ele>363.000</ele>
      </trkpt>
      <trkpt lat="44.139210000" lon="5.164890000">
        <ele>362.000</ele>
      </trkpt>
      <trkpt lat="44.139090000" lon="5.164950000">
        <ele>361.000</ele>
      </trkpt>
      <trkpt lat="44.139020000" lon="5.164970000">
        <ele>361.000</ele>
      </trkpt>
      <trkpt lat="44.138830000" lon="5.165020000">
        <ele>360.000</ele>
      </trkpt>
      <trkpt lat="44.138550000" lon="5.165120000">
        <ele>358.000</ele>
      </trkpt>
      <trkpt lat="44.138290000" lon="5.165210000">
        <ele>357.000</ele>
      </trkpt>
      <trkpt lat="44.137760000" lon="5.165330000">
        <ele>354.000</ele>
      </trkpt>
      <trkpt lat="44.137590000" lon="5.165370000">
        <ele>352.000</ele>
      </trkpt>
      <trkpt lat="44.137510000" lon="5.165400000">
        <ele>351.000</ele>
      </trkpt>
      <trkpt lat="44.137430000" lon="5.165440000">
        <ele>350.000</ele>
      </trkpt>
      <trkpt lat="44.137040000" lon="5.165730000">
        <ele>350.000</ele>
      </trkpt>
      <trkpt lat="44.136860000" lon="5.165840000">
        <ele>350.000</ele>
      </trkpt>
      <trkpt lat="44.135340000" lon="5.166680000">
        <ele>351.000</ele>
      </trkpt>
      <trkpt lat="44.134290000" lon="5.167270000">
        <ele>352.000</ele>
      </trkpt>
      <trkpt lat="44.134160000" lon="5.167370000">
        <ele>352.000</ele>
      </trkpt>
      <trkpt lat="44.134050000" lon="5.167460000">
        <ele>352.000</ele>
      </trkpt>
      <trkpt lat="44.133930000" lon="5.167600000">
        <ele>352.000</ele>
      </trkpt>
      <trkpt lat="44.133810000" lon="5.167750000">
        <ele>352.000</ele>
      </trkpt>
      <trkpt lat="44.133710000" lon="5.167910000">
        <ele>352.000</ele>
      </trkpt>
      <trkpt lat="44.133400000" lon="5.168490000">
        <ele>351.000</ele>
      </trkpt>
      <trkpt lat="44.133200000" lon="5.168880000">
        <ele>351.000</ele>
      </trkpt>
      <trkpt lat="44.132790000" lon="5.169640000">
        <ele>350.000</ele>
      </trkpt>
      <trkpt lat="44.132680000" lon="5.169840000">
        <ele>350.000</ele>
      </trkpt>
      <trkpt lat="44.132570000" lon="5.170000000">
        <ele>349.000</ele>
      </trkpt>
      <trkpt lat="44.132360000" lon="5.170310000">
        <ele>349.000</ele>
      </trkpt>
      <trkpt lat="44.132190000" lon="5.170520000">
        <ele>348.000</ele>
      </trkpt>
      <trkpt lat="44.131770000" lon="5.171030000">
        <ele>346.000</ele>
      </trkpt>
      <trkpt lat="44.131540000" lon="5.171310000">
        <ele>345.000</ele>
      </trkpt>
      <trkpt lat="44.131480000" lon="5.171380000">
        <ele>344.000</ele>
      </trkpt>
      <trkpt lat="44.130700000" lon="5.172340000">
        <ele>342.000</ele>
      </trkpt>
      <trkpt lat="44.130610000" lon="5.172460000">
        <ele>340.000</ele>
      </trkpt>
      <trkpt lat="44.130550000" lon="5.172550000">
        <ele>339.000</ele>
      </trkpt>
      <trkpt lat="44.130490000" lon="5.172660000">
        <ele>338.000</ele>
      </trkpt>
      <trkpt lat="44.130410000" lon="5.172840000">
        <ele>338.000</ele>
      </trkpt>
      <trkpt lat="44.130370000" lon="5.172970000">
        <ele>337.000</ele>
      </trkpt>
      <trkpt lat="44.130340000" lon="5.173110000">
        <ele>337.000</ele>
      </trkpt>
      <trkpt lat="44.130200000" lon="5.173890000">
        <ele>336.000</ele>
      </trkpt>
      <trkpt lat="44.129940000" lon="5.175450000">
        <ele>334.000</ele>
      </trkpt>
      <trkpt lat="44.129890000" lon="5.175680000">
        <ele>333.000</ele>
      </trkpt>
      <trkpt lat="44.129850000" lon="5.175820000">
        <ele>333.000</ele>
      </trkpt>
      <trkpt lat="44.129750000" lon="5.176070000">
        <ele>332.000</ele>
      </trkpt>
      <trkpt lat="44.129680000" lon="5.176210000">
        <ele>332.000</ele>
      </trkpt>
      <trkpt lat="44.129550000" lon="5.176430000">
        <ele>331.000</ele>
      </trkpt>
      <trkpt lat="44.129390000" lon="5.176620000">
        <ele>331.000</ele>
      </trkpt>
      <trkpt lat="44.129290000" lon="5.176730000">
        <ele>331.000</ele>
      </trkpt>
      <trkpt lat="44.129140000" lon="5.176870000">
        <ele>331.000</ele>
      </trkpt>
      <trkpt lat="44.129030000" lon="5.176960000">
        <ele>330.000</ele>
      </trkpt>
      <trkpt lat="44.128900000" lon="5.177070000">
        <ele>330.000</ele>
      </trkpt>
      <trkpt lat="44.128770000" lon="5.177190000">
        <ele>330.000</ele>
      </trkpt>
      <trkpt lat="44.128670000" lon="5.177260000">
        <ele>330.000</ele>
      </trkpt>
      <trkpt lat="44.128530000" lon="5.177370000">
        <ele>329.000</ele>
      </trkpt>
      <trkpt lat="44.128430000" lon="5.177460000">
        <ele>329.000</ele>
      </trkpt>
      <trkpt lat="44.128350000" lon="5.177550000">
        <ele>329.000</ele>
      </trkpt>
      <trkpt lat="44.128210000" lon="5.177650000">
        <ele>328.000</ele>
      </trkpt>
      <trkpt lat="44.127850000" lon="5.177950000">
        <ele>327.000</ele>
      </trkpt>
      <trkpt lat="44.127140000" lon="5.178550000">
        <ele>325.000</ele>
      </trkpt>
      <trkpt lat="44.126420000" lon="5.179150000">
        <ele>322.000</ele>
      </trkpt>
      <trkpt lat="44.126340000" lon="5.179220000">
        <ele>320.000</ele>
      </trkpt>
      <trkpt lat="44.125970000" lon="5.179530000">
        <ele>318.000</ele>
      </trkpt>
      <trkpt lat="44.125920000" lon="5.179570000">
        <ele>317.000</ele>
      </trkpt>
      <trkpt lat="44.125480000" lon="5.179940000">
        <ele>316.000</ele>
      </trkpt>
      <trkpt lat="44.125400000" lon="5.180020000">
        <ele>315.000</ele>
      </trkpt>
      <trkpt lat="44.125350000" lon="5.180080000">
        <ele>314.000</ele>
      </trkpt>
      <trkpt lat="44.125290000" lon="5.180140000">
        <ele>313.000</ele>
      </trkpt>
      <trkpt lat="44.125250000" lon="5.180180000">
        <ele>313.000</ele>
      </trkpt>
      <trkpt lat="44.125230000" lon="5.180180000">
        <ele>312.000</ele>
      </trkpt>
      <trkpt lat="44.125210000" lon="5.180180000">
        <ele>312.000</ele>
      </trkpt>
      <trkpt lat="44.125200000" lon="5.180200000">
        <ele>312.000</ele>
      </trkpt>
      <trkpt lat="44.125180000" lon="5.180230000">
        <ele>312.000</ele>
      </trkpt>
      <trkpt lat="44.125180000" lon="5.180260000">
        <ele>312.000</ele>
      </trkpt>
      <trkpt lat="44.125180000" lon="5.180290000">
        <ele>312.000</ele>
      </trkpt>
      <trkpt lat="44.125190000" lon="5.180320000">
        <ele>312.000</ele>
      </trkpt>
      <trkpt lat="44.125210000" lon="5.180340000">
        <ele>311.000</ele>
      </trkpt>
      <trkpt lat="44.125240000" lon="5.180350000">
        <ele>311.000</ele>
      </trkpt>
      <trkpt lat="44.125260000" lon="5.180350000">
        <ele>311.000</ele>
      </trkpt>
      <trkpt lat="44.125270000" lon="5.180380000">
        <ele>311.000</ele>
      </trkpt>
      <trkpt lat="44.125280000" lon="5.180400000">
        <ele>311.000</ele>
      </trkpt>
      <trkpt lat="44.125300000" lon="5.180460000">
        <ele>311.000</ele>
      </trkpt>
      <trkpt lat="44.125300000" lon="5.180500000">
        <ele>311.000</ele>
      </trkpt>
      <trkpt lat="44.125300000" lon="5.180550000">
        <ele>311.000</ele>
      </trkpt>
      <trkpt lat="44.125290000" lon="5.180600000">
        <ele>311.000</ele>
      </trkpt>
      <trkpt lat="44.125270000" lon="5.180730000">
        <ele>311.000</ele>
      </trkpt>
      <trkpt lat="44.125230000" lon="5.180910000">
        <ele>311.000</ele>
      </trkpt>
      <trkpt lat="44.125090000" lon="5.181580000">
        <ele>311.000</ele>
      </trkpt>
      <trkpt lat="44.125070000" lon="5.181650000">
        <ele>311.000</ele>
      </trkpt>
      <trkpt lat="44.125050000" lon="5.181770000">
        <ele>311.000</ele>
      </trkpt>
      <trkpt lat="44.124970000" lon="5.182120000">
        <ele>311.000</ele>
      </trkpt>
      <trkpt lat="44.124900000" lon="5.182390000">
        <ele>311.000</ele>
      </trkpt>
      <trkpt lat="44.124870000" lon="5.182530000">
        <ele>311.000</ele>
      </trkpt>
      <trkpt lat="44.124770000" lon="5.182950000">
        <ele>311.000</ele>
      </trkpt>
      <trkpt lat="44.124720000" lon="5.183150000">
        <ele>311.000</ele>
      </trkpt>
      <trkpt lat="44.124610000" lon="5.183670000">
        <ele>311.000</ele>
      </trkpt>
      <trkpt lat="44.124550000" lon="5.183930000">
        <ele>311.000</ele>
      </trkpt>
      <trkpt lat="44.124540000" lon="5.183980000">
        <ele>311.000</ele>
      </trkpt>
      <trkpt lat="44.124390000" lon="5.184640000">
        <ele>311.000</ele>
      </trkpt>
      <trkpt lat="44.124260000" lon="5.185210000">
        <ele>312.000</ele>
      </trkpt>
      <trkpt lat="44.124260000" lon="5.185210000">
        <ele>312.000</ele>
      </trkpt>
      <trkpt lat="44.124110000" lon="5.185940000">
        <ele>313.000</ele>
      </trkpt>
      <trkpt lat="44.124060000" lon="5.186130000">
        <ele>313.000</ele>
      </trkpt>
      <trkpt lat="44.123960000" lon="5.186600000">
        <ele>314.000</ele>
      </trkpt>
      <trkpt lat="44.123920000" lon="5.186750000">
        <ele>315.000</ele>
      </trkpt>
      <trkpt lat="44.123570000" lon="5.188300000">
        <ele>319.000</ele>
      </trkpt>
      <trkpt lat="44.123490000" lon="5.188660000">
        <ele>321.000</ele>
      </trkpt>
      <trkpt lat="44.123420000" lon="5.188850000">
        <ele>323.000</ele>
      </trkpt>
      <trkpt lat="44.123360000" lon="5.189020000">
        <ele>324.000</ele>
      </trkpt>
      <trkpt lat="44.123320000" lon="5.189100000">
        <ele>325.000</ele>
      </trkpt>
      <trkpt lat="44.123270000" lon="5.189170000">
        <ele>326.000</ele>
      </trkpt>
      <trkpt lat="44.123210000" lon="5.189230000">
        <ele>327.000</ele>
      </trkpt>
      <trkpt lat="44.123130000" lon="5.189300000">
        <ele>327.000</ele>
      </trkpt>
      <trkpt lat="44.122860000" lon="5.189520000">
        <ele>327.000</ele>
      </trkpt>
      <trkpt lat="44.122660000" lon="5.189680000">
        <ele>328.000</ele>
      </trkpt>
      <trkpt lat="44.122490000" lon="5.189820000">
        <ele>328.000</ele>
      </trkpt>
      <trkpt lat="44.122330000" lon="5.189970000">
        <ele>329.000</ele>
      </trkpt>
      <trkpt lat="44.122250000" lon="5.190050000">
        <ele>329.000</ele>
      </trkpt>
      <trkpt lat="44.122170000" lon="5.190180000">
        <ele>330.000</ele>
      </trkpt>
      <trkpt lat="44.122120000" lon="5.190270000">
        <ele>330.000</ele>
      </trkpt>
      <trkpt lat="44.121890000" lon="5.190800000">
        <ele>330.000</ele>
      </trkpt>
      <trkpt lat="44.121540000" lon="5.191670000">
        <ele>331.000</ele>
      </trkpt>
      <trkpt lat="44.121500000" lon="5.191770000">
        <ele>332.000</ele>
      </trkpt>
      <trkpt lat="44.121250000" lon="5.192620000">
        <ele>333.000</ele>
      </trkpt>
      <trkpt lat="44.120900000" lon="5.193870000">
        <ele>334.000</ele>
      </trkpt>
      <trkpt lat="44.120610000" lon="5.194900000">
        <ele>336.000</ele>
      </trkpt>
      <trkpt lat="44.120550000" lon="5.195100000">
        <ele>337.000</ele>
      </trkpt>
      <trkpt lat="44.120470000" lon="5.195320000">
        <ele>338.000</ele>
      </trkpt>
      <trkpt lat="44.120380000" lon="5.195570000">
        <ele>339.000</ele>
      </trkpt>
      <trkpt lat="44.120310000" lon="5.195780000">
        <ele>340.000</ele>
      </trkpt>
      <trkpt lat="44.120080000" lon="5.196390000">
        <ele>341.000</ele>
      </trkpt>
      <trkpt lat="44.119970000" lon="5.196660000">
        <ele>342.000</ele>
      </trkpt>
      <trkpt lat="44.119880000" lon="5.196830000">
        <ele>343.000</ele>
      </trkpt>
      <trkpt lat="44.119030000" lon="5.198510000">
        <ele>346.000</ele>
      </trkpt>
      <trkpt lat="44.118990000" lon="5.198610000">
        <ele>347.000</ele>
      </trkpt>
      <trkpt lat="44.118830000" lon="5.198930000">
        <ele>349.000</ele>
      </trkpt>
      <trkpt lat="44.118750000" lon="5.199110000">
        <ele>350.000</ele>
      </trkpt>
      <trkpt lat="44.118670000" lon="5.199350000">
        <ele>351.000</ele>
      </trkpt>
      <trkpt lat="44.118600000" lon="5.199560000">
        <ele>352.000</ele>
      </trkpt>
      <trkpt lat="44.118470000" lon="5.199960000">
        <ele>353.000</ele>
      </trkpt>
      <trkpt lat="44.118440000" lon="5.200110000">
        <ele>353.000</ele>
      </trkpt>
      <trkpt lat="44.118440000" lon="5.200180000">
        <ele>354.000</ele>
      </trkpt>
      <trkpt lat="44.118450000" lon="5.200260000">
        <ele>354.000</ele>
      </trkpt>
      <trkpt lat="44.118470000" lon="5.200310000">
        <ele>354.000</ele>
      </trkpt>
      <trkpt lat="44.118500000" lon="5.200360000">
        <ele>355.000</ele>
      </trkpt>
      <trkpt lat="44.118540000" lon="5.200410000">
        <ele>355.000</ele>
      </trkpt>
      <trkpt lat="44.118610000" lon="5.200460000">
        <ele>355.000</ele>
      </trkpt>
      <trkpt lat="44.118700000" lon="5.200520000">
        <ele>355.000</ele>
      </trkpt>
      <trkpt lat="44.119150000" lon="5.200780000">
        <ele>356.000</ele>
      </trkpt>
      <trkpt lat="44.119300000" lon="5.200890000">
        <ele>357.000</ele>
      </trkpt>
      <trkpt lat="44.119430000" lon="5.201020000">
        <ele>358.000</ele>
      </trkpt>
      <trkpt lat="44.119540000" lon="5.201170000">
        <ele>359.000</ele>
      </trkpt>
      <trkpt lat="44.119700000" lon="5.201390000">
        <ele>360.000</ele>
      </trkpt>
      <trkpt lat="44.119770000" lon="5.201520000">
        <ele>361.000</ele>
      </trkpt>
      <trkpt lat="44.119820000" lon="5.201650000">
        <ele>362.000</ele>
      </trkpt>
      <trkpt lat="44.119860000" lon="5.201830000">
        <ele>362.000</ele>
      </trkpt>
      <trkpt lat="44.119890000" lon="5.202050000">
        <ele>363.000</ele>
      </trkpt>
      <trkpt lat="44.119940000" lon="5.202680000">
        <ele>365.000</ele>
      </trkpt>
      <trkpt lat="44.120000000" lon="5.203260000">
        <ele>367.000</ele>
      </trkpt>
      <trkpt lat="44.120100000" lon="5.204370000">
        <ele>369.000</ele>
      </trkpt>
      <trkpt lat="44.120140000" lon="5.204880000">
        <ele>371.000</ele>
      </trkpt>
      <trkpt lat="44.120150000" lon="5.205110000">
        <ele>372.000</ele>
      </trkpt>
      <trkpt lat="44.120160000" lon="5.205280000">
        <ele>373.000</ele>
      </trkpt>
      <trkpt lat="44.120160000" lon="5.205450000">
        <ele>374.000</ele>
      </trkpt>
      <trkpt lat="44.120150000" lon="5.205630000">
        <ele>375.000</ele>
      </trkpt>
      <trkpt lat="44.120140000" lon="5.205990000">
        <ele>376.000</ele>
      </trkpt>
      <trkpt lat="44.120110000" lon="5.206400000">
        <ele>377.000</ele>
      </trkpt>
      <trkpt lat="44.120000000" lon="5.207430000">
        <ele>378.000</ele>
      </trkpt>
      <trkpt lat="44.119900000" lon="5.208490000">
        <ele>380.000</ele>
      </trkpt>
      <trkpt lat="44.119880000" lon="5.208790000">
        <ele>382.000</ele>
      </trkpt>
      <trkpt lat="44.119900000" lon="5.209050000">
        <ele>384.000</ele>
      </trkpt>
      <trkpt lat="44.119930000" lon="5.209300000">
        <ele>385.000</ele>
      </trkpt>
      <trkpt lat="44.120230000" lon="5.211100000">
        <ele>389.000</ele>
      </trkpt>
      <trkpt lat="44.120290000" lon="5.211410000">
        <ele>393.000</ele>
      </trkpt>
      <trkpt lat="44.120360000" lon="5.211630000">
        <ele>395.000</ele>
      </trkpt>
      <trkpt lat="44.120430000" lon="5.211850000">
        <ele>397.000</ele>
      </trkpt>
      <trkpt lat="44.120530000" lon="5.212040000">
        <ele>398.000</ele>
      </trkpt>
      <trkpt lat="44.120780000" lon="5.212530000">
        <ele>400.000</ele>
      </trkpt>
      <trkpt lat="44.121110000" lon="5.213160000">
        <ele>402.000</ele>
      </trkpt>
      <trkpt lat="44.121170000" lon="5.213270000">
        <ele>403.000</ele>
      </trkpt>
      <trkpt lat="44.121270000" lon="5.213460000">
        <ele>405.000</ele>
      </trkpt>
      <trkpt lat="44.121340000" lon="5.213590000">
        <ele>406.000</ele>
      </trkpt>
      <trkpt lat="44.121730000" lon="5.214340000">
        <ele>408.000</ele>
      </trkpt>
      <trkpt lat="44.121830000" lon="5.214570000">
        <ele>409.000</ele>
      </trkpt>
      <trkpt lat="44.121880000" lon="5.214700000">
        <ele>410.000</ele>
      </trkpt>
      <trkpt lat="44.122110000" lon="5.215430000">
        <ele>412.000</ele>
      </trkpt>
      <trkpt lat="44.122190000" lon="5.215730000">
        <ele>414.000</ele>
      </trkpt>
      <trkpt lat="44.122210000" lon="5.215920000">
        <ele>415.000</ele>
      </trkpt>
      <trkpt lat="44.122210000" lon="5.216080000">
        <ele>417.000</ele>
      </trkpt>
      <trkpt lat="44.122180000" lon="5.216230000">
        <ele>418.000</ele>
      </trkpt>
      <trkpt lat="44.122130000" lon="5.216440000">
        <ele>419.000</ele>
      </trkpt>
      <trkpt lat="44.121760000" lon="5.217760000">
        <ele>423.000</ele>
      </trkpt>
      <trkpt lat="44.121400000" lon="5.219050000">
        <ele>429.000</ele>
      </trkpt>
      <trkpt lat="44.121200000" lon="5.219690000">
        <ele>433.000</ele>
      </trkpt>
      <trkpt lat="44.121060000" lon="5.220040000">
        <ele>437.000</ele>
      </trkpt>
      <trkpt lat="44.120730000" lon="5.220930000">
        <ele>440.000</ele>
      </trkpt>
      <trkpt lat="44.120630000" lon="5.221190000">
        <ele>443.000</ele>
      </trkpt>
      <trkpt lat="44.120510000" lon="5.221550000">
        <ele>445.000</ele>
      </trkpt>
      <trkpt lat="44.120460000" lon="5.221710000">
        <ele>447.000</ele>
      </trkpt>
      <trkpt lat="44.120370000" lon="5.222020000">
        <ele>448.000</ele>
      </trkpt>
      <trkpt lat="44.120300000" lon="5.222330000">
        <ele>450.000</ele>
      </trkpt>
      <trkpt lat="44.120280000" lon="5.222430000">
        <ele>451.000</ele>
      </trkpt>
      <trkpt lat="44.120270000" lon="5.222510000">
        <ele>452.000</ele>
      </trkpt>
      <trkpt lat="44.120260000" lon="5.222620000">
        <ele>452.000</ele>
      </trkpt>
      <trkpt lat="44.120270000" lon="5.222770000">
        <ele>453.000</ele>
      </trkpt>
      <trkpt lat="44.120290000" lon="5.222960000">
        <ele>454.000</ele>
      </trkpt>
      <trkpt lat="44.120320000" lon="5.223110000">
        <ele>454.000</ele>
      </trkpt>
      <trkpt lat="44.120350000" lon="5.223260000">
        <ele>455.000</ele>
      </trkpt>
      <trkpt lat="44.120370000" lon="5.223360000">
        <ele>456.000</ele>
      </trkpt>
      <trkpt lat="44.120380000" lon="5.223440000">
        <ele>456.000</ele>
      </trkpt>
      <trkpt lat="44.120500000" lon="5.224070000">
        <ele>457.000</ele>
      </trkpt>
      <trkpt lat="44.120530000" lon="5.224280000">
        <ele>458.000</ele>
      </trkpt>
      <trkpt lat="44.120530000" lon="5.224450000">
        <ele>459.000</ele>
      </trkpt>
      <trkpt lat="44.120520000" lon="5.224520000">
        <ele>460.000</ele>
      </trkpt>
      <trkpt lat="44.120500000" lon="5.224790000">
        <ele>461.000</ele>
      </trkpt>
      <trkpt lat="44.120430000" lon="5.225290000">
        <ele>462.000</ele>
      </trkpt>
      <trkpt lat="44.120360000" lon="5.225830000">
        <ele>464.000</ele>
      </trkpt>
      <trkpt lat="44.120280000" lon="5.226490000">
        <ele>466.000</ele>
      </trkpt>
      <trkpt lat="44.120270000" lon="5.226580000">
        <ele>467.000</ele>
      </trkpt>
      <trkpt lat="44.120240000" lon="5.226800000">
        <ele>469.000</ele>
      </trkpt>
      <trkpt lat="44.120200000" lon="5.227220000">
        <ele>471.000</ele>
      </trkpt>
      <trkpt lat="44.120200000" lon="5.227380000">
        <ele>472.000</ele>
      </trkpt>
      <trkpt lat="44.120200000" lon="5.227520000">
        <ele>473.000</ele>
      </trkpt>
      <trkpt lat="44.120210000" lon="5.227780000">
        <ele>475.000</ele>
      </trkpt>
      <trkpt lat="44.120240000" lon="5.227970000">
        <ele>476.000</ele>
      </trkpt>
      <trkpt lat="44.120260000" lon="5.228130000">
        <ele>477.000</ele>
      </trkpt>
      <trkpt lat="44.120380000" lon="5.228980000">
        <ele>480.000</ele>
      </trkpt>
      <trkpt lat="44.120410000" lon="5.229180000">
        <ele>482.000</ele>
      </trkpt>
      <trkpt lat="44.120520000" lon="5.229930000">
        <ele>484.000</ele>
      </trkpt>
      <trkpt lat="44.120530000" lon="5.230080000">
        <ele>486.000</ele>
      </trkpt>
      <trkpt lat="44.120530000" lon="5.230210000">
        <ele>488.000</ele>
      </trkpt>
      <trkpt lat="44.120510000" lon="5.230320000">
        <ele>489.000</ele>
      </trkpt>
      <trkpt lat="44.120490000" lon="5.230420000">
        <ele>490.000</ele>
      </trkpt>
      <trkpt lat="44.120460000" lon="5.230510000">
        <ele>491.000</ele>
      </trkpt>
      <trkpt lat="44.120400000" lon="5.230630000">
        <ele>492.000</ele>
      </trkpt>
      <trkpt lat="44.120330000" lon="5.230740000">
        <ele>493.000</ele>
      </trkpt>
      <trkpt lat="44.120270000" lon="5.230830000">
        <ele>494.000</ele>
      </trkpt>
      <trkpt lat="44.120170000" lon="5.230980000">
        <ele>495.000</ele>
      </trkpt>
      <trkpt lat="44.120000000" lon="5.231190000">
        <ele>496.000</ele>
      </trkpt>
      <trkpt lat="44.119600000" lon="5.231720000">
        <ele>498.000</ele>
      </trkpt>
      <trkpt lat="44.119140000" lon="5.232340000">
        <ele>501.000</ele>
      </trkpt>
      <trkpt lat="44.118670000" lon="5.232980000">
        <ele>504.000</ele>
      </trkpt>
      <trkpt lat="44.118420000" lon="5.233330000">
        <ele>507.000</ele>
      </trkpt>
      <trkpt lat="44.118130000" lon="5.233720000">
        <ele>509.000</ele>
      </trkpt>
      <trkpt lat="44.118030000" lon="5.233890000">
        <ele>511.000</ele>
      </trkpt>
      <trkpt lat="44.117980000" lon="5.234040000">
        <ele>513.000</ele>
      </trkpt>
      <trkpt lat="44.117950000" lon="5.234190000">
        <ele>514.000</ele>
      </trkpt>
      <trkpt lat="44.117870000" lon="5.234560000">
        <ele>515.000</ele>
      </trkpt>
      <trkpt lat="44.117820000" lon="5.234710000">
        <ele>516.000</ele>
      </trkpt>
      <trkpt lat="44.117740000" lon="5.234840000">
        <ele>517.000</ele>
      </trkpt>
      <trkpt lat="44.117580000" lon="5.235060000">
        <ele>517.000</ele>
      </trkpt>
      <trkpt lat="44.117490000" lon="5.235210000">
        <ele>518.000</ele>
      </trkpt>
      <trkpt lat="44.117440000" lon="5.235370000">
        <ele>519.000</ele>
      </trkpt>
      <trkpt lat="44.117430000" lon="5.235550000">
        <ele>519.000</ele>
      </trkpt>
      <trkpt lat="44.117440000" lon="5.235690000">
        <ele>520.000</ele>
      </trkpt>
      <trkpt lat="44.117510000" lon="5.236200000">
        <ele>521.000</ele>
      </trkpt>
      <trkpt lat="44.117540000" lon="5.236450000">
        <ele>522.000</ele>
      </trkpt>
      <trkpt lat="44.117550000" lon="5.236590000">
        <ele>522.000</ele>
      </trkpt>
      <trkpt lat="44.117530000" lon="5.236820000">
        <ele>523.000</ele>
      </trkpt>
      <trkpt lat="44.117500000" lon="5.237050000">
        <ele>523.000</ele>
      </trkpt>
      <trkpt lat="44.117420000" lon="5.237630000">
        <ele>524.000</ele>
      </trkpt>
      <trkpt lat="44.117380000" lon="5.237850000">
        <ele>525.000</ele>
      </trkpt>
      <trkpt lat="44.117330000" lon="5.238080000">
        <ele>525.000</ele>
      </trkpt>
      <trkpt lat="44.117290000" lon="5.238220000">
        <ele>526.000</ele>
      </trkpt>
      <trkpt lat="44.117230000" lon="5.238350000">
        <ele>526.000</ele>
      </trkpt>
      <trkpt lat="44.117160000" lon="5.238470000">
        <ele>527.000</ele>
      </trkpt>
      <trkpt lat="44.116500000" lon="5.239300000">
        <ele>528.000</ele>
      </trkpt>
      <trkpt lat="44.116090000" lon="5.239820000">
        <ele>530.000</ele>
      </trkpt>
      <trkpt lat="44.115960000" lon="5.239980000">
        <ele>531.000</ele>
      </trkpt>
      <trkpt lat="44.115890000" lon="5.240050000">
        <ele>531.000</ele>
      </trkpt>
      <trkpt lat="44.115790000" lon="5.240130000">
        <ele>532.000</ele>
      </trkpt>
      <trkpt lat="44.115710000" lon="5.240180000">
        <ele>533.000</ele>
      </trkpt>
      <trkpt lat="44.115650000" lon="5.240210000">
        <ele>533.000</ele>
      </trkpt>
      <trkpt lat="44.115590000" lon="5.240230000">
        <ele>534.000</ele>
      </trkpt>
      <trkpt lat="44.115490000" lon="5.240240000">
        <ele>534.000</ele>
      </trkpt>
      <trkpt lat="44.115370000" lon="5.240260000">
        <ele>534.000</ele>
      </trkpt>
      <trkpt lat="44.115220000" lon="5.240270000">
        <ele>535.000</ele>
      </trkpt>
      <trkpt lat="44.114980000" lon="5.240290000">
        <ele>535.000</ele>
      </trkpt>
      <trkpt lat="44.114910000" lon="5.240290000">
        <ele>536.000</ele>
      </trkpt>
      <trkpt lat="44.114830000" lon="5.240260000">
        <ele>536.000</ele>
      </trkpt>
      <trkpt lat="44.114720000" lon="5.240200000">
        <ele>537.000</ele>
      </trkpt>
      <trkpt lat="44.114510000" lon="5.240000000">
        <ele>537.000</ele>
      </trkpt>
      <trkpt lat="44.114350000" lon="5.239880000">
        <ele>538.000</ele>
      </trkpt>
      <trkpt lat="44.114220000" lon="5.239810000">
        <ele>539.000</ele>
      </trkpt>
      <trkpt lat="44.114060000" lon="5.239740000">
        <ele>540.000</ele>
      </trkpt>
      <trkpt lat="44.113890000" lon="5.239700000">
        <ele>540.000</ele>
      </trkpt>
      <trkpt lat="44.113790000" lon="5.239680000">
        <ele>541.000</ele>
      </trkpt>
      <trkpt lat="44.113660000" lon="5.239670000">
        <ele>542.000</ele>
      </trkpt>
      <trkpt lat="44.113580000" lon="5.239680000">
        <ele>542.000</ele>
      </trkpt>
      <trkpt lat="44.113540000" lon="5.239710000">
        <ele>543.000</ele>
      </trkpt>
      <trkpt lat="44.113500000" lon="5.239750000">
        <ele>543.000</ele>
      </trkpt>
      <trkpt lat="44.113490000" lon="5.239810000">
        <ele>544.000</ele>
      </trkpt>
      <trkpt lat="44.113500000" lon="5.239860000">
        <ele>544.000</ele>
      </trkpt>
      <trkpt lat="44.113510000" lon="5.239890000">
        <ele>544.000</ele>
      </trkpt>
      <trkpt lat="44.113550000" lon="5.239920000">
        <ele>544.000</ele>
      </trkpt>
      <trkpt lat="44.113700000" lon="5.240000000">
        <ele>545.000</ele>
      </trkpt>
      <trkpt lat="44.113920000" lon="5.240120000">
        <ele>546.000</ele>
      </trkpt>
      <trkpt lat="44.114010000" lon="5.240200000">
        <ele>547.000</ele>
      </trkpt>
      <trkpt lat="44.114100000" lon="5.240290000">
        <ele>548.000</ele>
      </trkpt>
      <trkpt lat="44.114240000" lon="5.240490000">
        <ele>550.000</ele>
      </trkpt>
      <trkpt lat="44.114820000" lon="5.241290000">
        <ele>554.000</ele>
      </trkpt>
      <trkpt lat="44.115030000" lon="5.241570000">
        <ele>557.000</ele>
      </trkpt>
      <trkpt lat="44.115160000" lon="5.241700000">
        <ele>560.000</ele>
      </trkpt>
      <trkpt lat="44.115280000" lon="5.241790000">
        <ele>563.000</ele>
      </trkpt>
      <trkpt lat="44.115550000" lon="5.241970000">
        <ele>566.000</ele>
      </trkpt>
      <trkpt lat="44.115800000" lon="5.242150000">
        <ele>569.000</ele>
      </trkpt>
      <trkpt lat="44.115910000" lon="5.242250000">
        <ele>571.000</ele>
      </trkpt>
      <trkpt lat="44.115980000" lon="5.242340000">
        <ele>573.000</ele>
      </trkpt>
      <trkpt lat="44.116090000" lon="5.242500000">
        <ele>575.000</ele>
      </trkpt>
      <trkpt lat="44.116120000" lon="5.242580000">
        <ele>576.000</ele>
      </trkpt>
      <trkpt lat="44.116120000" lon="5.242660000">
        <ele>577.000</ele>
      </trkpt>
      <trkpt lat="44.116120000" lon="5.242720000">
        <ele>578.000</ele>
      </trkpt>
      <trkpt lat="44.116090000" lon="5.242800000">
        <ele>579.000</ele>
      </trkpt>
      <trkpt lat="44.116050000" lon="5.242880000">
        <ele>580.000</ele>
      </trkpt>
      <trkpt lat="44.115830000" lon="5.243230000">
        <ele>582.000</ele>
      </trkpt>
      <trkpt lat="44.115630000" lon="5.243550000">
        <ele>584.000</ele>
      </trkpt>
      <trkpt lat="44.115500000" lon="5.243790000">
        <ele>586.000</ele>
      </trkpt>
      <trkpt lat="44.115460000" lon="5.243900000">
        <ele>588.000</ele>
      </trkpt>
      <trkpt lat="44.115440000" lon="5.243980000">
        <ele>590.000</ele>
      </trkpt>
      <trkpt lat="44.115430000" lon="5.244070000">
        <ele>591.000</ele>
      </trkpt>
      <trkpt lat="44.115440000" lon="5.244190000">
        <ele>592.000</ele>
      </trkpt>
      <trkpt lat="44.115480000" lon="5.244320000">
        <ele>593.000</ele>
      </trkpt>
      <trkpt lat="44.115540000" lon="5.244440000">
        <ele>594.000</ele>
      </trkpt>
      <trkpt lat="44.115650000" lon="5.244560000">
        <ele>595.000</ele>
      </trkpt>
      <trkpt lat="44.116700000" lon="5.245760000">
        <ele>601.000</ele>
      </trkpt>
      <trkpt lat="44.117140000" lon="5.246260000">
        <ele>607.000</ele>
      </trkpt>
      <trkpt lat="44.117540000" lon="5.246720000">
        <ele>614.000</ele>
      </trkpt>
      <trkpt lat="44.117760000" lon="5.246970000">
        <ele>619.000</ele>
      </trkpt>
      <trkpt lat="44.117860000" lon="5.247070000">
        <ele>623.000</ele>
      </trkpt>
      <trkpt lat="44.117960000" lon="5.247160000">
        <ele>626.000</ele>
      </trkpt>
      <trkpt lat="44.118220000" lon="5.247320000">
        <ele>630.000</ele>
      </trkpt>
      <trkpt lat="44.118390000" lon="5.247430000">
        <ele>633.000</ele>
      </trkpt>
      <trkpt lat="44.118500000" lon="5.247520000">
        <ele>636.000</ele>
      </trkpt>
      <trkpt lat="44.118610000" lon="5.247660000">
        <ele>638.000</ele>
      </trkpt>
      <trkpt lat="44.118740000" lon="5.247820000">
        <ele>640.000</ele>
      </trkpt>
      <trkpt lat="44.118850000" lon="5.247920000">
        <ele>643.000</ele>
      </trkpt>
      <trkpt lat="44.118970000" lon="5.247970000">
        <ele>645.000</ele>
      </trkpt>
      <trkpt lat="44.119150000" lon="5.248010000">
        <ele>647.000</ele>
      </trkpt>
      <trkpt lat="44.119410000" lon="5.248070000">
        <ele>650.000</ele>
      </trkpt>
      <trkpt lat="44.119490000" lon="5.248110000">
        <ele>652.000</ele>
      </trkpt>
      <trkpt lat="44.119560000" lon="5.248180000">
        <ele>654.000</ele>
      </trkpt>
      <trkpt lat="44.119650000" lon="5.248260000">
        <ele>655.000</ele>
      </trkpt>
      <trkpt lat="44.119750000" lon="5.248380000">
        <ele>657.000</ele>
      </trkpt>
      <trkpt lat="44.119880000" lon="5.248470000">
        <ele>659.000</ele>
      </trkpt>
      <trkpt lat="44.120000000" lon="5.248530000">
        <ele>661.000</ele>
      </trkpt>
      <trkpt lat="44.120220000" lon="5.248640000">
        <ele>663.000</ele>
      </trkpt>
      <trkpt lat="44.120270000" lon="5.248650000">
        <ele>664.000</ele>
      </trkpt>
      <trkpt lat="44.120330000" lon="5.248650000">
        <ele>666.000</ele>
      </trkpt>
      <trkpt lat="44.120420000" lon="5.248640000">
        <ele>667.000</ele>
      </trkpt>
      <trkpt lat="44.120510000" lon="5.248620000">
        <ele>668.000</ele>
      </trkpt>
      <trkpt lat="44.120550000" lon="5.248630000">
        <ele>669.000</ele>
      </trkpt>
      <trkpt lat="44.120590000" lon="5.248640000">
        <ele>670.000</ele>
      </trkpt>
      <trkpt lat="44.120650000" lon="5.248690000">
        <ele>671.000</ele>
      </trkpt>
      <trkpt lat="44.120730000" lon="5.248730000">
        <ele>672.000</ele>
      </trkpt>
      <trkpt lat="44.120780000" lon="5.248750000">
        <ele>673.000</ele>
      </trkpt>
      <trkpt lat="44.120840000" lon="5.248740000">
        <ele>673.000</ele>
      </trkpt>
      <trkpt lat="44.120940000" lon="5.248750000">
        <ele>674.000</ele>
      </trkpt>
      <trkpt lat="44.121010000" lon="5.248760000">
        <ele>675.000</ele>
      </trkpt>
      <trkpt lat="44.121070000" lon="5.248800000">
        <ele>676.000</ele>
      </trkpt>
      <trkpt lat="44.121120000" lon="5.248850000">
        <ele>677.000</ele>
      </trkpt>
      <trkpt lat="44.121180000" lon="5.248930000">
        <ele>678.000</ele>
      </trkpt>
      <trkpt lat="44.121230000" lon="5.249040000">
        <ele>679.000</ele>
      </trkpt>
      <trkpt lat="44.121310000" lon="5.249280000">
        <ele>681.000</ele>
      </trkpt>
      <trkpt lat="44.121350000" lon="5.249330000">
        <ele>682.000</ele>
      </trkpt>
      <trkpt lat="44.121390000" lon="5.249370000">
        <ele>683.000</ele>
      </trkpt>
      <trkpt lat="44.121450000" lon="5.249380000">
        <ele>684.000</ele>
      </trkpt>
      <trkpt lat="44.121500000" lon="5.249370000">
        <ele>684.000</ele>
      </trkpt>
      <trkpt lat="44.121600000" lon="5.249330000">
        <ele>685.000</ele>
      </trkpt>
      <trkpt lat="44.121750000" lon="5.249230000">
        <ele>686.000</ele>
      </trkpt>
      <trkpt lat="44.121900000" lon="5.249150000">
        <ele>687.000</ele>
      </trkpt>
      <trkpt lat="44.121980000" lon="5.249140000">
        <ele>689.000</ele>
      </trkpt>
      <trkpt lat="44.122070000" lon="5.249150000">
        <ele>689.000</ele>
      </trkpt>
      <trkpt lat="44.122150000" lon="5.249190000">
        <ele>690.000</ele>
      </trkpt>
      <trkpt lat="44.122220000" lon="5.249250000">
        <ele>691.000</ele>
      </trkpt>
      <trkpt lat="44.122290000" lon="5.249360000">
        <ele>692.000</ele>
      </trkpt>
      <trkpt lat="44.122460000" lon="5.249650000">
        <ele>693.000</ele>
      </trkpt>
      <trkpt lat="44.123380000" lon="5.251240000">
        <ele>699.000</ele>
      </trkpt>
      <trkpt lat="44.124540000" lon="5.253200000">
        <ele>708.000</ele>
      </trkpt>
      <trkpt lat="44.124630000" lon="5.253380000">
        <ele>715.000</ele>
      </trkpt>
      <trkpt lat="44.124670000" lon="5.253530000">
        <ele>720.000</ele>
      </trkpt>
      <trkpt lat="44.124690000" lon="5.253690000">
        <ele>724.000</ele>
      </trkpt>
      <trkpt lat="44.124690000" lon="5.253900000">
        <ele>727.000</ele>
      </trkpt>
      <trkpt lat="44.124650000" lon="5.255030000">
        <ele>731.000</ele>
      </trkpt>
      <trkpt lat="44.124650000" lon="5.255210000">
        <ele>735.000</ele>
      </trkpt>
      <trkpt lat="44.124660000" lon="5.255440000">
        <ele>738.000</ele>
      </trkpt>
      <trkpt lat="44.124700000" lon="5.255730000">
        <ele>740.000</ele>
      </trkpt>
      <trkpt lat="44.124760000" lon="5.256020000">
        <ele>743.000</ele>
      </trkpt>
      <trkpt lat="44.125110000" lon="5.257520000">
        <ele>749.000</ele>
      </trkpt>
      <trkpt lat="44.125150000" lon="5.257700000">
        <ele>754.000</ele>
      </trkpt>
      <trkpt lat="44.125150000" lon="5.257850000">
        <ele>757.000</ele>
      </trkpt>
      <trkpt lat="44.125140000" lon="5.257980000">
        <ele>760.000</ele>
      </trkpt>
      <trkpt lat="44.125100000" lon="5.258100000">
        <ele>762.000</ele>
      </trkpt>
      <trkpt lat="44.125050000" lon="5.258230000">
        <ele>764.000</ele>
      </trkpt>
      <trkpt lat="44.124940000" lon="5.258420000">
        <ele>765.000</ele>
      </trkpt>
      <trkpt lat="44.124500000" lon="5.259000000">
        <ele>768.000</ele>
      </trkpt>
      <trkpt lat="44.124430000" lon="5.259110000">
        <ele>770.000</ele>
      </trkpt>
      <trkpt lat="44.124390000" lon="5.259210000">
        <ele>772.000</ele>
      </trkpt>
      <trkpt lat="44.124370000" lon="5.259320000">
        <ele>773.000</ele>
      </trkpt>
      <trkpt lat="44.124350000" lon="5.259510000">
        <ele>775.000</ele>
      </trkpt>
      <trkpt lat="44.124330000" lon="5.259790000">
        <ele>776.000</ele>
      </trkpt>
      <trkpt lat="44.124300000" lon="5.260470000">
        <ele>778.000</ele>
      </trkpt>
      <trkpt lat="44.124300000" lon="5.260600000">
        <ele>780.000</ele>
      </trkpt>
      <trkpt lat="44.124320000" lon="5.260800000">
        <ele>782.000</ele>
      </trkpt>
      <trkpt lat="44.124370000" lon="5.261000000">
        <ele>784.000</ele>
      </trkpt>
      <trkpt lat="44.124430000" lon="5.261150000">
        <ele>786.000</ele>
      </trkpt>
      <trkpt lat="44.124530000" lon="5.261360000">
        <ele>788.000</ele>
      </trkpt>
      <trkpt lat="44.124560000" lon="5.261510000">
        <ele>789.000</ele>
      </trkpt>
      <trkpt lat="44.124580000" lon="5.261630000">
        <ele>791.000</ele>
      </trkpt>
      <trkpt lat="44.124570000" lon="5.261760000">
        <ele>792.000</ele>
      </trkpt>
      <trkpt lat="44.124560000" lon="5.261890000">
        <ele>794.000</ele>
      </trkpt>
      <trkpt lat="44.124510000" lon="5.262110000">
        <ele>795.000</ele>
      </trkpt>
      <trkpt lat="44.124430000" lon="5.262520000">
        <ele>798.000</ele>
      </trkpt>
      <trkpt lat="44.124320000" lon="5.263010000">
        <ele>801.000</ele>
      </trkpt>
      <trkpt lat="44.124300000" lon="5.263210000">
        <ele>804.000</ele>
      </trkpt>
      <trkpt lat="44.124290000" lon="5.263420000">
        <ele>806.000</ele>
      </trkpt>
      <trkpt lat="44.124260000" lon="5.263700000">
        <ele>808.000</ele>
      </trkpt>
      <trkpt lat="44.124230000" lon="5.263850000">
        <ele>810.000</ele>
      </trkpt>
      <trkpt lat="44.124190000" lon="5.263970000">
        <ele>812.000</ele>
      </trkpt>
      <trkpt lat="44.124110000" lon="5.264170000">
        <ele>814.000</ele>
      </trkpt>
      <trkpt lat="44.124000000" lon="5.264470000">
        <ele>816.000</ele>
      </trkpt>
      <trkpt lat="44.123980000" lon="5.264520000">
        <ele>817.000</ele>
      </trkpt>
      <trkpt lat="44.123970000" lon="5.264580000">
        <ele>819.000</ele>
      </trkpt>
      <trkpt lat="44.123960000" lon="5.264640000">
        <ele>820.000</ele>
      </trkpt>
      <trkpt lat="44.123950000" lon="5.264730000">
        <ele>820.000</ele>
      </trkpt>
      <trkpt lat="44.123950000" lon="5.264810000">
        <ele>821.000</ele>
      </trkpt>
      <trkpt lat="44.123960000" lon="5.264900000">
        <ele>822.000</ele>
      </trkpt>
      <trkpt lat="44.123980000" lon="5.264980000">
        <ele>823.000</ele>
      </trkpt>
      <trkpt lat="44.123990000" lon="5.265040000">
        <ele>823.000</ele>
      </trkpt>
      <trkpt lat="44.124200000" lon="5.265550000">
        <ele>825.000</ele>
      </trkpt>
      <trkpt lat="44.124350000" lon="5.265880000">
        <ele>828.000</ele>
      </trkpt>
      <trkpt lat="44.124460000" lon="5.266030000">
        <ele>830.000</ele>
      </trkpt>
      <trkpt lat="44.124580000" lon="5.266140000">
        <ele>832.000</ele>
      </trkpt>
      <trkpt lat="44.124780000" lon="5.266390000">
        <ele>835.000</ele>
      </trkpt>
      <trkpt lat="44.124850000" lon="5.266520000">
        <ele>837.000</ele>
      </trkpt>
      <trkpt lat="44.124990000" lon="5.266880000">
        <ele>840.000</ele>
      </trkpt>
      <trkpt lat="44.125270000" lon="5.267660000">
        <ele>844.000</ele>
      </trkpt>
      <trkpt lat="44.125340000" lon="5.267820000">
        <ele>847.000</ele>
      </trkpt>
      <trkpt lat="44.125440000" lon="5.268000000">
        <ele>850.000</ele>
      </trkpt>
      <trkpt lat="44.125620000" lon="5.268270000">
        <ele>853.000</ele>
      </trkpt>
      <trkpt lat="44.125670000" lon="5.268380000">
        <ele>855.000</ele>
      </trkpt>
      <trkpt lat="44.125940000" lon="5.269170000">
        <ele>859.000</ele>
      </trkpt>
      <trkpt lat="44.126030000" lon="5.269430000">
        <ele>863.000</ele>
      </trkpt>
      <trkpt lat="44.126100000" lon="5.269650000">
        <ele>866.000</ele>
      </trkpt>
      <trkpt lat="44.126140000" lon="5.269840000">
        <ele>868.000</ele>
      </trkpt>
      <trkpt lat="44.126170000" lon="5.270080000">
        <ele>871.000</ele>
      </trkpt>
      <trkpt lat="44.126200000" lon="5.270250000">
        <ele>873.000</ele>
      </trkpt>
      <trkpt lat="44.126260000" lon="5.270430000">
        <ele>875.000</ele>
      </trkpt>
      <trkpt lat="44.126480000" lon="5.271000000">
        <ele>877.000</ele>
      </trkpt>
      <trkpt lat="44.126520000" lon="5.271170000">
        <ele>880.000</ele>
      </trkpt>
      <trkpt lat="44.126550000" lon="5.271430000">
        <ele>882.000</ele>
      </trkpt>
      <trkpt lat="44.126620000" lon="5.272370000">
        <ele>886.000</ele>
      </trkpt>
      <trkpt lat="44.126660000" lon="5.273100000">
        <ele>890.000</ele>
      </trkpt>
      <trkpt lat="44.126650000" lon="5.273280000">
        <ele>894.000</ele>
      </trkpt>
      <trkpt lat="44.126620000" lon="5.273450000">
        <ele>896.000</ele>
      </trkpt>
      <trkpt lat="44.126560000" lon="5.273640000">
        <ele>899.000</ele>
      </trkpt>
      <trkpt lat="44.126290000" lon="5.274300000">
        <ele>902.000</ele>
      </trkpt>
      <trkpt lat="44.125790000" lon="5.275580000">
        <ele>908.000</ele>
      </trkpt>
      <trkpt lat="44.125740000" lon="5.275730000">
        <ele>913.000</ele>
      </trkpt>
      <trkpt lat="44.125710000" lon="5.275900000">
        <ele>916.000</ele>
      </trkpt>
      <trkpt lat="44.125710000" lon="5.276080000">
        <ele>919.000</ele>
      </trkpt>
      <trkpt lat="44.125720000" lon="5.276260000">
        <ele>921.000</ele>
      </trkpt>
      <trkpt lat="44.126000000" lon="5.277510000">
        <ele>925.000</ele>
      </trkpt>
      <trkpt lat="44.126120000" lon="5.278080000">
        <ele>929.000</ele>
      </trkpt>
      <trkpt lat="44.126170000" lon="5.278230000">
        <ele>932.000</ele>
      </trkpt>
      <trkpt lat="44.126230000" lon="5.278320000">
        <ele>934.000</ele>
      </trkpt>
      <trkpt lat="44.126450000" lon="5.278550000">
        <ele>936.000</ele>
      </trkpt>
      <trkpt lat="44.126490000" lon="5.278630000">
        <ele>938.000</ele>
      </trkpt>
      <trkpt lat="44.126530000" lon="5.278750000">
        <ele>940.000</ele>
      </trkpt>
      <trkpt lat="44.126550000" lon="5.278890000">
        <ele>941.000</ele>
      </trkpt>
      <trkpt lat="44.126550000" lon="5.279050000">
        <ele>943.000</ele>
      </trkpt>
      <trkpt lat="44.126560000" lon="5.279660000">
        <ele>945.000</ele>
      </trkpt>
      <trkpt lat="44.126560000" lon="5.280000000">
        <ele>947.000</ele>
      </trkpt>
      <trkpt lat="44.126570000" lon="5.280260000">
        <ele>949.000</ele>
      </trkpt>
      <trkpt lat="44.126590000" lon="5.280480000">
        <ele>951.000</ele>
      </trkpt>
      <trkpt lat="44.126640000" lon="5.280670000">
        <ele>953.000</ele>
      </trkpt>
      <trkpt lat="44.126840000" lon="5.281230000">
        <ele>956.000</ele>
      </trkpt>
      <trkpt lat="44.127000000" lon="5.281690000">
        <ele>959.000</ele>
      </trkpt>
      <trkpt lat="44.127040000" lon="5.281840000">
        <ele>961.000</ele>
      </trkpt>
      <trkpt lat="44.127050000" lon="5.281980000">
        <ele>962.000</ele>
      </trkpt>
      <trkpt lat="44.127050000" lon="5.282140000">
        <ele>964.000</ele>
      </trkpt>
      <trkpt lat="44.127010000" lon="5.282510000">
        <ele>966.000</ele>
      </trkpt>
      <trkpt lat="44.126940000" lon="5.282990000">
        <ele>968.000</ele>
      </trkpt>
      <trkpt lat="44.126930000" lon="5.283150000">
        <ele>970.000</ele>
      </trkpt>
      <trkpt lat="44.126930000" lon="5.283270000">
        <ele>971.000</ele>
      </trkpt>
      <trkpt lat="44.126940000" lon="5.283410000">
        <ele>973.000</ele>
      </trkpt>
      <trkpt lat="44.126990000" lon="5.283510000">
        <ele>974.000</ele>
      </trkpt>
      <trkpt lat="44.127050000" lon="5.283610000">
        <ele>975.000</ele>
      </trkpt>
      <trkpt lat="44.127140000" lon="5.283680000">
        <ele>976.000</ele>
      </trkpt>
      <trkpt lat="44.127270000" lon="5.283750000">
        <ele>978.000</ele>
      </trkpt>
      <trkpt lat="44.127390000" lon="5.283780000">
        <ele>979.000</ele>
      </trkpt>
      <trkpt lat="44.127520000" lon="5.283760000">
        <ele>980.000</ele>
      </trkpt>
      <trkpt lat="44.127760000" lon="5.283660000">
        <ele>982.000</ele>
      </trkpt>
      <trkpt lat="44.127850000" lon="5.283640000">
        <ele>983.000</ele>
      </trkpt>
      <trkpt lat="44.127960000" lon="5.283640000">
        <ele>985.000</ele>
      </trkpt>
      <trkpt lat="44.128120000" lon="5.283680000">
        <ele>986.000</ele>
      </trkpt>
      <trkpt lat="44.128280000" lon="5.283720000">
        <ele>988.000</ele>
      </trkpt>
      <trkpt lat="44.128420000" lon="5.283740000">
        <ele>989.000</ele>
      </trkpt>
      <trkpt lat="44.128630000" lon="5.283700000">
        <ele>991.000</ele>
      </trkpt>
      <trkpt lat="44.128710000" lon="5.283720000">
        <ele>992.000</ele>
      </trkpt>
      <trkpt lat="44.128740000" lon="5.283760000">
        <ele>993.000</ele>
      </trkpt>
      <trkpt lat="44.128760000" lon="5.283810000">
        <ele>994.000</ele>
      </trkpt>
      <trkpt lat="44.128760000" lon="5.283860000">
        <ele>995.000</ele>
      </trkpt>
      <trkpt lat="44.128730000" lon="5.283910000">
        <ele>995.000</ele>
      </trkpt>
      <trkpt lat="44.128690000" lon="5.283950000">
        <ele>996.000</ele>
      </trkpt>
      <trkpt lat="44.128560000" lon="5.284010000">
        <ele>996.000</ele>
      </trkpt>
      <trkpt lat="44.128500000" lon="5.284070000">
        <ele>997.000</ele>
      </trkpt>
      <trkpt lat="44.128450000" lon="5.284150000">
        <ele>998.000</ele>
      </trkpt>
      <trkpt lat="44.128440000" lon="5.284250000">
        <ele>998.000</ele>
      </trkpt>
      <trkpt lat="44.128450000" lon="5.284360000">
        <ele>999.000</ele>
      </trkpt>
      <trkpt lat="44.128490000" lon="5.284440000">
        <ele>1000.000</ele>
      </trkpt>
      <trkpt lat="44.128750000" lon="5.284890000">
        <ele>1001.000</ele>
      </trkpt>
      <trkpt lat="44.128840000" lon="5.285070000">
        <ele>1002.000</ele>
      </trkpt>
      <trkpt lat="44.128860000" lon="5.285170000">
        <ele>1004.000</ele>
      </trkpt>
      <trkpt lat="44.128880000" lon="5.285320000">
        <ele>1005.000</ele>
      </trkpt>
      <trkpt lat="44.128910000" lon="5.285940000">
        <ele>1007.000</ele>
      </trkpt>
      <trkpt lat="44.128940000" lon="5.286090000">
        <ele>1008.000</ele>
      </trkpt>
      <trkpt lat="44.128970000" lon="5.286210000">
        <ele>1010.000</ele>
      </trkpt>
      <trkpt lat="44.129010000" lon="5.286300000">
        <ele>1011.000</ele>
      </trkpt>
      <trkpt lat="44.129060000" lon="5.286370000">
        <ele>1012.000</ele>
      </trkpt>
      <trkpt lat="44.129230000" lon="5.286590000">
        <ele>1013.000</ele>
      </trkpt>
      <trkpt lat="44.129330000" lon="5.286780000">
        <ele>1015.000</ele>
      </trkpt>
      <trkpt lat="44.129490000" lon="5.287130000">
        <ele>1017.000</ele>
      </trkpt>
      <trkpt lat="44.129560000" lon="5.287290000">
        <ele>1018.000</ele>
      </trkpt>
      <trkpt lat="44.129580000" lon="5.287410000">
        <ele>1020.000</ele>
      </trkpt>
      <trkpt lat="44.129590000" lon="5.287580000">
        <ele>1021.000</ele>
      </trkpt>
      <trkpt lat="44.129580000" lon="5.287720000">
        <ele>1022.000</ele>
      </trkpt>
      <trkpt lat="44.129560000" lon="5.287980000">
        <ele>1024.000</ele>
      </trkpt>
      <trkpt lat="44.129580000" lon="5.288090000">
        <ele>1025.000</ele>
      </trkpt>
      <trkpt lat="44.129590000" lon="5.288150000">
        <ele>1026.000</ele>
      </trkpt>
      <trkpt lat="44.129640000" lon="5.288240000">
        <ele>1027.000</ele>
      </trkpt>
      <trkpt lat="44.129720000" lon="5.288320000">
        <ele>1028.000</ele>
      </trkpt>
      <trkpt lat="44.130420000" lon="5.288850000">
        <ele>1032.000</ele>
      </trkpt>
      <trkpt lat="44.130520000" lon="5.288950000">
        <ele>1035.000</ele>
      </trkpt>
      <trkpt lat="44.130590000" lon="5.289060000">
        <ele>1037.000</ele>
      </trkpt>
      <trkpt lat="44.130650000" lon="5.289180000">
        <ele>1039.000</ele>
      </trkpt>
      <trkpt lat="44.130710000" lon="5.289350000">
        <ele>1041.000</ele>
      </trkpt>
      <trkpt lat="44.130760000" lon="5.289530000">
        <ele>1043.000</ele>
      </trkpt>
      <trkpt lat="44.130890000" lon="5.290000000">
        <ele>1046.000</ele>
      </trkpt>
      <trkpt lat="44.130940000" lon="5.290170000">
        <ele>1048.000</ele>
      </trkpt>
      <trkpt lat="44.131010000" lon="5.290370000">
        <ele>1051.000</ele>
      </trkpt>
      <trkpt lat="44.131120000" lon="5.290570000">
        <ele>1053.000</ele>
      </trkpt>
      <trkpt lat="44.131250000" lon="5.290790000">
        <ele>1055.000</ele>
      </trkpt>
      <trkpt lat="44.131530000" lon="5.291280000">
        <ele>1059.000</ele>
      </trkpt>
      <trkpt lat="44.131660000" lon="5.291590000">
        <ele>1062.000</ele>
      </trkpt>
      <trkpt lat="44.131980000" lon="5.292490000">
        <ele>1068.000</ele>
      </trkpt>
      <trkpt lat="44.132150000" lon="5.292910000">
        <ele>1073.000</ele>
      </trkpt>
      <trkpt lat="44.132420000" lon="5.293470000">
        <ele>1079.000</ele>
      </trkpt>
      <trkpt lat="44.132650000" lon="5.293930000">
        <ele>1084.000</ele>
      </trkpt>
      <trkpt lat="44.132840000" lon="5.294300000">
        <ele>1089.000</ele>
      </trkpt>
      <trkpt lat="44.132930000" lon="5.294450000">
        <ele>1094.000</ele>
      </trkpt>
      <trkpt lat="44.133210000" lon="5.294870000">
        <ele>1098.000</ele>
      </trkpt>
      <trkpt lat="44.133330000" lon="5.295080000">
        <ele>1102.000</ele>
      </trkpt>
      <trkpt lat="44.133530000" lon="5.295480000">
        <ele>1105.000</ele>
      </trkpt>
      <trkpt lat="44.133900000" lon="5.296300000">
        <ele>1110.000</ele>
      </trkpt>
      <trkpt lat="44.134340000" lon="5.297260000">
        <ele>1115.000</ele>
      </trkpt>
      <trkpt lat="44.134410000" lon="5.297430000">
        <ele>1120.000</ele>
      </trkpt>
      <trkpt lat="44.134460000" lon="5.297630000">
        <ele>1123.000</ele>
      </trkpt>
      <trkpt lat="44.134510000" lon="5.297900000">
        <ele>1126.000</ele>
      </trkpt>
      <trkpt lat="44.134580000" lon="5.298460000">
        <ele>1129.000</ele>
      </trkpt>
      <trkpt lat="44.134640000" lon="5.299090000">
        <ele>1133.000</ele>
      </trkpt>
      <trkpt lat="44.134720000" lon="5.300060000">
        <ele>1138.000</ele>
      </trkpt>
      <trkpt lat="44.134750000" lon="5.300390000">
        <ele>1143.000</ele>
      </trkpt>
      <trkpt lat="44.134790000" lon="5.300650000">
        <ele>1146.000</ele>
      </trkpt>
      <trkpt lat="44.134840000" lon="5.300880000">
        <ele>1149.000</ele>
      </trkpt>
      <trkpt lat="44.134880000" lon="5.301020000">
        <ele>1151.000</ele>
      </trkpt>
      <trkpt lat="44.134920000" lon="5.301140000">
        <ele>1153.000</ele>
      </trkpt>
      <trkpt lat="44.135130000" lon="5.301500000">
        <ele>1155.000</ele>
      </trkpt>
      <trkpt lat="44.135750000" lon="5.302600000">
        <ele>1160.000</ele>
      </trkpt>
      <trkpt lat="44.135820000" lon="5.302760000">
        <ele>1164.000</ele>
      </trkpt>
      <trkpt lat="44.135870000" lon="5.302900000">
        <ele>1167.000</ele>
      </trkpt>
      <trkpt lat="44.135900000" lon="5.303060000">
        <ele>1170.000</ele>
      </trkpt>
      <trkpt lat="44.135900000" lon="5.303190000">
        <ele>1172.000</ele>
      </trkpt>
      <trkpt lat="44.135880000" lon="5.303340000">
        <ele>1174.000</ele>
      </trkpt>
      <trkpt lat="44.135620000" lon="5.304640000">
        <ele>1179.000</ele>
      </trkpt>
      <trkpt lat="44.135520000" lon="5.305230000">
        <ele>1184.000</ele>
      </trkpt>
      <trkpt lat="44.135490000" lon="5.305430000">
        <ele>1187.000</ele>
      </trkpt>
      <trkpt lat="44.135470000" lon="5.305680000">
        <ele>1190.000</ele>
      </trkpt>
      <trkpt lat="44.135490000" lon="5.305960000">
        <ele>1193.000</ele>
      </trkpt>
      <trkpt lat="44.135540000" lon="5.306260000">
        <ele>1195.000</ele>
      </trkpt>
      <trkpt lat="44.135610000" lon="5.306480000">
        <ele>1198.000</ele>
      </trkpt>
      <trkpt lat="44.135680000" lon="5.306660000">
        <ele>1200.000</ele>
      </trkpt>
      <trkpt lat="44.135810000" lon="5.306930000">
        <ele>1201.000</ele>
      </trkpt>
      <trkpt lat="44.135960000" lon="5.307190000">
        <ele>1204.000</ele>
      </trkpt>
      <trkpt lat="44.136100000" lon="5.307430000">
        <ele>1206.000</ele>
      </trkpt>
      <trkpt lat="44.136250000" lon="5.307620000">
        <ele>1208.000</ele>
      </trkpt>
      <trkpt lat="44.136060000" lon="5.307730000">
        <ele>1209.000</ele>
      </trkpt>
      <trkpt lat="44.136060000" lon="5.307730000">
        <ele>1210.000</ele>
      </trkpt>
      <trkpt lat="44.136250000" lon="5.307620000">
        <ele>1210.000</ele>
      </trkpt>
      <trkpt lat="44.137100000" lon="5.308710000">
        <ele>1214.000</ele>
      </trkpt>
      <trkpt lat="44.137390000" lon="5.309090000">
        <ele>1218.000</ele>
      </trkpt>
      <trkpt lat="44.137560000" lon="5.309380000">
        <ele>1222.000</ele>
      </trkpt>
      <trkpt lat="44.137670000" lon="5.309630000">
        <ele>1225.000</ele>
      </trkpt>
      <trkpt lat="44.138080000" lon="5.310760000">
        <ele>1230.000</ele>
      </trkpt>
      <trkpt lat="44.138140000" lon="5.310940000">
        <ele>1234.000</ele>
      </trkpt>
      <trkpt lat="44.138160000" lon="5.311130000">
        <ele>1237.000</ele>
      </trkpt>
      <trkpt lat="44.138150000" lon="5.311330000">
        <ele>1240.000</ele>
      </trkpt>
      <trkpt lat="44.138120000" lon="5.311570000">
        <ele>1242.000</ele>
      </trkpt>
      <trkpt lat="44.138130000" lon="5.311690000">
        <ele>1244.000</ele>
      </trkpt>
      <trkpt lat="44.138150000" lon="5.311850000">
        <ele>1245.000</ele>
      </trkpt>
      <trkpt lat="44.138360000" lon="5.312590000">
        <ele>1248.000</ele>
      </trkpt>
      <trkpt lat="44.138390000" lon="5.312790000">
        <ele>1251.000</ele>
      </trkpt>
      <trkpt lat="44.138460000" lon="5.313430000">
        <ele>1255.000</ele>
      </trkpt>
      <trkpt lat="44.138500000" lon="5.313630000">
        <ele>1257.000</ele>
      </trkpt>
      <trkpt lat="44.138540000" lon="5.313810000">
        <ele>1260.000</ele>
      </trkpt>
      <trkpt lat="44.138610000" lon="5.313990000">
        <ele>1262.000</ele>
      </trkpt>
      <trkpt lat="44.138730000" lon="5.314260000">
        <ele>1264.000</ele>
      </trkpt>
      <trkpt lat="44.138870000" lon="5.314550000">
        <ele>1265.000</ele>
      </trkpt>
      <trkpt lat="44.139010000" lon="5.314820000">
        <ele>1267.000</ele>
      </trkpt>
      <trkpt lat="44.139330000" lon="5.315330000">
        <ele>1269.000</ele>
      </trkpt>
      <trkpt lat="44.139640000" lon="5.315810000">
        <ele>1272.000</ele>
      </trkpt>
      <trkpt lat="44.139960000" lon="5.316260000">
        <ele>1276.000</ele>
      </trkpt>
      <trkpt lat="44.140510000" lon="5.316980000">
        <ele>1281.000</ele>
      </trkpt>
      <trkpt lat="44.140680000" lon="5.317250000">
        <ele>1285.000</ele>
      </trkpt>
      <trkpt lat="44.140850000" lon="5.317530000">
        <ele>1289.000</ele>
      </trkpt>
      <trkpt lat="44.141080000" lon="5.317860000">
        <ele>1293.000</ele>
      </trkpt>
      <trkpt lat="44.141250000" lon="5.318050000">
        <ele>1296.000</ele>
      </trkpt>
      <trkpt lat="44.141490000" lon="5.318290000">
        <ele>1299.000</ele>
      </trkpt>
      <trkpt lat="44.141580000" lon="5.318360000">
        <ele>1302.000</ele>
      </trkpt>
      <trkpt lat="44.141640000" lon="5.318420000">
        <ele>1304.000</ele>
      </trkpt>
      <trkpt lat="44.141720000" lon="5.318460000">
        <ele>1305.000</ele>
      </trkpt>
      <trkpt lat="44.141800000" lon="5.318480000">
        <ele>1307.000</ele>
      </trkpt>
      <trkpt lat="44.141880000" lon="5.318470000">
        <ele>1308.000</ele>
      </trkpt>
      <trkpt lat="44.142150000" lon="5.318400000">
        <ele>1310.000</ele>
      </trkpt>
      <trkpt lat="44.142250000" lon="5.318390000">
        <ele>1311.000</ele>
      </trkpt>
      <trkpt lat="44.142320000" lon="5.318410000">
        <ele>1312.000</ele>
      </trkpt>
      <trkpt lat="44.142590000" lon="5.318550000">
        <ele>1314.000</ele>
      </trkpt>
      <trkpt lat="44.142700000" lon="5.318570000">
        <ele>1316.000</ele>
      </trkpt>
      <trkpt lat="44.142760000" lon="5.318560000">
        <ele>1317.000</ele>
      </trkpt>
      <trkpt lat="44.142830000" lon="5.318530000">
        <ele>1318.000</ele>
      </trkpt>
      <trkpt lat="44.142950000" lon="5.318440000">
        <ele>1319.000</ele>
      </trkpt>
      <trkpt lat="44.143260000" lon="5.318180000">
        <ele>1322.000</ele>
      </trkpt>
      <trkpt lat="44.143510000" lon="5.318000000">
        <ele>1325.000</ele>
      </trkpt>
      <trkpt lat="44.143620000" lon="5.317890000">
        <ele>1327.000</ele>
      </trkpt>
      <trkpt lat="44.143790000" lon="5.317700000">
        <ele>1330.000</ele>
      </trkpt>
      <trkpt lat="44.143910000" lon="5.317590000">
        <ele>1332.000</ele>
      </trkpt>
      <trkpt lat="44.144000000" lon="5.317520000">
        <ele>1334.000</ele>
      </trkpt>
      <trkpt lat="44.144100000" lon="5.317480000">
        <ele>1336.000</ele>
      </trkpt>
      <trkpt lat="44.144200000" lon="5.317440000">
        <ele>1338.000</ele>
      </trkpt>
      <trkpt lat="44.144570000" lon="5.317410000">
        <ele>1340.000</ele>
      </trkpt>
      <trkpt lat="44.144720000" lon="5.317410000">
        <ele>1342.000</ele>
      </trkpt>
      <trkpt lat="44.145200000" lon="5.317540000">
        <ele>1345.000</ele>
      </trkpt>
      <trkpt lat="44.145560000" lon="5.317610000">
        <ele>1347.000</ele>
      </trkpt>
      <trkpt lat="44.145670000" lon="5.317650000">
        <ele>1349.000</ele>
      </trkpt>
      <trkpt lat="44.145780000" lon="5.317700000">
        <ele>1351.000</ele>
      </trkpt>
      <trkpt lat="44.145830000" lon="5.317700000">
        <ele>1352.000</ele>
      </trkpt>
      <trkpt lat="44.145860000" lon="5.317690000">
        <ele>1353.000</ele>
      </trkpt>
      <trkpt lat="44.145890000" lon="5.317670000">
        <ele>1354.000</ele>
      </trkpt>
      <trkpt lat="44.145910000" lon="5.317610000">
        <ele>1354.000</ele>
      </trkpt>
      <trkpt lat="44.145910000" lon="5.317540000">
        <ele>1355.000</ele>
      </trkpt>
      <trkpt lat="44.145880000" lon="5.317470000">
        <ele>1355.000</ele>
      </trkpt>
      <trkpt lat="44.145650000" lon="5.317050000">
        <ele>1356.000</ele>
      </trkpt>
      <trkpt lat="44.145560000" lon="5.316890000">
        <ele>1357.000</ele>
      </trkpt>
      <trkpt lat="44.145470000" lon="5.316700000">
        <ele>1358.000</ele>
      </trkpt>
      <trkpt lat="44.145450000" lon="5.316570000">
        <ele>1359.000</ele>
      </trkpt>
      <trkpt lat="44.145450000" lon="5.316470000">
        <ele>1360.000</ele>
      </trkpt>
      <trkpt lat="44.145480000" lon="5.316390000">
        <ele>1360.000</ele>
      </trkpt>
      <trkpt lat="44.145520000" lon="5.316300000">
        <ele>1361.000</ele>
      </trkpt>
      <trkpt lat="44.145590000" lon="5.316190000">
        <ele>1361.000</ele>
      </trkpt>
      <trkpt lat="44.145760000" lon="5.315900000">
        <ele>1362.000</ele>
      </trkpt>
      <trkpt lat="44.145960000" lon="5.315510000">
        <ele>1363.000</ele>
      </trkpt>
      <trkpt lat="44.146040000" lon="5.315380000">
        <ele>1365.000</ele>
      </trkpt>
      <trkpt lat="44.146080000" lon="5.315320000">
        <ele>1365.000</ele>
      </trkpt>
      <trkpt lat="44.146120000" lon="5.315290000">
        <ele>1366.000</ele>
      </trkpt>
      <trkpt lat="44.146170000" lon="5.315260000">
        <ele>1366.000</ele>
      </trkpt>
      <trkpt lat="44.146280000" lon="5.315240000">
        <ele>1367.000</ele>
      </trkpt>
      <trkpt lat="44.146360000" lon="5.315240000">
        <ele>1367.000</ele>
      </trkpt>
      <trkpt lat="44.146490000" lon="5.315270000">
        <ele>1368.000</ele>
      </trkpt>
      <trkpt lat="44.146890000" lon="5.315390000">
        <ele>1370.000</ele>
      </trkpt>
      <trkpt lat="44.147020000" lon="5.315460000">
        <ele>1372.000</ele>
      </trkpt>
      <trkpt lat="44.147140000" lon="5.315550000">
        <ele>1373.000</ele>
      </trkpt>
      <trkpt lat="44.147220000" lon="5.315650000">
        <ele>1374.000</ele>
      </trkpt>
      <trkpt lat="44.147340000" lon="5.315820000">
        <ele>1376.000</ele>
      </trkpt>
      <trkpt lat="44.147410000" lon="5.315900000">
        <ele>1377.000</ele>
      </trkpt>
      <trkpt lat="44.147500000" lon="5.315980000">
        <ele>1378.000</ele>
      </trkpt>
      <trkpt lat="44.147640000" lon="5.316040000">
        <ele>1379.000</ele>
      </trkpt>
      <trkpt lat="44.147780000" lon="5.316090000">
        <ele>1381.000</ele>
      </trkpt>
      <trkpt lat="44.148040000" lon="5.316170000">
        <ele>1382.000</ele>
      </trkpt>
      <trkpt lat="44.148330000" lon="5.316330000">
        <ele>1384.000</ele>
      </trkpt>
      <trkpt lat="44.149100000" lon="5.316820000">
        <ele>1389.000</ele>
      </trkpt>
      <trkpt lat="44.149700000" lon="5.317240000">
        <ele>1394.000</ele>
      </trkpt>
      <trkpt lat="44.149920000" lon="5.317390000">
        <ele>1398.000</ele>
      </trkpt>
      <trkpt lat="44.150150000" lon="5.317500000">
        <ele>1401.000</ele>
      </trkpt>
      <trkpt lat="44.150500000" lon="5.317630000">
        <ele>1404.000</ele>
      </trkpt>
      <trkpt lat="44.150730000" lon="5.317750000">
        <ele>1407.000</ele>
      </trkpt>
      <trkpt lat="44.150930000" lon="5.317900000">
        <ele>1410.000</ele>
      </trkpt>
      <trkpt lat="44.151120000" lon="5.318060000">
        <ele>1412.000</ele>
      </trkpt>
      <trkpt lat="44.151530000" lon="5.318490000">
        <ele>1415.000</ele>
      </trkpt>
      <trkpt lat="44.151730000" lon="5.318680000">
        <ele>1418.000</ele>
      </trkpt>
      <trkpt lat="44.151820000" lon="5.318770000">
        <ele>1419.000</ele>
      </trkpt>
      <trkpt lat="44.151890000" lon="5.318820000">
        <ele>1420.000</ele>
      </trkpt>
      <trkpt lat="44.151930000" lon="5.318850000">
        <ele>1421.000</ele>
      </trkpt>
      <trkpt lat="44.151970000" lon="5.318860000">
        <ele>1422.000</ele>
      </trkpt>
      <trkpt lat="44.152010000" lon="5.318860000">
        <ele>1422.000</ele>
      </trkpt>
      <trkpt lat="44.152030000" lon="5.318860000">
        <ele>1422.000</ele>
      </trkpt>
      <trkpt lat="44.152050000" lon="5.318850000">
        <ele>1422.000</ele>
      </trkpt>
      <trkpt lat="44.152070000" lon="5.318840000">
        <ele>1423.000</ele>
      </trkpt>
      <trkpt lat="44.152100000" lon="5.318820000">
        <ele>1423.000</ele>
      </trkpt>
      <trkpt lat="44.152130000" lon="5.318790000">
        <ele>1423.000</ele>
      </trkpt>
      <trkpt lat="44.152170000" lon="5.318740000">
        <ele>1423.000</ele>
      </trkpt>
      <trkpt lat="44.152200000" lon="5.318690000">
        <ele>1423.000</ele>
      </trkpt>
      <trkpt lat="44.152220000" lon="5.318620000">
        <ele>1423.000</ele>
      </trkpt>
      <trkpt lat="44.152230000" lon="5.318550000">
        <ele>1423.000</ele>
      </trkpt>
      <trkpt lat="44.152230000" lon="5.318480000">
        <ele>1423.000</ele>
      </trkpt>
      <trkpt lat="44.152220000" lon="5.318400000">
        <ele>1423.000</ele>
      </trkpt>
      <trkpt lat="44.151910000" lon="5.317340000">
        <ele>1424.000</ele>
      </trkpt>
      <trkpt lat="44.151830000" lon="5.317100000">
        <ele>1425.000</ele>
      </trkpt>
      <trkpt lat="44.151660000" lon="5.316700000">
        <ele>1427.000</ele>
      </trkpt>
      <trkpt lat="44.151570000" lon="5.316430000">
        <ele>1428.000</ele>
      </trkpt>
      <trkpt lat="44.151490000" lon="5.316190000">
        <ele>1430.000</ele>
      </trkpt>
      <trkpt lat="44.151260000" lon="5.315280000">
        <ele>1433.000</ele>
      </trkpt>
      <trkpt lat="44.151220000" lon="5.315100000">
        <ele>1436.000</ele>
      </trkpt>
      <trkpt lat="44.151180000" lon="5.315000000">
        <ele>1438.000</ele>
      </trkpt>
      <trkpt lat="44.151150000" lon="5.314910000">
        <ele>1439.000</ele>
      </trkpt>
      <trkpt lat="44.151020000" lon="5.314670000">
        <ele>1441.000</ele>
      </trkpt>
      <trkpt lat="44.150960000" lon="5.314550000">
        <ele>1442.000</ele>
      </trkpt>
      <trkpt lat="44.150910000" lon="5.314400000">
        <ele>1443.000</ele>
      </trkpt>
      <trkpt lat="44.150900000" lon="5.314260000">
        <ele>1444.000</ele>
      </trkpt>
      <trkpt lat="44.150920000" lon="5.314140000">
        <ele>1445.000</ele>
      </trkpt>
      <trkpt lat="44.150980000" lon="5.314000000">
        <ele>1446.000</ele>
      </trkpt>
      <trkpt lat="44.151080000" lon="5.313860000">
        <ele>1447.000</ele>
      </trkpt>
      <trkpt lat="44.151180000" lon="5.313770000">
        <ele>1449.000</ele>
      </trkpt>
      <trkpt lat="44.151260000" lon="5.313680000">
        <ele>1450.000</ele>
      </trkpt>
      <trkpt lat="44.151370000" lon="5.313590000">
        <ele>1451.000</ele>
      </trkpt>
      <trkpt lat="44.151450000" lon="5.313530000">
        <ele>1451.000</ele>
      </trkpt>
      <trkpt lat="44.151540000" lon="5.313490000">
        <ele>1452.000</ele>
      </trkpt>
      <trkpt lat="44.151630000" lon="5.313480000">
        <ele>1453.000</ele>
      </trkpt>
      <trkpt lat="44.151740000" lon="5.313490000">
        <ele>1454.000</ele>
      </trkpt>
      <trkpt lat="44.152170000" lon="5.313580000">
        <ele>1456.000</ele>
      </trkpt>
      <trkpt lat="44.152280000" lon="5.313610000">
        <ele>1457.000</ele>
      </trkpt>
      <trkpt lat="44.152400000" lon="5.313670000">
        <ele>1459.000</ele>
      </trkpt>
      <trkpt lat="44.152480000" lon="5.313720000">
        <ele>1460.000</ele>
      </trkpt>
      <trkpt lat="44.152580000" lon="5.313810000">
        <ele>1461.000</ele>
      </trkpt>
      <trkpt lat="44.152770000" lon="5.314020000">
        <ele>1462.000</ele>
      </trkpt>
      <trkpt lat="44.152970000" lon="5.314290000">
        <ele>1464.000</ele>
      </trkpt>
      <trkpt lat="44.153080000" lon="5.314380000">
        <ele>1465.000</ele>
      </trkpt>
      <trkpt lat="44.153210000" lon="5.314470000">
        <ele>1466.000</ele>
      </trkpt>
      <trkpt lat="44.153680000" lon="5.314680000">
        <ele>1468.000</ele>
      </trkpt>
      <trkpt lat="44.153790000" lon="5.314750000">
        <ele>1470.000</ele>
      </trkpt>
      <trkpt lat="44.154670000" lon="5.315370000">
        <ele>1473.000</ele>
      </trkpt>
      <trkpt lat="44.154770000" lon="5.315430000">
        <ele>1476.000</ele>
      </trkpt>
      <trkpt lat="44.154840000" lon="5.315450000">
        <ele>1477.000</ele>
      </trkpt>
      <trkpt lat="44.154900000" lon="5.315440000">
        <ele>1479.000</ele>
      </trkpt>
      <trkpt lat="44.154940000" lon="5.315410000">
        <ele>1480.000</ele>
      </trkpt>
      <trkpt lat="44.154960000" lon="5.315370000">
        <ele>1480.000</ele>
      </trkpt>
      <trkpt lat="44.154980000" lon="5.315320000">
        <ele>1481.000</ele>
      </trkpt>
      <trkpt lat="44.154980000" lon="5.315240000">
        <ele>1481.000</ele>
      </trkpt>
      <trkpt lat="44.154940000" lon="5.315150000">
        <ele>1482.000</ele>
      </trkpt>
      <trkpt lat="44.154830000" lon="5.314910000">
        <ele>1483.000</ele>
      </trkpt>
      <trkpt lat="44.154800000" lon="5.314770000">
        <ele>1483.000</ele>
      </trkpt>
      <trkpt lat="44.154780000" lon="5.314600000">
        <ele>1484.000</ele>
      </trkpt>
      <trkpt lat="44.154780000" lon="5.314370000">
        <ele>1485.000</ele>
      </trkpt>
      <trkpt lat="44.154790000" lon="5.313880000">
        <ele>1486.000</ele>
      </trkpt>
      <trkpt lat="44.154860000" lon="5.312950000">
        <ele>1489.000</ele>
      </trkpt>
      <trkpt lat="44.154880000" lon="5.312710000">
        <ele>1491.000</ele>
      </trkpt>
      <trkpt lat="44.154910000" lon="5.312580000">
        <ele>1492.000</ele>
      </trkpt>
      <trkpt lat="44.154940000" lon="5.312480000">
        <ele>1493.000</ele>
      </trkpt>
      <trkpt lat="44.155000000" lon="5.312370000">
        <ele>1494.000</ele>
      </trkpt>
      <trkpt lat="44.155060000" lon="5.312290000">
        <ele>1495.000</ele>
      </trkpt>
      <trkpt lat="44.155120000" lon="5.312240000">
        <ele>1496.000</ele>
      </trkpt>
      <trkpt lat="44.155160000" lon="5.312210000">
        <ele>1496.000</ele>
      </trkpt>
      <trkpt lat="44.155240000" lon="5.312190000">
        <ele>1497.000</ele>
      </trkpt>
      <trkpt lat="44.155310000" lon="5.312180000">
        <ele>1497.000</ele>
      </trkpt>
      <trkpt lat="44.155370000" lon="5.312190000">
        <ele>1498.000</ele>
      </trkpt>
      <trkpt lat="44.155450000" lon="5.312210000">
        <ele>1498.000</ele>
      </trkpt>
      <trkpt lat="44.155550000" lon="5.312270000">
        <ele>1499.000</ele>
      </trkpt>
      <trkpt lat="44.156060000" lon="5.312650000">
        <ele>1501.000</ele>
      </trkpt>
      <trkpt lat="44.156230000" lon="5.312750000">
        <ele>1502.000</ele>
      </trkpt>
      <trkpt lat="44.156930000" lon="5.313050000">
        <ele>1504.000</ele>
      </trkpt>
      <trkpt lat="44.157110000" lon="5.313150000">
        <ele>1507.000</ele>
      </trkpt>
      <trkpt lat="44.157250000" lon="5.313250000">
        <ele>1508.000</ele>
      </trkpt>
      <trkpt lat="44.157480000" lon="5.313440000">
        <ele>1510.000</ele>
      </trkpt>
      <trkpt lat="44.157550000" lon="5.313460000">
        <ele>1511.000</ele>
      </trkpt>
      <trkpt lat="44.157630000" lon="5.313460000">
        <ele>1512.000</ele>
      </trkpt>
      <trkpt lat="44.157690000" lon="5.313430000">
        <ele>1513.000</ele>
      </trkpt>
      <trkpt lat="44.157750000" lon="5.313370000">
        <ele>1514.000</ele>
      </trkpt>
      <trkpt lat="44.157800000" lon="5.313270000">
        <ele>1515.000</ele>
      </trkpt>
      <trkpt lat="44.157810000" lon="5.313190000">
        <ele>1515.000</ele>
      </trkpt>
      <trkpt lat="44.157820000" lon="5.313070000">
        <ele>1516.000</ele>
      </trkpt>
      <trkpt lat="44.157790000" lon="5.312460000">
        <ele>1517.000</ele>
      </trkpt>
      <trkpt lat="44.157790000" lon="5.312270000">
        <ele>1518.000</ele>
      </trkpt>
      <trkpt lat="44.157780000" lon="5.312210000">
        <ele>1519.000</ele>
      </trkpt>
      <trkpt lat="44.157770000" lon="5.312160000">
        <ele>1520.000</ele>
      </trkpt>
      <trkpt lat="44.157750000" lon="5.312100000">
        <ele>1520.000</ele>
      </trkpt>
      <trkpt lat="44.157670000" lon="5.311890000">
        <ele>1521.000</ele>
      </trkpt>
      <trkpt lat="44.157570000" lon="5.311650000">
        <ele>1522.000</ele>
      </trkpt>
      <trkpt lat="44.157530000" lon="5.311510000">
        <ele>1524.000</ele>
      </trkpt>
      <trkpt lat="44.157470000" lon="5.311290000">
        <ele>1525.000</ele>
      </trkpt>
      <trkpt lat="44.157430000" lon="5.311030000">
        <ele>1526.000</ele>
      </trkpt>
      <trkpt lat="44.157400000" lon="5.310760000">
        <ele>1528.000</ele>
      </trkpt>
      <trkpt lat="44.157410000" lon="5.310480000">
        <ele>1529.000</ele>
      </trkpt>
      <trkpt lat="44.157430000" lon="5.310220000">
        <ele>1531.000</ele>
      </trkpt>
      <trkpt lat="44.157510000" lon="5.309830000">
        <ele>1533.000</ele>
      </trkpt>
      <trkpt lat="44.157560000" lon="5.309600000">
        <ele>1535.000</ele>
      </trkpt>
      <trkpt lat="44.157630000" lon="5.309360000">
        <ele>1537.000</ele>
      </trkpt>
      <trkpt lat="44.157720000" lon="5.309120000">
        <ele>1538.000</ele>
      </trkpt>
      <trkpt lat="44.157830000" lon="5.308880000">
        <ele>1540.000</ele>
      </trkpt>
      <trkpt lat="44.157940000" lon="5.308720000">
        <ele>1541.000</ele>
      </trkpt>
      <trkpt lat="44.158140000" lon="5.308510000">
        <ele>1543.000</ele>
      </trkpt>
      <trkpt lat="44.158310000" lon="5.308380000">
        <ele>1544.000</ele>
      </trkpt>
      <trkpt lat="44.158490000" lon="5.308270000">
        <ele>1546.000</ele>
      </trkpt>
      <trkpt lat="44.158680000" lon="5.308190000">
        <ele>1547.000</ele>
      </trkpt>
      <trkpt lat="44.158860000" lon="5.308130000">
        <ele>1548.000</ele>
      </trkpt>
      <trkpt lat="44.159040000" lon="5.308110000">
        <ele>1550.000</ele>
      </trkpt>
      <trkpt lat="44.159220000" lon="5.308100000">
        <ele>1551.000</ele>
      </trkpt>
      <trkpt lat="44.159940000" lon="5.308210000">
        <ele>1554.000</ele>
      </trkpt>
      <trkpt lat="44.160080000" lon="5.308220000">
        <ele>1556.000</ele>
      </trkpt>
      <trkpt lat="44.160150000" lon="5.308200000">
        <ele>1558.000</ele>
      </trkpt>
      <trkpt lat="44.160200000" lon="5.308180000">
        <ele>1560.000</ele>
      </trkpt>
      <trkpt lat="44.160240000" lon="5.308140000">
        <ele>1561.000</ele>
      </trkpt>
      <trkpt lat="44.160270000" lon="5.308070000">
        <ele>1561.000</ele>
      </trkpt>
      <trkpt lat="44.160280000" lon="5.307980000">
        <ele>1562.000</ele>
      </trkpt>
      <trkpt lat="44.160260000" lon="5.307860000">
        <ele>1563.000</ele>
      </trkpt>
      <trkpt lat="44.160230000" lon="5.307760000">
        <ele>1564.000</ele>
      </trkpt>
      <trkpt lat="44.160000000" lon="5.307260000">
        <ele>1565.000</ele>
      </trkpt>
      <trkpt lat="44.159920000" lon="5.307050000">
        <ele>1567.000</ele>
      </trkpt>
      <trkpt lat="44.159840000" lon="5.306740000">
        <ele>1568.000</ele>
      </trkpt>
      <trkpt lat="44.159650000" lon="5.305800000">
        <ele>1571.000</ele>
      </trkpt>
      <trkpt lat="44.159620000" lon="5.305620000">
        <ele>1573.000</ele>
      </trkpt>
      <trkpt lat="44.159610000" lon="5.305440000">
        <ele>1575.000</ele>
      </trkpt>
      <trkpt lat="44.159620000" lon="5.305250000">
        <ele>1576.000</ele>
      </trkpt>
      <trkpt lat="44.159640000" lon="5.305040000">
        <ele>1577.000</ele>
      </trkpt>
      <trkpt lat="44.159710000" lon="5.304730000">
        <ele>1579.000</ele>
      </trkpt>
      <trkpt lat="44.159880000" lon="5.303910000">
        <ele>1581.000</ele>
      </trkpt>
      <trkpt lat="44.159980000" lon="5.303420000">
        <ele>1584.000</ele>
      </trkpt>
      <trkpt lat="44.160020000" lon="5.303260000">
        <ele>1587.000</ele>
      </trkpt>
      <trkpt lat="44.160060000" lon="5.303130000">
        <ele>1589.000</ele>
      </trkpt>
      <trkpt lat="44.160380000" lon="5.302270000">
        <ele>1592.000</ele>
      </trkpt>
      <trkpt lat="44.160580000" lon="5.301760000">
        <ele>1595.000</ele>
      </trkpt>
      <trkpt lat="44.160720000" lon="5.301490000">
        <ele>1598.000</ele>
      </trkpt>
      <trkpt lat="44.160890000" lon="5.301280000">
        <ele>1600.000</ele>
      </trkpt>
      <trkpt lat="44.161070000" lon="5.301100000">
        <ele>1602.000</ele>
      </trkpt>
      <trkpt lat="44.161290000" lon="5.300920000">
        <ele>1604.000</ele>
      </trkpt>
      <trkpt lat="44.161410000" lon="5.300830000">
        <ele>1606.000</ele>
      </trkpt>
      <trkpt lat="44.161520000" lon="5.300770000">
        <ele>1607.000</ele>
      </trkpt>
      <trkpt lat="44.161630000" lon="5.300730000">
        <ele>1608.000</ele>
      </trkpt>
      <trkpt lat="44.161740000" lon="5.300720000">
        <ele>1609.000</ele>
      </trkpt>
      <trkpt lat="44.161820000" lon="5.300750000">
        <ele>1610.000</ele>
      </trkpt>
      <trkpt lat="44.161890000" lon="5.300810000">
        <ele>1611.000</ele>
      </trkpt>
      <trkpt lat="44.161970000" lon="5.300910000">
        <ele>1612.000</ele>
      </trkpt>
      <trkpt lat="44.162050000" lon="5.301040000">
        <ele>1614.000</ele>
      </trkpt>
      <trkpt lat="44.162050000" lon="5.301040000">
        <ele>1614.000</ele>
      </trkpt>
      <trkpt lat="44.162080000" lon="5.301100000">
        <ele>1615.000</ele>
      </trkpt>
      <trkpt lat="44.162480000" lon="5.301860000">
        <ele>1618.000</ele>
      </trkpt>
      <trkpt lat="44.162670000" lon="5.302200000">
        <ele>1621.000</ele>
      </trkpt>
      <trkpt lat="44.162760000" lon="5.302330000">
        <ele>1624.000</ele>
      </trkpt>
      <trkpt lat="44.162820000" lon="5.302410000">
        <ele>1626.000</ele>
      </trkpt>
      <trkpt lat="44.162910000" lon="5.302500000">
        <ele>1627.000</ele>
      </trkpt>
      <trkpt lat="44.162980000" lon="5.302530000">
        <ele>1629.000</ele>
      </trkpt>
      <trkpt lat="44.163040000" lon="5.302530000">
        <ele>1630.000</ele>
      </trkpt>
      <trkpt lat="44.163090000" lon="5.302520000">
        <ele>1631.000</ele>
      </trkpt>
      <trkpt lat="44.163150000" lon="5.302500000">
        <ele>1631.000</ele>
      </trkpt>
      <trkpt lat="44.163240000" lon="5.302440000">
        <ele>1632.000</ele>
      </trkpt>
      <trkpt lat="44.163610000" lon="5.302190000">
        <ele>1633.000</ele>
      </trkpt>
      <trkpt lat="44.163690000" lon="5.302130000">
        <ele>1634.000</ele>
      </trkpt>
      <trkpt lat="44.163750000" lon="5.302070000">
        <ele>1635.000</ele>
      </trkpt>
      <trkpt lat="44.163840000" lon="5.301970000">
        <ele>1636.000</ele>
      </trkpt>
      <trkpt lat="44.163900000" lon="5.301890000">
        <ele>1637.000</ele>
      </trkpt>
      <trkpt lat="44.163950000" lon="5.301780000">
        <ele>1637.000</ele>
      </trkpt>
      <trkpt lat="44.164000000" lon="5.301670000">
        <ele>1638.000</ele>
      </trkpt>
      <trkpt lat="44.164360000" lon="5.300560000">
        <ele>1640.000</ele>
      </trkpt>
      <trkpt lat="44.164500000" lon="5.300190000">
        <ele>1642.000</ele>
      </trkpt>
      <trkpt lat="44.164620000" lon="5.299890000">
        <ele>1645.000</ele>
      </trkpt>
      <trkpt lat="44.164990000" lon="5.299090000">
        <ele>1648.000</ele>
      </trkpt>
      <trkpt lat="44.165050000" lon="5.298940000">
        <ele>1651.000</ele>
      </trkpt>
      <trkpt lat="44.165100000" lon="5.298790000">
        <ele>1653.000</ele>
      </trkpt>
      <trkpt lat="44.165140000" lon="5.298630000">
        <ele>1655.000</ele>
      </trkpt>
      <trkpt lat="44.165250000" lon="5.298030000">
        <ele>1657.000</ele>
      </trkpt>
      <trkpt lat="44.165340000" lon="5.297660000">
        <ele>1660.000</ele>
      </trkpt>
      <trkpt lat="44.165400000" lon="5.297430000">
        <ele>1662.000</ele>
      </trkpt>
      <trkpt lat="44.165440000" lon="5.297300000">
        <ele>1664.000</ele>
      </trkpt>
      <trkpt lat="44.165510000" lon="5.297170000">
        <ele>1666.000</ele>
      </trkpt>
      <trkpt lat="44.165600000" lon="5.297030000">
        <ele>1667.000</ele>
      </trkpt>
      <trkpt lat="44.165690000" lon="5.296930000">
        <ele>1669.000</ele>
      </trkpt>
      <trkpt lat="44.165770000" lon="5.296870000">
        <ele>1670.000</ele>
      </trkpt>
      <trkpt lat="44.165870000" lon="5.296790000">
        <ele>1671.000</ele>
      </trkpt>
      <trkpt lat="44.166060000" lon="5.296670000">
        <ele>1673.000</ele>
      </trkpt>
      <trkpt lat="44.166360000" lon="5.296500000">
        <ele>1675.000</ele>
      </trkpt>
      <trkpt lat="44.166630000" lon="5.296320000">
        <ele>1677.000</ele>
      </trkpt>
      <trkpt lat="44.166870000" lon="5.296170000">
        <ele>1679.000</ele>
      </trkpt>
      <trkpt lat="44.166980000" lon="5.296080000">
        <ele>1681.000</ele>
      </trkpt>
      <trkpt lat="44.167100000" lon="5.295970000">
        <ele>1683.000</ele>
      </trkpt>
      <trkpt lat="44.167340000" lon="5.295730000">
        <ele>1684.000</ele>
      </trkpt>
      <trkpt lat="44.167420000" lon="5.295640000">
        <ele>1686.000</ele>
      </trkpt>
      <trkpt lat="44.167470000" lon="5.295580000">
        <ele>1687.000</ele>
      </trkpt>
      <trkpt lat="44.167520000" lon="5.295490000">
        <ele>1688.000</ele>
      </trkpt>
      <trkpt lat="44.167570000" lon="5.295420000">
        <ele>1689.000</ele>
      </trkpt>
      <trkpt lat="44.167630000" lon="5.295280000">
        <ele>1690.000</ele>
      </trkpt>
      <trkpt lat="44.167660000" lon="5.295170000">
        <ele>1691.000</ele>
      </trkpt>
      <trkpt lat="44.167680000" lon="5.295080000">
        <ele>1691.000</ele>
      </trkpt>
      <trkpt lat="44.167680000" lon="5.294980000">
        <ele>1692.000</ele>
      </trkpt>
      <trkpt lat="44.167660000" lon="5.294890000">
        <ele>1693.000</ele>
      </trkpt>
      <trkpt lat="44.167640000" lon="5.294780000">
        <ele>1693.000</ele>
      </trkpt>
      <trkpt lat="44.167590000" lon="5.294650000">
        <ele>1694.000</ele>
      </trkpt>
      <trkpt lat="44.167190000" lon="5.293770000">
        <ele>1697.000</ele>
      </trkpt>
      <trkpt lat="44.167130000" lon="5.293610000">
        <ele>1699.000</ele>
      </trkpt>
      <trkpt lat="44.167100000" lon="5.293480000">
        <ele>1701.000</ele>
      </trkpt>
      <trkpt lat="44.167080000" lon="5.293360000">
        <ele>1702.000</ele>
      </trkpt>
      <trkpt lat="44.167070000" lon="5.293240000">
        <ele>1703.000</ele>
      </trkpt>
      <trkpt lat="44.167050000" lon="5.293070000">
        <ele>1705.000</ele>
      </trkpt>
      <trkpt lat="44.167060000" lon="5.292910000">
        <ele>1706.000</ele>
      </trkpt>
      <trkpt lat="44.167080000" lon="5.292770000">
        <ele>1708.000</ele>
      </trkpt>
      <trkpt lat="44.167110000" lon="5.292660000">
        <ele>1709.000</ele>
      </trkpt>
      <trkpt lat="44.167160000" lon="5.292510000">
        <ele>1710.000</ele>
      </trkpt>
      <trkpt lat="44.167220000" lon="5.292380000">
        <ele>1711.000</ele>
      </trkpt>
      <trkpt lat="44.167290000" lon="5.292250000">
        <ele>1713.000</ele>
      </trkpt>
      <trkpt lat="44.167370000" lon="5.292120000">
        <ele>1714.000</ele>
      </trkpt>
      <trkpt lat="44.167460000" lon="5.292030000">
        <ele>1715.000</ele>
      </trkpt>
      <trkpt lat="44.167550000" lon="5.291940000">
        <ele>1717.000</ele>
      </trkpt>
      <trkpt lat="44.167630000" lon="5.291890000">
        <ele>1718.000</ele>
      </trkpt>
      <trkpt lat="44.167700000" lon="5.291850000">
        <ele>1719.000</ele>
      </trkpt>
      <trkpt lat="44.169190000" lon="5.291240000">
        <ele>1726.000</ele>
      </trkpt>
      <trkpt lat="44.169310000" lon="5.291190000">
        <ele>1731.000</ele>
      </trkpt>
      <trkpt lat="44.169400000" lon="5.291110000">
        <ele>1734.000</ele>
      </trkpt>
      <trkpt lat="44.169440000" lon="5.291030000">
        <ele>1736.000</ele>
      </trkpt>
      <trkpt lat="44.169450000" lon="5.290960000">
        <ele>1738.000</ele>
      </trkpt>
      <trkpt lat="44.169450000" lon="5.290880000">
        <ele>1739.000</ele>
      </trkpt>
      <trkpt lat="44.169430000" lon="5.290800000">
        <ele>1740.000</ele>
      </trkpt>
      <trkpt lat="44.169390000" lon="5.290720000">
        <ele>1741.000</ele>
      </trkpt>
      <trkpt lat="44.169340000" lon="5.290650000">
        <ele>1741.000</ele>
      </trkpt>
      <trkpt lat="44.168890000" lon="5.290150000">
        <ele>1743.000</ele>
      </trkpt>
      <trkpt lat="44.168750000" lon="5.289960000">
        <ele>1744.000</ele>
      </trkpt>
      <trkpt lat="44.168710000" lon="5.289880000">
        <ele>1745.000</ele>
      </trkpt>
      <trkpt lat="44.168670000" lon="5.289750000">
        <ele>1746.000</ele>
      </trkpt>
      <trkpt lat="44.168620000" lon="5.289530000">
        <ele>1746.000</ele>
      </trkpt>
      <trkpt lat="44.168600000" lon="5.289370000">
        <ele>1747.000</ele>
      </trkpt>
      <trkpt lat="44.168600000" lon="5.289180000">
        <ele>1748.000</ele>
      </trkpt>
      <trkpt lat="44.168610000" lon="5.289010000">
        <ele>1749.000</ele>
      </trkpt>
      <trkpt lat="44.168620000" lon="5.288850000">
        <ele>1750.000</ele>
      </trkpt>
      <trkpt lat="44.168680000" lon="5.288410000">
        <ele>1751.000</ele>
      </trkpt>
      <trkpt lat="44.168750000" lon="5.288010000">
        <ele>1753.000</ele>
      </trkpt>
      <trkpt lat="44.168820000" lon="5.287780000">
        <ele>1755.000</ele>
      </trkpt>
      <trkpt lat="44.168870000" lon="5.287590000">
        <ele>1757.000</ele>
      </trkpt>
      <trkpt lat="44.169020000" lon="5.287160000">
        <ele>1759.000</ele>
      </trkpt>
      <trkpt lat="44.169130000" lon="5.286880000">
        <ele>1761.000</ele>
      </trkpt>
      <trkpt lat="44.169250000" lon="5.286620000">
        <ele>1763.000</ele>
      </trkpt>
      <trkpt lat="44.169360000" lon="5.286440000">
        <ele>1765.000</ele>
      </trkpt>
      <trkpt lat="44.169450000" lon="5.286310000">
        <ele>1767.000</ele>
      </trkpt>
      <trkpt lat="44.169570000" lon="5.286140000">
        <ele>1769.000</ele>
      </trkpt>
      <trkpt lat="44.169640000" lon="5.286050000">
        <ele>1771.000</ele>
      </trkpt>
      <trkpt lat="44.169770000" lon="5.285910000">
        <ele>1772.000</ele>
      </trkpt>
      <trkpt lat="44.169910000" lon="5.285770000">
        <ele>1774.000</ele>
      </trkpt>
      <trkpt lat="44.170130000" lon="5.285580000">
        <ele>1777.000</ele>
      </trkpt>
      <trkpt lat="44.170490000" lon="5.285260000">
        <ele>1780.000</ele>
      </trkpt>
      <trkpt lat="44.170610000" lon="5.285140000">
        <ele>1783.000</ele>
      </trkpt>
      <trkpt lat="44.170700000" lon="5.285020000">
        <ele>1785.000</ele>
      </trkpt>
      <trkpt lat="44.170790000" lon="5.284870000">
        <ele>1787.000</ele>
      </trkpt>
      <trkpt lat="44.170920000" lon="5.284690000">
        <ele>1789.000</ele>
      </trkpt>
      <trkpt lat="44.171010000" lon="5.284580000">
        <ele>1790.000</ele>
      </trkpt>
      <trkpt lat="44.171120000" lon="5.284490000">
        <ele>1792.000</ele>
      </trkpt>
      <trkpt lat="44.171250000" lon="5.284400000">
        <ele>1793.000</ele>
      </trkpt>
      <trkpt lat="44.171380000" lon="5.284330000">
        <ele>1795.000</ele>
      </trkpt>
      <trkpt lat="44.171530000" lon="5.284280000">
        <ele>1796.000</ele>
      </trkpt>
      <trkpt lat="44.171730000" lon="5.284240000">
        <ele>1798.000</ele>
      </trkpt>
      <trkpt lat="44.172710000" lon="5.284090000">
        <ele>1802.000</ele>
      </trkpt>
      <trkpt lat="44.173190000" lon="5.284010000">
        <ele>1807.000</ele>
      </trkpt>
      <trkpt lat="44.173690000" lon="5.283930000">
        <ele>1812.000</ele>
      </trkpt>
      <trkpt lat="44.173860000" lon="5.283880000">
        <ele>1816.000</ele>
      </trkpt>
      <trkpt lat="44.174010000" lon="5.283840000">
        <ele>1819.000</ele>
      </trkpt>
      <trkpt lat="44.174080000" lon="5.283800000">
        <ele>1821.000</ele>
      </trkpt>
      <trkpt lat="44.174130000" lon="5.283770000">
        <ele>1823.000</ele>
      </trkpt>
      <trkpt lat="44.174160000" lon="5.283750000">
        <ele>1825.000</ele>
      </trkpt>
      <trkpt lat="44.174200000" lon="5.283700000">
        <ele>1826.000</ele>
      </trkpt>
      <trkpt lat="44.174220000" lon="5.283650000">
        <ele>1827.000</ele>
      </trkpt>
      <trkpt lat="44.174230000" lon="5.283600000">
        <ele>1827.000</ele>
      </trkpt>
      <trkpt lat="44.174240000" lon="5.283560000">
        <ele>1828.000</ele>
      </trkpt>
      <trkpt lat="44.174240000" lon="5.283500000">
        <ele>1829.000</ele>
      </trkpt>
      <trkpt lat="44.174240000" lon="5.283350000">
        <ele>1829.000</ele>
      </trkpt>
      <trkpt lat="44.174220000" lon="5.283170000">
        <ele>1830.000</ele>
      </trkpt>
      <trkpt lat="44.174180000" lon="5.282890000">
        <ele>1832.000</ele>
      </trkpt>
      <trkpt lat="44.174100000" lon="5.282470000">
        <ele>1835.000</ele>
      </trkpt>
      <trkpt lat="44.174020000" lon="5.282020000">
        <ele>1838.000</ele>
      </trkpt>
      <trkpt lat="44.173900000" lon="5.281410000">
        <ele>1842.000</ele>
      </trkpt>
      <trkpt lat="44.173790000" lon="5.280870000">
        <ele>1846.000</ele>
      </trkpt>
      <trkpt lat="44.173770000" lon="5.280760000">
        <ele>1850.000</ele>
      </trkpt>
      <trkpt lat="44.173740000" lon="5.280660000">
        <ele>1852.000</ele>
      </trkpt>
      <trkpt lat="44.173660000" lon="5.280490000">
        <ele>1854.000</ele>
      </trkpt>
      <trkpt lat="44.173450000" lon="5.280080000">
        <ele>1857.000</ele>
      </trkpt>
      <trkpt lat="44.173110000" lon="5.279380000">
        <ele>1861.000</ele>
      </trkpt>
      <trkpt lat="44.173050000" lon="5.279250000">
        <ele>1863.000</ele>
      </trkpt>
      <trkpt lat="44.173020000" lon="5.279160000">
        <ele>1865.000</ele>
      </trkpt>
      <trkpt lat="44.173000000" lon="5.279110000">
        <ele>1867.000</ele>
      </trkpt>
      <trkpt lat="44.172990000" lon="5.279050000">
        <ele>1868.000</ele>
      </trkpt>
      <trkpt lat="44.172970000" lon="5.278980000">
        <ele>1869.000</ele>
      </trkpt>
      <trkpt lat="44.172960000" lon="5.278900000">
        <ele>1870.000</ele>
      </trkpt>
      <trkpt lat="44.172960000" lon="5.278780000">
        <ele>1870.000</ele>
      </trkpt>
      <trkpt lat="44.172970000" lon="5.278410000">
        <ele>1872.000</ele>
      </trkpt>
      <trkpt lat="44.172980000" lon="5.278280000">
        <ele>1873.000</ele>
      </trkpt>
      <trkpt lat="44.172990000" lon="5.278190000">
        <ele>1875.000</ele>
      </trkpt>
      <trkpt lat="44.173010000" lon="5.278110000">
        <ele>1876.000</ele>
      </trkpt>
      <trkpt lat="44.173010000" lon="5.278090000">
        <ele>1877.000</ele>
      </trkpt>
      <trkpt lat="44.173020000" lon="5.278050000">
        <ele>1877.000</ele>
      </trkpt>
      <trkpt lat="44.173030000" lon="5.278010000">
        <ele>1878.000</ele>
      </trkpt>
      <trkpt lat="44.173080000" lon="5.277870000">
        <ele>1879.000</ele>
      </trkpt>
      <trkpt lat="44.173150000" lon="5.277690000">
        <ele>1880.000</ele>
      </trkpt>
      <trkpt lat="44.173250000" lon="5.277450000">
        <ele>1883.000</ele>
      </trkpt>
      <trkpt lat="44.173300000" lon="5.277320000">
        <ele>1884.000</ele>
      </trkpt>
      <trkpt lat="44.173310000" lon="5.277280000">
        <ele>1886.000</ele>
      </trkpt>
      <trkpt lat="44.173320000" lon="5.277230000">
        <ele>1887.000</ele>
      </trkpt>
      <trkpt lat="44.173330000" lon="5.277180000">
        <ele>1888.000</ele>
      </trkpt>
      <trkpt lat="44.173340000" lon="5.277130000">
        <ele>1889.000</ele>
      </trkpt>
      <trkpt lat="44.173350000" lon="5.277090000">
        <ele>1890.000</ele>
      </trkpt>
      <trkpt lat="44.173380000" lon="5.277050000">
        <ele>1890.000</ele>
      </trkpt>
      <trkpt lat="44.173390000" lon="5.277040000">
        <ele>1891.000</ele>
      </trkpt>
      <trkpt lat="44.173400000" lon="5.277030000">
        <ele>1891.000</ele>
      </trkpt>
      <trkpt lat="44.173430000" lon="5.277020000">
        <ele>1892.000</ele>
      </trkpt>
      <trkpt lat="44.173450000" lon="5.277030000">
        <ele>1892.000</ele>
      </trkpt>
      <trkpt lat="44.173470000" lon="5.277040000">
        <ele>1893.000</ele>
      </trkpt>
      <trkpt lat="44.173470000" lon="5.277040000">
        <ele>1893.000</ele>
      </trkpt>
      <trkpt lat="44.173480000" lon="5.277050000">
        <ele>1893.000</ele>
      </trkpt>
      <trkpt lat="44.173490000" lon="5.277080000">
        <ele>1893.000</ele>
      </trkpt>
      <trkpt lat="44.173500000" lon="5.277120000">
        <ele>1894.000</ele>
      </trkpt>
      <trkpt lat="44.173500000" lon="5.277180000">
        <ele>1894.000</ele>
      </trkpt>
      <trkpt lat="44.173500000" lon="5.277180000">
        <ele>1895.000</ele>
      </trkpt>
      <trkpt lat="44.173520000" lon="5.277520000">
        <ele>1896.000</ele>
      </trkpt>
      <trkpt lat="44.173520000" lon="5.277520000">
        <ele>1897.000</ele>
      </trkpt>
      <trkpt lat="44.173500000" lon="5.277980000">
        <ele>1900.000</ele>
      </trkpt>
      <trkpt lat="44.173500000" lon="5.277980000">
        <ele>1901.000</ele>
      </trkpt>
      <trkpt lat="44.173490000" lon="5.278410000">
        <ele>1901.000</ele>
      </trkpt>
    </trkseg>
  </trk>
</gpx>
