<?xml version="1.0" encoding="UTF-8"?>
<gpx version="1.0" creator="GPSBabel - https://www.gpsbabel.org" xmlns="http://www.topografix.com/GPX/1/0">
  <time>2025-12-15T08:47:36.802Z</time>
  <bounds minlat="43.693130000" minlon="7.267390000" maxlat="43.735080000" maxlon="7.361390000"/>
  <trk>
    <trkseg>
      <trkpt lat="43.706470000" lon="7.291920000">
        <ele>20.000</ele>
      </trkpt>
      <trkpt lat="43.706820000" lon="7.292170000">
        <ele>20.000</ele>
      </trkpt>
      <trkpt lat="43.706940000" lon="7.292270000">
        <ele>20.000</ele>
      </trkpt>
      <trkpt lat="43.707120000" lon="7.292390000">
        <ele>20.000</ele>
      </trkpt>
      <trkpt lat="43.707430000" lon="7.292610000">
        <ele>20.000</ele>
      </trkpt>
      <trkpt lat="43.707550000" lon="7.292660000">
        <ele>21.000</ele>
      </trkpt>
      <trkpt lat="43.707740000" lon="7.292740000">
        <ele>21.000</ele>
      </trkpt>
      <trkpt lat="43.707830000" lon="7.292770000">
        <ele>21.000</ele>
      </trkpt>
      <trkpt lat="43.707970000" lon="7.292790000">
        <ele>21.000</ele>
      </trkpt>
      <trkpt lat="43.708000000" lon="7.292790000">
        <ele>21.000</ele>
      </trkpt>
      <trkpt lat="43.708140000" lon="7.292800000">
        <ele>21.000</ele>
      </trkpt>
      <trkpt lat="43.708170000" lon="7.292800000">
        <ele>21.000</ele>
      </trkpt>
      <trkpt lat="43.708310000" lon="7.292790000">
        <ele>22.000</ele>
      </trkpt>
      <trkpt lat="43.708290000" lon="7.292940000">
        <ele>22.000</ele>
      </trkpt>
      <trkpt lat="43.708290000" lon="7.293000000">
        <ele>23.000</ele>
      </trkpt>
      <trkpt lat="43.708290000" lon="7.293280000">
        <ele>24.000</ele>
      </trkpt>
      <trkpt lat="43.708300000" lon="7.293400000">
        <ele>25.000</ele>
      </trkpt>
      <trkpt lat="43.708330000" lon="7.293490000">
        <ele>25.000</ele>
      </trkpt>
      <trkpt lat="43.708360000" lon="7.293570000">
        <ele>26.000</ele>
      </trkpt>
      <trkpt lat="43.708410000" lon="7.293650000">
        <ele>27.000</ele>
      </trkpt>
      <trkpt lat="43.708470000" lon="7.293730000">
        <ele>28.000</ele>
      </trkpt>
      <trkpt lat="43.708760000" lon="7.293980000">
        <ele>29.000</ele>
      </trkpt>
      <trkpt lat="43.709090000" lon="7.294200000">
        <ele>32.000</ele>
      </trkpt>
      <trkpt lat="43.709260000" lon="7.294290000">
        <ele>34.000</ele>
      </trkpt>
      <trkpt lat="43.709360000" lon="7.294330000">
        <ele>36.000</ele>
      </trkpt>
      <trkpt lat="43.709620000" lon="7.294420000">
        <ele>37.000</ele>
      </trkpt>
      <trkpt lat="43.709770000" lon="7.294480000">
        <ele>38.000</ele>
      </trkpt>
      <trkpt lat="43.709870000" lon="7.294510000">
        <ele>39.000</ele>
      </trkpt>
      <trkpt lat="43.710180000" lon="7.294630000">
        <ele>40.000</ele>
      </trkpt>
      <trkpt lat="43.710250000" lon="7.294670000">
        <ele>41.000</ele>
      </trkpt>
      <trkpt lat="43.710310000" lon="7.294710000">
        <ele>42.000</ele>
      </trkpt>
      <trkpt lat="43.710820000" lon="7.295140000">
        <ele>45.000</ele>
      </trkpt>
      <trkpt lat="43.710880000" lon="7.295190000">
        <ele>48.000</ele>
      </trkpt>
      <trkpt lat="43.710950000" lon="7.295250000">
        <ele>50.000</ele>
      </trkpt>
      <trkpt lat="43.711060000" lon="7.295320000">
        <ele>52.000</ele>
      </trkpt>
      <trkpt lat="43.711180000" lon="7.295380000">
        <ele>53.000</ele>
      </trkpt>
      <trkpt lat="43.711400000" lon="7.295470000">
        <ele>55.000</ele>
      </trkpt>
      <trkpt lat="43.711880000" lon="7.295680000">
        <ele>57.000</ele>
      </trkpt>
      <trkpt lat="43.712170000" lon="7.295810000">
        <ele>59.000</ele>
      </trkpt>
      <trkpt lat="43.712240000" lon="7.295830000">
        <ele>60.000</ele>
      </trkpt>
      <trkpt lat="43.712340000" lon="7.295840000">
        <ele>61.000</ele>
      </trkpt>
      <trkpt lat="43.712520000" lon="7.295870000">
        <ele>62.000</ele>
      </trkpt>
      <trkpt lat="43.712680000" lon="7.295880000">
        <ele>63.000</ele>
      </trkpt>
      <trkpt lat="43.712760000" lon="7.295900000">
        <ele>64.000</ele>
      </trkpt>
      <trkpt lat="43.712830000" lon="7.295930000">
        <ele>65.000</ele>
      </trkpt>
      <trkpt lat="43.712960000" lon="7.295980000">
        <ele>66.000</ele>
      </trkpt>
      <trkpt lat="43.713000000" lon="7.296000000">
        <ele>66.000</ele>
      </trkpt>
      <trkpt lat="43.713310000" lon="7.296180000">
        <ele>67.000</ele>
      </trkpt>
      <trkpt lat="43.713780000" lon="7.296450000">
        <ele>69.000</ele>
      </trkpt>
      <trkpt lat="43.713990000" lon="7.296560000">
        <ele>71.000</ele>
      </trkpt>
      <trkpt lat="43.714430000" lon="7.296810000">
        <ele>75.000</ele>
      </trkpt>
      <trkpt lat="43.714600000" lon="7.296870000">
        <ele>78.000</ele>
      </trkpt>
      <trkpt lat="43.714940000" lon="7.296980000">
        <ele>81.000</ele>
      </trkpt>
      <trkpt lat="43.715200000" lon="7.297060000">
        <ele>84.000</ele>
      </trkpt>
      <trkpt lat="43.715270000" lon="7.297080000">
        <ele>86.000</ele>
      </trkpt>
      <trkpt lat="43.715280000" lon="7.297080000">
        <ele>88.000</ele>
      </trkpt>
      <trkpt lat="43.715300000" lon="7.297080000">
        <ele>89.000</ele>
      </trkpt>
      <trkpt lat="43.715880000" lon="7.297240000">
        <ele>92.000</ele>
      </trkpt>
      <trkpt lat="43.716430000" lon="7.297380000">
        <ele>94.000</ele>
      </trkpt>
      <trkpt lat="43.716470000" lon="7.297390000">
        <ele>95.000</ele>
      </trkpt>
      <trkpt lat="43.716530000" lon="7.297410000">
        <ele>96.000</ele>
      </trkpt>
      <trkpt lat="43.717100000" lon="7.297570000">
        <ele>99.000</ele>
      </trkpt>
      <trkpt lat="43.717160000" lon="7.297600000">
        <ele>101.000</ele>
      </trkpt>
      <trkpt lat="43.717210000" lon="7.297630000">
        <ele>103.000</ele>
      </trkpt>
      <trkpt lat="43.717290000" lon="7.297740000">
        <ele>105.000</ele>
      </trkpt>
      <trkpt lat="43.717330000" lon="7.297820000">
        <ele>106.000</ele>
      </trkpt>
      <trkpt lat="43.717390000" lon="7.297920000">
        <ele>107.000</ele>
      </trkpt>
      <trkpt lat="43.717490000" lon="7.298100000">
        <ele>109.000</ele>
      </trkpt>
      <trkpt lat="43.717560000" lon="7.298230000">
        <ele>110.000</ele>
      </trkpt>
      <trkpt lat="43.717630000" lon="7.298360000">
        <ele>112.000</ele>
      </trkpt>
      <trkpt lat="43.717690000" lon="7.298410000">
        <ele>114.000</ele>
      </trkpt>
      <trkpt lat="43.717740000" lon="7.298450000">
        <ele>115.000</ele>
      </trkpt>
      <trkpt lat="43.717780000" lon="7.298470000">
        <ele>117.000</ele>
      </trkpt>
      <trkpt lat="43.717830000" lon="7.298480000">
        <ele>118.000</ele>
      </trkpt>
      <trkpt lat="43.717870000" lon="7.298470000">
        <ele>119.000</ele>
      </trkpt>
      <trkpt lat="43.717930000" lon="7.298430000">
        <ele>120.000</ele>
      </trkpt>
      <trkpt lat="43.718040000" lon="7.298300000">
        <ele>121.000</ele>
      </trkpt>
      <trkpt lat="43.718290000" lon="7.298000000">
        <ele>122.000</ele>
      </trkpt>
      <trkpt lat="43.718310000" lon="7.297980000">
        <ele>123.000</ele>
      </trkpt>
      <trkpt lat="43.718320000" lon="7.297960000">
        <ele>123.000</ele>
      </trkpt>
      <trkpt lat="43.718550000" lon="7.297690000">
        <ele>124.000</ele>
      </trkpt>
      <trkpt lat="43.718730000" lon="7.297470000">
        <ele>125.000</ele>
      </trkpt>
      <trkpt lat="43.719260000" lon="7.296830000">
        <ele>126.000</ele>
      </trkpt>
      <trkpt lat="43.719430000" lon="7.296630000">
        <ele>126.000</ele>
      </trkpt>
      <trkpt lat="43.719590000" lon="7.296450000">
        <ele>128.000</ele>
      </trkpt>
      <trkpt lat="43.719660000" lon="7.296400000">
        <ele>129.000</ele>
      </trkpt>
      <trkpt lat="43.719770000" lon="7.296350000">
        <ele>130.000</ele>
      </trkpt>
      <trkpt lat="43.719820000" lon="7.296340000">
        <ele>132.000</ele>
      </trkpt>
      <trkpt lat="43.719860000" lon="7.296340000">
        <ele>133.000</ele>
      </trkpt>
      <trkpt lat="43.719900000" lon="7.296350000">
        <ele>133.000</ele>
      </trkpt>
      <trkpt lat="43.719950000" lon="7.296360000">
        <ele>134.000</ele>
      </trkpt>
      <trkpt lat="43.720000000" lon="7.296380000">
        <ele>135.000</ele>
      </trkpt>
      <trkpt lat="43.720050000" lon="7.296400000">
        <ele>136.000</ele>
      </trkpt>
      <trkpt lat="43.720140000" lon="7.296460000">
        <ele>137.000</ele>
      </trkpt>
      <trkpt lat="43.720200000" lon="7.296520000">
        <ele>138.000</ele>
      </trkpt>
      <trkpt lat="43.720380000" lon="7.296680000">
        <ele>139.000</ele>
      </trkpt>
      <trkpt lat="43.720620000" lon="7.296900000">
        <ele>142.000</ele>
      </trkpt>
      <trkpt lat="43.720690000" lon="7.296940000">
        <ele>144.000</ele>
      </trkpt>
      <trkpt lat="43.720760000" lon="7.296960000">
        <ele>146.000</ele>
      </trkpt>
      <trkpt lat="43.720860000" lon="7.296940000">
        <ele>147.000</ele>
      </trkpt>
      <trkpt lat="43.720950000" lon="7.296850000">
        <ele>149.000</ele>
      </trkpt>
      <trkpt lat="43.721320000" lon="7.296300000">
        <ele>150.000</ele>
      </trkpt>
      <trkpt lat="43.721560000" lon="7.295920000">
        <ele>151.000</ele>
      </trkpt>
      <trkpt lat="43.721710000" lon="7.295730000">
        <ele>152.000</ele>
      </trkpt>
      <trkpt lat="43.721820000" lon="7.295630000">
        <ele>153.000</ele>
      </trkpt>
      <trkpt lat="43.721930000" lon="7.295560000">
        <ele>154.000</ele>
      </trkpt>
      <trkpt lat="43.722210000" lon="7.295480000">
        <ele>155.000</ele>
      </trkpt>
      <trkpt lat="43.722340000" lon="7.295470000">
        <ele>156.000</ele>
      </trkpt>
      <trkpt lat="43.722770000" lon="7.295530000">
        <ele>158.000</ele>
      </trkpt>
      <trkpt lat="43.722930000" lon="7.295550000">
        <ele>161.000</ele>
      </trkpt>
      <trkpt lat="43.723020000" lon="7.295570000">
        <ele>163.000</ele>
      </trkpt>
      <trkpt lat="43.723090000" lon="7.295620000">
        <ele>164.000</ele>
      </trkpt>
      <trkpt lat="43.723170000" lon="7.295720000">
        <ele>166.000</ele>
      </trkpt>
      <trkpt lat="43.723400000" lon="7.296110000">
        <ele>169.000</ele>
      </trkpt>
      <trkpt lat="43.723470000" lon="7.296220000">
        <ele>171.000</ele>
      </trkpt>
      <trkpt lat="43.723550000" lon="7.296320000">
        <ele>173.000</ele>
      </trkpt>
      <trkpt lat="43.723620000" lon="7.296380000">
        <ele>175.000</ele>
      </trkpt>
      <trkpt lat="43.723720000" lon="7.296440000">
        <ele>176.000</ele>
      </trkpt>
      <trkpt lat="43.723820000" lon="7.296480000">
        <ele>178.000</ele>
      </trkpt>
      <trkpt lat="43.723920000" lon="7.296500000">
        <ele>179.000</ele>
      </trkpt>
      <trkpt lat="43.724070000" lon="7.296510000">
        <ele>181.000</ele>
      </trkpt>
      <trkpt lat="43.724160000" lon="7.296490000">
        <ele>182.000</ele>
      </trkpt>
      <trkpt lat="43.724210000" lon="7.296490000">
        <ele>183.000</ele>
      </trkpt>
      <trkpt lat="43.724340000" lon="7.296430000">
        <ele>184.000</ele>
      </trkpt>
      <trkpt lat="43.724420000" lon="7.296400000">
        <ele>185.000</ele>
      </trkpt>
      <trkpt lat="43.724470000" lon="7.296370000">
        <ele>186.000</ele>
      </trkpt>
      <trkpt lat="43.724670000" lon="7.296220000">
        <ele>187.000</ele>
      </trkpt>
      <trkpt lat="43.724830000" lon="7.296050000">
        <ele>188.000</ele>
      </trkpt>
      <trkpt lat="43.725220000" lon="7.295620000">
        <ele>190.000</ele>
      </trkpt>
      <trkpt lat="43.725440000" lon="7.295370000">
        <ele>192.000</ele>
      </trkpt>
      <trkpt lat="43.725710000" lon="7.295070000">
        <ele>194.000</ele>
      </trkpt>
      <trkpt lat="43.725890000" lon="7.294860000">
        <ele>194.000</ele>
      </trkpt>
      <trkpt lat="43.726030000" lon="7.294720000">
        <ele>194.000</ele>
      </trkpt>
      <trkpt lat="43.726110000" lon="7.294710000">
        <ele>195.000</ele>
      </trkpt>
      <trkpt lat="43.726140000" lon="7.294700000">
        <ele>195.000</ele>
      </trkpt>
      <trkpt lat="43.726170000" lon="7.294690000">
        <ele>195.000</ele>
      </trkpt>
      <trkpt lat="43.726210000" lon="7.294690000">
        <ele>195.000</ele>
      </trkpt>
      <trkpt lat="43.726360000" lon="7.294730000">
        <ele>196.000</ele>
      </trkpt>
      <trkpt lat="43.726590000" lon="7.294810000">
        <ele>197.000</ele>
      </trkpt>
      <trkpt lat="43.727190000" lon="7.295040000">
        <ele>199.000</ele>
      </trkpt>
      <trkpt lat="43.727310000" lon="7.295090000">
        <ele>201.000</ele>
      </trkpt>
      <trkpt lat="43.727470000" lon="7.295150000">
        <ele>203.000</ele>
      </trkpt>
      <trkpt lat="43.727630000" lon="7.295200000">
        <ele>204.000</ele>
      </trkpt>
      <trkpt lat="43.727820000" lon="7.295260000">
        <ele>205.000</ele>
      </trkpt>
      <trkpt lat="43.728060000" lon="7.295340000">
        <ele>206.000</ele>
      </trkpt>
      <trkpt lat="43.728590000" lon="7.295510000">
        <ele>208.000</ele>
      </trkpt>
      <trkpt lat="43.729120000" lon="7.295690000">
        <ele>211.000</ele>
      </trkpt>
      <trkpt lat="43.729600000" lon="7.295850000">
        <ele>215.000</ele>
      </trkpt>
      <trkpt lat="43.729720000" lon="7.295870000">
        <ele>217.000</ele>
      </trkpt>
      <trkpt lat="43.729840000" lon="7.295870000">
        <ele>219.000</ele>
      </trkpt>
      <trkpt lat="43.730220000" lon="7.295820000">
        <ele>222.000</ele>
      </trkpt>
      <trkpt lat="43.730330000" lon="7.295830000">
        <ele>224.000</ele>
      </trkpt>
      <trkpt lat="43.730400000" lon="7.295850000">
        <ele>225.000</ele>
      </trkpt>
      <trkpt lat="43.730450000" lon="7.295870000">
        <ele>226.000</ele>
      </trkpt>
      <trkpt lat="43.730500000" lon="7.295910000">
        <ele>227.000</ele>
      </trkpt>
      <trkpt lat="43.730530000" lon="7.295960000">
        <ele>228.000</ele>
      </trkpt>
      <trkpt lat="43.730560000" lon="7.296020000">
        <ele>229.000</ele>
      </trkpt>
      <trkpt lat="43.730600000" lon="7.296130000">
        <ele>230.000</ele>
      </trkpt>
      <trkpt lat="43.730650000" lon="7.296270000">
        <ele>230.000</ele>
      </trkpt>
      <trkpt lat="43.730700000" lon="7.296450000">
        <ele>231.000</ele>
      </trkpt>
      <trkpt lat="43.730720000" lon="7.296570000">
        <ele>232.000</ele>
      </trkpt>
      <trkpt lat="43.730760000" lon="7.296730000">
        <ele>233.000</ele>
      </trkpt>
      <trkpt lat="43.730760000" lon="7.296860000">
        <ele>234.000</ele>
      </trkpt>
      <trkpt lat="43.730760000" lon="7.296960000">
        <ele>235.000</ele>
      </trkpt>
      <trkpt lat="43.730750000" lon="7.297170000">
        <ele>236.000</ele>
      </trkpt>
      <trkpt lat="43.730730000" lon="7.297350000">
        <ele>237.000</ele>
      </trkpt>
      <trkpt lat="43.730660000" lon="7.297810000">
        <ele>239.000</ele>
      </trkpt>
      <trkpt lat="43.730600000" lon="7.298240000">
        <ele>241.000</ele>
      </trkpt>
      <trkpt lat="43.730570000" lon="7.298470000">
        <ele>243.000</ele>
      </trkpt>
      <trkpt lat="43.730540000" lon="7.298630000">
        <ele>245.000</ele>
      </trkpt>
      <trkpt lat="43.730480000" lon="7.298800000">
        <ele>246.000</ele>
      </trkpt>
      <trkpt lat="43.730390000" lon="7.298980000">
        <ele>248.000</ele>
      </trkpt>
      <trkpt lat="43.730270000" lon="7.299160000">
        <ele>250.000</ele>
      </trkpt>
      <trkpt lat="43.729950000" lon="7.299630000">
        <ele>252.000</ele>
      </trkpt>
      <trkpt lat="43.729650000" lon="7.300080000">
        <ele>255.000</ele>
      </trkpt>
      <trkpt lat="43.729500000" lon="7.300320000">
        <ele>257.000</ele>
      </trkpt>
      <trkpt lat="43.729470000" lon="7.300400000">
        <ele>258.000</ele>
      </trkpt>
      <trkpt lat="43.729460000" lon="7.300500000">
        <ele>259.000</ele>
      </trkpt>
      <trkpt lat="43.729450000" lon="7.300630000">
        <ele>260.000</ele>
      </trkpt>
      <trkpt lat="43.729540000" lon="7.300930000">
        <ele>261.000</ele>
      </trkpt>
      <trkpt lat="43.729700000" lon="7.301400000">
        <ele>262.000</ele>
      </trkpt>
      <trkpt lat="43.729700000" lon="7.301400000">
        <ele>263.000</ele>
      </trkpt>
      <trkpt lat="43.729760000" lon="7.301580000">
        <ele>264.000</ele>
      </trkpt>
      <trkpt lat="43.729820000" lon="7.301800000">
        <ele>265.000</ele>
      </trkpt>
      <trkpt lat="43.729840000" lon="7.302010000">
        <ele>266.000</ele>
      </trkpt>
      <trkpt lat="43.729840000" lon="7.302520000">
        <ele>267.000</ele>
      </trkpt>
      <trkpt lat="43.729820000" lon="7.302640000">
        <ele>268.000</ele>
      </trkpt>
      <trkpt lat="43.729750000" lon="7.302720000">
        <ele>269.000</ele>
      </trkpt>
      <trkpt lat="43.729690000" lon="7.302750000">
        <ele>270.000</ele>
      </trkpt>
      <trkpt lat="43.729620000" lon="7.302760000">
        <ele>271.000</ele>
      </trkpt>
      <trkpt lat="43.729390000" lon="7.302780000">
        <ele>272.000</ele>
      </trkpt>
      <trkpt lat="43.729230000" lon="7.302790000">
        <ele>273.000</ele>
      </trkpt>
      <trkpt lat="43.728200000" lon="7.302810000">
        <ele>276.000</ele>
      </trkpt>
      <trkpt lat="43.728140000" lon="7.302830000">
        <ele>278.000</ele>
      </trkpt>
      <trkpt lat="43.728020000" lon="7.302870000">
        <ele>280.000</ele>
      </trkpt>
      <trkpt lat="43.727790000" lon="7.302980000">
        <ele>281.000</ele>
      </trkpt>
      <trkpt lat="43.727470000" lon="7.303170000">
        <ele>281.000</ele>
      </trkpt>
      <trkpt lat="43.727330000" lon="7.303250000">
        <ele>282.000</ele>
      </trkpt>
      <trkpt lat="43.727160000" lon="7.303340000">
        <ele>282.000</ele>
      </trkpt>
      <trkpt lat="43.727000000" lon="7.303400000">
        <ele>282.000</ele>
      </trkpt>
      <trkpt lat="43.726890000" lon="7.303400000">
        <ele>282.000</ele>
      </trkpt>
      <trkpt lat="43.726790000" lon="7.303390000">
        <ele>282.000</ele>
      </trkpt>
      <trkpt lat="43.726660000" lon="7.303360000">
        <ele>282.000</ele>
      </trkpt>
      <trkpt lat="43.726550000" lon="7.303300000">
        <ele>282.000</ele>
      </trkpt>
      <trkpt lat="43.726240000" lon="7.303130000">
        <ele>282.000</ele>
      </trkpt>
      <trkpt lat="43.726090000" lon="7.303050000">
        <ele>283.000</ele>
      </trkpt>
      <trkpt lat="43.725990000" lon="7.303030000">
        <ele>283.000</ele>
      </trkpt>
      <trkpt lat="43.725520000" lon="7.302980000">
        <ele>284.000</ele>
      </trkpt>
      <trkpt lat="43.725420000" lon="7.302990000">
        <ele>284.000</ele>
      </trkpt>
      <trkpt lat="43.725340000" lon="7.303020000">
        <ele>285.000</ele>
      </trkpt>
      <trkpt lat="43.725230000" lon="7.303110000">
        <ele>286.000</ele>
      </trkpt>
      <trkpt lat="43.725210000" lon="7.303140000">
        <ele>286.000</ele>
      </trkpt>
      <trkpt lat="43.725120000" lon="7.303270000">
        <ele>286.000</ele>
      </trkpt>
      <trkpt lat="43.725050000" lon="7.303330000">
        <ele>287.000</ele>
      </trkpt>
      <trkpt lat="43.724980000" lon="7.303370000">
        <ele>287.000</ele>
      </trkpt>
      <trkpt lat="43.724830000" lon="7.303370000">
        <ele>288.000</ele>
      </trkpt>
      <trkpt lat="43.724610000" lon="7.303360000">
        <ele>288.000</ele>
      </trkpt>
      <trkpt lat="43.724300000" lon="7.303300000">
        <ele>289.000</ele>
      </trkpt>
      <trkpt lat="43.724170000" lon="7.303300000">
        <ele>289.000</ele>
      </trkpt>
      <trkpt lat="43.724060000" lon="7.303330000">
        <ele>289.000</ele>
      </trkpt>
      <trkpt lat="43.723830000" lon="7.303490000">
        <ele>289.000</ele>
      </trkpt>
      <trkpt lat="43.723690000" lon="7.303550000">
        <ele>288.000</ele>
      </trkpt>
      <trkpt lat="43.723450000" lon="7.303630000">
        <ele>288.000</ele>
      </trkpt>
      <trkpt lat="43.722950000" lon="7.303820000">
        <ele>286.000</ele>
      </trkpt>
      <trkpt lat="43.722820000" lon="7.303870000">
        <ele>285.000</ele>
      </trkpt>
      <trkpt lat="43.722660000" lon="7.303880000">
        <ele>284.000</ele>
      </trkpt>
      <trkpt lat="43.722440000" lon="7.303850000">
        <ele>283.000</ele>
      </trkpt>
      <trkpt lat="43.722270000" lon="7.303790000">
        <ele>283.000</ele>
      </trkpt>
      <trkpt lat="43.722150000" lon="7.303730000">
        <ele>283.000</ele>
      </trkpt>
      <trkpt lat="43.721870000" lon="7.303520000">
        <ele>284.000</ele>
      </trkpt>
      <trkpt lat="43.721760000" lon="7.303440000">
        <ele>285.000</ele>
      </trkpt>
      <trkpt lat="43.721420000" lon="7.303200000">
        <ele>287.000</ele>
      </trkpt>
      <trkpt lat="43.721290000" lon="7.303110000">
        <ele>288.000</ele>
      </trkpt>
      <trkpt lat="43.721200000" lon="7.303080000">
        <ele>289.000</ele>
      </trkpt>
      <trkpt lat="43.721120000" lon="7.303090000">
        <ele>290.000</ele>
      </trkpt>
      <trkpt lat="43.721060000" lon="7.303110000">
        <ele>291.000</ele>
      </trkpt>
      <trkpt lat="43.721010000" lon="7.303160000">
        <ele>291.000</ele>
      </trkpt>
      <trkpt lat="43.720960000" lon="7.303230000">
        <ele>292.000</ele>
      </trkpt>
      <trkpt lat="43.720930000" lon="7.303340000">
        <ele>293.000</ele>
      </trkpt>
      <trkpt lat="43.720920000" lon="7.303470000">
        <ele>293.000</ele>
      </trkpt>
      <trkpt lat="43.720920000" lon="7.303940000">
        <ele>294.000</ele>
      </trkpt>
      <trkpt lat="43.720920000" lon="7.304240000">
        <ele>295.000</ele>
      </trkpt>
      <trkpt lat="43.720920000" lon="7.304280000">
        <ele>296.000</ele>
      </trkpt>
      <trkpt lat="43.720910000" lon="7.304430000">
        <ele>296.000</ele>
      </trkpt>
      <trkpt lat="43.720900000" lon="7.304530000">
        <ele>297.000</ele>
      </trkpt>
      <trkpt lat="43.720880000" lon="7.304600000">
        <ele>297.000</ele>
      </trkpt>
      <trkpt lat="43.720840000" lon="7.304660000">
        <ele>297.000</ele>
      </trkpt>
      <trkpt lat="43.720820000" lon="7.304690000">
        <ele>297.000</ele>
      </trkpt>
      <trkpt lat="43.720770000" lon="7.304740000">
        <ele>298.000</ele>
      </trkpt>
      <trkpt lat="43.720730000" lon="7.304780000">
        <ele>298.000</ele>
      </trkpt>
      <trkpt lat="43.720710000" lon="7.304790000">
        <ele>298.000</ele>
      </trkpt>
      <trkpt lat="43.720500000" lon="7.305020000">
        <ele>299.000</ele>
      </trkpt>
      <trkpt lat="43.720020000" lon="7.305390000">
        <ele>300.000</ele>
      </trkpt>
      <trkpt lat="43.719970000" lon="7.305430000">
        <ele>300.000</ele>
      </trkpt>
      <trkpt lat="43.719920000" lon="7.305490000">
        <ele>301.000</ele>
      </trkpt>
      <trkpt lat="43.719630000" lon="7.305960000">
        <ele>302.000</ele>
      </trkpt>
      <trkpt lat="43.719320000" lon="7.306400000">
        <ele>304.000</ele>
      </trkpt>
      <trkpt lat="43.719050000" lon="7.306890000">
        <ele>306.000</ele>
      </trkpt>
      <trkpt lat="43.719000000" lon="7.307010000">
        <ele>307.000</ele>
      </trkpt>
      <trkpt lat="43.718980000" lon="7.307150000">
        <ele>308.000</ele>
      </trkpt>
      <trkpt lat="43.718960000" lon="7.307300000">
        <ele>309.000</ele>
      </trkpt>
      <trkpt lat="43.718970000" lon="7.307450000">
        <ele>310.000</ele>
      </trkpt>
      <trkpt lat="43.718990000" lon="7.307570000">
        <ele>310.000</ele>
      </trkpt>
      <trkpt lat="43.719020000" lon="7.307680000">
        <ele>311.000</ele>
      </trkpt>
      <trkpt lat="43.719080000" lon="7.307820000">
        <ele>311.000</ele>
      </trkpt>
      <trkpt lat="43.719300000" lon="7.308310000">
        <ele>312.000</ele>
      </trkpt>
      <trkpt lat="43.719320000" lon="7.308420000">
        <ele>313.000</ele>
      </trkpt>
      <trkpt lat="43.719340000" lon="7.308540000">
        <ele>313.000</ele>
      </trkpt>
      <trkpt lat="43.719330000" lon="7.308670000">
        <ele>314.000</ele>
      </trkpt>
      <trkpt lat="43.719310000" lon="7.308800000">
        <ele>314.000</ele>
      </trkpt>
      <trkpt lat="43.719030000" lon="7.309450000">
        <ele>315.000</ele>
      </trkpt>
      <trkpt lat="43.718960000" lon="7.309590000">
        <ele>315.000</ele>
      </trkpt>
      <trkpt lat="43.718830000" lon="7.309900000">
        <ele>316.000</ele>
      </trkpt>
      <trkpt lat="43.718730000" lon="7.310030000">
        <ele>317.000</ele>
      </trkpt>
      <trkpt lat="43.718600000" lon="7.310110000">
        <ele>318.000</ele>
      </trkpt>
      <trkpt lat="43.718360000" lon="7.310200000">
        <ele>319.000</ele>
      </trkpt>
      <trkpt lat="43.717980000" lon="7.310340000">
        <ele>321.000</ele>
      </trkpt>
      <trkpt lat="43.717320000" lon="7.310580000">
        <ele>323.000</ele>
      </trkpt>
      <trkpt lat="43.717200000" lon="7.310650000">
        <ele>326.000</ele>
      </trkpt>
      <trkpt lat="43.717130000" lon="7.310700000">
        <ele>327.000</ele>
      </trkpt>
      <trkpt lat="43.717080000" lon="7.310780000">
        <ele>328.000</ele>
      </trkpt>
      <trkpt lat="43.717040000" lon="7.310850000">
        <ele>329.000</ele>
      </trkpt>
      <trkpt lat="43.717010000" lon="7.310950000">
        <ele>330.000</ele>
      </trkpt>
      <trkpt lat="43.716990000" lon="7.311090000">
        <ele>330.000</ele>
      </trkpt>
      <trkpt lat="43.717010000" lon="7.311250000">
        <ele>331.000</ele>
      </trkpt>
      <trkpt lat="43.717020000" lon="7.311410000">
        <ele>331.000</ele>
      </trkpt>
      <trkpt lat="43.717020000" lon="7.311540000">
        <ele>331.000</ele>
      </trkpt>
      <trkpt lat="43.717000000" lon="7.311690000">
        <ele>332.000</ele>
      </trkpt>
      <trkpt lat="43.716940000" lon="7.311980000">
        <ele>332.000</ele>
      </trkpt>
      <trkpt lat="43.716870000" lon="7.312270000">
        <ele>332.000</ele>
      </trkpt>
      <trkpt lat="43.716820000" lon="7.312450000">
        <ele>333.000</ele>
      </trkpt>
      <trkpt lat="43.716770000" lon="7.312670000">
        <ele>333.000</ele>
      </trkpt>
      <trkpt lat="43.716710000" lon="7.313030000">
        <ele>333.000</ele>
      </trkpt>
      <trkpt lat="43.716700000" lon="7.313190000">
        <ele>334.000</ele>
      </trkpt>
      <trkpt lat="43.716700000" lon="7.313330000">
        <ele>334.000</ele>
      </trkpt>
      <trkpt lat="43.716730000" lon="7.313730000">
        <ele>335.000</ele>
      </trkpt>
      <trkpt lat="43.716880000" lon="7.315160000">
        <ele>338.000</ele>
      </trkpt>
      <trkpt lat="43.716950000" lon="7.315920000">
        <ele>343.000</ele>
      </trkpt>
      <trkpt lat="43.716970000" lon="7.316280000">
        <ele>347.000</ele>
      </trkpt>
      <trkpt lat="43.716980000" lon="7.316580000">
        <ele>350.000</ele>
      </trkpt>
      <trkpt lat="43.716970000" lon="7.316870000">
        <ele>353.000</ele>
      </trkpt>
      <trkpt lat="43.716960000" lon="7.317050000">
        <ele>356.000</ele>
      </trkpt>
      <trkpt lat="43.716820000" lon="7.318620000">
        <ele>362.000</ele>
      </trkpt>
      <trkpt lat="43.716800000" lon="7.318860000">
        <ele>366.000</ele>
      </trkpt>
      <trkpt lat="43.716790000" lon="7.319110000">
        <ele>369.000</ele>
      </trkpt>
      <trkpt lat="43.716800000" lon="7.319300000">
        <ele>371.000</ele>
      </trkpt>
      <trkpt lat="43.716810000" lon="7.319540000">
        <ele>373.000</ele>
      </trkpt>
      <trkpt lat="43.716810000" lon="7.319750000">
        <ele>374.000</ele>
      </trkpt>
      <trkpt lat="43.716770000" lon="7.320220000">
        <ele>376.000</ele>
      </trkpt>
      <trkpt lat="43.716730000" lon="7.320540000">
        <ele>377.000</ele>
      </trkpt>
      <trkpt lat="43.716690000" lon="7.320770000">
        <ele>378.000</ele>
      </trkpt>
      <trkpt lat="43.716630000" lon="7.320950000">
        <ele>379.000</ele>
      </trkpt>
      <trkpt lat="43.716570000" lon="7.321150000">
        <ele>380.000</ele>
      </trkpt>
      <trkpt lat="43.716550000" lon="7.321300000">
        <ele>381.000</ele>
      </trkpt>
      <trkpt lat="43.716550000" lon="7.321400000">
        <ele>382.000</ele>
      </trkpt>
      <trkpt lat="43.716550000" lon="7.321500000">
        <ele>382.000</ele>
      </trkpt>
      <trkpt lat="43.716570000" lon="7.321630000">
        <ele>383.000</ele>
      </trkpt>
      <trkpt lat="43.716860000" lon="7.323190000">
        <ele>388.000</ele>
      </trkpt>
      <trkpt lat="43.716910000" lon="7.323460000">
        <ele>392.000</ele>
      </trkpt>
      <trkpt lat="43.717120000" lon="7.324600000">
        <ele>397.000</ele>
      </trkpt>
      <trkpt lat="43.717190000" lon="7.324830000">
        <ele>401.000</ele>
      </trkpt>
      <trkpt lat="43.717350000" lon="7.325170000">
        <ele>404.000</ele>
      </trkpt>
      <trkpt lat="43.717380000" lon="7.325210000">
        <ele>406.000</ele>
      </trkpt>
      <trkpt lat="43.717970000" lon="7.326370000">
        <ele>409.000</ele>
      </trkpt>
      <trkpt lat="43.718030000" lon="7.326490000">
        <ele>411.000</ele>
      </trkpt>
      <trkpt lat="43.718120000" lon="7.326630000">
        <ele>413.000</ele>
      </trkpt>
      <trkpt lat="43.718280000" lon="7.326790000">
        <ele>415.000</ele>
      </trkpt>
      <trkpt lat="43.718600000" lon="7.326970000">
        <ele>416.000</ele>
      </trkpt>
      <trkpt lat="43.718810000" lon="7.327090000">
        <ele>418.000</ele>
      </trkpt>
      <trkpt lat="43.718900000" lon="7.327190000">
        <ele>419.000</ele>
      </trkpt>
      <trkpt lat="43.718960000" lon="7.327370000">
        <ele>421.000</ele>
      </trkpt>
      <trkpt lat="43.719100000" lon="7.327810000">
        <ele>422.000</ele>
      </trkpt>
      <trkpt lat="43.719180000" lon="7.328190000">
        <ele>424.000</ele>
      </trkpt>
      <trkpt lat="43.719250000" lon="7.328440000">
        <ele>426.000</ele>
      </trkpt>
      <trkpt lat="43.719340000" lon="7.328580000">
        <ele>427.000</ele>
      </trkpt>
      <trkpt lat="43.719660000" lon="7.328830000">
        <ele>429.000</ele>
      </trkpt>
      <trkpt lat="43.720010000" lon="7.329090000">
        <ele>431.000</ele>
      </trkpt>
      <trkpt lat="43.720120000" lon="7.329200000">
        <ele>432.000</ele>
      </trkpt>
      <trkpt lat="43.720160000" lon="7.329340000">
        <ele>433.000</ele>
      </trkpt>
      <trkpt lat="43.720150000" lon="7.329500000">
        <ele>434.000</ele>
      </trkpt>
      <trkpt lat="43.719920000" lon="7.330170000">
        <ele>435.000</ele>
      </trkpt>
      <trkpt lat="43.719840000" lon="7.330470000">
        <ele>437.000</ele>
      </trkpt>
      <trkpt lat="43.719820000" lon="7.331230000">
        <ele>438.000</ele>
      </trkpt>
      <trkpt lat="43.719840000" lon="7.331370000">
        <ele>440.000</ele>
      </trkpt>
      <trkpt lat="43.719870000" lon="7.331490000">
        <ele>441.000</ele>
      </trkpt>
      <trkpt lat="43.719990000" lon="7.331740000">
        <ele>442.000</ele>
      </trkpt>
      <trkpt lat="43.720060000" lon="7.331870000">
        <ele>444.000</ele>
      </trkpt>
      <trkpt lat="43.720200000" lon="7.332110000">
        <ele>445.000</ele>
      </trkpt>
      <trkpt lat="43.720350000" lon="7.332400000">
        <ele>447.000</ele>
      </trkpt>
      <trkpt lat="43.720480000" lon="7.332590000">
        <ele>449.000</ele>
      </trkpt>
      <trkpt lat="43.720690000" lon="7.332870000">
        <ele>451.000</ele>
      </trkpt>
      <trkpt lat="43.720790000" lon="7.333000000">
        <ele>453.000</ele>
      </trkpt>
      <trkpt lat="43.720890000" lon="7.333140000">
        <ele>455.000</ele>
      </trkpt>
      <trkpt lat="43.720970000" lon="7.333310000">
        <ele>456.000</ele>
      </trkpt>
      <trkpt lat="43.721130000" lon="7.333700000">
        <ele>458.000</ele>
      </trkpt>
      <trkpt lat="43.721180000" lon="7.333820000">
        <ele>460.000</ele>
      </trkpt>
      <trkpt lat="43.721380000" lon="7.334180000">
        <ele>462.000</ele>
      </trkpt>
      <trkpt lat="43.721530000" lon="7.334440000">
        <ele>464.000</ele>
      </trkpt>
      <trkpt lat="43.721560000" lon="7.334480000">
        <ele>465.000</ele>
      </trkpt>
      <trkpt lat="43.721600000" lon="7.334520000">
        <ele>466.000</ele>
      </trkpt>
      <trkpt lat="43.721660000" lon="7.334550000">
        <ele>467.000</ele>
      </trkpt>
      <trkpt lat="43.721690000" lon="7.334560000">
        <ele>468.000</ele>
      </trkpt>
      <trkpt lat="43.721730000" lon="7.334570000">
        <ele>469.000</ele>
      </trkpt>
      <trkpt lat="43.721790000" lon="7.334580000">
        <ele>469.000</ele>
      </trkpt>
      <trkpt lat="43.721830000" lon="7.334580000">
        <ele>470.000</ele>
      </trkpt>
      <trkpt lat="43.721880000" lon="7.334560000">
        <ele>470.000</ele>
      </trkpt>
      <trkpt lat="43.721930000" lon="7.334550000">
        <ele>471.000</ele>
      </trkpt>
      <trkpt lat="43.721980000" lon="7.334520000">
        <ele>471.000</ele>
      </trkpt>
      <trkpt lat="43.722030000" lon="7.334480000">
        <ele>472.000</ele>
      </trkpt>
      <trkpt lat="43.722110000" lon="7.334420000">
        <ele>472.000</ele>
      </trkpt>
      <trkpt lat="43.722170000" lon="7.334360000">
        <ele>473.000</ele>
      </trkpt>
      <trkpt lat="43.722310000" lon="7.334190000">
        <ele>474.000</ele>
      </trkpt>
      <trkpt lat="43.722360000" lon="7.334140000">
        <ele>474.000</ele>
      </trkpt>
      <trkpt lat="43.722390000" lon="7.334120000">
        <ele>475.000</ele>
      </trkpt>
      <trkpt lat="43.722430000" lon="7.334110000">
        <ele>475.000</ele>
      </trkpt>
      <trkpt lat="43.722470000" lon="7.334100000">
        <ele>476.000</ele>
      </trkpt>
      <trkpt lat="43.722520000" lon="7.334100000">
        <ele>476.000</ele>
      </trkpt>
      <trkpt lat="43.722570000" lon="7.334110000">
        <ele>477.000</ele>
      </trkpt>
      <trkpt lat="43.722610000" lon="7.334140000">
        <ele>477.000</ele>
      </trkpt>
      <trkpt lat="43.722650000" lon="7.334190000">
        <ele>477.000</ele>
      </trkpt>
      <trkpt lat="43.722690000" lon="7.334250000">
        <ele>478.000</ele>
      </trkpt>
      <trkpt lat="43.722730000" lon="7.334330000">
        <ele>478.000</ele>
      </trkpt>
      <trkpt lat="43.722960000" lon="7.335090000">
        <ele>480.000</ele>
      </trkpt>
      <trkpt lat="43.723080000" lon="7.335510000">
        <ele>481.000</ele>
      </trkpt>
      <trkpt lat="43.723150000" lon="7.335700000">
        <ele>483.000</ele>
      </trkpt>
      <trkpt lat="43.723160000" lon="7.335730000">
        <ele>484.000</ele>
      </trkpt>
      <trkpt lat="43.723200000" lon="7.335880000">
        <ele>485.000</ele>
      </trkpt>
      <trkpt lat="43.723250000" lon="7.336020000">
        <ele>486.000</ele>
      </trkpt>
      <trkpt lat="43.723310000" lon="7.336130000">
        <ele>486.000</ele>
      </trkpt>
      <trkpt lat="43.723420000" lon="7.336250000">
        <ele>487.000</ele>
      </trkpt>
      <trkpt lat="43.723490000" lon="7.336300000">
        <ele>487.000</ele>
      </trkpt>
      <trkpt lat="43.723550000" lon="7.336340000">
        <ele>488.000</ele>
      </trkpt>
      <trkpt lat="43.724140000" lon="7.336800000">
        <ele>488.000</ele>
      </trkpt>
      <trkpt lat="43.724350000" lon="7.336960000">
        <ele>489.000</ele>
      </trkpt>
      <trkpt lat="43.724390000" lon="7.336990000">
        <ele>490.000</ele>
      </trkpt>
      <trkpt lat="43.724440000" lon="7.337000000">
        <ele>490.000</ele>
      </trkpt>
      <trkpt lat="43.724490000" lon="7.337000000">
        <ele>490.000</ele>
      </trkpt>
      <trkpt lat="43.724540000" lon="7.337000000">
        <ele>490.000</ele>
      </trkpt>
      <trkpt lat="43.724590000" lon="7.336980000">
        <ele>491.000</ele>
      </trkpt>
      <trkpt lat="43.724640000" lon="7.336950000">
        <ele>491.000</ele>
      </trkpt>
      <trkpt lat="43.724720000" lon="7.336880000">
        <ele>491.000</ele>
      </trkpt>
      <trkpt lat="43.724800000" lon="7.336760000">
        <ele>491.000</ele>
      </trkpt>
      <trkpt lat="43.724900000" lon="7.336600000">
        <ele>491.000</ele>
      </trkpt>
      <trkpt lat="43.725000000" lon="7.336410000">
        <ele>492.000</ele>
      </trkpt>
      <trkpt lat="43.725230000" lon="7.335930000">
        <ele>493.000</ele>
      </trkpt>
      <trkpt lat="43.725320000" lon="7.335850000">
        <ele>493.000</ele>
      </trkpt>
      <trkpt lat="43.725400000" lon="7.335840000">
        <ele>494.000</ele>
      </trkpt>
      <trkpt lat="43.725460000" lon="7.335870000">
        <ele>494.000</ele>
      </trkpt>
      <trkpt lat="43.725510000" lon="7.335920000">
        <ele>495.000</ele>
      </trkpt>
      <trkpt lat="43.725730000" lon="7.336380000">
        <ele>495.000</ele>
      </trkpt>
      <trkpt lat="43.725870000" lon="7.336720000">
        <ele>496.000</ele>
      </trkpt>
      <trkpt lat="43.725970000" lon="7.337020000">
        <ele>497.000</ele>
      </trkpt>
      <trkpt lat="43.726160000" lon="7.337690000">
        <ele>498.000</ele>
      </trkpt>
      <trkpt lat="43.726210000" lon="7.337860000">
        <ele>498.000</ele>
      </trkpt>
      <trkpt lat="43.726230000" lon="7.337950000">
        <ele>499.000</ele>
      </trkpt>
      <trkpt lat="43.726240000" lon="7.338030000">
        <ele>499.000</ele>
      </trkpt>
      <trkpt lat="43.726350000" lon="7.338910000">
        <ele>500.000</ele>
      </trkpt>
      <trkpt lat="43.726380000" lon="7.339010000">
        <ele>500.000</ele>
      </trkpt>
      <trkpt lat="43.726410000" lon="7.339070000">
        <ele>500.000</ele>
      </trkpt>
      <trkpt lat="43.726440000" lon="7.339130000">
        <ele>501.000</ele>
      </trkpt>
      <trkpt lat="43.726470000" lon="7.339180000">
        <ele>501.000</ele>
      </trkpt>
      <trkpt lat="43.726520000" lon="7.339230000">
        <ele>501.000</ele>
      </trkpt>
      <trkpt lat="43.726570000" lon="7.339260000">
        <ele>501.000</ele>
      </trkpt>
      <trkpt lat="43.726630000" lon="7.339280000">
        <ele>501.000</ele>
      </trkpt>
      <trkpt lat="43.726790000" lon="7.339330000">
        <ele>501.000</ele>
      </trkpt>
      <trkpt lat="43.726830000" lon="7.339350000">
        <ele>501.000</ele>
      </trkpt>
      <trkpt lat="43.726870000" lon="7.339370000">
        <ele>501.000</ele>
      </trkpt>
      <trkpt lat="43.726900000" lon="7.339400000">
        <ele>501.000</ele>
      </trkpt>
      <trkpt lat="43.726920000" lon="7.339430000">
        <ele>501.000</ele>
      </trkpt>
      <trkpt lat="43.726940000" lon="7.339460000">
        <ele>501.000</ele>
      </trkpt>
      <trkpt lat="43.726970000" lon="7.339510000">
        <ele>501.000</ele>
      </trkpt>
      <trkpt lat="43.726990000" lon="7.339560000">
        <ele>501.000</ele>
      </trkpt>
      <trkpt lat="43.727010000" lon="7.339630000">
        <ele>501.000</ele>
      </trkpt>
      <trkpt lat="43.727010000" lon="7.339710000">
        <ele>501.000</ele>
      </trkpt>
      <trkpt lat="43.727010000" lon="7.339770000">
        <ele>500.000</ele>
      </trkpt>
      <trkpt lat="43.726990000" lon="7.339840000">
        <ele>500.000</ele>
      </trkpt>
      <trkpt lat="43.726980000" lon="7.339910000">
        <ele>500.000</ele>
      </trkpt>
      <trkpt lat="43.726090000" lon="7.342540000">
        <ele>499.000</ele>
      </trkpt>
      <trkpt lat="43.726080000" lon="7.342650000">
        <ele>498.000</ele>
      </trkpt>
      <trkpt lat="43.726080000" lon="7.342760000">
        <ele>497.000</ele>
      </trkpt>
      <trkpt lat="43.726190000" lon="7.343390000">
        <ele>497.000</ele>
      </trkpt>
      <trkpt lat="43.726220000" lon="7.343470000">
        <ele>497.000</ele>
      </trkpt>
      <trkpt lat="43.726240000" lon="7.343540000">
        <ele>498.000</ele>
      </trkpt>
      <trkpt lat="43.726300000" lon="7.343590000">
        <ele>498.000</ele>
      </trkpt>
      <trkpt lat="43.726370000" lon="7.343630000">
        <ele>498.000</ele>
      </trkpt>
      <trkpt lat="43.726940000" lon="7.343630000">
        <ele>499.000</ele>
      </trkpt>
      <trkpt lat="43.727670000" lon="7.343650000">
        <ele>500.000</ele>
      </trkpt>
      <trkpt lat="43.727830000" lon="7.343630000">
        <ele>501.000</ele>
      </trkpt>
      <trkpt lat="43.727980000" lon="7.343590000">
        <ele>501.000</ele>
      </trkpt>
      <trkpt lat="43.728210000" lon="7.343490000">
        <ele>502.000</ele>
      </trkpt>
      <trkpt lat="43.728920000" lon="7.343000000">
        <ele>502.000</ele>
      </trkpt>
      <trkpt lat="43.729090000" lon="7.342950000">
        <ele>503.000</ele>
      </trkpt>
      <trkpt lat="43.729700000" lon="7.342860000">
        <ele>503.000</ele>
      </trkpt>
      <trkpt lat="43.729860000" lon="7.342810000">
        <ele>503.000</ele>
      </trkpt>
      <trkpt lat="43.730130000" lon="7.342620000">
        <ele>503.000</ele>
      </trkpt>
      <trkpt lat="43.730270000" lon="7.342480000">
        <ele>503.000</ele>
      </trkpt>
      <trkpt lat="43.730390000" lon="7.342300000">
        <ele>503.000</ele>
      </trkpt>
      <trkpt lat="43.730620000" lon="7.341860000">
        <ele>502.000</ele>
      </trkpt>
      <trkpt lat="43.730720000" lon="7.341730000">
        <ele>502.000</ele>
      </trkpt>
      <trkpt lat="43.730790000" lon="7.341670000">
        <ele>502.000</ele>
      </trkpt>
      <trkpt lat="43.730880000" lon="7.341640000">
        <ele>501.000</ele>
      </trkpt>
      <trkpt lat="43.730950000" lon="7.341610000">
        <ele>501.000</ele>
      </trkpt>
      <trkpt lat="43.731030000" lon="7.341620000">
        <ele>501.000</ele>
      </trkpt>
      <trkpt lat="43.731160000" lon="7.341670000">
        <ele>501.000</ele>
      </trkpt>
      <trkpt lat="43.731200000" lon="7.341700000">
        <ele>501.000</ele>
      </trkpt>
      <trkpt lat="43.731330000" lon="7.341850000">
        <ele>500.000</ele>
      </trkpt>
      <trkpt lat="43.731740000" lon="7.342450000">
        <ele>499.000</ele>
      </trkpt>
      <trkpt lat="43.732030000" lon="7.342910000">
        <ele>498.000</ele>
      </trkpt>
      <trkpt lat="43.732190000" lon="7.343170000">
        <ele>497.000</ele>
      </trkpt>
      <trkpt lat="43.732220000" lon="7.343230000">
        <ele>496.000</ele>
      </trkpt>
      <trkpt lat="43.732240000" lon="7.343300000">
        <ele>495.000</ele>
      </trkpt>
      <trkpt lat="43.732250000" lon="7.343400000">
        <ele>495.000</ele>
      </trkpt>
      <trkpt lat="43.732240000" lon="7.343780000">
        <ele>494.000</ele>
      </trkpt>
      <trkpt lat="43.732230000" lon="7.343910000">
        <ele>494.000</ele>
      </trkpt>
      <trkpt lat="43.732160000" lon="7.344310000">
        <ele>494.000</ele>
      </trkpt>
      <trkpt lat="43.732150000" lon="7.344450000">
        <ele>494.000</ele>
      </trkpt>
      <trkpt lat="43.732150000" lon="7.344610000">
        <ele>495.000</ele>
      </trkpt>
      <trkpt lat="43.732160000" lon="7.344780000">
        <ele>495.000</ele>
      </trkpt>
      <trkpt lat="43.732190000" lon="7.345070000">
        <ele>496.000</ele>
      </trkpt>
      <trkpt lat="43.732270000" lon="7.345590000">
        <ele>497.000</ele>
      </trkpt>
      <trkpt lat="43.732330000" lon="7.345910000">
        <ele>498.000</ele>
      </trkpt>
      <trkpt lat="43.732380000" lon="7.346090000">
        <ele>499.000</ele>
      </trkpt>
      <trkpt lat="43.732440000" lon="7.346180000">
        <ele>500.000</ele>
      </trkpt>
      <trkpt lat="43.732490000" lon="7.346220000">
        <ele>500.000</ele>
      </trkpt>
      <trkpt lat="43.732550000" lon="7.346250000">
        <ele>501.000</ele>
      </trkpt>
      <trkpt lat="43.732640000" lon="7.346240000">
        <ele>501.000</ele>
      </trkpt>
      <trkpt lat="43.732740000" lon="7.346210000">
        <ele>502.000</ele>
      </trkpt>
      <trkpt lat="43.732840000" lon="7.346140000">
        <ele>502.000</ele>
      </trkpt>
      <trkpt lat="43.733290000" lon="7.345810000">
        <ele>503.000</ele>
      </trkpt>
      <trkpt lat="43.733420000" lon="7.345750000">
        <ele>503.000</ele>
      </trkpt>
      <trkpt lat="43.733500000" lon="7.345730000">
        <ele>504.000</ele>
      </trkpt>
      <trkpt lat="43.733590000" lon="7.345750000">
        <ele>505.000</ele>
      </trkpt>
      <trkpt lat="43.733690000" lon="7.345800000">
        <ele>505.000</ele>
      </trkpt>
      <trkpt lat="43.733770000" lon="7.345890000">
        <ele>505.000</ele>
      </trkpt>
      <trkpt lat="43.733820000" lon="7.345980000">
        <ele>506.000</ele>
      </trkpt>
      <trkpt lat="43.733880000" lon="7.346100000">
        <ele>506.000</ele>
      </trkpt>
      <trkpt lat="43.733960000" lon="7.346380000">
        <ele>507.000</ele>
      </trkpt>
      <trkpt lat="43.734040000" lon="7.346630000">
        <ele>506.000</ele>
      </trkpt>
      <trkpt lat="43.733950000" lon="7.346700000">
        <ele>506.000</ele>
      </trkpt>
      <trkpt lat="43.733920000" lon="7.346750000">
        <ele>505.000</ele>
      </trkpt>
      <trkpt lat="43.733720000" lon="7.347230000">
        <ele>503.000</ele>
      </trkpt>
      <trkpt lat="43.733390000" lon="7.348030000">
        <ele>500.000</ele>
      </trkpt>
      <trkpt lat="43.733330000" lon="7.348150000">
        <ele>497.000</ele>
      </trkpt>
      <trkpt lat="43.733180000" lon="7.348450000">
        <ele>494.000</ele>
      </trkpt>
      <trkpt lat="43.733120000" lon="7.348560000">
        <ele>492.000</ele>
      </trkpt>
      <trkpt lat="43.733110000" lon="7.348640000">
        <ele>490.000</ele>
      </trkpt>
      <trkpt lat="43.733130000" lon="7.348690000">
        <ele>489.000</ele>
      </trkpt>
      <trkpt lat="43.733170000" lon="7.348710000">
        <ele>488.000</ele>
      </trkpt>
      <trkpt lat="43.733510000" lon="7.348680000">
        <ele>486.000</ele>
      </trkpt>
      <trkpt lat="43.733550000" lon="7.348690000">
        <ele>485.000</ele>
      </trkpt>
      <trkpt lat="43.733590000" lon="7.348720000">
        <ele>484.000</ele>
      </trkpt>
      <trkpt lat="43.733620000" lon="7.348760000">
        <ele>484.000</ele>
      </trkpt>
      <trkpt lat="43.733650000" lon="7.348840000">
        <ele>483.000</ele>
      </trkpt>
      <trkpt lat="43.733760000" lon="7.349200000">
        <ele>482.000</ele>
      </trkpt>
      <trkpt lat="43.733780000" lon="7.349270000">
        <ele>481.000</ele>
      </trkpt>
      <trkpt lat="43.733830000" lon="7.349340000">
        <ele>480.000</ele>
      </trkpt>
      <trkpt lat="43.733880000" lon="7.349420000">
        <ele>479.000</ele>
      </trkpt>
      <trkpt lat="43.733920000" lon="7.349490000">
        <ele>478.000</ele>
      </trkpt>
      <trkpt lat="43.733970000" lon="7.349610000">
        <ele>477.000</ele>
      </trkpt>
      <trkpt lat="43.734330000" lon="7.350680000">
        <ele>474.000</ele>
      </trkpt>
      <trkpt lat="43.734490000" lon="7.351110000">
        <ele>471.000</ele>
      </trkpt>
      <trkpt lat="43.734540000" lon="7.351230000">
        <ele>469.000</ele>
      </trkpt>
      <trkpt lat="43.734640000" lon="7.351340000">
        <ele>467.000</ele>
      </trkpt>
      <trkpt lat="43.734750000" lon="7.351420000">
        <ele>465.000</ele>
      </trkpt>
      <trkpt lat="43.734860000" lon="7.351460000">
        <ele>463.000</ele>
      </trkpt>
      <trkpt lat="43.734970000" lon="7.351500000">
        <ele>462.000</ele>
      </trkpt>
      <trkpt lat="43.735040000" lon="7.351510000">
        <ele>461.000</ele>
      </trkpt>
      <trkpt lat="43.735060000" lon="7.351530000">
        <ele>460.000</ele>
      </trkpt>
      <trkpt lat="43.735080000" lon="7.351580000">
        <ele>459.000</ele>
      </trkpt>
      <trkpt lat="43.735070000" lon="7.351630000">
        <ele>459.000</ele>
      </trkpt>
      <trkpt lat="43.735060000" lon="7.351660000">
        <ele>458.000</ele>
      </trkpt>
      <trkpt lat="43.735020000" lon="7.351680000">
        <ele>458.000</ele>
      </trkpt>
      <trkpt lat="43.734970000" lon="7.351690000">
        <ele>457.000</ele>
      </trkpt>
      <trkpt lat="43.734780000" lon="7.351700000">
        <ele>456.000</ele>
      </trkpt>
      <trkpt lat="43.734740000" lon="7.351700000">
        <ele>456.000</ele>
      </trkpt>
      <trkpt lat="43.734680000" lon="7.351700000">
        <ele>455.000</ele>
      </trkpt>
      <trkpt lat="43.734590000" lon="7.351680000">
        <ele>454.000</ele>
      </trkpt>
      <trkpt lat="43.734490000" lon="7.351640000">
        <ele>453.000</ele>
      </trkpt>
      <trkpt lat="43.734400000" lon="7.351600000">
        <ele>452.000</ele>
      </trkpt>
      <trkpt lat="43.734330000" lon="7.351550000">
        <ele>451.000</ele>
      </trkpt>
      <trkpt lat="43.734270000" lon="7.351490000">
        <ele>450.000</ele>
      </trkpt>
      <trkpt lat="43.734220000" lon="7.351450000">
        <ele>449.000</ele>
      </trkpt>
      <trkpt lat="43.734170000" lon="7.351460000">
        <ele>448.000</ele>
      </trkpt>
      <trkpt lat="43.734150000" lon="7.351470000">
        <ele>448.000</ele>
      </trkpt>
      <trkpt lat="43.734120000" lon="7.351490000">
        <ele>447.000</ele>
      </trkpt>
      <trkpt lat="43.734090000" lon="7.351530000">
        <ele>446.000</ele>
      </trkpt>
      <trkpt lat="43.734070000" lon="7.351560000">
        <ele>446.000</ele>
      </trkpt>
      <trkpt lat="43.733920000" lon="7.352030000">
        <ele>444.000</ele>
      </trkpt>
      <trkpt lat="43.733900000" lon="7.352120000">
        <ele>442.000</ele>
      </trkpt>
      <trkpt lat="43.733840000" lon="7.352280000">
        <ele>440.000</ele>
      </trkpt>
      <trkpt lat="43.733800000" lon="7.352430000">
        <ele>438.000</ele>
      </trkpt>
      <trkpt lat="43.733810000" lon="7.352670000">
        <ele>436.000</ele>
      </trkpt>
      <trkpt lat="43.733760000" lon="7.352850000">
        <ele>434.000</ele>
      </trkpt>
      <trkpt lat="43.733630000" lon="7.353250000">
        <ele>431.000</ele>
      </trkpt>
      <trkpt lat="43.733590000" lon="7.353380000">
        <ele>428.000</ele>
      </trkpt>
      <trkpt lat="43.733570000" lon="7.353580000">
        <ele>426.000</ele>
      </trkpt>
      <trkpt lat="43.733540000" lon="7.353940000">
        <ele>424.000</ele>
      </trkpt>
      <trkpt lat="43.733530000" lon="7.354160000">
        <ele>422.000</ele>
      </trkpt>
      <trkpt lat="43.733510000" lon="7.354320000">
        <ele>420.000</ele>
      </trkpt>
      <trkpt lat="43.733470000" lon="7.354440000">
        <ele>418.000</ele>
      </trkpt>
      <trkpt lat="43.733420000" lon="7.354550000">
        <ele>417.000</ele>
      </trkpt>
      <trkpt lat="43.733340000" lon="7.354700000">
        <ele>415.000</ele>
      </trkpt>
      <trkpt lat="43.733240000" lon="7.354890000">
        <ele>414.000</ele>
      </trkpt>
      <trkpt lat="43.733140000" lon="7.355100000">
        <ele>412.000</ele>
      </trkpt>
      <trkpt lat="43.733060000" lon="7.355280000">
        <ele>411.000</ele>
      </trkpt>
      <trkpt lat="43.732920000" lon="7.355600000">
        <ele>408.000</ele>
      </trkpt>
      <trkpt lat="43.732900000" lon="7.355690000">
        <ele>407.000</ele>
      </trkpt>
      <trkpt lat="43.732890000" lon="7.355770000">
        <ele>406.000</ele>
      </trkpt>
      <trkpt lat="43.732890000" lon="7.355860000">
        <ele>405.000</ele>
      </trkpt>
      <trkpt lat="43.732920000" lon="7.355970000">
        <ele>404.000</ele>
      </trkpt>
      <trkpt lat="43.732950000" lon="7.356070000">
        <ele>403.000</ele>
      </trkpt>
      <trkpt lat="43.733090000" lon="7.356260000">
        <ele>402.000</ele>
      </trkpt>
      <trkpt lat="43.733090000" lon="7.356260000">
        <ele>402.000</ele>
      </trkpt>
      <trkpt lat="43.733140000" lon="7.356340000">
        <ele>401.000</ele>
      </trkpt>
      <trkpt lat="43.733190000" lon="7.356480000">
        <ele>401.000</ele>
      </trkpt>
      <trkpt lat="43.733200000" lon="7.356590000">
        <ele>400.000</ele>
      </trkpt>
      <trkpt lat="43.733210000" lon="7.356720000">
        <ele>400.000</ele>
      </trkpt>
      <trkpt lat="43.733210000" lon="7.356840000">
        <ele>399.000</ele>
      </trkpt>
      <trkpt lat="43.733200000" lon="7.356900000">
        <ele>399.000</ele>
      </trkpt>
      <trkpt lat="43.733190000" lon="7.356960000">
        <ele>399.000</ele>
      </trkpt>
      <trkpt lat="43.733170000" lon="7.357070000">
        <ele>398.000</ele>
      </trkpt>
      <trkpt lat="43.733140000" lon="7.357170000">
        <ele>398.000</ele>
      </trkpt>
      <trkpt lat="43.733030000" lon="7.357390000">
        <ele>397.000</ele>
      </trkpt>
      <trkpt lat="43.732860000" lon="7.357600000">
        <ele>397.000</ele>
      </trkpt>
      <trkpt lat="43.732740000" lon="7.357740000">
        <ele>396.000</ele>
      </trkpt>
      <trkpt lat="43.732670000" lon="7.357850000">
        <ele>395.000</ele>
      </trkpt>
      <trkpt lat="43.732610000" lon="7.357970000">
        <ele>394.000</ele>
      </trkpt>
      <trkpt lat="43.732510000" lon="7.358250000">
        <ele>393.000</ele>
      </trkpt>
      <trkpt lat="43.732480000" lon="7.358300000">
        <ele>392.000</ele>
      </trkpt>
      <trkpt lat="43.732360000" lon="7.358430000">
        <ele>391.000</ele>
      </trkpt>
      <trkpt lat="43.732210000" lon="7.358570000">
        <ele>390.000</ele>
      </trkpt>
      <trkpt lat="43.732110000" lon="7.358720000">
        <ele>389.000</ele>
      </trkpt>
      <trkpt lat="43.732000000" lon="7.358940000">
        <ele>387.000</ele>
      </trkpt>
      <trkpt lat="43.731910000" lon="7.359160000">
        <ele>386.000</ele>
      </trkpt>
      <trkpt lat="43.731860000" lon="7.359380000">
        <ele>384.000</ele>
      </trkpt>
      <trkpt lat="43.731840000" lon="7.359610000">
        <ele>383.000</ele>
      </trkpt>
      <trkpt lat="43.731820000" lon="7.359980000">
        <ele>381.000</ele>
      </trkpt>
      <trkpt lat="43.731800000" lon="7.360120000">
        <ele>379.000</ele>
      </trkpt>
      <trkpt lat="43.731740000" lon="7.360210000">
        <ele>378.000</ele>
      </trkpt>
      <trkpt lat="43.731680000" lon="7.360290000">
        <ele>377.000</ele>
      </trkpt>
      <trkpt lat="43.731530000" lon="7.360360000">
        <ele>376.000</ele>
      </trkpt>
      <trkpt lat="43.731410000" lon="7.360420000">
        <ele>374.000</ele>
      </trkpt>
      <trkpt lat="43.731340000" lon="7.360460000">
        <ele>373.000</ele>
      </trkpt>
      <trkpt lat="43.731240000" lon="7.360530000">
        <ele>372.000</ele>
      </trkpt>
      <trkpt lat="43.731140000" lon="7.360650000">
        <ele>371.000</ele>
      </trkpt>
      <trkpt lat="43.731020000" lon="7.360780000">
        <ele>369.000</ele>
      </trkpt>
      <trkpt lat="43.730920000" lon="7.360900000">
        <ele>368.000</ele>
      </trkpt>
      <trkpt lat="43.730830000" lon="7.360980000">
        <ele>366.000</ele>
      </trkpt>
      <trkpt lat="43.730720000" lon="7.361060000">
        <ele>365.000</ele>
      </trkpt>
      <trkpt lat="43.730390000" lon="7.361230000">
        <ele>363.000</ele>
      </trkpt>
      <trkpt lat="43.730200000" lon="7.361330000">
        <ele>361.000</ele>
      </trkpt>
      <trkpt lat="43.730080000" lon="7.361390000">
        <ele>359.000</ele>
      </trkpt>
      <trkpt lat="43.729970000" lon="7.361370000">
        <ele>358.000</ele>
      </trkpt>
      <trkpt lat="43.729890000" lon="7.361370000">
        <ele>357.000</ele>
      </trkpt>
      <trkpt lat="43.729860000" lon="7.361360000">
        <ele>356.000</ele>
      </trkpt>
      <trkpt lat="43.729830000" lon="7.361360000">
        <ele>356.000</ele>
      </trkpt>
      <trkpt lat="43.729840000" lon="7.361220000">
        <ele>355.000</ele>
      </trkpt>
      <trkpt lat="43.729840000" lon="7.361130000">
        <ele>355.000</ele>
      </trkpt>
      <trkpt lat="43.729830000" lon="7.360930000">
        <ele>354.000</ele>
      </trkpt>
      <trkpt lat="43.729820000" lon="7.360640000">
        <ele>353.000</ele>
      </trkpt>
      <trkpt lat="43.729820000" lon="7.360570000">
        <ele>353.000</ele>
      </trkpt>
      <trkpt lat="43.729810000" lon="7.360370000">
        <ele>352.000</ele>
      </trkpt>
      <trkpt lat="43.729750000" lon="7.358270000">
        <ele>349.000</ele>
      </trkpt>
      <trkpt lat="43.729750000" lon="7.358220000">
        <ele>347.000</ele>
      </trkpt>
      <trkpt lat="43.729740000" lon="7.358190000">
        <ele>345.000</ele>
      </trkpt>
      <trkpt lat="43.729730000" lon="7.358140000">
        <ele>344.000</ele>
      </trkpt>
      <trkpt lat="43.729700000" lon="7.358070000">
        <ele>344.000</ele>
      </trkpt>
      <trkpt lat="43.729650000" lon="7.357970000">
        <ele>343.000</ele>
      </trkpt>
      <trkpt lat="43.729600000" lon="7.357900000">
        <ele>343.000</ele>
      </trkpt>
      <trkpt lat="43.729310000" lon="7.357550000">
        <ele>342.000</ele>
      </trkpt>
      <trkpt lat="43.729220000" lon="7.357450000">
        <ele>342.000</ele>
      </trkpt>
      <trkpt lat="43.729130000" lon="7.357380000">
        <ele>342.000</ele>
      </trkpt>
      <trkpt lat="43.729060000" lon="7.357340000">
        <ele>342.000</ele>
      </trkpt>
      <trkpt lat="43.728870000" lon="7.357310000">
        <ele>342.000</ele>
      </trkpt>
      <trkpt lat="43.728780000" lon="7.357280000">
        <ele>341.000</ele>
      </trkpt>
      <trkpt lat="43.728660000" lon="7.357200000">
        <ele>341.000</ele>
      </trkpt>
      <trkpt lat="43.728360000" lon="7.357000000">
        <ele>341.000</ele>
      </trkpt>
      <trkpt lat="43.728260000" lon="7.356900000">
        <ele>341.000</ele>
      </trkpt>
      <trkpt lat="43.728200000" lon="7.356840000">
        <ele>341.000</ele>
      </trkpt>
      <trkpt lat="43.728140000" lon="7.356750000">
        <ele>341.000</ele>
      </trkpt>
      <trkpt lat="43.728090000" lon="7.356670000">
        <ele>341.000</ele>
      </trkpt>
      <trkpt lat="43.728050000" lon="7.356560000">
        <ele>341.000</ele>
      </trkpt>
      <trkpt lat="43.728010000" lon="7.356430000">
        <ele>341.000</ele>
      </trkpt>
      <trkpt lat="43.727990000" lon="7.356310000">
        <ele>342.000</ele>
      </trkpt>
      <trkpt lat="43.727970000" lon="7.356170000">
        <ele>342.000</ele>
      </trkpt>
      <trkpt lat="43.727950000" lon="7.355960000">
        <ele>342.000</ele>
      </trkpt>
      <trkpt lat="43.727950000" lon="7.355610000">
        <ele>343.000</ele>
      </trkpt>
      <trkpt lat="43.727940000" lon="7.355410000">
        <ele>343.000</ele>
      </trkpt>
      <trkpt lat="43.727920000" lon="7.355270000">
        <ele>344.000</ele>
      </trkpt>
      <trkpt lat="43.727890000" lon="7.355140000">
        <ele>344.000</ele>
      </trkpt>
      <trkpt lat="43.727810000" lon="7.354960000">
        <ele>345.000</ele>
      </trkpt>
      <trkpt lat="43.727640000" lon="7.354650000">
        <ele>345.000</ele>
      </trkpt>
      <trkpt lat="43.727430000" lon="7.354210000">
        <ele>345.000</ele>
      </trkpt>
      <trkpt lat="43.727220000" lon="7.353650000">
        <ele>345.000</ele>
      </trkpt>
      <trkpt lat="43.726960000" lon="7.352920000">
        <ele>345.000</ele>
      </trkpt>
      <trkpt lat="43.726930000" lon="7.352790000">
        <ele>345.000</ele>
      </trkpt>
      <trkpt lat="43.726890000" lon="7.352640000">
        <ele>344.000</ele>
      </trkpt>
      <trkpt lat="43.726870000" lon="7.352490000">
        <ele>344.000</ele>
      </trkpt>
      <trkpt lat="43.726860000" lon="7.352320000">
        <ele>344.000</ele>
      </trkpt>
      <trkpt lat="43.726860000" lon="7.352150000">
        <ele>343.000</ele>
      </trkpt>
      <trkpt lat="43.726890000" lon="7.351880000">
        <ele>342.000</ele>
      </trkpt>
      <trkpt lat="43.726970000" lon="7.351130000">
        <ele>340.000</ele>
      </trkpt>
      <trkpt lat="43.727020000" lon="7.350690000">
        <ele>337.000</ele>
      </trkpt>
      <trkpt lat="43.727020000" lon="7.350520000">
        <ele>335.000</ele>
      </trkpt>
      <trkpt lat="43.727020000" lon="7.350400000">
        <ele>333.000</ele>
      </trkpt>
      <trkpt lat="43.727000000" lon="7.350260000">
        <ele>332.000</ele>
      </trkpt>
      <trkpt lat="43.726980000" lon="7.350130000">
        <ele>331.000</ele>
      </trkpt>
      <trkpt lat="43.726940000" lon="7.349990000">
        <ele>329.000</ele>
      </trkpt>
      <trkpt lat="43.726860000" lon="7.349820000">
        <ele>328.000</ele>
      </trkpt>
      <trkpt lat="43.726770000" lon="7.349630000">
        <ele>327.000</ele>
      </trkpt>
      <trkpt lat="43.726520000" lon="7.349190000">
        <ele>326.000</ele>
      </trkpt>
      <trkpt lat="43.726520000" lon="7.349190000">
        <ele>325.000</ele>
      </trkpt>
      <trkpt lat="43.726270000" lon="7.348740000">
        <ele>324.000</ele>
      </trkpt>
      <trkpt lat="43.726170000" lon="7.348540000">
        <ele>323.000</ele>
      </trkpt>
      <trkpt lat="43.726060000" lon="7.348330000">
        <ele>322.000</ele>
      </trkpt>
      <trkpt lat="43.725940000" lon="7.348110000">
        <ele>321.000</ele>
      </trkpt>
      <trkpt lat="43.725810000" lon="7.347950000">
        <ele>321.000</ele>
      </trkpt>
      <trkpt lat="43.725700000" lon="7.347840000">
        <ele>320.000</ele>
      </trkpt>
      <trkpt lat="43.725580000" lon="7.347760000">
        <ele>319.000</ele>
      </trkpt>
      <trkpt lat="43.725450000" lon="7.347700000">
        <ele>318.000</ele>
      </trkpt>
      <trkpt lat="43.725300000" lon="7.347670000">
        <ele>317.000</ele>
      </trkpt>
      <trkpt lat="43.725160000" lon="7.347670000">
        <ele>316.000</ele>
      </trkpt>
      <trkpt lat="43.725010000" lon="7.347680000">
        <ele>315.000</ele>
      </trkpt>
      <trkpt lat="43.724830000" lon="7.347710000">
        <ele>314.000</ele>
      </trkpt>
      <trkpt lat="43.724730000" lon="7.347710000">
        <ele>312.000</ele>
      </trkpt>
      <trkpt lat="43.724630000" lon="7.347700000">
        <ele>311.000</ele>
      </trkpt>
      <trkpt lat="43.724530000" lon="7.347680000">
        <ele>310.000</ele>
      </trkpt>
      <trkpt lat="43.724420000" lon="7.347640000">
        <ele>309.000</ele>
      </trkpt>
      <trkpt lat="43.724290000" lon="7.347560000">
        <ele>308.000</ele>
      </trkpt>
      <trkpt lat="43.724130000" lon="7.347410000">
        <ele>307.000</ele>
      </trkpt>
      <trkpt lat="43.723920000" lon="7.347190000">
        <ele>306.000</ele>
      </trkpt>
      <trkpt lat="43.723640000" lon="7.346790000">
        <ele>305.000</ele>
      </trkpt>
      <trkpt lat="43.723490000" lon="7.346450000">
        <ele>304.000</ele>
      </trkpt>
      <trkpt lat="43.723410000" lon="7.346170000">
        <ele>304.000</ele>
      </trkpt>
      <trkpt lat="43.723360000" lon="7.345950000">
        <ele>304.000</ele>
      </trkpt>
      <trkpt lat="43.723350000" lon="7.345740000">
        <ele>304.000</ele>
      </trkpt>
      <trkpt lat="43.723340000" lon="7.345550000">
        <ele>304.000</ele>
      </trkpt>
      <trkpt lat="43.723340000" lon="7.345320000">
        <ele>304.000</ele>
      </trkpt>
      <trkpt lat="43.723360000" lon="7.345000000">
        <ele>304.000</ele>
      </trkpt>
      <trkpt lat="43.723360000" lon="7.344700000">
        <ele>304.000</ele>
      </trkpt>
      <trkpt lat="43.723350000" lon="7.344560000">
        <ele>304.000</ele>
      </trkpt>
      <trkpt lat="43.723320000" lon="7.344420000">
        <ele>303.000</ele>
      </trkpt>
      <trkpt lat="43.723250000" lon="7.344250000">
        <ele>301.000</ele>
      </trkpt>
      <trkpt lat="43.723200000" lon="7.344150000">
        <ele>300.000</ele>
      </trkpt>
      <trkpt lat="43.723130000" lon="7.344050000">
        <ele>298.000</ele>
      </trkpt>
      <trkpt lat="43.723050000" lon="7.343990000">
        <ele>296.000</ele>
      </trkpt>
      <trkpt lat="43.722990000" lon="7.343940000">
        <ele>295.000</ele>
      </trkpt>
      <trkpt lat="43.722910000" lon="7.343910000">
        <ele>293.000</ele>
      </trkpt>
      <trkpt lat="43.722820000" lon="7.343900000">
        <ele>292.000</ele>
      </trkpt>
      <trkpt lat="43.722750000" lon="7.343880000">
        <ele>290.000</ele>
      </trkpt>
      <trkpt lat="43.722710000" lon="7.343880000">
        <ele>289.000</ele>
      </trkpt>
      <trkpt lat="43.722670000" lon="7.343890000">
        <ele>288.000</ele>
      </trkpt>
      <trkpt lat="43.722640000" lon="7.343890000">
        <ele>287.000</ele>
      </trkpt>
      <trkpt lat="43.722600000" lon="7.343910000">
        <ele>286.000</ele>
      </trkpt>
      <trkpt lat="43.722550000" lon="7.343930000">
        <ele>285.000</ele>
      </trkpt>
      <trkpt lat="43.722330000" lon="7.344050000">
        <ele>283.000</ele>
      </trkpt>
      <trkpt lat="43.722240000" lon="7.344090000">
        <ele>281.000</ele>
      </trkpt>
      <trkpt lat="43.722180000" lon="7.344120000">
        <ele>279.000</ele>
      </trkpt>
      <trkpt lat="43.722110000" lon="7.344130000">
        <ele>278.000</ele>
      </trkpt>
      <trkpt lat="43.722030000" lon="7.344150000">
        <ele>276.000</ele>
      </trkpt>
      <trkpt lat="43.721960000" lon="7.344150000">
        <ele>275.000</ele>
      </trkpt>
      <trkpt lat="43.721890000" lon="7.344150000">
        <ele>273.000</ele>
      </trkpt>
      <trkpt lat="43.721810000" lon="7.344140000">
        <ele>273.000</ele>
      </trkpt>
      <trkpt lat="43.721740000" lon="7.344130000">
        <ele>272.000</ele>
      </trkpt>
      <trkpt lat="43.721670000" lon="7.344110000">
        <ele>272.000</ele>
      </trkpt>
      <trkpt lat="43.721580000" lon="7.344070000">
        <ele>272.000</ele>
      </trkpt>
      <trkpt lat="43.721510000" lon="7.344030000">
        <ele>273.000</ele>
      </trkpt>
      <trkpt lat="43.721440000" lon="7.343980000">
        <ele>273.000</ele>
      </trkpt>
      <trkpt lat="43.721380000" lon="7.343940000">
        <ele>273.000</ele>
      </trkpt>
      <trkpt lat="43.721310000" lon="7.343870000">
        <ele>274.000</ele>
      </trkpt>
      <trkpt lat="43.721250000" lon="7.343800000">
        <ele>274.000</ele>
      </trkpt>
      <trkpt lat="43.721190000" lon="7.343730000">
        <ele>275.000</ele>
      </trkpt>
      <trkpt lat="43.721150000" lon="7.343670000">
        <ele>275.000</ele>
      </trkpt>
      <trkpt lat="43.721110000" lon="7.343610000">
        <ele>276.000</ele>
      </trkpt>
      <trkpt lat="43.721070000" lon="7.343540000">
        <ele>276.000</ele>
      </trkpt>
      <trkpt lat="43.721030000" lon="7.343450000">
        <ele>277.000</ele>
      </trkpt>
      <trkpt lat="43.720950000" lon="7.343130000">
        <ele>277.000</ele>
      </trkpt>
      <trkpt lat="43.720910000" lon="7.343010000">
        <ele>278.000</ele>
      </trkpt>
      <trkpt lat="43.720840000" lon="7.342700000">
        <ele>279.000</ele>
      </trkpt>
      <trkpt lat="43.720780000" lon="7.342260000">
        <ele>281.000</ele>
      </trkpt>
      <trkpt lat="43.720710000" lon="7.341820000">
        <ele>282.000</ele>
      </trkpt>
      <trkpt lat="43.720690000" lon="7.341620000">
        <ele>282.000</ele>
      </trkpt>
      <trkpt lat="43.720680000" lon="7.341520000">
        <ele>283.000</ele>
      </trkpt>
      <trkpt lat="43.720670000" lon="7.341430000">
        <ele>283.000</ele>
      </trkpt>
      <trkpt lat="43.720660000" lon="7.340960000">
        <ele>283.000</ele>
      </trkpt>
      <trkpt lat="43.720660000" lon="7.340670000">
        <ele>283.000</ele>
      </trkpt>
      <trkpt lat="43.720660000" lon="7.340480000">
        <ele>283.000</ele>
      </trkpt>
      <trkpt lat="43.720630000" lon="7.339530000">
        <ele>283.000</ele>
      </trkpt>
      <trkpt lat="43.720620000" lon="7.339370000">
        <ele>283.000</ele>
      </trkpt>
      <trkpt lat="43.720600000" lon="7.339270000">
        <ele>283.000</ele>
      </trkpt>
      <trkpt lat="43.720580000" lon="7.339180000">
        <ele>283.000</ele>
      </trkpt>
      <trkpt lat="43.720540000" lon="7.339100000">
        <ele>282.000</ele>
      </trkpt>
      <trkpt lat="43.720490000" lon="7.339010000">
        <ele>282.000</ele>
      </trkpt>
      <trkpt lat="43.720440000" lon="7.338940000">
        <ele>282.000</ele>
      </trkpt>
      <trkpt lat="43.720370000" lon="7.338870000">
        <ele>281.000</ele>
      </trkpt>
      <trkpt lat="43.720320000" lon="7.338840000">
        <ele>281.000</ele>
      </trkpt>
      <trkpt lat="43.720260000" lon="7.338810000">
        <ele>281.000</ele>
      </trkpt>
      <trkpt lat="43.720200000" lon="7.338780000">
        <ele>280.000</ele>
      </trkpt>
      <trkpt lat="43.720120000" lon="7.338770000">
        <ele>280.000</ele>
      </trkpt>
      <trkpt lat="43.720030000" lon="7.338770000">
        <ele>280.000</ele>
      </trkpt>
      <trkpt lat="43.719900000" lon="7.338780000">
        <ele>279.000</ele>
      </trkpt>
      <trkpt lat="43.719750000" lon="7.338800000">
        <ele>279.000</ele>
      </trkpt>
      <trkpt lat="43.719670000" lon="7.338790000">
        <ele>278.000</ele>
      </trkpt>
      <trkpt lat="43.719580000" lon="7.338780000">
        <ele>278.000</ele>
      </trkpt>
      <trkpt lat="43.719490000" lon="7.338750000">
        <ele>277.000</ele>
      </trkpt>
      <trkpt lat="43.719420000" lon="7.338710000">
        <ele>277.000</ele>
      </trkpt>
      <trkpt lat="43.719350000" lon="7.338660000">
        <ele>276.000</ele>
      </trkpt>
      <trkpt lat="43.719290000" lon="7.338600000">
        <ele>276.000</ele>
      </trkpt>
      <trkpt lat="43.719230000" lon="7.338540000">
        <ele>276.000</ele>
      </trkpt>
      <trkpt lat="43.719180000" lon="7.338460000">
        <ele>275.000</ele>
      </trkpt>
      <trkpt lat="43.719120000" lon="7.338370000">
        <ele>275.000</ele>
      </trkpt>
      <trkpt lat="43.719070000" lon="7.338280000">
        <ele>275.000</ele>
      </trkpt>
      <trkpt lat="43.719010000" lon="7.338140000">
        <ele>275.000</ele>
      </trkpt>
      <trkpt lat="43.718900000" lon="7.337820000">
        <ele>275.000</ele>
      </trkpt>
      <trkpt lat="43.718810000" lon="7.337590000">
        <ele>275.000</ele>
      </trkpt>
      <trkpt lat="43.718780000" lon="7.337500000">
        <ele>275.000</ele>
      </trkpt>
      <trkpt lat="43.718740000" lon="7.337370000">
        <ele>275.000</ele>
      </trkpt>
      <trkpt lat="43.718660000" lon="7.337040000">
        <ele>275.000</ele>
      </trkpt>
      <trkpt lat="43.718590000" lon="7.336700000">
        <ele>275.000</ele>
      </trkpt>
      <trkpt lat="43.718550000" lon="7.336530000">
        <ele>275.000</ele>
      </trkpt>
      <trkpt lat="43.718490000" lon="7.336340000">
        <ele>275.000</ele>
      </trkpt>
      <trkpt lat="43.718430000" lon="7.336170000">
        <ele>275.000</ele>
      </trkpt>
      <trkpt lat="43.718360000" lon="7.336030000">
        <ele>275.000</ele>
      </trkpt>
      <trkpt lat="43.718180000" lon="7.335710000">
        <ele>276.000</ele>
      </trkpt>
      <trkpt lat="43.717960000" lon="7.335320000">
        <ele>276.000</ele>
      </trkpt>
      <trkpt lat="43.717740000" lon="7.334920000">
        <ele>276.000</ele>
      </trkpt>
      <trkpt lat="43.717670000" lon="7.334780000">
        <ele>277.000</ele>
      </trkpt>
      <trkpt lat="43.717630000" lon="7.334700000">
        <ele>277.000</ele>
      </trkpt>
      <trkpt lat="43.717600000" lon="7.334630000">
        <ele>277.000</ele>
      </trkpt>
      <trkpt lat="43.717330000" lon="7.334050000">
        <ele>278.000</ele>
      </trkpt>
      <trkpt lat="43.717140000" lon="7.333640000">
        <ele>279.000</ele>
      </trkpt>
      <trkpt lat="43.717050000" lon="7.333450000">
        <ele>279.000</ele>
      </trkpt>
      <trkpt lat="43.717000000" lon="7.333350000">
        <ele>280.000</ele>
      </trkpt>
      <trkpt lat="43.716980000" lon="7.333320000">
        <ele>281.000</ele>
      </trkpt>
      <trkpt lat="43.716960000" lon="7.333270000">
        <ele>281.000</ele>
      </trkpt>
      <trkpt lat="43.716910000" lon="7.333190000">
        <ele>281.000</ele>
      </trkpt>
      <trkpt lat="43.716890000" lon="7.333160000">
        <ele>282.000</ele>
      </trkpt>
      <trkpt lat="43.716850000" lon="7.333120000">
        <ele>282.000</ele>
      </trkpt>
      <trkpt lat="43.716800000" lon="7.333070000">
        <ele>282.000</ele>
      </trkpt>
      <trkpt lat="43.716750000" lon="7.333030000">
        <ele>282.000</ele>
      </trkpt>
      <trkpt lat="43.716690000" lon="7.332980000">
        <ele>283.000</ele>
      </trkpt>
      <trkpt lat="43.716580000" lon="7.332930000">
        <ele>283.000</ele>
      </trkpt>
      <trkpt lat="43.716490000" lon="7.332880000">
        <ele>284.000</ele>
      </trkpt>
      <trkpt lat="43.715100000" lon="7.332150000">
        <ele>286.000</ele>
      </trkpt>
      <trkpt lat="43.715040000" lon="7.332110000">
        <ele>288.000</ele>
      </trkpt>
      <trkpt lat="43.714950000" lon="7.332040000">
        <ele>288.000</ele>
      </trkpt>
      <trkpt lat="43.714870000" lon="7.331940000">
        <ele>288.000</ele>
      </trkpt>
      <trkpt lat="43.714810000" lon="7.331860000">
        <ele>288.000</ele>
      </trkpt>
      <trkpt lat="43.714520000" lon="7.331360000">
        <ele>286.000</ele>
      </trkpt>
      <trkpt lat="43.714220000" lon="7.330860000">
        <ele>283.000</ele>
      </trkpt>
      <trkpt lat="43.714070000" lon="7.330490000">
        <ele>279.000</ele>
      </trkpt>
      <trkpt lat="43.713770000" lon="7.329740000">
        <ele>275.000</ele>
      </trkpt>
      <trkpt lat="43.713250000" lon="7.328500000">
        <ele>269.000</ele>
      </trkpt>
      <trkpt lat="43.713120000" lon="7.328150000">
        <ele>264.000</ele>
      </trkpt>
      <trkpt lat="43.713030000" lon="7.327870000">
        <ele>260.000</ele>
      </trkpt>
      <trkpt lat="43.712950000" lon="7.327610000">
        <ele>257.000</ele>
      </trkpt>
      <trkpt lat="43.712900000" lon="7.327390000">
        <ele>255.000</ele>
      </trkpt>
      <trkpt lat="43.712710000" lon="7.326490000">
        <ele>251.000</ele>
      </trkpt>
      <trkpt lat="43.712630000" lon="7.326190000">
        <ele>248.000</ele>
      </trkpt>
      <trkpt lat="43.712600000" lon="7.326070000">
        <ele>246.000</ele>
      </trkpt>
      <trkpt lat="43.712560000" lon="7.325920000">
        <ele>244.000</ele>
      </trkpt>
      <trkpt lat="43.712430000" lon="7.325520000">
        <ele>242.000</ele>
      </trkpt>
      <trkpt lat="43.712320000" lon="7.325160000">
        <ele>240.000</ele>
      </trkpt>
      <trkpt lat="43.712270000" lon="7.324970000">
        <ele>238.000</ele>
      </trkpt>
      <trkpt lat="43.712240000" lon="7.324780000">
        <ele>237.000</ele>
      </trkpt>
      <trkpt lat="43.712220000" lon="7.324510000">
        <ele>235.000</ele>
      </trkpt>
      <trkpt lat="43.712220000" lon="7.324290000">
        <ele>234.000</ele>
      </trkpt>
      <trkpt lat="43.712240000" lon="7.324100000">
        <ele>233.000</ele>
      </trkpt>
      <trkpt lat="43.712270000" lon="7.323880000">
        <ele>232.000</ele>
      </trkpt>
      <trkpt lat="43.712370000" lon="7.323450000">
        <ele>230.000</ele>
      </trkpt>
      <trkpt lat="43.712560000" lon="7.322500000">
        <ele>228.000</ele>
      </trkpt>
      <trkpt lat="43.712680000" lon="7.322050000">
        <ele>226.000</ele>
      </trkpt>
      <trkpt lat="43.712780000" lon="7.321830000">
        <ele>224.000</ele>
      </trkpt>
      <trkpt lat="43.712890000" lon="7.321640000">
        <ele>222.000</ele>
      </trkpt>
      <trkpt lat="43.713190000" lon="7.321220000">
        <ele>219.000</ele>
      </trkpt>
      <trkpt lat="43.713260000" lon="7.321110000">
        <ele>217.000</ele>
      </trkpt>
      <trkpt lat="43.713280000" lon="7.321020000">
        <ele>216.000</ele>
      </trkpt>
      <trkpt lat="43.713300000" lon="7.320860000">
        <ele>215.000</ele>
      </trkpt>
      <trkpt lat="43.713320000" lon="7.320730000">
        <ele>213.000</ele>
      </trkpt>
      <trkpt lat="43.713320000" lon="7.320560000">
        <ele>212.000</ele>
      </trkpt>
      <trkpt lat="43.713290000" lon="7.320420000">
        <ele>211.000</ele>
      </trkpt>
      <trkpt lat="43.713230000" lon="7.320280000">
        <ele>210.000</ele>
      </trkpt>
      <trkpt lat="43.713140000" lon="7.320180000">
        <ele>210.000</ele>
      </trkpt>
      <trkpt lat="43.713070000" lon="7.320110000">
        <ele>209.000</ele>
      </trkpt>
      <trkpt lat="43.712960000" lon="7.320060000">
        <ele>209.000</ele>
      </trkpt>
      <trkpt lat="43.712850000" lon="7.320040000">
        <ele>208.000</ele>
      </trkpt>
      <trkpt lat="43.712600000" lon="7.320050000">
        <ele>208.000</ele>
      </trkpt>
      <trkpt lat="43.712590000" lon="7.320050000">
        <ele>207.000</ele>
      </trkpt>
      <trkpt lat="43.712350000" lon="7.320070000">
        <ele>207.000</ele>
      </trkpt>
      <trkpt lat="43.712320000" lon="7.320070000">
        <ele>207.000</ele>
      </trkpt>
      <trkpt lat="43.712190000" lon="7.320080000">
        <ele>206.000</ele>
      </trkpt>
      <trkpt lat="43.712110000" lon="7.320070000">
        <ele>206.000</ele>
      </trkpt>
      <trkpt lat="43.712040000" lon="7.320030000">
        <ele>206.000</ele>
      </trkpt>
      <trkpt lat="43.711940000" lon="7.319980000">
        <ele>205.000</ele>
      </trkpt>
      <trkpt lat="43.711840000" lon="7.319930000">
        <ele>205.000</ele>
      </trkpt>
      <trkpt lat="43.711740000" lon="7.319910000">
        <ele>205.000</ele>
      </trkpt>
      <trkpt lat="43.711650000" lon="7.319900000">
        <ele>205.000</ele>
      </trkpt>
      <trkpt lat="43.711450000" lon="7.319890000">
        <ele>204.000</ele>
      </trkpt>
      <trkpt lat="43.711350000" lon="7.319880000">
        <ele>204.000</ele>
      </trkpt>
      <trkpt lat="43.711210000" lon="7.319830000">
        <ele>203.000</ele>
      </trkpt>
      <trkpt lat="43.710980000" lon="7.319740000">
        <ele>202.000</ele>
      </trkpt>
      <trkpt lat="43.710770000" lon="7.319640000">
        <ele>200.000</ele>
      </trkpt>
      <trkpt lat="43.710640000" lon="7.319570000">
        <ele>198.000</ele>
      </trkpt>
      <trkpt lat="43.710500000" lon="7.319460000">
        <ele>197.000</ele>
      </trkpt>
      <trkpt lat="43.710310000" lon="7.319280000">
        <ele>195.000</ele>
      </trkpt>
      <trkpt lat="43.710090000" lon="7.319060000">
        <ele>193.000</ele>
      </trkpt>
      <trkpt lat="43.710030000" lon="7.318980000">
        <ele>192.000</ele>
      </trkpt>
      <trkpt lat="43.709980000" lon="7.318900000">
        <ele>190.000</ele>
      </trkpt>
      <trkpt lat="43.709940000" lon="7.318800000">
        <ele>189.000</ele>
      </trkpt>
      <trkpt lat="43.709910000" lon="7.318720000">
        <ele>188.000</ele>
      </trkpt>
      <trkpt lat="43.709900000" lon="7.318630000">
        <ele>188.000</ele>
      </trkpt>
      <trkpt lat="43.709890000" lon="7.318520000">
        <ele>187.000</ele>
      </trkpt>
      <trkpt lat="43.709900000" lon="7.318410000">
        <ele>186.000</ele>
      </trkpt>
      <trkpt lat="43.709910000" lon="7.318240000">
        <ele>186.000</ele>
      </trkpt>
      <trkpt lat="43.709920000" lon="7.318080000">
        <ele>185.000</ele>
      </trkpt>
      <trkpt lat="43.709920000" lon="7.317830000">
        <ele>185.000</ele>
      </trkpt>
      <trkpt lat="43.709910000" lon="7.317560000">
        <ele>184.000</ele>
      </trkpt>
      <trkpt lat="43.709910000" lon="7.317240000">
        <ele>183.000</ele>
      </trkpt>
      <trkpt lat="43.709900000" lon="7.317080000">
        <ele>182.000</ele>
      </trkpt>
      <trkpt lat="43.709860000" lon="7.315970000">
        <ele>180.000</ele>
      </trkpt>
      <trkpt lat="43.709860000" lon="7.315810000">
        <ele>179.000</ele>
      </trkpt>
      <trkpt lat="43.709870000" lon="7.315690000">
        <ele>179.000</ele>
      </trkpt>
      <trkpt lat="43.709890000" lon="7.315580000">
        <ele>179.000</ele>
      </trkpt>
      <trkpt lat="43.709920000" lon="7.315480000">
        <ele>180.000</ele>
      </trkpt>
      <trkpt lat="43.710050000" lon="7.315230000">
        <ele>181.000</ele>
      </trkpt>
      <trkpt lat="43.710160000" lon="7.314980000">
        <ele>182.000</ele>
      </trkpt>
      <trkpt lat="43.710200000" lon="7.314820000">
        <ele>184.000</ele>
      </trkpt>
      <trkpt lat="43.710320000" lon="7.314280000">
        <ele>186.000</ele>
      </trkpt>
      <trkpt lat="43.710340000" lon="7.314150000">
        <ele>188.000</ele>
      </trkpt>
      <trkpt lat="43.710350000" lon="7.314010000">
        <ele>190.000</ele>
      </trkpt>
      <trkpt lat="43.710340000" lon="7.313880000">
        <ele>191.000</ele>
      </trkpt>
      <trkpt lat="43.710330000" lon="7.313760000">
        <ele>192.000</ele>
      </trkpt>
      <trkpt lat="43.710270000" lon="7.313460000">
        <ele>194.000</ele>
      </trkpt>
      <trkpt lat="43.710200000" lon="7.313140000">
        <ele>194.000</ele>
      </trkpt>
      <trkpt lat="43.710080000" lon="7.312730000">
        <ele>194.000</ele>
      </trkpt>
      <trkpt lat="43.710050000" lon="7.312610000">
        <ele>193.000</ele>
      </trkpt>
      <trkpt lat="43.710020000" lon="7.312480000">
        <ele>192.000</ele>
      </trkpt>
      <trkpt lat="43.710020000" lon="7.312360000">
        <ele>191.000</ele>
      </trkpt>
      <trkpt lat="43.710020000" lon="7.312230000">
        <ele>190.000</ele>
      </trkpt>
      <trkpt lat="43.710050000" lon="7.311930000">
        <ele>189.000</ele>
      </trkpt>
      <trkpt lat="43.710080000" lon="7.311670000">
        <ele>187.000</ele>
      </trkpt>
      <trkpt lat="43.710070000" lon="7.311600000">
        <ele>186.000</ele>
      </trkpt>
      <trkpt lat="43.710060000" lon="7.311530000">
        <ele>185.000</ele>
      </trkpt>
      <trkpt lat="43.710050000" lon="7.311460000">
        <ele>184.000</ele>
      </trkpt>
      <trkpt lat="43.710030000" lon="7.311400000">
        <ele>184.000</ele>
      </trkpt>
      <trkpt lat="43.709980000" lon="7.311300000">
        <ele>183.000</ele>
      </trkpt>
      <trkpt lat="43.709930000" lon="7.311220000">
        <ele>182.000</ele>
      </trkpt>
      <trkpt lat="43.709870000" lon="7.311160000">
        <ele>181.000</ele>
      </trkpt>
      <trkpt lat="43.709840000" lon="7.311140000">
        <ele>181.000</ele>
      </trkpt>
      <trkpt lat="43.709810000" lon="7.311110000">
        <ele>180.000</ele>
      </trkpt>
      <trkpt lat="43.709680000" lon="7.311030000">
        <ele>180.000</ele>
      </trkpt>
      <trkpt lat="43.709590000" lon="7.310960000">
        <ele>180.000</ele>
      </trkpt>
      <trkpt lat="43.709530000" lon="7.310870000">
        <ele>180.000</ele>
      </trkpt>
      <trkpt lat="43.709490000" lon="7.310780000">
        <ele>180.000</ele>
      </trkpt>
      <trkpt lat="43.709470000" lon="7.310700000">
        <ele>179.000</ele>
      </trkpt>
      <trkpt lat="43.709450000" lon="7.310610000">
        <ele>179.000</ele>
      </trkpt>
      <trkpt lat="43.709440000" lon="7.310520000">
        <ele>179.000</ele>
      </trkpt>
      <trkpt lat="43.709450000" lon="7.310420000">
        <ele>179.000</ele>
      </trkpt>
      <trkpt lat="43.709460000" lon="7.310340000">
        <ele>179.000</ele>
      </trkpt>
      <trkpt lat="43.709480000" lon="7.310270000">
        <ele>179.000</ele>
      </trkpt>
      <trkpt lat="43.709510000" lon="7.310210000">
        <ele>179.000</ele>
      </trkpt>
      <trkpt lat="43.709750000" lon="7.309760000">
        <ele>179.000</ele>
      </trkpt>
      <trkpt lat="43.709820000" lon="7.309620000">
        <ele>179.000</ele>
      </trkpt>
      <trkpt lat="43.709860000" lon="7.309510000">
        <ele>179.000</ele>
      </trkpt>
      <trkpt lat="43.709870000" lon="7.309410000">
        <ele>179.000</ele>
      </trkpt>
      <trkpt lat="43.709870000" lon="7.309300000">
        <ele>179.000</ele>
      </trkpt>
      <trkpt lat="43.709860000" lon="7.309190000">
        <ele>179.000</ele>
      </trkpt>
      <trkpt lat="43.709830000" lon="7.309120000">
        <ele>179.000</ele>
      </trkpt>
      <trkpt lat="43.709790000" lon="7.309040000">
        <ele>179.000</ele>
      </trkpt>
      <trkpt lat="43.709750000" lon="7.308980000">
        <ele>178.000</ele>
      </trkpt>
      <trkpt lat="43.709680000" lon="7.308920000">
        <ele>178.000</ele>
      </trkpt>
      <trkpt lat="43.709600000" lon="7.308880000">
        <ele>178.000</ele>
      </trkpt>
      <trkpt lat="43.709420000" lon="7.308820000">
        <ele>177.000</ele>
      </trkpt>
      <trkpt lat="43.709280000" lon="7.308780000">
        <ele>176.000</ele>
      </trkpt>
      <trkpt lat="43.709140000" lon="7.308690000">
        <ele>175.000</ele>
      </trkpt>
      <trkpt lat="43.709080000" lon="7.308640000">
        <ele>174.000</ele>
      </trkpt>
      <trkpt lat="43.709000000" lon="7.308560000">
        <ele>173.000</ele>
      </trkpt>
      <trkpt lat="43.708920000" lon="7.308450000">
        <ele>173.000</ele>
      </trkpt>
      <trkpt lat="43.708640000" lon="7.308020000">
        <ele>171.000</ele>
      </trkpt>
      <trkpt lat="43.708530000" lon="7.307870000">
        <ele>170.000</ele>
      </trkpt>
      <trkpt lat="43.708480000" lon="7.307810000">
        <ele>168.000</ele>
      </trkpt>
      <trkpt lat="43.708410000" lon="7.307750000">
        <ele>168.000</ele>
      </trkpt>
      <trkpt lat="43.708280000" lon="7.307670000">
        <ele>167.000</ele>
      </trkpt>
      <trkpt lat="43.708170000" lon="7.307610000">
        <ele>166.000</ele>
      </trkpt>
      <trkpt lat="43.708040000" lon="7.307550000">
        <ele>165.000</ele>
      </trkpt>
      <trkpt lat="43.707600000" lon="7.307360000">
        <ele>164.000</ele>
      </trkpt>
      <trkpt lat="43.707460000" lon="7.307300000">
        <ele>163.000</ele>
      </trkpt>
      <trkpt lat="43.707160000" lon="7.307150000">
        <ele>162.000</ele>
      </trkpt>
      <trkpt lat="43.707110000" lon="7.307130000">
        <ele>161.000</ele>
      </trkpt>
      <trkpt lat="43.706830000" lon="7.307000000">
        <ele>160.000</ele>
      </trkpt>
      <trkpt lat="43.706750000" lon="7.306970000">
        <ele>159.000</ele>
      </trkpt>
      <trkpt lat="43.706630000" lon="7.306900000">
        <ele>159.000</ele>
      </trkpt>
      <trkpt lat="43.706460000" lon="7.306750000">
        <ele>158.000</ele>
      </trkpt>
      <trkpt lat="43.706330000" lon="7.306580000">
        <ele>157.000</ele>
      </trkpt>
      <trkpt lat="43.706240000" lon="7.306410000">
        <ele>157.000</ele>
      </trkpt>
      <trkpt lat="43.706170000" lon="7.306210000">
        <ele>157.000</ele>
      </trkpt>
      <trkpt lat="43.706120000" lon="7.306000000">
        <ele>157.000</ele>
      </trkpt>
      <trkpt lat="43.706100000" lon="7.305790000">
        <ele>157.000</ele>
      </trkpt>
      <trkpt lat="43.706120000" lon="7.305540000">
        <ele>157.000</ele>
      </trkpt>
      <trkpt lat="43.706160000" lon="7.305340000">
        <ele>157.000</ele>
      </trkpt>
      <trkpt lat="43.706220000" lon="7.305130000">
        <ele>157.000</ele>
      </trkpt>
      <trkpt lat="43.706280000" lon="7.304990000">
        <ele>157.000</ele>
      </trkpt>
      <trkpt lat="43.706390000" lon="7.304820000">
        <ele>157.000</ele>
      </trkpt>
      <trkpt lat="43.706540000" lon="7.304650000">
        <ele>157.000</ele>
      </trkpt>
      <trkpt lat="43.706920000" lon="7.304300000">
        <ele>157.000</ele>
      </trkpt>
      <trkpt lat="43.706990000" lon="7.304240000">
        <ele>157.000</ele>
      </trkpt>
      <trkpt lat="43.707120000" lon="7.304120000">
        <ele>157.000</ele>
      </trkpt>
      <trkpt lat="43.707220000" lon="7.304030000">
        <ele>157.000</ele>
      </trkpt>
      <trkpt lat="43.707420000" lon="7.303820000">
        <ele>156.000</ele>
      </trkpt>
      <trkpt lat="43.707550000" lon="7.303660000">
        <ele>156.000</ele>
      </trkpt>
      <trkpt lat="43.707600000" lon="7.303540000">
        <ele>156.000</ele>
      </trkpt>
      <trkpt lat="43.707630000" lon="7.303420000">
        <ele>155.000</ele>
      </trkpt>
      <trkpt lat="43.707640000" lon="7.303300000">
        <ele>155.000</ele>
      </trkpt>
      <trkpt lat="43.707640000" lon="7.303190000">
        <ele>155.000</ele>
      </trkpt>
      <trkpt lat="43.707600000" lon="7.303050000">
        <ele>154.000</ele>
      </trkpt>
      <trkpt lat="43.707560000" lon="7.302950000">
        <ele>154.000</ele>
      </trkpt>
      <trkpt lat="43.707510000" lon="7.302860000">
        <ele>154.000</ele>
      </trkpt>
      <trkpt lat="43.707340000" lon="7.302630000">
        <ele>153.000</ele>
      </trkpt>
      <trkpt lat="43.707140000" lon="7.302390000">
        <ele>153.000</ele>
      </trkpt>
      <trkpt lat="43.706930000" lon="7.302140000">
        <ele>152.000</ele>
      </trkpt>
      <trkpt lat="43.706780000" lon="7.301970000">
        <ele>152.000</ele>
      </trkpt>
      <trkpt lat="43.706580000" lon="7.301700000">
        <ele>152.000</ele>
      </trkpt>
      <trkpt lat="43.706550000" lon="7.301670000">
        <ele>151.000</ele>
      </trkpt>
      <trkpt lat="43.706490000" lon="7.301590000">
        <ele>151.000</ele>
      </trkpt>
      <trkpt lat="43.706420000" lon="7.301510000">
        <ele>151.000</ele>
      </trkpt>
      <trkpt lat="43.706410000" lon="7.301490000">
        <ele>151.000</ele>
      </trkpt>
      <trkpt lat="43.706400000" lon="7.301470000">
        <ele>151.000</ele>
      </trkpt>
      <trkpt lat="43.706330000" lon="7.301390000">
        <ele>151.000</ele>
      </trkpt>
      <trkpt lat="43.706290000" lon="7.301340000">
        <ele>151.000</ele>
      </trkpt>
      <trkpt lat="43.706210000" lon="7.301240000">
        <ele>151.000</ele>
      </trkpt>
      <trkpt lat="43.706070000" lon="7.301070000">
        <ele>151.000</ele>
      </trkpt>
      <trkpt lat="43.706040000" lon="7.301050000">
        <ele>151.000</ele>
      </trkpt>
      <trkpt lat="43.706000000" lon="7.301020000">
        <ele>151.000</ele>
      </trkpt>
      <trkpt lat="43.705940000" lon="7.300990000">
        <ele>151.000</ele>
      </trkpt>
      <trkpt lat="43.705890000" lon="7.300960000">
        <ele>151.000</ele>
      </trkpt>
      <trkpt lat="43.705850000" lon="7.300930000">
        <ele>151.000</ele>
      </trkpt>
      <trkpt lat="43.705820000" lon="7.300890000">
        <ele>151.000</ele>
      </trkpt>
      <trkpt lat="43.705490000" lon="7.300600000">
        <ele>151.000</ele>
      </trkpt>
      <trkpt lat="43.705390000" lon="7.300510000">
        <ele>150.000</ele>
      </trkpt>
      <trkpt lat="43.705280000" lon="7.300400000">
        <ele>150.000</ele>
      </trkpt>
      <trkpt lat="43.705170000" lon="7.300300000">
        <ele>150.000</ele>
      </trkpt>
      <trkpt lat="43.705080000" lon="7.300220000">
        <ele>149.000</ele>
      </trkpt>
      <trkpt lat="43.705040000" lon="7.300180000">
        <ele>149.000</ele>
      </trkpt>
      <trkpt lat="43.704990000" lon="7.300140000">
        <ele>149.000</ele>
      </trkpt>
      <trkpt lat="43.704920000" lon="7.300080000">
        <ele>148.000</ele>
      </trkpt>
      <trkpt lat="43.704860000" lon="7.300020000">
        <ele>148.000</ele>
      </trkpt>
      <trkpt lat="43.704800000" lon="7.299960000">
        <ele>148.000</ele>
      </trkpt>
      <trkpt lat="43.704720000" lon="7.299890000">
        <ele>147.000</ele>
      </trkpt>
      <trkpt lat="43.704500000" lon="7.299690000">
        <ele>147.000</ele>
      </trkpt>
      <trkpt lat="43.704370000" lon="7.299570000">
        <ele>146.000</ele>
      </trkpt>
      <trkpt lat="43.704240000" lon="7.299450000">
        <ele>145.000</ele>
      </trkpt>
      <trkpt lat="43.704090000" lon="7.299310000">
        <ele>145.000</ele>
      </trkpt>
      <trkpt lat="43.703000000" lon="7.298370000">
        <ele>142.000</ele>
      </trkpt>
      <trkpt lat="43.702610000" lon="7.298020000">
        <ele>140.000</ele>
      </trkpt>
      <trkpt lat="43.702500000" lon="7.297920000">
        <ele>138.000</ele>
      </trkpt>
      <trkpt lat="43.702440000" lon="7.297870000">
        <ele>136.000</ele>
      </trkpt>
      <trkpt lat="43.702310000" lon="7.297750000">
        <ele>135.000</ele>
      </trkpt>
      <trkpt lat="43.702240000" lon="7.297690000">
        <ele>134.000</ele>
      </trkpt>
      <trkpt lat="43.702120000" lon="7.297590000">
        <ele>133.000</ele>
      </trkpt>
      <trkpt lat="43.701640000" lon="7.297210000">
        <ele>131.000</ele>
      </trkpt>
      <trkpt lat="43.701160000" lon="7.296830000">
        <ele>128.000</ele>
      </trkpt>
      <trkpt lat="43.700800000" lon="7.296550000">
        <ele>125.000</ele>
      </trkpt>
      <trkpt lat="43.700540000" lon="7.296350000">
        <ele>122.000</ele>
      </trkpt>
      <trkpt lat="43.700430000" lon="7.296280000">
        <ele>120.000</ele>
      </trkpt>
      <trkpt lat="43.700260000" lon="7.296180000">
        <ele>118.000</ele>
      </trkpt>
      <trkpt lat="43.700130000" lon="7.296120000">
        <ele>116.000</ele>
      </trkpt>
      <trkpt lat="43.700020000" lon="7.296070000">
        <ele>114.000</ele>
      </trkpt>
      <trkpt lat="43.699900000" lon="7.296030000">
        <ele>113.000</ele>
      </trkpt>
      <trkpt lat="43.699810000" lon="7.295990000">
        <ele>111.000</ele>
      </trkpt>
      <trkpt lat="43.699730000" lon="7.295960000">
        <ele>110.000</ele>
      </trkpt>
      <trkpt lat="43.699290000" lon="7.295780000">
        <ele>108.000</ele>
      </trkpt>
      <trkpt lat="43.699030000" lon="7.295680000">
        <ele>106.000</ele>
      </trkpt>
      <trkpt lat="43.698930000" lon="7.295640000">
        <ele>105.000</ele>
      </trkpt>
      <trkpt lat="43.698680000" lon="7.295540000">
        <ele>103.000</ele>
      </trkpt>
      <trkpt lat="43.698600000" lon="7.295510000">
        <ele>102.000</ele>
      </trkpt>
      <trkpt lat="43.698550000" lon="7.295490000">
        <ele>102.000</ele>
      </trkpt>
      <trkpt lat="43.698420000" lon="7.295440000">
        <ele>101.000</ele>
      </trkpt>
      <trkpt lat="43.698160000" lon="7.295320000">
        <ele>100.000</ele>
      </trkpt>
      <trkpt lat="43.698050000" lon="7.295270000">
        <ele>99.000</ele>
      </trkpt>
      <trkpt lat="43.698020000" lon="7.295260000">
        <ele>99.000</ele>
      </trkpt>
      <trkpt lat="43.698000000" lon="7.295260000">
        <ele>98.000</ele>
      </trkpt>
      <trkpt lat="43.697900000" lon="7.295220000">
        <ele>98.000</ele>
      </trkpt>
      <trkpt lat="43.697660000" lon="7.295120000">
        <ele>97.000</ele>
      </trkpt>
      <trkpt lat="43.697540000" lon="7.295070000">
        <ele>97.000</ele>
      </trkpt>
      <trkpt lat="43.697460000" lon="7.295030000">
        <ele>96.000</ele>
      </trkpt>
      <trkpt lat="43.697370000" lon="7.294950000">
        <ele>95.000</ele>
      </trkpt>
      <trkpt lat="43.697280000" lon="7.294790000">
        <ele>94.000</ele>
      </trkpt>
      <trkpt lat="43.697250000" lon="7.294680000">
        <ele>94.000</ele>
      </trkpt>
      <trkpt lat="43.697220000" lon="7.294570000">
        <ele>93.000</ele>
      </trkpt>
      <trkpt lat="43.697220000" lon="7.294530000">
        <ele>92.000</ele>
      </trkpt>
      <trkpt lat="43.697220000" lon="7.294430000">
        <ele>92.000</ele>
      </trkpt>
      <trkpt lat="43.697240000" lon="7.294250000">
        <ele>91.000</ele>
      </trkpt>
      <trkpt lat="43.697300000" lon="7.294110000">
        <ele>90.000</ele>
      </trkpt>
      <trkpt lat="43.697370000" lon="7.294000000">
        <ele>89.000</ele>
      </trkpt>
      <trkpt lat="43.697460000" lon="7.293920000">
        <ele>88.000</ele>
      </trkpt>
      <trkpt lat="43.697550000" lon="7.293870000">
        <ele>87.000</ele>
      </trkpt>
      <trkpt lat="43.697700000" lon="7.293840000">
        <ele>86.000</ele>
      </trkpt>
      <trkpt lat="43.698050000" lon="7.293840000">
        <ele>85.000</ele>
      </trkpt>
      <trkpt lat="43.698390000" lon="7.293840000">
        <ele>83.000</ele>
      </trkpt>
      <trkpt lat="43.698740000" lon="7.293830000">
        <ele>81.000</ele>
      </trkpt>
      <trkpt lat="43.698930000" lon="7.293830000">
        <ele>79.000</ele>
      </trkpt>
      <trkpt lat="43.698990000" lon="7.293830000">
        <ele>78.000</ele>
      </trkpt>
      <trkpt lat="43.699130000" lon="7.293830000">
        <ele>77.000</ele>
      </trkpt>
      <trkpt lat="43.699360000" lon="7.293830000">
        <ele>75.000</ele>
      </trkpt>
      <trkpt lat="43.699530000" lon="7.293850000">
        <ele>74.000</ele>
      </trkpt>
      <trkpt lat="43.699640000" lon="7.293860000">
        <ele>73.000</ele>
      </trkpt>
      <trkpt lat="43.699750000" lon="7.293890000">
        <ele>73.000</ele>
      </trkpt>
      <trkpt lat="43.699920000" lon="7.293950000">
        <ele>72.000</ele>
      </trkpt>
      <trkpt lat="43.700190000" lon="7.294040000">
        <ele>71.000</ele>
      </trkpt>
      <trkpt lat="43.700470000" lon="7.294150000">
        <ele>69.000</ele>
      </trkpt>
      <trkpt lat="43.700610000" lon="7.294200000">
        <ele>68.000</ele>
      </trkpt>
      <trkpt lat="43.700640000" lon="7.294210000">
        <ele>67.000</ele>
      </trkpt>
      <trkpt lat="43.700690000" lon="7.294230000">
        <ele>67.000</ele>
      </trkpt>
      <trkpt lat="43.700730000" lon="7.294240000">
        <ele>66.000</ele>
      </trkpt>
      <trkpt lat="43.700780000" lon="7.294260000">
        <ele>66.000</ele>
      </trkpt>
      <trkpt lat="43.700830000" lon="7.294280000">
        <ele>66.000</ele>
      </trkpt>
      <trkpt lat="43.700870000" lon="7.294300000">
        <ele>65.000</ele>
      </trkpt>
      <trkpt lat="43.701210000" lon="7.294420000">
        <ele>64.000</ele>
      </trkpt>
      <trkpt lat="43.701610000" lon="7.294580000">
        <ele>63.000</ele>
      </trkpt>
      <trkpt lat="43.701760000" lon="7.294640000">
        <ele>62.000</ele>
      </trkpt>
      <trkpt lat="43.701840000" lon="7.294670000">
        <ele>61.000</ele>
      </trkpt>
      <trkpt lat="43.701940000" lon="7.294690000">
        <ele>60.000</ele>
      </trkpt>
      <trkpt lat="43.701970000" lon="7.294700000">
        <ele>59.000</ele>
      </trkpt>
      <trkpt lat="43.702010000" lon="7.294700000">
        <ele>59.000</ele>
      </trkpt>
      <trkpt lat="43.702080000" lon="7.294690000">
        <ele>58.000</ele>
      </trkpt>
      <trkpt lat="43.702160000" lon="7.294660000">
        <ele>58.000</ele>
      </trkpt>
      <trkpt lat="43.702220000" lon="7.294620000">
        <ele>57.000</ele>
      </trkpt>
      <trkpt lat="43.702280000" lon="7.294570000">
        <ele>57.000</ele>
      </trkpt>
      <trkpt lat="43.702330000" lon="7.294520000">
        <ele>56.000</ele>
      </trkpt>
      <trkpt lat="43.702360000" lon="7.294460000">
        <ele>56.000</ele>
      </trkpt>
      <trkpt lat="43.702400000" lon="7.294390000">
        <ele>55.000</ele>
      </trkpt>
      <trkpt lat="43.702430000" lon="7.294300000">
        <ele>55.000</ele>
      </trkpt>
      <trkpt lat="43.702460000" lon="7.294210000">
        <ele>54.000</ele>
      </trkpt>
      <trkpt lat="43.702460000" lon="7.294130000">
        <ele>53.000</ele>
      </trkpt>
      <trkpt lat="43.702460000" lon="7.294020000">
        <ele>53.000</ele>
      </trkpt>
      <trkpt lat="43.702440000" lon="7.293870000">
        <ele>52.000</ele>
      </trkpt>
      <trkpt lat="43.702390000" lon="7.293750000">
        <ele>51.000</ele>
      </trkpt>
      <trkpt lat="43.702320000" lon="7.293630000">
        <ele>51.000</ele>
      </trkpt>
      <trkpt lat="43.702160000" lon="7.293420000">
        <ele>49.000</ele>
      </trkpt>
      <trkpt lat="43.702120000" lon="7.293370000">
        <ele>49.000</ele>
      </trkpt>
      <trkpt lat="43.702000000" lon="7.293210000">
        <ele>47.000</ele>
      </trkpt>
      <trkpt lat="43.701880000" lon="7.293060000">
        <ele>46.000</ele>
      </trkpt>
      <trkpt lat="43.701490000" lon="7.292550000">
        <ele>44.000</ele>
      </trkpt>
      <trkpt lat="43.701370000" lon="7.292380000">
        <ele>42.000</ele>
      </trkpt>
      <trkpt lat="43.701310000" lon="7.292270000">
        <ele>41.000</ele>
      </trkpt>
      <trkpt lat="43.701290000" lon="7.292210000">
        <ele>39.000</ele>
      </trkpt>
      <trkpt lat="43.701290000" lon="7.292210000">
        <ele>39.000</ele>
      </trkpt>
      <trkpt lat="43.701260000" lon="7.292130000">
        <ele>38.000</ele>
      </trkpt>
      <trkpt lat="43.701220000" lon="7.291970000">
        <ele>37.000</ele>
      </trkpt>
      <trkpt lat="43.701200000" lon="7.291820000">
        <ele>36.000</ele>
      </trkpt>
      <trkpt lat="43.701190000" lon="7.291180000">
        <ele>35.000</ele>
      </trkpt>
      <trkpt lat="43.701190000" lon="7.291010000">
        <ele>33.000</ele>
      </trkpt>
      <trkpt lat="43.701170000" lon="7.290900000">
        <ele>32.000</ele>
      </trkpt>
      <trkpt lat="43.701120000" lon="7.290610000">
        <ele>31.000</ele>
      </trkpt>
      <trkpt lat="43.701080000" lon="7.290400000">
        <ele>29.000</ele>
      </trkpt>
      <trkpt lat="43.701030000" lon="7.290170000">
        <ele>28.000</ele>
      </trkpt>
      <trkpt lat="43.700990000" lon="7.290020000">
        <ele>27.000</ele>
      </trkpt>
      <trkpt lat="43.700960000" lon="7.289930000">
        <ele>26.000</ele>
      </trkpt>
      <trkpt lat="43.700930000" lon="7.289880000">
        <ele>26.000</ele>
      </trkpt>
      <trkpt lat="43.700860000" lon="7.289750000">
        <ele>25.000</ele>
      </trkpt>
      <trkpt lat="43.700850000" lon="7.289730000">
        <ele>25.000</ele>
      </trkpt>
      <trkpt lat="43.700730000" lon="7.289560000">
        <ele>24.000</ele>
      </trkpt>
      <trkpt lat="43.700510000" lon="7.289260000">
        <ele>23.000</ele>
      </trkpt>
      <trkpt lat="43.700380000" lon="7.289060000">
        <ele>22.000</ele>
      </trkpt>
      <trkpt lat="43.700360000" lon="7.289000000">
        <ele>21.000</ele>
      </trkpt>
      <trkpt lat="43.700330000" lon="7.288950000">
        <ele>21.000</ele>
      </trkpt>
      <trkpt lat="43.700270000" lon="7.288810000">
        <ele>20.000</ele>
      </trkpt>
      <trkpt lat="43.700230000" lon="7.288640000">
        <ele>20.000</ele>
      </trkpt>
      <trkpt lat="43.700200000" lon="7.288460000">
        <ele>19.000</ele>
      </trkpt>
      <trkpt lat="43.700200000" lon="7.288300000">
        <ele>19.000</ele>
      </trkpt>
      <trkpt lat="43.700210000" lon="7.288150000">
        <ele>18.000</ele>
      </trkpt>
      <trkpt lat="43.700220000" lon="7.288040000">
        <ele>18.000</ele>
      </trkpt>
      <trkpt lat="43.700240000" lon="7.287970000">
        <ele>17.000</ele>
      </trkpt>
      <trkpt lat="43.700240000" lon="7.287970000">
        <ele>17.000</ele>
      </trkpt>
      <trkpt lat="43.700240000" lon="7.287960000">
        <ele>17.000</ele>
      </trkpt>
      <trkpt lat="43.700250000" lon="7.287920000">
        <ele>17.000</ele>
      </trkpt>
      <trkpt lat="43.700260000" lon="7.287870000">
        <ele>16.000</ele>
      </trkpt>
      <trkpt lat="43.700270000" lon="7.287850000">
        <ele>16.000</ele>
      </trkpt>
      <trkpt lat="43.700300000" lon="7.287770000">
        <ele>16.000</ele>
      </trkpt>
      <trkpt lat="43.700400000" lon="7.287600000">
        <ele>16.000</ele>
      </trkpt>
      <trkpt lat="43.700430000" lon="7.287630000">
        <ele>16.000</ele>
      </trkpt>
      <trkpt lat="43.700460000" lon="7.287650000">
        <ele>16.000</ele>
      </trkpt>
      <trkpt lat="43.700500000" lon="7.287650000">
        <ele>16.000</ele>
      </trkpt>
      <trkpt lat="43.700520000" lon="7.287640000">
        <ele>16.000</ele>
      </trkpt>
      <trkpt lat="43.700540000" lon="7.287630000">
        <ele>16.000</ele>
      </trkpt>
      <trkpt lat="43.700560000" lon="7.287600000">
        <ele>16.000</ele>
      </trkpt>
      <trkpt lat="43.700570000" lon="7.287560000">
        <ele>16.000</ele>
      </trkpt>
      <trkpt lat="43.700580000" lon="7.287520000">
        <ele>16.000</ele>
      </trkpt>
      <trkpt lat="43.700570000" lon="7.287480000">
        <ele>16.000</ele>
      </trkpt>
      <trkpt lat="43.700560000" lon="7.287440000">
        <ele>16.000</ele>
      </trkpt>
      <trkpt lat="43.700540000" lon="7.287420000">
        <ele>16.000</ele>
      </trkpt>
      <trkpt lat="43.700530000" lon="7.287410000">
        <ele>16.000</ele>
      </trkpt>
      <trkpt lat="43.700500000" lon="7.287390000">
        <ele>16.000</ele>
      </trkpt>
      <trkpt lat="43.700480000" lon="7.287390000">
        <ele>16.000</ele>
      </trkpt>
      <trkpt lat="43.700450000" lon="7.287400000">
        <ele>16.000</ele>
      </trkpt>
      <trkpt lat="43.700420000" lon="7.287300000">
        <ele>16.000</ele>
      </trkpt>
      <trkpt lat="43.700410000" lon="7.287210000">
        <ele>16.000</ele>
      </trkpt>
      <trkpt lat="43.700410000" lon="7.287160000">
        <ele>16.000</ele>
      </trkpt>
      <trkpt lat="43.700410000" lon="7.287100000">
        <ele>17.000</ele>
      </trkpt>
      <trkpt lat="43.700430000" lon="7.286810000">
        <ele>17.000</ele>
      </trkpt>
      <trkpt lat="43.700430000" lon="7.286770000">
        <ele>17.000</ele>
      </trkpt>
      <trkpt lat="43.700440000" lon="7.286690000">
        <ele>17.000</ele>
      </trkpt>
      <trkpt lat="43.700370000" lon="7.286670000">
        <ele>17.000</ele>
      </trkpt>
      <trkpt lat="43.700080000" lon="7.286630000">
        <ele>17.000</ele>
      </trkpt>
      <trkpt lat="43.699860000" lon="7.286590000">
        <ele>18.000</ele>
      </trkpt>
      <trkpt lat="43.699820000" lon="7.286590000">
        <ele>18.000</ele>
      </trkpt>
      <trkpt lat="43.699760000" lon="7.286580000">
        <ele>18.000</ele>
      </trkpt>
      <trkpt lat="43.699700000" lon="7.286570000">
        <ele>18.000</ele>
      </trkpt>
      <trkpt lat="43.699190000" lon="7.286480000">
        <ele>17.000</ele>
      </trkpt>
      <trkpt lat="43.699160000" lon="7.286470000">
        <ele>16.000</ele>
      </trkpt>
      <trkpt lat="43.699090000" lon="7.286460000">
        <ele>16.000</ele>
      </trkpt>
      <trkpt lat="43.699030000" lon="7.286450000">
        <ele>15.000</ele>
      </trkpt>
      <trkpt lat="43.698800000" lon="7.286410000">
        <ele>14.000</ele>
      </trkpt>
      <trkpt lat="43.698710000" lon="7.286390000">
        <ele>14.000</ele>
      </trkpt>
      <trkpt lat="43.698660000" lon="7.286390000">
        <ele>13.000</ele>
      </trkpt>
      <trkpt lat="43.698560000" lon="7.286370000">
        <ele>13.000</ele>
      </trkpt>
      <trkpt lat="43.698530000" lon="7.286310000">
        <ele>12.000</ele>
      </trkpt>
      <trkpt lat="43.698520000" lon="7.286240000">
        <ele>12.000</ele>
      </trkpt>
      <trkpt lat="43.698520000" lon="7.286100000">
        <ele>11.000</ele>
      </trkpt>
      <trkpt lat="43.698540000" lon="7.286060000">
        <ele>11.000</ele>
      </trkpt>
      <trkpt lat="43.698550000" lon="7.286010000">
        <ele>11.000</ele>
      </trkpt>
      <trkpt lat="43.698550000" lon="7.285980000">
        <ele>10.000</ele>
      </trkpt>
      <trkpt lat="43.698590000" lon="7.285610000">
        <ele>10.000</ele>
      </trkpt>
      <trkpt lat="43.698590000" lon="7.285560000">
        <ele>9.000</ele>
      </trkpt>
      <trkpt lat="43.698590000" lon="7.285520000">
        <ele>9.000</ele>
      </trkpt>
      <trkpt lat="43.698590000" lon="7.285370000">
        <ele>9.000</ele>
      </trkpt>
      <trkpt lat="43.698590000" lon="7.285320000">
        <ele>9.000</ele>
      </trkpt>
      <trkpt lat="43.698600000" lon="7.285140000">
        <ele>9.000</ele>
      </trkpt>
      <trkpt lat="43.698610000" lon="7.285020000">
        <ele>9.000</ele>
      </trkpt>
      <trkpt lat="43.698620000" lon="7.284960000">
        <ele>9.000</ele>
      </trkpt>
      <trkpt lat="43.698640000" lon="7.284900000">
        <ele>9.000</ele>
      </trkpt>
      <trkpt lat="43.698660000" lon="7.284770000">
        <ele>9.000</ele>
      </trkpt>
      <trkpt lat="43.698670000" lon="7.284600000">
        <ele>9.000</ele>
      </trkpt>
      <trkpt lat="43.698710000" lon="7.284240000">
        <ele>9.000</ele>
      </trkpt>
      <trkpt lat="43.698710000" lon="7.284180000">
        <ele>9.000</ele>
      </trkpt>
      <trkpt lat="43.698750000" lon="7.283970000">
        <ele>9.000</ele>
      </trkpt>
      <trkpt lat="43.698710000" lon="7.283970000">
        <ele>9.000</ele>
      </trkpt>
      <trkpt lat="43.698580000" lon="7.283940000">
        <ele>9.000</ele>
      </trkpt>
      <trkpt lat="43.698470000" lon="7.283790000">
        <ele>9.000</ele>
      </trkpt>
      <trkpt lat="43.698320000" lon="7.283760000">
        <ele>9.000</ele>
      </trkpt>
      <trkpt lat="43.697960000" lon="7.283700000">
        <ele>9.000</ele>
      </trkpt>
      <trkpt lat="43.697960000" lon="7.283690000">
        <ele>9.000</ele>
      </trkpt>
      <trkpt lat="43.697960000" lon="7.283690000">
        <ele>9.000</ele>
      </trkpt>
      <trkpt lat="43.697570000" lon="7.283630000">
        <ele>9.000</ele>
      </trkpt>
      <trkpt lat="43.697530000" lon="7.283620000">
        <ele>9.000</ele>
      </trkpt>
      <trkpt lat="43.697470000" lon="7.283610000">
        <ele>9.000</ele>
      </trkpt>
      <trkpt lat="43.697400000" lon="7.283600000">
        <ele>9.000</ele>
      </trkpt>
      <trkpt lat="43.697030000" lon="7.283540000">
        <ele>9.000</ele>
      </trkpt>
      <trkpt lat="43.696790000" lon="7.283510000">
        <ele>9.000</ele>
      </trkpt>
      <trkpt lat="43.696740000" lon="7.283510000">
        <ele>9.000</ele>
      </trkpt>
      <trkpt lat="43.696640000" lon="7.283500000">
        <ele>9.000</ele>
      </trkpt>
      <trkpt lat="43.696230000" lon="7.283440000">
        <ele>10.000</ele>
      </trkpt>
      <trkpt lat="43.696200000" lon="7.283440000">
        <ele>10.000</ele>
      </trkpt>
      <trkpt lat="43.695730000" lon="7.283360000">
        <ele>10.000</ele>
      </trkpt>
      <trkpt lat="43.695590000" lon="7.283330000">
        <ele>10.000</ele>
      </trkpt>
      <trkpt lat="43.695530000" lon="7.283320000">
        <ele>10.000</ele>
      </trkpt>
      <trkpt lat="43.695440000" lon="7.283300000">
        <ele>11.000</ele>
      </trkpt>
      <trkpt lat="43.695210000" lon="7.283230000">
        <ele>11.000</ele>
      </trkpt>
      <trkpt lat="43.694930000" lon="7.283130000">
        <ele>11.000</ele>
      </trkpt>
      <trkpt lat="43.694620000" lon="7.283020000">
        <ele>11.000</ele>
      </trkpt>
      <trkpt lat="43.694310000" lon="7.282910000">
        <ele>11.000</ele>
      </trkpt>
      <trkpt lat="43.694240000" lon="7.282880000">
        <ele>12.000</ele>
      </trkpt>
      <trkpt lat="43.694110000" lon="7.282800000">
        <ele>12.000</ele>
      </trkpt>
      <trkpt lat="43.694060000" lon="7.282730000">
        <ele>12.000</ele>
      </trkpt>
      <trkpt lat="43.693980000" lon="7.282640000">
        <ele>12.000</ele>
      </trkpt>
      <trkpt lat="43.693800000" lon="7.282400000">
        <ele>12.000</ele>
      </trkpt>
      <trkpt lat="43.693740000" lon="7.282320000">
        <ele>12.000</ele>
      </trkpt>
      <trkpt lat="43.693530000" lon="7.282020000">
        <ele>13.000</ele>
      </trkpt>
      <trkpt lat="43.693340000" lon="7.281720000">
        <ele>13.000</ele>
      </trkpt>
      <trkpt lat="43.693260000" lon="7.281550000">
        <ele>13.000</ele>
      </trkpt>
      <trkpt lat="43.693190000" lon="7.281370000">
        <ele>13.000</ele>
      </trkpt>
      <trkpt lat="43.693160000" lon="7.281260000">
        <ele>13.000</ele>
      </trkpt>
      <trkpt lat="43.693140000" lon="7.281150000">
        <ele>13.000</ele>
      </trkpt>
      <trkpt lat="43.693130000" lon="7.281030000">
        <ele>13.000</ele>
      </trkpt>
      <trkpt lat="43.693140000" lon="7.280920000">
        <ele>13.000</ele>
      </trkpt>
      <trkpt lat="43.693160000" lon="7.280780000">
        <ele>13.000</ele>
      </trkpt>
      <trkpt lat="43.693200000" lon="7.280640000">
        <ele>13.000</ele>
      </trkpt>
      <trkpt lat="43.693370000" lon="7.280120000">
        <ele>13.000</ele>
      </trkpt>
      <trkpt lat="43.693580000" lon="7.279530000">
        <ele>13.000</ele>
      </trkpt>
      <trkpt lat="43.693640000" lon="7.279280000">
        <ele>13.000</ele>
      </trkpt>
      <trkpt lat="43.693670000" lon="7.279210000">
        <ele>13.000</ele>
      </trkpt>
      <trkpt lat="43.693720000" lon="7.279170000">
        <ele>13.000</ele>
      </trkpt>
      <trkpt lat="43.693770000" lon="7.279150000">
        <ele>12.000</ele>
      </trkpt>
      <trkpt lat="43.693820000" lon="7.279140000">
        <ele>12.000</ele>
      </trkpt>
      <trkpt lat="43.694030000" lon="7.279110000">
        <ele>12.000</ele>
      </trkpt>
      <trkpt lat="43.694140000" lon="7.279070000">
        <ele>12.000</ele>
      </trkpt>
      <trkpt lat="43.694200000" lon="7.279050000">
        <ele>12.000</ele>
      </trkpt>
      <trkpt lat="43.694240000" lon="7.279020000">
        <ele>12.000</ele>
      </trkpt>
      <trkpt lat="43.694300000" lon="7.278960000">
        <ele>12.000</ele>
      </trkpt>
      <trkpt lat="43.694380000" lon="7.278840000">
        <ele>11.000</ele>
      </trkpt>
      <trkpt lat="43.694470000" lon="7.278730000">
        <ele>11.000</ele>
      </trkpt>
      <trkpt lat="43.694550000" lon="7.278610000">
        <ele>11.000</ele>
      </trkpt>
      <trkpt lat="43.694610000" lon="7.278490000">
        <ele>11.000</ele>
      </trkpt>
      <trkpt lat="43.694670000" lon="7.278370000">
        <ele>11.000</ele>
      </trkpt>
      <trkpt lat="43.694720000" lon="7.278250000">
        <ele>10.000</ele>
      </trkpt>
      <trkpt lat="43.694760000" lon="7.278120000">
        <ele>10.000</ele>
      </trkpt>
      <trkpt lat="43.694790000" lon="7.277960000">
        <ele>10.000</ele>
      </trkpt>
      <trkpt lat="43.694810000" lon="7.277800000">
        <ele>9.000</ele>
      </trkpt>
      <trkpt lat="43.694920000" lon="7.276940000">
        <ele>9.000</ele>
      </trkpt>
      <trkpt lat="43.694940000" lon="7.276830000">
        <ele>8.000</ele>
      </trkpt>
      <trkpt lat="43.695000000" lon="7.276370000">
        <ele>7.000</ele>
      </trkpt>
      <trkpt lat="43.695040000" lon="7.275900000">
        <ele>6.000</ele>
      </trkpt>
      <trkpt lat="43.695140000" lon="7.274840000">
        <ele>6.000</ele>
      </trkpt>
      <trkpt lat="43.695160000" lon="7.274310000">
        <ele>7.000</ele>
      </trkpt>
      <trkpt lat="43.695170000" lon="7.274030000">
        <ele>7.000</ele>
      </trkpt>
      <trkpt lat="43.695160000" lon="7.273420000">
        <ele>7.000</ele>
      </trkpt>
      <trkpt lat="43.695160000" lon="7.272770000">
        <ele>8.000</ele>
      </trkpt>
      <trkpt lat="43.695160000" lon="7.272720000">
        <ele>8.000</ele>
      </trkpt>
      <trkpt lat="43.695150000" lon="7.272140000">
        <ele>9.000</ele>
      </trkpt>
      <trkpt lat="43.695140000" lon="7.271550000">
        <ele>10.000</ele>
      </trkpt>
      <trkpt lat="43.695160000" lon="7.271330000">
        <ele>10.000</ele>
      </trkpt>
      <trkpt lat="43.695160000" lon="7.271020000">
        <ele>11.000</ele>
      </trkpt>
      <trkpt lat="43.695160000" lon="7.270940000">
        <ele>11.000</ele>
      </trkpt>
      <trkpt lat="43.695150000" lon="7.270850000">
        <ele>11.000</ele>
      </trkpt>
      <trkpt lat="43.695150000" lon="7.270800000">
        <ele>11.000</ele>
      </trkpt>
      <trkpt lat="43.695150000" lon="7.270750000">
        <ele>11.000</ele>
      </trkpt>
      <trkpt lat="43.695150000" lon="7.270690000">
        <ele>11.000</ele>
      </trkpt>
      <trkpt lat="43.695140000" lon="7.270290000">
        <ele>12.000</ele>
      </trkpt>
      <trkpt lat="43.695140000" lon="7.269730000">
        <ele>12.000</ele>
      </trkpt>
      <trkpt lat="43.695140000" lon="7.269680000">
        <ele>12.000</ele>
      </trkpt>
      <trkpt lat="43.695140000" lon="7.269450000">
        <ele>12.000</ele>
      </trkpt>
      <trkpt lat="43.695140000" lon="7.269450000">
        <ele>12.000</ele>
      </trkpt>
      <trkpt lat="43.695140000" lon="7.269330000">
        <ele>13.000</ele>
      </trkpt>
      <trkpt lat="43.695140000" lon="7.269270000">
        <ele>13.000</ele>
      </trkpt>
      <trkpt lat="43.695140000" lon="7.269100000">
        <ele>13.000</ele>
      </trkpt>
      <trkpt lat="43.695180000" lon="7.269120000">
        <ele>13.000</ele>
      </trkpt>
      <trkpt lat="43.695220000" lon="7.269140000">
        <ele>13.000</ele>
      </trkpt>
      <trkpt lat="43.695260000" lon="7.269150000">
        <ele>13.000</ele>
      </trkpt>
      <trkpt lat="43.695310000" lon="7.269170000">
        <ele>13.000</ele>
      </trkpt>
      <trkpt lat="43.695370000" lon="7.269180000">
        <ele>13.000</ele>
      </trkpt>
      <trkpt lat="43.695430000" lon="7.269190000">
        <ele>13.000</ele>
      </trkpt>
      <trkpt lat="43.695610000" lon="7.269180000">
        <ele>13.000</ele>
      </trkpt>
      <trkpt lat="43.695670000" lon="7.269180000">
        <ele>13.000</ele>
      </trkpt>
      <trkpt lat="43.696010000" lon="7.269150000">
        <ele>13.000</ele>
      </trkpt>
      <trkpt lat="43.696040000" lon="7.269160000">
        <ele>13.000</ele>
      </trkpt>
      <trkpt lat="43.696080000" lon="7.269170000">
        <ele>13.000</ele>
      </trkpt>
      <trkpt lat="43.696110000" lon="7.269200000">
        <ele>12.000</ele>
      </trkpt>
      <trkpt lat="43.696140000" lon="7.269260000">
        <ele>12.000</ele>
      </trkpt>
      <trkpt lat="43.696240000" lon="7.269590000">
        <ele>12.000</ele>
      </trkpt>
      <trkpt lat="43.696280000" lon="7.269710000">
        <ele>12.000</ele>
      </trkpt>
      <trkpt lat="43.696370000" lon="7.269980000">
        <ele>11.000</ele>
      </trkpt>
      <trkpt lat="43.696390000" lon="7.270060000">
        <ele>11.000</ele>
      </trkpt>
      <trkpt lat="43.696450000" lon="7.270160000">
        <ele>11.000</ele>
      </trkpt>
      <trkpt lat="43.696550000" lon="7.270310000">
        <ele>10.000</ele>
      </trkpt>
      <trkpt lat="43.696600000" lon="7.270390000">
        <ele>10.000</ele>
      </trkpt>
      <trkpt lat="43.696630000" lon="7.270440000">
        <ele>10.000</ele>
      </trkpt>
      <trkpt lat="43.696660000" lon="7.270510000">
        <ele>10.000</ele>
      </trkpt>
      <trkpt lat="43.696690000" lon="7.270590000">
        <ele>10.000</ele>
      </trkpt>
      <trkpt lat="43.696710000" lon="7.270640000">
        <ele>9.000</ele>
      </trkpt>
      <trkpt lat="43.696720000" lon="7.270670000">
        <ele>9.000</ele>
      </trkpt>
      <trkpt lat="43.696790000" lon="7.270940000">
        <ele>9.000</ele>
      </trkpt>
      <trkpt lat="43.697180000" lon="7.272260000">
        <ele>9.000</ele>
      </trkpt>
      <trkpt lat="43.697210000" lon="7.272380000">
        <ele>9.000</ele>
      </trkpt>
      <trkpt lat="43.697260000" lon="7.272540000">
        <ele>10.000</ele>
      </trkpt>
      <trkpt lat="43.697420000" lon="7.273100000">
        <ele>10.000</ele>
      </trkpt>
      <trkpt lat="43.697460000" lon="7.273250000">
        <ele>10.000</ele>
      </trkpt>
      <trkpt lat="43.697730000" lon="7.274170000">
        <ele>11.000</ele>
      </trkpt>
      <trkpt lat="43.697730000" lon="7.274180000">
        <ele>12.000</ele>
      </trkpt>
      <trkpt lat="43.697740000" lon="7.274220000">
        <ele>13.000</ele>
      </trkpt>
      <trkpt lat="43.697810000" lon="7.274480000">
        <ele>13.000</ele>
      </trkpt>
      <trkpt lat="43.697860000" lon="7.274670000">
        <ele>14.000</ele>
      </trkpt>
      <trkpt lat="43.697970000" lon="7.275050000">
        <ele>15.000</ele>
      </trkpt>
      <trkpt lat="43.698090000" lon="7.275480000">
        <ele>16.000</ele>
      </trkpt>
      <trkpt lat="43.698150000" lon="7.275710000">
        <ele>17.000</ele>
      </trkpt>
      <trkpt lat="43.698220000" lon="7.275910000">
        <ele>17.000</ele>
      </trkpt>
      <trkpt lat="43.698310000" lon="7.276090000">
        <ele>17.000</ele>
      </trkpt>
      <trkpt lat="43.698430000" lon="7.276310000">
        <ele>18.000</ele>
      </trkpt>
      <trkpt lat="43.698520000" lon="7.276480000">
        <ele>17.000</ele>
      </trkpt>
      <trkpt lat="43.698650000" lon="7.276720000">
        <ele>17.000</ele>
      </trkpt>
      <trkpt lat="43.698660000" lon="7.276730000">
        <ele>17.000</ele>
      </trkpt>
      <trkpt lat="43.698670000" lon="7.276760000">
        <ele>17.000</ele>
      </trkpt>
      <trkpt lat="43.698770000" lon="7.276940000">
        <ele>17.000</ele>
      </trkpt>
      <trkpt lat="43.698850000" lon="7.277070000">
        <ele>17.000</ele>
      </trkpt>
      <trkpt lat="43.698960000" lon="7.277200000">
        <ele>17.000</ele>
      </trkpt>
      <trkpt lat="43.699080000" lon="7.277320000">
        <ele>16.000</ele>
      </trkpt>
      <trkpt lat="43.699190000" lon="7.277430000">
        <ele>16.000</ele>
      </trkpt>
      <trkpt lat="43.699400000" lon="7.277580000">
        <ele>16.000</ele>
      </trkpt>
      <trkpt lat="43.699760000" lon="7.277890000">
        <ele>16.000</ele>
      </trkpt>
      <trkpt lat="43.699980000" lon="7.278080000">
        <ele>17.000</ele>
      </trkpt>
      <trkpt lat="43.700000000" lon="7.278100000">
        <ele>17.000</ele>
      </trkpt>
      <trkpt lat="43.700150000" lon="7.278210000">
        <ele>17.000</ele>
      </trkpt>
      <trkpt lat="43.700170000" lon="7.278230000">
        <ele>18.000</ele>
      </trkpt>
      <trkpt lat="43.700270000" lon="7.278280000">
        <ele>18.000</ele>
      </trkpt>
      <trkpt lat="43.700600000" lon="7.278510000">
        <ele>18.000</ele>
      </trkpt>
      <trkpt lat="43.701180000" lon="7.278950000">
        <ele>19.000</ele>
      </trkpt>
      <trkpt lat="43.701230000" lon="7.278980000">
        <ele>20.000</ele>
      </trkpt>
      <trkpt lat="43.701260000" lon="7.279010000">
        <ele>21.000</ele>
      </trkpt>
      <trkpt lat="43.701330000" lon="7.279060000">
        <ele>21.000</ele>
      </trkpt>
      <trkpt lat="43.701940000" lon="7.279490000">
        <ele>21.000</ele>
      </trkpt>
      <trkpt lat="43.702620000" lon="7.279990000">
        <ele>20.000</ele>
      </trkpt>
      <trkpt lat="43.702650000" lon="7.280000000">
        <ele>20.000</ele>
      </trkpt>
      <trkpt lat="43.702730000" lon="7.280060000">
        <ele>19.000</ele>
      </trkpt>
      <trkpt lat="43.702690000" lon="7.280160000">
        <ele>19.000</ele>
      </trkpt>
      <trkpt lat="43.702680000" lon="7.280210000">
        <ele>19.000</ele>
      </trkpt>
      <trkpt lat="43.702560000" lon="7.280580000">
        <ele>19.000</ele>
      </trkpt>
      <trkpt lat="43.702470000" lon="7.280890000">
        <ele>19.000</ele>
      </trkpt>
      <trkpt lat="43.702460000" lon="7.280920000">
        <ele>19.000</ele>
      </trkpt>
      <trkpt lat="43.702450000" lon="7.280950000">
        <ele>19.000</ele>
      </trkpt>
      <trkpt lat="43.702430000" lon="7.281000000">
        <ele>19.000</ele>
      </trkpt>
      <trkpt lat="43.702420000" lon="7.281030000">
        <ele>19.000</ele>
      </trkpt>
      <trkpt lat="43.702420000" lon="7.281050000">
        <ele>19.000</ele>
      </trkpt>
      <trkpt lat="43.702400000" lon="7.281110000">
        <ele>19.000</ele>
      </trkpt>
      <trkpt lat="43.702390000" lon="7.281130000">
        <ele>19.000</ele>
      </trkpt>
      <trkpt lat="43.702370000" lon="7.281190000">
        <ele>19.000</ele>
      </trkpt>
      <trkpt lat="43.702280000" lon="7.281510000">
        <ele>19.000</ele>
      </trkpt>
      <trkpt lat="43.702140000" lon="7.281960000">
        <ele>20.000</ele>
      </trkpt>
      <trkpt lat="43.702120000" lon="7.282010000">
        <ele>20.000</ele>
      </trkpt>
      <trkpt lat="43.702100000" lon="7.282070000">
        <ele>20.000</ele>
      </trkpt>
      <trkpt lat="43.702070000" lon="7.282170000">
        <ele>20.000</ele>
      </trkpt>
      <trkpt lat="43.702060000" lon="7.282190000">
        <ele>20.000</ele>
      </trkpt>
      <trkpt lat="43.702050000" lon="7.282230000">
        <ele>20.000</ele>
      </trkpt>
      <trkpt lat="43.702020000" lon="7.282330000">
        <ele>20.000</ele>
      </trkpt>
      <trkpt lat="43.701970000" lon="7.282510000">
        <ele>20.000</ele>
      </trkpt>
      <trkpt lat="43.701970000" lon="7.282510000">
        <ele>20.000</ele>
      </trkpt>
      <trkpt lat="43.701910000" lon="7.282700000">
        <ele>20.000</ele>
      </trkpt>
      <trkpt lat="43.701860000" lon="7.282850000">
        <ele>20.000</ele>
      </trkpt>
      <trkpt lat="43.701840000" lon="7.282920000">
        <ele>20.000</ele>
      </trkpt>
      <trkpt lat="43.701830000" lon="7.282960000">
        <ele>20.000</ele>
      </trkpt>
      <trkpt lat="43.701790000" lon="7.283070000">
        <ele>20.000</ele>
      </trkpt>
      <trkpt lat="43.701680000" lon="7.283430000">
        <ele>20.000</ele>
      </trkpt>
      <trkpt lat="43.701670000" lon="7.283480000">
        <ele>20.000</ele>
      </trkpt>
      <trkpt lat="43.701650000" lon="7.283550000">
        <ele>20.000</ele>
      </trkpt>
      <trkpt lat="43.701620000" lon="7.283630000">
        <ele>20.000</ele>
      </trkpt>
      <trkpt lat="43.701610000" lon="7.283670000">
        <ele>20.000</ele>
      </trkpt>
      <trkpt lat="43.701480000" lon="7.284100000">
        <ele>20.000</ele>
      </trkpt>
      <trkpt lat="43.701450000" lon="7.284220000">
        <ele>20.000</ele>
      </trkpt>
      <trkpt lat="43.701430000" lon="7.284270000">
        <ele>19.000</ele>
      </trkpt>
      <trkpt lat="43.701400000" lon="7.284390000">
        <ele>19.000</ele>
      </trkpt>
      <trkpt lat="43.701370000" lon="7.284470000">
        <ele>19.000</ele>
      </trkpt>
      <trkpt lat="43.701350000" lon="7.284550000">
        <ele>19.000</ele>
      </trkpt>
      <trkpt lat="43.701100000" lon="7.285470000">
        <ele>19.000</ele>
      </trkpt>
      <trkpt lat="43.701080000" lon="7.285520000">
        <ele>19.000</ele>
      </trkpt>
      <trkpt lat="43.701070000" lon="7.285570000">
        <ele>19.000</ele>
      </trkpt>
      <trkpt lat="43.701060000" lon="7.285610000">
        <ele>19.000</ele>
      </trkpt>
      <trkpt lat="43.701010000" lon="7.285780000">
        <ele>18.000</ele>
      </trkpt>
      <trkpt lat="43.700990000" lon="7.285860000">
        <ele>18.000</ele>
      </trkpt>
      <trkpt lat="43.700960000" lon="7.285960000">
        <ele>18.000</ele>
      </trkpt>
      <trkpt lat="43.700920000" lon="7.286120000">
        <ele>18.000</ele>
      </trkpt>
      <trkpt lat="43.700830000" lon="7.286440000">
        <ele>18.000</ele>
      </trkpt>
      <trkpt lat="43.700770000" lon="7.286640000">
        <ele>17.000</ele>
      </trkpt>
      <trkpt lat="43.700760000" lon="7.286680000">
        <ele>17.000</ele>
      </trkpt>
      <trkpt lat="43.700740000" lon="7.286760000">
        <ele>17.000</ele>
      </trkpt>
      <trkpt lat="43.700720000" lon="7.286850000">
        <ele>17.000</ele>
      </trkpt>
      <trkpt lat="43.700690000" lon="7.286930000">
        <ele>17.000</ele>
      </trkpt>
      <trkpt lat="43.700630000" lon="7.287140000">
        <ele>17.000</ele>
      </trkpt>
      <trkpt lat="43.700630000" lon="7.287170000">
        <ele>17.000</ele>
      </trkpt>
      <trkpt lat="43.700610000" lon="7.287230000">
        <ele>16.000</ele>
      </trkpt>
      <trkpt lat="43.700600000" lon="7.287270000">
        <ele>16.000</ele>
      </trkpt>
      <trkpt lat="43.700580000" lon="7.287310000">
        <ele>16.000</ele>
      </trkpt>
      <trkpt lat="43.700530000" lon="7.287410000">
        <ele>16.000</ele>
      </trkpt>
      <trkpt lat="43.700500000" lon="7.287390000">
        <ele>16.000</ele>
      </trkpt>
      <trkpt lat="43.700480000" lon="7.287390000">
        <ele>16.000</ele>
      </trkpt>
      <trkpt lat="43.700450000" lon="7.287400000">
        <ele>16.000</ele>
      </trkpt>
      <trkpt lat="43.700410000" lon="7.287430000">
        <ele>16.000</ele>
      </trkpt>
      <trkpt lat="43.700390000" lon="7.287480000">
        <ele>16.000</ele>
      </trkpt>
      <trkpt lat="43.700380000" lon="7.287520000">
        <ele>16.000</ele>
      </trkpt>
      <trkpt lat="43.700390000" lon="7.287570000">
        <ele>16.000</ele>
      </trkpt>
      <trkpt lat="43.700400000" lon="7.287590000">
        <ele>16.000</ele>
      </trkpt>
      <trkpt lat="43.700400000" lon="7.287600000">
        <ele>16.000</ele>
      </trkpt>
      <trkpt lat="43.700430000" lon="7.287630000">
        <ele>16.000</ele>
      </trkpt>
      <trkpt lat="43.700460000" lon="7.287650000">
        <ele>16.000</ele>
      </trkpt>
      <trkpt lat="43.700500000" lon="7.287650000">
        <ele>16.000</ele>
      </trkpt>
      <trkpt lat="43.700520000" lon="7.287640000">
        <ele>16.000</ele>
      </trkpt>
      <trkpt lat="43.700540000" lon="7.287630000">
        <ele>16.000</ele>
      </trkpt>
      <trkpt lat="43.700580000" lon="7.287650000">
        <ele>16.000</ele>
      </trkpt>
      <trkpt lat="43.700600000" lon="7.287650000">
        <ele>16.000</ele>
      </trkpt>
      <trkpt lat="43.700650000" lon="7.287680000">
        <ele>16.000</ele>
      </trkpt>
      <trkpt lat="43.700710000" lon="7.287710000">
        <ele>16.000</ele>
      </trkpt>
      <trkpt lat="43.700830000" lon="7.287790000">
        <ele>17.000</ele>
      </trkpt>
      <trkpt lat="43.701070000" lon="7.287960000">
        <ele>17.000</ele>
      </trkpt>
      <trkpt lat="43.701140000" lon="7.287980000">
        <ele>17.000</ele>
      </trkpt>
      <trkpt lat="43.701150000" lon="7.287990000">
        <ele>18.000</ele>
      </trkpt>
      <trkpt lat="43.701150000" lon="7.287990000">
        <ele>18.000</ele>
      </trkpt>
      <trkpt lat="43.701340000" lon="7.288150000">
        <ele>18.000</ele>
      </trkpt>
      <trkpt lat="43.701600000" lon="7.288340000">
        <ele>19.000</ele>
      </trkpt>
      <trkpt lat="43.701630000" lon="7.288360000">
        <ele>20.000</ele>
      </trkpt>
      <trkpt lat="43.701670000" lon="7.288390000">
        <ele>20.000</ele>
      </trkpt>
      <trkpt lat="43.701720000" lon="7.288430000">
        <ele>20.000</ele>
      </trkpt>
      <trkpt lat="43.701980000" lon="7.288620000">
        <ele>21.000</ele>
      </trkpt>
      <trkpt lat="43.702120000" lon="7.288720000">
        <ele>21.000</ele>
      </trkpt>
      <trkpt lat="43.702180000" lon="7.288760000">
        <ele>22.000</ele>
      </trkpt>
      <trkpt lat="43.702240000" lon="7.288800000">
        <ele>22.000</ele>
      </trkpt>
      <trkpt lat="43.702520000" lon="7.289010000">
        <ele>22.000</ele>
      </trkpt>
      <trkpt lat="43.702610000" lon="7.289080000">
        <ele>22.000</ele>
      </trkpt>
      <trkpt lat="43.702670000" lon="7.289120000">
        <ele>22.000</ele>
      </trkpt>
      <trkpt lat="43.702740000" lon="7.289170000">
        <ele>22.000</ele>
      </trkpt>
      <trkpt lat="43.703030000" lon="7.289380000">
        <ele>22.000</ele>
      </trkpt>
      <trkpt lat="43.703200000" lon="7.289500000">
        <ele>22.000</ele>
      </trkpt>
      <trkpt lat="43.703250000" lon="7.289540000">
        <ele>21.000</ele>
      </trkpt>
      <trkpt lat="43.703320000" lon="7.289590000">
        <ele>21.000</ele>
      </trkpt>
      <trkpt lat="43.703710000" lon="7.289880000">
        <ele>21.000</ele>
      </trkpt>
      <trkpt lat="43.703740000" lon="7.289900000">
        <ele>21.000</ele>
      </trkpt>
      <trkpt lat="43.703800000" lon="7.289940000">
        <ele>21.000</ele>
      </trkpt>
      <trkpt lat="43.703860000" lon="7.289990000">
        <ele>20.000</ele>
      </trkpt>
      <trkpt lat="43.704310000" lon="7.290320000">
        <ele>20.000</ele>
      </trkpt>
      <trkpt lat="43.704370000" lon="7.290360000">
        <ele>19.000</ele>
      </trkpt>
      <trkpt lat="43.704440000" lon="7.290410000">
        <ele>19.000</ele>
      </trkpt>
      <trkpt lat="43.704940000" lon="7.290780000">
        <ele>18.000</ele>
      </trkpt>
      <trkpt lat="43.704960000" lon="7.290800000">
        <ele>17.000</ele>
      </trkpt>
      <trkpt lat="43.705060000" lon="7.290870000">
        <ele>17.000</ele>
      </trkpt>
      <trkpt lat="43.705170000" lon="7.290960000">
        <ele>16.000</ele>
      </trkpt>
      <trkpt lat="43.705200000" lon="7.291000000">
        <ele>16.000</ele>
      </trkpt>
      <trkpt lat="43.705230000" lon="7.291030000">
        <ele>16.000</ele>
      </trkpt>
      <trkpt lat="43.705280000" lon="7.291070000">
        <ele>15.000</ele>
      </trkpt>
      <trkpt lat="43.705400000" lon="7.291160000">
        <ele>15.000</ele>
      </trkpt>
      <trkpt lat="43.705610000" lon="7.291310000">
        <ele>15.000</ele>
      </trkpt>
      <trkpt lat="43.705660000" lon="7.291340000">
        <ele>15.000</ele>
      </trkpt>
      <trkpt lat="43.705860000" lon="7.291480000">
        <ele>16.000</ele>
      </trkpt>
      <trkpt lat="43.706170000" lon="7.291700000">
        <ele>16.000</ele>
      </trkpt>
      <trkpt lat="43.706270000" lon="7.291780000">
        <ele>17.000</ele>
      </trkpt>
      <trkpt lat="43.706360000" lon="7.291850000">
        <ele>17.000</ele>
      </trkpt>
      <trkpt lat="43.706820000" lon="7.292170000">
        <ele>18.000</ele>
      </trkpt>
      <trkpt lat="43.706940000" lon="7.292270000">
        <ele>19.000</ele>
      </trkpt>
      <trkpt lat="43.707120000" lon="7.292390000">
        <ele>19.000</ele>
      </trkpt>
      <trkpt lat="43.707430000" lon="7.292610000">
        <ele>20.000</ele>
      </trkpt>
      <trkpt lat="43.707550000" lon="7.292660000">
        <ele>20.000</ele>
      </trkpt>
      <trkpt lat="43.707740000" lon="7.292740000">
        <ele>20.000</ele>
      </trkpt>
      <trkpt lat="43.707830000" lon="7.292770000">
        <ele>21.000</ele>
      </trkpt>
      <trkpt lat="43.707970000" lon="7.292790000">
        <ele>21.000</ele>
      </trkpt>
      <trkpt lat="43.708000000" lon="7.292790000">
        <ele>21.000</ele>
      </trkpt>
      <trkpt lat="43.708140000" lon="7.292800000">
        <ele>21.000</ele>
      </trkpt>
      <trkpt lat="43.708170000" lon="7.292800000">
        <ele>21.000</ele>
      </trkpt>
      <trkpt lat="43.708310000" lon="7.292790000">
        <ele>22.000</ele>
      </trkpt>
      <trkpt lat="43.708290000" lon="7.292940000">
        <ele>22.000</ele>
      </trkpt>
      <trkpt lat="43.708290000" lon="7.293000000">
        <ele>23.000</ele>
      </trkpt>
      <trkpt lat="43.708290000" lon="7.293280000">
        <ele>24.000</ele>
      </trkpt>
      <trkpt lat="43.708300000" lon="7.293400000">
        <ele>25.000</ele>
      </trkpt>
      <trkpt lat="43.708330000" lon="7.293490000">
        <ele>25.000</ele>
      </trkpt>
      <trkpt lat="43.708360000" lon="7.293570000">
        <ele>26.000</ele>
      </trkpt>
      <trkpt lat="43.708410000" lon="7.293650000">
        <ele>27.000</ele>
      </trkpt>
      <trkpt lat="43.708470000" lon="7.293730000">
        <ele>28.000</ele>
      </trkpt>
      <trkpt lat="43.708760000" lon="7.293980000">
        <ele>29.000</ele>
      </trkpt>
      <trkpt lat="43.709090000" lon="7.294200000">
        <ele>32.000</ele>
      </trkpt>
      <trkpt lat="43.709260000" lon="7.294290000">
        <ele>34.000</ele>
      </trkpt>
      <trkpt lat="43.709360000" lon="7.294330000">
        <ele>36.000</ele>
      </trkpt>
      <trkpt lat="43.709620000" lon="7.294420000">
        <ele>37.000</ele>
      </trkpt>
      <trkpt lat="43.709770000" lon="7.294480000">
        <ele>38.000</ele>
      </trkpt>
      <trkpt lat="43.709870000" lon="7.294510000">
        <ele>39.000</ele>
      </trkpt>
      <trkpt lat="43.710180000" lon="7.294630000">
        <ele>40.000</ele>
      </trkpt>
      <trkpt lat="43.710250000" lon="7.294670000">
        <ele>41.000</ele>
      </trkpt>
      <trkpt lat="43.710310000" lon="7.294710000">
        <ele>42.000</ele>
      </trkpt>
      <trkpt lat="43.710820000" lon="7.295140000">
        <ele>45.000</ele>
      </trkpt>
      <trkpt lat="43.710880000" lon="7.295190000">
        <ele>48.000</ele>
      </trkpt>
      <trkpt lat="43.710950000" lon="7.295250000">
        <ele>50.000</ele>
      </trkpt>
      <trkpt lat="43.711060000" lon="7.295320000">
        <ele>52.000</ele>
      </trkpt>
      <trkpt lat="43.711180000" lon="7.295380000">
        <ele>53.000</ele>
      </trkpt>
      <trkpt lat="43.711400000" lon="7.295470000">
        <ele>55.000</ele>
      </trkpt>
      <trkpt lat="43.711880000" lon="7.295680000">
        <ele>57.000</ele>
      </trkpt>
      <trkpt lat="43.712170000" lon="7.295810000">
        <ele>59.000</ele>
      </trkpt>
      <trkpt lat="43.712240000" lon="7.295830000">
        <ele>60.000</ele>
      </trkpt>
      <trkpt lat="43.712340000" lon="7.295840000">
        <ele>61.000</ele>
      </trkpt>
      <trkpt lat="43.712520000" lon="7.295870000">
        <ele>62.000</ele>
      </trkpt>
      <trkpt lat="43.712680000" lon="7.295880000">
        <ele>63.000</ele>
      </trkpt>
      <trkpt lat="43.712760000" lon="7.295900000">
        <ele>64.000</ele>
      </trkpt>
      <trkpt lat="43.712830000" lon="7.295930000">
        <ele>65.000</ele>
      </trkpt>
      <trkpt lat="43.712960000" lon="7.295980000">
        <ele>66.000</ele>
      </trkpt>
      <trkpt lat="43.713000000" lon="7.296000000">
        <ele>66.000</ele>
      </trkpt>
      <trkpt lat="43.713310000" lon="7.296180000">
        <ele>67.000</ele>
      </trkpt>
      <trkpt lat="43.713780000" lon="7.296450000">
        <ele>69.000</ele>
      </trkpt>
      <trkpt lat="43.713990000" lon="7.296560000">
        <ele>71.000</ele>
      </trkpt>
      <trkpt lat="43.714430000" lon="7.296810000">
        <ele>75.000</ele>
      </trkpt>
      <trkpt lat="43.714600000" lon="7.296870000">
        <ele>78.000</ele>
      </trkpt>
      <trkpt lat="43.714940000" lon="7.296980000">
        <ele>81.000</ele>
      </trkpt>
      <trkpt lat="43.715200000" lon="7.297060000">
        <ele>84.000</ele>
      </trkpt>
      <trkpt lat="43.715270000" lon="7.297080000">
        <ele>86.000</ele>
      </trkpt>
      <trkpt lat="43.715280000" lon="7.297080000">
        <ele>88.000</ele>
      </trkpt>
      <trkpt lat="43.715300000" lon="7.297080000">
        <ele>89.000</ele>
      </trkpt>
      <trkpt lat="43.715880000" lon="7.297240000">
        <ele>92.000</ele>
      </trkpt>
      <trkpt lat="43.716430000" lon="7.297380000">
        <ele>94.000</ele>
      </trkpt>
      <trkpt lat="43.716470000" lon="7.297390000">
        <ele>95.000</ele>
      </trkpt>
      <trkpt lat="43.716530000" lon="7.297410000">
        <ele>96.000</ele>
      </trkpt>
      <trkpt lat="43.717100000" lon="7.297570000">
        <ele>99.000</ele>
      </trkpt>
      <trkpt lat="43.717160000" lon="7.297600000">
        <ele>101.000</ele>
      </trkpt>
      <trkpt lat="43.717210000" lon="7.297630000">
        <ele>103.000</ele>
      </trkpt>
      <trkpt lat="43.717290000" lon="7.297740000">
        <ele>105.000</ele>
      </trkpt>
      <trkpt lat="43.717330000" lon="7.297820000">
        <ele>106.000</ele>
      </trkpt>
      <trkpt lat="43.717390000" lon="7.297920000">
        <ele>107.000</ele>
      </trkpt>
      <trkpt lat="43.717490000" lon="7.298100000">
        <ele>109.000</ele>
      </trkpt>
      <trkpt lat="43.717560000" lon="7.298230000">
        <ele>110.000</ele>
      </trkpt>
      <trkpt lat="43.717630000" lon="7.298360000">
        <ele>112.000</ele>
      </trkpt>
      <trkpt lat="43.717690000" lon="7.298410000">
        <ele>114.000</ele>
      </trkpt>
      <trkpt lat="43.717740000" lon="7.298450000">
        <ele>115.000</ele>
      </trkpt>
      <trkpt lat="43.717780000" lon="7.298470000">
        <ele>117.000</ele>
      </trkpt>
      <trkpt lat="43.717830000" lon="7.298480000">
        <ele>118.000</ele>
      </trkpt>
      <trkpt lat="43.717870000" lon="7.298470000">
        <ele>119.000</ele>
      </trkpt>
      <trkpt lat="43.717930000" lon="7.298430000">
        <ele>120.000</ele>
      </trkpt>
      <trkpt lat="43.718040000" lon="7.298300000">
        <ele>121.000</ele>
      </trkpt>
      <trkpt lat="43.718290000" lon="7.298000000">
        <ele>122.000</ele>
      </trkpt>
      <trkpt lat="43.718310000" lon="7.297980000">
        <ele>123.000</ele>
      </trkpt>
      <trkpt lat="43.718320000" lon="7.297960000">
        <ele>123.000</ele>
      </trkpt>
      <trkpt lat="43.718550000" lon="7.297690000">
        <ele>124.000</ele>
      </trkpt>
      <trkpt lat="43.718730000" lon="7.297470000">
        <ele>125.000</ele>
      </trkpt>
      <trkpt lat="43.719260000" lon="7.296830000">
        <ele>126.000</ele>
      </trkpt>
      <trkpt lat="43.719430000" lon="7.296630000">
        <ele>126.000</ele>
      </trkpt>
      <trkpt lat="43.719590000" lon="7.296450000">
        <ele>128.000</ele>
      </trkpt>
      <trkpt lat="43.719660000" lon="7.296400000">
        <ele>129.000</ele>
      </trkpt>
      <trkpt lat="43.719770000" lon="7.296350000">
        <ele>130.000</ele>
      </trkpt>
      <trkpt lat="43.719820000" lon="7.296340000">
        <ele>132.000</ele>
      </trkpt>
      <trkpt lat="43.719860000" lon="7.296340000">
        <ele>133.000</ele>
      </trkpt>
      <trkpt lat="43.719900000" lon="7.296350000">
        <ele>133.000</ele>
      </trkpt>
      <trkpt lat="43.719950000" lon="7.296360000">
        <ele>134.000</ele>
      </trkpt>
      <trkpt lat="43.720000000" lon="7.296380000">
        <ele>135.000</ele>
      </trkpt>
      <trkpt lat="43.720050000" lon="7.296400000">
        <ele>136.000</ele>
      </trkpt>
      <trkpt lat="43.720140000" lon="7.296460000">
        <ele>137.000</ele>
      </trkpt>
      <trkpt lat="43.720200000" lon="7.296520000">
        <ele>138.000</ele>
      </trkpt>
      <trkpt lat="43.720380000" lon="7.296680000">
        <ele>139.000</ele>
      </trkpt>
      <trkpt lat="43.720620000" lon="7.296900000">
        <ele>142.000</ele>
      </trkpt>
      <trkpt lat="43.720690000" lon="7.296940000">
        <ele>144.000</ele>
      </trkpt>
      <trkpt lat="43.720760000" lon="7.296960000">
        <ele>146.000</ele>
      </trkpt>
      <trkpt lat="43.720860000" lon="7.296940000">
        <ele>147.000</ele>
      </trkpt>
      <trkpt lat="43.720950000" lon="7.296850000">
        <ele>149.000</ele>
      </trkpt>
      <trkpt lat="43.721320000" lon="7.296300000">
        <ele>150.000</ele>
      </trkpt>
      <trkpt lat="43.721560000" lon="7.295920000">
        <ele>151.000</ele>
      </trkpt>
      <trkpt lat="43.721710000" lon="7.295730000">
        <ele>152.000</ele>
      </trkpt>
      <trkpt lat="43.721820000" lon="7.295630000">
        <ele>153.000</ele>
      </trkpt>
      <trkpt lat="43.721930000" lon="7.295560000">
        <ele>154.000</ele>
      </trkpt>
      <trkpt lat="43.722210000" lon="7.295480000">
        <ele>155.000</ele>
      </trkpt>
      <trkpt lat="43.722340000" lon="7.295470000">
        <ele>156.000</ele>
      </trkpt>
      <trkpt lat="43.722770000" lon="7.295530000">
        <ele>158.000</ele>
      </trkpt>
      <trkpt lat="43.722930000" lon="7.295550000">
        <ele>161.000</ele>
      </trkpt>
      <trkpt lat="43.723020000" lon="7.295570000">
        <ele>163.000</ele>
      </trkpt>
      <trkpt lat="43.723090000" lon="7.295620000">
        <ele>164.000</ele>
      </trkpt>
      <trkpt lat="43.723170000" lon="7.295720000">
        <ele>166.000</ele>
      </trkpt>
      <trkpt lat="43.723400000" lon="7.296110000">
        <ele>169.000</ele>
      </trkpt>
      <trkpt lat="43.723470000" lon="7.296220000">
        <ele>171.000</ele>
      </trkpt>
      <trkpt lat="43.723550000" lon="7.296320000">
        <ele>173.000</ele>
      </trkpt>
      <trkpt lat="43.723620000" lon="7.296380000">
        <ele>175.000</ele>
      </trkpt>
      <trkpt lat="43.723720000" lon="7.296440000">
        <ele>176.000</ele>
      </trkpt>
      <trkpt lat="43.723820000" lon="7.296480000">
        <ele>178.000</ele>
      </trkpt>
      <trkpt lat="43.723920000" lon="7.296500000">
        <ele>179.000</ele>
      </trkpt>
      <trkpt lat="43.724070000" lon="7.296510000">
        <ele>181.000</ele>
      </trkpt>
      <trkpt lat="43.724160000" lon="7.296490000">
        <ele>182.000</ele>
      </trkpt>
      <trkpt lat="43.724210000" lon="7.296490000">
        <ele>183.000</ele>
      </trkpt>
      <trkpt lat="43.724340000" lon="7.296430000">
        <ele>184.000</ele>
      </trkpt>
      <trkpt lat="43.724420000" lon="7.296400000">
        <ele>185.000</ele>
      </trkpt>
      <trkpt lat="43.724470000" lon="7.296370000">
        <ele>186.000</ele>
      </trkpt>
      <trkpt lat="43.724670000" lon="7.296220000">
        <ele>187.000</ele>
      </trkpt>
      <trkpt lat="43.724830000" lon="7.296050000">
        <ele>188.000</ele>
      </trkpt>
      <trkpt lat="43.725220000" lon="7.295620000">
        <ele>190.000</ele>
      </trkpt>
      <trkpt lat="43.725440000" lon="7.295370000">
        <ele>192.000</ele>
      </trkpt>
      <trkpt lat="43.725710000" lon="7.295070000">
        <ele>194.000</ele>
      </trkpt>
      <trkpt lat="43.725890000" lon="7.294860000">
        <ele>194.000</ele>
      </trkpt>
      <trkpt lat="43.726030000" lon="7.294720000">
        <ele>194.000</ele>
      </trkpt>
      <trkpt lat="43.726110000" lon="7.294710000">
        <ele>195.000</ele>
      </trkpt>
      <trkpt lat="43.726140000" lon="7.294700000">
        <ele>195.000</ele>
      </trkpt>
      <trkpt lat="43.726170000" lon="7.294690000">
        <ele>195.000</ele>
      </trkpt>
      <trkpt lat="43.726210000" lon="7.294690000">
        <ele>195.000</ele>
      </trkpt>
      <trkpt lat="43.726360000" lon="7.294730000">
        <ele>196.000</ele>
      </trkpt>
      <trkpt lat="43.726590000" lon="7.294810000">
        <ele>197.000</ele>
      </trkpt>
      <trkpt lat="43.727190000" lon="7.295040000">
        <ele>199.000</ele>
      </trkpt>
      <trkpt lat="43.727310000" lon="7.295090000">
        <ele>201.000</ele>
      </trkpt>
      <trkpt lat="43.727470000" lon="7.295150000">
        <ele>203.000</ele>
      </trkpt>
      <trkpt lat="43.727630000" lon="7.295200000">
        <ele>204.000</ele>
      </trkpt>
      <trkpt lat="43.727820000" lon="7.295260000">
        <ele>205.000</ele>
      </trkpt>
      <trkpt lat="43.728060000" lon="7.295340000">
        <ele>206.000</ele>
      </trkpt>
      <trkpt lat="43.728590000" lon="7.295510000">
        <ele>208.000</ele>
      </trkpt>
      <trkpt lat="43.729120000" lon="7.295690000">
        <ele>211.000</ele>
      </trkpt>
      <trkpt lat="43.729600000" lon="7.295850000">
        <ele>215.000</ele>
      </trkpt>
      <trkpt lat="43.729720000" lon="7.295870000">
        <ele>217.000</ele>
      </trkpt>
      <trkpt lat="43.729840000" lon="7.295870000">
        <ele>219.000</ele>
      </trkpt>
      <trkpt lat="43.730220000" lon="7.295820000">
        <ele>222.000</ele>
      </trkpt>
      <trkpt lat="43.730330000" lon="7.295830000">
        <ele>224.000</ele>
      </trkpt>
      <trkpt lat="43.730400000" lon="7.295850000">
        <ele>225.000</ele>
      </trkpt>
      <trkpt lat="43.730450000" lon="7.295870000">
        <ele>226.000</ele>
      </trkpt>
      <trkpt lat="43.730500000" lon="7.295910000">
        <ele>227.000</ele>
      </trkpt>
      <trkpt lat="43.730530000" lon="7.295960000">
        <ele>228.000</ele>
      </trkpt>
      <trkpt lat="43.730560000" lon="7.296020000">
        <ele>229.000</ele>
      </trkpt>
      <trkpt lat="43.730600000" lon="7.296130000">
        <ele>230.000</ele>
      </trkpt>
      <trkpt lat="43.730650000" lon="7.296270000">
        <ele>230.000</ele>
      </trkpt>
      <trkpt lat="43.730700000" lon="7.296450000">
        <ele>231.000</ele>
      </trkpt>
      <trkpt lat="43.730720000" lon="7.296570000">
        <ele>232.000</ele>
      </trkpt>
      <trkpt lat="43.730760000" lon="7.296730000">
        <ele>233.000</ele>
      </trkpt>
      <trkpt lat="43.730760000" lon="7.296860000">
        <ele>234.000</ele>
      </trkpt>
      <trkpt lat="43.730760000" lon="7.296960000">
        <ele>235.000</ele>
      </trkpt>
      <trkpt lat="43.730750000" lon="7.297170000">
        <ele>236.000</ele>
      </trkpt>
      <trkpt lat="43.730730000" lon="7.297350000">
        <ele>237.000</ele>
      </trkpt>
      <trkpt lat="43.730660000" lon="7.297810000">
        <ele>239.000</ele>
      </trkpt>
      <trkpt lat="43.730600000" lon="7.298240000">
        <ele>241.000</ele>
      </trkpt>
      <trkpt lat="43.730570000" lon="7.298470000">
        <ele>243.000</ele>
      </trkpt>
      <trkpt lat="43.730540000" lon="7.298630000">
        <ele>245.000</ele>
      </trkpt>
      <trkpt lat="43.730480000" lon="7.298800000">
        <ele>246.000</ele>
      </trkpt>
      <trkpt lat="43.730390000" lon="7.298980000">
        <ele>248.000</ele>
      </trkpt>
      <trkpt lat="43.730270000" lon="7.299160000">
        <ele>250.000</ele>
      </trkpt>
      <trkpt lat="43.729950000" lon="7.299630000">
        <ele>252.000</ele>
      </trkpt>
      <trkpt lat="43.729650000" lon="7.300080000">
        <ele>255.000</ele>
      </trkpt>
      <trkpt lat="43.729500000" lon="7.300320000">
        <ele>257.000</ele>
      </trkpt>
      <trkpt lat="43.729470000" lon="7.300400000">
        <ele>258.000</ele>
      </trkpt>
      <trkpt lat="43.729460000" lon="7.300500000">
        <ele>259.000</ele>
      </trkpt>
      <trkpt lat="43.729450000" lon="7.300630000">
        <ele>260.000</ele>
      </trkpt>
      <trkpt lat="43.729540000" lon="7.300930000">
        <ele>261.000</ele>
      </trkpt>
      <trkpt lat="43.729750000" lon="7.301540000">
        <ele>263.000</ele>
      </trkpt>
      <trkpt lat="43.729750000" lon="7.301540000">
        <ele>264.000</ele>
      </trkpt>
      <trkpt lat="43.729760000" lon="7.301580000">
        <ele>264.000</ele>
      </trkpt>
      <trkpt lat="43.729820000" lon="7.301800000">
        <ele>265.000</ele>
      </trkpt>
      <trkpt lat="43.729840000" lon="7.302010000">
        <ele>266.000</ele>
      </trkpt>
      <trkpt lat="43.729840000" lon="7.302520000">
        <ele>267.000</ele>
      </trkpt>
      <trkpt lat="43.729820000" lon="7.302640000">
        <ele>268.000</ele>
      </trkpt>
      <trkpt lat="43.729750000" lon="7.302720000">
        <ele>269.000</ele>
      </trkpt>
      <trkpt lat="43.729690000" lon="7.302750000">
        <ele>270.000</ele>
      </trkpt>
      <trkpt lat="43.729620000" lon="7.302760000">
        <ele>271.000</ele>
      </trkpt>
      <trkpt lat="43.729390000" lon="7.302780000">
        <ele>272.000</ele>
      </trkpt>
      <trkpt lat="43.729230000" lon="7.302790000">
        <ele>273.000</ele>
      </trkpt>
      <trkpt lat="43.728200000" lon="7.302810000">
        <ele>276.000</ele>
      </trkpt>
      <trkpt lat="43.728140000" lon="7.302830000">
        <ele>278.000</ele>
      </trkpt>
      <trkpt lat="43.728020000" lon="7.302870000">
        <ele>280.000</ele>
      </trkpt>
      <trkpt lat="43.727790000" lon="7.302980000">
        <ele>281.000</ele>
      </trkpt>
      <trkpt lat="43.727470000" lon="7.303170000">
        <ele>281.000</ele>
      </trkpt>
      <trkpt lat="43.727330000" lon="7.303250000">
        <ele>282.000</ele>
      </trkpt>
      <trkpt lat="43.727160000" lon="7.303340000">
        <ele>282.000</ele>
      </trkpt>
      <trkpt lat="43.727000000" lon="7.303400000">
        <ele>282.000</ele>
      </trkpt>
      <trkpt lat="43.726890000" lon="7.303400000">
        <ele>282.000</ele>
      </trkpt>
      <trkpt lat="43.726790000" lon="7.303390000">
        <ele>282.000</ele>
      </trkpt>
      <trkpt lat="43.726660000" lon="7.303360000">
        <ele>282.000</ele>
      </trkpt>
      <trkpt lat="43.726550000" lon="7.303300000">
        <ele>282.000</ele>
      </trkpt>
      <trkpt lat="43.726240000" lon="7.303130000">
        <ele>282.000</ele>
      </trkpt>
      <trkpt lat="43.726090000" lon="7.303050000">
        <ele>283.000</ele>
      </trkpt>
      <trkpt lat="43.725990000" lon="7.303030000">
        <ele>283.000</ele>
      </trkpt>
      <trkpt lat="43.725520000" lon="7.302980000">
        <ele>284.000</ele>
      </trkpt>
      <trkpt lat="43.725420000" lon="7.302990000">
        <ele>284.000</ele>
      </trkpt>
      <trkpt lat="43.725340000" lon="7.303020000">
        <ele>285.000</ele>
      </trkpt>
      <trkpt lat="43.725230000" lon="7.303110000">
        <ele>286.000</ele>
      </trkpt>
      <trkpt lat="43.725210000" lon="7.303140000">
        <ele>286.000</ele>
      </trkpt>
      <trkpt lat="43.725120000" lon="7.303270000">
        <ele>286.000</ele>
      </trkpt>
      <trkpt lat="43.725050000" lon="7.303330000">
        <ele>287.000</ele>
      </trkpt>
      <trkpt lat="43.724980000" lon="7.303370000">
        <ele>287.000</ele>
      </trkpt>
      <trkpt lat="43.724830000" lon="7.303370000">
        <ele>288.000</ele>
      </trkpt>
      <trkpt lat="43.724610000" lon="7.303360000">
        <ele>288.000</ele>
      </trkpt>
      <trkpt lat="43.724300000" lon="7.303300000">
        <ele>289.000</ele>
      </trkpt>
      <trkpt lat="43.724170000" lon="7.303300000">
        <ele>289.000</ele>
      </trkpt>
      <trkpt lat="43.724060000" lon="7.303330000">
        <ele>289.000</ele>
      </trkpt>
      <trkpt lat="43.723830000" lon="7.303490000">
        <ele>289.000</ele>
      </trkpt>
      <trkpt lat="43.723690000" lon="7.303550000">
        <ele>288.000</ele>
      </trkpt>
      <trkpt lat="43.723450000" lon="7.303630000">
        <ele>288.000</ele>
      </trkpt>
      <trkpt lat="43.722950000" lon="7.303820000">
        <ele>286.000</ele>
      </trkpt>
      <trkpt lat="43.722820000" lon="7.303870000">
        <ele>285.000</ele>
      </trkpt>
      <trkpt lat="43.722660000" lon="7.303880000">
        <ele>284.000</ele>
      </trkpt>
      <trkpt lat="43.722440000" lon="7.303850000">
        <ele>283.000</ele>
      </trkpt>
      <trkpt lat="43.722270000" lon="7.303790000">
        <ele>283.000</ele>
      </trkpt>
      <trkpt lat="43.722150000" lon="7.303730000">
        <ele>283.000</ele>
      </trkpt>
      <trkpt lat="43.721870000" lon="7.303520000">
        <ele>284.000</ele>
      </trkpt>
      <trkpt lat="43.721760000" lon="7.303440000">
        <ele>285.000</ele>
      </trkpt>
      <trkpt lat="43.721420000" lon="7.303200000">
        <ele>287.000</ele>
      </trkpt>
      <trkpt lat="43.721290000" lon="7.303110000">
        <ele>288.000</ele>
      </trkpt>
      <trkpt lat="43.721200000" lon="7.303080000">
        <ele>289.000</ele>
      </trkpt>
      <trkpt lat="43.721120000" lon="7.303090000">
        <ele>290.000</ele>
      </trkpt>
      <trkpt lat="43.721060000" lon="7.303110000">
        <ele>291.000</ele>
      </trkpt>
      <trkpt lat="43.721010000" lon="7.303160000">
        <ele>291.000</ele>
      </trkpt>
      <trkpt lat="43.720960000" lon="7.303230000">
        <ele>292.000</ele>
      </trkpt>
      <trkpt lat="43.720930000" lon="7.303340000">
        <ele>293.000</ele>
      </trkpt>
      <trkpt lat="43.720920000" lon="7.303470000">
        <ele>293.000</ele>
      </trkpt>
      <trkpt lat="43.720920000" lon="7.303940000">
        <ele>294.000</ele>
      </trkpt>
      <trkpt lat="43.720920000" lon="7.304240000">
        <ele>295.000</ele>
      </trkpt>
      <trkpt lat="43.720920000" lon="7.304280000">
        <ele>296.000</ele>
      </trkpt>
      <trkpt lat="43.720910000" lon="7.304430000">
        <ele>296.000</ele>
      </trkpt>
      <trkpt lat="43.720900000" lon="7.304530000">
        <ele>297.000</ele>
      </trkpt>
      <trkpt lat="43.720880000" lon="7.304600000">
        <ele>297.000</ele>
      </trkpt>
      <trkpt lat="43.720840000" lon="7.304660000">
        <ele>297.000</ele>
      </trkpt>
      <trkpt lat="43.720820000" lon="7.304690000">
        <ele>297.000</ele>
      </trkpt>
      <trkpt lat="43.720770000" lon="7.304740000">
        <ele>298.000</ele>
      </trkpt>
      <trkpt lat="43.720730000" lon="7.304780000">
        <ele>298.000</ele>
      </trkpt>
      <trkpt lat="43.720710000" lon="7.304790000">
        <ele>298.000</ele>
      </trkpt>
      <trkpt lat="43.720500000" lon="7.305020000">
        <ele>299.000</ele>
      </trkpt>
      <trkpt lat="43.720020000" lon="7.305390000">
        <ele>300.000</ele>
      </trkpt>
      <trkpt lat="43.719970000" lon="7.305430000">
        <ele>300.000</ele>
      </trkpt>
      <trkpt lat="43.719920000" lon="7.305490000">
        <ele>301.000</ele>
      </trkpt>
      <trkpt lat="43.719630000" lon="7.305960000">
        <ele>302.000</ele>
      </trkpt>
      <trkpt lat="43.719320000" lon="7.306400000">
        <ele>304.000</ele>
      </trkpt>
      <trkpt lat="43.719050000" lon="7.306890000">
        <ele>306.000</ele>
      </trkpt>
      <trkpt lat="43.719000000" lon="7.307010000">
        <ele>307.000</ele>
      </trkpt>
      <trkpt lat="43.718980000" lon="7.307150000">
        <ele>308.000</ele>
      </trkpt>
      <trkpt lat="43.718960000" lon="7.307300000">
        <ele>309.000</ele>
      </trkpt>
      <trkpt lat="43.718970000" lon="7.307450000">
        <ele>310.000</ele>
      </trkpt>
      <trkpt lat="43.718990000" lon="7.307570000">
        <ele>310.000</ele>
      </trkpt>
      <trkpt lat="43.719020000" lon="7.307680000">
        <ele>311.000</ele>
      </trkpt>
      <trkpt lat="43.719080000" lon="7.307820000">
        <ele>311.000</ele>
      </trkpt>
      <trkpt lat="43.719300000" lon="7.308310000">
        <ele>312.000</ele>
      </trkpt>
      <trkpt lat="43.719320000" lon="7.308420000">
        <ele>313.000</ele>
      </trkpt>
      <trkpt lat="43.719340000" lon="7.308540000">
        <ele>313.000</ele>
      </trkpt>
      <trkpt lat="43.719330000" lon="7.308670000">
        <ele>314.000</ele>
      </trkpt>
      <trkpt lat="43.719310000" lon="7.308800000">
        <ele>314.000</ele>
      </trkpt>
      <trkpt lat="43.719030000" lon="7.309450000">
        <ele>315.000</ele>
      </trkpt>
      <trkpt lat="43.718960000" lon="7.309590000">
        <ele>315.000</ele>
      </trkpt>
      <trkpt lat="43.718830000" lon="7.309900000">
        <ele>316.000</ele>
      </trkpt>
      <trkpt lat="43.718730000" lon="7.310030000">
        <ele>317.000</ele>
      </trkpt>
      <trkpt lat="43.718600000" lon="7.310110000">
        <ele>318.000</ele>
      </trkpt>
      <trkpt lat="43.718360000" lon="7.310200000">
        <ele>319.000</ele>
      </trkpt>
      <trkpt lat="43.717980000" lon="7.310340000">
        <ele>321.000</ele>
      </trkpt>
      <trkpt lat="43.717320000" lon="7.310580000">
        <ele>323.000</ele>
      </trkpt>
      <trkpt lat="43.717200000" lon="7.310650000">
        <ele>326.000</ele>
      </trkpt>
      <trkpt lat="43.717130000" lon="7.310700000">
        <ele>327.000</ele>
      </trkpt>
      <trkpt lat="43.717080000" lon="7.310780000">
        <ele>328.000</ele>
      </trkpt>
      <trkpt lat="43.717040000" lon="7.310850000">
        <ele>329.000</ele>
      </trkpt>
      <trkpt lat="43.717010000" lon="7.310950000">
        <ele>330.000</ele>
      </trkpt>
      <trkpt lat="43.716990000" lon="7.311090000">
        <ele>330.000</ele>
      </trkpt>
      <trkpt lat="43.717010000" lon="7.311250000">
        <ele>331.000</ele>
      </trkpt>
      <trkpt lat="43.717020000" lon="7.311410000">
        <ele>331.000</ele>
      </trkpt>
      <trkpt lat="43.717020000" lon="7.311540000">
        <ele>331.000</ele>
      </trkpt>
      <trkpt lat="43.717000000" lon="7.311690000">
        <ele>332.000</ele>
      </trkpt>
      <trkpt lat="43.716940000" lon="7.311980000">
        <ele>332.000</ele>
      </trkpt>
      <trkpt lat="43.716870000" lon="7.312270000">
        <ele>332.000</ele>
      </trkpt>
      <trkpt lat="43.716820000" lon="7.312450000">
        <ele>333.000</ele>
      </trkpt>
      <trkpt lat="43.716770000" lon="7.312670000">
        <ele>333.000</ele>
      </trkpt>
      <trkpt lat="43.716710000" lon="7.313030000">
        <ele>333.000</ele>
      </trkpt>
      <trkpt lat="43.716700000" lon="7.313190000">
        <ele>334.000</ele>
      </trkpt>
      <trkpt lat="43.716700000" lon="7.313330000">
        <ele>334.000</ele>
      </trkpt>
      <trkpt lat="43.716730000" lon="7.313730000">
        <ele>335.000</ele>
      </trkpt>
      <trkpt lat="43.716880000" lon="7.315160000">
        <ele>338.000</ele>
      </trkpt>
      <trkpt lat="43.716950000" lon="7.315920000">
        <ele>343.000</ele>
      </trkpt>
      <trkpt lat="43.716970000" lon="7.316280000">
        <ele>347.000</ele>
      </trkpt>
      <trkpt lat="43.716980000" lon="7.316580000">
        <ele>350.000</ele>
      </trkpt>
      <trkpt lat="43.716970000" lon="7.316870000">
        <ele>353.000</ele>
      </trkpt>
      <trkpt lat="43.716960000" lon="7.317050000">
        <ele>356.000</ele>
      </trkpt>
      <trkpt lat="43.716820000" lon="7.318620000">
        <ele>362.000</ele>
      </trkpt>
      <trkpt lat="43.716800000" lon="7.318860000">
        <ele>366.000</ele>
      </trkpt>
      <trkpt lat="43.716790000" lon="7.319110000">
        <ele>369.000</ele>
      </trkpt>
      <trkpt lat="43.716800000" lon="7.319300000">
        <ele>371.000</ele>
      </trkpt>
      <trkpt lat="43.716810000" lon="7.319540000">
        <ele>373.000</ele>
      </trkpt>
      <trkpt lat="43.716810000" lon="7.319750000">
        <ele>374.000</ele>
      </trkpt>
      <trkpt lat="43.716770000" lon="7.320220000">
        <ele>376.000</ele>
      </trkpt>
      <trkpt lat="43.716730000" lon="7.320540000">
        <ele>377.000</ele>
      </trkpt>
      <trkpt lat="43.716690000" lon="7.320770000">
        <ele>378.000</ele>
      </trkpt>
      <trkpt lat="43.716630000" lon="7.320950000">
        <ele>379.000</ele>
      </trkpt>
      <trkpt lat="43.716570000" lon="7.321150000">
        <ele>380.000</ele>
      </trkpt>
      <trkpt lat="43.716550000" lon="7.321300000">
        <ele>381.000</ele>
      </trkpt>
      <trkpt lat="43.716550000" lon="7.321400000">
        <ele>382.000</ele>
      </trkpt>
      <trkpt lat="43.716550000" lon="7.321500000">
        <ele>382.000</ele>
      </trkpt>
      <trkpt lat="43.716570000" lon="7.321630000">
        <ele>383.000</ele>
      </trkpt>
      <trkpt lat="43.716860000" lon="7.323190000">
        <ele>388.000</ele>
      </trkpt>
      <trkpt lat="43.716910000" lon="7.323460000">
        <ele>392.000</ele>
      </trkpt>
      <trkpt lat="43.717120000" lon="7.324600000">
        <ele>397.000</ele>
      </trkpt>
      <trkpt lat="43.717190000" lon="7.324830000">
        <ele>401.000</ele>
      </trkpt>
      <trkpt lat="43.717350000" lon="7.325170000">
        <ele>404.000</ele>
      </trkpt>
      <trkpt lat="43.717380000" lon="7.325210000">
        <ele>406.000</ele>
      </trkpt>
      <trkpt lat="43.717970000" lon="7.326370000">
        <ele>409.000</ele>
      </trkpt>
      <trkpt lat="43.718030000" lon="7.326490000">
        <ele>411.000</ele>
      </trkpt>
      <trkpt lat="43.718120000" lon="7.326630000">
        <ele>413.000</ele>
      </trkpt>
      <trkpt lat="43.718280000" lon="7.326790000">
        <ele>415.000</ele>
      </trkpt>
      <trkpt lat="43.718600000" lon="7.326970000">
        <ele>416.000</ele>
      </trkpt>
      <trkpt lat="43.718810000" lon="7.327090000">
        <ele>418.000</ele>
      </trkpt>
      <trkpt lat="43.718900000" lon="7.327190000">
        <ele>419.000</ele>
      </trkpt>
      <trkpt lat="43.718960000" lon="7.327370000">
        <ele>421.000</ele>
      </trkpt>
      <trkpt lat="43.719100000" lon="7.327810000">
        <ele>422.000</ele>
      </trkpt>
      <trkpt lat="43.719180000" lon="7.328190000">
        <ele>424.000</ele>
      </trkpt>
      <trkpt lat="43.719250000" lon="7.328440000">
        <ele>426.000</ele>
      </trkpt>
      <trkpt lat="43.719340000" lon="7.328580000">
        <ele>427.000</ele>
      </trkpt>
      <trkpt lat="43.719660000" lon="7.328830000">
        <ele>429.000</ele>
      </trkpt>
      <trkpt lat="43.719810000" lon="7.328950000">
        <ele>430.000</ele>
      </trkpt>
      <trkpt lat="43.719810000" lon="7.328950000">
        <ele>431.000</ele>
      </trkpt>
      <trkpt lat="43.720010000" lon="7.329090000">
        <ele>432.000</ele>
      </trkpt>
      <trkpt lat="43.720120000" lon="7.329200000">
        <ele>433.000</ele>
      </trkpt>
      <trkpt lat="43.720160000" lon="7.329340000">
        <ele>434.000</ele>
      </trkpt>
      <trkpt lat="43.720150000" lon="7.329500000">
        <ele>434.000</ele>
      </trkpt>
      <trkpt lat="43.719920000" lon="7.330170000">
        <ele>436.000</ele>
      </trkpt>
      <trkpt lat="43.719840000" lon="7.330470000">
        <ele>437.000</ele>
      </trkpt>
      <trkpt lat="43.719820000" lon="7.331230000">
        <ele>438.000</ele>
      </trkpt>
      <trkpt lat="43.719840000" lon="7.331370000">
        <ele>440.000</ele>
      </trkpt>
      <trkpt lat="43.719870000" lon="7.331490000">
        <ele>441.000</ele>
      </trkpt>
      <trkpt lat="43.719990000" lon="7.331740000">
        <ele>442.000</ele>
      </trkpt>
      <trkpt lat="43.720060000" lon="7.331870000">
        <ele>444.000</ele>
      </trkpt>
      <trkpt lat="43.720200000" lon="7.332110000">
        <ele>445.000</ele>
      </trkpt>
      <trkpt lat="43.720350000" lon="7.332400000">
        <ele>447.000</ele>
      </trkpt>
      <trkpt lat="43.720480000" lon="7.332590000">
        <ele>449.000</ele>
      </trkpt>
      <trkpt lat="43.720690000" lon="7.332870000">
        <ele>451.000</ele>
      </trkpt>
      <trkpt lat="43.720790000" lon="7.333000000">
        <ele>453.000</ele>
      </trkpt>
      <trkpt lat="43.720890000" lon="7.333140000">
        <ele>455.000</ele>
      </trkpt>
      <trkpt lat="43.720970000" lon="7.333310000">
        <ele>456.000</ele>
      </trkpt>
      <trkpt lat="43.721130000" lon="7.333700000">
        <ele>458.000</ele>
      </trkpt>
      <trkpt lat="43.721180000" lon="7.333820000">
        <ele>460.000</ele>
      </trkpt>
      <trkpt lat="43.721380000" lon="7.334180000">
        <ele>462.000</ele>
      </trkpt>
      <trkpt lat="43.721530000" lon="7.334440000">
        <ele>464.000</ele>
      </trkpt>
      <trkpt lat="43.721560000" lon="7.334480000">
        <ele>465.000</ele>
      </trkpt>
      <trkpt lat="43.721600000" lon="7.334520000">
        <ele>466.000</ele>
      </trkpt>
      <trkpt lat="43.721660000" lon="7.334550000">
        <ele>467.000</ele>
      </trkpt>
      <trkpt lat="43.721690000" lon="7.334560000">
        <ele>468.000</ele>
      </trkpt>
      <trkpt lat="43.721730000" lon="7.334570000">
        <ele>469.000</ele>
      </trkpt>
      <trkpt lat="43.721790000" lon="7.334580000">
        <ele>469.000</ele>
      </trkpt>
      <trkpt lat="43.721830000" lon="7.334580000">
        <ele>470.000</ele>
      </trkpt>
      <trkpt lat="43.721880000" lon="7.334560000">
        <ele>470.000</ele>
      </trkpt>
      <trkpt lat="43.721930000" lon="7.334550000">
        <ele>471.000</ele>
      </trkpt>
      <trkpt lat="43.721980000" lon="7.334520000">
        <ele>471.000</ele>
      </trkpt>
      <trkpt lat="43.722030000" lon="7.334480000">
        <ele>472.000</ele>
      </trkpt>
      <trkpt lat="43.722110000" lon="7.334420000">
        <ele>472.000</ele>
      </trkpt>
      <trkpt lat="43.722170000" lon="7.334360000">
        <ele>473.000</ele>
      </trkpt>
      <trkpt lat="43.722310000" lon="7.334190000">
        <ele>474.000</ele>
      </trkpt>
      <trkpt lat="43.722360000" lon="7.334140000">
        <ele>474.000</ele>
      </trkpt>
      <trkpt lat="43.722390000" lon="7.334120000">
        <ele>475.000</ele>
      </trkpt>
      <trkpt lat="43.722430000" lon="7.334110000">
        <ele>475.000</ele>
      </trkpt>
      <trkpt lat="43.722470000" lon="7.334100000">
        <ele>476.000</ele>
      </trkpt>
      <trkpt lat="43.722520000" lon="7.334100000">
        <ele>476.000</ele>
      </trkpt>
      <trkpt lat="43.722570000" lon="7.334110000">
        <ele>477.000</ele>
      </trkpt>
      <trkpt lat="43.722610000" lon="7.334140000">
        <ele>477.000</ele>
      </trkpt>
      <trkpt lat="43.722650000" lon="7.334190000">
        <ele>477.000</ele>
      </trkpt>
      <trkpt lat="43.722690000" lon="7.334250000">
        <ele>478.000</ele>
      </trkpt>
      <trkpt lat="43.722730000" lon="7.334330000">
        <ele>478.000</ele>
      </trkpt>
      <trkpt lat="43.722960000" lon="7.335090000">
        <ele>480.000</ele>
      </trkpt>
      <trkpt lat="43.723080000" lon="7.335510000">
        <ele>481.000</ele>
      </trkpt>
      <trkpt lat="43.723150000" lon="7.335700000">
        <ele>483.000</ele>
      </trkpt>
      <trkpt lat="43.723160000" lon="7.335730000">
        <ele>484.000</ele>
      </trkpt>
      <trkpt lat="43.723200000" lon="7.335880000">
        <ele>485.000</ele>
      </trkpt>
      <trkpt lat="43.723250000" lon="7.336020000">
        <ele>486.000</ele>
      </trkpt>
      <trkpt lat="43.723310000" lon="7.336130000">
        <ele>486.000</ele>
      </trkpt>
      <trkpt lat="43.723420000" lon="7.336250000">
        <ele>487.000</ele>
      </trkpt>
      <trkpt lat="43.723490000" lon="7.336300000">
        <ele>487.000</ele>
      </trkpt>
      <trkpt lat="43.723550000" lon="7.336340000">
        <ele>488.000</ele>
      </trkpt>
      <trkpt lat="43.724140000" lon="7.336800000">
        <ele>488.000</ele>
      </trkpt>
      <trkpt lat="43.724350000" lon="7.336960000">
        <ele>489.000</ele>
      </trkpt>
      <trkpt lat="43.724390000" lon="7.336990000">
        <ele>490.000</ele>
      </trkpt>
      <trkpt lat="43.724440000" lon="7.337000000">
        <ele>490.000</ele>
      </trkpt>
      <trkpt lat="43.724490000" lon="7.337000000">
        <ele>490.000</ele>
      </trkpt>
      <trkpt lat="43.724540000" lon="7.337000000">
        <ele>490.000</ele>
      </trkpt>
      <trkpt lat="43.724590000" lon="7.336980000">
        <ele>491.000</ele>
      </trkpt>
      <trkpt lat="43.724640000" lon="7.336950000">
        <ele>491.000</ele>
      </trkpt>
      <trkpt lat="43.724720000" lon="7.336880000">
        <ele>491.000</ele>
      </trkpt>
      <trkpt lat="43.724800000" lon="7.336760000">
        <ele>491.000</ele>
      </trkpt>
      <trkpt lat="43.724900000" lon="7.336600000">
        <ele>491.000</ele>
      </trkpt>
      <trkpt lat="43.725000000" lon="7.336410000">
        <ele>492.000</ele>
      </trkpt>
      <trkpt lat="43.725230000" lon="7.335930000">
        <ele>493.000</ele>
      </trkpt>
      <trkpt lat="43.725320000" lon="7.335850000">
        <ele>493.000</ele>
      </trkpt>
      <trkpt lat="43.725400000" lon="7.335840000">
        <ele>494.000</ele>
      </trkpt>
      <trkpt lat="43.725460000" lon="7.335870000">
        <ele>494.000</ele>
      </trkpt>
      <trkpt lat="43.725510000" lon="7.335920000">
        <ele>495.000</ele>
      </trkpt>
      <trkpt lat="43.725730000" lon="7.336380000">
        <ele>495.000</ele>
      </trkpt>
      <trkpt lat="43.725870000" lon="7.336720000">
        <ele>496.000</ele>
      </trkpt>
      <trkpt lat="43.725970000" lon="7.337020000">
        <ele>497.000</ele>
      </trkpt>
      <trkpt lat="43.726160000" lon="7.337690000">
        <ele>498.000</ele>
      </trkpt>
      <trkpt lat="43.726210000" lon="7.337860000">
        <ele>498.000</ele>
      </trkpt>
      <trkpt lat="43.726230000" lon="7.337950000">
        <ele>499.000</ele>
      </trkpt>
      <trkpt lat="43.726240000" lon="7.338030000">
        <ele>499.000</ele>
      </trkpt>
      <trkpt lat="43.726350000" lon="7.338910000">
        <ele>500.000</ele>
      </trkpt>
      <trkpt lat="43.726380000" lon="7.339010000">
        <ele>500.000</ele>
      </trkpt>
      <trkpt lat="43.726410000" lon="7.339070000">
        <ele>500.000</ele>
      </trkpt>
      <trkpt lat="43.726440000" lon="7.339130000">
        <ele>501.000</ele>
      </trkpt>
      <trkpt lat="43.726470000" lon="7.339180000">
        <ele>501.000</ele>
      </trkpt>
      <trkpt lat="43.726520000" lon="7.339230000">
        <ele>501.000</ele>
      </trkpt>
      <trkpt lat="43.726570000" lon="7.339260000">
        <ele>501.000</ele>
      </trkpt>
      <trkpt lat="43.726630000" lon="7.339280000">
        <ele>501.000</ele>
      </trkpt>
      <trkpt lat="43.726790000" lon="7.339330000">
        <ele>501.000</ele>
      </trkpt>
      <trkpt lat="43.726830000" lon="7.339350000">
        <ele>501.000</ele>
      </trkpt>
      <trkpt lat="43.726870000" lon="7.339370000">
        <ele>501.000</ele>
      </trkpt>
      <trkpt lat="43.726900000" lon="7.339400000">
        <ele>501.000</ele>
      </trkpt>
      <trkpt lat="43.726920000" lon="7.339430000">
        <ele>501.000</ele>
      </trkpt>
      <trkpt lat="43.726940000" lon="7.339460000">
        <ele>501.000</ele>
      </trkpt>
      <trkpt lat="43.726970000" lon="7.339510000">
        <ele>501.000</ele>
      </trkpt>
      <trkpt lat="43.726990000" lon="7.339560000">
        <ele>501.000</ele>
      </trkpt>
      <trkpt lat="43.727010000" lon="7.339630000">
        <ele>501.000</ele>
      </trkpt>
      <trkpt lat="43.727010000" lon="7.339710000">
        <ele>501.000</ele>
      </trkpt>
      <trkpt lat="43.727010000" lon="7.339770000">
        <ele>500.000</ele>
      </trkpt>
      <trkpt lat="43.726990000" lon="7.339840000">
        <ele>500.000</ele>
      </trkpt>
      <trkpt lat="43.726980000" lon="7.339910000">
        <ele>500.000</ele>
      </trkpt>
      <trkpt lat="43.726090000" lon="7.342540000">
        <ele>499.000</ele>
      </trkpt>
      <trkpt lat="43.726080000" lon="7.342650000">
        <ele>498.000</ele>
      </trkpt>
      <trkpt lat="43.726080000" lon="7.342760000">
        <ele>497.000</ele>
      </trkpt>
      <trkpt lat="43.726190000" lon="7.343390000">
        <ele>497.000</ele>
      </trkpt>
      <trkpt lat="43.726220000" lon="7.343470000">
        <ele>497.000</ele>
      </trkpt>
      <trkpt lat="43.726240000" lon="7.343540000">
        <ele>498.000</ele>
      </trkpt>
      <trkpt lat="43.726300000" lon="7.343590000">
        <ele>498.000</ele>
      </trkpt>
      <trkpt lat="43.726370000" lon="7.343630000">
        <ele>498.000</ele>
      </trkpt>
      <trkpt lat="43.726940000" lon="7.343630000">
        <ele>499.000</ele>
      </trkpt>
      <trkpt lat="43.727670000" lon="7.343650000">
        <ele>500.000</ele>
      </trkpt>
      <trkpt lat="43.727830000" lon="7.343630000">
        <ele>501.000</ele>
      </trkpt>
      <trkpt lat="43.727980000" lon="7.343590000">
        <ele>501.000</ele>
      </trkpt>
      <trkpt lat="43.728210000" lon="7.343490000">
        <ele>502.000</ele>
      </trkpt>
      <trkpt lat="43.728920000" lon="7.343000000">
        <ele>502.000</ele>
      </trkpt>
      <trkpt lat="43.729090000" lon="7.342950000">
        <ele>503.000</ele>
      </trkpt>
      <trkpt lat="43.729700000" lon="7.342860000">
        <ele>503.000</ele>
      </trkpt>
      <trkpt lat="43.729860000" lon="7.342810000">
        <ele>503.000</ele>
      </trkpt>
      <trkpt lat="43.730130000" lon="7.342620000">
        <ele>503.000</ele>
      </trkpt>
      <trkpt lat="43.730270000" lon="7.342480000">
        <ele>503.000</ele>
      </trkpt>
      <trkpt lat="43.730390000" lon="7.342300000">
        <ele>503.000</ele>
      </trkpt>
      <trkpt lat="43.730620000" lon="7.341860000">
        <ele>502.000</ele>
      </trkpt>
      <trkpt lat="43.730720000" lon="7.341730000">
        <ele>502.000</ele>
      </trkpt>
      <trkpt lat="43.730790000" lon="7.341670000">
        <ele>502.000</ele>
      </trkpt>
      <trkpt lat="43.730880000" lon="7.341640000">
        <ele>501.000</ele>
      </trkpt>
      <trkpt lat="43.730950000" lon="7.341610000">
        <ele>501.000</ele>
      </trkpt>
      <trkpt lat="43.731030000" lon="7.341620000">
        <ele>501.000</ele>
      </trkpt>
      <trkpt lat="43.731160000" lon="7.341670000">
        <ele>501.000</ele>
      </trkpt>
      <trkpt lat="43.731200000" lon="7.341700000">
        <ele>501.000</ele>
      </trkpt>
      <trkpt lat="43.731330000" lon="7.341850000">
        <ele>500.000</ele>
      </trkpt>
      <trkpt lat="43.731740000" lon="7.342450000">
        <ele>499.000</ele>
      </trkpt>
      <trkpt lat="43.732030000" lon="7.342910000">
        <ele>498.000</ele>
      </trkpt>
      <trkpt lat="43.732190000" lon="7.343170000">
        <ele>497.000</ele>
      </trkpt>
      <trkpt lat="43.732220000" lon="7.343230000">
        <ele>496.000</ele>
      </trkpt>
      <trkpt lat="43.732240000" lon="7.343300000">
        <ele>495.000</ele>
      </trkpt>
      <trkpt lat="43.732250000" lon="7.343400000">
        <ele>495.000</ele>
      </trkpt>
      <trkpt lat="43.732240000" lon="7.343780000">
        <ele>494.000</ele>
      </trkpt>
      <trkpt lat="43.732230000" lon="7.343910000">
        <ele>494.000</ele>
      </trkpt>
      <trkpt lat="43.732160000" lon="7.344310000">
        <ele>494.000</ele>
      </trkpt>
      <trkpt lat="43.732150000" lon="7.344450000">
        <ele>494.000</ele>
      </trkpt>
      <trkpt lat="43.732150000" lon="7.344610000">
        <ele>495.000</ele>
      </trkpt>
      <trkpt lat="43.732160000" lon="7.344780000">
        <ele>495.000</ele>
      </trkpt>
      <trkpt lat="43.732190000" lon="7.345070000">
        <ele>496.000</ele>
      </trkpt>
      <trkpt lat="43.732270000" lon="7.345590000">
        <ele>497.000</ele>
      </trkpt>
      <trkpt lat="43.732330000" lon="7.345910000">
        <ele>498.000</ele>
      </trkpt>
      <trkpt lat="43.732380000" lon="7.346090000">
        <ele>499.000</ele>
      </trkpt>
      <trkpt lat="43.732440000" lon="7.346180000">
        <ele>500.000</ele>
      </trkpt>
      <trkpt lat="43.732490000" lon="7.346220000">
        <ele>500.000</ele>
      </trkpt>
      <trkpt lat="43.732550000" lon="7.346250000">
        <ele>501.000</ele>
      </trkpt>
      <trkpt lat="43.732640000" lon="7.346240000">
        <ele>501.000</ele>
      </trkpt>
      <trkpt lat="43.732740000" lon="7.346210000">
        <ele>502.000</ele>
      </trkpt>
      <trkpt lat="43.732840000" lon="7.346140000">
        <ele>502.000</ele>
      </trkpt>
      <trkpt lat="43.733290000" lon="7.345810000">
        <ele>503.000</ele>
      </trkpt>
      <trkpt lat="43.733420000" lon="7.345750000">
        <ele>503.000</ele>
      </trkpt>
      <trkpt lat="43.733500000" lon="7.345730000">
        <ele>504.000</ele>
      </trkpt>
      <trkpt lat="43.733590000" lon="7.345750000">
        <ele>505.000</ele>
      </trkpt>
      <trkpt lat="43.733690000" lon="7.345800000">
        <ele>505.000</ele>
      </trkpt>
      <trkpt lat="43.733770000" lon="7.345890000">
        <ele>505.000</ele>
      </trkpt>
      <trkpt lat="43.733820000" lon="7.345980000">
        <ele>506.000</ele>
      </trkpt>
      <trkpt lat="43.733880000" lon="7.346100000">
        <ele>506.000</ele>
      </trkpt>
      <trkpt lat="43.733960000" lon="7.346380000">
        <ele>507.000</ele>
      </trkpt>
      <trkpt lat="43.734040000" lon="7.346630000">
        <ele>506.000</ele>
      </trkpt>
      <trkpt lat="43.733950000" lon="7.346700000">
        <ele>506.000</ele>
      </trkpt>
      <trkpt lat="43.733920000" lon="7.346750000">
        <ele>505.000</ele>
      </trkpt>
      <trkpt lat="43.733720000" lon="7.347230000">
        <ele>503.000</ele>
      </trkpt>
      <trkpt lat="43.733390000" lon="7.348030000">
        <ele>500.000</ele>
      </trkpt>
      <trkpt lat="43.733330000" lon="7.348150000">
        <ele>497.000</ele>
      </trkpt>
      <trkpt lat="43.733180000" lon="7.348450000">
        <ele>494.000</ele>
      </trkpt>
      <trkpt lat="43.733120000" lon="7.348560000">
        <ele>492.000</ele>
      </trkpt>
      <trkpt lat="43.733110000" lon="7.348640000">
        <ele>490.000</ele>
      </trkpt>
      <trkpt lat="43.733130000" lon="7.348690000">
        <ele>489.000</ele>
      </trkpt>
      <trkpt lat="43.733170000" lon="7.348710000">
        <ele>488.000</ele>
      </trkpt>
      <trkpt lat="43.733510000" lon="7.348680000">
        <ele>486.000</ele>
      </trkpt>
      <trkpt lat="43.733550000" lon="7.348690000">
        <ele>485.000</ele>
      </trkpt>
      <trkpt lat="43.733590000" lon="7.348720000">
        <ele>484.000</ele>
      </trkpt>
      <trkpt lat="43.733620000" lon="7.348760000">
        <ele>484.000</ele>
      </trkpt>
      <trkpt lat="43.733650000" lon="7.348840000">
        <ele>483.000</ele>
      </trkpt>
      <trkpt lat="43.733760000" lon="7.349200000">
        <ele>482.000</ele>
      </trkpt>
      <trkpt lat="43.733780000" lon="7.349270000">
        <ele>481.000</ele>
      </trkpt>
      <trkpt lat="43.733830000" lon="7.349340000">
        <ele>480.000</ele>
      </trkpt>
      <trkpt lat="43.733880000" lon="7.349420000">
        <ele>479.000</ele>
      </trkpt>
      <trkpt lat="43.733920000" lon="7.349490000">
        <ele>478.000</ele>
      </trkpt>
      <trkpt lat="43.733970000" lon="7.349610000">
        <ele>477.000</ele>
      </trkpt>
      <trkpt lat="43.734330000" lon="7.350680000">
        <ele>474.000</ele>
      </trkpt>
      <trkpt lat="43.734490000" lon="7.351110000">
        <ele>471.000</ele>
      </trkpt>
      <trkpt lat="43.734540000" lon="7.351230000">
        <ele>469.000</ele>
      </trkpt>
      <trkpt lat="43.734640000" lon="7.351340000">
        <ele>467.000</ele>
      </trkpt>
      <trkpt lat="43.734750000" lon="7.351420000">
        <ele>465.000</ele>
      </trkpt>
      <trkpt lat="43.734860000" lon="7.351460000">
        <ele>463.000</ele>
      </trkpt>
      <trkpt lat="43.734970000" lon="7.351500000">
        <ele>462.000</ele>
      </trkpt>
      <trkpt lat="43.735040000" lon="7.351510000">
        <ele>461.000</ele>
      </trkpt>
      <trkpt lat="43.735060000" lon="7.351530000">
        <ele>460.000</ele>
      </trkpt>
      <trkpt lat="43.735080000" lon="7.351580000">
        <ele>459.000</ele>
      </trkpt>
      <trkpt lat="43.735070000" lon="7.351630000">
        <ele>459.000</ele>
      </trkpt>
      <trkpt lat="43.735060000" lon="7.351660000">
        <ele>458.000</ele>
      </trkpt>
      <trkpt lat="43.735020000" lon="7.351680000">
        <ele>458.000</ele>
      </trkpt>
      <trkpt lat="43.734970000" lon="7.351690000">
        <ele>457.000</ele>
      </trkpt>
      <trkpt lat="43.734780000" lon="7.351700000">
        <ele>456.000</ele>
      </trkpt>
      <trkpt lat="43.734740000" lon="7.351700000">
        <ele>456.000</ele>
      </trkpt>
      <trkpt lat="43.734680000" lon="7.351700000">
        <ele>455.000</ele>
      </trkpt>
      <trkpt lat="43.734590000" lon="7.351680000">
        <ele>454.000</ele>
      </trkpt>
      <trkpt lat="43.734490000" lon="7.351640000">
        <ele>453.000</ele>
      </trkpt>
      <trkpt lat="43.734400000" lon="7.351600000">
        <ele>452.000</ele>
      </trkpt>
      <trkpt lat="43.734330000" lon="7.351550000">
        <ele>451.000</ele>
      </trkpt>
      <trkpt lat="43.734270000" lon="7.351490000">
        <ele>450.000</ele>
      </trkpt>
      <trkpt lat="43.734220000" lon="7.351450000">
        <ele>449.000</ele>
      </trkpt>
      <trkpt lat="43.734170000" lon="7.351460000">
        <ele>448.000</ele>
      </trkpt>
      <trkpt lat="43.734150000" lon="7.351470000">
        <ele>448.000</ele>
      </trkpt>
      <trkpt lat="43.734120000" lon="7.351490000">
        <ele>447.000</ele>
      </trkpt>
      <trkpt lat="43.734090000" lon="7.351530000">
        <ele>446.000</ele>
      </trkpt>
      <trkpt lat="43.734070000" lon="7.351560000">
        <ele>446.000</ele>
      </trkpt>
      <trkpt lat="43.733920000" lon="7.352030000">
        <ele>444.000</ele>
      </trkpt>
      <trkpt lat="43.733900000" lon="7.352120000">
        <ele>442.000</ele>
      </trkpt>
      <trkpt lat="43.733840000" lon="7.352280000">
        <ele>440.000</ele>
      </trkpt>
      <trkpt lat="43.733800000" lon="7.352430000">
        <ele>438.000</ele>
      </trkpt>
      <trkpt lat="43.733810000" lon="7.352670000">
        <ele>436.000</ele>
      </trkpt>
      <trkpt lat="43.733760000" lon="7.352850000">
        <ele>434.000</ele>
      </trkpt>
      <trkpt lat="43.733630000" lon="7.353250000">
        <ele>431.000</ele>
      </trkpt>
      <trkpt lat="43.733590000" lon="7.353380000">
        <ele>428.000</ele>
      </trkpt>
      <trkpt lat="43.733570000" lon="7.353580000">
        <ele>426.000</ele>
      </trkpt>
      <trkpt lat="43.733540000" lon="7.353940000">
        <ele>424.000</ele>
      </trkpt>
      <trkpt lat="43.733530000" lon="7.354160000">
        <ele>422.000</ele>
      </trkpt>
      <trkpt lat="43.733510000" lon="7.354320000">
        <ele>420.000</ele>
      </trkpt>
      <trkpt lat="43.733470000" lon="7.354440000">
        <ele>418.000</ele>
      </trkpt>
      <trkpt lat="43.733420000" lon="7.354550000">
        <ele>417.000</ele>
      </trkpt>
      <trkpt lat="43.733340000" lon="7.354700000">
        <ele>415.000</ele>
      </trkpt>
      <trkpt lat="43.733240000" lon="7.354890000">
        <ele>414.000</ele>
      </trkpt>
      <trkpt lat="43.733140000" lon="7.355100000">
        <ele>412.000</ele>
      </trkpt>
      <trkpt lat="43.733060000" lon="7.355280000">
        <ele>411.000</ele>
      </trkpt>
      <trkpt lat="43.732920000" lon="7.355600000">
        <ele>408.000</ele>
      </trkpt>
      <trkpt lat="43.732900000" lon="7.355690000">
        <ele>407.000</ele>
      </trkpt>
      <trkpt lat="43.732890000" lon="7.355770000">
        <ele>406.000</ele>
      </trkpt>
      <trkpt lat="43.732890000" lon="7.355860000">
        <ele>405.000</ele>
      </trkpt>
      <trkpt lat="43.732920000" lon="7.355970000">
        <ele>404.000</ele>
      </trkpt>
      <trkpt lat="43.732950000" lon="7.356070000">
        <ele>403.000</ele>
      </trkpt>
      <trkpt lat="43.733100000" lon="7.356290000">
        <ele>402.000</ele>
      </trkpt>
      <trkpt lat="43.733100000" lon="7.356290000">
        <ele>402.000</ele>
      </trkpt>
      <trkpt lat="43.733140000" lon="7.356340000">
        <ele>401.000</ele>
      </trkpt>
      <trkpt lat="43.733190000" lon="7.356480000">
        <ele>401.000</ele>
      </trkpt>
      <trkpt lat="43.733200000" lon="7.356590000">
        <ele>400.000</ele>
      </trkpt>
      <trkpt lat="43.733210000" lon="7.356720000">
        <ele>400.000</ele>
      </trkpt>
      <trkpt lat="43.733210000" lon="7.356840000">
        <ele>399.000</ele>
      </trkpt>
      <trkpt lat="43.733200000" lon="7.356900000">
        <ele>399.000</ele>
      </trkpt>
      <trkpt lat="43.733190000" lon="7.356960000">
        <ele>399.000</ele>
      </trkpt>
      <trkpt lat="43.733170000" lon="7.357070000">
        <ele>398.000</ele>
      </trkpt>
      <trkpt lat="43.733140000" lon="7.357170000">
        <ele>398.000</ele>
      </trkpt>
      <trkpt lat="43.733030000" lon="7.357390000">
        <ele>397.000</ele>
      </trkpt>
      <trkpt lat="43.732860000" lon="7.357600000">
        <ele>397.000</ele>
      </trkpt>
      <trkpt lat="43.732740000" lon="7.357740000">
        <ele>396.000</ele>
      </trkpt>
      <trkpt lat="43.732670000" lon="7.357850000">
        <ele>395.000</ele>
      </trkpt>
      <trkpt lat="43.732610000" lon="7.357970000">
        <ele>394.000</ele>
      </trkpt>
      <trkpt lat="43.732510000" lon="7.358250000">
        <ele>393.000</ele>
      </trkpt>
      <trkpt lat="43.732480000" lon="7.358300000">
        <ele>392.000</ele>
      </trkpt>
      <trkpt lat="43.732360000" lon="7.358430000">
        <ele>391.000</ele>
      </trkpt>
      <trkpt lat="43.732210000" lon="7.358570000">
        <ele>390.000</ele>
      </trkpt>
      <trkpt lat="43.732110000" lon="7.358720000">
        <ele>389.000</ele>
      </trkpt>
      <trkpt lat="43.732000000" lon="7.358940000">
        <ele>387.000</ele>
      </trkpt>
      <trkpt lat="43.731910000" lon="7.359160000">
        <ele>386.000</ele>
      </trkpt>
      <trkpt lat="43.731860000" lon="7.359380000">
        <ele>384.000</ele>
      </trkpt>
      <trkpt lat="43.731840000" lon="7.359610000">
        <ele>383.000</ele>
      </trkpt>
      <trkpt lat="43.731820000" lon="7.359980000">
        <ele>381.000</ele>
      </trkpt>
      <trkpt lat="43.731800000" lon="7.360120000">
        <ele>379.000</ele>
      </trkpt>
      <trkpt lat="43.731740000" lon="7.360210000">
        <ele>378.000</ele>
      </trkpt>
      <trkpt lat="43.731680000" lon="7.360290000">
        <ele>377.000</ele>
      </trkpt>
      <trkpt lat="43.731530000" lon="7.360360000">
        <ele>376.000</ele>
      </trkpt>
      <trkpt lat="43.731410000" lon="7.360420000">
        <ele>374.000</ele>
      </trkpt>
      <trkpt lat="43.731340000" lon="7.360460000">
        <ele>373.000</ele>
      </trkpt>
      <trkpt lat="43.731240000" lon="7.360530000">
        <ele>372.000</ele>
      </trkpt>
      <trkpt lat="43.731140000" lon="7.360650000">
        <ele>371.000</ele>
      </trkpt>
      <trkpt lat="43.731020000" lon="7.360780000">
        <ele>369.000</ele>
      </trkpt>
      <trkpt lat="43.730920000" lon="7.360900000">
        <ele>368.000</ele>
      </trkpt>
      <trkpt lat="43.730830000" lon="7.360980000">
        <ele>366.000</ele>
      </trkpt>
      <trkpt lat="43.730720000" lon="7.361060000">
        <ele>365.000</ele>
      </trkpt>
      <trkpt lat="43.730390000" lon="7.361230000">
        <ele>363.000</ele>
      </trkpt>
      <trkpt lat="43.730200000" lon="7.361330000">
        <ele>361.000</ele>
      </trkpt>
      <trkpt lat="43.730080000" lon="7.361390000">
        <ele>359.000</ele>
      </trkpt>
      <trkpt lat="43.729970000" lon="7.361370000">
        <ele>358.000</ele>
      </trkpt>
      <trkpt lat="43.729890000" lon="7.361370000">
        <ele>357.000</ele>
      </trkpt>
      <trkpt lat="43.729860000" lon="7.361360000">
        <ele>356.000</ele>
      </trkpt>
      <trkpt lat="43.729830000" lon="7.361360000">
        <ele>356.000</ele>
      </trkpt>
      <trkpt lat="43.729840000" lon="7.361220000">
        <ele>355.000</ele>
      </trkpt>
      <trkpt lat="43.729840000" lon="7.361130000">
        <ele>355.000</ele>
      </trkpt>
      <trkpt lat="43.729830000" lon="7.360930000">
        <ele>354.000</ele>
      </trkpt>
      <trkpt lat="43.729820000" lon="7.360640000">
        <ele>353.000</ele>
      </trkpt>
      <trkpt lat="43.729820000" lon="7.360570000">
        <ele>353.000</ele>
      </trkpt>
      <trkpt lat="43.729810000" lon="7.360370000">
        <ele>352.000</ele>
      </trkpt>
      <trkpt lat="43.729750000" lon="7.358270000">
        <ele>349.000</ele>
      </trkpt>
      <trkpt lat="43.729750000" lon="7.358220000">
        <ele>347.000</ele>
      </trkpt>
      <trkpt lat="43.729740000" lon="7.358190000">
        <ele>345.000</ele>
      </trkpt>
      <trkpt lat="43.729730000" lon="7.358140000">
        <ele>344.000</ele>
      </trkpt>
      <trkpt lat="43.729700000" lon="7.358070000">
        <ele>344.000</ele>
      </trkpt>
      <trkpt lat="43.729650000" lon="7.357970000">
        <ele>343.000</ele>
      </trkpt>
      <trkpt lat="43.729600000" lon="7.357900000">
        <ele>343.000</ele>
      </trkpt>
      <trkpt lat="43.729310000" lon="7.357550000">
        <ele>342.000</ele>
      </trkpt>
      <trkpt lat="43.729220000" lon="7.357450000">
        <ele>342.000</ele>
      </trkpt>
      <trkpt lat="43.729130000" lon="7.357380000">
        <ele>342.000</ele>
      </trkpt>
      <trkpt lat="43.729060000" lon="7.357340000">
        <ele>342.000</ele>
      </trkpt>
      <trkpt lat="43.728870000" lon="7.357310000">
        <ele>342.000</ele>
      </trkpt>
      <trkpt lat="43.728780000" lon="7.357280000">
        <ele>341.000</ele>
      </trkpt>
      <trkpt lat="43.728660000" lon="7.357200000">
        <ele>341.000</ele>
      </trkpt>
      <trkpt lat="43.728360000" lon="7.357000000">
        <ele>341.000</ele>
      </trkpt>
      <trkpt lat="43.728260000" lon="7.356900000">
        <ele>341.000</ele>
      </trkpt>
      <trkpt lat="43.728200000" lon="7.356840000">
        <ele>341.000</ele>
      </trkpt>
      <trkpt lat="43.728140000" lon="7.356750000">
        <ele>341.000</ele>
      </trkpt>
      <trkpt lat="43.728090000" lon="7.356670000">
        <ele>341.000</ele>
      </trkpt>
      <trkpt lat="43.728050000" lon="7.356560000">
        <ele>341.000</ele>
      </trkpt>
      <trkpt lat="43.728010000" lon="7.356430000">
        <ele>341.000</ele>
      </trkpt>
      <trkpt lat="43.727990000" lon="7.356310000">
        <ele>342.000</ele>
      </trkpt>
      <trkpt lat="43.727970000" lon="7.356170000">
        <ele>342.000</ele>
      </trkpt>
      <trkpt lat="43.727950000" lon="7.355960000">
        <ele>342.000</ele>
      </trkpt>
      <trkpt lat="43.727950000" lon="7.355610000">
        <ele>343.000</ele>
      </trkpt>
      <trkpt lat="43.727940000" lon="7.355410000">
        <ele>343.000</ele>
      </trkpt>
      <trkpt lat="43.727920000" lon="7.355270000">
        <ele>344.000</ele>
      </trkpt>
      <trkpt lat="43.727890000" lon="7.355140000">
        <ele>344.000</ele>
      </trkpt>
      <trkpt lat="43.727810000" lon="7.354960000">
        <ele>345.000</ele>
      </trkpt>
      <trkpt lat="43.727640000" lon="7.354650000">
        <ele>345.000</ele>
      </trkpt>
      <trkpt lat="43.727430000" lon="7.354210000">
        <ele>345.000</ele>
      </trkpt>
      <trkpt lat="43.727220000" lon="7.353650000">
        <ele>345.000</ele>
      </trkpt>
      <trkpt lat="43.726960000" lon="7.352920000">
        <ele>345.000</ele>
      </trkpt>
      <trkpt lat="43.726930000" lon="7.352790000">
        <ele>345.000</ele>
      </trkpt>
      <trkpt lat="43.726890000" lon="7.352640000">
        <ele>344.000</ele>
      </trkpt>
      <trkpt lat="43.726870000" lon="7.352490000">
        <ele>344.000</ele>
      </trkpt>
      <trkpt lat="43.726860000" lon="7.352320000">
        <ele>344.000</ele>
      </trkpt>
      <trkpt lat="43.726860000" lon="7.352150000">
        <ele>343.000</ele>
      </trkpt>
      <trkpt lat="43.726890000" lon="7.351880000">
        <ele>342.000</ele>
      </trkpt>
      <trkpt lat="43.726970000" lon="7.351130000">
        <ele>340.000</ele>
      </trkpt>
      <trkpt lat="43.727020000" lon="7.350690000">
        <ele>337.000</ele>
      </trkpt>
      <trkpt lat="43.727020000" lon="7.350520000">
        <ele>335.000</ele>
      </trkpt>
      <trkpt lat="43.727020000" lon="7.350400000">
        <ele>333.000</ele>
      </trkpt>
      <trkpt lat="43.727000000" lon="7.350260000">
        <ele>332.000</ele>
      </trkpt>
      <trkpt lat="43.726980000" lon="7.350130000">
        <ele>331.000</ele>
      </trkpt>
      <trkpt lat="43.726940000" lon="7.349990000">
        <ele>329.000</ele>
      </trkpt>
      <trkpt lat="43.726860000" lon="7.349820000">
        <ele>328.000</ele>
      </trkpt>
      <trkpt lat="43.726770000" lon="7.349630000">
        <ele>327.000</ele>
      </trkpt>
      <trkpt lat="43.726270000" lon="7.348740000">
        <ele>325.000</ele>
      </trkpt>
      <trkpt lat="43.726260000" lon="7.348710000">
        <ele>324.000</ele>
      </trkpt>
      <trkpt lat="43.726260000" lon="7.348710000">
        <ele>323.000</ele>
      </trkpt>
      <trkpt lat="43.726170000" lon="7.348540000">
        <ele>323.000</ele>
      </trkpt>
      <trkpt lat="43.726060000" lon="7.348330000">
        <ele>322.000</ele>
      </trkpt>
      <trkpt lat="43.725940000" lon="7.348110000">
        <ele>321.000</ele>
      </trkpt>
      <trkpt lat="43.725810000" lon="7.347950000">
        <ele>320.000</ele>
      </trkpt>
      <trkpt lat="43.725700000" lon="7.347840000">
        <ele>320.000</ele>
      </trkpt>
      <trkpt lat="43.725580000" lon="7.347760000">
        <ele>319.000</ele>
      </trkpt>
      <trkpt lat="43.725450000" lon="7.347700000">
        <ele>318.000</ele>
      </trkpt>
      <trkpt lat="43.725300000" lon="7.347670000">
        <ele>317.000</ele>
      </trkpt>
      <trkpt lat="43.725160000" lon="7.347670000">
        <ele>316.000</ele>
      </trkpt>
      <trkpt lat="43.725010000" lon="7.347680000">
        <ele>315.000</ele>
      </trkpt>
      <trkpt lat="43.724830000" lon="7.347710000">
        <ele>314.000</ele>
      </trkpt>
      <trkpt lat="43.724730000" lon="7.347710000">
        <ele>312.000</ele>
      </trkpt>
      <trkpt lat="43.724630000" lon="7.347700000">
        <ele>311.000</ele>
      </trkpt>
      <trkpt lat="43.724530000" lon="7.347680000">
        <ele>310.000</ele>
      </trkpt>
      <trkpt lat="43.724420000" lon="7.347640000">
        <ele>309.000</ele>
      </trkpt>
      <trkpt lat="43.724290000" lon="7.347560000">
        <ele>308.000</ele>
      </trkpt>
      <trkpt lat="43.724130000" lon="7.347410000">
        <ele>307.000</ele>
      </trkpt>
      <trkpt lat="43.723920000" lon="7.347190000">
        <ele>306.000</ele>
      </trkpt>
      <trkpt lat="43.723640000" lon="7.346790000">
        <ele>305.000</ele>
      </trkpt>
      <trkpt lat="43.723490000" lon="7.346450000">
        <ele>304.000</ele>
      </trkpt>
      <trkpt lat="43.723410000" lon="7.346170000">
        <ele>304.000</ele>
      </trkpt>
      <trkpt lat="43.723360000" lon="7.345950000">
        <ele>304.000</ele>
      </trkpt>
      <trkpt lat="43.723350000" lon="7.345740000">
        <ele>304.000</ele>
      </trkpt>
      <trkpt lat="43.723340000" lon="7.345550000">
        <ele>304.000</ele>
      </trkpt>
      <trkpt lat="43.723340000" lon="7.345320000">
        <ele>304.000</ele>
      </trkpt>
      <trkpt lat="43.723360000" lon="7.345000000">
        <ele>304.000</ele>
      </trkpt>
      <trkpt lat="43.723360000" lon="7.344700000">
        <ele>304.000</ele>
      </trkpt>
      <trkpt lat="43.723350000" lon="7.344560000">
        <ele>304.000</ele>
      </trkpt>
      <trkpt lat="43.723320000" lon="7.344420000">
        <ele>303.000</ele>
      </trkpt>
      <trkpt lat="43.723250000" lon="7.344250000">
        <ele>301.000</ele>
      </trkpt>
      <trkpt lat="43.723200000" lon="7.344150000">
        <ele>300.000</ele>
      </trkpt>
      <trkpt lat="43.723130000" lon="7.344050000">
        <ele>298.000</ele>
      </trkpt>
      <trkpt lat="43.723050000" lon="7.343990000">
        <ele>296.000</ele>
      </trkpt>
      <trkpt lat="43.722990000" lon="7.343940000">
        <ele>295.000</ele>
      </trkpt>
      <trkpt lat="43.722910000" lon="7.343910000">
        <ele>293.000</ele>
      </trkpt>
      <trkpt lat="43.722820000" lon="7.343900000">
        <ele>292.000</ele>
      </trkpt>
      <trkpt lat="43.722750000" lon="7.343880000">
        <ele>290.000</ele>
      </trkpt>
      <trkpt lat="43.722710000" lon="7.343880000">
        <ele>289.000</ele>
      </trkpt>
      <trkpt lat="43.722670000" lon="7.343890000">
        <ele>288.000</ele>
      </trkpt>
      <trkpt lat="43.722640000" lon="7.343890000">
        <ele>287.000</ele>
      </trkpt>
      <trkpt lat="43.722600000" lon="7.343910000">
        <ele>286.000</ele>
      </trkpt>
      <trkpt lat="43.722550000" lon="7.343930000">
        <ele>285.000</ele>
      </trkpt>
      <trkpt lat="43.722330000" lon="7.344050000">
        <ele>283.000</ele>
      </trkpt>
      <trkpt lat="43.722240000" lon="7.344090000">
        <ele>281.000</ele>
      </trkpt>
      <trkpt lat="43.722180000" lon="7.344120000">
        <ele>279.000</ele>
      </trkpt>
      <trkpt lat="43.722110000" lon="7.344130000">
        <ele>278.000</ele>
      </trkpt>
      <trkpt lat="43.722030000" lon="7.344150000">
        <ele>276.000</ele>
      </trkpt>
      <trkpt lat="43.721960000" lon="7.344150000">
        <ele>275.000</ele>
      </trkpt>
      <trkpt lat="43.721890000" lon="7.344150000">
        <ele>273.000</ele>
      </trkpt>
      <trkpt lat="43.721810000" lon="7.344140000">
        <ele>273.000</ele>
      </trkpt>
      <trkpt lat="43.721740000" lon="7.344130000">
        <ele>272.000</ele>
      </trkpt>
      <trkpt lat="43.721670000" lon="7.344110000">
        <ele>272.000</ele>
      </trkpt>
      <trkpt lat="43.721580000" lon="7.344070000">
        <ele>272.000</ele>
      </trkpt>
      <trkpt lat="43.721510000" lon="7.344030000">
        <ele>273.000</ele>
      </trkpt>
      <trkpt lat="43.721440000" lon="7.343980000">
        <ele>273.000</ele>
      </trkpt>
      <trkpt lat="43.721380000" lon="7.343940000">
        <ele>273.000</ele>
      </trkpt>
      <trkpt lat="43.721310000" lon="7.343870000">
        <ele>274.000</ele>
      </trkpt>
      <trkpt lat="43.721250000" lon="7.343800000">
        <ele>274.000</ele>
      </trkpt>
      <trkpt lat="43.721190000" lon="7.343730000">
        <ele>275.000</ele>
      </trkpt>
      <trkpt lat="43.721150000" lon="7.343670000">
        <ele>275.000</ele>
      </trkpt>
      <trkpt lat="43.721110000" lon="7.343610000">
        <ele>276.000</ele>
      </trkpt>
      <trkpt lat="43.721070000" lon="7.343540000">
        <ele>276.000</ele>
      </trkpt>
      <trkpt lat="43.721030000" lon="7.343450000">
        <ele>277.000</ele>
      </trkpt>
      <trkpt lat="43.720950000" lon="7.343130000">
        <ele>277.000</ele>
      </trkpt>
      <trkpt lat="43.720910000" lon="7.343010000">
        <ele>278.000</ele>
      </trkpt>
      <trkpt lat="43.720840000" lon="7.342700000">
        <ele>279.000</ele>
      </trkpt>
      <trkpt lat="43.720780000" lon="7.342260000">
        <ele>281.000</ele>
      </trkpt>
      <trkpt lat="43.720710000" lon="7.341820000">
        <ele>282.000</ele>
      </trkpt>
      <trkpt lat="43.720690000" lon="7.341620000">
        <ele>282.000</ele>
      </trkpt>
      <trkpt lat="43.720680000" lon="7.341520000">
        <ele>283.000</ele>
      </trkpt>
      <trkpt lat="43.720670000" lon="7.341430000">
        <ele>283.000</ele>
      </trkpt>
      <trkpt lat="43.720660000" lon="7.340960000">
        <ele>283.000</ele>
      </trkpt>
      <trkpt lat="43.720660000" lon="7.340670000">
        <ele>283.000</ele>
      </trkpt>
      <trkpt lat="43.720660000" lon="7.340480000">
        <ele>283.000</ele>
      </trkpt>
      <trkpt lat="43.720630000" lon="7.339530000">
        <ele>283.000</ele>
      </trkpt>
      <trkpt lat="43.720620000" lon="7.339370000">
        <ele>283.000</ele>
      </trkpt>
      <trkpt lat="43.720600000" lon="7.339270000">
        <ele>283.000</ele>
      </trkpt>
      <trkpt lat="43.720580000" lon="7.339180000">
        <ele>283.000</ele>
      </trkpt>
      <trkpt lat="43.720540000" lon="7.339100000">
        <ele>282.000</ele>
      </trkpt>
      <trkpt lat="43.720490000" lon="7.339010000">
        <ele>282.000</ele>
      </trkpt>
      <trkpt lat="43.720440000" lon="7.338940000">
        <ele>282.000</ele>
      </trkpt>
      <trkpt lat="43.720370000" lon="7.338870000">
        <ele>281.000</ele>
      </trkpt>
      <trkpt lat="43.720320000" lon="7.338840000">
        <ele>281.000</ele>
      </trkpt>
      <trkpt lat="43.720260000" lon="7.338810000">
        <ele>281.000</ele>
      </trkpt>
      <trkpt lat="43.720200000" lon="7.338780000">
        <ele>280.000</ele>
      </trkpt>
      <trkpt lat="43.720120000" lon="7.338770000">
        <ele>280.000</ele>
      </trkpt>
      <trkpt lat="43.720030000" lon="7.338770000">
        <ele>280.000</ele>
      </trkpt>
      <trkpt lat="43.719900000" lon="7.338780000">
        <ele>279.000</ele>
      </trkpt>
      <trkpt lat="43.719750000" lon="7.338800000">
        <ele>279.000</ele>
      </trkpt>
      <trkpt lat="43.719670000" lon="7.338790000">
        <ele>278.000</ele>
      </trkpt>
      <trkpt lat="43.719580000" lon="7.338780000">
        <ele>278.000</ele>
      </trkpt>
      <trkpt lat="43.719490000" lon="7.338750000">
        <ele>277.000</ele>
      </trkpt>
      <trkpt lat="43.719420000" lon="7.338710000">
        <ele>277.000</ele>
      </trkpt>
      <trkpt lat="43.719350000" lon="7.338660000">
        <ele>276.000</ele>
      </trkpt>
      <trkpt lat="43.719290000" lon="7.338600000">
        <ele>276.000</ele>
      </trkpt>
      <trkpt lat="43.719230000" lon="7.338540000">
        <ele>276.000</ele>
      </trkpt>
      <trkpt lat="43.719180000" lon="7.338460000">
        <ele>275.000</ele>
      </trkpt>
      <trkpt lat="43.719120000" lon="7.338370000">
        <ele>275.000</ele>
      </trkpt>
      <trkpt lat="43.719070000" lon="7.338280000">
        <ele>275.000</ele>
      </trkpt>
      <trkpt lat="43.719010000" lon="7.338140000">
        <ele>275.000</ele>
      </trkpt>
      <trkpt lat="43.718900000" lon="7.337820000">
        <ele>275.000</ele>
      </trkpt>
      <trkpt lat="43.718810000" lon="7.337590000">
        <ele>275.000</ele>
      </trkpt>
      <trkpt lat="43.718780000" lon="7.337500000">
        <ele>275.000</ele>
      </trkpt>
      <trkpt lat="43.718740000" lon="7.337370000">
        <ele>275.000</ele>
      </trkpt>
      <trkpt lat="43.718660000" lon="7.337040000">
        <ele>275.000</ele>
      </trkpt>
      <trkpt lat="43.718590000" lon="7.336700000">
        <ele>275.000</ele>
      </trkpt>
      <trkpt lat="43.718550000" lon="7.336530000">
        <ele>275.000</ele>
      </trkpt>
      <trkpt lat="43.718490000" lon="7.336340000">
        <ele>275.000</ele>
      </trkpt>
      <trkpt lat="43.718430000" lon="7.336170000">
        <ele>275.000</ele>
      </trkpt>
      <trkpt lat="43.718360000" lon="7.336030000">
        <ele>275.000</ele>
      </trkpt>
      <trkpt lat="43.718180000" lon="7.335710000">
        <ele>276.000</ele>
      </trkpt>
      <trkpt lat="43.717960000" lon="7.335320000">
        <ele>276.000</ele>
      </trkpt>
      <trkpt lat="43.717740000" lon="7.334920000">
        <ele>276.000</ele>
      </trkpt>
      <trkpt lat="43.717670000" lon="7.334780000">
        <ele>277.000</ele>
      </trkpt>
      <trkpt lat="43.717630000" lon="7.334700000">
        <ele>277.000</ele>
      </trkpt>
      <trkpt lat="43.717600000" lon="7.334630000">
        <ele>277.000</ele>
      </trkpt>
      <trkpt lat="43.717330000" lon="7.334050000">
        <ele>278.000</ele>
      </trkpt>
      <trkpt lat="43.717140000" lon="7.333640000">
        <ele>279.000</ele>
      </trkpt>
      <trkpt lat="43.717050000" lon="7.333450000">
        <ele>279.000</ele>
      </trkpt>
      <trkpt lat="43.717000000" lon="7.333350000">
        <ele>280.000</ele>
      </trkpt>
      <trkpt lat="43.716980000" lon="7.333320000">
        <ele>281.000</ele>
      </trkpt>
      <trkpt lat="43.716960000" lon="7.333270000">
        <ele>281.000</ele>
      </trkpt>
      <trkpt lat="43.716910000" lon="7.333190000">
        <ele>281.000</ele>
      </trkpt>
      <trkpt lat="43.716890000" lon="7.333160000">
        <ele>282.000</ele>
      </trkpt>
      <trkpt lat="43.716850000" lon="7.333120000">
        <ele>282.000</ele>
      </trkpt>
      <trkpt lat="43.716800000" lon="7.333070000">
        <ele>282.000</ele>
      </trkpt>
      <trkpt lat="43.716750000" lon="7.333030000">
        <ele>282.000</ele>
      </trkpt>
      <trkpt lat="43.716690000" lon="7.332980000">
        <ele>283.000</ele>
      </trkpt>
      <trkpt lat="43.716580000" lon="7.332930000">
        <ele>283.000</ele>
      </trkpt>
      <trkpt lat="43.716490000" lon="7.332880000">
        <ele>284.000</ele>
      </trkpt>
      <trkpt lat="43.715100000" lon="7.332150000">
        <ele>286.000</ele>
      </trkpt>
      <trkpt lat="43.715040000" lon="7.332110000">
        <ele>288.000</ele>
      </trkpt>
      <trkpt lat="43.714950000" lon="7.332040000">
        <ele>288.000</ele>
      </trkpt>
      <trkpt lat="43.714870000" lon="7.331940000">
        <ele>288.000</ele>
      </trkpt>
      <trkpt lat="43.714810000" lon="7.331860000">
        <ele>288.000</ele>
      </trkpt>
      <trkpt lat="43.714520000" lon="7.331360000">
        <ele>286.000</ele>
      </trkpt>
      <trkpt lat="43.714220000" lon="7.330860000">
        <ele>283.000</ele>
      </trkpt>
      <trkpt lat="43.714070000" lon="7.330490000">
        <ele>279.000</ele>
      </trkpt>
      <trkpt lat="43.713770000" lon="7.329740000">
        <ele>275.000</ele>
      </trkpt>
      <trkpt lat="43.713250000" lon="7.328500000">
        <ele>269.000</ele>
      </trkpt>
      <trkpt lat="43.713120000" lon="7.328150000">
        <ele>264.000</ele>
      </trkpt>
      <trkpt lat="43.713030000" lon="7.327870000">
        <ele>260.000</ele>
      </trkpt>
      <trkpt lat="43.712950000" lon="7.327610000">
        <ele>257.000</ele>
      </trkpt>
      <trkpt lat="43.712900000" lon="7.327390000">
        <ele>255.000</ele>
      </trkpt>
      <trkpt lat="43.712710000" lon="7.326490000">
        <ele>251.000</ele>
      </trkpt>
      <trkpt lat="43.712630000" lon="7.326190000">
        <ele>248.000</ele>
      </trkpt>
      <trkpt lat="43.712600000" lon="7.326070000">
        <ele>246.000</ele>
      </trkpt>
      <trkpt lat="43.712560000" lon="7.325920000">
        <ele>244.000</ele>
      </trkpt>
      <trkpt lat="43.712430000" lon="7.325520000">
        <ele>242.000</ele>
      </trkpt>
      <trkpt lat="43.712320000" lon="7.325160000">
        <ele>240.000</ele>
      </trkpt>
      <trkpt lat="43.712270000" lon="7.324970000">
        <ele>238.000</ele>
      </trkpt>
      <trkpt lat="43.712240000" lon="7.324780000">
        <ele>237.000</ele>
      </trkpt>
      <trkpt lat="43.712220000" lon="7.324510000">
        <ele>235.000</ele>
      </trkpt>
      <trkpt lat="43.712220000" lon="7.324290000">
        <ele>234.000</ele>
      </trkpt>
      <trkpt lat="43.712240000" lon="7.324100000">
        <ele>233.000</ele>
      </trkpt>
      <trkpt lat="43.712270000" lon="7.323880000">
        <ele>232.000</ele>
      </trkpt>
      <trkpt lat="43.712370000" lon="7.323450000">
        <ele>230.000</ele>
      </trkpt>
      <trkpt lat="43.712560000" lon="7.322500000">
        <ele>228.000</ele>
      </trkpt>
      <trkpt lat="43.712680000" lon="7.322050000">
        <ele>226.000</ele>
      </trkpt>
      <trkpt lat="43.712780000" lon="7.321830000">
        <ele>224.000</ele>
      </trkpt>
      <trkpt lat="43.712890000" lon="7.321640000">
        <ele>222.000</ele>
      </trkpt>
      <trkpt lat="43.713190000" lon="7.321220000">
        <ele>219.000</ele>
      </trkpt>
      <trkpt lat="43.713260000" lon="7.321110000">
        <ele>217.000</ele>
      </trkpt>
      <trkpt lat="43.713280000" lon="7.321020000">
        <ele>216.000</ele>
      </trkpt>
      <trkpt lat="43.713300000" lon="7.320860000">
        <ele>215.000</ele>
      </trkpt>
      <trkpt lat="43.713320000" lon="7.320730000">
        <ele>213.000</ele>
      </trkpt>
      <trkpt lat="43.713320000" lon="7.320560000">
        <ele>212.000</ele>
      </trkpt>
      <trkpt lat="43.713290000" lon="7.320420000">
        <ele>211.000</ele>
      </trkpt>
      <trkpt lat="43.713230000" lon="7.320280000">
        <ele>210.000</ele>
      </trkpt>
      <trkpt lat="43.713140000" lon="7.320180000">
        <ele>210.000</ele>
      </trkpt>
      <trkpt lat="43.713070000" lon="7.320110000">
        <ele>209.000</ele>
      </trkpt>
      <trkpt lat="43.712960000" lon="7.320060000">
        <ele>209.000</ele>
      </trkpt>
      <trkpt lat="43.712850000" lon="7.320040000">
        <ele>208.000</ele>
      </trkpt>
      <trkpt lat="43.712600000" lon="7.320050000">
        <ele>208.000</ele>
      </trkpt>
      <trkpt lat="43.712590000" lon="7.320050000">
        <ele>207.000</ele>
      </trkpt>
      <trkpt lat="43.712350000" lon="7.320070000">
        <ele>207.000</ele>
      </trkpt>
      <trkpt lat="43.712320000" lon="7.320070000">
        <ele>207.000</ele>
      </trkpt>
      <trkpt lat="43.712190000" lon="7.320080000">
        <ele>206.000</ele>
      </trkpt>
      <trkpt lat="43.712110000" lon="7.320070000">
        <ele>206.000</ele>
      </trkpt>
      <trkpt lat="43.712040000" lon="7.320030000">
        <ele>206.000</ele>
      </trkpt>
      <trkpt lat="43.711940000" lon="7.319980000">
        <ele>205.000</ele>
      </trkpt>
      <trkpt lat="43.711840000" lon="7.319930000">
        <ele>205.000</ele>
      </trkpt>
      <trkpt lat="43.711740000" lon="7.319910000">
        <ele>205.000</ele>
      </trkpt>
      <trkpt lat="43.711650000" lon="7.319900000">
        <ele>205.000</ele>
      </trkpt>
      <trkpt lat="43.711450000" lon="7.319890000">
        <ele>204.000</ele>
      </trkpt>
      <trkpt lat="43.711350000" lon="7.319880000">
        <ele>204.000</ele>
      </trkpt>
      <trkpt lat="43.711210000" lon="7.319830000">
        <ele>203.000</ele>
      </trkpt>
      <trkpt lat="43.710980000" lon="7.319740000">
        <ele>202.000</ele>
      </trkpt>
      <trkpt lat="43.710770000" lon="7.319640000">
        <ele>200.000</ele>
      </trkpt>
      <trkpt lat="43.710640000" lon="7.319570000">
        <ele>198.000</ele>
      </trkpt>
      <trkpt lat="43.710500000" lon="7.319460000">
        <ele>197.000</ele>
      </trkpt>
      <trkpt lat="43.710310000" lon="7.319280000">
        <ele>195.000</ele>
      </trkpt>
      <trkpt lat="43.710090000" lon="7.319060000">
        <ele>193.000</ele>
      </trkpt>
      <trkpt lat="43.710030000" lon="7.318980000">
        <ele>192.000</ele>
      </trkpt>
      <trkpt lat="43.709980000" lon="7.318900000">
        <ele>190.000</ele>
      </trkpt>
      <trkpt lat="43.709940000" lon="7.318800000">
        <ele>189.000</ele>
      </trkpt>
      <trkpt lat="43.709910000" lon="7.318720000">
        <ele>188.000</ele>
      </trkpt>
      <trkpt lat="43.709900000" lon="7.318630000">
        <ele>188.000</ele>
      </trkpt>
      <trkpt lat="43.709890000" lon="7.318520000">
        <ele>187.000</ele>
      </trkpt>
      <trkpt lat="43.709900000" lon="7.318410000">
        <ele>186.000</ele>
      </trkpt>
      <trkpt lat="43.709910000" lon="7.318240000">
        <ele>186.000</ele>
      </trkpt>
      <trkpt lat="43.709920000" lon="7.318080000">
        <ele>185.000</ele>
      </trkpt>
      <trkpt lat="43.709920000" lon="7.317830000">
        <ele>185.000</ele>
      </trkpt>
      <trkpt lat="43.709910000" lon="7.317560000">
        <ele>184.000</ele>
      </trkpt>
      <trkpt lat="43.709910000" lon="7.317240000">
        <ele>183.000</ele>
      </trkpt>
      <trkpt lat="43.709900000" lon="7.317080000">
        <ele>182.000</ele>
      </trkpt>
      <trkpt lat="43.709860000" lon="7.315970000">
        <ele>180.000</ele>
      </trkpt>
      <trkpt lat="43.709860000" lon="7.315810000">
        <ele>179.000</ele>
      </trkpt>
      <trkpt lat="43.709870000" lon="7.315690000">
        <ele>179.000</ele>
      </trkpt>
      <trkpt lat="43.709890000" lon="7.315580000">
        <ele>179.000</ele>
      </trkpt>
      <trkpt lat="43.709920000" lon="7.315480000">
        <ele>180.000</ele>
      </trkpt>
      <trkpt lat="43.710050000" lon="7.315230000">
        <ele>181.000</ele>
      </trkpt>
      <trkpt lat="43.710160000" lon="7.314980000">
        <ele>182.000</ele>
      </trkpt>
      <trkpt lat="43.710200000" lon="7.314820000">
        <ele>184.000</ele>
      </trkpt>
      <trkpt lat="43.710320000" lon="7.314280000">
        <ele>186.000</ele>
      </trkpt>
      <trkpt lat="43.710340000" lon="7.314150000">
        <ele>188.000</ele>
      </trkpt>
      <trkpt lat="43.710350000" lon="7.314010000">
        <ele>190.000</ele>
      </trkpt>
      <trkpt lat="43.710340000" lon="7.313880000">
        <ele>191.000</ele>
      </trkpt>
      <trkpt lat="43.710330000" lon="7.313760000">
        <ele>192.000</ele>
      </trkpt>
      <trkpt lat="43.710270000" lon="7.313460000">
        <ele>194.000</ele>
      </trkpt>
      <trkpt lat="43.710200000" lon="7.313140000">
        <ele>194.000</ele>
      </trkpt>
      <trkpt lat="43.710080000" lon="7.312730000">
        <ele>194.000</ele>
      </trkpt>
      <trkpt lat="43.710050000" lon="7.312610000">
        <ele>193.000</ele>
      </trkpt>
      <trkpt lat="43.710020000" lon="7.312480000">
        <ele>192.000</ele>
      </trkpt>
      <trkpt lat="43.710020000" lon="7.312360000">
        <ele>191.000</ele>
      </trkpt>
      <trkpt lat="43.710020000" lon="7.312230000">
        <ele>190.000</ele>
      </trkpt>
      <trkpt lat="43.710050000" lon="7.311930000">
        <ele>189.000</ele>
      </trkpt>
      <trkpt lat="43.710080000" lon="7.311670000">
        <ele>187.000</ele>
      </trkpt>
      <trkpt lat="43.710070000" lon="7.311600000">
        <ele>186.000</ele>
      </trkpt>
      <trkpt lat="43.710060000" lon="7.311530000">
        <ele>185.000</ele>
      </trkpt>
      <trkpt lat="43.710050000" lon="7.311460000">
        <ele>184.000</ele>
      </trkpt>
      <trkpt lat="43.710030000" lon="7.311400000">
        <ele>184.000</ele>
      </trkpt>
      <trkpt lat="43.709980000" lon="7.311300000">
        <ele>183.000</ele>
      </trkpt>
      <trkpt lat="43.709930000" lon="7.311220000">
        <ele>182.000</ele>
      </trkpt>
      <trkpt lat="43.709870000" lon="7.311160000">
        <ele>181.000</ele>
      </trkpt>
      <trkpt lat="43.709840000" lon="7.311140000">
        <ele>181.000</ele>
      </trkpt>
      <trkpt lat="43.709810000" lon="7.311110000">
        <ele>180.000</ele>
      </trkpt>
      <trkpt lat="43.709680000" lon="7.311030000">
        <ele>180.000</ele>
      </trkpt>
      <trkpt lat="43.709590000" lon="7.310960000">
        <ele>180.000</ele>
      </trkpt>
      <trkpt lat="43.709530000" lon="7.310870000">
        <ele>180.000</ele>
      </trkpt>
      <trkpt lat="43.709490000" lon="7.310780000">
        <ele>180.000</ele>
      </trkpt>
      <trkpt lat="43.709470000" lon="7.310700000">
        <ele>179.000</ele>
      </trkpt>
      <trkpt lat="43.709450000" lon="7.310610000">
        <ele>179.000</ele>
      </trkpt>
      <trkpt lat="43.709440000" lon="7.310520000">
        <ele>179.000</ele>
      </trkpt>
      <trkpt lat="43.709450000" lon="7.310420000">
        <ele>179.000</ele>
      </trkpt>
      <trkpt lat="43.709460000" lon="7.310340000">
        <ele>179.000</ele>
      </trkpt>
      <trkpt lat="43.709480000" lon="7.310270000">
        <ele>179.000</ele>
      </trkpt>
      <trkpt lat="43.709510000" lon="7.310210000">
        <ele>179.000</ele>
      </trkpt>
      <trkpt lat="43.709750000" lon="7.309760000">
        <ele>179.000</ele>
      </trkpt>
      <trkpt lat="43.709820000" lon="7.309620000">
        <ele>179.000</ele>
      </trkpt>
      <trkpt lat="43.709860000" lon="7.309510000">
        <ele>179.000</ele>
      </trkpt>
      <trkpt lat="43.709870000" lon="7.309410000">
        <ele>179.000</ele>
      </trkpt>
      <trkpt lat="43.709870000" lon="7.309300000">
        <ele>179.000</ele>
      </trkpt>
      <trkpt lat="43.709860000" lon="7.309190000">
        <ele>179.000</ele>
      </trkpt>
      <trkpt lat="43.709830000" lon="7.309120000">
        <ele>179.000</ele>
      </trkpt>
      <trkpt lat="43.709790000" lon="7.309040000">
        <ele>179.000</ele>
      </trkpt>
      <trkpt lat="43.709750000" lon="7.308980000">
        <ele>178.000</ele>
      </trkpt>
      <trkpt lat="43.709680000" lon="7.308920000">
        <ele>178.000</ele>
      </trkpt>
      <trkpt lat="43.709600000" lon="7.308880000">
        <ele>178.000</ele>
      </trkpt>
      <trkpt lat="43.709420000" lon="7.308820000">
        <ele>177.000</ele>
      </trkpt>
      <trkpt lat="43.709280000" lon="7.308780000">
        <ele>176.000</ele>
      </trkpt>
      <trkpt lat="43.709140000" lon="7.308690000">
        <ele>175.000</ele>
      </trkpt>
      <trkpt lat="43.709080000" lon="7.308640000">
        <ele>174.000</ele>
      </trkpt>
      <trkpt lat="43.709000000" lon="7.308560000">
        <ele>173.000</ele>
      </trkpt>
      <trkpt lat="43.708920000" lon="7.308450000">
        <ele>173.000</ele>
      </trkpt>
      <trkpt lat="43.708640000" lon="7.308020000">
        <ele>171.000</ele>
      </trkpt>
      <trkpt lat="43.708530000" lon="7.307870000">
        <ele>170.000</ele>
      </trkpt>
      <trkpt lat="43.708480000" lon="7.307810000">
        <ele>168.000</ele>
      </trkpt>
      <trkpt lat="43.708410000" lon="7.307750000">
        <ele>168.000</ele>
      </trkpt>
      <trkpt lat="43.708280000" lon="7.307670000">
        <ele>167.000</ele>
      </trkpt>
      <trkpt lat="43.708170000" lon="7.307610000">
        <ele>166.000</ele>
      </trkpt>
      <trkpt lat="43.708040000" lon="7.307550000">
        <ele>165.000</ele>
      </trkpt>
      <trkpt lat="43.707600000" lon="7.307360000">
        <ele>164.000</ele>
      </trkpt>
      <trkpt lat="43.707460000" lon="7.307300000">
        <ele>163.000</ele>
      </trkpt>
      <trkpt lat="43.707160000" lon="7.307150000">
        <ele>162.000</ele>
      </trkpt>
      <trkpt lat="43.707110000" lon="7.307130000">
        <ele>161.000</ele>
      </trkpt>
      <trkpt lat="43.706830000" lon="7.307000000">
        <ele>160.000</ele>
      </trkpt>
      <trkpt lat="43.706750000" lon="7.306970000">
        <ele>159.000</ele>
      </trkpt>
      <trkpt lat="43.706630000" lon="7.306900000">
        <ele>159.000</ele>
      </trkpt>
      <trkpt lat="43.706460000" lon="7.306750000">
        <ele>158.000</ele>
      </trkpt>
      <trkpt lat="43.706330000" lon="7.306580000">
        <ele>157.000</ele>
      </trkpt>
      <trkpt lat="43.706240000" lon="7.306410000">
        <ele>157.000</ele>
      </trkpt>
      <trkpt lat="43.706170000" lon="7.306210000">
        <ele>157.000</ele>
      </trkpt>
      <trkpt lat="43.706120000" lon="7.306000000">
        <ele>157.000</ele>
      </trkpt>
      <trkpt lat="43.706100000" lon="7.305790000">
        <ele>157.000</ele>
      </trkpt>
      <trkpt lat="43.706120000" lon="7.305540000">
        <ele>157.000</ele>
      </trkpt>
      <trkpt lat="43.706160000" lon="7.305340000">
        <ele>157.000</ele>
      </trkpt>
      <trkpt lat="43.706220000" lon="7.305130000">
        <ele>157.000</ele>
      </trkpt>
      <trkpt lat="43.706280000" lon="7.304990000">
        <ele>157.000</ele>
      </trkpt>
      <trkpt lat="43.706390000" lon="7.304820000">
        <ele>157.000</ele>
      </trkpt>
      <trkpt lat="43.706540000" lon="7.304650000">
        <ele>157.000</ele>
      </trkpt>
      <trkpt lat="43.706920000" lon="7.304300000">
        <ele>157.000</ele>
      </trkpt>
      <trkpt lat="43.706990000" lon="7.304240000">
        <ele>157.000</ele>
      </trkpt>
      <trkpt lat="43.707120000" lon="7.304120000">
        <ele>157.000</ele>
      </trkpt>
      <trkpt lat="43.707220000" lon="7.304030000">
        <ele>157.000</ele>
      </trkpt>
      <trkpt lat="43.707420000" lon="7.303820000">
        <ele>156.000</ele>
      </trkpt>
      <trkpt lat="43.707550000" lon="7.303660000">
        <ele>156.000</ele>
      </trkpt>
      <trkpt lat="43.707600000" lon="7.303540000">
        <ele>156.000</ele>
      </trkpt>
      <trkpt lat="43.707630000" lon="7.303420000">
        <ele>155.000</ele>
      </trkpt>
      <trkpt lat="43.707640000" lon="7.303300000">
        <ele>155.000</ele>
      </trkpt>
      <trkpt lat="43.707640000" lon="7.303190000">
        <ele>155.000</ele>
      </trkpt>
      <trkpt lat="43.707600000" lon="7.303050000">
        <ele>154.000</ele>
      </trkpt>
      <trkpt lat="43.707560000" lon="7.302950000">
        <ele>154.000</ele>
      </trkpt>
      <trkpt lat="43.707510000" lon="7.302860000">
        <ele>154.000</ele>
      </trkpt>
      <trkpt lat="43.707340000" lon="7.302630000">
        <ele>153.000</ele>
      </trkpt>
      <trkpt lat="43.707140000" lon="7.302390000">
        <ele>153.000</ele>
      </trkpt>
      <trkpt lat="43.706930000" lon="7.302140000">
        <ele>152.000</ele>
      </trkpt>
      <trkpt lat="43.706780000" lon="7.301970000">
        <ele>152.000</ele>
      </trkpt>
      <trkpt lat="43.706580000" lon="7.301700000">
        <ele>152.000</ele>
      </trkpt>
      <trkpt lat="43.706550000" lon="7.301670000">
        <ele>151.000</ele>
      </trkpt>
      <trkpt lat="43.706490000" lon="7.301590000">
        <ele>151.000</ele>
      </trkpt>
      <trkpt lat="43.706420000" lon="7.301510000">
        <ele>151.000</ele>
      </trkpt>
      <trkpt lat="43.706410000" lon="7.301490000">
        <ele>151.000</ele>
      </trkpt>
      <trkpt lat="43.706400000" lon="7.301470000">
        <ele>151.000</ele>
      </trkpt>
      <trkpt lat="43.706330000" lon="7.301390000">
        <ele>151.000</ele>
      </trkpt>
      <trkpt lat="43.706290000" lon="7.301340000">
        <ele>151.000</ele>
      </trkpt>
      <trkpt lat="43.706210000" lon="7.301240000">
        <ele>151.000</ele>
      </trkpt>
      <trkpt lat="43.706070000" lon="7.301070000">
        <ele>151.000</ele>
      </trkpt>
      <trkpt lat="43.706040000" lon="7.301050000">
        <ele>151.000</ele>
      </trkpt>
      <trkpt lat="43.706000000" lon="7.301020000">
        <ele>151.000</ele>
      </trkpt>
      <trkpt lat="43.705940000" lon="7.300990000">
        <ele>151.000</ele>
      </trkpt>
      <trkpt lat="43.705890000" lon="7.300960000">
        <ele>151.000</ele>
      </trkpt>
      <trkpt lat="43.705850000" lon="7.300930000">
        <ele>151.000</ele>
      </trkpt>
      <trkpt lat="43.705820000" lon="7.300890000">
        <ele>151.000</ele>
      </trkpt>
      <trkpt lat="43.705490000" lon="7.300600000">
        <ele>151.000</ele>
      </trkpt>
      <trkpt lat="43.705390000" lon="7.300510000">
        <ele>150.000</ele>
      </trkpt>
      <trkpt lat="43.705280000" lon="7.300400000">
        <ele>150.000</ele>
      </trkpt>
      <trkpt lat="43.705170000" lon="7.300300000">
        <ele>150.000</ele>
      </trkpt>
      <trkpt lat="43.705080000" lon="7.300220000">
        <ele>149.000</ele>
      </trkpt>
      <trkpt lat="43.705040000" lon="7.300180000">
        <ele>149.000</ele>
      </trkpt>
      <trkpt lat="43.704990000" lon="7.300140000">
        <ele>149.000</ele>
      </trkpt>
      <trkpt lat="43.704920000" lon="7.300080000">
        <ele>148.000</ele>
      </trkpt>
      <trkpt lat="43.704860000" lon="7.300020000">
        <ele>148.000</ele>
      </trkpt>
      <trkpt lat="43.704800000" lon="7.299960000">
        <ele>148.000</ele>
      </trkpt>
      <trkpt lat="43.704720000" lon="7.299890000">
        <ele>147.000</ele>
      </trkpt>
      <trkpt lat="43.704500000" lon="7.299690000">
        <ele>147.000</ele>
      </trkpt>
      <trkpt lat="43.704370000" lon="7.299570000">
        <ele>146.000</ele>
      </trkpt>
      <trkpt lat="43.704240000" lon="7.299450000">
        <ele>145.000</ele>
      </trkpt>
      <trkpt lat="43.704090000" lon="7.299310000">
        <ele>145.000</ele>
      </trkpt>
      <trkpt lat="43.703000000" lon="7.298370000">
        <ele>142.000</ele>
      </trkpt>
      <trkpt lat="43.702610000" lon="7.298020000">
        <ele>140.000</ele>
      </trkpt>
      <trkpt lat="43.702500000" lon="7.297920000">
        <ele>138.000</ele>
      </trkpt>
      <trkpt lat="43.702440000" lon="7.297870000">
        <ele>136.000</ele>
      </trkpt>
      <trkpt lat="43.702310000" lon="7.297750000">
        <ele>135.000</ele>
      </trkpt>
      <trkpt lat="43.702240000" lon="7.297690000">
        <ele>134.000</ele>
      </trkpt>
      <trkpt lat="43.702120000" lon="7.297590000">
        <ele>133.000</ele>
      </trkpt>
      <trkpt lat="43.701640000" lon="7.297210000">
        <ele>131.000</ele>
      </trkpt>
      <trkpt lat="43.701160000" lon="7.296830000">
        <ele>128.000</ele>
      </trkpt>
      <trkpt lat="43.700800000" lon="7.296550000">
        <ele>125.000</ele>
      </trkpt>
      <trkpt lat="43.700540000" lon="7.296350000">
        <ele>122.000</ele>
      </trkpt>
      <trkpt lat="43.700430000" lon="7.296280000">
        <ele>120.000</ele>
      </trkpt>
      <trkpt lat="43.700260000" lon="7.296180000">
        <ele>118.000</ele>
      </trkpt>
      <trkpt lat="43.700130000" lon="7.296120000">
        <ele>116.000</ele>
      </trkpt>
      <trkpt lat="43.700020000" lon="7.296070000">
        <ele>114.000</ele>
      </trkpt>
      <trkpt lat="43.699900000" lon="7.296030000">
        <ele>113.000</ele>
      </trkpt>
      <trkpt lat="43.699810000" lon="7.295990000">
        <ele>111.000</ele>
      </trkpt>
      <trkpt lat="43.699730000" lon="7.295960000">
        <ele>110.000</ele>
      </trkpt>
      <trkpt lat="43.699290000" lon="7.295780000">
        <ele>108.000</ele>
      </trkpt>
      <trkpt lat="43.699030000" lon="7.295680000">
        <ele>106.000</ele>
      </trkpt>
      <trkpt lat="43.698930000" lon="7.295640000">
        <ele>105.000</ele>
      </trkpt>
      <trkpt lat="43.698680000" lon="7.295540000">
        <ele>103.000</ele>
      </trkpt>
      <trkpt lat="43.698600000" lon="7.295510000">
        <ele>102.000</ele>
      </trkpt>
      <trkpt lat="43.698550000" lon="7.295490000">
        <ele>102.000</ele>
      </trkpt>
      <trkpt lat="43.698420000" lon="7.295440000">
        <ele>101.000</ele>
      </trkpt>
      <trkpt lat="43.698160000" lon="7.295320000">
        <ele>100.000</ele>
      </trkpt>
      <trkpt lat="43.698050000" lon="7.295270000">
        <ele>99.000</ele>
      </trkpt>
      <trkpt lat="43.698020000" lon="7.295260000">
        <ele>99.000</ele>
      </trkpt>
      <trkpt lat="43.698000000" lon="7.295260000">
        <ele>98.000</ele>
      </trkpt>
      <trkpt lat="43.697900000" lon="7.295220000">
        <ele>98.000</ele>
      </trkpt>
      <trkpt lat="43.697660000" lon="7.295120000">
        <ele>97.000</ele>
      </trkpt>
      <trkpt lat="43.697540000" lon="7.295070000">
        <ele>97.000</ele>
      </trkpt>
      <trkpt lat="43.697460000" lon="7.295030000">
        <ele>96.000</ele>
      </trkpt>
      <trkpt lat="43.697370000" lon="7.294950000">
        <ele>95.000</ele>
      </trkpt>
      <trkpt lat="43.697280000" lon="7.294790000">
        <ele>94.000</ele>
      </trkpt>
      <trkpt lat="43.697250000" lon="7.294680000">
        <ele>94.000</ele>
      </trkpt>
      <trkpt lat="43.697220000" lon="7.294570000">
        <ele>93.000</ele>
      </trkpt>
      <trkpt lat="43.697220000" lon="7.294530000">
        <ele>92.000</ele>
      </trkpt>
      <trkpt lat="43.697220000" lon="7.294430000">
        <ele>92.000</ele>
      </trkpt>
      <trkpt lat="43.697240000" lon="7.294250000">
        <ele>91.000</ele>
      </trkpt>
      <trkpt lat="43.697300000" lon="7.294110000">
        <ele>90.000</ele>
      </trkpt>
      <trkpt lat="43.697370000" lon="7.294000000">
        <ele>89.000</ele>
      </trkpt>
      <trkpt lat="43.697460000" lon="7.293920000">
        <ele>88.000</ele>
      </trkpt>
      <trkpt lat="43.697550000" lon="7.293870000">
        <ele>87.000</ele>
      </trkpt>
      <trkpt lat="43.697700000" lon="7.293840000">
        <ele>86.000</ele>
      </trkpt>
      <trkpt lat="43.698050000" lon="7.293840000">
        <ele>85.000</ele>
      </trkpt>
      <trkpt lat="43.698390000" lon="7.293840000">
        <ele>83.000</ele>
      </trkpt>
      <trkpt lat="43.698740000" lon="7.293830000">
        <ele>81.000</ele>
      </trkpt>
      <trkpt lat="43.698930000" lon="7.293830000">
        <ele>79.000</ele>
      </trkpt>
      <trkpt lat="43.698990000" lon="7.293830000">
        <ele>78.000</ele>
      </trkpt>
      <trkpt lat="43.699130000" lon="7.293830000">
        <ele>77.000</ele>
      </trkpt>
      <trkpt lat="43.699360000" lon="7.293830000">
        <ele>75.000</ele>
      </trkpt>
      <trkpt lat="43.699530000" lon="7.293850000">
        <ele>74.000</ele>
      </trkpt>
      <trkpt lat="43.699640000" lon="7.293860000">
        <ele>73.000</ele>
      </trkpt>
      <trkpt lat="43.699750000" lon="7.293890000">
        <ele>73.000</ele>
      </trkpt>
      <trkpt lat="43.699920000" lon="7.293950000">
        <ele>72.000</ele>
      </trkpt>
      <trkpt lat="43.700190000" lon="7.294040000">
        <ele>71.000</ele>
      </trkpt>
      <trkpt lat="43.700470000" lon="7.294150000">
        <ele>69.000</ele>
      </trkpt>
      <trkpt lat="43.700610000" lon="7.294200000">
        <ele>68.000</ele>
      </trkpt>
      <trkpt lat="43.700640000" lon="7.294210000">
        <ele>67.000</ele>
      </trkpt>
      <trkpt lat="43.700690000" lon="7.294230000">
        <ele>67.000</ele>
      </trkpt>
      <trkpt lat="43.700730000" lon="7.294240000">
        <ele>66.000</ele>
      </trkpt>
      <trkpt lat="43.700780000" lon="7.294260000">
        <ele>66.000</ele>
      </trkpt>
      <trkpt lat="43.700830000" lon="7.294280000">
        <ele>66.000</ele>
      </trkpt>
      <trkpt lat="43.700870000" lon="7.294300000">
        <ele>65.000</ele>
      </trkpt>
      <trkpt lat="43.701210000" lon="7.294420000">
        <ele>64.000</ele>
      </trkpt>
      <trkpt lat="43.701610000" lon="7.294580000">
        <ele>63.000</ele>
      </trkpt>
      <trkpt lat="43.701760000" lon="7.294640000">
        <ele>62.000</ele>
      </trkpt>
      <trkpt lat="43.701840000" lon="7.294670000">
        <ele>61.000</ele>
      </trkpt>
      <trkpt lat="43.701940000" lon="7.294690000">
        <ele>60.000</ele>
      </trkpt>
      <trkpt lat="43.701970000" lon="7.294700000">
        <ele>59.000</ele>
      </trkpt>
      <trkpt lat="43.702010000" lon="7.294700000">
        <ele>59.000</ele>
      </trkpt>
      <trkpt lat="43.702080000" lon="7.294690000">
        <ele>58.000</ele>
      </trkpt>
      <trkpt lat="43.702160000" lon="7.294660000">
        <ele>58.000</ele>
      </trkpt>
      <trkpt lat="43.702220000" lon="7.294620000">
        <ele>57.000</ele>
      </trkpt>
      <trkpt lat="43.702280000" lon="7.294570000">
        <ele>57.000</ele>
      </trkpt>
      <trkpt lat="43.702330000" lon="7.294520000">
        <ele>56.000</ele>
      </trkpt>
      <trkpt lat="43.702360000" lon="7.294460000">
        <ele>56.000</ele>
      </trkpt>
      <trkpt lat="43.702400000" lon="7.294390000">
        <ele>55.000</ele>
      </trkpt>
      <trkpt lat="43.702430000" lon="7.294300000">
        <ele>55.000</ele>
      </trkpt>
      <trkpt lat="43.702460000" lon="7.294210000">
        <ele>54.000</ele>
      </trkpt>
      <trkpt lat="43.702460000" lon="7.294130000">
        <ele>53.000</ele>
      </trkpt>
      <trkpt lat="43.702460000" lon="7.294020000">
        <ele>53.000</ele>
      </trkpt>
      <trkpt lat="43.702440000" lon="7.293870000">
        <ele>52.000</ele>
      </trkpt>
      <trkpt lat="43.702390000" lon="7.293750000">
        <ele>51.000</ele>
      </trkpt>
      <trkpt lat="43.702320000" lon="7.293630000">
        <ele>51.000</ele>
      </trkpt>
      <trkpt lat="43.702160000" lon="7.293420000">
        <ele>49.000</ele>
      </trkpt>
      <trkpt lat="43.702120000" lon="7.293370000">
        <ele>49.000</ele>
      </trkpt>
      <trkpt lat="43.702000000" lon="7.293210000">
        <ele>47.000</ele>
      </trkpt>
      <trkpt lat="43.701880000" lon="7.293060000">
        <ele>46.000</ele>
      </trkpt>
      <trkpt lat="43.701490000" lon="7.292550000">
        <ele>44.000</ele>
      </trkpt>
      <trkpt lat="43.701370000" lon="7.292380000">
        <ele>42.000</ele>
      </trkpt>
      <trkpt lat="43.701310000" lon="7.292270000">
        <ele>41.000</ele>
      </trkpt>
      <trkpt lat="43.701260000" lon="7.292130000">
        <ele>39.000</ele>
      </trkpt>
      <trkpt lat="43.701220000" lon="7.291970000">
        <ele>38.000</ele>
      </trkpt>
      <trkpt lat="43.701210000" lon="7.291920000">
        <ele>37.000</ele>
      </trkpt>
      <trkpt lat="43.701210000" lon="7.291920000">
        <ele>37.000</ele>
      </trkpt>
      <trkpt lat="43.701200000" lon="7.291820000">
        <ele>36.000</ele>
      </trkpt>
      <trkpt lat="43.701190000" lon="7.291180000">
        <ele>34.000</ele>
      </trkpt>
      <trkpt lat="43.701190000" lon="7.291010000">
        <ele>33.000</ele>
      </trkpt>
      <trkpt lat="43.701170000" lon="7.290900000">
        <ele>32.000</ele>
      </trkpt>
      <trkpt lat="43.701120000" lon="7.290610000">
        <ele>31.000</ele>
      </trkpt>
      <trkpt lat="43.701080000" lon="7.290400000">
        <ele>29.000</ele>
      </trkpt>
      <trkpt lat="43.701030000" lon="7.290170000">
        <ele>28.000</ele>
      </trkpt>
      <trkpt lat="43.700990000" lon="7.290020000">
        <ele>27.000</ele>
      </trkpt>
      <trkpt lat="43.700960000" lon="7.289930000">
        <ele>26.000</ele>
      </trkpt>
      <trkpt lat="43.700930000" lon="7.289880000">
        <ele>26.000</ele>
      </trkpt>
      <trkpt lat="43.700860000" lon="7.289750000">
        <ele>25.000</ele>
      </trkpt>
      <trkpt lat="43.700850000" lon="7.289730000">
        <ele>25.000</ele>
      </trkpt>
      <trkpt lat="43.700730000" lon="7.289560000">
        <ele>24.000</ele>
      </trkpt>
      <trkpt lat="43.700510000" lon="7.289260000">
        <ele>23.000</ele>
      </trkpt>
      <trkpt lat="43.700380000" lon="7.289060000">
        <ele>22.000</ele>
      </trkpt>
      <trkpt lat="43.700360000" lon="7.289000000">
        <ele>21.000</ele>
      </trkpt>
      <trkpt lat="43.700330000" lon="7.288950000">
        <ele>21.000</ele>
      </trkpt>
      <trkpt lat="43.700270000" lon="7.288810000">
        <ele>20.000</ele>
      </trkpt>
      <trkpt lat="43.700230000" lon="7.288640000">
        <ele>20.000</ele>
      </trkpt>
      <trkpt lat="43.700200000" lon="7.288460000">
        <ele>19.000</ele>
      </trkpt>
      <trkpt lat="43.700200000" lon="7.288300000">
        <ele>19.000</ele>
      </trkpt>
      <trkpt lat="43.700210000" lon="7.288150000">
        <ele>18.000</ele>
      </trkpt>
      <trkpt lat="43.700220000" lon="7.288040000">
        <ele>18.000</ele>
      </trkpt>
      <trkpt lat="43.700240000" lon="7.287960000">
        <ele>17.000</ele>
      </trkpt>
      <trkpt lat="43.700250000" lon="7.287920000">
        <ele>17.000</ele>
      </trkpt>
      <trkpt lat="43.700260000" lon="7.287870000">
        <ele>17.000</ele>
      </trkpt>
      <trkpt lat="43.700270000" lon="7.287850000">
        <ele>16.000</ele>
      </trkpt>
      <trkpt lat="43.700300000" lon="7.287770000">
        <ele>16.000</ele>
      </trkpt>
      <trkpt lat="43.700400000" lon="7.287600000">
        <ele>16.000</ele>
      </trkpt>
      <trkpt lat="43.700430000" lon="7.287630000">
        <ele>16.000</ele>
      </trkpt>
      <trkpt lat="43.700460000" lon="7.287650000">
        <ele>16.000</ele>
      </trkpt>
      <trkpt lat="43.700500000" lon="7.287650000">
        <ele>16.000</ele>
      </trkpt>
      <trkpt lat="43.700520000" lon="7.287640000">
        <ele>16.000</ele>
      </trkpt>
      <trkpt lat="43.700540000" lon="7.287630000">
        <ele>16.000</ele>
      </trkpt>
      <trkpt lat="43.700560000" lon="7.287600000">
        <ele>16.000</ele>
      </trkpt>
      <trkpt lat="43.700570000" lon="7.287560000">
        <ele>16.000</ele>
      </trkpt>
      <trkpt lat="43.700580000" lon="7.287520000">
        <ele>16.000</ele>
      </trkpt>
      <trkpt lat="43.700570000" lon="7.287480000">
        <ele>16.000</ele>
      </trkpt>
      <trkpt lat="43.700560000" lon="7.287440000">
        <ele>16.000</ele>
      </trkpt>
      <trkpt lat="43.700540000" lon="7.287420000">
        <ele>16.000</ele>
      </trkpt>
      <trkpt lat="43.700530000" lon="7.287410000">
        <ele>16.000</ele>
      </trkpt>
      <trkpt lat="43.700500000" lon="7.287390000">
        <ele>16.000</ele>
      </trkpt>
      <trkpt lat="43.700480000" lon="7.287390000">
        <ele>16.000</ele>
      </trkpt>
      <trkpt lat="43.700450000" lon="7.287400000">
        <ele>16.000</ele>
      </trkpt>
      <trkpt lat="43.700420000" lon="7.287300000">
        <ele>16.000</ele>
      </trkpt>
      <trkpt lat="43.700410000" lon="7.287210000">
        <ele>16.000</ele>
      </trkpt>
      <trkpt lat="43.700410000" lon="7.287160000">
        <ele>16.000</ele>
      </trkpt>
      <trkpt lat="43.700410000" lon="7.287100000">
        <ele>17.000</ele>
      </trkpt>
      <trkpt lat="43.700430000" lon="7.286810000">
        <ele>17.000</ele>
      </trkpt>
      <trkpt lat="43.700430000" lon="7.286770000">
        <ele>17.000</ele>
      </trkpt>
      <trkpt lat="43.700440000" lon="7.286690000">
        <ele>17.000</ele>
      </trkpt>
      <trkpt lat="43.700370000" lon="7.286670000">
        <ele>17.000</ele>
      </trkpt>
      <trkpt lat="43.700080000" lon="7.286630000">
        <ele>17.000</ele>
      </trkpt>
      <trkpt lat="43.699860000" lon="7.286590000">
        <ele>18.000</ele>
      </trkpt>
      <trkpt lat="43.699820000" lon="7.286590000">
        <ele>18.000</ele>
      </trkpt>
      <trkpt lat="43.699760000" lon="7.286580000">
        <ele>18.000</ele>
      </trkpt>
      <trkpt lat="43.699700000" lon="7.286570000">
        <ele>18.000</ele>
      </trkpt>
      <trkpt lat="43.699190000" lon="7.286480000">
        <ele>17.000</ele>
      </trkpt>
      <trkpt lat="43.699160000" lon="7.286470000">
        <ele>16.000</ele>
      </trkpt>
      <trkpt lat="43.699090000" lon="7.286460000">
        <ele>16.000</ele>
      </trkpt>
      <trkpt lat="43.699030000" lon="7.286450000">
        <ele>15.000</ele>
      </trkpt>
      <trkpt lat="43.698800000" lon="7.286410000">
        <ele>14.000</ele>
      </trkpt>
      <trkpt lat="43.698710000" lon="7.286390000">
        <ele>14.000</ele>
      </trkpt>
      <trkpt lat="43.698660000" lon="7.286390000">
        <ele>13.000</ele>
      </trkpt>
      <trkpt lat="43.698560000" lon="7.286370000">
        <ele>13.000</ele>
      </trkpt>
      <trkpt lat="43.698530000" lon="7.286310000">
        <ele>12.000</ele>
      </trkpt>
      <trkpt lat="43.698520000" lon="7.286240000">
        <ele>12.000</ele>
      </trkpt>
      <trkpt lat="43.698520000" lon="7.286100000">
        <ele>11.000</ele>
      </trkpt>
      <trkpt lat="43.698540000" lon="7.286060000">
        <ele>11.000</ele>
      </trkpt>
      <trkpt lat="43.698550000" lon="7.286010000">
        <ele>11.000</ele>
      </trkpt>
      <trkpt lat="43.698550000" lon="7.285980000">
        <ele>10.000</ele>
      </trkpt>
      <trkpt lat="43.698590000" lon="7.285610000">
        <ele>10.000</ele>
      </trkpt>
      <trkpt lat="43.698590000" lon="7.285560000">
        <ele>9.000</ele>
      </trkpt>
      <trkpt lat="43.698590000" lon="7.285520000">
        <ele>9.000</ele>
      </trkpt>
      <trkpt lat="43.698590000" lon="7.285370000">
        <ele>9.000</ele>
      </trkpt>
      <trkpt lat="43.698590000" lon="7.285320000">
        <ele>9.000</ele>
      </trkpt>
      <trkpt lat="43.698600000" lon="7.285140000">
        <ele>9.000</ele>
      </trkpt>
      <trkpt lat="43.698610000" lon="7.285020000">
        <ele>9.000</ele>
      </trkpt>
      <trkpt lat="43.698620000" lon="7.284960000">
        <ele>9.000</ele>
      </trkpt>
      <trkpt lat="43.698640000" lon="7.284900000">
        <ele>9.000</ele>
      </trkpt>
      <trkpt lat="43.698660000" lon="7.284770000">
        <ele>9.000</ele>
      </trkpt>
      <trkpt lat="43.698670000" lon="7.284600000">
        <ele>9.000</ele>
      </trkpt>
      <trkpt lat="43.698710000" lon="7.284240000">
        <ele>9.000</ele>
      </trkpt>
      <trkpt lat="43.698710000" lon="7.284180000">
        <ele>9.000</ele>
      </trkpt>
      <trkpt lat="43.698750000" lon="7.283970000">
        <ele>9.000</ele>
      </trkpt>
      <trkpt lat="43.698710000" lon="7.283970000">
        <ele>9.000</ele>
      </trkpt>
      <trkpt lat="43.698580000" lon="7.283940000">
        <ele>9.000</ele>
      </trkpt>
      <trkpt lat="43.698470000" lon="7.283790000">
        <ele>9.000</ele>
      </trkpt>
      <trkpt lat="43.698320000" lon="7.283760000">
        <ele>9.000</ele>
      </trkpt>
      <trkpt lat="43.697960000" lon="7.283700000">
        <ele>9.000</ele>
      </trkpt>
      <trkpt lat="43.697930000" lon="7.283690000">
        <ele>9.000</ele>
      </trkpt>
      <trkpt lat="43.697930000" lon="7.283690000">
        <ele>9.000</ele>
      </trkpt>
      <trkpt lat="43.697570000" lon="7.283630000">
        <ele>9.000</ele>
      </trkpt>
      <trkpt lat="43.697530000" lon="7.283620000">
        <ele>9.000</ele>
      </trkpt>
      <trkpt lat="43.697470000" lon="7.283610000">
        <ele>9.000</ele>
      </trkpt>
      <trkpt lat="43.697400000" lon="7.283600000">
        <ele>9.000</ele>
      </trkpt>
      <trkpt lat="43.697030000" lon="7.283540000">
        <ele>9.000</ele>
      </trkpt>
      <trkpt lat="43.696790000" lon="7.283510000">
        <ele>9.000</ele>
      </trkpt>
      <trkpt lat="43.696740000" lon="7.283510000">
        <ele>9.000</ele>
      </trkpt>
      <trkpt lat="43.696640000" lon="7.283500000">
        <ele>9.000</ele>
      </trkpt>
      <trkpt lat="43.696230000" lon="7.283440000">
        <ele>10.000</ele>
      </trkpt>
      <trkpt lat="43.696200000" lon="7.283440000">
        <ele>10.000</ele>
      </trkpt>
      <trkpt lat="43.695730000" lon="7.283360000">
        <ele>10.000</ele>
      </trkpt>
      <trkpt lat="43.695590000" lon="7.283330000">
        <ele>10.000</ele>
      </trkpt>
      <trkpt lat="43.695530000" lon="7.283320000">
        <ele>10.000</ele>
      </trkpt>
      <trkpt lat="43.695440000" lon="7.283300000">
        <ele>11.000</ele>
      </trkpt>
      <trkpt lat="43.695210000" lon="7.283230000">
        <ele>11.000</ele>
      </trkpt>
      <trkpt lat="43.694930000" lon="7.283130000">
        <ele>11.000</ele>
      </trkpt>
      <trkpt lat="43.694620000" lon="7.283020000">
        <ele>11.000</ele>
      </trkpt>
      <trkpt lat="43.694310000" lon="7.282910000">
        <ele>11.000</ele>
      </trkpt>
      <trkpt lat="43.694240000" lon="7.282880000">
        <ele>12.000</ele>
      </trkpt>
      <trkpt lat="43.694110000" lon="7.282800000">
        <ele>12.000</ele>
      </trkpt>
      <trkpt lat="43.694060000" lon="7.282730000">
        <ele>12.000</ele>
      </trkpt>
      <trkpt lat="43.693980000" lon="7.282640000">
        <ele>12.000</ele>
      </trkpt>
      <trkpt lat="43.693800000" lon="7.282400000">
        <ele>12.000</ele>
      </trkpt>
      <trkpt lat="43.693740000" lon="7.282320000">
        <ele>12.000</ele>
      </trkpt>
      <trkpt lat="43.693530000" lon="7.282020000">
        <ele>13.000</ele>
      </trkpt>
      <trkpt lat="43.693340000" lon="7.281720000">
        <ele>13.000</ele>
      </trkpt>
      <trkpt lat="43.693260000" lon="7.281550000">
        <ele>13.000</ele>
      </trkpt>
      <trkpt lat="43.693190000" lon="7.281370000">
        <ele>13.000</ele>
      </trkpt>
      <trkpt lat="43.693160000" lon="7.281260000">
        <ele>13.000</ele>
      </trkpt>
      <trkpt lat="43.693140000" lon="7.281150000">
        <ele>13.000</ele>
      </trkpt>
      <trkpt lat="43.693130000" lon="7.281030000">
        <ele>13.000</ele>
      </trkpt>
      <trkpt lat="43.693140000" lon="7.280920000">
        <ele>13.000</ele>
      </trkpt>
      <trkpt lat="43.693160000" lon="7.280780000">
        <ele>13.000</ele>
      </trkpt>
      <trkpt lat="43.693200000" lon="7.280640000">
        <ele>13.000</ele>
      </trkpt>
      <trkpt lat="43.693370000" lon="7.280120000">
        <ele>13.000</ele>
      </trkpt>
      <trkpt lat="43.693580000" lon="7.279530000">
        <ele>13.000</ele>
      </trkpt>
      <trkpt lat="43.693640000" lon="7.279280000">
        <ele>13.000</ele>
      </trkpt>
      <trkpt lat="43.693670000" lon="7.279210000">
        <ele>13.000</ele>
      </trkpt>
      <trkpt lat="43.693720000" lon="7.279170000">
        <ele>13.000</ele>
      </trkpt>
      <trkpt lat="43.693770000" lon="7.279150000">
        <ele>12.000</ele>
      </trkpt>
      <trkpt lat="43.693820000" lon="7.279140000">
        <ele>12.000</ele>
      </trkpt>
      <trkpt lat="43.694030000" lon="7.279110000">
        <ele>12.000</ele>
      </trkpt>
      <trkpt lat="43.694140000" lon="7.279070000">
        <ele>12.000</ele>
      </trkpt>
      <trkpt lat="43.694200000" lon="7.279050000">
        <ele>12.000</ele>
      </trkpt>
      <trkpt lat="43.694240000" lon="7.279020000">
        <ele>12.000</ele>
      </trkpt>
      <trkpt lat="43.694300000" lon="7.278960000">
        <ele>12.000</ele>
      </trkpt>
      <trkpt lat="43.694380000" lon="7.278840000">
        <ele>11.000</ele>
      </trkpt>
      <trkpt lat="43.694470000" lon="7.278730000">
        <ele>11.000</ele>
      </trkpt>
      <trkpt lat="43.694550000" lon="7.278610000">
        <ele>11.000</ele>
      </trkpt>
      <trkpt lat="43.694610000" lon="7.278490000">
        <ele>11.000</ele>
      </trkpt>
      <trkpt lat="43.694670000" lon="7.278370000">
        <ele>11.000</ele>
      </trkpt>
      <trkpt lat="43.694720000" lon="7.278250000">
        <ele>10.000</ele>
      </trkpt>
      <trkpt lat="43.694760000" lon="7.278120000">
        <ele>10.000</ele>
      </trkpt>
      <trkpt lat="43.694790000" lon="7.277960000">
        <ele>10.000</ele>
      </trkpt>
      <trkpt lat="43.694810000" lon="7.277800000">
        <ele>9.000</ele>
      </trkpt>
      <trkpt lat="43.694920000" lon="7.276940000">
        <ele>9.000</ele>
      </trkpt>
      <trkpt lat="43.694940000" lon="7.276830000">
        <ele>8.000</ele>
      </trkpt>
      <trkpt lat="43.695000000" lon="7.276370000">
        <ele>7.000</ele>
      </trkpt>
      <trkpt lat="43.695040000" lon="7.275900000">
        <ele>6.000</ele>
      </trkpt>
      <trkpt lat="43.695140000" lon="7.274840000">
        <ele>6.000</ele>
      </trkpt>
      <trkpt lat="43.695160000" lon="7.274310000">
        <ele>7.000</ele>
      </trkpt>
      <trkpt lat="43.695170000" lon="7.274030000">
        <ele>7.000</ele>
      </trkpt>
      <trkpt lat="43.695160000" lon="7.273420000">
        <ele>7.000</ele>
      </trkpt>
      <trkpt lat="43.695160000" lon="7.272770000">
        <ele>8.000</ele>
      </trkpt>
      <trkpt lat="43.695160000" lon="7.272720000">
        <ele>8.000</ele>
      </trkpt>
      <trkpt lat="43.695150000" lon="7.272140000">
        <ele>9.000</ele>
      </trkpt>
      <trkpt lat="43.695140000" lon="7.271550000">
        <ele>10.000</ele>
      </trkpt>
      <trkpt lat="43.695160000" lon="7.271330000">
        <ele>10.000</ele>
      </trkpt>
      <trkpt lat="43.695160000" lon="7.271020000">
        <ele>11.000</ele>
      </trkpt>
      <trkpt lat="43.695160000" lon="7.270940000">
        <ele>11.000</ele>
      </trkpt>
      <trkpt lat="43.695150000" lon="7.270850000">
        <ele>11.000</ele>
      </trkpt>
      <trkpt lat="43.695150000" lon="7.270800000">
        <ele>11.000</ele>
      </trkpt>
      <trkpt lat="43.695150000" lon="7.270750000">
        <ele>11.000</ele>
      </trkpt>
      <trkpt lat="43.695150000" lon="7.270690000">
        <ele>11.000</ele>
      </trkpt>
      <trkpt lat="43.695140000" lon="7.270290000">
        <ele>12.000</ele>
      </trkpt>
      <trkpt lat="43.695140000" lon="7.269730000">
        <ele>12.000</ele>
      </trkpt>
      <trkpt lat="43.695140000" lon="7.269680000">
        <ele>12.000</ele>
      </trkpt>
      <trkpt lat="43.695140000" lon="7.269460000">
        <ele>12.000</ele>
      </trkpt>
      <trkpt lat="43.695140000" lon="7.269460000">
        <ele>12.000</ele>
      </trkpt>
      <trkpt lat="43.695140000" lon="7.269330000">
        <ele>13.000</ele>
      </trkpt>
      <trkpt lat="43.695140000" lon="7.269270000">
        <ele>13.000</ele>
      </trkpt>
      <trkpt lat="43.695140000" lon="7.269100000">
        <ele>13.000</ele>
      </trkpt>
      <trkpt lat="43.695180000" lon="7.269120000">
        <ele>13.000</ele>
      </trkpt>
      <trkpt lat="43.695220000" lon="7.269140000">
        <ele>13.000</ele>
      </trkpt>
      <trkpt lat="43.695260000" lon="7.269150000">
        <ele>13.000</ele>
      </trkpt>
      <trkpt lat="43.695310000" lon="7.269170000">
        <ele>13.000</ele>
      </trkpt>
      <trkpt lat="43.695370000" lon="7.269180000">
        <ele>13.000</ele>
      </trkpt>
      <trkpt lat="43.695430000" lon="7.269190000">
        <ele>13.000</ele>
      </trkpt>
      <trkpt lat="43.695610000" lon="7.269180000">
        <ele>13.000</ele>
      </trkpt>
      <trkpt lat="43.695670000" lon="7.269180000">
        <ele>13.000</ele>
      </trkpt>
      <trkpt lat="43.696010000" lon="7.269150000">
        <ele>13.000</ele>
      </trkpt>
      <trkpt lat="43.696040000" lon="7.269160000">
        <ele>13.000</ele>
      </trkpt>
      <trkpt lat="43.696080000" lon="7.269170000">
        <ele>13.000</ele>
      </trkpt>
      <trkpt lat="43.696110000" lon="7.269200000">
        <ele>12.000</ele>
      </trkpt>
      <trkpt lat="43.696140000" lon="7.269260000">
        <ele>12.000</ele>
      </trkpt>
      <trkpt lat="43.696240000" lon="7.269590000">
        <ele>12.000</ele>
      </trkpt>
      <trkpt lat="43.696280000" lon="7.269710000">
        <ele>12.000</ele>
      </trkpt>
      <trkpt lat="43.696370000" lon="7.269980000">
        <ele>11.000</ele>
      </trkpt>
      <trkpt lat="43.696390000" lon="7.270060000">
        <ele>11.000</ele>
      </trkpt>
      <trkpt lat="43.696450000" lon="7.270160000">
        <ele>11.000</ele>
      </trkpt>
      <trkpt lat="43.696550000" lon="7.270310000">
        <ele>10.000</ele>
      </trkpt>
      <trkpt lat="43.696600000" lon="7.270390000">
        <ele>10.000</ele>
      </trkpt>
      <trkpt lat="43.696630000" lon="7.270440000">
        <ele>10.000</ele>
      </trkpt>
      <trkpt lat="43.696660000" lon="7.270510000">
        <ele>10.000</ele>
      </trkpt>
      <trkpt lat="43.696690000" lon="7.270590000">
        <ele>10.000</ele>
      </trkpt>
      <trkpt lat="43.696710000" lon="7.270640000">
        <ele>9.000</ele>
      </trkpt>
      <trkpt lat="43.696720000" lon="7.270670000">
        <ele>9.000</ele>
      </trkpt>
      <trkpt lat="43.696790000" lon="7.270940000">
        <ele>9.000</ele>
      </trkpt>
      <trkpt lat="43.697180000" lon="7.272260000">
        <ele>9.000</ele>
      </trkpt>
      <trkpt lat="43.697210000" lon="7.272380000">
        <ele>9.000</ele>
      </trkpt>
      <trkpt lat="43.697260000" lon="7.272540000">
        <ele>10.000</ele>
      </trkpt>
      <trkpt lat="43.697420000" lon="7.273100000">
        <ele>10.000</ele>
      </trkpt>
      <trkpt lat="43.697460000" lon="7.273250000">
        <ele>10.000</ele>
      </trkpt>
      <trkpt lat="43.697730000" lon="7.274170000">
        <ele>11.000</ele>
      </trkpt>
      <trkpt lat="43.697730000" lon="7.274180000">
        <ele>12.000</ele>
      </trkpt>
      <trkpt lat="43.697740000" lon="7.274220000">
        <ele>13.000</ele>
      </trkpt>
      <trkpt lat="43.697810000" lon="7.274480000">
        <ele>13.000</ele>
      </trkpt>
      <trkpt lat="43.697860000" lon="7.274670000">
        <ele>14.000</ele>
      </trkpt>
      <trkpt lat="43.697970000" lon="7.275050000">
        <ele>15.000</ele>
      </trkpt>
      <trkpt lat="43.698090000" lon="7.275480000">
        <ele>16.000</ele>
      </trkpt>
      <trkpt lat="43.698150000" lon="7.275710000">
        <ele>17.000</ele>
      </trkpt>
      <trkpt lat="43.698220000" lon="7.275910000">
        <ele>17.000</ele>
      </trkpt>
      <trkpt lat="43.698310000" lon="7.276090000">
        <ele>17.000</ele>
      </trkpt>
      <trkpt lat="43.698430000" lon="7.276310000">
        <ele>18.000</ele>
      </trkpt>
      <trkpt lat="43.698520000" lon="7.276480000">
        <ele>17.000</ele>
      </trkpt>
      <trkpt lat="43.698650000" lon="7.276720000">
        <ele>17.000</ele>
      </trkpt>
      <trkpt lat="43.698660000" lon="7.276730000">
        <ele>17.000</ele>
      </trkpt>
      <trkpt lat="43.698670000" lon="7.276760000">
        <ele>17.000</ele>
      </trkpt>
      <trkpt lat="43.698770000" lon="7.276940000">
        <ele>17.000</ele>
      </trkpt>
      <trkpt lat="43.698850000" lon="7.277070000">
        <ele>17.000</ele>
      </trkpt>
      <trkpt lat="43.698960000" lon="7.277200000">
        <ele>17.000</ele>
      </trkpt>
      <trkpt lat="43.699080000" lon="7.277320000">
        <ele>16.000</ele>
      </trkpt>
      <trkpt lat="43.699190000" lon="7.277430000">
        <ele>16.000</ele>
      </trkpt>
      <trkpt lat="43.699400000" lon="7.277580000">
        <ele>16.000</ele>
      </trkpt>
      <trkpt lat="43.699760000" lon="7.277890000">
        <ele>16.000</ele>
      </trkpt>
      <trkpt lat="43.699980000" lon="7.278080000">
        <ele>17.000</ele>
      </trkpt>
      <trkpt lat="43.700000000" lon="7.278100000">
        <ele>17.000</ele>
      </trkpt>
      <trkpt lat="43.700150000" lon="7.278210000">
        <ele>17.000</ele>
      </trkpt>
      <trkpt lat="43.700170000" lon="7.278230000">
        <ele>18.000</ele>
      </trkpt>
      <trkpt lat="43.700270000" lon="7.278280000">
        <ele>18.000</ele>
      </trkpt>
      <trkpt lat="43.700600000" lon="7.278510000">
        <ele>18.000</ele>
      </trkpt>
      <trkpt lat="43.701180000" lon="7.278950000">
        <ele>19.000</ele>
      </trkpt>
      <trkpt lat="43.701230000" lon="7.278980000">
        <ele>20.000</ele>
      </trkpt>
      <trkpt lat="43.701260000" lon="7.279010000">
        <ele>21.000</ele>
      </trkpt>
      <trkpt lat="43.701330000" lon="7.279060000">
        <ele>21.000</ele>
      </trkpt>
      <trkpt lat="43.701940000" lon="7.279490000">
        <ele>21.000</ele>
      </trkpt>
      <trkpt lat="43.702620000" lon="7.279990000">
        <ele>20.000</ele>
      </trkpt>
      <trkpt lat="43.702650000" lon="7.280000000">
        <ele>20.000</ele>
      </trkpt>
      <trkpt lat="43.702730000" lon="7.280060000">
        <ele>19.000</ele>
      </trkpt>
      <trkpt lat="43.702690000" lon="7.280160000">
        <ele>19.000</ele>
      </trkpt>
      <trkpt lat="43.702680000" lon="7.280210000">
        <ele>19.000</ele>
      </trkpt>
      <trkpt lat="43.702560000" lon="7.280580000">
        <ele>19.000</ele>
      </trkpt>
      <trkpt lat="43.702470000" lon="7.280890000">
        <ele>19.000</ele>
      </trkpt>
      <trkpt lat="43.702460000" lon="7.280920000">
        <ele>19.000</ele>
      </trkpt>
      <trkpt lat="43.702450000" lon="7.280950000">
        <ele>19.000</ele>
      </trkpt>
      <trkpt lat="43.702430000" lon="7.281000000">
        <ele>19.000</ele>
      </trkpt>
      <trkpt lat="43.702420000" lon="7.281030000">
        <ele>19.000</ele>
      </trkpt>
      <trkpt lat="43.702420000" lon="7.281050000">
        <ele>19.000</ele>
      </trkpt>
      <trkpt lat="43.702400000" lon="7.281110000">
        <ele>19.000</ele>
      </trkpt>
      <trkpt lat="43.702390000" lon="7.281130000">
        <ele>19.000</ele>
      </trkpt>
      <trkpt lat="43.702370000" lon="7.281190000">
        <ele>19.000</ele>
      </trkpt>
      <trkpt lat="43.702280000" lon="7.281510000">
        <ele>19.000</ele>
      </trkpt>
      <trkpt lat="43.702140000" lon="7.281960000">
        <ele>20.000</ele>
      </trkpt>
      <trkpt lat="43.702120000" lon="7.282010000">
        <ele>20.000</ele>
      </trkpt>
      <trkpt lat="43.702100000" lon="7.282070000">
        <ele>20.000</ele>
      </trkpt>
      <trkpt lat="43.702070000" lon="7.282170000">
        <ele>20.000</ele>
      </trkpt>
      <trkpt lat="43.702060000" lon="7.282190000">
        <ele>20.000</ele>
      </trkpt>
      <trkpt lat="43.702050000" lon="7.282230000">
        <ele>20.000</ele>
      </trkpt>
      <trkpt lat="43.702020000" lon="7.282330000">
        <ele>20.000</ele>
      </trkpt>
      <trkpt lat="43.701930000" lon="7.282610000">
        <ele>20.000</ele>
      </trkpt>
      <trkpt lat="43.701930000" lon="7.282610000">
        <ele>20.000</ele>
      </trkpt>
      <trkpt lat="43.701910000" lon="7.282700000">
        <ele>20.000</ele>
      </trkpt>
      <trkpt lat="43.701860000" lon="7.282850000">
        <ele>20.000</ele>
      </trkpt>
      <trkpt lat="43.701840000" lon="7.282920000">
        <ele>20.000</ele>
      </trkpt>
      <trkpt lat="43.701830000" lon="7.282960000">
        <ele>20.000</ele>
      </trkpt>
      <trkpt lat="43.701790000" lon="7.283070000">
        <ele>20.000</ele>
      </trkpt>
      <trkpt lat="43.701680000" lon="7.283430000">
        <ele>20.000</ele>
      </trkpt>
      <trkpt lat="43.701670000" lon="7.283480000">
        <ele>20.000</ele>
      </trkpt>
      <trkpt lat="43.701650000" lon="7.283550000">
        <ele>20.000</ele>
      </trkpt>
      <trkpt lat="43.701620000" lon="7.283630000">
        <ele>20.000</ele>
      </trkpt>
      <trkpt lat="43.701610000" lon="7.283670000">
        <ele>20.000</ele>
      </trkpt>
      <trkpt lat="43.701480000" lon="7.284100000">
        <ele>20.000</ele>
      </trkpt>
      <trkpt lat="43.701450000" lon="7.284220000">
        <ele>20.000</ele>
      </trkpt>
      <trkpt lat="43.701430000" lon="7.284270000">
        <ele>20.000</ele>
      </trkpt>
      <trkpt lat="43.701400000" lon="7.284390000">
        <ele>19.000</ele>
      </trkpt>
      <trkpt lat="43.701370000" lon="7.284470000">
        <ele>19.000</ele>
      </trkpt>
      <trkpt lat="43.701350000" lon="7.284550000">
        <ele>19.000</ele>
      </trkpt>
      <trkpt lat="43.701100000" lon="7.285470000">
        <ele>19.000</ele>
      </trkpt>
      <trkpt lat="43.701080000" lon="7.285520000">
        <ele>19.000</ele>
      </trkpt>
      <trkpt lat="43.701070000" lon="7.285570000">
        <ele>19.000</ele>
      </trkpt>
      <trkpt lat="43.701060000" lon="7.285610000">
        <ele>19.000</ele>
      </trkpt>
      <trkpt lat="43.701010000" lon="7.285780000">
        <ele>18.000</ele>
      </trkpt>
      <trkpt lat="43.700990000" lon="7.285860000">
        <ele>18.000</ele>
      </trkpt>
      <trkpt lat="43.700960000" lon="7.285960000">
        <ele>18.000</ele>
      </trkpt>
      <trkpt lat="43.700920000" lon="7.286120000">
        <ele>18.000</ele>
      </trkpt>
      <trkpt lat="43.700830000" lon="7.286440000">
        <ele>18.000</ele>
      </trkpt>
      <trkpt lat="43.700770000" lon="7.286640000">
        <ele>17.000</ele>
      </trkpt>
      <trkpt lat="43.700760000" lon="7.286680000">
        <ele>17.000</ele>
      </trkpt>
      <trkpt lat="43.700740000" lon="7.286760000">
        <ele>17.000</ele>
      </trkpt>
      <trkpt lat="43.700720000" lon="7.286850000">
        <ele>17.000</ele>
      </trkpt>
      <trkpt lat="43.700690000" lon="7.286930000">
        <ele>17.000</ele>
      </trkpt>
      <trkpt lat="43.700630000" lon="7.287140000">
        <ele>17.000</ele>
      </trkpt>
      <trkpt lat="43.700630000" lon="7.287170000">
        <ele>17.000</ele>
      </trkpt>
      <trkpt lat="43.700610000" lon="7.287230000">
        <ele>16.000</ele>
      </trkpt>
      <trkpt lat="43.700600000" lon="7.287270000">
        <ele>16.000</ele>
      </trkpt>
      <trkpt lat="43.700580000" lon="7.287310000">
        <ele>16.000</ele>
      </trkpt>
      <trkpt lat="43.700530000" lon="7.287410000">
        <ele>16.000</ele>
      </trkpt>
      <trkpt lat="43.700500000" lon="7.287390000">
        <ele>16.000</ele>
      </trkpt>
      <trkpt lat="43.700480000" lon="7.287390000">
        <ele>16.000</ele>
      </trkpt>
      <trkpt lat="43.700450000" lon="7.287400000">
        <ele>16.000</ele>
      </trkpt>
      <trkpt lat="43.700410000" lon="7.287430000">
        <ele>16.000</ele>
      </trkpt>
      <trkpt lat="43.700390000" lon="7.287480000">
        <ele>16.000</ele>
      </trkpt>
      <trkpt lat="43.700380000" lon="7.287520000">
        <ele>16.000</ele>
      </trkpt>
      <trkpt lat="43.700390000" lon="7.287570000">
        <ele>16.000</ele>
      </trkpt>
      <trkpt lat="43.700400000" lon="7.287590000">
        <ele>16.000</ele>
      </trkpt>
      <trkpt lat="43.700400000" lon="7.287600000">
        <ele>16.000</ele>
      </trkpt>
      <trkpt lat="43.700430000" lon="7.287630000">
        <ele>16.000</ele>
      </trkpt>
      <trkpt lat="43.700460000" lon="7.287650000">
        <ele>16.000</ele>
      </trkpt>
      <trkpt lat="43.700500000" lon="7.287650000">
        <ele>16.000</ele>
      </trkpt>
      <trkpt lat="43.700520000" lon="7.287640000">
        <ele>16.000</ele>
      </trkpt>
      <trkpt lat="43.700540000" lon="7.287630000">
        <ele>16.000</ele>
      </trkpt>
      <trkpt lat="43.700580000" lon="7.287650000">
        <ele>16.000</ele>
      </trkpt>
      <trkpt lat="43.700600000" lon="7.287650000">
        <ele>16.000</ele>
      </trkpt>
      <trkpt lat="43.700650000" lon="7.287680000">
        <ele>16.000</ele>
      </trkpt>
      <trkpt lat="43.700710000" lon="7.287710000">
        <ele>16.000</ele>
      </trkpt>
      <trkpt lat="43.700830000" lon="7.287790000">
        <ele>17.000</ele>
      </trkpt>
      <trkpt lat="43.701070000" lon="7.287960000">
        <ele>17.000</ele>
      </trkpt>
      <trkpt lat="43.701100000" lon="7.287970000">
        <ele>17.000</ele>
      </trkpt>
      <trkpt lat="43.701100000" lon="7.287970000">
        <ele>18.000</ele>
      </trkpt>
      <trkpt lat="43.701140000" lon="7.287980000">
        <ele>18.000</ele>
      </trkpt>
      <trkpt lat="43.701340000" lon="7.288150000">
        <ele>18.000</ele>
      </trkpt>
      <trkpt lat="43.701600000" lon="7.288340000">
        <ele>19.000</ele>
      </trkpt>
      <trkpt lat="43.701630000" lon="7.288360000">
        <ele>19.000</ele>
      </trkpt>
      <trkpt lat="43.701670000" lon="7.288390000">
        <ele>20.000</ele>
      </trkpt>
      <trkpt lat="43.701720000" lon="7.288430000">
        <ele>20.000</ele>
      </trkpt>
      <trkpt lat="43.701980000" lon="7.288620000">
        <ele>21.000</ele>
      </trkpt>
      <trkpt lat="43.702120000" lon="7.288720000">
        <ele>21.000</ele>
      </trkpt>
      <trkpt lat="43.702180000" lon="7.288760000">
        <ele>22.000</ele>
      </trkpt>
      <trkpt lat="43.702240000" lon="7.288800000">
        <ele>22.000</ele>
      </trkpt>
      <trkpt lat="43.702520000" lon="7.289010000">
        <ele>22.000</ele>
      </trkpt>
      <trkpt lat="43.702610000" lon="7.289080000">
        <ele>22.000</ele>
      </trkpt>
      <trkpt lat="43.702670000" lon="7.289120000">
        <ele>22.000</ele>
      </trkpt>
      <trkpt lat="43.702740000" lon="7.289170000">
        <ele>22.000</ele>
      </trkpt>
      <trkpt lat="43.703030000" lon="7.289380000">
        <ele>22.000</ele>
      </trkpt>
      <trkpt lat="43.703200000" lon="7.289500000">
        <ele>22.000</ele>
      </trkpt>
      <trkpt lat="43.703250000" lon="7.289540000">
        <ele>21.000</ele>
      </trkpt>
      <trkpt lat="43.703320000" lon="7.289590000">
        <ele>21.000</ele>
      </trkpt>
      <trkpt lat="43.703710000" lon="7.289880000">
        <ele>21.000</ele>
      </trkpt>
      <trkpt lat="43.703740000" lon="7.289900000">
        <ele>21.000</ele>
      </trkpt>
      <trkpt lat="43.703800000" lon="7.289940000">
        <ele>21.000</ele>
      </trkpt>
      <trkpt lat="43.703860000" lon="7.289990000">
        <ele>20.000</ele>
      </trkpt>
      <trkpt lat="43.704310000" lon="7.290320000">
        <ele>20.000</ele>
      </trkpt>
      <trkpt lat="43.704370000" lon="7.290360000">
        <ele>19.000</ele>
      </trkpt>
      <trkpt lat="43.704440000" lon="7.290410000">
        <ele>19.000</ele>
      </trkpt>
      <trkpt lat="43.704940000" lon="7.290780000">
        <ele>18.000</ele>
      </trkpt>
      <trkpt lat="43.704960000" lon="7.290800000">
        <ele>17.000</ele>
      </trkpt>
      <trkpt lat="43.705060000" lon="7.290870000">
        <ele>17.000</ele>
      </trkpt>
      <trkpt lat="43.705170000" lon="7.290960000">
        <ele>16.000</ele>
      </trkpt>
      <trkpt lat="43.705200000" lon="7.291000000">
        <ele>16.000</ele>
      </trkpt>
      <trkpt lat="43.705230000" lon="7.291030000">
        <ele>16.000</ele>
      </trkpt>
      <trkpt lat="43.705280000" lon="7.291070000">
        <ele>15.000</ele>
      </trkpt>
      <trkpt lat="43.705400000" lon="7.291160000">
        <ele>15.000</ele>
      </trkpt>
      <trkpt lat="43.705610000" lon="7.291310000">
        <ele>15.000</ele>
      </trkpt>
      <trkpt lat="43.705660000" lon="7.291340000">
        <ele>15.000</ele>
      </trkpt>
      <trkpt lat="43.705860000" lon="7.291480000">
        <ele>16.000</ele>
      </trkpt>
      <trkpt lat="43.706170000" lon="7.291700000">
        <ele>16.000</ele>
      </trkpt>
      <trkpt lat="43.706270000" lon="7.291780000">
        <ele>17.000</ele>
      </trkpt>
      <trkpt lat="43.706360000" lon="7.291850000">
        <ele>17.000</ele>
      </trkpt>
      <trkpt lat="43.706820000" lon="7.292170000">
        <ele>18.000</ele>
      </trkpt>
      <trkpt lat="43.706940000" lon="7.292270000">
        <ele>19.000</ele>
      </trkpt>
      <trkpt lat="43.707120000" lon="7.292390000">
        <ele>19.000</ele>
      </trkpt>
      <trkpt lat="43.707430000" lon="7.292610000">
        <ele>20.000</ele>
      </trkpt>
      <trkpt lat="43.707550000" lon="7.292660000">
        <ele>20.000</ele>
      </trkpt>
      <trkpt lat="43.707740000" lon="7.292740000">
        <ele>20.000</ele>
      </trkpt>
      <trkpt lat="43.707830000" lon="7.292770000">
        <ele>21.000</ele>
      </trkpt>
      <trkpt lat="43.707970000" lon="7.292790000">
        <ele>21.000</ele>
      </trkpt>
      <trkpt lat="43.708000000" lon="7.292790000">
        <ele>21.000</ele>
      </trkpt>
      <trkpt lat="43.708140000" lon="7.292800000">
        <ele>21.000</ele>
      </trkpt>
      <trkpt lat="43.708170000" lon="7.292800000">
        <ele>21.000</ele>
      </trkpt>
      <trkpt lat="43.708310000" lon="7.292790000">
        <ele>22.000</ele>
      </trkpt>
      <trkpt lat="43.708290000" lon="7.292940000">
        <ele>22.000</ele>
      </trkpt>
      <trkpt lat="43.708290000" lon="7.293000000">
        <ele>23.000</ele>
      </trkpt>
      <trkpt lat="43.708290000" lon="7.293280000">
        <ele>24.000</ele>
      </trkpt>
      <trkpt lat="43.708300000" lon="7.293400000">
        <ele>25.000</ele>
      </trkpt>
      <trkpt lat="43.708330000" lon="7.293490000">
        <ele>25.000</ele>
      </trkpt>
      <trkpt lat="43.708360000" lon="7.293570000">
        <ele>26.000</ele>
      </trkpt>
      <trkpt lat="43.708410000" lon="7.293650000">
        <ele>27.000</ele>
      </trkpt>
      <trkpt lat="43.708470000" lon="7.293730000">
        <ele>28.000</ele>
      </trkpt>
      <trkpt lat="43.708760000" lon="7.293980000">
        <ele>29.000</ele>
      </trkpt>
      <trkpt lat="43.709090000" lon="7.294200000">
        <ele>32.000</ele>
      </trkpt>
      <trkpt lat="43.709260000" lon="7.294290000">
        <ele>34.000</ele>
      </trkpt>
      <trkpt lat="43.709360000" lon="7.294330000">
        <ele>36.000</ele>
      </trkpt>
      <trkpt lat="43.709620000" lon="7.294420000">
        <ele>37.000</ele>
      </trkpt>
      <trkpt lat="43.709770000" lon="7.294480000">
        <ele>38.000</ele>
      </trkpt>
      <trkpt lat="43.709870000" lon="7.294510000">
        <ele>39.000</ele>
      </trkpt>
      <trkpt lat="43.710180000" lon="7.294630000">
        <ele>40.000</ele>
      </trkpt>
      <trkpt lat="43.710250000" lon="7.294670000">
        <ele>41.000</ele>
      </trkpt>
      <trkpt lat="43.710310000" lon="7.294710000">
        <ele>42.000</ele>
      </trkpt>
      <trkpt lat="43.710820000" lon="7.295140000">
        <ele>45.000</ele>
      </trkpt>
      <trkpt lat="43.710880000" lon="7.295190000">
        <ele>48.000</ele>
      </trkpt>
      <trkpt lat="43.710950000" lon="7.295250000">
        <ele>50.000</ele>
      </trkpt>
      <trkpt lat="43.711060000" lon="7.295320000">
        <ele>52.000</ele>
      </trkpt>
      <trkpt lat="43.711180000" lon="7.295380000">
        <ele>53.000</ele>
      </trkpt>
      <trkpt lat="43.711400000" lon="7.295470000">
        <ele>55.000</ele>
      </trkpt>
      <trkpt lat="43.711880000" lon="7.295680000">
        <ele>57.000</ele>
      </trkpt>
      <trkpt lat="43.712170000" lon="7.295810000">
        <ele>59.000</ele>
      </trkpt>
      <trkpt lat="43.712240000" lon="7.295830000">
        <ele>60.000</ele>
      </trkpt>
      <trkpt lat="43.712340000" lon="7.295840000">
        <ele>61.000</ele>
      </trkpt>
      <trkpt lat="43.712520000" lon="7.295870000">
        <ele>62.000</ele>
      </trkpt>
      <trkpt lat="43.712680000" lon="7.295880000">
        <ele>63.000</ele>
      </trkpt>
      <trkpt lat="43.712760000" lon="7.295900000">
        <ele>64.000</ele>
      </trkpt>
      <trkpt lat="43.712830000" lon="7.295930000">
        <ele>65.000</ele>
      </trkpt>
      <trkpt lat="43.712960000" lon="7.295980000">
        <ele>66.000</ele>
      </trkpt>
      <trkpt lat="43.713000000" lon="7.296000000">
        <ele>66.000</ele>
      </trkpt>
      <trkpt lat="43.713310000" lon="7.296180000">
        <ele>67.000</ele>
      </trkpt>
      <trkpt lat="43.713780000" lon="7.296450000">
        <ele>69.000</ele>
      </trkpt>
      <trkpt lat="43.713990000" lon="7.296560000">
        <ele>71.000</ele>
      </trkpt>
      <trkpt lat="43.714430000" lon="7.296810000">
        <ele>75.000</ele>
      </trkpt>
      <trkpt lat="43.714600000" lon="7.296870000">
        <ele>78.000</ele>
      </trkpt>
      <trkpt lat="43.714940000" lon="7.296980000">
        <ele>81.000</ele>
      </trkpt>
      <trkpt lat="43.715200000" lon="7.297060000">
        <ele>84.000</ele>
      </trkpt>
      <trkpt lat="43.715270000" lon="7.297080000">
        <ele>86.000</ele>
      </trkpt>
      <trkpt lat="43.715280000" lon="7.297080000">
        <ele>88.000</ele>
      </trkpt>
      <trkpt lat="43.715300000" lon="7.297080000">
        <ele>89.000</ele>
      </trkpt>
      <trkpt lat="43.715880000" lon="7.297240000">
        <ele>92.000</ele>
      </trkpt>
      <trkpt lat="43.716430000" lon="7.297380000">
        <ele>94.000</ele>
      </trkpt>
      <trkpt lat="43.716470000" lon="7.297390000">
        <ele>95.000</ele>
      </trkpt>
      <trkpt lat="43.716530000" lon="7.297410000">
        <ele>96.000</ele>
      </trkpt>
      <trkpt lat="43.717100000" lon="7.297570000">
        <ele>99.000</ele>
      </trkpt>
      <trkpt lat="43.717160000" lon="7.297600000">
        <ele>101.000</ele>
      </trkpt>
      <trkpt lat="43.717210000" lon="7.297630000">
        <ele>103.000</ele>
      </trkpt>
      <trkpt lat="43.717290000" lon="7.297740000">
        <ele>105.000</ele>
      </trkpt>
      <trkpt lat="43.717330000" lon="7.297820000">
        <ele>106.000</ele>
      </trkpt>
      <trkpt lat="43.717390000" lon="7.297920000">
        <ele>107.000</ele>
      </trkpt>
      <trkpt lat="43.717490000" lon="7.298100000">
        <ele>109.000</ele>
      </trkpt>
      <trkpt lat="43.717560000" lon="7.298230000">
        <ele>110.000</ele>
      </trkpt>
      <trkpt lat="43.717630000" lon="7.298360000">
        <ele>112.000</ele>
      </trkpt>
      <trkpt lat="43.717690000" lon="7.298410000">
        <ele>114.000</ele>
      </trkpt>
      <trkpt lat="43.717740000" lon="7.298450000">
        <ele>115.000</ele>
      </trkpt>
      <trkpt lat="43.717780000" lon="7.298470000">
        <ele>117.000</ele>
      </trkpt>
      <trkpt lat="43.717830000" lon="7.298480000">
        <ele>118.000</ele>
      </trkpt>
      <trkpt lat="43.717870000" lon="7.298470000">
        <ele>119.000</ele>
      </trkpt>
      <trkpt lat="43.717930000" lon="7.298430000">
        <ele>120.000</ele>
      </trkpt>
      <trkpt lat="43.718040000" lon="7.298300000">
        <ele>121.000</ele>
      </trkpt>
      <trkpt lat="43.718290000" lon="7.298000000">
        <ele>122.000</ele>
      </trkpt>
      <trkpt lat="43.718310000" lon="7.297980000">
        <ele>123.000</ele>
      </trkpt>
      <trkpt lat="43.718320000" lon="7.297960000">
        <ele>123.000</ele>
      </trkpt>
      <trkpt lat="43.718550000" lon="7.297690000">
        <ele>124.000</ele>
      </trkpt>
      <trkpt lat="43.718730000" lon="7.297470000">
        <ele>125.000</ele>
      </trkpt>
      <trkpt lat="43.719260000" lon="7.296830000">
        <ele>126.000</ele>
      </trkpt>
      <trkpt lat="43.719430000" lon="7.296630000">
        <ele>126.000</ele>
      </trkpt>
      <trkpt lat="43.719590000" lon="7.296450000">
        <ele>128.000</ele>
      </trkpt>
      <trkpt lat="43.719660000" lon="7.296400000">
        <ele>129.000</ele>
      </trkpt>
      <trkpt lat="43.719770000" lon="7.296350000">
        <ele>130.000</ele>
      </trkpt>
      <trkpt lat="43.719820000" lon="7.296340000">
        <ele>132.000</ele>
      </trkpt>
      <trkpt lat="43.719860000" lon="7.296340000">
        <ele>133.000</ele>
      </trkpt>
      <trkpt lat="43.719900000" lon="7.296350000">
        <ele>133.000</ele>
      </trkpt>
      <trkpt lat="43.719950000" lon="7.296360000">
        <ele>134.000</ele>
      </trkpt>
      <trkpt lat="43.720000000" lon="7.296380000">
        <ele>135.000</ele>
      </trkpt>
      <trkpt lat="43.720050000" lon="7.296400000">
        <ele>136.000</ele>
      </trkpt>
      <trkpt lat="43.720140000" lon="7.296460000">
        <ele>137.000</ele>
      </trkpt>
      <trkpt lat="43.720200000" lon="7.296520000">
        <ele>138.000</ele>
      </trkpt>
      <trkpt lat="43.720380000" lon="7.296680000">
        <ele>139.000</ele>
      </trkpt>
      <trkpt lat="43.720620000" lon="7.296900000">
        <ele>142.000</ele>
      </trkpt>
      <trkpt lat="43.720690000" lon="7.296940000">
        <ele>144.000</ele>
      </trkpt>
      <trkpt lat="43.720760000" lon="7.296960000">
        <ele>146.000</ele>
      </trkpt>
      <trkpt lat="43.720860000" lon="7.296940000">
        <ele>147.000</ele>
      </trkpt>
      <trkpt lat="43.720950000" lon="7.296850000">
        <ele>149.000</ele>
      </trkpt>
      <trkpt lat="43.721320000" lon="7.296300000">
        <ele>150.000</ele>
      </trkpt>
      <trkpt lat="43.721560000" lon="7.295920000">
        <ele>151.000</ele>
      </trkpt>
      <trkpt lat="43.721710000" lon="7.295730000">
        <ele>152.000</ele>
      </trkpt>
      <trkpt lat="43.721820000" lon="7.295630000">
        <ele>153.000</ele>
      </trkpt>
      <trkpt lat="43.721930000" lon="7.295560000">
        <ele>154.000</ele>
      </trkpt>
      <trkpt lat="43.722210000" lon="7.295480000">
        <ele>155.000</ele>
      </trkpt>
      <trkpt lat="43.722340000" lon="7.295470000">
        <ele>156.000</ele>
      </trkpt>
      <trkpt lat="43.722770000" lon="7.295530000">
        <ele>158.000</ele>
      </trkpt>
      <trkpt lat="43.722930000" lon="7.295550000">
        <ele>161.000</ele>
      </trkpt>
      <trkpt lat="43.723020000" lon="7.295570000">
        <ele>163.000</ele>
      </trkpt>
      <trkpt lat="43.723090000" lon="7.295620000">
        <ele>164.000</ele>
      </trkpt>
      <trkpt lat="43.723170000" lon="7.295720000">
        <ele>166.000</ele>
      </trkpt>
      <trkpt lat="43.723400000" lon="7.296110000">
        <ele>169.000</ele>
      </trkpt>
      <trkpt lat="43.723470000" lon="7.296220000">
        <ele>171.000</ele>
      </trkpt>
      <trkpt lat="43.723550000" lon="7.296320000">
        <ele>173.000</ele>
      </trkpt>
      <trkpt lat="43.723620000" lon="7.296380000">
        <ele>175.000</ele>
      </trkpt>
      <trkpt lat="43.723720000" lon="7.296440000">
        <ele>176.000</ele>
      </trkpt>
      <trkpt lat="43.723820000" lon="7.296480000">
        <ele>178.000</ele>
      </trkpt>
      <trkpt lat="43.723920000" lon="7.296500000">
        <ele>179.000</ele>
      </trkpt>
      <trkpt lat="43.724070000" lon="7.296510000">
        <ele>181.000</ele>
      </trkpt>
      <trkpt lat="43.724160000" lon="7.296490000">
        <ele>182.000</ele>
      </trkpt>
      <trkpt lat="43.724210000" lon="7.296490000">
        <ele>183.000</ele>
      </trkpt>
      <trkpt lat="43.724340000" lon="7.296430000">
        <ele>184.000</ele>
      </trkpt>
      <trkpt lat="43.724420000" lon="7.296400000">
        <ele>185.000</ele>
      </trkpt>
      <trkpt lat="43.724470000" lon="7.296370000">
        <ele>186.000</ele>
      </trkpt>
      <trkpt lat="43.724670000" lon="7.296220000">
        <ele>187.000</ele>
      </trkpt>
      <trkpt lat="43.724830000" lon="7.296050000">
        <ele>188.000</ele>
      </trkpt>
      <trkpt lat="43.725220000" lon="7.295620000">
        <ele>190.000</ele>
      </trkpt>
      <trkpt lat="43.725440000" lon="7.295370000">
        <ele>192.000</ele>
      </trkpt>
      <trkpt lat="43.725710000" lon="7.295070000">
        <ele>194.000</ele>
      </trkpt>
      <trkpt lat="43.725890000" lon="7.294860000">
        <ele>194.000</ele>
      </trkpt>
      <trkpt lat="43.726030000" lon="7.294720000">
        <ele>194.000</ele>
      </trkpt>
      <trkpt lat="43.726110000" lon="7.294710000">
        <ele>195.000</ele>
      </trkpt>
      <trkpt lat="43.726140000" lon="7.294700000">
        <ele>195.000</ele>
      </trkpt>
      <trkpt lat="43.726170000" lon="7.294690000">
        <ele>195.000</ele>
      </trkpt>
      <trkpt lat="43.726210000" lon="7.294690000">
        <ele>195.000</ele>
      </trkpt>
      <trkpt lat="43.726360000" lon="7.294730000">
        <ele>196.000</ele>
      </trkpt>
      <trkpt lat="43.726590000" lon="7.294810000">
        <ele>197.000</ele>
      </trkpt>
      <trkpt lat="43.727190000" lon="7.295040000">
        <ele>199.000</ele>
      </trkpt>
      <trkpt lat="43.727310000" lon="7.295090000">
        <ele>201.000</ele>
      </trkpt>
      <trkpt lat="43.727470000" lon="7.295150000">
        <ele>203.000</ele>
      </trkpt>
      <trkpt lat="43.727630000" lon="7.295200000">
        <ele>204.000</ele>
      </trkpt>
      <trkpt lat="43.727820000" lon="7.295260000">
        <ele>205.000</ele>
      </trkpt>
      <trkpt lat="43.728060000" lon="7.295340000">
        <ele>206.000</ele>
      </trkpt>
      <trkpt lat="43.728590000" lon="7.295510000">
        <ele>208.000</ele>
      </trkpt>
      <trkpt lat="43.729120000" lon="7.295690000">
        <ele>211.000</ele>
      </trkpt>
      <trkpt lat="43.729600000" lon="7.295850000">
        <ele>215.000</ele>
      </trkpt>
      <trkpt lat="43.729720000" lon="7.295870000">
        <ele>217.000</ele>
      </trkpt>
      <trkpt lat="43.729840000" lon="7.295870000">
        <ele>219.000</ele>
      </trkpt>
      <trkpt lat="43.730220000" lon="7.295820000">
        <ele>222.000</ele>
      </trkpt>
      <trkpt lat="43.730330000" lon="7.295830000">
        <ele>224.000</ele>
      </trkpt>
      <trkpt lat="43.730400000" lon="7.295850000">
        <ele>225.000</ele>
      </trkpt>
      <trkpt lat="43.730450000" lon="7.295870000">
        <ele>226.000</ele>
      </trkpt>
      <trkpt lat="43.730500000" lon="7.295910000">
        <ele>227.000</ele>
      </trkpt>
      <trkpt lat="43.730530000" lon="7.295960000">
        <ele>228.000</ele>
      </trkpt>
      <trkpt lat="43.730560000" lon="7.296020000">
        <ele>229.000</ele>
      </trkpt>
      <trkpt lat="43.730600000" lon="7.296130000">
        <ele>230.000</ele>
      </trkpt>
      <trkpt lat="43.730650000" lon="7.296270000">
        <ele>230.000</ele>
      </trkpt>
      <trkpt lat="43.730700000" lon="7.296450000">
        <ele>231.000</ele>
      </trkpt>
      <trkpt lat="43.730720000" lon="7.296570000">
        <ele>232.000</ele>
      </trkpt>
      <trkpt lat="43.730760000" lon="7.296730000">
        <ele>233.000</ele>
      </trkpt>
      <trkpt lat="43.730760000" lon="7.296860000">
        <ele>234.000</ele>
      </trkpt>
      <trkpt lat="43.730760000" lon="7.296960000">
        <ele>235.000</ele>
      </trkpt>
      <trkpt lat="43.730750000" lon="7.297170000">
        <ele>236.000</ele>
      </trkpt>
      <trkpt lat="43.730730000" lon="7.297350000">
        <ele>237.000</ele>
      </trkpt>
      <trkpt lat="43.730660000" lon="7.297810000">
        <ele>239.000</ele>
      </trkpt>
      <trkpt lat="43.730600000" lon="7.298240000">
        <ele>241.000</ele>
      </trkpt>
      <trkpt lat="43.730570000" lon="7.298470000">
        <ele>243.000</ele>
      </trkpt>
      <trkpt lat="43.730540000" lon="7.298630000">
        <ele>245.000</ele>
      </trkpt>
      <trkpt lat="43.730480000" lon="7.298800000">
        <ele>246.000</ele>
      </trkpt>
      <trkpt lat="43.730390000" lon="7.298980000">
        <ele>248.000</ele>
      </trkpt>
      <trkpt lat="43.730270000" lon="7.299160000">
        <ele>250.000</ele>
      </trkpt>
      <trkpt lat="43.729950000" lon="7.299630000">
        <ele>252.000</ele>
      </trkpt>
      <trkpt lat="43.729650000" lon="7.300080000">
        <ele>255.000</ele>
      </trkpt>
      <trkpt lat="43.729500000" lon="7.300320000">
        <ele>257.000</ele>
      </trkpt>
      <trkpt lat="43.729470000" lon="7.300400000">
        <ele>258.000</ele>
      </trkpt>
      <trkpt lat="43.729460000" lon="7.300500000">
        <ele>259.000</ele>
      </trkpt>
      <trkpt lat="43.729450000" lon="7.300630000">
        <ele>260.000</ele>
      </trkpt>
      <trkpt lat="43.729540000" lon="7.300930000">
        <ele>261.000</ele>
      </trkpt>
      <trkpt lat="43.729740000" lon="7.301520000">
        <ele>263.000</ele>
      </trkpt>
      <trkpt lat="43.729740000" lon="7.301520000">
        <ele>264.000</ele>
      </trkpt>
      <trkpt lat="43.729760000" lon="7.301580000">
        <ele>264.000</ele>
      </trkpt>
      <trkpt lat="43.729820000" lon="7.301800000">
        <ele>265.000</ele>
      </trkpt>
      <trkpt lat="43.729840000" lon="7.302010000">
        <ele>266.000</ele>
      </trkpt>
      <trkpt lat="43.729840000" lon="7.302520000">
        <ele>267.000</ele>
      </trkpt>
      <trkpt lat="43.729820000" lon="7.302640000">
        <ele>268.000</ele>
      </trkpt>
      <trkpt lat="43.729750000" lon="7.302720000">
        <ele>269.000</ele>
      </trkpt>
      <trkpt lat="43.729690000" lon="7.302750000">
        <ele>270.000</ele>
      </trkpt>
      <trkpt lat="43.729620000" lon="7.302760000">
        <ele>271.000</ele>
      </trkpt>
      <trkpt lat="43.729390000" lon="7.302780000">
        <ele>272.000</ele>
      </trkpt>
      <trkpt lat="43.729230000" lon="7.302790000">
        <ele>273.000</ele>
      </trkpt>
      <trkpt lat="43.728200000" lon="7.302810000">
        <ele>276.000</ele>
      </trkpt>
      <trkpt lat="43.728140000" lon="7.302830000">
        <ele>278.000</ele>
      </trkpt>
      <trkpt lat="43.728020000" lon="7.302870000">
        <ele>280.000</ele>
      </trkpt>
      <trkpt lat="43.727790000" lon="7.302980000">
        <ele>281.000</ele>
      </trkpt>
      <trkpt lat="43.727470000" lon="7.303170000">
        <ele>281.000</ele>
      </trkpt>
      <trkpt lat="43.727330000" lon="7.303250000">
        <ele>282.000</ele>
      </trkpt>
      <trkpt lat="43.727160000" lon="7.303340000">
        <ele>282.000</ele>
      </trkpt>
      <trkpt lat="43.727000000" lon="7.303400000">
        <ele>282.000</ele>
      </trkpt>
      <trkpt lat="43.726890000" lon="7.303400000">
        <ele>282.000</ele>
      </trkpt>
      <trkpt lat="43.726790000" lon="7.303390000">
        <ele>282.000</ele>
      </trkpt>
      <trkpt lat="43.726660000" lon="7.303360000">
        <ele>282.000</ele>
      </trkpt>
      <trkpt lat="43.726550000" lon="7.303300000">
        <ele>282.000</ele>
      </trkpt>
      <trkpt lat="43.726240000" lon="7.303130000">
        <ele>282.000</ele>
      </trkpt>
      <trkpt lat="43.726090000" lon="7.303050000">
        <ele>283.000</ele>
      </trkpt>
      <trkpt lat="43.725990000" lon="7.303030000">
        <ele>283.000</ele>
      </trkpt>
      <trkpt lat="43.725520000" lon="7.302980000">
        <ele>284.000</ele>
      </trkpt>
      <trkpt lat="43.725420000" lon="7.302990000">
        <ele>284.000</ele>
      </trkpt>
      <trkpt lat="43.725340000" lon="7.303020000">
        <ele>285.000</ele>
      </trkpt>
      <trkpt lat="43.725230000" lon="7.303110000">
        <ele>286.000</ele>
      </trkpt>
      <trkpt lat="43.725210000" lon="7.303140000">
        <ele>286.000</ele>
      </trkpt>
      <trkpt lat="43.725120000" lon="7.303270000">
        <ele>286.000</ele>
      </trkpt>
      <trkpt lat="43.725050000" lon="7.303330000">
        <ele>287.000</ele>
      </trkpt>
      <trkpt lat="43.724980000" lon="7.303370000">
        <ele>287.000</ele>
      </trkpt>
      <trkpt lat="43.724830000" lon="7.303370000">
        <ele>288.000</ele>
      </trkpt>
      <trkpt lat="43.724610000" lon="7.303360000">
        <ele>288.000</ele>
      </trkpt>
      <trkpt lat="43.724300000" lon="7.303300000">
        <ele>289.000</ele>
      </trkpt>
      <trkpt lat="43.724170000" lon="7.303300000">
        <ele>289.000</ele>
      </trkpt>
      <trkpt lat="43.724060000" lon="7.303330000">
        <ele>289.000</ele>
      </trkpt>
      <trkpt lat="43.723830000" lon="7.303490000">
        <ele>289.000</ele>
      </trkpt>
      <trkpt lat="43.723690000" lon="7.303550000">
        <ele>288.000</ele>
      </trkpt>
      <trkpt lat="43.723450000" lon="7.303630000">
        <ele>288.000</ele>
      </trkpt>
      <trkpt lat="43.722950000" lon="7.303820000">
        <ele>286.000</ele>
      </trkpt>
      <trkpt lat="43.722820000" lon="7.303870000">
        <ele>285.000</ele>
      </trkpt>
      <trkpt lat="43.722660000" lon="7.303880000">
        <ele>284.000</ele>
      </trkpt>
      <trkpt lat="43.722440000" lon="7.303850000">
        <ele>283.000</ele>
      </trkpt>
      <trkpt lat="43.722270000" lon="7.303790000">
        <ele>283.000</ele>
      </trkpt>
      <trkpt lat="43.722150000" lon="7.303730000">
        <ele>283.000</ele>
      </trkpt>
      <trkpt lat="43.721870000" lon="7.303520000">
        <ele>284.000</ele>
      </trkpt>
      <trkpt lat="43.721760000" lon="7.303440000">
        <ele>285.000</ele>
      </trkpt>
      <trkpt lat="43.721420000" lon="7.303200000">
        <ele>287.000</ele>
      </trkpt>
      <trkpt lat="43.721290000" lon="7.303110000">
        <ele>288.000</ele>
      </trkpt>
      <trkpt lat="43.721200000" lon="7.303080000">
        <ele>289.000</ele>
      </trkpt>
      <trkpt lat="43.721120000" lon="7.303090000">
        <ele>290.000</ele>
      </trkpt>
      <trkpt lat="43.721060000" lon="7.303110000">
        <ele>291.000</ele>
      </trkpt>
      <trkpt lat="43.721010000" lon="7.303160000">
        <ele>291.000</ele>
      </trkpt>
      <trkpt lat="43.720960000" lon="7.303230000">
        <ele>292.000</ele>
      </trkpt>
      <trkpt lat="43.720930000" lon="7.303340000">
        <ele>293.000</ele>
      </trkpt>
      <trkpt lat="43.720920000" lon="7.303470000">
        <ele>293.000</ele>
      </trkpt>
      <trkpt lat="43.720920000" lon="7.303940000">
        <ele>294.000</ele>
      </trkpt>
      <trkpt lat="43.720920000" lon="7.304240000">
        <ele>295.000</ele>
      </trkpt>
      <trkpt lat="43.720920000" lon="7.304280000">
        <ele>296.000</ele>
      </trkpt>
      <trkpt lat="43.720910000" lon="7.304430000">
        <ele>296.000</ele>
      </trkpt>
      <trkpt lat="43.720900000" lon="7.304530000">
        <ele>297.000</ele>
      </trkpt>
      <trkpt lat="43.720880000" lon="7.304600000">
        <ele>297.000</ele>
      </trkpt>
      <trkpt lat="43.720840000" lon="7.304660000">
        <ele>297.000</ele>
      </trkpt>
      <trkpt lat="43.720820000" lon="7.304690000">
        <ele>297.000</ele>
      </trkpt>
      <trkpt lat="43.720770000" lon="7.304740000">
        <ele>298.000</ele>
      </trkpt>
      <trkpt lat="43.720730000" lon="7.304780000">
        <ele>298.000</ele>
      </trkpt>
      <trkpt lat="43.720710000" lon="7.304790000">
        <ele>298.000</ele>
      </trkpt>
      <trkpt lat="43.720500000" lon="7.305020000">
        <ele>299.000</ele>
      </trkpt>
      <trkpt lat="43.720020000" lon="7.305390000">
        <ele>300.000</ele>
      </trkpt>
      <trkpt lat="43.719970000" lon="7.305430000">
        <ele>300.000</ele>
      </trkpt>
      <trkpt lat="43.719920000" lon="7.305490000">
        <ele>301.000</ele>
      </trkpt>
      <trkpt lat="43.719630000" lon="7.305960000">
        <ele>302.000</ele>
      </trkpt>
      <trkpt lat="43.719320000" lon="7.306400000">
        <ele>304.000</ele>
      </trkpt>
      <trkpt lat="43.719050000" lon="7.306890000">
        <ele>306.000</ele>
      </trkpt>
      <trkpt lat="43.719000000" lon="7.307010000">
        <ele>307.000</ele>
      </trkpt>
      <trkpt lat="43.718980000" lon="7.307150000">
        <ele>308.000</ele>
      </trkpt>
      <trkpt lat="43.718960000" lon="7.307300000">
        <ele>309.000</ele>
      </trkpt>
      <trkpt lat="43.718970000" lon="7.307450000">
        <ele>310.000</ele>
      </trkpt>
      <trkpt lat="43.718990000" lon="7.307570000">
        <ele>310.000</ele>
      </trkpt>
      <trkpt lat="43.719020000" lon="7.307680000">
        <ele>311.000</ele>
      </trkpt>
      <trkpt lat="43.719080000" lon="7.307820000">
        <ele>311.000</ele>
      </trkpt>
      <trkpt lat="43.719300000" lon="7.308310000">
        <ele>312.000</ele>
      </trkpt>
      <trkpt lat="43.719320000" lon="7.308420000">
        <ele>313.000</ele>
      </trkpt>
      <trkpt lat="43.719340000" lon="7.308540000">
        <ele>313.000</ele>
      </trkpt>
      <trkpt lat="43.719330000" lon="7.308670000">
        <ele>314.000</ele>
      </trkpt>
      <trkpt lat="43.719310000" lon="7.308800000">
        <ele>314.000</ele>
      </trkpt>
      <trkpt lat="43.719030000" lon="7.309450000">
        <ele>315.000</ele>
      </trkpt>
      <trkpt lat="43.718960000" lon="7.309590000">
        <ele>315.000</ele>
      </trkpt>
      <trkpt lat="43.718830000" lon="7.309900000">
        <ele>316.000</ele>
      </trkpt>
      <trkpt lat="43.718730000" lon="7.310030000">
        <ele>317.000</ele>
      </trkpt>
      <trkpt lat="43.718600000" lon="7.310110000">
        <ele>318.000</ele>
      </trkpt>
      <trkpt lat="43.718360000" lon="7.310200000">
        <ele>319.000</ele>
      </trkpt>
      <trkpt lat="43.717980000" lon="7.310340000">
        <ele>321.000</ele>
      </trkpt>
      <trkpt lat="43.717320000" lon="7.310580000">
        <ele>323.000</ele>
      </trkpt>
      <trkpt lat="43.717200000" lon="7.310650000">
        <ele>326.000</ele>
      </trkpt>
      <trkpt lat="43.717130000" lon="7.310700000">
        <ele>327.000</ele>
      </trkpt>
      <trkpt lat="43.717080000" lon="7.310780000">
        <ele>328.000</ele>
      </trkpt>
      <trkpt lat="43.717040000" lon="7.310850000">
        <ele>329.000</ele>
      </trkpt>
      <trkpt lat="43.717010000" lon="7.310950000">
        <ele>330.000</ele>
      </trkpt>
      <trkpt lat="43.716990000" lon="7.311090000">
        <ele>330.000</ele>
      </trkpt>
      <trkpt lat="43.717010000" lon="7.311250000">
        <ele>331.000</ele>
      </trkpt>
      <trkpt lat="43.717020000" lon="7.311410000">
        <ele>331.000</ele>
      </trkpt>
      <trkpt lat="43.717020000" lon="7.311540000">
        <ele>331.000</ele>
      </trkpt>
      <trkpt lat="43.717000000" lon="7.311690000">
        <ele>332.000</ele>
      </trkpt>
      <trkpt lat="43.716940000" lon="7.311980000">
        <ele>332.000</ele>
      </trkpt>
      <trkpt lat="43.716870000" lon="7.312270000">
        <ele>332.000</ele>
      </trkpt>
      <trkpt lat="43.716820000" lon="7.312450000">
        <ele>333.000</ele>
      </trkpt>
      <trkpt lat="43.716770000" lon="7.312670000">
        <ele>333.000</ele>
      </trkpt>
      <trkpt lat="43.716710000" lon="7.313030000">
        <ele>333.000</ele>
      </trkpt>
      <trkpt lat="43.716700000" lon="7.313190000">
        <ele>334.000</ele>
      </trkpt>
      <trkpt lat="43.716700000" lon="7.313330000">
        <ele>334.000</ele>
      </trkpt>
      <trkpt lat="43.716730000" lon="7.313730000">
        <ele>335.000</ele>
      </trkpt>
      <trkpt lat="43.716880000" lon="7.315160000">
        <ele>338.000</ele>
      </trkpt>
      <trkpt lat="43.716950000" lon="7.315920000">
        <ele>343.000</ele>
      </trkpt>
      <trkpt lat="43.716970000" lon="7.316280000">
        <ele>347.000</ele>
      </trkpt>
      <trkpt lat="43.716980000" lon="7.316580000">
        <ele>350.000</ele>
      </trkpt>
      <trkpt lat="43.716970000" lon="7.316870000">
        <ele>353.000</ele>
      </trkpt>
      <trkpt lat="43.716960000" lon="7.317050000">
        <ele>356.000</ele>
      </trkpt>
      <trkpt lat="43.716820000" lon="7.318620000">
        <ele>362.000</ele>
      </trkpt>
      <trkpt lat="43.716800000" lon="7.318860000">
        <ele>366.000</ele>
      </trkpt>
      <trkpt lat="43.716790000" lon="7.319110000">
        <ele>369.000</ele>
      </trkpt>
      <trkpt lat="43.716800000" lon="7.319300000">
        <ele>371.000</ele>
      </trkpt>
      <trkpt lat="43.716810000" lon="7.319540000">
        <ele>373.000</ele>
      </trkpt>
      <trkpt lat="43.716810000" lon="7.319750000">
        <ele>374.000</ele>
      </trkpt>
      <trkpt lat="43.716770000" lon="7.320220000">
        <ele>376.000</ele>
      </trkpt>
      <trkpt lat="43.716730000" lon="7.320540000">
        <ele>377.000</ele>
      </trkpt>
      <trkpt lat="43.716690000" lon="7.320770000">
        <ele>378.000</ele>
      </trkpt>
      <trkpt lat="43.716630000" lon="7.320950000">
        <ele>379.000</ele>
      </trkpt>
      <trkpt lat="43.716570000" lon="7.321150000">
        <ele>380.000</ele>
      </trkpt>
      <trkpt lat="43.716550000" lon="7.321300000">
        <ele>381.000</ele>
      </trkpt>
      <trkpt lat="43.716550000" lon="7.321400000">
        <ele>382.000</ele>
      </trkpt>
      <trkpt lat="43.716550000" lon="7.321500000">
        <ele>382.000</ele>
      </trkpt>
      <trkpt lat="43.716570000" lon="7.321630000">
        <ele>383.000</ele>
      </trkpt>
      <trkpt lat="43.716860000" lon="7.323190000">
        <ele>388.000</ele>
      </trkpt>
      <trkpt lat="43.716910000" lon="7.323460000">
        <ele>392.000</ele>
      </trkpt>
      <trkpt lat="43.717120000" lon="7.324600000">
        <ele>397.000</ele>
      </trkpt>
      <trkpt lat="43.717190000" lon="7.324830000">
        <ele>401.000</ele>
      </trkpt>
      <trkpt lat="43.717350000" lon="7.325170000">
        <ele>404.000</ele>
      </trkpt>
      <trkpt lat="43.717380000" lon="7.325210000">
        <ele>406.000</ele>
      </trkpt>
      <trkpt lat="43.717970000" lon="7.326370000">
        <ele>409.000</ele>
      </trkpt>
      <trkpt lat="43.718030000" lon="7.326490000">
        <ele>411.000</ele>
      </trkpt>
      <trkpt lat="43.718120000" lon="7.326630000">
        <ele>413.000</ele>
      </trkpt>
      <trkpt lat="43.718280000" lon="7.326790000">
        <ele>415.000</ele>
      </trkpt>
      <trkpt lat="43.718600000" lon="7.326970000">
        <ele>416.000</ele>
      </trkpt>
      <trkpt lat="43.718810000" lon="7.327090000">
        <ele>418.000</ele>
      </trkpt>
      <trkpt lat="43.718900000" lon="7.327190000">
        <ele>419.000</ele>
      </trkpt>
      <trkpt lat="43.718960000" lon="7.327370000">
        <ele>421.000</ele>
      </trkpt>
      <trkpt lat="43.719100000" lon="7.327810000">
        <ele>422.000</ele>
      </trkpt>
      <trkpt lat="43.719180000" lon="7.328190000">
        <ele>424.000</ele>
      </trkpt>
      <trkpt lat="43.719250000" lon="7.328440000">
        <ele>426.000</ele>
      </trkpt>
      <trkpt lat="43.719340000" lon="7.328580000">
        <ele>427.000</ele>
      </trkpt>
      <trkpt lat="43.719660000" lon="7.328830000">
        <ele>429.000</ele>
      </trkpt>
      <trkpt lat="43.719680000" lon="7.328850000">
        <ele>430.000</ele>
      </trkpt>
      <trkpt lat="43.719680000" lon="7.328850000">
        <ele>431.000</ele>
      </trkpt>
      <trkpt lat="43.720010000" lon="7.329090000">
        <ele>432.000</ele>
      </trkpt>
      <trkpt lat="43.720120000" lon="7.329200000">
        <ele>433.000</ele>
      </trkpt>
      <trkpt lat="43.720160000" lon="7.329340000">
        <ele>434.000</ele>
      </trkpt>
      <trkpt lat="43.720150000" lon="7.329500000">
        <ele>434.000</ele>
      </trkpt>
      <trkpt lat="43.719920000" lon="7.330170000">
        <ele>436.000</ele>
      </trkpt>
      <trkpt lat="43.719840000" lon="7.330470000">
        <ele>437.000</ele>
      </trkpt>
      <trkpt lat="43.719820000" lon="7.331230000">
        <ele>438.000</ele>
      </trkpt>
      <trkpt lat="43.719840000" lon="7.331370000">
        <ele>440.000</ele>
      </trkpt>
      <trkpt lat="43.719870000" lon="7.331490000">
        <ele>441.000</ele>
      </trkpt>
      <trkpt lat="43.719990000" lon="7.331740000">
        <ele>442.000</ele>
      </trkpt>
      <trkpt lat="43.720060000" lon="7.331870000">
        <ele>444.000</ele>
      </trkpt>
      <trkpt lat="43.720200000" lon="7.332110000">
        <ele>445.000</ele>
      </trkpt>
      <trkpt lat="43.720350000" lon="7.332400000">
        <ele>447.000</ele>
      </trkpt>
      <trkpt lat="43.720480000" lon="7.332590000">
        <ele>449.000</ele>
      </trkpt>
      <trkpt lat="43.720690000" lon="7.332870000">
        <ele>451.000</ele>
      </trkpt>
      <trkpt lat="43.720790000" lon="7.333000000">
        <ele>453.000</ele>
      </trkpt>
      <trkpt lat="43.720890000" lon="7.333140000">
        <ele>455.000</ele>
      </trkpt>
      <trkpt lat="43.720970000" lon="7.333310000">
        <ele>456.000</ele>
      </trkpt>
      <trkpt lat="43.721130000" lon="7.333700000">
        <ele>458.000</ele>
      </trkpt>
      <trkpt lat="43.721180000" lon="7.333820000">
        <ele>460.000</ele>
      </trkpt>
      <trkpt lat="43.721380000" lon="7.334180000">
        <ele>462.000</ele>
      </trkpt>
      <trkpt lat="43.721530000" lon="7.334440000">
        <ele>464.000</ele>
      </trkpt>
      <trkpt lat="43.721560000" lon="7.334480000">
        <ele>465.000</ele>
      </trkpt>
      <trkpt lat="43.721600000" lon="7.334520000">
        <ele>466.000</ele>
      </trkpt>
      <trkpt lat="43.721660000" lon="7.334550000">
        <ele>467.000</ele>
      </trkpt>
      <trkpt lat="43.721690000" lon="7.334560000">
        <ele>468.000</ele>
      </trkpt>
      <trkpt lat="43.721730000" lon="7.334570000">
        <ele>469.000</ele>
      </trkpt>
      <trkpt lat="43.721790000" lon="7.334580000">
        <ele>469.000</ele>
      </trkpt>
      <trkpt lat="43.721830000" lon="7.334580000">
        <ele>470.000</ele>
      </trkpt>
      <trkpt lat="43.721880000" lon="7.334560000">
        <ele>470.000</ele>
      </trkpt>
      <trkpt lat="43.721930000" lon="7.334550000">
        <ele>471.000</ele>
      </trkpt>
      <trkpt lat="43.721980000" lon="7.334520000">
        <ele>471.000</ele>
      </trkpt>
      <trkpt lat="43.722030000" lon="7.334480000">
        <ele>472.000</ele>
      </trkpt>
      <trkpt lat="43.722110000" lon="7.334420000">
        <ele>472.000</ele>
      </trkpt>
      <trkpt lat="43.722170000" lon="7.334360000">
        <ele>473.000</ele>
      </trkpt>
      <trkpt lat="43.722310000" lon="7.334190000">
        <ele>474.000</ele>
      </trkpt>
      <trkpt lat="43.722360000" lon="7.334140000">
        <ele>474.000</ele>
      </trkpt>
      <trkpt lat="43.722390000" lon="7.334120000">
        <ele>475.000</ele>
      </trkpt>
      <trkpt lat="43.722430000" lon="7.334110000">
        <ele>475.000</ele>
      </trkpt>
      <trkpt lat="43.722470000" lon="7.334100000">
        <ele>476.000</ele>
      </trkpt>
      <trkpt lat="43.722520000" lon="7.334100000">
        <ele>476.000</ele>
      </trkpt>
      <trkpt lat="43.722570000" lon="7.334110000">
        <ele>477.000</ele>
      </trkpt>
      <trkpt lat="43.722610000" lon="7.334140000">
        <ele>477.000</ele>
      </trkpt>
      <trkpt lat="43.722650000" lon="7.334190000">
        <ele>477.000</ele>
      </trkpt>
      <trkpt lat="43.722690000" lon="7.334250000">
        <ele>478.000</ele>
      </trkpt>
      <trkpt lat="43.722730000" lon="7.334330000">
        <ele>478.000</ele>
      </trkpt>
      <trkpt lat="43.722960000" lon="7.335090000">
        <ele>480.000</ele>
      </trkpt>
      <trkpt lat="43.723080000" lon="7.335510000">
        <ele>481.000</ele>
      </trkpt>
      <trkpt lat="43.723150000" lon="7.335700000">
        <ele>483.000</ele>
      </trkpt>
      <trkpt lat="43.723160000" lon="7.335730000">
        <ele>484.000</ele>
      </trkpt>
      <trkpt lat="43.723200000" lon="7.335880000">
        <ele>485.000</ele>
      </trkpt>
      <trkpt lat="43.723250000" lon="7.336020000">
        <ele>486.000</ele>
      </trkpt>
      <trkpt lat="43.723310000" lon="7.336130000">
        <ele>486.000</ele>
      </trkpt>
      <trkpt lat="43.723420000" lon="7.336250000">
        <ele>487.000</ele>
      </trkpt>
      <trkpt lat="43.723490000" lon="7.336300000">
        <ele>487.000</ele>
      </trkpt>
      <trkpt lat="43.723550000" lon="7.336340000">
        <ele>488.000</ele>
      </trkpt>
      <trkpt lat="43.724140000" lon="7.336800000">
        <ele>488.000</ele>
      </trkpt>
      <trkpt lat="43.724350000" lon="7.336960000">
        <ele>489.000</ele>
      </trkpt>
      <trkpt lat="43.724390000" lon="7.336990000">
        <ele>490.000</ele>
      </trkpt>
      <trkpt lat="43.724440000" lon="7.337000000">
        <ele>490.000</ele>
      </trkpt>
      <trkpt lat="43.724490000" lon="7.337000000">
        <ele>490.000</ele>
      </trkpt>
      <trkpt lat="43.724540000" lon="7.337000000">
        <ele>490.000</ele>
      </trkpt>
      <trkpt lat="43.724590000" lon="7.336980000">
        <ele>491.000</ele>
      </trkpt>
      <trkpt lat="43.724640000" lon="7.336950000">
        <ele>491.000</ele>
      </trkpt>
      <trkpt lat="43.724720000" lon="7.336880000">
        <ele>491.000</ele>
      </trkpt>
      <trkpt lat="43.724800000" lon="7.336760000">
        <ele>491.000</ele>
      </trkpt>
      <trkpt lat="43.724900000" lon="7.336600000">
        <ele>491.000</ele>
      </trkpt>
      <trkpt lat="43.725000000" lon="7.336410000">
        <ele>492.000</ele>
      </trkpt>
      <trkpt lat="43.725230000" lon="7.335930000">
        <ele>493.000</ele>
      </trkpt>
      <trkpt lat="43.725320000" lon="7.335850000">
        <ele>493.000</ele>
      </trkpt>
      <trkpt lat="43.725400000" lon="7.335840000">
        <ele>494.000</ele>
      </trkpt>
      <trkpt lat="43.725460000" lon="7.335870000">
        <ele>494.000</ele>
      </trkpt>
      <trkpt lat="43.725510000" lon="7.335920000">
        <ele>495.000</ele>
      </trkpt>
      <trkpt lat="43.725730000" lon="7.336380000">
        <ele>495.000</ele>
      </trkpt>
      <trkpt lat="43.725870000" lon="7.336720000">
        <ele>496.000</ele>
      </trkpt>
      <trkpt lat="43.725970000" lon="7.337020000">
        <ele>497.000</ele>
      </trkpt>
      <trkpt lat="43.726160000" lon="7.337690000">
        <ele>498.000</ele>
      </trkpt>
      <trkpt lat="43.726210000" lon="7.337860000">
        <ele>498.000</ele>
      </trkpt>
      <trkpt lat="43.726230000" lon="7.337950000">
        <ele>499.000</ele>
      </trkpt>
      <trkpt lat="43.726240000" lon="7.338030000">
        <ele>499.000</ele>
      </trkpt>
      <trkpt lat="43.726350000" lon="7.338910000">
        <ele>500.000</ele>
      </trkpt>
      <trkpt lat="43.726380000" lon="7.339010000">
        <ele>500.000</ele>
      </trkpt>
      <trkpt lat="43.726410000" lon="7.339070000">
        <ele>500.000</ele>
      </trkpt>
      <trkpt lat="43.726440000" lon="7.339130000">
        <ele>501.000</ele>
      </trkpt>
      <trkpt lat="43.726470000" lon="7.339180000">
        <ele>501.000</ele>
      </trkpt>
      <trkpt lat="43.726520000" lon="7.339230000">
        <ele>501.000</ele>
      </trkpt>
      <trkpt lat="43.726570000" lon="7.339260000">
        <ele>501.000</ele>
      </trkpt>
      <trkpt lat="43.726630000" lon="7.339280000">
        <ele>501.000</ele>
      </trkpt>
      <trkpt lat="43.726790000" lon="7.339330000">
        <ele>501.000</ele>
      </trkpt>
      <trkpt lat="43.726830000" lon="7.339350000">
        <ele>501.000</ele>
      </trkpt>
      <trkpt lat="43.726870000" lon="7.339370000">
        <ele>501.000</ele>
      </trkpt>
      <trkpt lat="43.726900000" lon="7.339400000">
        <ele>501.000</ele>
      </trkpt>
      <trkpt lat="43.726920000" lon="7.339430000">
        <ele>501.000</ele>
      </trkpt>
      <trkpt lat="43.726940000" lon="7.339460000">
        <ele>501.000</ele>
      </trkpt>
      <trkpt lat="43.726970000" lon="7.339510000">
        <ele>501.000</ele>
      </trkpt>
      <trkpt lat="43.726990000" lon="7.339560000">
        <ele>501.000</ele>
      </trkpt>
      <trkpt lat="43.727010000" lon="7.339630000">
        <ele>501.000</ele>
      </trkpt>
      <trkpt lat="43.727010000" lon="7.339710000">
        <ele>501.000</ele>
      </trkpt>
      <trkpt lat="43.727010000" lon="7.339770000">
        <ele>500.000</ele>
      </trkpt>
      <trkpt lat="43.726990000" lon="7.339840000">
        <ele>500.000</ele>
      </trkpt>
      <trkpt lat="43.726980000" lon="7.339910000">
        <ele>500.000</ele>
      </trkpt>
      <trkpt lat="43.726090000" lon="7.342540000">
        <ele>499.000</ele>
      </trkpt>
      <trkpt lat="43.726080000" lon="7.342650000">
        <ele>498.000</ele>
      </trkpt>
      <trkpt lat="43.726080000" lon="7.342760000">
        <ele>497.000</ele>
      </trkpt>
      <trkpt lat="43.726190000" lon="7.343390000">
        <ele>497.000</ele>
      </trkpt>
      <trkpt lat="43.726220000" lon="7.343470000">
        <ele>497.000</ele>
      </trkpt>
      <trkpt lat="43.726240000" lon="7.343540000">
        <ele>498.000</ele>
      </trkpt>
      <trkpt lat="43.726300000" lon="7.343590000">
        <ele>498.000</ele>
      </trkpt>
      <trkpt lat="43.726370000" lon="7.343630000">
        <ele>498.000</ele>
      </trkpt>
      <trkpt lat="43.726940000" lon="7.343630000">
        <ele>499.000</ele>
      </trkpt>
      <trkpt lat="43.727670000" lon="7.343650000">
        <ele>500.000</ele>
      </trkpt>
      <trkpt lat="43.727830000" lon="7.343630000">
        <ele>501.000</ele>
      </trkpt>
      <trkpt lat="43.727980000" lon="7.343590000">
        <ele>501.000</ele>
      </trkpt>
      <trkpt lat="43.728210000" lon="7.343490000">
        <ele>502.000</ele>
      </trkpt>
      <trkpt lat="43.728920000" lon="7.343000000">
        <ele>502.000</ele>
      </trkpt>
      <trkpt lat="43.729090000" lon="7.342950000">
        <ele>503.000</ele>
      </trkpt>
      <trkpt lat="43.729700000" lon="7.342860000">
        <ele>503.000</ele>
      </trkpt>
      <trkpt lat="43.729860000" lon="7.342810000">
        <ele>503.000</ele>
      </trkpt>
      <trkpt lat="43.730130000" lon="7.342620000">
        <ele>503.000</ele>
      </trkpt>
      <trkpt lat="43.730270000" lon="7.342480000">
        <ele>503.000</ele>
      </trkpt>
      <trkpt lat="43.730390000" lon="7.342300000">
        <ele>503.000</ele>
      </trkpt>
      <trkpt lat="43.730620000" lon="7.341860000">
        <ele>502.000</ele>
      </trkpt>
      <trkpt lat="43.730720000" lon="7.341730000">
        <ele>502.000</ele>
      </trkpt>
      <trkpt lat="43.730790000" lon="7.341670000">
        <ele>502.000</ele>
      </trkpt>
      <trkpt lat="43.730880000" lon="7.341640000">
        <ele>501.000</ele>
      </trkpt>
      <trkpt lat="43.730950000" lon="7.341610000">
        <ele>501.000</ele>
      </trkpt>
      <trkpt lat="43.731030000" lon="7.341620000">
        <ele>501.000</ele>
      </trkpt>
      <trkpt lat="43.731160000" lon="7.341670000">
        <ele>501.000</ele>
      </trkpt>
      <trkpt lat="43.731200000" lon="7.341700000">
        <ele>501.000</ele>
      </trkpt>
      <trkpt lat="43.731330000" lon="7.341850000">
        <ele>500.000</ele>
      </trkpt>
      <trkpt lat="43.731740000" lon="7.342450000">
        <ele>499.000</ele>
      </trkpt>
      <trkpt lat="43.732030000" lon="7.342910000">
        <ele>498.000</ele>
      </trkpt>
      <trkpt lat="43.732190000" lon="7.343170000">
        <ele>497.000</ele>
      </trkpt>
      <trkpt lat="43.732220000" lon="7.343230000">
        <ele>496.000</ele>
      </trkpt>
      <trkpt lat="43.732240000" lon="7.343300000">
        <ele>495.000</ele>
      </trkpt>
      <trkpt lat="43.732250000" lon="7.343400000">
        <ele>495.000</ele>
      </trkpt>
      <trkpt lat="43.732240000" lon="7.343780000">
        <ele>494.000</ele>
      </trkpt>
      <trkpt lat="43.732230000" lon="7.343910000">
        <ele>494.000</ele>
      </trkpt>
      <trkpt lat="43.732160000" lon="7.344310000">
        <ele>494.000</ele>
      </trkpt>
      <trkpt lat="43.732150000" lon="7.344450000">
        <ele>494.000</ele>
      </trkpt>
      <trkpt lat="43.732150000" lon="7.344610000">
        <ele>495.000</ele>
      </trkpt>
      <trkpt lat="43.732160000" lon="7.344780000">
        <ele>495.000</ele>
      </trkpt>
      <trkpt lat="43.732190000" lon="7.345070000">
        <ele>496.000</ele>
      </trkpt>
      <trkpt lat="43.732270000" lon="7.345590000">
        <ele>497.000</ele>
      </trkpt>
      <trkpt lat="43.732330000" lon="7.345910000">
        <ele>498.000</ele>
      </trkpt>
      <trkpt lat="43.732380000" lon="7.346090000">
        <ele>499.000</ele>
      </trkpt>
      <trkpt lat="43.732440000" lon="7.346180000">
        <ele>500.000</ele>
      </trkpt>
      <trkpt lat="43.732490000" lon="7.346220000">
        <ele>500.000</ele>
      </trkpt>
      <trkpt lat="43.732550000" lon="7.346250000">
        <ele>501.000</ele>
      </trkpt>
      <trkpt lat="43.732640000" lon="7.346240000">
        <ele>501.000</ele>
      </trkpt>
      <trkpt lat="43.732740000" lon="7.346210000">
        <ele>502.000</ele>
      </trkpt>
      <trkpt lat="43.732840000" lon="7.346140000">
        <ele>502.000</ele>
      </trkpt>
      <trkpt lat="43.733290000" lon="7.345810000">
        <ele>503.000</ele>
      </trkpt>
      <trkpt lat="43.733420000" lon="7.345750000">
        <ele>503.000</ele>
      </trkpt>
      <trkpt lat="43.733500000" lon="7.345730000">
        <ele>504.000</ele>
      </trkpt>
      <trkpt lat="43.733590000" lon="7.345750000">
        <ele>505.000</ele>
      </trkpt>
      <trkpt lat="43.733690000" lon="7.345800000">
        <ele>505.000</ele>
      </trkpt>
      <trkpt lat="43.733770000" lon="7.345890000">
        <ele>505.000</ele>
      </trkpt>
      <trkpt lat="43.733820000" lon="7.345980000">
        <ele>506.000</ele>
      </trkpt>
      <trkpt lat="43.733880000" lon="7.346100000">
        <ele>506.000</ele>
      </trkpt>
      <trkpt lat="43.733960000" lon="7.346380000">
        <ele>507.000</ele>
      </trkpt>
      <trkpt lat="43.734040000" lon="7.346630000">
        <ele>506.000</ele>
      </trkpt>
      <trkpt lat="43.733950000" lon="7.346700000">
        <ele>506.000</ele>
      </trkpt>
      <trkpt lat="43.733920000" lon="7.346750000">
        <ele>505.000</ele>
      </trkpt>
      <trkpt lat="43.733720000" lon="7.347230000">
        <ele>503.000</ele>
      </trkpt>
      <trkpt lat="43.733390000" lon="7.348030000">
        <ele>500.000</ele>
      </trkpt>
      <trkpt lat="43.733330000" lon="7.348150000">
        <ele>497.000</ele>
      </trkpt>
      <trkpt lat="43.733180000" lon="7.348450000">
        <ele>494.000</ele>
      </trkpt>
      <trkpt lat="43.733120000" lon="7.348560000">
        <ele>492.000</ele>
      </trkpt>
      <trkpt lat="43.733110000" lon="7.348640000">
        <ele>490.000</ele>
      </trkpt>
      <trkpt lat="43.733130000" lon="7.348690000">
        <ele>489.000</ele>
      </trkpt>
      <trkpt lat="43.733170000" lon="7.348710000">
        <ele>488.000</ele>
      </trkpt>
      <trkpt lat="43.733510000" lon="7.348680000">
        <ele>486.000</ele>
      </trkpt>
      <trkpt lat="43.733550000" lon="7.348690000">
        <ele>485.000</ele>
      </trkpt>
      <trkpt lat="43.733590000" lon="7.348720000">
        <ele>484.000</ele>
      </trkpt>
      <trkpt lat="43.733620000" lon="7.348760000">
        <ele>484.000</ele>
      </trkpt>
      <trkpt lat="43.733650000" lon="7.348840000">
        <ele>483.000</ele>
      </trkpt>
      <trkpt lat="43.733760000" lon="7.349200000">
        <ele>482.000</ele>
      </trkpt>
      <trkpt lat="43.733780000" lon="7.349270000">
        <ele>481.000</ele>
      </trkpt>
      <trkpt lat="43.733830000" lon="7.349340000">
        <ele>480.000</ele>
      </trkpt>
      <trkpt lat="43.733880000" lon="7.349420000">
        <ele>479.000</ele>
      </trkpt>
      <trkpt lat="43.733920000" lon="7.349490000">
        <ele>478.000</ele>
      </trkpt>
      <trkpt lat="43.733970000" lon="7.349610000">
        <ele>477.000</ele>
      </trkpt>
      <trkpt lat="43.734330000" lon="7.350680000">
        <ele>474.000</ele>
      </trkpt>
      <trkpt lat="43.734490000" lon="7.351110000">
        <ele>471.000</ele>
      </trkpt>
      <trkpt lat="43.734540000" lon="7.351230000">
        <ele>469.000</ele>
      </trkpt>
      <trkpt lat="43.734640000" lon="7.351340000">
        <ele>467.000</ele>
      </trkpt>
      <trkpt lat="43.734750000" lon="7.351420000">
        <ele>465.000</ele>
      </trkpt>
      <trkpt lat="43.734860000" lon="7.351460000">
        <ele>463.000</ele>
      </trkpt>
      <trkpt lat="43.734970000" lon="7.351500000">
        <ele>462.000</ele>
      </trkpt>
      <trkpt lat="43.735040000" lon="7.351510000">
        <ele>461.000</ele>
      </trkpt>
      <trkpt lat="43.735060000" lon="7.351530000">
        <ele>460.000</ele>
      </trkpt>
      <trkpt lat="43.735080000" lon="7.351580000">
        <ele>459.000</ele>
      </trkpt>
      <trkpt lat="43.735070000" lon="7.351630000">
        <ele>459.000</ele>
      </trkpt>
      <trkpt lat="43.735060000" lon="7.351660000">
        <ele>458.000</ele>
      </trkpt>
      <trkpt lat="43.735020000" lon="7.351680000">
        <ele>458.000</ele>
      </trkpt>
      <trkpt lat="43.734970000" lon="7.351690000">
        <ele>457.000</ele>
      </trkpt>
      <trkpt lat="43.734780000" lon="7.351700000">
        <ele>456.000</ele>
      </trkpt>
      <trkpt lat="43.734740000" lon="7.351700000">
        <ele>456.000</ele>
      </trkpt>
      <trkpt lat="43.734680000" lon="7.351700000">
        <ele>455.000</ele>
      </trkpt>
      <trkpt lat="43.734590000" lon="7.351680000">
        <ele>454.000</ele>
      </trkpt>
      <trkpt lat="43.734490000" lon="7.351640000">
        <ele>453.000</ele>
      </trkpt>
      <trkpt lat="43.734400000" lon="7.351600000">
        <ele>452.000</ele>
      </trkpt>
      <trkpt lat="43.734330000" lon="7.351550000">
        <ele>451.000</ele>
      </trkpt>
      <trkpt lat="43.734270000" lon="7.351490000">
        <ele>450.000</ele>
      </trkpt>
      <trkpt lat="43.734220000" lon="7.351450000">
        <ele>449.000</ele>
      </trkpt>
      <trkpt lat="43.734170000" lon="7.351460000">
        <ele>448.000</ele>
      </trkpt>
      <trkpt lat="43.734150000" lon="7.351470000">
        <ele>448.000</ele>
      </trkpt>
      <trkpt lat="43.734120000" lon="7.351490000">
        <ele>447.000</ele>
      </trkpt>
      <trkpt lat="43.734090000" lon="7.351530000">
        <ele>446.000</ele>
      </trkpt>
      <trkpt lat="43.734070000" lon="7.351560000">
        <ele>446.000</ele>
      </trkpt>
      <trkpt lat="43.733920000" lon="7.352030000">
        <ele>444.000</ele>
      </trkpt>
      <trkpt lat="43.733900000" lon="7.352120000">
        <ele>442.000</ele>
      </trkpt>
      <trkpt lat="43.733840000" lon="7.352280000">
        <ele>440.000</ele>
      </trkpt>
      <trkpt lat="43.733800000" lon="7.352430000">
        <ele>438.000</ele>
      </trkpt>
      <trkpt lat="43.733810000" lon="7.352670000">
        <ele>436.000</ele>
      </trkpt>
      <trkpt lat="43.733760000" lon="7.352850000">
        <ele>434.000</ele>
      </trkpt>
      <trkpt lat="43.733630000" lon="7.353250000">
        <ele>431.000</ele>
      </trkpt>
      <trkpt lat="43.733590000" lon="7.353380000">
        <ele>428.000</ele>
      </trkpt>
      <trkpt lat="43.733570000" lon="7.353580000">
        <ele>426.000</ele>
      </trkpt>
      <trkpt lat="43.733540000" lon="7.353940000">
        <ele>424.000</ele>
      </trkpt>
      <trkpt lat="43.733530000" lon="7.354160000">
        <ele>422.000</ele>
      </trkpt>
      <trkpt lat="43.733510000" lon="7.354320000">
        <ele>420.000</ele>
      </trkpt>
      <trkpt lat="43.733470000" lon="7.354440000">
        <ele>418.000</ele>
      </trkpt>
      <trkpt lat="43.733420000" lon="7.354550000">
        <ele>417.000</ele>
      </trkpt>
      <trkpt lat="43.733340000" lon="7.354700000">
        <ele>415.000</ele>
      </trkpt>
      <trkpt lat="43.733240000" lon="7.354890000">
        <ele>414.000</ele>
      </trkpt>
      <trkpt lat="43.733140000" lon="7.355100000">
        <ele>412.000</ele>
      </trkpt>
      <trkpt lat="43.733060000" lon="7.355280000">
        <ele>411.000</ele>
      </trkpt>
      <trkpt lat="43.732920000" lon="7.355600000">
        <ele>408.000</ele>
      </trkpt>
      <trkpt lat="43.732900000" lon="7.355690000">
        <ele>407.000</ele>
      </trkpt>
      <trkpt lat="43.732890000" lon="7.355770000">
        <ele>406.000</ele>
      </trkpt>
      <trkpt lat="43.732890000" lon="7.355860000">
        <ele>405.000</ele>
      </trkpt>
      <trkpt lat="43.732920000" lon="7.355970000">
        <ele>404.000</ele>
      </trkpt>
      <trkpt lat="43.732950000" lon="7.356070000">
        <ele>403.000</ele>
      </trkpt>
      <trkpt lat="43.733140000" lon="7.356340000">
        <ele>402.000</ele>
      </trkpt>
      <trkpt lat="43.733190000" lon="7.356480000">
        <ele>402.000</ele>
      </trkpt>
      <trkpt lat="43.733200000" lon="7.356590000">
        <ele>401.000</ele>
      </trkpt>
      <trkpt lat="43.733210000" lon="7.356680000">
        <ele>400.000</ele>
      </trkpt>
      <trkpt lat="43.733210000" lon="7.356680000">
        <ele>400.000</ele>
      </trkpt>
      <trkpt lat="43.733210000" lon="7.356720000">
        <ele>400.000</ele>
      </trkpt>
      <trkpt lat="43.733210000" lon="7.356840000">
        <ele>399.000</ele>
      </trkpt>
      <trkpt lat="43.733200000" lon="7.356900000">
        <ele>399.000</ele>
      </trkpt>
      <trkpt lat="43.733190000" lon="7.356960000">
        <ele>399.000</ele>
      </trkpt>
      <trkpt lat="43.733170000" lon="7.357070000">
        <ele>398.000</ele>
      </trkpt>
      <trkpt lat="43.733140000" lon="7.357170000">
        <ele>398.000</ele>
      </trkpt>
      <trkpt lat="43.733030000" lon="7.357390000">
        <ele>397.000</ele>
      </trkpt>
      <trkpt lat="43.732860000" lon="7.357600000">
        <ele>397.000</ele>
      </trkpt>
      <trkpt lat="43.732740000" lon="7.357740000">
        <ele>396.000</ele>
      </trkpt>
      <trkpt lat="43.732670000" lon="7.357850000">
        <ele>395.000</ele>
      </trkpt>
      <trkpt lat="43.732610000" lon="7.357970000">
        <ele>394.000</ele>
      </trkpt>
      <trkpt lat="43.732510000" lon="7.358250000">
        <ele>393.000</ele>
      </trkpt>
      <trkpt lat="43.732480000" lon="7.358300000">
        <ele>392.000</ele>
      </trkpt>
      <trkpt lat="43.732360000" lon="7.358430000">
        <ele>391.000</ele>
      </trkpt>
      <trkpt lat="43.732210000" lon="7.358570000">
        <ele>390.000</ele>
      </trkpt>
      <trkpt lat="43.732110000" lon="7.358720000">
        <ele>389.000</ele>
      </trkpt>
      <trkpt lat="43.732000000" lon="7.358940000">
        <ele>387.000</ele>
      </trkpt>
      <trkpt lat="43.731910000" lon="7.359160000">
        <ele>386.000</ele>
      </trkpt>
      <trkpt lat="43.731860000" lon="7.359380000">
        <ele>384.000</ele>
      </trkpt>
      <trkpt lat="43.731840000" lon="7.359610000">
        <ele>383.000</ele>
      </trkpt>
      <trkpt lat="43.731820000" lon="7.359980000">
        <ele>381.000</ele>
      </trkpt>
      <trkpt lat="43.731800000" lon="7.360120000">
        <ele>379.000</ele>
      </trkpt>
      <trkpt lat="43.731740000" lon="7.360210000">
        <ele>378.000</ele>
      </trkpt>
      <trkpt lat="43.731680000" lon="7.360290000">
        <ele>377.000</ele>
      </trkpt>
      <trkpt lat="43.731530000" lon="7.360360000">
        <ele>376.000</ele>
      </trkpt>
      <trkpt lat="43.731410000" lon="7.360420000">
        <ele>374.000</ele>
      </trkpt>
      <trkpt lat="43.731340000" lon="7.360460000">
        <ele>373.000</ele>
      </trkpt>
      <trkpt lat="43.731240000" lon="7.360530000">
        <ele>372.000</ele>
      </trkpt>
      <trkpt lat="43.731140000" lon="7.360650000">
        <ele>371.000</ele>
      </trkpt>
      <trkpt lat="43.731020000" lon="7.360780000">
        <ele>369.000</ele>
      </trkpt>
      <trkpt lat="43.730920000" lon="7.360900000">
        <ele>368.000</ele>
      </trkpt>
      <trkpt lat="43.730830000" lon="7.360980000">
        <ele>366.000</ele>
      </trkpt>
      <trkpt lat="43.730720000" lon="7.361060000">
        <ele>365.000</ele>
      </trkpt>
      <trkpt lat="43.730390000" lon="7.361230000">
        <ele>363.000</ele>
      </trkpt>
      <trkpt lat="43.730200000" lon="7.361330000">
        <ele>361.000</ele>
      </trkpt>
      <trkpt lat="43.730080000" lon="7.361390000">
        <ele>359.000</ele>
      </trkpt>
      <trkpt lat="43.729970000" lon="7.361370000">
        <ele>358.000</ele>
      </trkpt>
      <trkpt lat="43.729890000" lon="7.361370000">
        <ele>357.000</ele>
      </trkpt>
      <trkpt lat="43.729860000" lon="7.361360000">
        <ele>356.000</ele>
      </trkpt>
      <trkpt lat="43.729830000" lon="7.361360000">
        <ele>356.000</ele>
      </trkpt>
      <trkpt lat="43.729840000" lon="7.361220000">
        <ele>355.000</ele>
      </trkpt>
      <trkpt lat="43.729840000" lon="7.361130000">
        <ele>355.000</ele>
      </trkpt>
      <trkpt lat="43.729830000" lon="7.360930000">
        <ele>354.000</ele>
      </trkpt>
      <trkpt lat="43.729820000" lon="7.360640000">
        <ele>353.000</ele>
      </trkpt>
      <trkpt lat="43.729820000" lon="7.360570000">
        <ele>353.000</ele>
      </trkpt>
      <trkpt lat="43.729810000" lon="7.360370000">
        <ele>352.000</ele>
      </trkpt>
      <trkpt lat="43.729750000" lon="7.358270000">
        <ele>349.000</ele>
      </trkpt>
      <trkpt lat="43.729750000" lon="7.358220000">
        <ele>347.000</ele>
      </trkpt>
      <trkpt lat="43.729740000" lon="7.358190000">
        <ele>345.000</ele>
      </trkpt>
      <trkpt lat="43.729730000" lon="7.358140000">
        <ele>344.000</ele>
      </trkpt>
      <trkpt lat="43.729700000" lon="7.358070000">
        <ele>344.000</ele>
      </trkpt>
      <trkpt lat="43.729650000" lon="7.357970000">
        <ele>343.000</ele>
      </trkpt>
      <trkpt lat="43.729600000" lon="7.357900000">
        <ele>343.000</ele>
      </trkpt>
      <trkpt lat="43.729310000" lon="7.357550000">
        <ele>342.000</ele>
      </trkpt>
      <trkpt lat="43.729220000" lon="7.357450000">
        <ele>342.000</ele>
      </trkpt>
      <trkpt lat="43.729130000" lon="7.357380000">
        <ele>342.000</ele>
      </trkpt>
      <trkpt lat="43.729060000" lon="7.357340000">
        <ele>342.000</ele>
      </trkpt>
      <trkpt lat="43.728870000" lon="7.357310000">
        <ele>342.000</ele>
      </trkpt>
      <trkpt lat="43.728780000" lon="7.357280000">
        <ele>341.000</ele>
      </trkpt>
      <trkpt lat="43.728660000" lon="7.357200000">
        <ele>341.000</ele>
      </trkpt>
      <trkpt lat="43.728360000" lon="7.357000000">
        <ele>341.000</ele>
      </trkpt>
      <trkpt lat="43.728260000" lon="7.356900000">
        <ele>341.000</ele>
      </trkpt>
      <trkpt lat="43.728200000" lon="7.356840000">
        <ele>341.000</ele>
      </trkpt>
      <trkpt lat="43.728140000" lon="7.356750000">
        <ele>341.000</ele>
      </trkpt>
      <trkpt lat="43.728090000" lon="7.356670000">
        <ele>341.000</ele>
      </trkpt>
      <trkpt lat="43.728050000" lon="7.356560000">
        <ele>341.000</ele>
      </trkpt>
      <trkpt lat="43.728010000" lon="7.356430000">
        <ele>341.000</ele>
      </trkpt>
      <trkpt lat="43.727990000" lon="7.356310000">
        <ele>342.000</ele>
      </trkpt>
      <trkpt lat="43.727970000" lon="7.356170000">
        <ele>342.000</ele>
      </trkpt>
      <trkpt lat="43.727950000" lon="7.355960000">
        <ele>342.000</ele>
      </trkpt>
      <trkpt lat="43.727950000" lon="7.355610000">
        <ele>343.000</ele>
      </trkpt>
      <trkpt lat="43.727940000" lon="7.355410000">
        <ele>343.000</ele>
      </trkpt>
      <trkpt lat="43.727920000" lon="7.355270000">
        <ele>344.000</ele>
      </trkpt>
      <trkpt lat="43.727890000" lon="7.355140000">
        <ele>344.000</ele>
      </trkpt>
      <trkpt lat="43.727810000" lon="7.354960000">
        <ele>345.000</ele>
      </trkpt>
      <trkpt lat="43.727640000" lon="7.354650000">
        <ele>345.000</ele>
      </trkpt>
      <trkpt lat="43.727430000" lon="7.354210000">
        <ele>345.000</ele>
      </trkpt>
      <trkpt lat="43.727220000" lon="7.353650000">
        <ele>345.000</ele>
      </trkpt>
      <trkpt lat="43.726960000" lon="7.352920000">
        <ele>345.000</ele>
      </trkpt>
      <trkpt lat="43.726930000" lon="7.352790000">
        <ele>345.000</ele>
      </trkpt>
      <trkpt lat="43.726890000" lon="7.352640000">
        <ele>344.000</ele>
      </trkpt>
      <trkpt lat="43.726870000" lon="7.352490000">
        <ele>344.000</ele>
      </trkpt>
      <trkpt lat="43.726860000" lon="7.352320000">
        <ele>344.000</ele>
      </trkpt>
      <trkpt lat="43.726860000" lon="7.352150000">
        <ele>343.000</ele>
      </trkpt>
      <trkpt lat="43.726890000" lon="7.351880000">
        <ele>342.000</ele>
      </trkpt>
      <trkpt lat="43.726970000" lon="7.351130000">
        <ele>340.000</ele>
      </trkpt>
      <trkpt lat="43.727020000" lon="7.350690000">
        <ele>337.000</ele>
      </trkpt>
      <trkpt lat="43.727020000" lon="7.350520000">
        <ele>335.000</ele>
      </trkpt>
      <trkpt lat="43.727020000" lon="7.350400000">
        <ele>333.000</ele>
      </trkpt>
      <trkpt lat="43.727000000" lon="7.350260000">
        <ele>332.000</ele>
      </trkpt>
      <trkpt lat="43.726980000" lon="7.350130000">
        <ele>331.000</ele>
      </trkpt>
      <trkpt lat="43.726940000" lon="7.349990000">
        <ele>329.000</ele>
      </trkpt>
      <trkpt lat="43.726860000" lon="7.349820000">
        <ele>328.000</ele>
      </trkpt>
      <trkpt lat="43.726770000" lon="7.349630000">
        <ele>327.000</ele>
      </trkpt>
      <trkpt lat="43.726280000" lon="7.348740000">
        <ele>325.000</ele>
      </trkpt>
      <trkpt lat="43.726280000" lon="7.348740000">
        <ele>324.000</ele>
      </trkpt>
      <trkpt lat="43.726270000" lon="7.348740000">
        <ele>323.000</ele>
      </trkpt>
      <trkpt lat="43.726170000" lon="7.348540000">
        <ele>323.000</ele>
      </trkpt>
      <trkpt lat="43.726060000" lon="7.348330000">
        <ele>322.000</ele>
      </trkpt>
      <trkpt lat="43.725940000" lon="7.348110000">
        <ele>321.000</ele>
      </trkpt>
      <trkpt lat="43.725810000" lon="7.347950000">
        <ele>320.000</ele>
      </trkpt>
      <trkpt lat="43.725700000" lon="7.347840000">
        <ele>320.000</ele>
      </trkpt>
      <trkpt lat="43.725580000" lon="7.347760000">
        <ele>319.000</ele>
      </trkpt>
      <trkpt lat="43.725450000" lon="7.347700000">
        <ele>318.000</ele>
      </trkpt>
      <trkpt lat="43.725300000" lon="7.347670000">
        <ele>317.000</ele>
      </trkpt>
      <trkpt lat="43.725160000" lon="7.347670000">
        <ele>316.000</ele>
      </trkpt>
      <trkpt lat="43.725010000" lon="7.347680000">
        <ele>315.000</ele>
      </trkpt>
      <trkpt lat="43.724830000" lon="7.347710000">
        <ele>314.000</ele>
      </trkpt>
      <trkpt lat="43.724730000" lon="7.347710000">
        <ele>312.000</ele>
      </trkpt>
      <trkpt lat="43.724630000" lon="7.347700000">
        <ele>311.000</ele>
      </trkpt>
      <trkpt lat="43.724530000" lon="7.347680000">
        <ele>310.000</ele>
      </trkpt>
      <trkpt lat="43.724420000" lon="7.347640000">
        <ele>309.000</ele>
      </trkpt>
      <trkpt lat="43.724290000" lon="7.347560000">
        <ele>308.000</ele>
      </trkpt>
      <trkpt lat="43.724130000" lon="7.347410000">
        <ele>307.000</ele>
      </trkpt>
      <trkpt lat="43.723920000" lon="7.347190000">
        <ele>306.000</ele>
      </trkpt>
      <trkpt lat="43.723640000" lon="7.346790000">
        <ele>305.000</ele>
      </trkpt>
      <trkpt lat="43.723490000" lon="7.346450000">
        <ele>304.000</ele>
      </trkpt>
      <trkpt lat="43.723410000" lon="7.346170000">
        <ele>304.000</ele>
      </trkpt>
      <trkpt lat="43.723360000" lon="7.345950000">
        <ele>304.000</ele>
      </trkpt>
      <trkpt lat="43.723350000" lon="7.345740000">
        <ele>304.000</ele>
      </trkpt>
      <trkpt lat="43.723340000" lon="7.345550000">
        <ele>304.000</ele>
      </trkpt>
      <trkpt lat="43.723340000" lon="7.345320000">
        <ele>304.000</ele>
      </trkpt>
      <trkpt lat="43.723360000" lon="7.345000000">
        <ele>304.000</ele>
      </trkpt>
      <trkpt lat="43.723360000" lon="7.344700000">
        <ele>304.000</ele>
      </trkpt>
      <trkpt lat="43.723350000" lon="7.344560000">
        <ele>304.000</ele>
      </trkpt>
      <trkpt lat="43.723320000" lon="7.344420000">
        <ele>303.000</ele>
      </trkpt>
      <trkpt lat="43.723250000" lon="7.344250000">
        <ele>301.000</ele>
      </trkpt>
      <trkpt lat="43.723200000" lon="7.344150000">
        <ele>300.000</ele>
      </trkpt>
      <trkpt lat="43.723130000" lon="7.344050000">
        <ele>298.000</ele>
      </trkpt>
      <trkpt lat="43.723050000" lon="7.343990000">
        <ele>296.000</ele>
      </trkpt>
      <trkpt lat="43.722990000" lon="7.343940000">
        <ele>295.000</ele>
      </trkpt>
      <trkpt lat="43.722910000" lon="7.343910000">
        <ele>293.000</ele>
      </trkpt>
      <trkpt lat="43.722820000" lon="7.343900000">
        <ele>292.000</ele>
      </trkpt>
      <trkpt lat="43.722750000" lon="7.343880000">
        <ele>290.000</ele>
      </trkpt>
      <trkpt lat="43.722710000" lon="7.343880000">
        <ele>289.000</ele>
      </trkpt>
      <trkpt lat="43.722670000" lon="7.343890000">
        <ele>288.000</ele>
      </trkpt>
      <trkpt lat="43.722640000" lon="7.343890000">
        <ele>287.000</ele>
      </trkpt>
      <trkpt lat="43.722600000" lon="7.343910000">
        <ele>286.000</ele>
      </trkpt>
      <trkpt lat="43.722550000" lon="7.343930000">
        <ele>285.000</ele>
      </trkpt>
      <trkpt lat="43.722330000" lon="7.344050000">
        <ele>283.000</ele>
      </trkpt>
      <trkpt lat="43.722240000" lon="7.344090000">
        <ele>281.000</ele>
      </trkpt>
      <trkpt lat="43.722180000" lon="7.344120000">
        <ele>279.000</ele>
      </trkpt>
      <trkpt lat="43.722110000" lon="7.344130000">
        <ele>278.000</ele>
      </trkpt>
      <trkpt lat="43.722030000" lon="7.344150000">
        <ele>276.000</ele>
      </trkpt>
      <trkpt lat="43.721960000" lon="7.344150000">
        <ele>275.000</ele>
      </trkpt>
      <trkpt lat="43.721890000" lon="7.344150000">
        <ele>273.000</ele>
      </trkpt>
      <trkpt lat="43.721810000" lon="7.344140000">
        <ele>273.000</ele>
      </trkpt>
      <trkpt lat="43.721740000" lon="7.344130000">
        <ele>272.000</ele>
      </trkpt>
      <trkpt lat="43.721670000" lon="7.344110000">
        <ele>272.000</ele>
      </trkpt>
      <trkpt lat="43.721580000" lon="7.344070000">
        <ele>272.000</ele>
      </trkpt>
      <trkpt lat="43.721510000" lon="7.344030000">
        <ele>273.000</ele>
      </trkpt>
      <trkpt lat="43.721440000" lon="7.343980000">
        <ele>273.000</ele>
      </trkpt>
      <trkpt lat="43.721380000" lon="7.343940000">
        <ele>273.000</ele>
      </trkpt>
      <trkpt lat="43.721310000" lon="7.343870000">
        <ele>274.000</ele>
      </trkpt>
      <trkpt lat="43.721250000" lon="7.343800000">
        <ele>274.000</ele>
      </trkpt>
      <trkpt lat="43.721190000" lon="7.343730000">
        <ele>275.000</ele>
      </trkpt>
      <trkpt lat="43.721150000" lon="7.343670000">
        <ele>275.000</ele>
      </trkpt>
      <trkpt lat="43.721110000" lon="7.343610000">
        <ele>276.000</ele>
      </trkpt>
      <trkpt lat="43.721070000" lon="7.343540000">
        <ele>276.000</ele>
      </trkpt>
      <trkpt lat="43.721030000" lon="7.343450000">
        <ele>277.000</ele>
      </trkpt>
      <trkpt lat="43.720950000" lon="7.343130000">
        <ele>277.000</ele>
      </trkpt>
      <trkpt lat="43.720910000" lon="7.343010000">
        <ele>278.000</ele>
      </trkpt>
      <trkpt lat="43.720840000" lon="7.342700000">
        <ele>279.000</ele>
      </trkpt>
      <trkpt lat="43.720780000" lon="7.342260000">
        <ele>281.000</ele>
      </trkpt>
      <trkpt lat="43.720710000" lon="7.341820000">
        <ele>282.000</ele>
      </trkpt>
      <trkpt lat="43.720690000" lon="7.341620000">
        <ele>282.000</ele>
      </trkpt>
      <trkpt lat="43.720680000" lon="7.341520000">
        <ele>283.000</ele>
      </trkpt>
      <trkpt lat="43.720670000" lon="7.341430000">
        <ele>283.000</ele>
      </trkpt>
      <trkpt lat="43.720660000" lon="7.340960000">
        <ele>283.000</ele>
      </trkpt>
      <trkpt lat="43.720660000" lon="7.340670000">
        <ele>283.000</ele>
      </trkpt>
      <trkpt lat="43.720660000" lon="7.340480000">
        <ele>283.000</ele>
      </trkpt>
      <trkpt lat="43.720630000" lon="7.339530000">
        <ele>283.000</ele>
      </trkpt>
      <trkpt lat="43.720620000" lon="7.339370000">
        <ele>283.000</ele>
      </trkpt>
      <trkpt lat="43.720600000" lon="7.339270000">
        <ele>283.000</ele>
      </trkpt>
      <trkpt lat="43.720580000" lon="7.339180000">
        <ele>283.000</ele>
      </trkpt>
      <trkpt lat="43.720540000" lon="7.339100000">
        <ele>282.000</ele>
      </trkpt>
      <trkpt lat="43.720490000" lon="7.339010000">
        <ele>282.000</ele>
      </trkpt>
      <trkpt lat="43.720440000" lon="7.338940000">
        <ele>282.000</ele>
      </trkpt>
      <trkpt lat="43.720370000" lon="7.338870000">
        <ele>281.000</ele>
      </trkpt>
      <trkpt lat="43.720320000" lon="7.338840000">
        <ele>281.000</ele>
      </trkpt>
      <trkpt lat="43.720260000" lon="7.338810000">
        <ele>281.000</ele>
      </trkpt>
      <trkpt lat="43.720200000" lon="7.338780000">
        <ele>280.000</ele>
      </trkpt>
      <trkpt lat="43.720120000" lon="7.338770000">
        <ele>280.000</ele>
      </trkpt>
      <trkpt lat="43.720030000" lon="7.338770000">
        <ele>280.000</ele>
      </trkpt>
      <trkpt lat="43.719900000" lon="7.338780000">
        <ele>279.000</ele>
      </trkpt>
      <trkpt lat="43.719750000" lon="7.338800000">
        <ele>279.000</ele>
      </trkpt>
      <trkpt lat="43.719670000" lon="7.338790000">
        <ele>278.000</ele>
      </trkpt>
      <trkpt lat="43.719580000" lon="7.338780000">
        <ele>278.000</ele>
      </trkpt>
      <trkpt lat="43.719490000" lon="7.338750000">
        <ele>277.000</ele>
      </trkpt>
      <trkpt lat="43.719420000" lon="7.338710000">
        <ele>277.000</ele>
      </trkpt>
      <trkpt lat="43.719350000" lon="7.338660000">
        <ele>276.000</ele>
      </trkpt>
      <trkpt lat="43.719290000" lon="7.338600000">
        <ele>276.000</ele>
      </trkpt>
      <trkpt lat="43.719230000" lon="7.338540000">
        <ele>276.000</ele>
      </trkpt>
      <trkpt lat="43.719180000" lon="7.338460000">
        <ele>275.000</ele>
      </trkpt>
      <trkpt lat="43.719120000" lon="7.338370000">
        <ele>275.000</ele>
      </trkpt>
      <trkpt lat="43.719070000" lon="7.338280000">
        <ele>275.000</ele>
      </trkpt>
      <trkpt lat="43.719010000" lon="7.338140000">
        <ele>275.000</ele>
      </trkpt>
      <trkpt lat="43.718900000" lon="7.337820000">
        <ele>275.000</ele>
      </trkpt>
      <trkpt lat="43.718810000" lon="7.337590000">
        <ele>275.000</ele>
      </trkpt>
      <trkpt lat="43.718780000" lon="7.337500000">
        <ele>275.000</ele>
      </trkpt>
      <trkpt lat="43.718740000" lon="7.337370000">
        <ele>275.000</ele>
      </trkpt>
      <trkpt lat="43.718660000" lon="7.337040000">
        <ele>275.000</ele>
      </trkpt>
      <trkpt lat="43.718590000" lon="7.336700000">
        <ele>275.000</ele>
      </trkpt>
      <trkpt lat="43.718550000" lon="7.336530000">
        <ele>275.000</ele>
      </trkpt>
      <trkpt lat="43.718490000" lon="7.336340000">
        <ele>275.000</ele>
      </trkpt>
      <trkpt lat="43.718430000" lon="7.336170000">
        <ele>275.000</ele>
      </trkpt>
      <trkpt lat="43.718360000" lon="7.336030000">
        <ele>275.000</ele>
      </trkpt>
      <trkpt lat="43.718180000" lon="7.335710000">
        <ele>276.000</ele>
      </trkpt>
      <trkpt lat="43.717960000" lon="7.335320000">
        <ele>276.000</ele>
      </trkpt>
      <trkpt lat="43.717740000" lon="7.334920000">
        <ele>276.000</ele>
      </trkpt>
      <trkpt lat="43.717670000" lon="7.334780000">
        <ele>277.000</ele>
      </trkpt>
      <trkpt lat="43.717630000" lon="7.334700000">
        <ele>277.000</ele>
      </trkpt>
      <trkpt lat="43.717600000" lon="7.334630000">
        <ele>277.000</ele>
      </trkpt>
      <trkpt lat="43.717330000" lon="7.334050000">
        <ele>278.000</ele>
      </trkpt>
      <trkpt lat="43.717140000" lon="7.333640000">
        <ele>279.000</ele>
      </trkpt>
      <trkpt lat="43.717050000" lon="7.333450000">
        <ele>279.000</ele>
      </trkpt>
      <trkpt lat="43.717000000" lon="7.333350000">
        <ele>280.000</ele>
      </trkpt>
      <trkpt lat="43.716980000" lon="7.333320000">
        <ele>281.000</ele>
      </trkpt>
      <trkpt lat="43.716960000" lon="7.333270000">
        <ele>281.000</ele>
      </trkpt>
      <trkpt lat="43.716910000" lon="7.333190000">
        <ele>281.000</ele>
      </trkpt>
      <trkpt lat="43.716890000" lon="7.333160000">
        <ele>282.000</ele>
      </trkpt>
      <trkpt lat="43.716850000" lon="7.333120000">
        <ele>282.000</ele>
      </trkpt>
      <trkpt lat="43.716800000" lon="7.333070000">
        <ele>282.000</ele>
      </trkpt>
      <trkpt lat="43.716750000" lon="7.333030000">
        <ele>282.000</ele>
      </trkpt>
      <trkpt lat="43.716690000" lon="7.332980000">
        <ele>283.000</ele>
      </trkpt>
      <trkpt lat="43.716580000" lon="7.332930000">
        <ele>283.000</ele>
      </trkpt>
      <trkpt lat="43.716490000" lon="7.332880000">
        <ele>284.000</ele>
      </trkpt>
      <trkpt lat="43.715100000" lon="7.332150000">
        <ele>286.000</ele>
      </trkpt>
      <trkpt lat="43.715040000" lon="7.332110000">
        <ele>288.000</ele>
      </trkpt>
      <trkpt lat="43.714950000" lon="7.332040000">
        <ele>288.000</ele>
      </trkpt>
      <trkpt lat="43.714870000" lon="7.331940000">
        <ele>288.000</ele>
      </trkpt>
      <trkpt lat="43.714810000" lon="7.331860000">
        <ele>288.000</ele>
      </trkpt>
      <trkpt lat="43.714520000" lon="7.331360000">
        <ele>286.000</ele>
      </trkpt>
      <trkpt lat="43.714220000" lon="7.330860000">
        <ele>283.000</ele>
      </trkpt>
      <trkpt lat="43.714070000" lon="7.330490000">
        <ele>279.000</ele>
      </trkpt>
      <trkpt lat="43.713770000" lon="7.329740000">
        <ele>275.000</ele>
      </trkpt>
      <trkpt lat="43.713250000" lon="7.328500000">
        <ele>269.000</ele>
      </trkpt>
      <trkpt lat="43.713120000" lon="7.328150000">
        <ele>264.000</ele>
      </trkpt>
      <trkpt lat="43.713030000" lon="7.327870000">
        <ele>260.000</ele>
      </trkpt>
      <trkpt lat="43.712950000" lon="7.327610000">
        <ele>257.000</ele>
      </trkpt>
      <trkpt lat="43.712900000" lon="7.327390000">
        <ele>255.000</ele>
      </trkpt>
      <trkpt lat="43.712710000" lon="7.326490000">
        <ele>251.000</ele>
      </trkpt>
      <trkpt lat="43.712630000" lon="7.326190000">
        <ele>248.000</ele>
      </trkpt>
      <trkpt lat="43.712600000" lon="7.326070000">
        <ele>246.000</ele>
      </trkpt>
      <trkpt lat="43.712560000" lon="7.325920000">
        <ele>244.000</ele>
      </trkpt>
      <trkpt lat="43.712430000" lon="7.325520000">
        <ele>242.000</ele>
      </trkpt>
      <trkpt lat="43.712320000" lon="7.325160000">
        <ele>240.000</ele>
      </trkpt>
      <trkpt lat="43.712270000" lon="7.324970000">
        <ele>238.000</ele>
      </trkpt>
      <trkpt lat="43.712240000" lon="7.324780000">
        <ele>237.000</ele>
      </trkpt>
      <trkpt lat="43.712220000" lon="7.324510000">
        <ele>235.000</ele>
      </trkpt>
      <trkpt lat="43.712220000" lon="7.324290000">
        <ele>234.000</ele>
      </trkpt>
      <trkpt lat="43.712240000" lon="7.324100000">
        <ele>233.000</ele>
      </trkpt>
      <trkpt lat="43.712270000" lon="7.323880000">
        <ele>232.000</ele>
      </trkpt>
      <trkpt lat="43.712370000" lon="7.323450000">
        <ele>230.000</ele>
      </trkpt>
      <trkpt lat="43.712560000" lon="7.322500000">
        <ele>228.000</ele>
      </trkpt>
      <trkpt lat="43.712680000" lon="7.322050000">
        <ele>226.000</ele>
      </trkpt>
      <trkpt lat="43.712780000" lon="7.321830000">
        <ele>224.000</ele>
      </trkpt>
      <trkpt lat="43.712890000" lon="7.321640000">
        <ele>222.000</ele>
      </trkpt>
      <trkpt lat="43.713190000" lon="7.321220000">
        <ele>219.000</ele>
      </trkpt>
      <trkpt lat="43.713260000" lon="7.321110000">
        <ele>217.000</ele>
      </trkpt>
      <trkpt lat="43.713280000" lon="7.321020000">
        <ele>216.000</ele>
      </trkpt>
      <trkpt lat="43.713300000" lon="7.320860000">
        <ele>215.000</ele>
      </trkpt>
      <trkpt lat="43.713320000" lon="7.320730000">
        <ele>213.000</ele>
      </trkpt>
      <trkpt lat="43.713320000" lon="7.320560000">
        <ele>212.000</ele>
      </trkpt>
      <trkpt lat="43.713290000" lon="7.320420000">
        <ele>211.000</ele>
      </trkpt>
      <trkpt lat="43.713230000" lon="7.320280000">
        <ele>210.000</ele>
      </trkpt>
      <trkpt lat="43.713140000" lon="7.320180000">
        <ele>210.000</ele>
      </trkpt>
      <trkpt lat="43.713070000" lon="7.320110000">
        <ele>209.000</ele>
      </trkpt>
      <trkpt lat="43.712960000" lon="7.320060000">
        <ele>209.000</ele>
      </trkpt>
      <trkpt lat="43.712850000" lon="7.320040000">
        <ele>208.000</ele>
      </trkpt>
      <trkpt lat="43.712600000" lon="7.320050000">
        <ele>208.000</ele>
      </trkpt>
      <trkpt lat="43.712590000" lon="7.320050000">
        <ele>207.000</ele>
      </trkpt>
      <trkpt lat="43.712350000" lon="7.320070000">
        <ele>207.000</ele>
      </trkpt>
      <trkpt lat="43.712320000" lon="7.320070000">
        <ele>207.000</ele>
      </trkpt>
      <trkpt lat="43.712190000" lon="7.320080000">
        <ele>206.000</ele>
      </trkpt>
      <trkpt lat="43.712110000" lon="7.320070000">
        <ele>206.000</ele>
      </trkpt>
      <trkpt lat="43.712040000" lon="7.320030000">
        <ele>206.000</ele>
      </trkpt>
      <trkpt lat="43.711940000" lon="7.319980000">
        <ele>205.000</ele>
      </trkpt>
      <trkpt lat="43.711840000" lon="7.319930000">
        <ele>205.000</ele>
      </trkpt>
      <trkpt lat="43.711740000" lon="7.319910000">
        <ele>205.000</ele>
      </trkpt>
      <trkpt lat="43.711650000" lon="7.319900000">
        <ele>205.000</ele>
      </trkpt>
      <trkpt lat="43.711450000" lon="7.319890000">
        <ele>204.000</ele>
      </trkpt>
      <trkpt lat="43.711350000" lon="7.319880000">
        <ele>204.000</ele>
      </trkpt>
      <trkpt lat="43.711210000" lon="7.319830000">
        <ele>203.000</ele>
      </trkpt>
      <trkpt lat="43.710980000" lon="7.319740000">
        <ele>202.000</ele>
      </trkpt>
      <trkpt lat="43.710770000" lon="7.319640000">
        <ele>200.000</ele>
      </trkpt>
      <trkpt lat="43.710640000" lon="7.319570000">
        <ele>198.000</ele>
      </trkpt>
      <trkpt lat="43.710500000" lon="7.319460000">
        <ele>197.000</ele>
      </trkpt>
      <trkpt lat="43.710310000" lon="7.319280000">
        <ele>195.000</ele>
      </trkpt>
      <trkpt lat="43.710090000" lon="7.319060000">
        <ele>193.000</ele>
      </trkpt>
      <trkpt lat="43.710030000" lon="7.318980000">
        <ele>192.000</ele>
      </trkpt>
      <trkpt lat="43.709980000" lon="7.318900000">
        <ele>190.000</ele>
      </trkpt>
      <trkpt lat="43.709940000" lon="7.318800000">
        <ele>189.000</ele>
      </trkpt>
      <trkpt lat="43.709910000" lon="7.318720000">
        <ele>188.000</ele>
      </trkpt>
      <trkpt lat="43.709900000" lon="7.318630000">
        <ele>188.000</ele>
      </trkpt>
      <trkpt lat="43.709890000" lon="7.318520000">
        <ele>187.000</ele>
      </trkpt>
      <trkpt lat="43.709900000" lon="7.318410000">
        <ele>186.000</ele>
      </trkpt>
      <trkpt lat="43.709910000" lon="7.318240000">
        <ele>186.000</ele>
      </trkpt>
      <trkpt lat="43.709920000" lon="7.318080000">
        <ele>185.000</ele>
      </trkpt>
      <trkpt lat="43.709920000" lon="7.317830000">
        <ele>185.000</ele>
      </trkpt>
      <trkpt lat="43.709910000" lon="7.317560000">
        <ele>184.000</ele>
      </trkpt>
      <trkpt lat="43.709910000" lon="7.317240000">
        <ele>183.000</ele>
      </trkpt>
      <trkpt lat="43.709900000" lon="7.317080000">
        <ele>182.000</ele>
      </trkpt>
      <trkpt lat="43.709860000" lon="7.315970000">
        <ele>180.000</ele>
      </trkpt>
      <trkpt lat="43.709860000" lon="7.315810000">
        <ele>179.000</ele>
      </trkpt>
      <trkpt lat="43.709870000" lon="7.315690000">
        <ele>179.000</ele>
      </trkpt>
      <trkpt lat="43.709890000" lon="7.315580000">
        <ele>179.000</ele>
      </trkpt>
      <trkpt lat="43.709920000" lon="7.315480000">
        <ele>180.000</ele>
      </trkpt>
      <trkpt lat="43.710050000" lon="7.315230000">
        <ele>181.000</ele>
      </trkpt>
      <trkpt lat="43.710160000" lon="7.314980000">
        <ele>182.000</ele>
      </trkpt>
      <trkpt lat="43.710200000" lon="7.314820000">
        <ele>184.000</ele>
      </trkpt>
      <trkpt lat="43.710320000" lon="7.314280000">
        <ele>186.000</ele>
      </trkpt>
      <trkpt lat="43.710340000" lon="7.314150000">
        <ele>188.000</ele>
      </trkpt>
      <trkpt lat="43.710350000" lon="7.314010000">
        <ele>190.000</ele>
      </trkpt>
      <trkpt lat="43.710340000" lon="7.313880000">
        <ele>191.000</ele>
      </trkpt>
      <trkpt lat="43.710330000" lon="7.313760000">
        <ele>192.000</ele>
      </trkpt>
      <trkpt lat="43.710270000" lon="7.313460000">
        <ele>194.000</ele>
      </trkpt>
      <trkpt lat="43.710200000" lon="7.313140000">
        <ele>194.000</ele>
      </trkpt>
      <trkpt lat="43.710080000" lon="7.312730000">
        <ele>194.000</ele>
      </trkpt>
      <trkpt lat="43.710050000" lon="7.312610000">
        <ele>193.000</ele>
      </trkpt>
      <trkpt lat="43.710020000" lon="7.312480000">
        <ele>192.000</ele>
      </trkpt>
      <trkpt lat="43.710020000" lon="7.312360000">
        <ele>191.000</ele>
      </trkpt>
      <trkpt lat="43.710020000" lon="7.312230000">
        <ele>190.000</ele>
      </trkpt>
      <trkpt lat="43.710050000" lon="7.311930000">
        <ele>189.000</ele>
      </trkpt>
      <trkpt lat="43.710080000" lon="7.311670000">
        <ele>187.000</ele>
      </trkpt>
      <trkpt lat="43.710070000" lon="7.311600000">
        <ele>186.000</ele>
      </trkpt>
      <trkpt lat="43.710060000" lon="7.311530000">
        <ele>185.000</ele>
      </trkpt>
      <trkpt lat="43.710050000" lon="7.311460000">
        <ele>184.000</ele>
      </trkpt>
      <trkpt lat="43.710030000" lon="7.311400000">
        <ele>184.000</ele>
      </trkpt>
      <trkpt lat="43.709980000" lon="7.311300000">
        <ele>183.000</ele>
      </trkpt>
      <trkpt lat="43.709930000" lon="7.311220000">
        <ele>182.000</ele>
      </trkpt>
      <trkpt lat="43.709870000" lon="7.311160000">
        <ele>181.000</ele>
      </trkpt>
      <trkpt lat="43.709840000" lon="7.311140000">
        <ele>181.000</ele>
      </trkpt>
      <trkpt lat="43.709810000" lon="7.311110000">
        <ele>180.000</ele>
      </trkpt>
      <trkpt lat="43.709680000" lon="7.311030000">
        <ele>180.000</ele>
      </trkpt>
      <trkpt lat="43.709590000" lon="7.310960000">
        <ele>180.000</ele>
      </trkpt>
      <trkpt lat="43.709530000" lon="7.310870000">
        <ele>180.000</ele>
      </trkpt>
      <trkpt lat="43.709490000" lon="7.310780000">
        <ele>180.000</ele>
      </trkpt>
      <trkpt lat="43.709470000" lon="7.310700000">
        <ele>179.000</ele>
      </trkpt>
      <trkpt lat="43.709450000" lon="7.310610000">
        <ele>179.000</ele>
      </trkpt>
      <trkpt lat="43.709440000" lon="7.310520000">
        <ele>179.000</ele>
      </trkpt>
      <trkpt lat="43.709450000" lon="7.310420000">
        <ele>179.000</ele>
      </trkpt>
      <trkpt lat="43.709460000" lon="7.310340000">
        <ele>179.000</ele>
      </trkpt>
      <trkpt lat="43.709480000" lon="7.310270000">
        <ele>179.000</ele>
      </trkpt>
      <trkpt lat="43.709510000" lon="7.310210000">
        <ele>179.000</ele>
      </trkpt>
      <trkpt lat="43.709750000" lon="7.309760000">
        <ele>179.000</ele>
      </trkpt>
      <trkpt lat="43.709820000" lon="7.309620000">
        <ele>179.000</ele>
      </trkpt>
      <trkpt lat="43.709860000" lon="7.309510000">
        <ele>179.000</ele>
      </trkpt>
      <trkpt lat="43.709870000" lon="7.309410000">
        <ele>179.000</ele>
      </trkpt>
      <trkpt lat="43.709870000" lon="7.309300000">
        <ele>179.000</ele>
      </trkpt>
      <trkpt lat="43.709860000" lon="7.309190000">
        <ele>179.000</ele>
      </trkpt>
      <trkpt lat="43.709830000" lon="7.309120000">
        <ele>179.000</ele>
      </trkpt>
      <trkpt lat="43.709790000" lon="7.309040000">
        <ele>179.000</ele>
      </trkpt>
      <trkpt lat="43.709750000" lon="7.308980000">
        <ele>178.000</ele>
      </trkpt>
      <trkpt lat="43.709680000" lon="7.308920000">
        <ele>178.000</ele>
      </trkpt>
      <trkpt lat="43.709600000" lon="7.308880000">
        <ele>178.000</ele>
      </trkpt>
      <trkpt lat="43.709420000" lon="7.308820000">
        <ele>177.000</ele>
      </trkpt>
      <trkpt lat="43.709280000" lon="7.308780000">
        <ele>176.000</ele>
      </trkpt>
      <trkpt lat="43.709140000" lon="7.308690000">
        <ele>175.000</ele>
      </trkpt>
      <trkpt lat="43.709080000" lon="7.308640000">
        <ele>174.000</ele>
      </trkpt>
      <trkpt lat="43.709000000" lon="7.308560000">
        <ele>173.000</ele>
      </trkpt>
      <trkpt lat="43.708920000" lon="7.308450000">
        <ele>173.000</ele>
      </trkpt>
      <trkpt lat="43.708640000" lon="7.308020000">
        <ele>171.000</ele>
      </trkpt>
      <trkpt lat="43.708530000" lon="7.307870000">
        <ele>170.000</ele>
      </trkpt>
      <trkpt lat="43.708480000" lon="7.307810000">
        <ele>168.000</ele>
      </trkpt>
      <trkpt lat="43.708410000" lon="7.307750000">
        <ele>168.000</ele>
      </trkpt>
      <trkpt lat="43.708280000" lon="7.307670000">
        <ele>167.000</ele>
      </trkpt>
      <trkpt lat="43.708170000" lon="7.307610000">
        <ele>166.000</ele>
      </trkpt>
      <trkpt lat="43.708040000" lon="7.307550000">
        <ele>165.000</ele>
      </trkpt>
      <trkpt lat="43.707600000" lon="7.307360000">
        <ele>164.000</ele>
      </trkpt>
      <trkpt lat="43.707460000" lon="7.307300000">
        <ele>163.000</ele>
      </trkpt>
      <trkpt lat="43.707160000" lon="7.307150000">
        <ele>162.000</ele>
      </trkpt>
      <trkpt lat="43.707110000" lon="7.307130000">
        <ele>161.000</ele>
      </trkpt>
      <trkpt lat="43.706830000" lon="7.307000000">
        <ele>160.000</ele>
      </trkpt>
      <trkpt lat="43.706750000" lon="7.306970000">
        <ele>159.000</ele>
      </trkpt>
      <trkpt lat="43.706630000" lon="7.306900000">
        <ele>159.000</ele>
      </trkpt>
      <trkpt lat="43.706460000" lon="7.306750000">
        <ele>158.000</ele>
      </trkpt>
      <trkpt lat="43.706330000" lon="7.306580000">
        <ele>157.000</ele>
      </trkpt>
      <trkpt lat="43.706240000" lon="7.306410000">
        <ele>157.000</ele>
      </trkpt>
      <trkpt lat="43.706170000" lon="7.306210000">
        <ele>157.000</ele>
      </trkpt>
      <trkpt lat="43.706120000" lon="7.306000000">
        <ele>157.000</ele>
      </trkpt>
      <trkpt lat="43.706100000" lon="7.305790000">
        <ele>157.000</ele>
      </trkpt>
      <trkpt lat="43.706120000" lon="7.305540000">
        <ele>157.000</ele>
      </trkpt>
      <trkpt lat="43.706160000" lon="7.305340000">
        <ele>157.000</ele>
      </trkpt>
      <trkpt lat="43.706220000" lon="7.305130000">
        <ele>157.000</ele>
      </trkpt>
      <trkpt lat="43.706280000" lon="7.304990000">
        <ele>157.000</ele>
      </trkpt>
      <trkpt lat="43.706390000" lon="7.304820000">
        <ele>157.000</ele>
      </trkpt>
      <trkpt lat="43.706540000" lon="7.304650000">
        <ele>157.000</ele>
      </trkpt>
      <trkpt lat="43.706920000" lon="7.304300000">
        <ele>157.000</ele>
      </trkpt>
      <trkpt lat="43.706990000" lon="7.304240000">
        <ele>157.000</ele>
      </trkpt>
      <trkpt lat="43.707120000" lon="7.304120000">
        <ele>157.000</ele>
      </trkpt>
      <trkpt lat="43.707220000" lon="7.304030000">
        <ele>157.000</ele>
      </trkpt>
      <trkpt lat="43.707420000" lon="7.303820000">
        <ele>156.000</ele>
      </trkpt>
      <trkpt lat="43.707550000" lon="7.303660000">
        <ele>156.000</ele>
      </trkpt>
      <trkpt lat="43.707600000" lon="7.303540000">
        <ele>156.000</ele>
      </trkpt>
      <trkpt lat="43.707630000" lon="7.303420000">
        <ele>155.000</ele>
      </trkpt>
      <trkpt lat="43.707640000" lon="7.303300000">
        <ele>155.000</ele>
      </trkpt>
      <trkpt lat="43.707640000" lon="7.303190000">
        <ele>155.000</ele>
      </trkpt>
      <trkpt lat="43.707600000" lon="7.303050000">
        <ele>154.000</ele>
      </trkpt>
      <trkpt lat="43.707560000" lon="7.302950000">
        <ele>154.000</ele>
      </trkpt>
      <trkpt lat="43.707510000" lon="7.302860000">
        <ele>154.000</ele>
      </trkpt>
      <trkpt lat="43.707340000" lon="7.302630000">
        <ele>153.000</ele>
      </trkpt>
      <trkpt lat="43.707140000" lon="7.302390000">
        <ele>153.000</ele>
      </trkpt>
      <trkpt lat="43.706930000" lon="7.302140000">
        <ele>152.000</ele>
      </trkpt>
      <trkpt lat="43.706780000" lon="7.301970000">
        <ele>152.000</ele>
      </trkpt>
      <trkpt lat="43.706580000" lon="7.301700000">
        <ele>152.000</ele>
      </trkpt>
      <trkpt lat="43.706550000" lon="7.301670000">
        <ele>151.000</ele>
      </trkpt>
      <trkpt lat="43.706490000" lon="7.301590000">
        <ele>151.000</ele>
      </trkpt>
      <trkpt lat="43.706420000" lon="7.301510000">
        <ele>151.000</ele>
      </trkpt>
      <trkpt lat="43.706410000" lon="7.301490000">
        <ele>151.000</ele>
      </trkpt>
      <trkpt lat="43.706400000" lon="7.301470000">
        <ele>151.000</ele>
      </trkpt>
      <trkpt lat="43.706330000" lon="7.301390000">
        <ele>151.000</ele>
      </trkpt>
      <trkpt lat="43.706290000" lon="7.301340000">
        <ele>151.000</ele>
      </trkpt>
      <trkpt lat="43.706210000" lon="7.301240000">
        <ele>151.000</ele>
      </trkpt>
      <trkpt lat="43.706070000" lon="7.301070000">
        <ele>151.000</ele>
      </trkpt>
      <trkpt lat="43.706040000" lon="7.301050000">
        <ele>151.000</ele>
      </trkpt>
      <trkpt lat="43.706000000" lon="7.301020000">
        <ele>151.000</ele>
      </trkpt>
      <trkpt lat="43.705940000" lon="7.300990000">
        <ele>151.000</ele>
      </trkpt>
      <trkpt lat="43.705890000" lon="7.300960000">
        <ele>151.000</ele>
      </trkpt>
      <trkpt lat="43.705850000" lon="7.300930000">
        <ele>151.000</ele>
      </trkpt>
      <trkpt lat="43.705820000" lon="7.300890000">
        <ele>151.000</ele>
      </trkpt>
      <trkpt lat="43.705490000" lon="7.300600000">
        <ele>151.000</ele>
      </trkpt>
      <trkpt lat="43.705390000" lon="7.300510000">
        <ele>150.000</ele>
      </trkpt>
      <trkpt lat="43.705280000" lon="7.300400000">
        <ele>150.000</ele>
      </trkpt>
      <trkpt lat="43.705170000" lon="7.300300000">
        <ele>150.000</ele>
      </trkpt>
      <trkpt lat="43.705080000" lon="7.300220000">
        <ele>149.000</ele>
      </trkpt>
      <trkpt lat="43.705040000" lon="7.300180000">
        <ele>149.000</ele>
      </trkpt>
      <trkpt lat="43.704990000" lon="7.300140000">
        <ele>149.000</ele>
      </trkpt>
      <trkpt lat="43.704920000" lon="7.300080000">
        <ele>148.000</ele>
      </trkpt>
      <trkpt lat="43.704860000" lon="7.300020000">
        <ele>148.000</ele>
      </trkpt>
      <trkpt lat="43.704800000" lon="7.299960000">
        <ele>148.000</ele>
      </trkpt>
      <trkpt lat="43.704720000" lon="7.299890000">
        <ele>147.000</ele>
      </trkpt>
      <trkpt lat="43.704500000" lon="7.299690000">
        <ele>147.000</ele>
      </trkpt>
      <trkpt lat="43.704370000" lon="7.299570000">
        <ele>146.000</ele>
      </trkpt>
      <trkpt lat="43.704240000" lon="7.299450000">
        <ele>145.000</ele>
      </trkpt>
      <trkpt lat="43.704090000" lon="7.299310000">
        <ele>145.000</ele>
      </trkpt>
      <trkpt lat="43.703000000" lon="7.298370000">
        <ele>142.000</ele>
      </trkpt>
      <trkpt lat="43.702610000" lon="7.298020000">
        <ele>140.000</ele>
      </trkpt>
      <trkpt lat="43.702500000" lon="7.297920000">
        <ele>138.000</ele>
      </trkpt>
      <trkpt lat="43.702440000" lon="7.297870000">
        <ele>136.000</ele>
      </trkpt>
      <trkpt lat="43.702310000" lon="7.297750000">
        <ele>135.000</ele>
      </trkpt>
      <trkpt lat="43.702240000" lon="7.297690000">
        <ele>134.000</ele>
      </trkpt>
      <trkpt lat="43.702120000" lon="7.297590000">
        <ele>133.000</ele>
      </trkpt>
      <trkpt lat="43.701640000" lon="7.297210000">
        <ele>131.000</ele>
      </trkpt>
      <trkpt lat="43.701160000" lon="7.296830000">
        <ele>128.000</ele>
      </trkpt>
      <trkpt lat="43.700800000" lon="7.296550000">
        <ele>125.000</ele>
      </trkpt>
      <trkpt lat="43.700540000" lon="7.296350000">
        <ele>122.000</ele>
      </trkpt>
      <trkpt lat="43.700430000" lon="7.296280000">
        <ele>120.000</ele>
      </trkpt>
      <trkpt lat="43.700260000" lon="7.296180000">
        <ele>118.000</ele>
      </trkpt>
      <trkpt lat="43.700130000" lon="7.296120000">
        <ele>116.000</ele>
      </trkpt>
      <trkpt lat="43.700020000" lon="7.296070000">
        <ele>114.000</ele>
      </trkpt>
      <trkpt lat="43.699900000" lon="7.296030000">
        <ele>113.000</ele>
      </trkpt>
      <trkpt lat="43.699810000" lon="7.295990000">
        <ele>111.000</ele>
      </trkpt>
      <trkpt lat="43.699730000" lon="7.295960000">
        <ele>110.000</ele>
      </trkpt>
      <trkpt lat="43.699290000" lon="7.295780000">
        <ele>108.000</ele>
      </trkpt>
      <trkpt lat="43.699030000" lon="7.295680000">
        <ele>106.000</ele>
      </trkpt>
      <trkpt lat="43.698930000" lon="7.295640000">
        <ele>105.000</ele>
      </trkpt>
      <trkpt lat="43.698680000" lon="7.295540000">
        <ele>103.000</ele>
      </trkpt>
      <trkpt lat="43.698600000" lon="7.295510000">
        <ele>102.000</ele>
      </trkpt>
      <trkpt lat="43.698550000" lon="7.295490000">
        <ele>102.000</ele>
      </trkpt>
      <trkpt lat="43.698420000" lon="7.295440000">
        <ele>101.000</ele>
      </trkpt>
      <trkpt lat="43.698160000" lon="7.295320000">
        <ele>100.000</ele>
      </trkpt>
      <trkpt lat="43.698050000" lon="7.295270000">
        <ele>99.000</ele>
      </trkpt>
      <trkpt lat="43.698020000" lon="7.295260000">
        <ele>99.000</ele>
      </trkpt>
      <trkpt lat="43.698000000" lon="7.295260000">
        <ele>98.000</ele>
      </trkpt>
      <trkpt lat="43.697900000" lon="7.295220000">
        <ele>98.000</ele>
      </trkpt>
      <trkpt lat="43.697660000" lon="7.295120000">
        <ele>97.000</ele>
      </trkpt>
      <trkpt lat="43.697540000" lon="7.295070000">
        <ele>97.000</ele>
      </trkpt>
      <trkpt lat="43.697460000" lon="7.295030000">
        <ele>96.000</ele>
      </trkpt>
      <trkpt lat="43.697370000" lon="7.294950000">
        <ele>95.000</ele>
      </trkpt>
      <trkpt lat="43.697280000" lon="7.294790000">
        <ele>94.000</ele>
      </trkpt>
      <trkpt lat="43.697250000" lon="7.294680000">
        <ele>94.000</ele>
      </trkpt>
      <trkpt lat="43.697220000" lon="7.294570000">
        <ele>93.000</ele>
      </trkpt>
      <trkpt lat="43.697220000" lon="7.294530000">
        <ele>92.000</ele>
      </trkpt>
      <trkpt lat="43.697220000" lon="7.294430000">
        <ele>92.000</ele>
      </trkpt>
      <trkpt lat="43.697240000" lon="7.294250000">
        <ele>91.000</ele>
      </trkpt>
      <trkpt lat="43.697300000" lon="7.294110000">
        <ele>90.000</ele>
      </trkpt>
      <trkpt lat="43.697370000" lon="7.294000000">
        <ele>89.000</ele>
      </trkpt>
      <trkpt lat="43.697460000" lon="7.293920000">
        <ele>88.000</ele>
      </trkpt>
      <trkpt lat="43.697550000" lon="7.293870000">
        <ele>87.000</ele>
      </trkpt>
      <trkpt lat="43.697700000" lon="7.293840000">
        <ele>86.000</ele>
      </trkpt>
      <trkpt lat="43.698050000" lon="7.293840000">
        <ele>85.000</ele>
      </trkpt>
      <trkpt lat="43.698390000" lon="7.293840000">
        <ele>83.000</ele>
      </trkpt>
      <trkpt lat="43.698740000" lon="7.293830000">
        <ele>81.000</ele>
      </trkpt>
      <trkpt lat="43.698930000" lon="7.293830000">
        <ele>79.000</ele>
      </trkpt>
      <trkpt lat="43.698990000" lon="7.293830000">
        <ele>78.000</ele>
      </trkpt>
      <trkpt lat="43.699130000" lon="7.293830000">
        <ele>77.000</ele>
      </trkpt>
      <trkpt lat="43.699360000" lon="7.293830000">
        <ele>75.000</ele>
      </trkpt>
      <trkpt lat="43.699530000" lon="7.293850000">
        <ele>74.000</ele>
      </trkpt>
      <trkpt lat="43.699640000" lon="7.293860000">
        <ele>73.000</ele>
      </trkpt>
      <trkpt lat="43.699750000" lon="7.293890000">
        <ele>73.000</ele>
      </trkpt>
      <trkpt lat="43.699920000" lon="7.293950000">
        <ele>72.000</ele>
      </trkpt>
      <trkpt lat="43.700190000" lon="7.294040000">
        <ele>71.000</ele>
      </trkpt>
      <trkpt lat="43.700470000" lon="7.294150000">
        <ele>69.000</ele>
      </trkpt>
      <trkpt lat="43.700610000" lon="7.294200000">
        <ele>68.000</ele>
      </trkpt>
      <trkpt lat="43.700640000" lon="7.294210000">
        <ele>67.000</ele>
      </trkpt>
      <trkpt lat="43.700690000" lon="7.294230000">
        <ele>67.000</ele>
      </trkpt>
      <trkpt lat="43.700730000" lon="7.294240000">
        <ele>66.000</ele>
      </trkpt>
      <trkpt lat="43.700780000" lon="7.294260000">
        <ele>66.000</ele>
      </trkpt>
      <trkpt lat="43.700830000" lon="7.294280000">
        <ele>66.000</ele>
      </trkpt>
      <trkpt lat="43.700870000" lon="7.294300000">
        <ele>65.000</ele>
      </trkpt>
      <trkpt lat="43.701210000" lon="7.294420000">
        <ele>64.000</ele>
      </trkpt>
      <trkpt lat="43.701610000" lon="7.294580000">
        <ele>63.000</ele>
      </trkpt>
      <trkpt lat="43.701760000" lon="7.294640000">
        <ele>62.000</ele>
      </trkpt>
      <trkpt lat="43.701840000" lon="7.294670000">
        <ele>61.000</ele>
      </trkpt>
      <trkpt lat="43.701940000" lon="7.294690000">
        <ele>60.000</ele>
      </trkpt>
      <trkpt lat="43.701970000" lon="7.294700000">
        <ele>59.000</ele>
      </trkpt>
      <trkpt lat="43.702010000" lon="7.294700000">
        <ele>59.000</ele>
      </trkpt>
      <trkpt lat="43.702080000" lon="7.294690000">
        <ele>58.000</ele>
      </trkpt>
      <trkpt lat="43.702160000" lon="7.294660000">
        <ele>58.000</ele>
      </trkpt>
      <trkpt lat="43.702220000" lon="7.294620000">
        <ele>57.000</ele>
      </trkpt>
      <trkpt lat="43.702280000" lon="7.294570000">
        <ele>57.000</ele>
      </trkpt>
      <trkpt lat="43.702330000" lon="7.294520000">
        <ele>56.000</ele>
      </trkpt>
      <trkpt lat="43.702360000" lon="7.294460000">
        <ele>56.000</ele>
      </trkpt>
      <trkpt lat="43.702400000" lon="7.294390000">
        <ele>55.000</ele>
      </trkpt>
      <trkpt lat="43.702430000" lon="7.294300000">
        <ele>55.000</ele>
      </trkpt>
      <trkpt lat="43.702460000" lon="7.294210000">
        <ele>54.000</ele>
      </trkpt>
      <trkpt lat="43.702460000" lon="7.294130000">
        <ele>53.000</ele>
      </trkpt>
      <trkpt lat="43.702460000" lon="7.294020000">
        <ele>53.000</ele>
      </trkpt>
      <trkpt lat="43.702440000" lon="7.293870000">
        <ele>52.000</ele>
      </trkpt>
      <trkpt lat="43.702390000" lon="7.293750000">
        <ele>51.000</ele>
      </trkpt>
      <trkpt lat="43.702320000" lon="7.293630000">
        <ele>51.000</ele>
      </trkpt>
      <trkpt lat="43.702160000" lon="7.293420000">
        <ele>49.000</ele>
      </trkpt>
      <trkpt lat="43.702120000" lon="7.293370000">
        <ele>49.000</ele>
      </trkpt>
      <trkpt lat="43.702000000" lon="7.293210000">
        <ele>47.000</ele>
      </trkpt>
      <trkpt lat="43.701880000" lon="7.293060000">
        <ele>46.000</ele>
      </trkpt>
      <trkpt lat="43.701490000" lon="7.292550000">
        <ele>44.000</ele>
      </trkpt>
      <trkpt lat="43.701370000" lon="7.292380000">
        <ele>42.000</ele>
      </trkpt>
      <trkpt lat="43.701310000" lon="7.292270000">
        <ele>41.000</ele>
      </trkpt>
      <trkpt lat="43.701260000" lon="7.292130000">
        <ele>39.000</ele>
      </trkpt>
      <trkpt lat="43.701220000" lon="7.291970000">
        <ele>38.000</ele>
      </trkpt>
      <trkpt lat="43.701200000" lon="7.291820000">
        <ele>37.000</ele>
      </trkpt>
      <trkpt lat="43.701200000" lon="7.291790000">
        <ele>36.000</ele>
      </trkpt>
      <trkpt lat="43.701200000" lon="7.291790000">
        <ele>36.000</ele>
      </trkpt>
      <trkpt lat="43.701190000" lon="7.291180000">
        <ele>34.000</ele>
      </trkpt>
      <trkpt lat="43.701190000" lon="7.291010000">
        <ele>33.000</ele>
      </trkpt>
      <trkpt lat="43.701170000" lon="7.290900000">
        <ele>32.000</ele>
      </trkpt>
      <trkpt lat="43.701120000" lon="7.290610000">
        <ele>31.000</ele>
      </trkpt>
      <trkpt lat="43.701080000" lon="7.290400000">
        <ele>29.000</ele>
      </trkpt>
      <trkpt lat="43.701030000" lon="7.290170000">
        <ele>28.000</ele>
      </trkpt>
      <trkpt lat="43.700990000" lon="7.290020000">
        <ele>27.000</ele>
      </trkpt>
      <trkpt lat="43.700960000" lon="7.289930000">
        <ele>26.000</ele>
      </trkpt>
      <trkpt lat="43.700930000" lon="7.289880000">
        <ele>26.000</ele>
      </trkpt>
      <trkpt lat="43.700860000" lon="7.289750000">
        <ele>25.000</ele>
      </trkpt>
      <trkpt lat="43.700850000" lon="7.289730000">
        <ele>25.000</ele>
      </trkpt>
      <trkpt lat="43.700730000" lon="7.289560000">
        <ele>24.000</ele>
      </trkpt>
      <trkpt lat="43.700510000" lon="7.289260000">
        <ele>23.000</ele>
      </trkpt>
      <trkpt lat="43.700380000" lon="7.289060000">
        <ele>22.000</ele>
      </trkpt>
      <trkpt lat="43.700360000" lon="7.289000000">
        <ele>21.000</ele>
      </trkpt>
      <trkpt lat="43.700330000" lon="7.288950000">
        <ele>21.000</ele>
      </trkpt>
      <trkpt lat="43.700270000" lon="7.288810000">
        <ele>20.000</ele>
      </trkpt>
      <trkpt lat="43.700230000" lon="7.288640000">
        <ele>20.000</ele>
      </trkpt>
      <trkpt lat="43.700200000" lon="7.288460000">
        <ele>19.000</ele>
      </trkpt>
      <trkpt lat="43.700200000" lon="7.288300000">
        <ele>19.000</ele>
      </trkpt>
      <trkpt lat="43.700210000" lon="7.288150000">
        <ele>18.000</ele>
      </trkpt>
      <trkpt lat="43.700220000" lon="7.288040000">
        <ele>18.000</ele>
      </trkpt>
      <trkpt lat="43.700240000" lon="7.287960000">
        <ele>17.000</ele>
      </trkpt>
      <trkpt lat="43.700250000" lon="7.287920000">
        <ele>17.000</ele>
      </trkpt>
      <trkpt lat="43.700260000" lon="7.287870000">
        <ele>17.000</ele>
      </trkpt>
      <trkpt lat="43.700270000" lon="7.287850000">
        <ele>16.000</ele>
      </trkpt>
      <trkpt lat="43.700300000" lon="7.287770000">
        <ele>16.000</ele>
      </trkpt>
      <trkpt lat="43.700400000" lon="7.287600000">
        <ele>16.000</ele>
      </trkpt>
      <trkpt lat="43.700430000" lon="7.287630000">
        <ele>16.000</ele>
      </trkpt>
      <trkpt lat="43.700460000" lon="7.287650000">
        <ele>16.000</ele>
      </trkpt>
      <trkpt lat="43.700500000" lon="7.287650000">
        <ele>16.000</ele>
      </trkpt>
      <trkpt lat="43.700520000" lon="7.287640000">
        <ele>16.000</ele>
      </trkpt>
      <trkpt lat="43.700540000" lon="7.287630000">
        <ele>16.000</ele>
      </trkpt>
      <trkpt lat="43.700560000" lon="7.287600000">
        <ele>16.000</ele>
      </trkpt>
      <trkpt lat="43.700570000" lon="7.287560000">
        <ele>16.000</ele>
      </trkpt>
      <trkpt lat="43.700580000" lon="7.287520000">
        <ele>16.000</ele>
      </trkpt>
      <trkpt lat="43.700570000" lon="7.287480000">
        <ele>16.000</ele>
      </trkpt>
      <trkpt lat="43.700560000" lon="7.287440000">
        <ele>16.000</ele>
      </trkpt>
      <trkpt lat="43.700540000" lon="7.287420000">
        <ele>16.000</ele>
      </trkpt>
      <trkpt lat="43.700530000" lon="7.287410000">
        <ele>16.000</ele>
      </trkpt>
      <trkpt lat="43.700500000" lon="7.287390000">
        <ele>16.000</ele>
      </trkpt>
      <trkpt lat="43.700480000" lon="7.287390000">
        <ele>16.000</ele>
      </trkpt>
      <trkpt lat="43.700450000" lon="7.287400000">
        <ele>16.000</ele>
      </trkpt>
      <trkpt lat="43.700420000" lon="7.287300000">
        <ele>16.000</ele>
      </trkpt>
      <trkpt lat="43.700410000" lon="7.287210000">
        <ele>16.000</ele>
      </trkpt>
      <trkpt lat="43.700410000" lon="7.287160000">
        <ele>16.000</ele>
      </trkpt>
      <trkpt lat="43.700410000" lon="7.287100000">
        <ele>17.000</ele>
      </trkpt>
      <trkpt lat="43.700430000" lon="7.286810000">
        <ele>17.000</ele>
      </trkpt>
      <trkpt lat="43.700430000" lon="7.286770000">
        <ele>17.000</ele>
      </trkpt>
      <trkpt lat="43.700440000" lon="7.286690000">
        <ele>17.000</ele>
      </trkpt>
      <trkpt lat="43.700370000" lon="7.286670000">
        <ele>17.000</ele>
      </trkpt>
      <trkpt lat="43.700080000" lon="7.286630000">
        <ele>17.000</ele>
      </trkpt>
      <trkpt lat="43.699860000" lon="7.286590000">
        <ele>18.000</ele>
      </trkpt>
      <trkpt lat="43.699820000" lon="7.286590000">
        <ele>18.000</ele>
      </trkpt>
      <trkpt lat="43.699760000" lon="7.286580000">
        <ele>18.000</ele>
      </trkpt>
      <trkpt lat="43.699700000" lon="7.286570000">
        <ele>18.000</ele>
      </trkpt>
      <trkpt lat="43.699190000" lon="7.286480000">
        <ele>17.000</ele>
      </trkpt>
      <trkpt lat="43.699160000" lon="7.286470000">
        <ele>16.000</ele>
      </trkpt>
      <trkpt lat="43.699090000" lon="7.286460000">
        <ele>16.000</ele>
      </trkpt>
      <trkpt lat="43.699030000" lon="7.286450000">
        <ele>15.000</ele>
      </trkpt>
      <trkpt lat="43.698800000" lon="7.286410000">
        <ele>14.000</ele>
      </trkpt>
      <trkpt lat="43.698710000" lon="7.286390000">
        <ele>14.000</ele>
      </trkpt>
      <trkpt lat="43.698660000" lon="7.286390000">
        <ele>13.000</ele>
      </trkpt>
      <trkpt lat="43.698560000" lon="7.286370000">
        <ele>13.000</ele>
      </trkpt>
      <trkpt lat="43.698530000" lon="7.286310000">
        <ele>12.000</ele>
      </trkpt>
      <trkpt lat="43.698520000" lon="7.286240000">
        <ele>12.000</ele>
      </trkpt>
      <trkpt lat="43.698520000" lon="7.286100000">
        <ele>11.000</ele>
      </trkpt>
      <trkpt lat="43.698540000" lon="7.286060000">
        <ele>11.000</ele>
      </trkpt>
      <trkpt lat="43.698550000" lon="7.286010000">
        <ele>11.000</ele>
      </trkpt>
      <trkpt lat="43.698550000" lon="7.285980000">
        <ele>10.000</ele>
      </trkpt>
      <trkpt lat="43.698590000" lon="7.285610000">
        <ele>10.000</ele>
      </trkpt>
      <trkpt lat="43.698590000" lon="7.285560000">
        <ele>9.000</ele>
      </trkpt>
      <trkpt lat="43.698590000" lon="7.285520000">
        <ele>9.000</ele>
      </trkpt>
      <trkpt lat="43.698590000" lon="7.285370000">
        <ele>9.000</ele>
      </trkpt>
      <trkpt lat="43.698590000" lon="7.285320000">
        <ele>9.000</ele>
      </trkpt>
      <trkpt lat="43.698600000" lon="7.285140000">
        <ele>9.000</ele>
      </trkpt>
      <trkpt lat="43.698610000" lon="7.285020000">
        <ele>9.000</ele>
      </trkpt>
      <trkpt lat="43.698620000" lon="7.284960000">
        <ele>9.000</ele>
      </trkpt>
      <trkpt lat="43.698640000" lon="7.284900000">
        <ele>9.000</ele>
      </trkpt>
      <trkpt lat="43.698660000" lon="7.284770000">
        <ele>9.000</ele>
      </trkpt>
      <trkpt lat="43.698670000" lon="7.284600000">
        <ele>9.000</ele>
      </trkpt>
      <trkpt lat="43.698710000" lon="7.284240000">
        <ele>9.000</ele>
      </trkpt>
      <trkpt lat="43.698710000" lon="7.284180000">
        <ele>9.000</ele>
      </trkpt>
      <trkpt lat="43.698750000" lon="7.283970000">
        <ele>9.000</ele>
      </trkpt>
      <trkpt lat="43.698710000" lon="7.283970000">
        <ele>9.000</ele>
      </trkpt>
      <trkpt lat="43.698580000" lon="7.283940000">
        <ele>9.000</ele>
      </trkpt>
      <trkpt lat="43.698470000" lon="7.283790000">
        <ele>9.000</ele>
      </trkpt>
      <trkpt lat="43.698320000" lon="7.283760000">
        <ele>9.000</ele>
      </trkpt>
      <trkpt lat="43.697960000" lon="7.283700000">
        <ele>9.000</ele>
      </trkpt>
      <trkpt lat="43.697890000" lon="7.283680000">
        <ele>9.000</ele>
      </trkpt>
      <trkpt lat="43.697890000" lon="7.283680000">
        <ele>9.000</ele>
      </trkpt>
      <trkpt lat="43.697570000" lon="7.283630000">
        <ele>9.000</ele>
      </trkpt>
      <trkpt lat="43.697530000" lon="7.283620000">
        <ele>9.000</ele>
      </trkpt>
      <trkpt lat="43.697470000" lon="7.283610000">
        <ele>9.000</ele>
      </trkpt>
      <trkpt lat="43.697400000" lon="7.283600000">
        <ele>9.000</ele>
      </trkpt>
      <trkpt lat="43.697030000" lon="7.283540000">
        <ele>9.000</ele>
      </trkpt>
      <trkpt lat="43.696790000" lon="7.283510000">
        <ele>9.000</ele>
      </trkpt>
      <trkpt lat="43.696740000" lon="7.283510000">
        <ele>9.000</ele>
      </trkpt>
      <trkpt lat="43.696640000" lon="7.283500000">
        <ele>9.000</ele>
      </trkpt>
      <trkpt lat="43.696230000" lon="7.283440000">
        <ele>10.000</ele>
      </trkpt>
      <trkpt lat="43.696200000" lon="7.283440000">
        <ele>10.000</ele>
      </trkpt>
      <trkpt lat="43.695730000" lon="7.283360000">
        <ele>10.000</ele>
      </trkpt>
      <trkpt lat="43.695590000" lon="7.283330000">
        <ele>10.000</ele>
      </trkpt>
      <trkpt lat="43.695530000" lon="7.283320000">
        <ele>10.000</ele>
      </trkpt>
      <trkpt lat="43.695440000" lon="7.283300000">
        <ele>11.000</ele>
      </trkpt>
      <trkpt lat="43.695210000" lon="7.283230000">
        <ele>11.000</ele>
      </trkpt>
      <trkpt lat="43.694930000" lon="7.283130000">
        <ele>11.000</ele>
      </trkpt>
      <trkpt lat="43.694620000" lon="7.283020000">
        <ele>11.000</ele>
      </trkpt>
      <trkpt lat="43.694310000" lon="7.282910000">
        <ele>11.000</ele>
      </trkpt>
      <trkpt lat="43.694240000" lon="7.282880000">
        <ele>12.000</ele>
      </trkpt>
      <trkpt lat="43.694110000" lon="7.282800000">
        <ele>12.000</ele>
      </trkpt>
      <trkpt lat="43.694060000" lon="7.282730000">
        <ele>12.000</ele>
      </trkpt>
      <trkpt lat="43.693980000" lon="7.282640000">
        <ele>12.000</ele>
      </trkpt>
      <trkpt lat="43.693800000" lon="7.282400000">
        <ele>12.000</ele>
      </trkpt>
      <trkpt lat="43.693740000" lon="7.282320000">
        <ele>12.000</ele>
      </trkpt>
      <trkpt lat="43.693530000" lon="7.282020000">
        <ele>13.000</ele>
      </trkpt>
      <trkpt lat="43.693340000" lon="7.281720000">
        <ele>13.000</ele>
      </trkpt>
      <trkpt lat="43.693260000" lon="7.281550000">
        <ele>13.000</ele>
      </trkpt>
      <trkpt lat="43.693190000" lon="7.281370000">
        <ele>13.000</ele>
      </trkpt>
      <trkpt lat="43.693160000" lon="7.281260000">
        <ele>13.000</ele>
      </trkpt>
      <trkpt lat="43.693140000" lon="7.281150000">
        <ele>13.000</ele>
      </trkpt>
      <trkpt lat="43.693130000" lon="7.281030000">
        <ele>13.000</ele>
      </trkpt>
      <trkpt lat="43.693140000" lon="7.280920000">
        <ele>13.000</ele>
      </trkpt>
      <trkpt lat="43.693160000" lon="7.280780000">
        <ele>13.000</ele>
      </trkpt>
      <trkpt lat="43.693200000" lon="7.280640000">
        <ele>13.000</ele>
      </trkpt>
      <trkpt lat="43.693370000" lon="7.280120000">
        <ele>13.000</ele>
      </trkpt>
      <trkpt lat="43.693580000" lon="7.279530000">
        <ele>13.000</ele>
      </trkpt>
      <trkpt lat="43.693640000" lon="7.279280000">
        <ele>13.000</ele>
      </trkpt>
      <trkpt lat="43.693670000" lon="7.279210000">
        <ele>13.000</ele>
      </trkpt>
      <trkpt lat="43.693720000" lon="7.279170000">
        <ele>13.000</ele>
      </trkpt>
      <trkpt lat="43.693770000" lon="7.279150000">
        <ele>12.000</ele>
      </trkpt>
      <trkpt lat="43.693820000" lon="7.279140000">
        <ele>12.000</ele>
      </trkpt>
      <trkpt lat="43.694030000" lon="7.279110000">
        <ele>12.000</ele>
      </trkpt>
      <trkpt lat="43.694140000" lon="7.279070000">
        <ele>12.000</ele>
      </trkpt>
      <trkpt lat="43.694200000" lon="7.279050000">
        <ele>12.000</ele>
      </trkpt>
      <trkpt lat="43.694240000" lon="7.279020000">
        <ele>12.000</ele>
      </trkpt>
      <trkpt lat="43.694300000" lon="7.278960000">
        <ele>12.000</ele>
      </trkpt>
      <trkpt lat="43.694380000" lon="7.278840000">
        <ele>11.000</ele>
      </trkpt>
      <trkpt lat="43.694470000" lon="7.278730000">
        <ele>11.000</ele>
      </trkpt>
      <trkpt lat="43.694550000" lon="7.278610000">
        <ele>11.000</ele>
      </trkpt>
      <trkpt lat="43.694610000" lon="7.278490000">
        <ele>11.000</ele>
      </trkpt>
      <trkpt lat="43.694670000" lon="7.278370000">
        <ele>11.000</ele>
      </trkpt>
      <trkpt lat="43.694720000" lon="7.278250000">
        <ele>10.000</ele>
      </trkpt>
      <trkpt lat="43.694760000" lon="7.278120000">
        <ele>10.000</ele>
      </trkpt>
      <trkpt lat="43.694790000" lon="7.277960000">
        <ele>10.000</ele>
      </trkpt>
      <trkpt lat="43.694810000" lon="7.277800000">
        <ele>9.000</ele>
      </trkpt>
      <trkpt lat="43.694920000" lon="7.276940000">
        <ele>9.000</ele>
      </trkpt>
      <trkpt lat="43.694940000" lon="7.276830000">
        <ele>8.000</ele>
      </trkpt>
      <trkpt lat="43.695000000" lon="7.276370000">
        <ele>7.000</ele>
      </trkpt>
      <trkpt lat="43.695040000" lon="7.275900000">
        <ele>6.000</ele>
      </trkpt>
      <trkpt lat="43.695140000" lon="7.274840000">
        <ele>6.000</ele>
      </trkpt>
      <trkpt lat="43.695160000" lon="7.274310000">
        <ele>7.000</ele>
      </trkpt>
      <trkpt lat="43.695170000" lon="7.274030000">
        <ele>7.000</ele>
      </trkpt>
      <trkpt lat="43.695160000" lon="7.273420000">
        <ele>7.000</ele>
      </trkpt>
      <trkpt lat="43.695160000" lon="7.272770000">
        <ele>8.000</ele>
      </trkpt>
      <trkpt lat="43.695160000" lon="7.272720000">
        <ele>8.000</ele>
      </trkpt>
      <trkpt lat="43.695150000" lon="7.272140000">
        <ele>9.000</ele>
      </trkpt>
      <trkpt lat="43.695140000" lon="7.271550000">
        <ele>10.000</ele>
      </trkpt>
      <trkpt lat="43.695160000" lon="7.271330000">
        <ele>10.000</ele>
      </trkpt>
      <trkpt lat="43.695160000" lon="7.271020000">
        <ele>11.000</ele>
      </trkpt>
      <trkpt lat="43.695160000" lon="7.270940000">
        <ele>11.000</ele>
      </trkpt>
      <trkpt lat="43.695150000" lon="7.270850000">
        <ele>11.000</ele>
      </trkpt>
      <trkpt lat="43.695150000" lon="7.270800000">
        <ele>11.000</ele>
      </trkpt>
      <trkpt lat="43.695150000" lon="7.270750000">
        <ele>11.000</ele>
      </trkpt>
      <trkpt lat="43.695150000" lon="7.270690000">
        <ele>11.000</ele>
      </trkpt>
      <trkpt lat="43.695140000" lon="7.270290000">
        <ele>12.000</ele>
      </trkpt>
      <trkpt lat="43.695140000" lon="7.269730000">
        <ele>12.000</ele>
      </trkpt>
      <trkpt lat="43.695140000" lon="7.269680000">
        <ele>12.000</ele>
      </trkpt>
      <trkpt lat="43.695140000" lon="7.269460000">
        <ele>12.000</ele>
      </trkpt>
      <trkpt lat="43.695140000" lon="7.269460000">
        <ele>12.000</ele>
      </trkpt>
      <trkpt lat="43.695140000" lon="7.269330000">
        <ele>13.000</ele>
      </trkpt>
      <trkpt lat="43.695140000" lon="7.269270000">
        <ele>13.000</ele>
      </trkpt>
      <trkpt lat="43.695140000" lon="7.269100000">
        <ele>13.000</ele>
      </trkpt>
      <trkpt lat="43.695180000" lon="7.269120000">
        <ele>13.000</ele>
      </trkpt>
      <trkpt lat="43.695220000" lon="7.269140000">
        <ele>13.000</ele>
      </trkpt>
      <trkpt lat="43.695260000" lon="7.269150000">
        <ele>13.000</ele>
      </trkpt>
      <trkpt lat="43.695310000" lon="7.269170000">
        <ele>13.000</ele>
      </trkpt>
      <trkpt lat="43.695370000" lon="7.269180000">
        <ele>13.000</ele>
      </trkpt>
      <trkpt lat="43.695430000" lon="7.269190000">
        <ele>13.000</ele>
      </trkpt>
      <trkpt lat="43.695610000" lon="7.269180000">
        <ele>13.000</ele>
      </trkpt>
      <trkpt lat="43.695670000" lon="7.269180000">
        <ele>13.000</ele>
      </trkpt>
      <trkpt lat="43.696010000" lon="7.269150000">
        <ele>13.000</ele>
      </trkpt>
      <trkpt lat="43.696040000" lon="7.269160000">
        <ele>13.000</ele>
      </trkpt>
      <trkpt lat="43.696080000" lon="7.269170000">
        <ele>13.000</ele>
      </trkpt>
      <trkpt lat="43.696110000" lon="7.269200000">
        <ele>12.000</ele>
      </trkpt>
      <trkpt lat="43.696140000" lon="7.269260000">
        <ele>12.000</ele>
      </trkpt>
      <trkpt lat="43.696240000" lon="7.269590000">
        <ele>12.000</ele>
      </trkpt>
      <trkpt lat="43.696280000" lon="7.269710000">
        <ele>12.000</ele>
      </trkpt>
      <trkpt lat="43.696370000" lon="7.269980000">
        <ele>11.000</ele>
      </trkpt>
      <trkpt lat="43.696390000" lon="7.270060000">
        <ele>11.000</ele>
      </trkpt>
      <trkpt lat="43.696450000" lon="7.270160000">
        <ele>11.000</ele>
      </trkpt>
      <trkpt lat="43.696550000" lon="7.270310000">
        <ele>10.000</ele>
      </trkpt>
      <trkpt lat="43.696600000" lon="7.270390000">
        <ele>10.000</ele>
      </trkpt>
      <trkpt lat="43.696630000" lon="7.270440000">
        <ele>10.000</ele>
      </trkpt>
      <trkpt lat="43.696660000" lon="7.270510000">
        <ele>10.000</ele>
      </trkpt>
      <trkpt lat="43.696690000" lon="7.270590000">
        <ele>10.000</ele>
      </trkpt>
      <trkpt lat="43.696710000" lon="7.270640000">
        <ele>9.000</ele>
      </trkpt>
      <trkpt lat="43.696720000" lon="7.270670000">
        <ele>9.000</ele>
      </trkpt>
      <trkpt lat="43.696790000" lon="7.270940000">
        <ele>9.000</ele>
      </trkpt>
      <trkpt lat="43.697180000" lon="7.272260000">
        <ele>9.000</ele>
      </trkpt>
      <trkpt lat="43.697210000" lon="7.272380000">
        <ele>9.000</ele>
      </trkpt>
      <trkpt lat="43.697260000" lon="7.272540000">
        <ele>10.000</ele>
      </trkpt>
      <trkpt lat="43.697420000" lon="7.273100000">
        <ele>10.000</ele>
      </trkpt>
      <trkpt lat="43.697460000" lon="7.273250000">
        <ele>10.000</ele>
      </trkpt>
      <trkpt lat="43.697730000" lon="7.274170000">
        <ele>11.000</ele>
      </trkpt>
      <trkpt lat="43.697730000" lon="7.274180000">
        <ele>12.000</ele>
      </trkpt>
      <trkpt lat="43.697740000" lon="7.274220000">
        <ele>13.000</ele>
      </trkpt>
      <trkpt lat="43.697810000" lon="7.274480000">
        <ele>13.000</ele>
      </trkpt>
      <trkpt lat="43.697860000" lon="7.274670000">
        <ele>14.000</ele>
      </trkpt>
      <trkpt lat="43.697970000" lon="7.275050000">
        <ele>15.000</ele>
      </trkpt>
      <trkpt lat="43.698090000" lon="7.275480000">
        <ele>16.000</ele>
      </trkpt>
      <trkpt lat="43.698150000" lon="7.275710000">
        <ele>17.000</ele>
      </trkpt>
      <trkpt lat="43.698220000" lon="7.275910000">
        <ele>17.000</ele>
      </trkpt>
      <trkpt lat="43.698310000" lon="7.276090000">
        <ele>17.000</ele>
      </trkpt>
      <trkpt lat="43.698430000" lon="7.276310000">
        <ele>18.000</ele>
      </trkpt>
      <trkpt lat="43.698520000" lon="7.276480000">
        <ele>17.000</ele>
      </trkpt>
      <trkpt lat="43.698650000" lon="7.276720000">
        <ele>17.000</ele>
      </trkpt>
      <trkpt lat="43.698660000" lon="7.276730000">
        <ele>17.000</ele>
      </trkpt>
      <trkpt lat="43.698670000" lon="7.276760000">
        <ele>17.000</ele>
      </trkpt>
      <trkpt lat="43.698770000" lon="7.276940000">
        <ele>17.000</ele>
      </trkpt>
      <trkpt lat="43.698850000" lon="7.277070000">
        <ele>17.000</ele>
      </trkpt>
      <trkpt lat="43.698960000" lon="7.277200000">
        <ele>17.000</ele>
      </trkpt>
      <trkpt lat="43.699080000" lon="7.277320000">
        <ele>16.000</ele>
      </trkpt>
      <trkpt lat="43.699190000" lon="7.277430000">
        <ele>16.000</ele>
      </trkpt>
      <trkpt lat="43.699400000" lon="7.277580000">
        <ele>16.000</ele>
      </trkpt>
      <trkpt lat="43.699760000" lon="7.277890000">
        <ele>16.000</ele>
      </trkpt>
      <trkpt lat="43.699980000" lon="7.278080000">
        <ele>17.000</ele>
      </trkpt>
      <trkpt lat="43.700000000" lon="7.278100000">
        <ele>17.000</ele>
      </trkpt>
      <trkpt lat="43.700150000" lon="7.278210000">
        <ele>17.000</ele>
      </trkpt>
      <trkpt lat="43.700170000" lon="7.278230000">
        <ele>18.000</ele>
      </trkpt>
      <trkpt lat="43.700270000" lon="7.278280000">
        <ele>18.000</ele>
      </trkpt>
      <trkpt lat="43.700600000" lon="7.278510000">
        <ele>18.000</ele>
      </trkpt>
      <trkpt lat="43.701180000" lon="7.278950000">
        <ele>19.000</ele>
      </trkpt>
      <trkpt lat="43.701230000" lon="7.278980000">
        <ele>20.000</ele>
      </trkpt>
      <trkpt lat="43.701260000" lon="7.279010000">
        <ele>21.000</ele>
      </trkpt>
      <trkpt lat="43.701330000" lon="7.279060000">
        <ele>21.000</ele>
      </trkpt>
      <trkpt lat="43.701940000" lon="7.279490000">
        <ele>21.000</ele>
      </trkpt>
      <trkpt lat="43.702620000" lon="7.279990000">
        <ele>20.000</ele>
      </trkpt>
      <trkpt lat="43.702650000" lon="7.280000000">
        <ele>20.000</ele>
      </trkpt>
      <trkpt lat="43.702730000" lon="7.280060000">
        <ele>19.000</ele>
      </trkpt>
      <trkpt lat="43.702690000" lon="7.280160000">
        <ele>19.000</ele>
      </trkpt>
      <trkpt lat="43.702680000" lon="7.280210000">
        <ele>19.000</ele>
      </trkpt>
      <trkpt lat="43.702560000" lon="7.280580000">
        <ele>19.000</ele>
      </trkpt>
      <trkpt lat="43.702470000" lon="7.280890000">
        <ele>19.000</ele>
      </trkpt>
      <trkpt lat="43.702460000" lon="7.280920000">
        <ele>19.000</ele>
      </trkpt>
      <trkpt lat="43.702450000" lon="7.280950000">
        <ele>19.000</ele>
      </trkpt>
      <trkpt lat="43.702430000" lon="7.281000000">
        <ele>19.000</ele>
      </trkpt>
      <trkpt lat="43.702420000" lon="7.281030000">
        <ele>19.000</ele>
      </trkpt>
      <trkpt lat="43.702420000" lon="7.281050000">
        <ele>19.000</ele>
      </trkpt>
      <trkpt lat="43.702400000" lon="7.281110000">
        <ele>19.000</ele>
      </trkpt>
      <trkpt lat="43.702390000" lon="7.281130000">
        <ele>19.000</ele>
      </trkpt>
      <trkpt lat="43.702370000" lon="7.281190000">
        <ele>19.000</ele>
      </trkpt>
      <trkpt lat="43.702280000" lon="7.281510000">
        <ele>19.000</ele>
      </trkpt>
      <trkpt lat="43.702140000" lon="7.281960000">
        <ele>20.000</ele>
      </trkpt>
      <trkpt lat="43.702120000" lon="7.282010000">
        <ele>20.000</ele>
      </trkpt>
      <trkpt lat="43.702100000" lon="7.282070000">
        <ele>20.000</ele>
      </trkpt>
      <trkpt lat="43.702070000" lon="7.282170000">
        <ele>20.000</ele>
      </trkpt>
      <trkpt lat="43.702060000" lon="7.282190000">
        <ele>20.000</ele>
      </trkpt>
      <trkpt lat="43.702050000" lon="7.282230000">
        <ele>20.000</ele>
      </trkpt>
      <trkpt lat="43.702020000" lon="7.282330000">
        <ele>20.000</ele>
      </trkpt>
      <trkpt lat="43.701930000" lon="7.282610000">
        <ele>20.000</ele>
      </trkpt>
      <trkpt lat="43.701930000" lon="7.282610000">
        <ele>20.000</ele>
      </trkpt>
      <trkpt lat="43.701910000" lon="7.282700000">
        <ele>20.000</ele>
      </trkpt>
      <trkpt lat="43.701860000" lon="7.282850000">
        <ele>20.000</ele>
      </trkpt>
      <trkpt lat="43.701840000" lon="7.282920000">
        <ele>20.000</ele>
      </trkpt>
      <trkpt lat="43.701830000" lon="7.282960000">
        <ele>20.000</ele>
      </trkpt>
      <trkpt lat="43.701790000" lon="7.283070000">
        <ele>20.000</ele>
      </trkpt>
      <trkpt lat="43.701680000" lon="7.283430000">
        <ele>20.000</ele>
      </trkpt>
      <trkpt lat="43.701670000" lon="7.283480000">
        <ele>20.000</ele>
      </trkpt>
      <trkpt lat="43.701650000" lon="7.283550000">
        <ele>20.000</ele>
      </trkpt>
      <trkpt lat="43.701620000" lon="7.283630000">
        <ele>20.000</ele>
      </trkpt>
      <trkpt lat="43.701610000" lon="7.283670000">
        <ele>20.000</ele>
      </trkpt>
      <trkpt lat="43.701480000" lon="7.284100000">
        <ele>20.000</ele>
      </trkpt>
      <trkpt lat="43.701450000" lon="7.284220000">
        <ele>20.000</ele>
      </trkpt>
      <trkpt lat="43.701430000" lon="7.284270000">
        <ele>20.000</ele>
      </trkpt>
      <trkpt lat="43.701400000" lon="7.284390000">
        <ele>19.000</ele>
      </trkpt>
      <trkpt lat="43.701370000" lon="7.284470000">
        <ele>19.000</ele>
      </trkpt>
      <trkpt lat="43.701350000" lon="7.284550000">
        <ele>19.000</ele>
      </trkpt>
      <trkpt lat="43.701100000" lon="7.285470000">
        <ele>19.000</ele>
      </trkpt>
      <trkpt lat="43.701080000" lon="7.285520000">
        <ele>19.000</ele>
      </trkpt>
      <trkpt lat="43.701070000" lon="7.285570000">
        <ele>19.000</ele>
      </trkpt>
      <trkpt lat="43.701060000" lon="7.285610000">
        <ele>19.000</ele>
      </trkpt>
      <trkpt lat="43.701010000" lon="7.285780000">
        <ele>18.000</ele>
      </trkpt>
      <trkpt lat="43.700990000" lon="7.285860000">
        <ele>18.000</ele>
      </trkpt>
      <trkpt lat="43.700960000" lon="7.285960000">
        <ele>18.000</ele>
      </trkpt>
      <trkpt lat="43.700920000" lon="7.286120000">
        <ele>18.000</ele>
      </trkpt>
      <trkpt lat="43.700830000" lon="7.286440000">
        <ele>18.000</ele>
      </trkpt>
      <trkpt lat="43.700770000" lon="7.286640000">
        <ele>17.000</ele>
      </trkpt>
      <trkpt lat="43.700760000" lon="7.286680000">
        <ele>17.000</ele>
      </trkpt>
      <trkpt lat="43.700740000" lon="7.286760000">
        <ele>17.000</ele>
      </trkpt>
      <trkpt lat="43.700720000" lon="7.286850000">
        <ele>17.000</ele>
      </trkpt>
      <trkpt lat="43.700690000" lon="7.286930000">
        <ele>17.000</ele>
      </trkpt>
      <trkpt lat="43.700630000" lon="7.287140000">
        <ele>17.000</ele>
      </trkpt>
      <trkpt lat="43.700630000" lon="7.287170000">
        <ele>17.000</ele>
      </trkpt>
      <trkpt lat="43.700610000" lon="7.287230000">
        <ele>16.000</ele>
      </trkpt>
      <trkpt lat="43.700600000" lon="7.287270000">
        <ele>16.000</ele>
      </trkpt>
      <trkpt lat="43.700580000" lon="7.287310000">
        <ele>16.000</ele>
      </trkpt>
      <trkpt lat="43.700530000" lon="7.287410000">
        <ele>16.000</ele>
      </trkpt>
      <trkpt lat="43.700500000" lon="7.287390000">
        <ele>16.000</ele>
      </trkpt>
      <trkpt lat="43.700480000" lon="7.287390000">
        <ele>16.000</ele>
      </trkpt>
      <trkpt lat="43.700450000" lon="7.287400000">
        <ele>16.000</ele>
      </trkpt>
      <trkpt lat="43.700410000" lon="7.287430000">
        <ele>16.000</ele>
      </trkpt>
      <trkpt lat="43.700390000" lon="7.287480000">
        <ele>16.000</ele>
      </trkpt>
      <trkpt lat="43.700380000" lon="7.287520000">
        <ele>16.000</ele>
      </trkpt>
      <trkpt lat="43.700390000" lon="7.287570000">
        <ele>16.000</ele>
      </trkpt>
      <trkpt lat="43.700400000" lon="7.287590000">
        <ele>16.000</ele>
      </trkpt>
      <trkpt lat="43.700400000" lon="7.287600000">
        <ele>16.000</ele>
      </trkpt>
      <trkpt lat="43.700430000" lon="7.287630000">
        <ele>16.000</ele>
      </trkpt>
      <trkpt lat="43.700460000" lon="7.287650000">
        <ele>16.000</ele>
      </trkpt>
      <trkpt lat="43.700500000" lon="7.287650000">
        <ele>16.000</ele>
      </trkpt>
      <trkpt lat="43.700520000" lon="7.287640000">
        <ele>16.000</ele>
      </trkpt>
      <trkpt lat="43.700540000" lon="7.287630000">
        <ele>16.000</ele>
      </trkpt>
      <trkpt lat="43.700580000" lon="7.287650000">
        <ele>16.000</ele>
      </trkpt>
      <trkpt lat="43.700600000" lon="7.287650000">
        <ele>16.000</ele>
      </trkpt>
      <trkpt lat="43.700650000" lon="7.287680000">
        <ele>16.000</ele>
      </trkpt>
      <trkpt lat="43.700710000" lon="7.287710000">
        <ele>16.000</ele>
      </trkpt>
      <trkpt lat="43.700830000" lon="7.287790000">
        <ele>17.000</ele>
      </trkpt>
      <trkpt lat="43.701070000" lon="7.287960000">
        <ele>17.000</ele>
      </trkpt>
      <trkpt lat="43.701140000" lon="7.287980000">
        <ele>17.000</ele>
      </trkpt>
      <trkpt lat="43.701180000" lon="7.288020000">
        <ele>18.000</ele>
      </trkpt>
      <trkpt lat="43.701180000" lon="7.288020000">
        <ele>18.000</ele>
      </trkpt>
      <trkpt lat="43.701340000" lon="7.288150000">
        <ele>18.000</ele>
      </trkpt>
      <trkpt lat="43.701600000" lon="7.288340000">
        <ele>19.000</ele>
      </trkpt>
      <trkpt lat="43.701630000" lon="7.288360000">
        <ele>20.000</ele>
      </trkpt>
      <trkpt lat="43.701670000" lon="7.288390000">
        <ele>20.000</ele>
      </trkpt>
      <trkpt lat="43.701720000" lon="7.288430000">
        <ele>20.000</ele>
      </trkpt>
      <trkpt lat="43.701980000" lon="7.288620000">
        <ele>21.000</ele>
      </trkpt>
      <trkpt lat="43.702120000" lon="7.288720000">
        <ele>21.000</ele>
      </trkpt>
      <trkpt lat="43.702180000" lon="7.288760000">
        <ele>22.000</ele>
      </trkpt>
      <trkpt lat="43.702240000" lon="7.288800000">
        <ele>22.000</ele>
      </trkpt>
      <trkpt lat="43.702520000" lon="7.289010000">
        <ele>22.000</ele>
      </trkpt>
      <trkpt lat="43.702610000" lon="7.289080000">
        <ele>22.000</ele>
      </trkpt>
      <trkpt lat="43.702670000" lon="7.289120000">
        <ele>22.000</ele>
      </trkpt>
      <trkpt lat="43.702740000" lon="7.289170000">
        <ele>22.000</ele>
      </trkpt>
      <trkpt lat="43.703030000" lon="7.289380000">
        <ele>22.000</ele>
      </trkpt>
      <trkpt lat="43.703200000" lon="7.289500000">
        <ele>22.000</ele>
      </trkpt>
      <trkpt lat="43.703250000" lon="7.289540000">
        <ele>21.000</ele>
      </trkpt>
      <trkpt lat="43.703320000" lon="7.289590000">
        <ele>21.000</ele>
      </trkpt>
      <trkpt lat="43.703710000" lon="7.289880000">
        <ele>21.000</ele>
      </trkpt>
      <trkpt lat="43.703740000" lon="7.289900000">
        <ele>21.000</ele>
      </trkpt>
      <trkpt lat="43.703800000" lon="7.289940000">
        <ele>21.000</ele>
      </trkpt>
      <trkpt lat="43.703860000" lon="7.289990000">
        <ele>20.000</ele>
      </trkpt>
      <trkpt lat="43.704310000" lon="7.290320000">
        <ele>20.000</ele>
      </trkpt>
      <trkpt lat="43.704370000" lon="7.290360000">
        <ele>19.000</ele>
      </trkpt>
      <trkpt lat="43.704440000" lon="7.290410000">
        <ele>19.000</ele>
      </trkpt>
      <trkpt lat="43.704940000" lon="7.290780000">
        <ele>18.000</ele>
      </trkpt>
      <trkpt lat="43.704960000" lon="7.290800000">
        <ele>17.000</ele>
      </trkpt>
      <trkpt lat="43.705060000" lon="7.290870000">
        <ele>17.000</ele>
      </trkpt>
      <trkpt lat="43.705170000" lon="7.290960000">
        <ele>16.000</ele>
      </trkpt>
      <trkpt lat="43.705200000" lon="7.291000000">
        <ele>16.000</ele>
      </trkpt>
      <trkpt lat="43.705230000" lon="7.291030000">
        <ele>16.000</ele>
      </trkpt>
      <trkpt lat="43.705280000" lon="7.291070000">
        <ele>15.000</ele>
      </trkpt>
      <trkpt lat="43.705400000" lon="7.291160000">
        <ele>15.000</ele>
      </trkpt>
      <trkpt lat="43.705610000" lon="7.291310000">
        <ele>15.000</ele>
      </trkpt>
      <trkpt lat="43.705660000" lon="7.291340000">
        <ele>15.000</ele>
      </trkpt>
      <trkpt lat="43.705860000" lon="7.291480000">
        <ele>16.000</ele>
      </trkpt>
      <trkpt lat="43.706170000" lon="7.291700000">
        <ele>16.000</ele>
      </trkpt>
      <trkpt lat="43.706270000" lon="7.291780000">
        <ele>17.000</ele>
      </trkpt>
      <trkpt lat="43.706360000" lon="7.291850000">
        <ele>17.000</ele>
      </trkpt>
      <trkpt lat="43.706820000" lon="7.292170000">
        <ele>18.000</ele>
      </trkpt>
      <trkpt lat="43.706940000" lon="7.292270000">
        <ele>19.000</ele>
      </trkpt>
      <trkpt lat="43.707120000" lon="7.292390000">
        <ele>19.000</ele>
      </trkpt>
      <trkpt lat="43.707430000" lon="7.292610000">
        <ele>20.000</ele>
      </trkpt>
      <trkpt lat="43.707550000" lon="7.292660000">
        <ele>20.000</ele>
      </trkpt>
      <trkpt lat="43.707740000" lon="7.292740000">
        <ele>20.000</ele>
      </trkpt>
      <trkpt lat="43.707830000" lon="7.292770000">
        <ele>21.000</ele>
      </trkpt>
      <trkpt lat="43.707970000" lon="7.292790000">
        <ele>21.000</ele>
      </trkpt>
      <trkpt lat="43.708000000" lon="7.292790000">
        <ele>21.000</ele>
      </trkpt>
      <trkpt lat="43.708140000" lon="7.292800000">
        <ele>21.000</ele>
      </trkpt>
      <trkpt lat="43.708170000" lon="7.292800000">
        <ele>21.000</ele>
      </trkpt>
      <trkpt lat="43.708310000" lon="7.292790000">
        <ele>22.000</ele>
      </trkpt>
      <trkpt lat="43.708290000" lon="7.292940000">
        <ele>22.000</ele>
      </trkpt>
      <trkpt lat="43.708290000" lon="7.293000000">
        <ele>23.000</ele>
      </trkpt>
      <trkpt lat="43.708290000" lon="7.293280000">
        <ele>24.000</ele>
      </trkpt>
      <trkpt lat="43.708300000" lon="7.293400000">
        <ele>25.000</ele>
      </trkpt>
      <trkpt lat="43.708330000" lon="7.293490000">
        <ele>25.000</ele>
      </trkpt>
      <trkpt lat="43.708360000" lon="7.293570000">
        <ele>26.000</ele>
      </trkpt>
      <trkpt lat="43.708410000" lon="7.293650000">
        <ele>27.000</ele>
      </trkpt>
      <trkpt lat="43.708470000" lon="7.293730000">
        <ele>28.000</ele>
      </trkpt>
      <trkpt lat="43.708760000" lon="7.293980000">
        <ele>29.000</ele>
      </trkpt>
      <trkpt lat="43.709090000" lon="7.294200000">
        <ele>32.000</ele>
      </trkpt>
      <trkpt lat="43.709260000" lon="7.294290000">
        <ele>34.000</ele>
      </trkpt>
      <trkpt lat="43.709360000" lon="7.294330000">
        <ele>36.000</ele>
      </trkpt>
      <trkpt lat="43.709620000" lon="7.294420000">
        <ele>37.000</ele>
      </trkpt>
      <trkpt lat="43.709770000" lon="7.294480000">
        <ele>38.000</ele>
      </trkpt>
      <trkpt lat="43.709870000" lon="7.294510000">
        <ele>39.000</ele>
      </trkpt>
      <trkpt lat="43.710180000" lon="7.294630000">
        <ele>40.000</ele>
      </trkpt>
      <trkpt lat="43.710250000" lon="7.294670000">
        <ele>41.000</ele>
      </trkpt>
      <trkpt lat="43.710310000" lon="7.294710000">
        <ele>42.000</ele>
      </trkpt>
      <trkpt lat="43.710820000" lon="7.295140000">
        <ele>45.000</ele>
      </trkpt>
      <trkpt lat="43.710880000" lon="7.295190000">
        <ele>48.000</ele>
      </trkpt>
      <trkpt lat="43.710950000" lon="7.295250000">
        <ele>50.000</ele>
      </trkpt>
      <trkpt lat="43.710920000" lon="7.295270000">
        <ele>52.000</ele>
      </trkpt>
      <trkpt lat="43.710910000" lon="7.295290000">
        <ele>53.000</ele>
      </trkpt>
      <trkpt lat="43.710870000" lon="7.295310000">
        <ele>54.000</ele>
      </trkpt>
      <trkpt lat="43.710820000" lon="7.295310000">
        <ele>54.000</ele>
      </trkpt>
      <trkpt lat="43.710560000" lon="7.295050000">
        <ele>56.000</ele>
      </trkpt>
      <trkpt lat="43.710510000" lon="7.295010000">
        <ele>56.000</ele>
      </trkpt>
      <trkpt lat="43.710470000" lon="7.294990000">
        <ele>57.000</ele>
      </trkpt>
      <trkpt lat="43.710430000" lon="7.295000000">
        <ele>58.000</ele>
      </trkpt>
      <trkpt lat="43.710400000" lon="7.295030000">
        <ele>58.000</ele>
      </trkpt>
      <trkpt lat="43.710390000" lon="7.295080000">
        <ele>59.000</ele>
      </trkpt>
      <trkpt lat="43.710390000" lon="7.295150000">
        <ele>59.000</ele>
      </trkpt>
      <trkpt lat="43.710430000" lon="7.295230000">
        <ele>60.000</ele>
      </trkpt>
      <trkpt lat="43.710510000" lon="7.295330000">
        <ele>60.000</ele>
      </trkpt>
      <trkpt lat="43.710550000" lon="7.295350000">
        <ele>61.000</ele>
      </trkpt>
      <trkpt lat="43.710600000" lon="7.295360000">
        <ele>61.000</ele>
      </trkpt>
      <trkpt lat="43.710750000" lon="7.295390000">
        <ele>62.000</ele>
      </trkpt>
      <trkpt lat="43.710780000" lon="7.295410000">
        <ele>63.000</ele>
      </trkpt>
      <trkpt lat="43.710810000" lon="7.295440000">
        <ele>63.000</ele>
      </trkpt>
      <trkpt lat="43.710810000" lon="7.295490000">
        <ele>63.000</ele>
      </trkpt>
      <trkpt lat="43.710800000" lon="7.295530000">
        <ele>64.000</ele>
      </trkpt>
      <trkpt lat="43.710770000" lon="7.295570000">
        <ele>64.000</ele>
      </trkpt>
      <trkpt lat="43.710720000" lon="7.295590000">
        <ele>64.000</ele>
      </trkpt>
      <trkpt lat="43.710640000" lon="7.295600000">
        <ele>65.000</ele>
      </trkpt>
      <trkpt lat="43.710580000" lon="7.295570000">
        <ele>65.000</ele>
      </trkpt>
      <trkpt lat="43.710510000" lon="7.295500000">
        <ele>66.000</ele>
      </trkpt>
      <trkpt lat="43.710480000" lon="7.295480000">
        <ele>66.000</ele>
      </trkpt>
      <trkpt lat="43.710430000" lon="7.295450000">
        <ele>67.000</ele>
      </trkpt>
      <trkpt lat="43.710380000" lon="7.295440000">
        <ele>67.000</ele>
      </trkpt>
      <trkpt lat="43.710320000" lon="7.295440000">
        <ele>68.000</ele>
      </trkpt>
      <trkpt lat="43.710180000" lon="7.295450000">
        <ele>68.000</ele>
      </trkpt>
      <trkpt lat="43.710030000" lon="7.295450000">
        <ele>69.000</ele>
      </trkpt>
      <trkpt lat="43.709920000" lon="7.295440000">
        <ele>70.000</ele>
      </trkpt>
      <trkpt lat="43.709740000" lon="7.295380000">
        <ele>71.000</ele>
      </trkpt>
      <trkpt lat="43.709610000" lon="7.295360000">
        <ele>72.000</ele>
      </trkpt>
      <trkpt lat="43.709560000" lon="7.295360000">
        <ele>73.000</ele>
      </trkpt>
      <trkpt lat="43.709510000" lon="7.295370000">
        <ele>73.000</ele>
      </trkpt>
      <trkpt lat="43.709510000" lon="7.295370000">
        <ele>74.000</ele>
      </trkpt>
      <trkpt lat="43.709510000" lon="7.295370000">
        <ele>74.000</ele>
      </trkpt>
      <trkpt lat="43.709410000" lon="7.295390000">
        <ele>75.000</ele>
      </trkpt>
      <trkpt lat="43.709290000" lon="7.295390000">
        <ele>75.000</ele>
      </trkpt>
      <trkpt lat="43.709220000" lon="7.295380000">
        <ele>76.000</ele>
      </trkpt>
      <trkpt lat="43.709150000" lon="7.295350000">
        <ele>76.000</ele>
      </trkpt>
      <trkpt lat="43.708960000" lon="7.295190000">
        <ele>77.000</ele>
      </trkpt>
      <trkpt lat="43.708830000" lon="7.295090000">
        <ele>78.000</ele>
      </trkpt>
      <trkpt lat="43.708740000" lon="7.295030000">
        <ele>78.000</ele>
      </trkpt>
      <trkpt lat="43.708650000" lon="7.295000000">
        <ele>79.000</ele>
      </trkpt>
      <trkpt lat="43.708550000" lon="7.295000000">
        <ele>79.000</ele>
      </trkpt>
      <trkpt lat="43.708480000" lon="7.295000000">
        <ele>80.000</ele>
      </trkpt>
      <trkpt lat="43.708440000" lon="7.295040000">
        <ele>80.000</ele>
      </trkpt>
      <trkpt lat="43.708410000" lon="7.295110000">
        <ele>81.000</ele>
      </trkpt>
      <trkpt lat="43.708400000" lon="7.295180000">
        <ele>81.000</ele>
      </trkpt>
      <trkpt lat="43.708400000" lon="7.295250000">
        <ele>81.000</ele>
      </trkpt>
      <trkpt lat="43.708420000" lon="7.295330000">
        <ele>82.000</ele>
      </trkpt>
      <trkpt lat="43.708470000" lon="7.295400000">
        <ele>82.000</ele>
      </trkpt>
      <trkpt lat="43.708500000" lon="7.295440000">
        <ele>82.000</ele>
      </trkpt>
      <trkpt lat="43.708660000" lon="7.295630000">
        <ele>83.000</ele>
      </trkpt>
      <trkpt lat="43.708710000" lon="7.295700000">
        <ele>84.000</ele>
      </trkpt>
      <trkpt lat="43.708760000" lon="7.295750000">
        <ele>84.000</ele>
      </trkpt>
      <trkpt lat="43.708850000" lon="7.295790000">
        <ele>85.000</ele>
      </trkpt>
      <trkpt lat="43.708940000" lon="7.295870000">
        <ele>85.000</ele>
      </trkpt>
      <trkpt lat="43.708960000" lon="7.295890000">
        <ele>86.000</ele>
      </trkpt>
      <trkpt lat="43.708970000" lon="7.295910000">
        <ele>86.000</ele>
      </trkpt>
      <trkpt lat="43.709030000" lon="7.295960000">
        <ele>87.000</ele>
      </trkpt>
      <trkpt lat="43.709300000" lon="7.296170000">
        <ele>88.000</ele>
      </trkpt>
      <trkpt lat="43.709360000" lon="7.296200000">
        <ele>89.000</ele>
      </trkpt>
      <trkpt lat="43.709390000" lon="7.296200000">
        <ele>89.000</ele>
      </trkpt>
      <trkpt lat="43.709440000" lon="7.296180000">
        <ele>90.000</ele>
      </trkpt>
      <trkpt lat="43.709470000" lon="7.296150000">
        <ele>91.000</ele>
      </trkpt>
      <trkpt lat="43.709520000" lon="7.296100000">
        <ele>91.000</ele>
      </trkpt>
      <trkpt lat="43.709610000" lon="7.296010000">
        <ele>92.000</ele>
      </trkpt>
      <trkpt lat="43.709680000" lon="7.295990000">
        <ele>93.000</ele>
      </trkpt>
      <trkpt lat="43.709740000" lon="7.295990000">
        <ele>93.000</ele>
      </trkpt>
      <trkpt lat="43.709780000" lon="7.296020000">
        <ele>94.000</ele>
      </trkpt>
      <trkpt lat="43.709810000" lon="7.296060000">
        <ele>94.000</ele>
      </trkpt>
      <trkpt lat="43.709840000" lon="7.296120000">
        <ele>95.000</ele>
      </trkpt>
      <trkpt lat="43.709850000" lon="7.296160000">
        <ele>95.000</ele>
      </trkpt>
      <trkpt lat="43.709850000" lon="7.296190000">
        <ele>95.000</ele>
      </trkpt>
      <trkpt lat="43.709850000" lon="7.296220000">
        <ele>96.000</ele>
      </trkpt>
      <trkpt lat="43.709830000" lon="7.296270000">
        <ele>96.000</ele>
      </trkpt>
      <trkpt lat="43.709810000" lon="7.296330000">
        <ele>96.000</ele>
      </trkpt>
      <trkpt lat="43.709760000" lon="7.296410000">
        <ele>97.000</ele>
      </trkpt>
      <trkpt lat="43.709720000" lon="7.296470000">
        <ele>97.000</ele>
      </trkpt>
      <trkpt lat="43.709670000" lon="7.296540000">
        <ele>98.000</ele>
      </trkpt>
      <trkpt lat="43.709630000" lon="7.296630000">
        <ele>98.000</ele>
      </trkpt>
      <trkpt lat="43.709600000" lon="7.296770000">
        <ele>99.000</ele>
      </trkpt>
      <trkpt lat="43.709570000" lon="7.296930000">
        <ele>100.000</ele>
      </trkpt>
      <trkpt lat="43.709490000" lon="7.297400000">
        <ele>101.000</ele>
      </trkpt>
      <trkpt lat="43.709440000" lon="7.297700000">
        <ele>103.000</ele>
      </trkpt>
      <trkpt lat="43.709410000" lon="7.297890000">
        <ele>104.000</ele>
      </trkpt>
      <trkpt lat="43.709360000" lon="7.297970000">
        <ele>105.000</ele>
      </trkpt>
      <trkpt lat="43.709310000" lon="7.298010000">
        <ele>106.000</ele>
      </trkpt>
      <trkpt lat="43.709250000" lon="7.298020000">
        <ele>107.000</ele>
      </trkpt>
      <trkpt lat="43.709180000" lon="7.298010000">
        <ele>108.000</ele>
      </trkpt>
      <trkpt lat="43.709110000" lon="7.297990000">
        <ele>108.000</ele>
      </trkpt>
      <trkpt lat="43.708960000" lon="7.297880000">
        <ele>109.000</ele>
      </trkpt>
      <trkpt lat="43.708750000" lon="7.297720000">
        <ele>111.000</ele>
      </trkpt>
      <trkpt lat="43.708590000" lon="7.297590000">
        <ele>112.000</ele>
      </trkpt>
      <trkpt lat="43.708520000" lon="7.297560000">
        <ele>113.000</ele>
      </trkpt>
      <trkpt lat="43.708460000" lon="7.297540000">
        <ele>114.000</ele>
      </trkpt>
      <trkpt lat="43.708330000" lon="7.297510000">
        <ele>115.000</ele>
      </trkpt>
      <trkpt lat="43.708240000" lon="7.297490000">
        <ele>115.000</ele>
      </trkpt>
      <trkpt lat="43.708180000" lon="7.297460000">
        <ele>116.000</ele>
      </trkpt>
      <trkpt lat="43.707980000" lon="7.297330000">
        <ele>116.000</ele>
      </trkpt>
      <trkpt lat="43.707890000" lon="7.297270000">
        <ele>117.000</ele>
      </trkpt>
      <trkpt lat="43.707800000" lon="7.297200000">
        <ele>117.000</ele>
      </trkpt>
      <trkpt lat="43.707730000" lon="7.297100000">
        <ele>118.000</ele>
      </trkpt>
      <trkpt lat="43.707690000" lon="7.297010000">
        <ele>118.000</ele>
      </trkpt>
      <trkpt lat="43.707640000" lon="7.296940000">
        <ele>118.000</ele>
      </trkpt>
      <trkpt lat="43.707590000" lon="7.296910000">
        <ele>118.000</ele>
      </trkpt>
      <trkpt lat="43.707530000" lon="7.296900000">
        <ele>119.000</ele>
      </trkpt>
      <trkpt lat="43.707460000" lon="7.296940000">
        <ele>119.000</ele>
      </trkpt>
      <trkpt lat="43.707390000" lon="7.297010000">
        <ele>119.000</ele>
      </trkpt>
      <trkpt lat="43.707270000" lon="7.297210000">
        <ele>119.000</ele>
      </trkpt>
      <trkpt lat="43.707190000" lon="7.297330000">
        <ele>120.000</ele>
      </trkpt>
      <trkpt lat="43.707130000" lon="7.297390000">
        <ele>120.000</ele>
      </trkpt>
      <trkpt lat="43.707040000" lon="7.297480000">
        <ele>120.000</ele>
      </trkpt>
      <trkpt lat="43.707030000" lon="7.297490000">
        <ele>120.000</ele>
      </trkpt>
      <trkpt lat="43.706940000" lon="7.297580000">
        <ele>121.000</ele>
      </trkpt>
      <trkpt lat="43.706890000" lon="7.297650000">
        <ele>121.000</ele>
      </trkpt>
      <trkpt lat="43.706850000" lon="7.297740000">
        <ele>121.000</ele>
      </trkpt>
      <trkpt lat="43.706820000" lon="7.297840000">
        <ele>122.000</ele>
      </trkpt>
      <trkpt lat="43.706820000" lon="7.297840000">
        <ele>122.000</ele>
      </trkpt>
      <trkpt lat="43.706820000" lon="7.297860000">
        <ele>122.000</ele>
      </trkpt>
      <trkpt lat="43.706790000" lon="7.297950000">
        <ele>122.000</ele>
      </trkpt>
      <trkpt lat="43.706760000" lon="7.298000000">
        <ele>123.000</ele>
      </trkpt>
      <trkpt lat="43.706710000" lon="7.298070000">
        <ele>124.000</ele>
      </trkpt>
      <trkpt lat="43.706640000" lon="7.298160000">
        <ele>124.000</ele>
      </trkpt>
      <trkpt lat="43.706610000" lon="7.298200000">
        <ele>125.000</ele>
      </trkpt>
      <trkpt lat="43.706570000" lon="7.298250000">
        <ele>126.000</ele>
      </trkpt>
      <trkpt lat="43.706420000" lon="7.298460000">
        <ele>127.000</ele>
      </trkpt>
      <trkpt lat="43.706360000" lon="7.298600000">
        <ele>128.000</ele>
      </trkpt>
      <trkpt lat="43.706310000" lon="7.298770000">
        <ele>129.000</ele>
      </trkpt>
      <trkpt lat="43.706270000" lon="7.298970000">
        <ele>131.000</ele>
      </trkpt>
      <trkpt lat="43.706220000" lon="7.299150000">
        <ele>132.000</ele>
      </trkpt>
      <trkpt lat="43.706170000" lon="7.299320000">
        <ele>134.000</ele>
      </trkpt>
      <trkpt lat="43.706130000" lon="7.299500000">
        <ele>135.000</ele>
      </trkpt>
      <trkpt lat="43.706090000" lon="7.299620000">
        <ele>137.000</ele>
      </trkpt>
      <trkpt lat="43.706060000" lon="7.299690000">
        <ele>138.000</ele>
      </trkpt>
      <trkpt lat="43.705800000" lon="7.300140000">
        <ele>140.000</ele>
      </trkpt>
      <trkpt lat="43.705770000" lon="7.300200000">
        <ele>142.000</ele>
      </trkpt>
      <trkpt lat="43.705760000" lon="7.300240000">
        <ele>143.000</ele>
      </trkpt>
      <trkpt lat="43.705760000" lon="7.300240000">
        <ele>143.000</ele>
      </trkpt>
      <trkpt lat="43.705750000" lon="7.300260000">
        <ele>144.000</ele>
      </trkpt>
      <trkpt lat="43.705780000" lon="7.300320000">
        <ele>145.000</ele>
      </trkpt>
      <trkpt lat="43.705840000" lon="7.300500000">
        <ele>145.000</ele>
      </trkpt>
      <trkpt lat="43.705910000" lon="7.300810000">
        <ele>146.000</ele>
      </trkpt>
      <trkpt lat="43.705930000" lon="7.300830000">
        <ele>147.000</ele>
      </trkpt>
      <trkpt lat="43.705940000" lon="7.300860000">
        <ele>147.000</ele>
      </trkpt>
      <trkpt lat="43.705960000" lon="7.300880000">
        <ele>148.000</ele>
      </trkpt>
      <trkpt lat="43.705970000" lon="7.300900000">
        <ele>148.000</ele>
      </trkpt>
      <trkpt lat="43.706020000" lon="7.300870000">
        <ele>148.000</ele>
      </trkpt>
      <trkpt lat="43.706050000" lon="7.300840000">
        <ele>148.000</ele>
      </trkpt>
      <trkpt lat="43.706120000" lon="7.300790000">
        <ele>149.000</ele>
      </trkpt>
      <trkpt lat="43.706160000" lon="7.300770000">
        <ele>149.000</ele>
      </trkpt>
      <trkpt lat="43.706190000" lon="7.300780000">
        <ele>149.000</ele>
      </trkpt>
      <trkpt lat="43.706210000" lon="7.300800000">
        <ele>150.000</ele>
      </trkpt>
      <trkpt lat="43.706370000" lon="7.301010000">
        <ele>150.000</ele>
      </trkpt>
      <trkpt lat="43.706370000" lon="7.301010000">
        <ele>151.000</ele>
      </trkpt>
      <trkpt lat="43.706410000" lon="7.301050000">
        <ele>151.000</ele>
      </trkpt>
      <trkpt lat="43.707070000" lon="7.301640000">
        <ele>153.000</ele>
      </trkpt>
      <trkpt lat="43.707210000" lon="7.301730000">
        <ele>155.000</ele>
      </trkpt>
      <trkpt lat="43.707470000" lon="7.301800000">
        <ele>157.000</ele>
      </trkpt>
      <trkpt lat="43.707560000" lon="7.301830000">
        <ele>158.000</ele>
      </trkpt>
      <trkpt lat="43.707620000" lon="7.301850000">
        <ele>160.000</ele>
      </trkpt>
      <trkpt lat="43.707680000" lon="7.301900000">
        <ele>161.000</ele>
      </trkpt>
      <trkpt lat="43.707750000" lon="7.301970000">
        <ele>162.000</ele>
      </trkpt>
      <trkpt lat="43.707920000" lon="7.302180000">
        <ele>163.000</ele>
      </trkpt>
      <trkpt lat="43.707960000" lon="7.302230000">
        <ele>164.000</ele>
      </trkpt>
      <trkpt lat="43.707970000" lon="7.302280000">
        <ele>165.000</ele>
      </trkpt>
      <trkpt lat="43.708040000" lon="7.302530000">
        <ele>166.000</ele>
      </trkpt>
      <trkpt lat="43.708060000" lon="7.302630000">
        <ele>167.000</ele>
      </trkpt>
      <trkpt lat="43.708220000" lon="7.303200000">
        <ele>169.000</ele>
      </trkpt>
      <trkpt lat="43.708260000" lon="7.303290000">
        <ele>171.000</ele>
      </trkpt>
      <trkpt lat="43.708330000" lon="7.303370000">
        <ele>173.000</ele>
      </trkpt>
      <trkpt lat="43.708460000" lon="7.303510000">
        <ele>175.000</ele>
      </trkpt>
      <trkpt lat="43.708540000" lon="7.303580000">
        <ele>176.000</ele>
      </trkpt>
      <trkpt lat="43.708590000" lon="7.303650000">
        <ele>178.000</ele>
      </trkpt>
      <trkpt lat="43.708670000" lon="7.303750000">
        <ele>180.000</ele>
      </trkpt>
      <trkpt lat="43.708740000" lon="7.303840000">
        <ele>181.000</ele>
      </trkpt>
      <trkpt lat="43.708990000" lon="7.304240000">
        <ele>184.000</ele>
      </trkpt>
      <trkpt lat="43.709120000" lon="7.304430000">
        <ele>187.000</ele>
      </trkpt>
      <trkpt lat="43.709160000" lon="7.304490000">
        <ele>189.000</ele>
      </trkpt>
      <trkpt lat="43.709180000" lon="7.304530000">
        <ele>191.000</ele>
      </trkpt>
      <trkpt lat="43.709190000" lon="7.304590000">
        <ele>193.000</ele>
      </trkpt>
      <trkpt lat="43.709190000" lon="7.304640000">
        <ele>194.000</ele>
      </trkpt>
      <trkpt lat="43.709140000" lon="7.305000000">
        <ele>196.000</ele>
      </trkpt>
      <trkpt lat="43.709140000" lon="7.305140000">
        <ele>198.000</ele>
      </trkpt>
      <trkpt lat="43.709180000" lon="7.305570000">
        <ele>201.000</ele>
      </trkpt>
      <trkpt lat="43.709200000" lon="7.305660000">
        <ele>203.000</ele>
      </trkpt>
      <trkpt lat="43.709230000" lon="7.305750000">
        <ele>205.000</ele>
      </trkpt>
      <trkpt lat="43.709250000" lon="7.305820000">
        <ele>206.000</ele>
      </trkpt>
      <trkpt lat="43.709290000" lon="7.305880000">
        <ele>208.000</ele>
      </trkpt>
      <trkpt lat="43.709340000" lon="7.305940000">
        <ele>209.000</ele>
      </trkpt>
      <trkpt lat="43.709580000" lon="7.306200000">
        <ele>211.000</ele>
      </trkpt>
      <trkpt lat="43.709660000" lon="7.306280000">
        <ele>213.000</ele>
      </trkpt>
      <trkpt lat="43.709800000" lon="7.306420000">
        <ele>216.000</ele>
      </trkpt>
      <trkpt lat="43.710130000" lon="7.306750000">
        <ele>219.000</ele>
      </trkpt>
      <trkpt lat="43.710160000" lon="7.306760000">
        <ele>222.000</ele>
      </trkpt>
      <trkpt lat="43.710190000" lon="7.306760000">
        <ele>223.000</ele>
      </trkpt>
      <trkpt lat="43.710230000" lon="7.306730000">
        <ele>225.000</ele>
      </trkpt>
      <trkpt lat="43.710250000" lon="7.306700000">
        <ele>226.000</ele>
      </trkpt>
      <trkpt lat="43.710250000" lon="7.306630000">
        <ele>227.000</ele>
      </trkpt>
      <trkpt lat="43.710230000" lon="7.306100000">
        <ele>229.000</ele>
      </trkpt>
      <trkpt lat="43.710240000" lon="7.306030000">
        <ele>231.000</ele>
      </trkpt>
      <trkpt lat="43.710260000" lon="7.305950000">
        <ele>233.000</ele>
      </trkpt>
      <trkpt lat="43.710690000" lon="7.305300000">
        <ele>237.000</ele>
      </trkpt>
      <trkpt lat="43.710730000" lon="7.305280000">
        <ele>240.000</ele>
      </trkpt>
      <trkpt lat="43.710760000" lon="7.305280000">
        <ele>242.000</ele>
      </trkpt>
      <trkpt lat="43.710780000" lon="7.305290000">
        <ele>243.000</ele>
      </trkpt>
      <trkpt lat="43.710820000" lon="7.305370000">
        <ele>245.000</ele>
      </trkpt>
      <trkpt lat="43.710850000" lon="7.305460000">
        <ele>246.000</ele>
      </trkpt>
      <trkpt lat="43.710860000" lon="7.305510000">
        <ele>247.000</ele>
      </trkpt>
      <trkpt lat="43.711000000" lon="7.306090000">
        <ele>250.000</ele>
      </trkpt>
      <trkpt lat="43.711020000" lon="7.306150000">
        <ele>252.000</ele>
      </trkpt>
      <trkpt lat="43.711050000" lon="7.306190000">
        <ele>253.000</ele>
      </trkpt>
      <trkpt lat="43.711090000" lon="7.306240000">
        <ele>255.000</ele>
      </trkpt>
      <trkpt lat="43.711350000" lon="7.306470000">
        <ele>257.000</ele>
      </trkpt>
      <trkpt lat="43.711400000" lon="7.306490000">
        <ele>259.000</ele>
      </trkpt>
      <trkpt lat="43.711440000" lon="7.306500000">
        <ele>260.000</ele>
      </trkpt>
      <trkpt lat="43.711480000" lon="7.306490000">
        <ele>261.000</ele>
      </trkpt>
      <trkpt lat="43.711610000" lon="7.306440000">
        <ele>263.000</ele>
      </trkpt>
      <trkpt lat="43.711660000" lon="7.306440000">
        <ele>264.000</ele>
      </trkpt>
      <trkpt lat="43.711700000" lon="7.306450000">
        <ele>265.000</ele>
      </trkpt>
      <trkpt lat="43.711770000" lon="7.306500000">
        <ele>267.000</ele>
      </trkpt>
      <trkpt lat="43.711850000" lon="7.306570000">
        <ele>268.000</ele>
      </trkpt>
      <trkpt lat="43.712040000" lon="7.306740000">
        <ele>270.000</ele>
      </trkpt>
      <trkpt lat="43.712190000" lon="7.306890000">
        <ele>273.000</ele>
      </trkpt>
      <trkpt lat="43.712430000" lon="7.307250000">
        <ele>276.000</ele>
      </trkpt>
      <trkpt lat="43.712630000" lon="7.307560000">
        <ele>281.000</ele>
      </trkpt>
      <trkpt lat="43.712700000" lon="7.307700000">
        <ele>284.000</ele>
      </trkpt>
      <trkpt lat="43.712770000" lon="7.307860000">
        <ele>287.000</ele>
      </trkpt>
      <trkpt lat="43.713010000" lon="7.308450000">
        <ele>291.000</ele>
      </trkpt>
      <trkpt lat="43.713050000" lon="7.308540000">
        <ele>293.000</ele>
      </trkpt>
      <trkpt lat="43.713250000" lon="7.308870000">
        <ele>296.000</ele>
      </trkpt>
      <trkpt lat="43.713410000" lon="7.309140000">
        <ele>298.000</ele>
      </trkpt>
      <trkpt lat="43.713540000" lon="7.309320000">
        <ele>300.000</ele>
      </trkpt>
      <trkpt lat="43.713590000" lon="7.309370000">
        <ele>302.000</ele>
      </trkpt>
      <trkpt lat="43.713640000" lon="7.309400000">
        <ele>303.000</ele>
      </trkpt>
      <trkpt lat="43.713880000" lon="7.309500000">
        <ele>304.000</ele>
      </trkpt>
      <trkpt lat="43.713930000" lon="7.309540000">
        <ele>305.000</ele>
      </trkpt>
      <trkpt lat="43.713970000" lon="7.309580000">
        <ele>306.000</ele>
      </trkpt>
      <trkpt lat="43.714070000" lon="7.309770000">
        <ele>307.000</ele>
      </trkpt>
      <trkpt lat="43.714220000" lon="7.310290000">
        <ele>310.000</ele>
      </trkpt>
      <trkpt lat="43.714320000" lon="7.310740000">
        <ele>313.000</ele>
      </trkpt>
      <trkpt lat="43.714380000" lon="7.311060000">
        <ele>315.000</ele>
      </trkpt>
      <trkpt lat="43.714470000" lon="7.311460000">
        <ele>319.000</ele>
      </trkpt>
      <trkpt lat="43.714480000" lon="7.311540000">
        <ele>321.000</ele>
      </trkpt>
      <trkpt lat="43.714490000" lon="7.311650000">
        <ele>323.000</ele>
      </trkpt>
      <trkpt lat="43.714500000" lon="7.312240000">
        <ele>326.000</ele>
      </trkpt>
      <trkpt lat="43.714510000" lon="7.312390000">
        <ele>328.000</ele>
      </trkpt>
      <trkpt lat="43.714530000" lon="7.312540000">
        <ele>329.000</ele>
      </trkpt>
      <trkpt lat="43.714600000" lon="7.312760000">
        <ele>330.000</ele>
      </trkpt>
      <trkpt lat="43.714670000" lon="7.312940000">
        <ele>331.000</ele>
      </trkpt>
      <trkpt lat="43.714920000" lon="7.313420000">
        <ele>331.000</ele>
      </trkpt>
      <trkpt lat="43.715000000" lon="7.313520000">
        <ele>331.000</ele>
      </trkpt>
      <trkpt lat="43.715080000" lon="7.313590000">
        <ele>332.000</ele>
      </trkpt>
      <trkpt lat="43.715150000" lon="7.313640000">
        <ele>332.000</ele>
      </trkpt>
      <trkpt lat="43.715390000" lon="7.313780000">
        <ele>332.000</ele>
      </trkpt>
      <trkpt lat="43.715460000" lon="7.313790000">
        <ele>332.000</ele>
      </trkpt>
      <trkpt lat="43.715590000" lon="7.313770000">
        <ele>332.000</ele>
      </trkpt>
      <trkpt lat="43.715690000" lon="7.313740000">
        <ele>332.000</ele>
      </trkpt>
      <trkpt lat="43.715790000" lon="7.313670000">
        <ele>332.000</ele>
      </trkpt>
      <trkpt lat="43.716050000" lon="7.313340000">
        <ele>333.000</ele>
      </trkpt>
      <trkpt lat="43.716220000" lon="7.313060000">
        <ele>333.000</ele>
      </trkpt>
      <trkpt lat="43.716340000" lon="7.312950000">
        <ele>333.000</ele>
      </trkpt>
      <trkpt lat="43.716460000" lon="7.312840000">
        <ele>333.000</ele>
      </trkpt>
      <trkpt lat="43.716540000" lon="7.312780000">
        <ele>333.000</ele>
      </trkpt>
      <trkpt lat="43.716590000" lon="7.312770000">
        <ele>334.000</ele>
      </trkpt>
      <trkpt lat="43.716630000" lon="7.312770000">
        <ele>334.000</ele>
      </trkpt>
      <trkpt lat="43.716650000" lon="7.312730000">
        <ele>334.000</ele>
      </trkpt>
      <trkpt lat="43.716680000" lon="7.312690000">
        <ele>334.000</ele>
      </trkpt>
      <trkpt lat="43.716710000" lon="7.312670000">
        <ele>334.000</ele>
      </trkpt>
      <trkpt lat="43.716740000" lon="7.312670000">
        <ele>334.000</ele>
      </trkpt>
      <trkpt lat="43.716770000" lon="7.312670000">
        <ele>334.000</ele>
      </trkpt>
      <trkpt lat="43.716710000" lon="7.313030000">
        <ele>334.000</ele>
      </trkpt>
      <trkpt lat="43.716700000" lon="7.313190000">
        <ele>334.000</ele>
      </trkpt>
      <trkpt lat="43.716700000" lon="7.313330000">
        <ele>334.000</ele>
      </trkpt>
      <trkpt lat="43.716730000" lon="7.313730000">
        <ele>335.000</ele>
      </trkpt>
      <trkpt lat="43.716880000" lon="7.315160000">
        <ele>339.000</ele>
      </trkpt>
      <trkpt lat="43.716950000" lon="7.315920000">
        <ele>343.000</ele>
      </trkpt>
      <trkpt lat="43.716970000" lon="7.316240000">
        <ele>347.000</ele>
      </trkpt>
      <trkpt lat="43.716970000" lon="7.316240000">
        <ele>349.000</ele>
      </trkpt>
      <trkpt lat="43.716970000" lon="7.316280000">
        <ele>351.000</ele>
      </trkpt>
      <trkpt lat="43.716980000" lon="7.316580000">
        <ele>353.000</ele>
      </trkpt>
      <trkpt lat="43.716970000" lon="7.316870000">
        <ele>355.000</ele>
      </trkpt>
      <trkpt lat="43.716960000" lon="7.317050000">
        <ele>357.000</ele>
      </trkpt>
      <trkpt lat="43.716820000" lon="7.318620000">
        <ele>362.000</ele>
      </trkpt>
      <trkpt lat="43.716800000" lon="7.318860000">
        <ele>366.000</ele>
      </trkpt>
      <trkpt lat="43.716790000" lon="7.319110000">
        <ele>369.000</ele>
      </trkpt>
      <trkpt lat="43.716800000" lon="7.319300000">
        <ele>371.000</ele>
      </trkpt>
      <trkpt lat="43.716810000" lon="7.319540000">
        <ele>373.000</ele>
      </trkpt>
      <trkpt lat="43.716810000" lon="7.319750000">
        <ele>374.000</ele>
      </trkpt>
      <trkpt lat="43.716770000" lon="7.320220000">
        <ele>376.000</ele>
      </trkpt>
      <trkpt lat="43.716730000" lon="7.320540000">
        <ele>377.000</ele>
      </trkpt>
      <trkpt lat="43.716690000" lon="7.320770000">
        <ele>378.000</ele>
      </trkpt>
      <trkpt lat="43.716630000" lon="7.320950000">
        <ele>379.000</ele>
      </trkpt>
      <trkpt lat="43.716570000" lon="7.321150000">
        <ele>380.000</ele>
      </trkpt>
      <trkpt lat="43.716550000" lon="7.321300000">
        <ele>381.000</ele>
      </trkpt>
      <trkpt lat="43.716550000" lon="7.321400000">
        <ele>382.000</ele>
      </trkpt>
      <trkpt lat="43.716550000" lon="7.321500000">
        <ele>382.000</ele>
      </trkpt>
      <trkpt lat="43.716570000" lon="7.321630000">
        <ele>383.000</ele>
      </trkpt>
      <trkpt lat="43.716860000" lon="7.323190000">
        <ele>388.000</ele>
      </trkpt>
      <trkpt lat="43.716910000" lon="7.323460000">
        <ele>392.000</ele>
      </trkpt>
      <trkpt lat="43.717120000" lon="7.324600000">
        <ele>397.000</ele>
      </trkpt>
      <trkpt lat="43.717190000" lon="7.324830000">
        <ele>401.000</ele>
      </trkpt>
      <trkpt lat="43.717350000" lon="7.325170000">
        <ele>404.000</ele>
      </trkpt>
      <trkpt lat="43.717380000" lon="7.325210000">
        <ele>406.000</ele>
      </trkpt>
      <trkpt lat="43.717970000" lon="7.326370000">
        <ele>409.000</ele>
      </trkpt>
      <trkpt lat="43.718030000" lon="7.326490000">
        <ele>411.000</ele>
      </trkpt>
      <trkpt lat="43.718120000" lon="7.326630000">
        <ele>413.000</ele>
      </trkpt>
      <trkpt lat="43.718280000" lon="7.326790000">
        <ele>415.000</ele>
      </trkpt>
      <trkpt lat="43.718600000" lon="7.326970000">
        <ele>416.000</ele>
      </trkpt>
      <trkpt lat="43.718810000" lon="7.327090000">
        <ele>418.000</ele>
      </trkpt>
      <trkpt lat="43.718900000" lon="7.327190000">
        <ele>419.000</ele>
      </trkpt>
      <trkpt lat="43.718960000" lon="7.327370000">
        <ele>421.000</ele>
      </trkpt>
      <trkpt lat="43.719100000" lon="7.327810000">
        <ele>422.000</ele>
      </trkpt>
      <trkpt lat="43.719180000" lon="7.328190000">
        <ele>424.000</ele>
      </trkpt>
      <trkpt lat="43.719250000" lon="7.328440000">
        <ele>426.000</ele>
      </trkpt>
      <trkpt lat="43.719340000" lon="7.328580000">
        <ele>427.000</ele>
      </trkpt>
      <trkpt lat="43.719660000" lon="7.328830000">
        <ele>429.000</ele>
      </trkpt>
      <trkpt lat="43.720010000" lon="7.329090000">
        <ele>431.000</ele>
      </trkpt>
      <trkpt lat="43.720120000" lon="7.329200000">
        <ele>432.000</ele>
      </trkpt>
      <trkpt lat="43.720160000" lon="7.329340000">
        <ele>433.000</ele>
      </trkpt>
      <trkpt lat="43.720150000" lon="7.329500000">
        <ele>434.000</ele>
      </trkpt>
      <trkpt lat="43.719920000" lon="7.330170000">
        <ele>435.000</ele>
      </trkpt>
      <trkpt lat="43.719840000" lon="7.330470000">
        <ele>437.000</ele>
      </trkpt>
      <trkpt lat="43.719820000" lon="7.331230000">
        <ele>438.000</ele>
      </trkpt>
      <trkpt lat="43.719840000" lon="7.331370000">
        <ele>440.000</ele>
      </trkpt>
      <trkpt lat="43.719870000" lon="7.331490000">
        <ele>441.000</ele>
      </trkpt>
      <trkpt lat="43.719990000" lon="7.331740000">
        <ele>442.000</ele>
      </trkpt>
      <trkpt lat="43.720060000" lon="7.331870000">
        <ele>444.000</ele>
      </trkpt>
      <trkpt lat="43.720200000" lon="7.332110000">
        <ele>445.000</ele>
      </trkpt>
      <trkpt lat="43.720350000" lon="7.332400000">
        <ele>447.000</ele>
      </trkpt>
      <trkpt lat="43.720480000" lon="7.332590000">
        <ele>449.000</ele>
      </trkpt>
      <trkpt lat="43.720690000" lon="7.332870000">
        <ele>451.000</ele>
      </trkpt>
      <trkpt lat="43.720790000" lon="7.333000000">
        <ele>453.000</ele>
      </trkpt>
      <trkpt lat="43.720890000" lon="7.333140000">
        <ele>455.000</ele>
      </trkpt>
      <trkpt lat="43.720970000" lon="7.333310000">
        <ele>456.000</ele>
      </trkpt>
      <trkpt lat="43.721130000" lon="7.333700000">
        <ele>458.000</ele>
      </trkpt>
      <trkpt lat="43.721180000" lon="7.333820000">
        <ele>460.000</ele>
      </trkpt>
      <trkpt lat="43.721380000" lon="7.334180000">
        <ele>462.000</ele>
      </trkpt>
      <trkpt lat="43.721530000" lon="7.334440000">
        <ele>464.000</ele>
      </trkpt>
      <trkpt lat="43.721560000" lon="7.334480000">
        <ele>465.000</ele>
      </trkpt>
      <trkpt lat="43.721600000" lon="7.334520000">
        <ele>466.000</ele>
      </trkpt>
      <trkpt lat="43.721660000" lon="7.334550000">
        <ele>467.000</ele>
      </trkpt>
      <trkpt lat="43.721690000" lon="7.334560000">
        <ele>468.000</ele>
      </trkpt>
      <trkpt lat="43.721730000" lon="7.334570000">
        <ele>469.000</ele>
      </trkpt>
      <trkpt lat="43.721790000" lon="7.334580000">
        <ele>469.000</ele>
      </trkpt>
      <trkpt lat="43.721830000" lon="7.334580000">
        <ele>470.000</ele>
      </trkpt>
      <trkpt lat="43.721880000" lon="7.334560000">
        <ele>470.000</ele>
      </trkpt>
      <trkpt lat="43.721930000" lon="7.334550000">
        <ele>471.000</ele>
      </trkpt>
      <trkpt lat="43.721980000" lon="7.334520000">
        <ele>471.000</ele>
      </trkpt>
      <trkpt lat="43.722030000" lon="7.334480000">
        <ele>472.000</ele>
      </trkpt>
      <trkpt lat="43.722110000" lon="7.334420000">
        <ele>472.000</ele>
      </trkpt>
      <trkpt lat="43.722170000" lon="7.334360000">
        <ele>473.000</ele>
      </trkpt>
      <trkpt lat="43.722310000" lon="7.334190000">
        <ele>474.000</ele>
      </trkpt>
      <trkpt lat="43.722360000" lon="7.334140000">
        <ele>474.000</ele>
      </trkpt>
      <trkpt lat="43.722390000" lon="7.334120000">
        <ele>475.000</ele>
      </trkpt>
      <trkpt lat="43.722430000" lon="7.334110000">
        <ele>475.000</ele>
      </trkpt>
      <trkpt lat="43.722470000" lon="7.334100000">
        <ele>476.000</ele>
      </trkpt>
      <trkpt lat="43.722520000" lon="7.334100000">
        <ele>476.000</ele>
      </trkpt>
      <trkpt lat="43.722570000" lon="7.334110000">
        <ele>477.000</ele>
      </trkpt>
      <trkpt lat="43.722610000" lon="7.334140000">
        <ele>477.000</ele>
      </trkpt>
      <trkpt lat="43.722650000" lon="7.334190000">
        <ele>477.000</ele>
      </trkpt>
      <trkpt lat="43.722690000" lon="7.334250000">
        <ele>478.000</ele>
      </trkpt>
      <trkpt lat="43.722730000" lon="7.334330000">
        <ele>478.000</ele>
      </trkpt>
      <trkpt lat="43.722960000" lon="7.335090000">
        <ele>480.000</ele>
      </trkpt>
      <trkpt lat="43.723080000" lon="7.335510000">
        <ele>481.000</ele>
      </trkpt>
      <trkpt lat="43.723150000" lon="7.335700000">
        <ele>483.000</ele>
      </trkpt>
      <trkpt lat="43.723160000" lon="7.335730000">
        <ele>484.000</ele>
      </trkpt>
      <trkpt lat="43.723200000" lon="7.335880000">
        <ele>485.000</ele>
      </trkpt>
      <trkpt lat="43.723250000" lon="7.336020000">
        <ele>486.000</ele>
      </trkpt>
      <trkpt lat="43.723310000" lon="7.336130000">
        <ele>486.000</ele>
      </trkpt>
      <trkpt lat="43.723420000" lon="7.336250000">
        <ele>487.000</ele>
      </trkpt>
      <trkpt lat="43.723490000" lon="7.336300000">
        <ele>487.000</ele>
      </trkpt>
      <trkpt lat="43.723550000" lon="7.336340000">
        <ele>488.000</ele>
      </trkpt>
      <trkpt lat="43.724140000" lon="7.336800000">
        <ele>488.000</ele>
      </trkpt>
      <trkpt lat="43.724350000" lon="7.336960000">
        <ele>489.000</ele>
      </trkpt>
      <trkpt lat="43.724390000" lon="7.336990000">
        <ele>490.000</ele>
      </trkpt>
      <trkpt lat="43.724440000" lon="7.337000000">
        <ele>490.000</ele>
      </trkpt>
      <trkpt lat="43.724490000" lon="7.337000000">
        <ele>490.000</ele>
      </trkpt>
      <trkpt lat="43.724540000" lon="7.337000000">
        <ele>490.000</ele>
      </trkpt>
      <trkpt lat="43.724590000" lon="7.336980000">
        <ele>491.000</ele>
      </trkpt>
      <trkpt lat="43.724640000" lon="7.336950000">
        <ele>491.000</ele>
      </trkpt>
      <trkpt lat="43.724720000" lon="7.336880000">
        <ele>491.000</ele>
      </trkpt>
      <trkpt lat="43.724800000" lon="7.336760000">
        <ele>491.000</ele>
      </trkpt>
      <trkpt lat="43.724900000" lon="7.336600000">
        <ele>491.000</ele>
      </trkpt>
      <trkpt lat="43.725000000" lon="7.336410000">
        <ele>492.000</ele>
      </trkpt>
      <trkpt lat="43.725230000" lon="7.335930000">
        <ele>493.000</ele>
      </trkpt>
      <trkpt lat="43.725320000" lon="7.335850000">
        <ele>493.000</ele>
      </trkpt>
      <trkpt lat="43.725400000" lon="7.335840000">
        <ele>494.000</ele>
      </trkpt>
      <trkpt lat="43.725460000" lon="7.335870000">
        <ele>494.000</ele>
      </trkpt>
      <trkpt lat="43.725510000" lon="7.335920000">
        <ele>495.000</ele>
      </trkpt>
      <trkpt lat="43.725730000" lon="7.336380000">
        <ele>495.000</ele>
      </trkpt>
      <trkpt lat="43.725870000" lon="7.336720000">
        <ele>496.000</ele>
      </trkpt>
      <trkpt lat="43.725970000" lon="7.337020000">
        <ele>497.000</ele>
      </trkpt>
      <trkpt lat="43.726160000" lon="7.337690000">
        <ele>498.000</ele>
      </trkpt>
      <trkpt lat="43.726210000" lon="7.337860000">
        <ele>498.000</ele>
      </trkpt>
      <trkpt lat="43.726230000" lon="7.337950000">
        <ele>499.000</ele>
      </trkpt>
      <trkpt lat="43.726240000" lon="7.338030000">
        <ele>499.000</ele>
      </trkpt>
      <trkpt lat="43.726350000" lon="7.338910000">
        <ele>500.000</ele>
      </trkpt>
      <trkpt lat="43.726380000" lon="7.339010000">
        <ele>500.000</ele>
      </trkpt>
      <trkpt lat="43.726410000" lon="7.339070000">
        <ele>500.000</ele>
      </trkpt>
      <trkpt lat="43.726440000" lon="7.339130000">
        <ele>501.000</ele>
      </trkpt>
      <trkpt lat="43.726470000" lon="7.339180000">
        <ele>501.000</ele>
      </trkpt>
      <trkpt lat="43.726520000" lon="7.339230000">
        <ele>501.000</ele>
      </trkpt>
      <trkpt lat="43.726570000" lon="7.339260000">
        <ele>501.000</ele>
      </trkpt>
      <trkpt lat="43.726630000" lon="7.339280000">
        <ele>501.000</ele>
      </trkpt>
      <trkpt lat="43.726790000" lon="7.339330000">
        <ele>501.000</ele>
      </trkpt>
      <trkpt lat="43.726830000" lon="7.339350000">
        <ele>501.000</ele>
      </trkpt>
      <trkpt lat="43.726870000" lon="7.339370000">
        <ele>501.000</ele>
      </trkpt>
      <trkpt lat="43.726900000" lon="7.339400000">
        <ele>501.000</ele>
      </trkpt>
      <trkpt lat="43.726920000" lon="7.339430000">
        <ele>501.000</ele>
      </trkpt>
      <trkpt lat="43.726940000" lon="7.339460000">
        <ele>501.000</ele>
      </trkpt>
      <trkpt lat="43.726970000" lon="7.339510000">
        <ele>501.000</ele>
      </trkpt>
      <trkpt lat="43.726990000" lon="7.339560000">
        <ele>501.000</ele>
      </trkpt>
      <trkpt lat="43.727010000" lon="7.339630000">
        <ele>501.000</ele>
      </trkpt>
      <trkpt lat="43.727010000" lon="7.339710000">
        <ele>501.000</ele>
      </trkpt>
      <trkpt lat="43.727010000" lon="7.339770000">
        <ele>500.000</ele>
      </trkpt>
      <trkpt lat="43.726990000" lon="7.339840000">
        <ele>500.000</ele>
      </trkpt>
      <trkpt lat="43.726980000" lon="7.339910000">
        <ele>500.000</ele>
      </trkpt>
      <trkpt lat="43.726090000" lon="7.342540000">
        <ele>499.000</ele>
      </trkpt>
      <trkpt lat="43.726080000" lon="7.342650000">
        <ele>498.000</ele>
      </trkpt>
      <trkpt lat="43.726080000" lon="7.342760000">
        <ele>497.000</ele>
      </trkpt>
      <trkpt lat="43.726190000" lon="7.343390000">
        <ele>497.000</ele>
      </trkpt>
      <trkpt lat="43.726220000" lon="7.343470000">
        <ele>497.000</ele>
      </trkpt>
      <trkpt lat="43.726240000" lon="7.343540000">
        <ele>498.000</ele>
      </trkpt>
      <trkpt lat="43.726300000" lon="7.343590000">
        <ele>498.000</ele>
      </trkpt>
      <trkpt lat="43.726370000" lon="7.343630000">
        <ele>498.000</ele>
      </trkpt>
      <trkpt lat="43.726940000" lon="7.343630000">
        <ele>499.000</ele>
      </trkpt>
      <trkpt lat="43.727670000" lon="7.343650000">
        <ele>500.000</ele>
      </trkpt>
      <trkpt lat="43.727830000" lon="7.343630000">
        <ele>501.000</ele>
      </trkpt>
      <trkpt lat="43.727980000" lon="7.343590000">
        <ele>501.000</ele>
      </trkpt>
      <trkpt lat="43.728210000" lon="7.343490000">
        <ele>502.000</ele>
      </trkpt>
      <trkpt lat="43.728920000" lon="7.343000000">
        <ele>502.000</ele>
      </trkpt>
      <trkpt lat="43.729090000" lon="7.342950000">
        <ele>503.000</ele>
      </trkpt>
      <trkpt lat="43.729700000" lon="7.342860000">
        <ele>503.000</ele>
      </trkpt>
      <trkpt lat="43.729860000" lon="7.342810000">
        <ele>503.000</ele>
      </trkpt>
      <trkpt lat="43.730130000" lon="7.342620000">
        <ele>503.000</ele>
      </trkpt>
      <trkpt lat="43.730270000" lon="7.342480000">
        <ele>503.000</ele>
      </trkpt>
      <trkpt lat="43.730390000" lon="7.342300000">
        <ele>503.000</ele>
      </trkpt>
      <trkpt lat="43.730620000" lon="7.341860000">
        <ele>502.000</ele>
      </trkpt>
      <trkpt lat="43.730720000" lon="7.341730000">
        <ele>502.000</ele>
      </trkpt>
      <trkpt lat="43.730790000" lon="7.341670000">
        <ele>502.000</ele>
      </trkpt>
      <trkpt lat="43.730880000" lon="7.341640000">
        <ele>501.000</ele>
      </trkpt>
      <trkpt lat="43.730950000" lon="7.341610000">
        <ele>501.000</ele>
      </trkpt>
      <trkpt lat="43.731030000" lon="7.341620000">
        <ele>501.000</ele>
      </trkpt>
      <trkpt lat="43.731160000" lon="7.341670000">
        <ele>501.000</ele>
      </trkpt>
      <trkpt lat="43.731200000" lon="7.341700000">
        <ele>501.000</ele>
      </trkpt>
      <trkpt lat="43.731330000" lon="7.341850000">
        <ele>500.000</ele>
      </trkpt>
      <trkpt lat="43.731740000" lon="7.342450000">
        <ele>499.000</ele>
      </trkpt>
      <trkpt lat="43.732030000" lon="7.342910000">
        <ele>498.000</ele>
      </trkpt>
      <trkpt lat="43.732190000" lon="7.343170000">
        <ele>497.000</ele>
      </trkpt>
      <trkpt lat="43.732220000" lon="7.343230000">
        <ele>496.000</ele>
      </trkpt>
      <trkpt lat="43.732240000" lon="7.343300000">
        <ele>495.000</ele>
      </trkpt>
      <trkpt lat="43.732250000" lon="7.343400000">
        <ele>495.000</ele>
      </trkpt>
      <trkpt lat="43.732240000" lon="7.343780000">
        <ele>494.000</ele>
      </trkpt>
      <trkpt lat="43.732230000" lon="7.343910000">
        <ele>494.000</ele>
      </trkpt>
      <trkpt lat="43.732160000" lon="7.344310000">
        <ele>494.000</ele>
      </trkpt>
      <trkpt lat="43.732150000" lon="7.344450000">
        <ele>494.000</ele>
      </trkpt>
      <trkpt lat="43.732150000" lon="7.344610000">
        <ele>495.000</ele>
      </trkpt>
      <trkpt lat="43.732160000" lon="7.344780000">
        <ele>495.000</ele>
      </trkpt>
      <trkpt lat="43.732190000" lon="7.345070000">
        <ele>496.000</ele>
      </trkpt>
      <trkpt lat="43.732270000" lon="7.345590000">
        <ele>497.000</ele>
      </trkpt>
      <trkpt lat="43.732330000" lon="7.345910000">
        <ele>498.000</ele>
      </trkpt>
      <trkpt lat="43.732380000" lon="7.346090000">
        <ele>499.000</ele>
      </trkpt>
      <trkpt lat="43.732440000" lon="7.346180000">
        <ele>500.000</ele>
      </trkpt>
      <trkpt lat="43.732490000" lon="7.346220000">
        <ele>500.000</ele>
      </trkpt>
      <trkpt lat="43.732550000" lon="7.346250000">
        <ele>501.000</ele>
      </trkpt>
      <trkpt lat="43.732640000" lon="7.346240000">
        <ele>501.000</ele>
      </trkpt>
      <trkpt lat="43.732740000" lon="7.346210000">
        <ele>502.000</ele>
      </trkpt>
      <trkpt lat="43.732840000" lon="7.346140000">
        <ele>502.000</ele>
      </trkpt>
      <trkpt lat="43.733290000" lon="7.345810000">
        <ele>503.000</ele>
      </trkpt>
      <trkpt lat="43.733420000" lon="7.345750000">
        <ele>503.000</ele>
      </trkpt>
      <trkpt lat="43.733500000" lon="7.345730000">
        <ele>504.000</ele>
      </trkpt>
      <trkpt lat="43.733590000" lon="7.345750000">
        <ele>505.000</ele>
      </trkpt>
      <trkpt lat="43.733690000" lon="7.345800000">
        <ele>505.000</ele>
      </trkpt>
      <trkpt lat="43.733770000" lon="7.345890000">
        <ele>505.000</ele>
      </trkpt>
      <trkpt lat="43.733820000" lon="7.345980000">
        <ele>506.000</ele>
      </trkpt>
      <trkpt lat="43.733880000" lon="7.346100000">
        <ele>506.000</ele>
      </trkpt>
      <trkpt lat="43.733960000" lon="7.346380000">
        <ele>507.000</ele>
      </trkpt>
      <trkpt lat="43.734040000" lon="7.346630000">
        <ele>506.000</ele>
      </trkpt>
      <trkpt lat="43.733950000" lon="7.346700000">
        <ele>506.000</ele>
      </trkpt>
      <trkpt lat="43.733920000" lon="7.346750000">
        <ele>505.000</ele>
      </trkpt>
      <trkpt lat="43.733720000" lon="7.347230000">
        <ele>503.000</ele>
      </trkpt>
      <trkpt lat="43.733390000" lon="7.348030000">
        <ele>500.000</ele>
      </trkpt>
      <trkpt lat="43.733330000" lon="7.348150000">
        <ele>497.000</ele>
      </trkpt>
      <trkpt lat="43.733180000" lon="7.348450000">
        <ele>494.000</ele>
      </trkpt>
      <trkpt lat="43.733120000" lon="7.348560000">
        <ele>492.000</ele>
      </trkpt>
      <trkpt lat="43.733110000" lon="7.348640000">
        <ele>490.000</ele>
      </trkpt>
      <trkpt lat="43.733130000" lon="7.348690000">
        <ele>489.000</ele>
      </trkpt>
      <trkpt lat="43.733170000" lon="7.348710000">
        <ele>488.000</ele>
      </trkpt>
      <trkpt lat="43.733510000" lon="7.348680000">
        <ele>486.000</ele>
      </trkpt>
      <trkpt lat="43.733550000" lon="7.348690000">
        <ele>485.000</ele>
      </trkpt>
      <trkpt lat="43.733590000" lon="7.348720000">
        <ele>484.000</ele>
      </trkpt>
      <trkpt lat="43.733620000" lon="7.348760000">
        <ele>484.000</ele>
      </trkpt>
      <trkpt lat="43.733650000" lon="7.348840000">
        <ele>483.000</ele>
      </trkpt>
      <trkpt lat="43.733760000" lon="7.349200000">
        <ele>482.000</ele>
      </trkpt>
      <trkpt lat="43.733780000" lon="7.349270000">
        <ele>481.000</ele>
      </trkpt>
      <trkpt lat="43.733830000" lon="7.349340000">
        <ele>480.000</ele>
      </trkpt>
      <trkpt lat="43.733880000" lon="7.349420000">
        <ele>479.000</ele>
      </trkpt>
      <trkpt lat="43.733920000" lon="7.349490000">
        <ele>478.000</ele>
      </trkpt>
      <trkpt lat="43.733970000" lon="7.349610000">
        <ele>477.000</ele>
      </trkpt>
      <trkpt lat="43.734330000" lon="7.350680000">
        <ele>474.000</ele>
      </trkpt>
      <trkpt lat="43.734490000" lon="7.351110000">
        <ele>471.000</ele>
      </trkpt>
      <trkpt lat="43.734540000" lon="7.351230000">
        <ele>469.000</ele>
      </trkpt>
      <trkpt lat="43.734640000" lon="7.351340000">
        <ele>467.000</ele>
      </trkpt>
      <trkpt lat="43.734750000" lon="7.351420000">
        <ele>465.000</ele>
      </trkpt>
      <trkpt lat="43.734860000" lon="7.351460000">
        <ele>463.000</ele>
      </trkpt>
      <trkpt lat="43.734970000" lon="7.351500000">
        <ele>462.000</ele>
      </trkpt>
      <trkpt lat="43.735040000" lon="7.351510000">
        <ele>461.000</ele>
      </trkpt>
      <trkpt lat="43.735060000" lon="7.351530000">
        <ele>460.000</ele>
      </trkpt>
      <trkpt lat="43.735080000" lon="7.351580000">
        <ele>459.000</ele>
      </trkpt>
      <trkpt lat="43.735070000" lon="7.351630000">
        <ele>459.000</ele>
      </trkpt>
      <trkpt lat="43.735060000" lon="7.351660000">
        <ele>458.000</ele>
      </trkpt>
      <trkpt lat="43.735020000" lon="7.351680000">
        <ele>458.000</ele>
      </trkpt>
      <trkpt lat="43.734970000" lon="7.351690000">
        <ele>457.000</ele>
      </trkpt>
      <trkpt lat="43.734780000" lon="7.351700000">
        <ele>456.000</ele>
      </trkpt>
      <trkpt lat="43.734740000" lon="7.351700000">
        <ele>456.000</ele>
      </trkpt>
      <trkpt lat="43.734680000" lon="7.351700000">
        <ele>455.000</ele>
      </trkpt>
      <trkpt lat="43.734590000" lon="7.351680000">
        <ele>454.000</ele>
      </trkpt>
      <trkpt lat="43.734490000" lon="7.351640000">
        <ele>453.000</ele>
      </trkpt>
      <trkpt lat="43.734400000" lon="7.351600000">
        <ele>452.000</ele>
      </trkpt>
      <trkpt lat="43.734330000" lon="7.351550000">
        <ele>451.000</ele>
      </trkpt>
      <trkpt lat="43.734270000" lon="7.351490000">
        <ele>450.000</ele>
      </trkpt>
      <trkpt lat="43.734220000" lon="7.351450000">
        <ele>449.000</ele>
      </trkpt>
      <trkpt lat="43.734170000" lon="7.351460000">
        <ele>448.000</ele>
      </trkpt>
      <trkpt lat="43.734150000" lon="7.351470000">
        <ele>448.000</ele>
      </trkpt>
      <trkpt lat="43.734120000" lon="7.351490000">
        <ele>447.000</ele>
      </trkpt>
      <trkpt lat="43.734090000" lon="7.351530000">
        <ele>446.000</ele>
      </trkpt>
      <trkpt lat="43.734070000" lon="7.351560000">
        <ele>446.000</ele>
      </trkpt>
      <trkpt lat="43.733920000" lon="7.352030000">
        <ele>444.000</ele>
      </trkpt>
      <trkpt lat="43.733900000" lon="7.352120000">
        <ele>442.000</ele>
      </trkpt>
      <trkpt lat="43.733840000" lon="7.352280000">
        <ele>440.000</ele>
      </trkpt>
      <trkpt lat="43.733800000" lon="7.352430000">
        <ele>438.000</ele>
      </trkpt>
      <trkpt lat="43.733810000" lon="7.352670000">
        <ele>436.000</ele>
      </trkpt>
      <trkpt lat="43.733760000" lon="7.352850000">
        <ele>434.000</ele>
      </trkpt>
      <trkpt lat="43.733630000" lon="7.353250000">
        <ele>431.000</ele>
      </trkpt>
      <trkpt lat="43.733590000" lon="7.353380000">
        <ele>428.000</ele>
      </trkpt>
      <trkpt lat="43.733570000" lon="7.353580000">
        <ele>426.000</ele>
      </trkpt>
      <trkpt lat="43.733540000" lon="7.353940000">
        <ele>424.000</ele>
      </trkpt>
      <trkpt lat="43.733530000" lon="7.354160000">
        <ele>422.000</ele>
      </trkpt>
      <trkpt lat="43.733510000" lon="7.354320000">
        <ele>420.000</ele>
      </trkpt>
      <trkpt lat="43.733470000" lon="7.354440000">
        <ele>418.000</ele>
      </trkpt>
      <trkpt lat="43.733420000" lon="7.354550000">
        <ele>417.000</ele>
      </trkpt>
      <trkpt lat="43.733340000" lon="7.354700000">
        <ele>415.000</ele>
      </trkpt>
      <trkpt lat="43.733240000" lon="7.354890000">
        <ele>414.000</ele>
      </trkpt>
      <trkpt lat="43.733140000" lon="7.355100000">
        <ele>412.000</ele>
      </trkpt>
      <trkpt lat="43.733060000" lon="7.355280000">
        <ele>411.000</ele>
      </trkpt>
      <trkpt lat="43.732920000" lon="7.355600000">
        <ele>408.000</ele>
      </trkpt>
      <trkpt lat="43.732900000" lon="7.355690000">
        <ele>407.000</ele>
      </trkpt>
      <trkpt lat="43.732890000" lon="7.355770000">
        <ele>406.000</ele>
      </trkpt>
      <trkpt lat="43.732890000" lon="7.355860000">
        <ele>405.000</ele>
      </trkpt>
      <trkpt lat="43.732920000" lon="7.355970000">
        <ele>404.000</ele>
      </trkpt>
      <trkpt lat="43.732950000" lon="7.356070000">
        <ele>403.000</ele>
      </trkpt>
      <trkpt lat="43.733100000" lon="7.356280000">
        <ele>402.000</ele>
      </trkpt>
      <trkpt lat="43.733100000" lon="7.356280000">
        <ele>402.000</ele>
      </trkpt>
      <trkpt lat="43.733140000" lon="7.356340000">
        <ele>401.000</ele>
      </trkpt>
      <trkpt lat="43.733190000" lon="7.356480000">
        <ele>401.000</ele>
      </trkpt>
      <trkpt lat="43.733200000" lon="7.356590000">
        <ele>400.000</ele>
      </trkpt>
      <trkpt lat="43.733210000" lon="7.356720000">
        <ele>400.000</ele>
      </trkpt>
      <trkpt lat="43.733210000" lon="7.356840000">
        <ele>399.000</ele>
      </trkpt>
      <trkpt lat="43.733200000" lon="7.356900000">
        <ele>399.000</ele>
      </trkpt>
      <trkpt lat="43.733190000" lon="7.356960000">
        <ele>399.000</ele>
      </trkpt>
      <trkpt lat="43.733170000" lon="7.357070000">
        <ele>398.000</ele>
      </trkpt>
      <trkpt lat="43.733140000" lon="7.357170000">
        <ele>398.000</ele>
      </trkpt>
      <trkpt lat="43.733030000" lon="7.357390000">
        <ele>397.000</ele>
      </trkpt>
      <trkpt lat="43.732860000" lon="7.357600000">
        <ele>397.000</ele>
      </trkpt>
      <trkpt lat="43.732740000" lon="7.357740000">
        <ele>396.000</ele>
      </trkpt>
      <trkpt lat="43.732670000" lon="7.357850000">
        <ele>395.000</ele>
      </trkpt>
      <trkpt lat="43.732610000" lon="7.357970000">
        <ele>394.000</ele>
      </trkpt>
      <trkpt lat="43.732510000" lon="7.358250000">
        <ele>393.000</ele>
      </trkpt>
      <trkpt lat="43.732480000" lon="7.358300000">
        <ele>392.000</ele>
      </trkpt>
      <trkpt lat="43.732360000" lon="7.358430000">
        <ele>391.000</ele>
      </trkpt>
      <trkpt lat="43.732210000" lon="7.358570000">
        <ele>390.000</ele>
      </trkpt>
      <trkpt lat="43.732110000" lon="7.358720000">
        <ele>389.000</ele>
      </trkpt>
      <trkpt lat="43.732000000" lon="7.358940000">
        <ele>387.000</ele>
      </trkpt>
      <trkpt lat="43.731910000" lon="7.359160000">
        <ele>386.000</ele>
      </trkpt>
      <trkpt lat="43.731860000" lon="7.359380000">
        <ele>384.000</ele>
      </trkpt>
      <trkpt lat="43.731840000" lon="7.359610000">
        <ele>383.000</ele>
      </trkpt>
      <trkpt lat="43.731820000" lon="7.359980000">
        <ele>381.000</ele>
      </trkpt>
      <trkpt lat="43.731800000" lon="7.360120000">
        <ele>379.000</ele>
      </trkpt>
      <trkpt lat="43.731740000" lon="7.360210000">
        <ele>378.000</ele>
      </trkpt>
      <trkpt lat="43.731680000" lon="7.360290000">
        <ele>377.000</ele>
      </trkpt>
      <trkpt lat="43.731530000" lon="7.360360000">
        <ele>376.000</ele>
      </trkpt>
      <trkpt lat="43.731410000" lon="7.360420000">
        <ele>374.000</ele>
      </trkpt>
      <trkpt lat="43.731340000" lon="7.360460000">
        <ele>373.000</ele>
      </trkpt>
      <trkpt lat="43.731240000" lon="7.360530000">
        <ele>372.000</ele>
      </trkpt>
      <trkpt lat="43.731140000" lon="7.360650000">
        <ele>371.000</ele>
      </trkpt>
      <trkpt lat="43.731020000" lon="7.360780000">
        <ele>369.000</ele>
      </trkpt>
      <trkpt lat="43.730920000" lon="7.360900000">
        <ele>368.000</ele>
      </trkpt>
      <trkpt lat="43.730830000" lon="7.360980000">
        <ele>366.000</ele>
      </trkpt>
      <trkpt lat="43.730720000" lon="7.361060000">
        <ele>365.000</ele>
      </trkpt>
      <trkpt lat="43.730390000" lon="7.361230000">
        <ele>363.000</ele>
      </trkpt>
      <trkpt lat="43.730200000" lon="7.361330000">
        <ele>361.000</ele>
      </trkpt>
      <trkpt lat="43.730080000" lon="7.361390000">
        <ele>359.000</ele>
      </trkpt>
      <trkpt lat="43.729970000" lon="7.361370000">
        <ele>358.000</ele>
      </trkpt>
      <trkpt lat="43.729890000" lon="7.361370000">
        <ele>357.000</ele>
      </trkpt>
      <trkpt lat="43.729860000" lon="7.361360000">
        <ele>356.000</ele>
      </trkpt>
      <trkpt lat="43.729830000" lon="7.361360000">
        <ele>356.000</ele>
      </trkpt>
      <trkpt lat="43.729840000" lon="7.361220000">
        <ele>355.000</ele>
      </trkpt>
      <trkpt lat="43.729840000" lon="7.361130000">
        <ele>355.000</ele>
      </trkpt>
      <trkpt lat="43.729830000" lon="7.360930000">
        <ele>354.000</ele>
      </trkpt>
      <trkpt lat="43.729820000" lon="7.360640000">
        <ele>353.000</ele>
      </trkpt>
      <trkpt lat="43.729820000" lon="7.360570000">
        <ele>353.000</ele>
      </trkpt>
      <trkpt lat="43.729810000" lon="7.360370000">
        <ele>352.000</ele>
      </trkpt>
      <trkpt lat="43.729750000" lon="7.358270000">
        <ele>349.000</ele>
      </trkpt>
      <trkpt lat="43.729750000" lon="7.358220000">
        <ele>347.000</ele>
      </trkpt>
      <trkpt lat="43.729740000" lon="7.358190000">
        <ele>345.000</ele>
      </trkpt>
      <trkpt lat="43.729730000" lon="7.358140000">
        <ele>344.000</ele>
      </trkpt>
      <trkpt lat="43.729700000" lon="7.358070000">
        <ele>344.000</ele>
      </trkpt>
      <trkpt lat="43.729650000" lon="7.357970000">
        <ele>343.000</ele>
      </trkpt>
      <trkpt lat="43.729600000" lon="7.357900000">
        <ele>343.000</ele>
      </trkpt>
      <trkpt lat="43.729310000" lon="7.357550000">
        <ele>342.000</ele>
      </trkpt>
      <trkpt lat="43.729220000" lon="7.357450000">
        <ele>342.000</ele>
      </trkpt>
      <trkpt lat="43.729130000" lon="7.357380000">
        <ele>342.000</ele>
      </trkpt>
      <trkpt lat="43.729060000" lon="7.357340000">
        <ele>342.000</ele>
      </trkpt>
      <trkpt lat="43.728870000" lon="7.357310000">
        <ele>342.000</ele>
      </trkpt>
      <trkpt lat="43.728780000" lon="7.357280000">
        <ele>341.000</ele>
      </trkpt>
      <trkpt lat="43.728660000" lon="7.357200000">
        <ele>341.000</ele>
      </trkpt>
      <trkpt lat="43.728360000" lon="7.357000000">
        <ele>341.000</ele>
      </trkpt>
      <trkpt lat="43.728260000" lon="7.356900000">
        <ele>341.000</ele>
      </trkpt>
      <trkpt lat="43.728200000" lon="7.356840000">
        <ele>341.000</ele>
      </trkpt>
      <trkpt lat="43.728140000" lon="7.356750000">
        <ele>341.000</ele>
      </trkpt>
      <trkpt lat="43.728090000" lon="7.356670000">
        <ele>341.000</ele>
      </trkpt>
      <trkpt lat="43.728050000" lon="7.356560000">
        <ele>341.000</ele>
      </trkpt>
      <trkpt lat="43.728010000" lon="7.356430000">
        <ele>341.000</ele>
      </trkpt>
      <trkpt lat="43.727990000" lon="7.356310000">
        <ele>342.000</ele>
      </trkpt>
      <trkpt lat="43.727970000" lon="7.356170000">
        <ele>342.000</ele>
      </trkpt>
      <trkpt lat="43.727950000" lon="7.355960000">
        <ele>342.000</ele>
      </trkpt>
      <trkpt lat="43.727950000" lon="7.355610000">
        <ele>343.000</ele>
      </trkpt>
      <trkpt lat="43.727940000" lon="7.355410000">
        <ele>343.000</ele>
      </trkpt>
      <trkpt lat="43.727920000" lon="7.355270000">
        <ele>344.000</ele>
      </trkpt>
      <trkpt lat="43.727890000" lon="7.355140000">
        <ele>344.000</ele>
      </trkpt>
      <trkpt lat="43.727810000" lon="7.354960000">
        <ele>345.000</ele>
      </trkpt>
      <trkpt lat="43.727640000" lon="7.354650000">
        <ele>345.000</ele>
      </trkpt>
      <trkpt lat="43.727430000" lon="7.354210000">
        <ele>345.000</ele>
      </trkpt>
      <trkpt lat="43.727220000" lon="7.353650000">
        <ele>345.000</ele>
      </trkpt>
      <trkpt lat="43.726960000" lon="7.352920000">
        <ele>345.000</ele>
      </trkpt>
      <trkpt lat="43.726930000" lon="7.352790000">
        <ele>345.000</ele>
      </trkpt>
      <trkpt lat="43.726890000" lon="7.352640000">
        <ele>344.000</ele>
      </trkpt>
      <trkpt lat="43.726870000" lon="7.352490000">
        <ele>344.000</ele>
      </trkpt>
      <trkpt lat="43.726860000" lon="7.352320000">
        <ele>344.000</ele>
      </trkpt>
      <trkpt lat="43.726860000" lon="7.352150000">
        <ele>343.000</ele>
      </trkpt>
      <trkpt lat="43.726890000" lon="7.351880000">
        <ele>342.000</ele>
      </trkpt>
      <trkpt lat="43.726970000" lon="7.351130000">
        <ele>340.000</ele>
      </trkpt>
      <trkpt lat="43.727020000" lon="7.350690000">
        <ele>337.000</ele>
      </trkpt>
      <trkpt lat="43.727020000" lon="7.350520000">
        <ele>335.000</ele>
      </trkpt>
      <trkpt lat="43.727020000" lon="7.350400000">
        <ele>333.000</ele>
      </trkpt>
      <trkpt lat="43.727000000" lon="7.350260000">
        <ele>332.000</ele>
      </trkpt>
      <trkpt lat="43.726980000" lon="7.350130000">
        <ele>331.000</ele>
      </trkpt>
      <trkpt lat="43.726940000" lon="7.349990000">
        <ele>329.000</ele>
      </trkpt>
      <trkpt lat="43.726860000" lon="7.349820000">
        <ele>328.000</ele>
      </trkpt>
      <trkpt lat="43.726770000" lon="7.349630000">
        <ele>327.000</ele>
      </trkpt>
      <trkpt lat="43.726310000" lon="7.348810000">
        <ele>325.000</ele>
      </trkpt>
      <trkpt lat="43.726310000" lon="7.348810000">
        <ele>324.000</ele>
      </trkpt>
      <trkpt lat="43.726270000" lon="7.348740000">
        <ele>323.000</ele>
      </trkpt>
      <trkpt lat="43.726170000" lon="7.348540000">
        <ele>323.000</ele>
      </trkpt>
      <trkpt lat="43.726060000" lon="7.348330000">
        <ele>322.000</ele>
      </trkpt>
      <trkpt lat="43.725940000" lon="7.348110000">
        <ele>321.000</ele>
      </trkpt>
      <trkpt lat="43.725810000" lon="7.347950000">
        <ele>320.000</ele>
      </trkpt>
      <trkpt lat="43.725700000" lon="7.347840000">
        <ele>320.000</ele>
      </trkpt>
      <trkpt lat="43.725580000" lon="7.347760000">
        <ele>319.000</ele>
      </trkpt>
      <trkpt lat="43.725450000" lon="7.347700000">
        <ele>318.000</ele>
      </trkpt>
      <trkpt lat="43.725300000" lon="7.347670000">
        <ele>317.000</ele>
      </trkpt>
      <trkpt lat="43.725160000" lon="7.347670000">
        <ele>316.000</ele>
      </trkpt>
      <trkpt lat="43.725010000" lon="7.347680000">
        <ele>315.000</ele>
      </trkpt>
      <trkpt lat="43.724830000" lon="7.347710000">
        <ele>314.000</ele>
      </trkpt>
      <trkpt lat="43.724730000" lon="7.347710000">
        <ele>312.000</ele>
      </trkpt>
      <trkpt lat="43.724630000" lon="7.347700000">
        <ele>311.000</ele>
      </trkpt>
      <trkpt lat="43.724530000" lon="7.347680000">
        <ele>310.000</ele>
      </trkpt>
      <trkpt lat="43.724420000" lon="7.347640000">
        <ele>309.000</ele>
      </trkpt>
      <trkpt lat="43.724290000" lon="7.347560000">
        <ele>308.000</ele>
      </trkpt>
      <trkpt lat="43.724130000" lon="7.347410000">
        <ele>307.000</ele>
      </trkpt>
      <trkpt lat="43.723920000" lon="7.347190000">
        <ele>306.000</ele>
      </trkpt>
      <trkpt lat="43.723640000" lon="7.346790000">
        <ele>305.000</ele>
      </trkpt>
      <trkpt lat="43.723490000" lon="7.346450000">
        <ele>304.000</ele>
      </trkpt>
      <trkpt lat="43.723410000" lon="7.346170000">
        <ele>304.000</ele>
      </trkpt>
      <trkpt lat="43.723360000" lon="7.345950000">
        <ele>304.000</ele>
      </trkpt>
      <trkpt lat="43.723350000" lon="7.345740000">
        <ele>304.000</ele>
      </trkpt>
      <trkpt lat="43.723340000" lon="7.345550000">
        <ele>304.000</ele>
      </trkpt>
      <trkpt lat="43.723340000" lon="7.345320000">
        <ele>304.000</ele>
      </trkpt>
      <trkpt lat="43.723360000" lon="7.345000000">
        <ele>304.000</ele>
      </trkpt>
      <trkpt lat="43.723360000" lon="7.344700000">
        <ele>304.000</ele>
      </trkpt>
      <trkpt lat="43.723350000" lon="7.344560000">
        <ele>304.000</ele>
      </trkpt>
      <trkpt lat="43.723320000" lon="7.344420000">
        <ele>303.000</ele>
      </trkpt>
      <trkpt lat="43.723250000" lon="7.344250000">
        <ele>301.000</ele>
      </trkpt>
      <trkpt lat="43.723200000" lon="7.344150000">
        <ele>300.000</ele>
      </trkpt>
      <trkpt lat="43.723130000" lon="7.344050000">
        <ele>298.000</ele>
      </trkpt>
      <trkpt lat="43.723050000" lon="7.343990000">
        <ele>296.000</ele>
      </trkpt>
      <trkpt lat="43.722990000" lon="7.343940000">
        <ele>295.000</ele>
      </trkpt>
      <trkpt lat="43.722910000" lon="7.343910000">
        <ele>293.000</ele>
      </trkpt>
      <trkpt lat="43.722820000" lon="7.343900000">
        <ele>292.000</ele>
      </trkpt>
      <trkpt lat="43.722750000" lon="7.343880000">
        <ele>290.000</ele>
      </trkpt>
      <trkpt lat="43.722710000" lon="7.343880000">
        <ele>289.000</ele>
      </trkpt>
      <trkpt lat="43.722670000" lon="7.343890000">
        <ele>288.000</ele>
      </trkpt>
      <trkpt lat="43.722640000" lon="7.343890000">
        <ele>287.000</ele>
      </trkpt>
      <trkpt lat="43.722600000" lon="7.343910000">
        <ele>286.000</ele>
      </trkpt>
      <trkpt lat="43.722550000" lon="7.343930000">
        <ele>285.000</ele>
      </trkpt>
      <trkpt lat="43.722330000" lon="7.344050000">
        <ele>283.000</ele>
      </trkpt>
      <trkpt lat="43.722240000" lon="7.344090000">
        <ele>281.000</ele>
      </trkpt>
      <trkpt lat="43.722180000" lon="7.344120000">
        <ele>279.000</ele>
      </trkpt>
      <trkpt lat="43.722110000" lon="7.344130000">
        <ele>278.000</ele>
      </trkpt>
      <trkpt lat="43.722030000" lon="7.344150000">
        <ele>276.000</ele>
      </trkpt>
      <trkpt lat="43.721960000" lon="7.344150000">
        <ele>275.000</ele>
      </trkpt>
      <trkpt lat="43.721890000" lon="7.344150000">
        <ele>273.000</ele>
      </trkpt>
      <trkpt lat="43.721810000" lon="7.344140000">
        <ele>273.000</ele>
      </trkpt>
      <trkpt lat="43.721740000" lon="7.344130000">
        <ele>272.000</ele>
      </trkpt>
      <trkpt lat="43.721670000" lon="7.344110000">
        <ele>272.000</ele>
      </trkpt>
      <trkpt lat="43.721580000" lon="7.344070000">
        <ele>272.000</ele>
      </trkpt>
      <trkpt lat="43.721510000" lon="7.344030000">
        <ele>273.000</ele>
      </trkpt>
      <trkpt lat="43.721440000" lon="7.343980000">
        <ele>273.000</ele>
      </trkpt>
      <trkpt lat="43.721380000" lon="7.343940000">
        <ele>273.000</ele>
      </trkpt>
      <trkpt lat="43.721310000" lon="7.343870000">
        <ele>274.000</ele>
      </trkpt>
      <trkpt lat="43.721250000" lon="7.343800000">
        <ele>274.000</ele>
      </trkpt>
      <trkpt lat="43.721190000" lon="7.343730000">
        <ele>275.000</ele>
      </trkpt>
      <trkpt lat="43.721150000" lon="7.343670000">
        <ele>275.000</ele>
      </trkpt>
      <trkpt lat="43.721110000" lon="7.343610000">
        <ele>276.000</ele>
      </trkpt>
      <trkpt lat="43.721070000" lon="7.343540000">
        <ele>276.000</ele>
      </trkpt>
      <trkpt lat="43.721030000" lon="7.343450000">
        <ele>277.000</ele>
      </trkpt>
      <trkpt lat="43.720950000" lon="7.343130000">
        <ele>277.000</ele>
      </trkpt>
      <trkpt lat="43.720910000" lon="7.343010000">
        <ele>278.000</ele>
      </trkpt>
      <trkpt lat="43.720840000" lon="7.342700000">
        <ele>279.000</ele>
      </trkpt>
      <trkpt lat="43.720780000" lon="7.342260000">
        <ele>281.000</ele>
      </trkpt>
      <trkpt lat="43.720710000" lon="7.341820000">
        <ele>282.000</ele>
      </trkpt>
      <trkpt lat="43.720690000" lon="7.341620000">
        <ele>282.000</ele>
      </trkpt>
      <trkpt lat="43.720680000" lon="7.341520000">
        <ele>283.000</ele>
      </trkpt>
      <trkpt lat="43.720670000" lon="7.341430000">
        <ele>283.000</ele>
      </trkpt>
      <trkpt lat="43.720660000" lon="7.340960000">
        <ele>283.000</ele>
      </trkpt>
      <trkpt lat="43.720660000" lon="7.340670000">
        <ele>283.000</ele>
      </trkpt>
      <trkpt lat="43.720660000" lon="7.340480000">
        <ele>283.000</ele>
      </trkpt>
      <trkpt lat="43.720630000" lon="7.339530000">
        <ele>283.000</ele>
      </trkpt>
      <trkpt lat="43.720620000" lon="7.339370000">
        <ele>283.000</ele>
      </trkpt>
      <trkpt lat="43.720600000" lon="7.339270000">
        <ele>283.000</ele>
      </trkpt>
      <trkpt lat="43.720580000" lon="7.339180000">
        <ele>283.000</ele>
      </trkpt>
      <trkpt lat="43.720540000" lon="7.339100000">
        <ele>282.000</ele>
      </trkpt>
      <trkpt lat="43.720490000" lon="7.339010000">
        <ele>282.000</ele>
      </trkpt>
      <trkpt lat="43.720440000" lon="7.338940000">
        <ele>282.000</ele>
      </trkpt>
      <trkpt lat="43.720370000" lon="7.338870000">
        <ele>281.000</ele>
      </trkpt>
      <trkpt lat="43.720320000" lon="7.338840000">
        <ele>281.000</ele>
      </trkpt>
      <trkpt lat="43.720260000" lon="7.338810000">
        <ele>281.000</ele>
      </trkpt>
      <trkpt lat="43.720200000" lon="7.338780000">
        <ele>280.000</ele>
      </trkpt>
      <trkpt lat="43.720120000" lon="7.338770000">
        <ele>280.000</ele>
      </trkpt>
      <trkpt lat="43.720030000" lon="7.338770000">
        <ele>280.000</ele>
      </trkpt>
      <trkpt lat="43.719900000" lon="7.338780000">
        <ele>279.000</ele>
      </trkpt>
      <trkpt lat="43.719750000" lon="7.338800000">
        <ele>279.000</ele>
      </trkpt>
      <trkpt lat="43.719670000" lon="7.338790000">
        <ele>278.000</ele>
      </trkpt>
      <trkpt lat="43.719580000" lon="7.338780000">
        <ele>278.000</ele>
      </trkpt>
      <trkpt lat="43.719490000" lon="7.338750000">
        <ele>277.000</ele>
      </trkpt>
      <trkpt lat="43.719420000" lon="7.338710000">
        <ele>277.000</ele>
      </trkpt>
      <trkpt lat="43.719350000" lon="7.338660000">
        <ele>276.000</ele>
      </trkpt>
      <trkpt lat="43.719290000" lon="7.338600000">
        <ele>276.000</ele>
      </trkpt>
      <trkpt lat="43.719230000" lon="7.338540000">
        <ele>276.000</ele>
      </trkpt>
      <trkpt lat="43.719180000" lon="7.338460000">
        <ele>275.000</ele>
      </trkpt>
      <trkpt lat="43.719120000" lon="7.338370000">
        <ele>275.000</ele>
      </trkpt>
      <trkpt lat="43.719070000" lon="7.338280000">
        <ele>275.000</ele>
      </trkpt>
      <trkpt lat="43.719010000" lon="7.338140000">
        <ele>275.000</ele>
      </trkpt>
      <trkpt lat="43.718900000" lon="7.337820000">
        <ele>275.000</ele>
      </trkpt>
      <trkpt lat="43.718810000" lon="7.337590000">
        <ele>275.000</ele>
      </trkpt>
      <trkpt lat="43.718780000" lon="7.337500000">
        <ele>275.000</ele>
      </trkpt>
      <trkpt lat="43.718740000" lon="7.337370000">
        <ele>275.000</ele>
      </trkpt>
      <trkpt lat="43.718660000" lon="7.337040000">
        <ele>275.000</ele>
      </trkpt>
      <trkpt lat="43.718590000" lon="7.336700000">
        <ele>275.000</ele>
      </trkpt>
      <trkpt lat="43.718550000" lon="7.336530000">
        <ele>275.000</ele>
      </trkpt>
      <trkpt lat="43.718490000" lon="7.336340000">
        <ele>275.000</ele>
      </trkpt>
      <trkpt lat="43.718430000" lon="7.336170000">
        <ele>275.000</ele>
      </trkpt>
      <trkpt lat="43.718360000" lon="7.336030000">
        <ele>275.000</ele>
      </trkpt>
      <trkpt lat="43.718180000" lon="7.335710000">
        <ele>276.000</ele>
      </trkpt>
      <trkpt lat="43.717960000" lon="7.335320000">
        <ele>276.000</ele>
      </trkpt>
      <trkpt lat="43.717740000" lon="7.334920000">
        <ele>276.000</ele>
      </trkpt>
      <trkpt lat="43.717670000" lon="7.334780000">
        <ele>277.000</ele>
      </trkpt>
      <trkpt lat="43.717630000" lon="7.334700000">
        <ele>277.000</ele>
      </trkpt>
      <trkpt lat="43.717600000" lon="7.334630000">
        <ele>277.000</ele>
      </trkpt>
      <trkpt lat="43.717330000" lon="7.334050000">
        <ele>278.000</ele>
      </trkpt>
      <trkpt lat="43.717140000" lon="7.333640000">
        <ele>279.000</ele>
      </trkpt>
      <trkpt lat="43.717050000" lon="7.333450000">
        <ele>279.000</ele>
      </trkpt>
      <trkpt lat="43.717000000" lon="7.333350000">
        <ele>280.000</ele>
      </trkpt>
      <trkpt lat="43.716980000" lon="7.333320000">
        <ele>281.000</ele>
      </trkpt>
      <trkpt lat="43.716960000" lon="7.333270000">
        <ele>281.000</ele>
      </trkpt>
      <trkpt lat="43.716910000" lon="7.333190000">
        <ele>281.000</ele>
      </trkpt>
      <trkpt lat="43.716890000" lon="7.333160000">
        <ele>282.000</ele>
      </trkpt>
      <trkpt lat="43.716850000" lon="7.333120000">
        <ele>282.000</ele>
      </trkpt>
      <trkpt lat="43.716800000" lon="7.333070000">
        <ele>282.000</ele>
      </trkpt>
      <trkpt lat="43.716750000" lon="7.333030000">
        <ele>282.000</ele>
      </trkpt>
      <trkpt lat="43.716690000" lon="7.332980000">
        <ele>283.000</ele>
      </trkpt>
      <trkpt lat="43.716580000" lon="7.332930000">
        <ele>283.000</ele>
      </trkpt>
      <trkpt lat="43.716490000" lon="7.332880000">
        <ele>284.000</ele>
      </trkpt>
      <trkpt lat="43.715100000" lon="7.332150000">
        <ele>286.000</ele>
      </trkpt>
      <trkpt lat="43.715040000" lon="7.332110000">
        <ele>288.000</ele>
      </trkpt>
      <trkpt lat="43.714950000" lon="7.332040000">
        <ele>288.000</ele>
      </trkpt>
      <trkpt lat="43.714870000" lon="7.331940000">
        <ele>288.000</ele>
      </trkpt>
      <trkpt lat="43.714810000" lon="7.331860000">
        <ele>288.000</ele>
      </trkpt>
      <trkpt lat="43.714520000" lon="7.331360000">
        <ele>286.000</ele>
      </trkpt>
      <trkpt lat="43.714220000" lon="7.330860000">
        <ele>283.000</ele>
      </trkpt>
      <trkpt lat="43.714070000" lon="7.330490000">
        <ele>279.000</ele>
      </trkpt>
      <trkpt lat="43.713770000" lon="7.329740000">
        <ele>275.000</ele>
      </trkpt>
      <trkpt lat="43.713250000" lon="7.328500000">
        <ele>269.000</ele>
      </trkpt>
      <trkpt lat="43.713120000" lon="7.328150000">
        <ele>264.000</ele>
      </trkpt>
      <trkpt lat="43.713030000" lon="7.327870000">
        <ele>260.000</ele>
      </trkpt>
      <trkpt lat="43.712950000" lon="7.327610000">
        <ele>257.000</ele>
      </trkpt>
      <trkpt lat="43.712900000" lon="7.327390000">
        <ele>255.000</ele>
      </trkpt>
      <trkpt lat="43.712710000" lon="7.326490000">
        <ele>251.000</ele>
      </trkpt>
      <trkpt lat="43.712630000" lon="7.326190000">
        <ele>248.000</ele>
      </trkpt>
      <trkpt lat="43.712600000" lon="7.326070000">
        <ele>246.000</ele>
      </trkpt>
      <trkpt lat="43.712560000" lon="7.325920000">
        <ele>244.000</ele>
      </trkpt>
      <trkpt lat="43.712430000" lon="7.325520000">
        <ele>242.000</ele>
      </trkpt>
      <trkpt lat="43.712320000" lon="7.325160000">
        <ele>240.000</ele>
      </trkpt>
      <trkpt lat="43.712270000" lon="7.324970000">
        <ele>238.000</ele>
      </trkpt>
      <trkpt lat="43.712240000" lon="7.324780000">
        <ele>237.000</ele>
      </trkpt>
      <trkpt lat="43.712220000" lon="7.324510000">
        <ele>235.000</ele>
      </trkpt>
      <trkpt lat="43.712220000" lon="7.324290000">
        <ele>234.000</ele>
      </trkpt>
      <trkpt lat="43.712240000" lon="7.324100000">
        <ele>233.000</ele>
      </trkpt>
      <trkpt lat="43.712270000" lon="7.323880000">
        <ele>232.000</ele>
      </trkpt>
      <trkpt lat="43.712370000" lon="7.323450000">
        <ele>230.000</ele>
      </trkpt>
      <trkpt lat="43.712560000" lon="7.322500000">
        <ele>228.000</ele>
      </trkpt>
      <trkpt lat="43.712680000" lon="7.322050000">
        <ele>226.000</ele>
      </trkpt>
      <trkpt lat="43.712780000" lon="7.321830000">
        <ele>224.000</ele>
      </trkpt>
      <trkpt lat="43.712890000" lon="7.321640000">
        <ele>222.000</ele>
      </trkpt>
      <trkpt lat="43.713190000" lon="7.321220000">
        <ele>219.000</ele>
      </trkpt>
      <trkpt lat="43.713260000" lon="7.321110000">
        <ele>217.000</ele>
      </trkpt>
      <trkpt lat="43.713280000" lon="7.321020000">
        <ele>216.000</ele>
      </trkpt>
      <trkpt lat="43.713300000" lon="7.320860000">
        <ele>215.000</ele>
      </trkpt>
      <trkpt lat="43.713320000" lon="7.320730000">
        <ele>213.000</ele>
      </trkpt>
      <trkpt lat="43.713320000" lon="7.320560000">
        <ele>212.000</ele>
      </trkpt>
      <trkpt lat="43.713290000" lon="7.320420000">
        <ele>211.000</ele>
      </trkpt>
      <trkpt lat="43.713230000" lon="7.320280000">
        <ele>210.000</ele>
      </trkpt>
      <trkpt lat="43.713140000" lon="7.320180000">
        <ele>210.000</ele>
      </trkpt>
      <trkpt lat="43.713070000" lon="7.320110000">
        <ele>209.000</ele>
      </trkpt>
      <trkpt lat="43.712960000" lon="7.320060000">
        <ele>209.000</ele>
      </trkpt>
      <trkpt lat="43.712850000" lon="7.320040000">
        <ele>208.000</ele>
      </trkpt>
      <trkpt lat="43.712600000" lon="7.320050000">
        <ele>208.000</ele>
      </trkpt>
      <trkpt lat="43.712590000" lon="7.320050000">
        <ele>207.000</ele>
      </trkpt>
      <trkpt lat="43.712350000" lon="7.320070000">
        <ele>207.000</ele>
      </trkpt>
      <trkpt lat="43.712320000" lon="7.320070000">
        <ele>207.000</ele>
      </trkpt>
      <trkpt lat="43.712190000" lon="7.320080000">
        <ele>206.000</ele>
      </trkpt>
      <trkpt lat="43.712110000" lon="7.320070000">
        <ele>206.000</ele>
      </trkpt>
      <trkpt lat="43.712040000" lon="7.320030000">
        <ele>206.000</ele>
      </trkpt>
      <trkpt lat="43.711940000" lon="7.319980000">
        <ele>205.000</ele>
      </trkpt>
      <trkpt lat="43.711840000" lon="7.319930000">
        <ele>205.000</ele>
      </trkpt>
      <trkpt lat="43.711740000" lon="7.319910000">
        <ele>205.000</ele>
      </trkpt>
      <trkpt lat="43.711650000" lon="7.319900000">
        <ele>205.000</ele>
      </trkpt>
      <trkpt lat="43.711450000" lon="7.319890000">
        <ele>204.000</ele>
      </trkpt>
      <trkpt lat="43.711350000" lon="7.319880000">
        <ele>204.000</ele>
      </trkpt>
      <trkpt lat="43.711210000" lon="7.319830000">
        <ele>203.000</ele>
      </trkpt>
      <trkpt lat="43.710980000" lon="7.319740000">
        <ele>202.000</ele>
      </trkpt>
      <trkpt lat="43.710770000" lon="7.319640000">
        <ele>200.000</ele>
      </trkpt>
      <trkpt lat="43.710640000" lon="7.319570000">
        <ele>198.000</ele>
      </trkpt>
      <trkpt lat="43.710500000" lon="7.319460000">
        <ele>197.000</ele>
      </trkpt>
      <trkpt lat="43.710310000" lon="7.319280000">
        <ele>195.000</ele>
      </trkpt>
      <trkpt lat="43.710090000" lon="7.319060000">
        <ele>193.000</ele>
      </trkpt>
      <trkpt lat="43.710030000" lon="7.318980000">
        <ele>192.000</ele>
      </trkpt>
      <trkpt lat="43.709980000" lon="7.318900000">
        <ele>190.000</ele>
      </trkpt>
      <trkpt lat="43.709940000" lon="7.318800000">
        <ele>189.000</ele>
      </trkpt>
      <trkpt lat="43.709910000" lon="7.318720000">
        <ele>188.000</ele>
      </trkpt>
      <trkpt lat="43.709900000" lon="7.318630000">
        <ele>188.000</ele>
      </trkpt>
      <trkpt lat="43.709890000" lon="7.318520000">
        <ele>187.000</ele>
      </trkpt>
      <trkpt lat="43.709900000" lon="7.318410000">
        <ele>186.000</ele>
      </trkpt>
      <trkpt lat="43.709910000" lon="7.318240000">
        <ele>186.000</ele>
      </trkpt>
      <trkpt lat="43.709920000" lon="7.318080000">
        <ele>185.000</ele>
      </trkpt>
      <trkpt lat="43.709920000" lon="7.317830000">
        <ele>185.000</ele>
      </trkpt>
      <trkpt lat="43.709910000" lon="7.317560000">
        <ele>184.000</ele>
      </trkpt>
      <trkpt lat="43.709910000" lon="7.317240000">
        <ele>183.000</ele>
      </trkpt>
      <trkpt lat="43.709900000" lon="7.317080000">
        <ele>182.000</ele>
      </trkpt>
      <trkpt lat="43.709860000" lon="7.315970000">
        <ele>180.000</ele>
      </trkpt>
      <trkpt lat="43.709860000" lon="7.315810000">
        <ele>179.000</ele>
      </trkpt>
      <trkpt lat="43.709870000" lon="7.315690000">
        <ele>179.000</ele>
      </trkpt>
      <trkpt lat="43.709890000" lon="7.315580000">
        <ele>179.000</ele>
      </trkpt>
      <trkpt lat="43.709920000" lon="7.315480000">
        <ele>180.000</ele>
      </trkpt>
      <trkpt lat="43.710050000" lon="7.315230000">
        <ele>181.000</ele>
      </trkpt>
      <trkpt lat="43.710160000" lon="7.314980000">
        <ele>182.000</ele>
      </trkpt>
      <trkpt lat="43.710200000" lon="7.314820000">
        <ele>184.000</ele>
      </trkpt>
      <trkpt lat="43.710320000" lon="7.314280000">
        <ele>186.000</ele>
      </trkpt>
      <trkpt lat="43.710340000" lon="7.314150000">
        <ele>188.000</ele>
      </trkpt>
      <trkpt lat="43.710350000" lon="7.314010000">
        <ele>190.000</ele>
      </trkpt>
      <trkpt lat="43.710340000" lon="7.313880000">
        <ele>191.000</ele>
      </trkpt>
      <trkpt lat="43.710330000" lon="7.313760000">
        <ele>192.000</ele>
      </trkpt>
      <trkpt lat="43.710270000" lon="7.313460000">
        <ele>194.000</ele>
      </trkpt>
      <trkpt lat="43.710200000" lon="7.313140000">
        <ele>194.000</ele>
      </trkpt>
      <trkpt lat="43.710080000" lon="7.312730000">
        <ele>194.000</ele>
      </trkpt>
      <trkpt lat="43.710050000" lon="7.312610000">
        <ele>193.000</ele>
      </trkpt>
      <trkpt lat="43.710020000" lon="7.312480000">
        <ele>192.000</ele>
      </trkpt>
      <trkpt lat="43.710020000" lon="7.312360000">
        <ele>191.000</ele>
      </trkpt>
      <trkpt lat="43.710020000" lon="7.312230000">
        <ele>190.000</ele>
      </trkpt>
      <trkpt lat="43.710050000" lon="7.311930000">
        <ele>189.000</ele>
      </trkpt>
      <trkpt lat="43.710080000" lon="7.311670000">
        <ele>187.000</ele>
      </trkpt>
      <trkpt lat="43.710070000" lon="7.311600000">
        <ele>186.000</ele>
      </trkpt>
      <trkpt lat="43.710060000" lon="7.311530000">
        <ele>185.000</ele>
      </trkpt>
      <trkpt lat="43.710050000" lon="7.311460000">
        <ele>184.000</ele>
      </trkpt>
      <trkpt lat="43.710030000" lon="7.311400000">
        <ele>184.000</ele>
      </trkpt>
      <trkpt lat="43.709980000" lon="7.311300000">
        <ele>183.000</ele>
      </trkpt>
      <trkpt lat="43.709930000" lon="7.311220000">
        <ele>182.000</ele>
      </trkpt>
      <trkpt lat="43.709870000" lon="7.311160000">
        <ele>181.000</ele>
      </trkpt>
      <trkpt lat="43.709840000" lon="7.311140000">
        <ele>181.000</ele>
      </trkpt>
      <trkpt lat="43.709810000" lon="7.311110000">
        <ele>180.000</ele>
      </trkpt>
      <trkpt lat="43.709680000" lon="7.311030000">
        <ele>180.000</ele>
      </trkpt>
      <trkpt lat="43.709590000" lon="7.310960000">
        <ele>180.000</ele>
      </trkpt>
      <trkpt lat="43.709530000" lon="7.310870000">
        <ele>180.000</ele>
      </trkpt>
      <trkpt lat="43.709490000" lon="7.310780000">
        <ele>180.000</ele>
      </trkpt>
      <trkpt lat="43.709470000" lon="7.310700000">
        <ele>179.000</ele>
      </trkpt>
      <trkpt lat="43.709450000" lon="7.310610000">
        <ele>179.000</ele>
      </trkpt>
      <trkpt lat="43.709440000" lon="7.310520000">
        <ele>179.000</ele>
      </trkpt>
      <trkpt lat="43.709450000" lon="7.310420000">
        <ele>179.000</ele>
      </trkpt>
      <trkpt lat="43.709460000" lon="7.310340000">
        <ele>179.000</ele>
      </trkpt>
      <trkpt lat="43.709480000" lon="7.310270000">
        <ele>179.000</ele>
      </trkpt>
      <trkpt lat="43.709510000" lon="7.310210000">
        <ele>179.000</ele>
      </trkpt>
      <trkpt lat="43.709750000" lon="7.309760000">
        <ele>179.000</ele>
      </trkpt>
      <trkpt lat="43.709820000" lon="7.309620000">
        <ele>179.000</ele>
      </trkpt>
      <trkpt lat="43.709860000" lon="7.309510000">
        <ele>179.000</ele>
      </trkpt>
      <trkpt lat="43.709870000" lon="7.309410000">
        <ele>179.000</ele>
      </trkpt>
      <trkpt lat="43.709870000" lon="7.309300000">
        <ele>179.000</ele>
      </trkpt>
      <trkpt lat="43.709860000" lon="7.309190000">
        <ele>179.000</ele>
      </trkpt>
      <trkpt lat="43.709830000" lon="7.309120000">
        <ele>179.000</ele>
      </trkpt>
      <trkpt lat="43.709790000" lon="7.309040000">
        <ele>179.000</ele>
      </trkpt>
      <trkpt lat="43.709750000" lon="7.308980000">
        <ele>178.000</ele>
      </trkpt>
      <trkpt lat="43.709680000" lon="7.308920000">
        <ele>178.000</ele>
      </trkpt>
      <trkpt lat="43.709600000" lon="7.308880000">
        <ele>178.000</ele>
      </trkpt>
      <trkpt lat="43.709420000" lon="7.308820000">
        <ele>177.000</ele>
      </trkpt>
      <trkpt lat="43.709280000" lon="7.308780000">
        <ele>176.000</ele>
      </trkpt>
      <trkpt lat="43.709140000" lon="7.308690000">
        <ele>175.000</ele>
      </trkpt>
      <trkpt lat="43.709080000" lon="7.308640000">
        <ele>174.000</ele>
      </trkpt>
      <trkpt lat="43.709000000" lon="7.308560000">
        <ele>173.000</ele>
      </trkpt>
      <trkpt lat="43.708920000" lon="7.308450000">
        <ele>173.000</ele>
      </trkpt>
      <trkpt lat="43.708640000" lon="7.308020000">
        <ele>171.000</ele>
      </trkpt>
      <trkpt lat="43.708530000" lon="7.307870000">
        <ele>170.000</ele>
      </trkpt>
      <trkpt lat="43.708480000" lon="7.307810000">
        <ele>168.000</ele>
      </trkpt>
      <trkpt lat="43.708410000" lon="7.307750000">
        <ele>168.000</ele>
      </trkpt>
      <trkpt lat="43.708280000" lon="7.307670000">
        <ele>167.000</ele>
      </trkpt>
      <trkpt lat="43.708170000" lon="7.307610000">
        <ele>166.000</ele>
      </trkpt>
      <trkpt lat="43.708040000" lon="7.307550000">
        <ele>165.000</ele>
      </trkpt>
      <trkpt lat="43.707600000" lon="7.307360000">
        <ele>164.000</ele>
      </trkpt>
      <trkpt lat="43.707460000" lon="7.307300000">
        <ele>163.000</ele>
      </trkpt>
      <trkpt lat="43.707160000" lon="7.307150000">
        <ele>162.000</ele>
      </trkpt>
      <trkpt lat="43.707110000" lon="7.307130000">
        <ele>161.000</ele>
      </trkpt>
      <trkpt lat="43.706830000" lon="7.307000000">
        <ele>160.000</ele>
      </trkpt>
      <trkpt lat="43.706750000" lon="7.306970000">
        <ele>159.000</ele>
      </trkpt>
      <trkpt lat="43.706630000" lon="7.306900000">
        <ele>159.000</ele>
      </trkpt>
      <trkpt lat="43.706460000" lon="7.306750000">
        <ele>158.000</ele>
      </trkpt>
      <trkpt lat="43.706330000" lon="7.306580000">
        <ele>157.000</ele>
      </trkpt>
      <trkpt lat="43.706240000" lon="7.306410000">
        <ele>157.000</ele>
      </trkpt>
      <trkpt lat="43.706170000" lon="7.306210000">
        <ele>157.000</ele>
      </trkpt>
      <trkpt lat="43.706120000" lon="7.306000000">
        <ele>157.000</ele>
      </trkpt>
      <trkpt lat="43.706100000" lon="7.305790000">
        <ele>157.000</ele>
      </trkpt>
      <trkpt lat="43.706120000" lon="7.305540000">
        <ele>157.000</ele>
      </trkpt>
      <trkpt lat="43.706160000" lon="7.305340000">
        <ele>157.000</ele>
      </trkpt>
      <trkpt lat="43.706220000" lon="7.305130000">
        <ele>157.000</ele>
      </trkpt>
      <trkpt lat="43.706280000" lon="7.304990000">
        <ele>157.000</ele>
      </trkpt>
      <trkpt lat="43.706390000" lon="7.304820000">
        <ele>157.000</ele>
      </trkpt>
      <trkpt lat="43.706540000" lon="7.304650000">
        <ele>157.000</ele>
      </trkpt>
      <trkpt lat="43.706920000" lon="7.304300000">
        <ele>157.000</ele>
      </trkpt>
      <trkpt lat="43.706990000" lon="7.304240000">
        <ele>157.000</ele>
      </trkpt>
      <trkpt lat="43.707120000" lon="7.304120000">
        <ele>157.000</ele>
      </trkpt>
      <trkpt lat="43.707220000" lon="7.304030000">
        <ele>157.000</ele>
      </trkpt>
      <trkpt lat="43.707420000" lon="7.303820000">
        <ele>156.000</ele>
      </trkpt>
      <trkpt lat="43.707550000" lon="7.303660000">
        <ele>156.000</ele>
      </trkpt>
      <trkpt lat="43.707600000" lon="7.303540000">
        <ele>156.000</ele>
      </trkpt>
      <trkpt lat="43.707630000" lon="7.303420000">
        <ele>155.000</ele>
      </trkpt>
      <trkpt lat="43.707640000" lon="7.303300000">
        <ele>155.000</ele>
      </trkpt>
      <trkpt lat="43.707640000" lon="7.303190000">
        <ele>155.000</ele>
      </trkpt>
      <trkpt lat="43.707600000" lon="7.303050000">
        <ele>154.000</ele>
      </trkpt>
      <trkpt lat="43.707560000" lon="7.302950000">
        <ele>154.000</ele>
      </trkpt>
      <trkpt lat="43.707510000" lon="7.302860000">
        <ele>154.000</ele>
      </trkpt>
      <trkpt lat="43.707340000" lon="7.302630000">
        <ele>153.000</ele>
      </trkpt>
      <trkpt lat="43.707140000" lon="7.302390000">
        <ele>153.000</ele>
      </trkpt>
      <trkpt lat="43.706930000" lon="7.302140000">
        <ele>152.000</ele>
      </trkpt>
      <trkpt lat="43.706780000" lon="7.301970000">
        <ele>152.000</ele>
      </trkpt>
      <trkpt lat="43.706580000" lon="7.301700000">
        <ele>152.000</ele>
      </trkpt>
      <trkpt lat="43.706550000" lon="7.301670000">
        <ele>151.000</ele>
      </trkpt>
      <trkpt lat="43.706490000" lon="7.301590000">
        <ele>151.000</ele>
      </trkpt>
      <trkpt lat="43.706420000" lon="7.301510000">
        <ele>151.000</ele>
      </trkpt>
      <trkpt lat="43.706410000" lon="7.301490000">
        <ele>151.000</ele>
      </trkpt>
      <trkpt lat="43.706400000" lon="7.301470000">
        <ele>151.000</ele>
      </trkpt>
      <trkpt lat="43.706330000" lon="7.301390000">
        <ele>151.000</ele>
      </trkpt>
      <trkpt lat="43.706290000" lon="7.301340000">
        <ele>151.000</ele>
      </trkpt>
      <trkpt lat="43.706210000" lon="7.301240000">
        <ele>151.000</ele>
      </trkpt>
      <trkpt lat="43.706070000" lon="7.301070000">
        <ele>151.000</ele>
      </trkpt>
      <trkpt lat="43.706040000" lon="7.301050000">
        <ele>151.000</ele>
      </trkpt>
      <trkpt lat="43.706000000" lon="7.301020000">
        <ele>151.000</ele>
      </trkpt>
      <trkpt lat="43.705940000" lon="7.300990000">
        <ele>151.000</ele>
      </trkpt>
      <trkpt lat="43.705890000" lon="7.300960000">
        <ele>151.000</ele>
      </trkpt>
      <trkpt lat="43.705850000" lon="7.300930000">
        <ele>151.000</ele>
      </trkpt>
      <trkpt lat="43.705820000" lon="7.300890000">
        <ele>151.000</ele>
      </trkpt>
      <trkpt lat="43.705490000" lon="7.300600000">
        <ele>151.000</ele>
      </trkpt>
      <trkpt lat="43.705390000" lon="7.300510000">
        <ele>150.000</ele>
      </trkpt>
      <trkpt lat="43.705280000" lon="7.300400000">
        <ele>150.000</ele>
      </trkpt>
      <trkpt lat="43.705170000" lon="7.300300000">
        <ele>149.000</ele>
      </trkpt>
      <trkpt lat="43.705080000" lon="7.300220000">
        <ele>149.000</ele>
      </trkpt>
      <trkpt lat="43.705040000" lon="7.300180000">
        <ele>148.000</ele>
      </trkpt>
      <trkpt lat="43.704990000" lon="7.300140000">
        <ele>148.000</ele>
      </trkpt>
      <trkpt lat="43.704920000" lon="7.300080000">
        <ele>148.000</ele>
      </trkpt>
      <trkpt lat="43.704860000" lon="7.300020000">
        <ele>147.000</ele>
      </trkpt>
      <trkpt lat="43.704800000" lon="7.299960000">
        <ele>147.000</ele>
      </trkpt>
      <trkpt lat="43.704720000" lon="7.299890000">
        <ele>146.000</ele>
      </trkpt>
      <trkpt lat="43.704500000" lon="7.299690000">
        <ele>146.000</ele>
      </trkpt>
      <trkpt lat="43.704370000" lon="7.299570000">
        <ele>145.000</ele>
      </trkpt>
      <trkpt lat="43.704240000" lon="7.299450000">
        <ele>144.000</ele>
      </trkpt>
      <trkpt lat="43.704090000" lon="7.299310000">
        <ele>143.000</ele>
      </trkpt>
      <trkpt lat="43.703170000" lon="7.298510000">
        <ele>141.000</ele>
      </trkpt>
      <trkpt lat="43.703170000" lon="7.298510000">
        <ele>139.000</ele>
      </trkpt>
      <trkpt lat="43.703000000" lon="7.298370000">
        <ele>138.000</ele>
      </trkpt>
      <trkpt lat="43.702610000" lon="7.298020000">
        <ele>137.000</ele>
      </trkpt>
      <trkpt lat="43.702500000" lon="7.297920000">
        <ele>136.000</ele>
      </trkpt>
      <trkpt lat="43.702440000" lon="7.297870000">
        <ele>135.000</ele>
      </trkpt>
      <trkpt lat="43.702310000" lon="7.297750000">
        <ele>134.000</ele>
      </trkpt>
      <trkpt lat="43.702240000" lon="7.297690000">
        <ele>133.000</ele>
      </trkpt>
      <trkpt lat="43.702120000" lon="7.297590000">
        <ele>132.000</ele>
      </trkpt>
      <trkpt lat="43.701640000" lon="7.297210000">
        <ele>131.000</ele>
      </trkpt>
      <trkpt lat="43.701160000" lon="7.296830000">
        <ele>128.000</ele>
      </trkpt>
      <trkpt lat="43.700800000" lon="7.296550000">
        <ele>125.000</ele>
      </trkpt>
      <trkpt lat="43.700540000" lon="7.296350000">
        <ele>122.000</ele>
      </trkpt>
      <trkpt lat="43.700430000" lon="7.296280000">
        <ele>120.000</ele>
      </trkpt>
      <trkpt lat="43.700260000" lon="7.296180000">
        <ele>118.000</ele>
      </trkpt>
      <trkpt lat="43.700130000" lon="7.296120000">
        <ele>116.000</ele>
      </trkpt>
      <trkpt lat="43.700020000" lon="7.296070000">
        <ele>114.000</ele>
      </trkpt>
      <trkpt lat="43.699900000" lon="7.296030000">
        <ele>113.000</ele>
      </trkpt>
      <trkpt lat="43.699810000" lon="7.295990000">
        <ele>111.000</ele>
      </trkpt>
      <trkpt lat="43.699730000" lon="7.295960000">
        <ele>110.000</ele>
      </trkpt>
      <trkpt lat="43.699290000" lon="7.295780000">
        <ele>108.000</ele>
      </trkpt>
      <trkpt lat="43.699030000" lon="7.295680000">
        <ele>106.000</ele>
      </trkpt>
      <trkpt lat="43.698930000" lon="7.295640000">
        <ele>105.000</ele>
      </trkpt>
      <trkpt lat="43.698680000" lon="7.295540000">
        <ele>103.000</ele>
      </trkpt>
      <trkpt lat="43.698600000" lon="7.295510000">
        <ele>102.000</ele>
      </trkpt>
      <trkpt lat="43.698550000" lon="7.295490000">
        <ele>102.000</ele>
      </trkpt>
      <trkpt lat="43.698420000" lon="7.295440000">
        <ele>101.000</ele>
      </trkpt>
      <trkpt lat="43.698160000" lon="7.295320000">
        <ele>100.000</ele>
      </trkpt>
      <trkpt lat="43.698050000" lon="7.295270000">
        <ele>99.000</ele>
      </trkpt>
      <trkpt lat="43.698020000" lon="7.295260000">
        <ele>99.000</ele>
      </trkpt>
      <trkpt lat="43.698000000" lon="7.295260000">
        <ele>98.000</ele>
      </trkpt>
      <trkpt lat="43.697900000" lon="7.295220000">
        <ele>98.000</ele>
      </trkpt>
      <trkpt lat="43.697660000" lon="7.295120000">
        <ele>97.000</ele>
      </trkpt>
      <trkpt lat="43.697540000" lon="7.295070000">
        <ele>97.000</ele>
      </trkpt>
      <trkpt lat="43.697460000" lon="7.295030000">
        <ele>96.000</ele>
      </trkpt>
      <trkpt lat="43.697370000" lon="7.294950000">
        <ele>95.000</ele>
      </trkpt>
      <trkpt lat="43.697280000" lon="7.294790000">
        <ele>94.000</ele>
      </trkpt>
      <trkpt lat="43.697250000" lon="7.294680000">
        <ele>94.000</ele>
      </trkpt>
      <trkpt lat="43.697220000" lon="7.294570000">
        <ele>93.000</ele>
      </trkpt>
      <trkpt lat="43.697220000" lon="7.294530000">
        <ele>92.000</ele>
      </trkpt>
      <trkpt lat="43.697220000" lon="7.294430000">
        <ele>92.000</ele>
      </trkpt>
      <trkpt lat="43.697240000" lon="7.294250000">
        <ele>91.000</ele>
      </trkpt>
      <trkpt lat="43.697300000" lon="7.294110000">
        <ele>90.000</ele>
      </trkpt>
      <trkpt lat="43.697370000" lon="7.294000000">
        <ele>89.000</ele>
      </trkpt>
      <trkpt lat="43.697460000" lon="7.293920000">
        <ele>88.000</ele>
      </trkpt>
      <trkpt lat="43.697550000" lon="7.293870000">
        <ele>87.000</ele>
      </trkpt>
      <trkpt lat="43.697700000" lon="7.293840000">
        <ele>86.000</ele>
      </trkpt>
      <trkpt lat="43.698050000" lon="7.293840000">
        <ele>85.000</ele>
      </trkpt>
      <trkpt lat="43.698390000" lon="7.293840000">
        <ele>83.000</ele>
      </trkpt>
      <trkpt lat="43.698740000" lon="7.293830000">
        <ele>81.000</ele>
      </trkpt>
      <trkpt lat="43.698930000" lon="7.293830000">
        <ele>79.000</ele>
      </trkpt>
      <trkpt lat="43.698990000" lon="7.293830000">
        <ele>78.000</ele>
      </trkpt>
      <trkpt lat="43.699130000" lon="7.293830000">
        <ele>77.000</ele>
      </trkpt>
      <trkpt lat="43.699360000" lon="7.293830000">
        <ele>75.000</ele>
      </trkpt>
      <trkpt lat="43.699530000" lon="7.293850000">
        <ele>74.000</ele>
      </trkpt>
      <trkpt lat="43.699640000" lon="7.293860000">
        <ele>73.000</ele>
      </trkpt>
      <trkpt lat="43.699750000" lon="7.293890000">
        <ele>73.000</ele>
      </trkpt>
      <trkpt lat="43.699920000" lon="7.293950000">
        <ele>72.000</ele>
      </trkpt>
      <trkpt lat="43.700190000" lon="7.294040000">
        <ele>71.000</ele>
      </trkpt>
      <trkpt lat="43.700470000" lon="7.294150000">
        <ele>69.000</ele>
      </trkpt>
      <trkpt lat="43.700610000" lon="7.294200000">
        <ele>68.000</ele>
      </trkpt>
      <trkpt lat="43.700640000" lon="7.294210000">
        <ele>67.000</ele>
      </trkpt>
      <trkpt lat="43.700690000" lon="7.294230000">
        <ele>67.000</ele>
      </trkpt>
      <trkpt lat="43.700730000" lon="7.294240000">
        <ele>66.000</ele>
      </trkpt>
      <trkpt lat="43.700780000" lon="7.294260000">
        <ele>66.000</ele>
      </trkpt>
      <trkpt lat="43.700830000" lon="7.294280000">
        <ele>66.000</ele>
      </trkpt>
      <trkpt lat="43.700870000" lon="7.294300000">
        <ele>65.000</ele>
      </trkpt>
      <trkpt lat="43.701210000" lon="7.294420000">
        <ele>64.000</ele>
      </trkpt>
      <trkpt lat="43.701610000" lon="7.294580000">
        <ele>63.000</ele>
      </trkpt>
      <trkpt lat="43.701760000" lon="7.294640000">
        <ele>62.000</ele>
      </trkpt>
      <trkpt lat="43.701840000" lon="7.294670000">
        <ele>61.000</ele>
      </trkpt>
      <trkpt lat="43.701940000" lon="7.294690000">
        <ele>60.000</ele>
      </trkpt>
      <trkpt lat="43.701970000" lon="7.294700000">
        <ele>59.000</ele>
      </trkpt>
      <trkpt lat="43.702010000" lon="7.294700000">
        <ele>59.000</ele>
      </trkpt>
      <trkpt lat="43.702080000" lon="7.294690000">
        <ele>58.000</ele>
      </trkpt>
      <trkpt lat="43.702160000" lon="7.294660000">
        <ele>58.000</ele>
      </trkpt>
      <trkpt lat="43.702220000" lon="7.294620000">
        <ele>57.000</ele>
      </trkpt>
      <trkpt lat="43.702280000" lon="7.294570000">
        <ele>57.000</ele>
      </trkpt>
      <trkpt lat="43.702330000" lon="7.294520000">
        <ele>56.000</ele>
      </trkpt>
      <trkpt lat="43.702360000" lon="7.294460000">
        <ele>56.000</ele>
      </trkpt>
      <trkpt lat="43.702400000" lon="7.294390000">
        <ele>55.000</ele>
      </trkpt>
      <trkpt lat="43.702430000" lon="7.294300000">
        <ele>55.000</ele>
      </trkpt>
      <trkpt lat="43.702460000" lon="7.294210000">
        <ele>54.000</ele>
      </trkpt>
      <trkpt lat="43.702460000" lon="7.294130000">
        <ele>53.000</ele>
      </trkpt>
      <trkpt lat="43.702460000" lon="7.294020000">
        <ele>53.000</ele>
      </trkpt>
      <trkpt lat="43.702440000" lon="7.293870000">
        <ele>52.000</ele>
      </trkpt>
      <trkpt lat="43.702390000" lon="7.293750000">
        <ele>51.000</ele>
      </trkpt>
      <trkpt lat="43.702320000" lon="7.293630000">
        <ele>51.000</ele>
      </trkpt>
      <trkpt lat="43.702160000" lon="7.293420000">
        <ele>49.000</ele>
      </trkpt>
      <trkpt lat="43.702120000" lon="7.293370000">
        <ele>49.000</ele>
      </trkpt>
      <trkpt lat="43.702000000" lon="7.293210000">
        <ele>47.000</ele>
      </trkpt>
      <trkpt lat="43.701880000" lon="7.293060000">
        <ele>46.000</ele>
      </trkpt>
      <trkpt lat="43.701490000" lon="7.292550000">
        <ele>44.000</ele>
      </trkpt>
      <trkpt lat="43.701370000" lon="7.292380000">
        <ele>42.000</ele>
      </trkpt>
      <trkpt lat="43.701310000" lon="7.292270000">
        <ele>41.000</ele>
      </trkpt>
      <trkpt lat="43.701260000" lon="7.292130000">
        <ele>39.000</ele>
      </trkpt>
      <trkpt lat="43.701220000" lon="7.291970000">
        <ele>38.000</ele>
      </trkpt>
      <trkpt lat="43.701200000" lon="7.291820000">
        <ele>37.000</ele>
      </trkpt>
      <trkpt lat="43.701200000" lon="7.291570000">
        <ele>36.000</ele>
      </trkpt>
      <trkpt lat="43.701200000" lon="7.291570000">
        <ele>35.000</ele>
      </trkpt>
      <trkpt lat="43.701190000" lon="7.291180000">
        <ele>34.000</ele>
      </trkpt>
      <trkpt lat="43.701190000" lon="7.291010000">
        <ele>33.000</ele>
      </trkpt>
      <trkpt lat="43.701170000" lon="7.290900000">
        <ele>32.000</ele>
      </trkpt>
      <trkpt lat="43.701120000" lon="7.290610000">
        <ele>30.000</ele>
      </trkpt>
      <trkpt lat="43.701080000" lon="7.290400000">
        <ele>29.000</ele>
      </trkpt>
      <trkpt lat="43.701030000" lon="7.290170000">
        <ele>28.000</ele>
      </trkpt>
      <trkpt lat="43.700990000" lon="7.290020000">
        <ele>27.000</ele>
      </trkpt>
      <trkpt lat="43.700960000" lon="7.289930000">
        <ele>26.000</ele>
      </trkpt>
      <trkpt lat="43.700930000" lon="7.289880000">
        <ele>26.000</ele>
      </trkpt>
      <trkpt lat="43.700860000" lon="7.289750000">
        <ele>25.000</ele>
      </trkpt>
      <trkpt lat="43.700850000" lon="7.289730000">
        <ele>25.000</ele>
      </trkpt>
      <trkpt lat="43.700730000" lon="7.289560000">
        <ele>24.000</ele>
      </trkpt>
      <trkpt lat="43.700510000" lon="7.289260000">
        <ele>23.000</ele>
      </trkpt>
      <trkpt lat="43.700380000" lon="7.289060000">
        <ele>22.000</ele>
      </trkpt>
      <trkpt lat="43.700360000" lon="7.289000000">
        <ele>21.000</ele>
      </trkpt>
      <trkpt lat="43.700330000" lon="7.288950000">
        <ele>21.000</ele>
      </trkpt>
      <trkpt lat="43.700270000" lon="7.288810000">
        <ele>20.000</ele>
      </trkpt>
      <trkpt lat="43.700230000" lon="7.288640000">
        <ele>20.000</ele>
      </trkpt>
      <trkpt lat="43.700200000" lon="7.288460000">
        <ele>19.000</ele>
      </trkpt>
      <trkpt lat="43.700200000" lon="7.288300000">
        <ele>19.000</ele>
      </trkpt>
      <trkpt lat="43.700210000" lon="7.288150000">
        <ele>18.000</ele>
      </trkpt>
      <trkpt lat="43.700220000" lon="7.288040000">
        <ele>18.000</ele>
      </trkpt>
      <trkpt lat="43.700240000" lon="7.287960000">
        <ele>17.000</ele>
      </trkpt>
      <trkpt lat="43.700250000" lon="7.287920000">
        <ele>17.000</ele>
      </trkpt>
      <trkpt lat="43.700260000" lon="7.287870000">
        <ele>17.000</ele>
      </trkpt>
      <trkpt lat="43.700270000" lon="7.287850000">
        <ele>16.000</ele>
      </trkpt>
      <trkpt lat="43.700300000" lon="7.287770000">
        <ele>16.000</ele>
      </trkpt>
      <trkpt lat="43.700400000" lon="7.287600000">
        <ele>16.000</ele>
      </trkpt>
      <trkpt lat="43.700430000" lon="7.287630000">
        <ele>16.000</ele>
      </trkpt>
      <trkpt lat="43.700460000" lon="7.287650000">
        <ele>16.000</ele>
      </trkpt>
      <trkpt lat="43.700500000" lon="7.287650000">
        <ele>16.000</ele>
      </trkpt>
      <trkpt lat="43.700520000" lon="7.287640000">
        <ele>16.000</ele>
      </trkpt>
      <trkpt lat="43.700540000" lon="7.287630000">
        <ele>16.000</ele>
      </trkpt>
      <trkpt lat="43.700560000" lon="7.287600000">
        <ele>16.000</ele>
      </trkpt>
      <trkpt lat="43.700570000" lon="7.287560000">
        <ele>16.000</ele>
      </trkpt>
      <trkpt lat="43.700580000" lon="7.287520000">
        <ele>16.000</ele>
      </trkpt>
      <trkpt lat="43.700570000" lon="7.287480000">
        <ele>16.000</ele>
      </trkpt>
      <trkpt lat="43.700560000" lon="7.287440000">
        <ele>16.000</ele>
      </trkpt>
      <trkpt lat="43.700540000" lon="7.287420000">
        <ele>16.000</ele>
      </trkpt>
      <trkpt lat="43.700530000" lon="7.287410000">
        <ele>16.000</ele>
      </trkpt>
      <trkpt lat="43.700500000" lon="7.287390000">
        <ele>16.000</ele>
      </trkpt>
      <trkpt lat="43.700480000" lon="7.287390000">
        <ele>16.000</ele>
      </trkpt>
      <trkpt lat="43.700450000" lon="7.287400000">
        <ele>16.000</ele>
      </trkpt>
      <trkpt lat="43.700420000" lon="7.287300000">
        <ele>16.000</ele>
      </trkpt>
      <trkpt lat="43.700410000" lon="7.287210000">
        <ele>16.000</ele>
      </trkpt>
      <trkpt lat="43.700410000" lon="7.287160000">
        <ele>16.000</ele>
      </trkpt>
      <trkpt lat="43.700410000" lon="7.287100000">
        <ele>17.000</ele>
      </trkpt>
      <trkpt lat="43.700430000" lon="7.286810000">
        <ele>17.000</ele>
      </trkpt>
      <trkpt lat="43.700430000" lon="7.286770000">
        <ele>17.000</ele>
      </trkpt>
      <trkpt lat="43.700440000" lon="7.286690000">
        <ele>17.000</ele>
      </trkpt>
      <trkpt lat="43.700370000" lon="7.286670000">
        <ele>17.000</ele>
      </trkpt>
      <trkpt lat="43.700080000" lon="7.286630000">
        <ele>17.000</ele>
      </trkpt>
      <trkpt lat="43.699860000" lon="7.286590000">
        <ele>18.000</ele>
      </trkpt>
      <trkpt lat="43.699820000" lon="7.286590000">
        <ele>18.000</ele>
      </trkpt>
      <trkpt lat="43.699760000" lon="7.286580000">
        <ele>18.000</ele>
      </trkpt>
      <trkpt lat="43.699700000" lon="7.286570000">
        <ele>18.000</ele>
      </trkpt>
      <trkpt lat="43.699190000" lon="7.286480000">
        <ele>17.000</ele>
      </trkpt>
      <trkpt lat="43.699160000" lon="7.286470000">
        <ele>16.000</ele>
      </trkpt>
      <trkpt lat="43.699090000" lon="7.286460000">
        <ele>16.000</ele>
      </trkpt>
      <trkpt lat="43.699030000" lon="7.286450000">
        <ele>15.000</ele>
      </trkpt>
      <trkpt lat="43.698800000" lon="7.286410000">
        <ele>14.000</ele>
      </trkpt>
      <trkpt lat="43.698710000" lon="7.286390000">
        <ele>14.000</ele>
      </trkpt>
      <trkpt lat="43.698660000" lon="7.286390000">
        <ele>13.000</ele>
      </trkpt>
      <trkpt lat="43.698560000" lon="7.286370000">
        <ele>13.000</ele>
      </trkpt>
      <trkpt lat="43.698530000" lon="7.286310000">
        <ele>12.000</ele>
      </trkpt>
      <trkpt lat="43.698520000" lon="7.286240000">
        <ele>12.000</ele>
      </trkpt>
      <trkpt lat="43.698520000" lon="7.286100000">
        <ele>11.000</ele>
      </trkpt>
      <trkpt lat="43.698540000" lon="7.286060000">
        <ele>11.000</ele>
      </trkpt>
      <trkpt lat="43.698550000" lon="7.286010000">
        <ele>11.000</ele>
      </trkpt>
      <trkpt lat="43.698550000" lon="7.285980000">
        <ele>10.000</ele>
      </trkpt>
      <trkpt lat="43.698590000" lon="7.285610000">
        <ele>10.000</ele>
      </trkpt>
      <trkpt lat="43.698590000" lon="7.285560000">
        <ele>9.000</ele>
      </trkpt>
      <trkpt lat="43.698590000" lon="7.285520000">
        <ele>9.000</ele>
      </trkpt>
      <trkpt lat="43.698590000" lon="7.285370000">
        <ele>9.000</ele>
      </trkpt>
      <trkpt lat="43.698590000" lon="7.285320000">
        <ele>9.000</ele>
      </trkpt>
      <trkpt lat="43.698600000" lon="7.285140000">
        <ele>9.000</ele>
      </trkpt>
      <trkpt lat="43.698610000" lon="7.285020000">
        <ele>9.000</ele>
      </trkpt>
      <trkpt lat="43.698620000" lon="7.284960000">
        <ele>9.000</ele>
      </trkpt>
      <trkpt lat="43.698640000" lon="7.284900000">
        <ele>9.000</ele>
      </trkpt>
      <trkpt lat="43.698660000" lon="7.284770000">
        <ele>9.000</ele>
      </trkpt>
      <trkpt lat="43.698670000" lon="7.284600000">
        <ele>9.000</ele>
      </trkpt>
      <trkpt lat="43.698710000" lon="7.284240000">
        <ele>9.000</ele>
      </trkpt>
      <trkpt lat="43.698710000" lon="7.284180000">
        <ele>9.000</ele>
      </trkpt>
      <trkpt lat="43.698750000" lon="7.283970000">
        <ele>9.000</ele>
      </trkpt>
      <trkpt lat="43.698710000" lon="7.283970000">
        <ele>9.000</ele>
      </trkpt>
      <trkpt lat="43.698580000" lon="7.283940000">
        <ele>9.000</ele>
      </trkpt>
      <trkpt lat="43.698470000" lon="7.283790000">
        <ele>9.000</ele>
      </trkpt>
      <trkpt lat="43.698320000" lon="7.283760000">
        <ele>9.000</ele>
      </trkpt>
      <trkpt lat="43.697960000" lon="7.283700000">
        <ele>9.000</ele>
      </trkpt>
      <trkpt lat="43.697750000" lon="7.283660000">
        <ele>9.000</ele>
      </trkpt>
      <trkpt lat="43.697750000" lon="7.283660000">
        <ele>9.000</ele>
      </trkpt>
      <trkpt lat="43.697570000" lon="7.283630000">
        <ele>9.000</ele>
      </trkpt>
      <trkpt lat="43.697530000" lon="7.283620000">
        <ele>9.000</ele>
      </trkpt>
      <trkpt lat="43.697470000" lon="7.283610000">
        <ele>9.000</ele>
      </trkpt>
      <trkpt lat="43.697400000" lon="7.283600000">
        <ele>9.000</ele>
      </trkpt>
      <trkpt lat="43.697030000" lon="7.283540000">
        <ele>9.000</ele>
      </trkpt>
      <trkpt lat="43.696790000" lon="7.283510000">
        <ele>9.000</ele>
      </trkpt>
      <trkpt lat="43.696740000" lon="7.283510000">
        <ele>9.000</ele>
      </trkpt>
      <trkpt lat="43.696640000" lon="7.283500000">
        <ele>9.000</ele>
      </trkpt>
      <trkpt lat="43.696230000" lon="7.283440000">
        <ele>10.000</ele>
      </trkpt>
      <trkpt lat="43.696200000" lon="7.283440000">
        <ele>10.000</ele>
      </trkpt>
      <trkpt lat="43.695730000" lon="7.283360000">
        <ele>10.000</ele>
      </trkpt>
      <trkpt lat="43.695590000" lon="7.283330000">
        <ele>10.000</ele>
      </trkpt>
      <trkpt lat="43.695530000" lon="7.283320000">
        <ele>10.000</ele>
      </trkpt>
      <trkpt lat="43.695440000" lon="7.283300000">
        <ele>11.000</ele>
      </trkpt>
      <trkpt lat="43.695210000" lon="7.283230000">
        <ele>11.000</ele>
      </trkpt>
      <trkpt lat="43.694930000" lon="7.283130000">
        <ele>11.000</ele>
      </trkpt>
      <trkpt lat="43.694620000" lon="7.283020000">
        <ele>11.000</ele>
      </trkpt>
      <trkpt lat="43.694310000" lon="7.282910000">
        <ele>11.000</ele>
      </trkpt>
      <trkpt lat="43.694240000" lon="7.282880000">
        <ele>12.000</ele>
      </trkpt>
      <trkpt lat="43.694110000" lon="7.282800000">
        <ele>12.000</ele>
      </trkpt>
      <trkpt lat="43.694060000" lon="7.282730000">
        <ele>12.000</ele>
      </trkpt>
      <trkpt lat="43.693980000" lon="7.282640000">
        <ele>12.000</ele>
      </trkpt>
      <trkpt lat="43.693800000" lon="7.282400000">
        <ele>12.000</ele>
      </trkpt>
      <trkpt lat="43.693740000" lon="7.282320000">
        <ele>12.000</ele>
      </trkpt>
      <trkpt lat="43.693530000" lon="7.282020000">
        <ele>13.000</ele>
      </trkpt>
      <trkpt lat="43.693340000" lon="7.281720000">
        <ele>13.000</ele>
      </trkpt>
      <trkpt lat="43.693260000" lon="7.281550000">
        <ele>13.000</ele>
      </trkpt>
      <trkpt lat="43.693190000" lon="7.281370000">
        <ele>13.000</ele>
      </trkpt>
      <trkpt lat="43.693160000" lon="7.281260000">
        <ele>13.000</ele>
      </trkpt>
      <trkpt lat="43.693140000" lon="7.281150000">
        <ele>13.000</ele>
      </trkpt>
      <trkpt lat="43.693130000" lon="7.281030000">
        <ele>13.000</ele>
      </trkpt>
      <trkpt lat="43.693140000" lon="7.280920000">
        <ele>13.000</ele>
      </trkpt>
      <trkpt lat="43.693160000" lon="7.280780000">
        <ele>13.000</ele>
      </trkpt>
      <trkpt lat="43.693200000" lon="7.280640000">
        <ele>13.000</ele>
      </trkpt>
      <trkpt lat="43.693370000" lon="7.280120000">
        <ele>13.000</ele>
      </trkpt>
      <trkpt lat="43.693580000" lon="7.279530000">
        <ele>13.000</ele>
      </trkpt>
      <trkpt lat="43.693640000" lon="7.279280000">
        <ele>13.000</ele>
      </trkpt>
      <trkpt lat="43.693670000" lon="7.279210000">
        <ele>13.000</ele>
      </trkpt>
      <trkpt lat="43.693720000" lon="7.279170000">
        <ele>13.000</ele>
      </trkpt>
      <trkpt lat="43.693770000" lon="7.279150000">
        <ele>12.000</ele>
      </trkpt>
      <trkpt lat="43.693820000" lon="7.279140000">
        <ele>12.000</ele>
      </trkpt>
      <trkpt lat="43.694030000" lon="7.279110000">
        <ele>12.000</ele>
      </trkpt>
      <trkpt lat="43.694140000" lon="7.279070000">
        <ele>12.000</ele>
      </trkpt>
      <trkpt lat="43.694200000" lon="7.279050000">
        <ele>12.000</ele>
      </trkpt>
      <trkpt lat="43.694240000" lon="7.279020000">
        <ele>12.000</ele>
      </trkpt>
      <trkpt lat="43.694300000" lon="7.278960000">
        <ele>12.000</ele>
      </trkpt>
      <trkpt lat="43.694380000" lon="7.278840000">
        <ele>11.000</ele>
      </trkpt>
      <trkpt lat="43.694470000" lon="7.278730000">
        <ele>11.000</ele>
      </trkpt>
      <trkpt lat="43.694550000" lon="7.278610000">
        <ele>11.000</ele>
      </trkpt>
      <trkpt lat="43.694610000" lon="7.278490000">
        <ele>11.000</ele>
      </trkpt>
      <trkpt lat="43.694670000" lon="7.278370000">
        <ele>11.000</ele>
      </trkpt>
      <trkpt lat="43.694720000" lon="7.278250000">
        <ele>10.000</ele>
      </trkpt>
      <trkpt lat="43.694760000" lon="7.278120000">
        <ele>10.000</ele>
      </trkpt>
      <trkpt lat="43.694790000" lon="7.277960000">
        <ele>10.000</ele>
      </trkpt>
      <trkpt lat="43.694810000" lon="7.277800000">
        <ele>9.000</ele>
      </trkpt>
      <trkpt lat="43.694920000" lon="7.276940000">
        <ele>9.000</ele>
      </trkpt>
      <trkpt lat="43.694940000" lon="7.276830000">
        <ele>8.000</ele>
      </trkpt>
      <trkpt lat="43.695000000" lon="7.276370000">
        <ele>7.000</ele>
      </trkpt>
      <trkpt lat="43.695040000" lon="7.275900000">
        <ele>6.000</ele>
      </trkpt>
      <trkpt lat="43.695140000" lon="7.274840000">
        <ele>6.000</ele>
      </trkpt>
      <trkpt lat="43.695160000" lon="7.274310000">
        <ele>7.000</ele>
      </trkpt>
      <trkpt lat="43.695170000" lon="7.274030000">
        <ele>7.000</ele>
      </trkpt>
      <trkpt lat="43.695160000" lon="7.273420000">
        <ele>7.000</ele>
      </trkpt>
      <trkpt lat="43.695160000" lon="7.272770000">
        <ele>8.000</ele>
      </trkpt>
      <trkpt lat="43.695160000" lon="7.272720000">
        <ele>8.000</ele>
      </trkpt>
      <trkpt lat="43.695150000" lon="7.272140000">
        <ele>9.000</ele>
      </trkpt>
      <trkpt lat="43.695140000" lon="7.271550000">
        <ele>10.000</ele>
      </trkpt>
      <trkpt lat="43.695160000" lon="7.271330000">
        <ele>10.000</ele>
      </trkpt>
      <trkpt lat="43.695160000" lon="7.271020000">
        <ele>11.000</ele>
      </trkpt>
      <trkpt lat="43.695160000" lon="7.270940000">
        <ele>11.000</ele>
      </trkpt>
      <trkpt lat="43.695150000" lon="7.270850000">
        <ele>11.000</ele>
      </trkpt>
      <trkpt lat="43.695150000" lon="7.270800000">
        <ele>11.000</ele>
      </trkpt>
      <trkpt lat="43.695150000" lon="7.270750000">
        <ele>11.000</ele>
      </trkpt>
      <trkpt lat="43.695150000" lon="7.270690000">
        <ele>11.000</ele>
      </trkpt>
      <trkpt lat="43.695140000" lon="7.270290000">
        <ele>11.000</ele>
      </trkpt>
      <trkpt lat="43.695140000" lon="7.269730000">
        <ele>10.000</ele>
      </trkpt>
      <trkpt lat="43.695140000" lon="7.269680000">
        <ele>9.000</ele>
      </trkpt>
      <trkpt lat="43.695140000" lon="7.269330000">
        <ele>9.000</ele>
      </trkpt>
      <trkpt lat="43.695140000" lon="7.269270000">
        <ele>8.000</ele>
      </trkpt>
      <trkpt lat="43.695140000" lon="7.269100000">
        <ele>8.000</ele>
      </trkpt>
      <trkpt lat="43.695100000" lon="7.268110000">
        <ele>7.000</ele>
      </trkpt>
      <trkpt lat="43.695090000" lon="7.267830000">
        <ele>6.000</ele>
      </trkpt>
      <trkpt lat="43.695070000" lon="7.267390000">
        <ele>5.000</ele>
      </trkpt>
    </trkseg>
  </trk>
</gpx>
